pf,winrate,max_dd,max_dd_pct,total_pnl,avg_holding_seconds,trade_count,max_consecutive_losses,max_consecutive_wins,expectancy,payoff_ratio,strategy_name,symbol,timeframe,sig_type,category,tp_display,sl_display,session,has_lowvol,has_breakeven,has_trailing,max_bars,avg_hold_min,pnl_tokyo,trades_tokyo,pnl_london,trades_london,pnl_newyork,trades_newyork
0.6603,43.63,17.53,0.02,-17.36,64.2,1657,15,7,-0.0105,0.8529,momentum_565d63e9,EURJPY,M1,momentum,trend_follow,7p,7p,london,False,False,True,15,1.1,-3.9,369,-13.47,1288,0.0,0
1.1085,46.15,0.79,0.0,0.31,316.2,52,6,6,0.006,1.2933,atr_break_bc18667d,EURJPY,M1,atr_break,breakout,ATR×2.0,ATR×1.5,newyork,True,False,True,15,5.3,0.0,0,0.65,21,-0.33,31
0.7735,52.77,9.46,0.01,-9.16,89.6,1192,9,9,-0.0077,0.6924,bb_bounce_bdb95394,EURJPY,M1,bb_bounce,mean_reversion,7p,15p,newyork,True,True,False,0,1.5,0.0,0,-4.48,410,-4.68,782
0.761,46.38,9.59,0.01,-8.92,82.2,1104,9,9,-0.0081,0.8799,momentum_14eb2ab9,EURJPY,M1,momentum,trend_follow,10p,10p,newyork,True,True,False,15,1.4,0.0,0,-4.16,340,-4.77,764
0.8898,51.67,1.61,0.0,-1.0,78.1,329,5,6,-0.003,0.8322,donchian_break_9452ff3b,EURJPY,M1,donchian_break,breakout,5p,15p,newyork,False,True,False,15,1.3,0.0,0,-0.31,99,-0.69,230
0.7266,47.47,3.09,0.0,-2.48,61.6,297,9,6,-0.0084,0.8038,consecutive_reversal_fbc95605,EURJPY,M1,consecutive_reversal,mean_reversion,5p,5p,london,True,True,True,60,1.0,-0.58,59,-1.9,238,0.0,0
0.7098,46.23,3.06,0.0,-2.48,66.6,292,8,5,-0.0085,0.8255,bb_bounce_9a45141f,EURJPY,M1,bb_bounce,mean_reversion,5p,10p,london,False,True,True,0,1.1,0.5,67,-2.98,225,0.0,0
0.8852,47.88,1.21,0.0,-0.67,65.6,236,5,7,-0.0028,0.9635,donchian_break_583619f4,EURJPY,M1,donchian_break,breakout,5p,10p,newyork,True,False,True,15,1.1,0.0,0,-0.69,73,0.03,163
0.715,47.78,7.81,0.01,-7.49,78.6,835,9,14,-0.009,0.7813,momentum_94c5f56c,EURJPY,M1,momentum,trend_follow,5p,15p,newyork,True,False,True,15,1.3,0.0,0,-3.97,262,-3.51,573
0.3908,25.81,1.74,0.0,-1.64,402.6,31,15,4,-0.0529,1.1235,hilo_break_6b37932e,EURJPY,M1,hilo_break,breakout,ATR×2.0,ATR×1.0,london,True,False,False,15,6.7,-0.78,6,-0.86,25,0.0,0
0.7462,52.52,13.12,0.01,-12.79,341.0,813,11,8,-0.0157,0.6745,bb_bounce_85b5e846,EURJPY,M1,bb_bounce,mean_reversion,ATR×3.0,ATR×1.5,newyork,True,True,False,0,5.7,0.0,0,-8.97,275,-3.82,538
0.7501,47.05,9.87,0.01,-9.24,61.0,1320,8,8,-0.007,0.8443,momentum_3e6f33fe,EURJPY,M1,momentum,trend_follow,5p,5p,newyork,False,True,False,0,1.0,0.0,0,-5.43,432,-3.81,888
0.0,0.0,0.0,0.0,0.0,0.0,0,0,0,0.0,0.0,atr_break_59710d81,EURJPY,M1,atr_break,breakout,20p,7p,newyork,False,True,False,30,0.0,0.0,0,0.0,0,0.0,0
0.8759,39.67,3.62,0.0,-1.52,629.3,121,8,5,-0.0125,1.3321,donchian_break_aa78ac59,EURJPY,M1,donchian_break,breakout,ATR×2.0,ATR×1.5,london,True,False,False,60,10.5,0.17,28,-1.69,93,0.0,0
0.772,41.96,17.51,0.02,-16.88,80.7,2240,12,8,-0.0075,1.0677,momentum_374e51bd,EURJPY,M1,momentum,trend_follow,15p,7p,newyork,False,False,True,30,1.3,0.0,0,-5.67,744,-11.21,1496
0.7608,45.4,18.01,0.02,-17.51,65.0,2467,10,8,-0.0071,0.915,wick_reversal_f8fd7397,EURJPY,M1,wick_reversal,mean_reversion,7p,7p,london,True,True,True,30,1.1,-3.33,498,-14.19,1969,0.0,0
1.2123,54.02,0.79,0.0,1.61,186.6,174,5,9,0.0093,1.0318,hilo_break_87aaa6e6,EURJPY,M1,hilo_break,breakout,15p,15p,newyork,True,False,False,0,3.1,0.0,0,-0.33,55,1.94,119
0.2937,24.56,1.88,0.0,-1.74,78.9,57,7,2,-0.0305,0.902,hilo_break_18bd290e,EURJPY,M1,hilo_break,breakout,20p,7p,london,False,True,True,15,1.3,-0.45,11,-1.29,46,0.0,0
0.715,46.53,3.81,0.0,-3.41,64.8,389,9,6,-0.0088,0.8217,hilo_break_7b9ecbba,EURJPY,M1,hilo_break,breakout,7p,7p,london,False,False,False,30,1.1,-0.73,92,-2.68,297,0.0,0
0.7115,36.25,1.37,0.0,-1.02,85.5,80,9,5,-0.0128,1.2513,atr_break_0c93eb91,EURJPY,M1,atr_break,breakout,20p,7p,newyork,False,False,True,60,1.4,0.0,0,-0.34,29,-0.69,51
0.9947,52.99,1.46,0.0,-0.06,86.2,334,10,10,-0.0002,0.8823,bb_bounce_f6c18e9f,EURJPY,M1,bb_bounce,mean_reversion,10p,10p,london,True,False,True,15,1.4,-0.12,78,0.06,256,0.0,0
0.6866,44.32,6.33,0.01,-5.73,78.2,546,10,7,-0.0105,0.8625,consecutive_reversal_348ac3fe,EURJPY,M1,consecutive_reversal,mean_reversion,10p,10p,newyork,True,True,True,30,1.3,0.0,0,-0.6,171,-5.12,375
0.74,24.28,13.7,0.01,-11.94,387.1,593,20,5,-0.0201,2.3074,momentum_bc2fdece,EURJPY,M1,momentum,trend_follow,ATR×2.0,ATR×1.0,newyork,True,False,False,0,6.5,0.0,0,-2.02,182,-9.91,411
0.752,49.72,22.46,0.02,-21.9,77.6,2836,11,10,-0.0077,0.7605,rsi_reversal_07abdf76,EURJPY,M1,rsi_reversal,mean_reversion,5p,15p,london,False,False,True,0,1.3,-2.6,627,-19.3,2209,0.0,0
0.0,0.0,0.0,0.0,0.0,0.0,0,0,0,0.0,0.0,atr_break_09dc520d,EURJPY,M1,atr_break,breakout,ATR×2.0,ATR×1.5,newyork,True,False,True,30,0.0,0.0,0,0.0,0,0.0,0
0.8133,50.79,0.57,0.0,-0.37,84.8,63,4,4,-0.0058,0.7879,hilo_break_de8ce1e8,EURJPY,M1,hilo_break,breakout,7p,15p,newyork,False,True,True,30,1.4,0.0,0,-0.39,23,0.02,40
0.8593,42.18,12.27,0.01,-10.78,325.7,1228,15,7,-0.0088,1.1778,wick_reversal_bfe6a5b6,EURJPY,M1,wick_reversal,mean_reversion,ATR×2.0,ATR×1.5,newyork,True,False,True,60,5.4,0.0,0,1.93,408,-12.71,820
0.8649,53.98,5.12,0.01,-3.34,211.1,502,8,8,-0.0067,0.7373,consecutive_reversal_11e4c9d4,EURJPY,M1,consecutive_reversal,mean_reversion,ATR×2.0,ATR×1.5,newyork,True,False,True,60,3.5,0.0,0,-0.47,159,-2.87,343
0.7844,44.24,4.38,0.0,-4.03,189.3,382,9,6,-0.0106,0.9886,bb_bounce_544a855c,EURJPY,M1,bb_bounce,mean_reversion,ATR×2.0,ATR×1.0,newyork,True,True,False,30,3.2,0.0,0,-1.73,127,-2.31,255
0.7982,47.88,32.15,0.03,-31.49,153.3,3214,14,10,-0.0098,0.8688,wick_reversal_45a9dde1,EURJPY,M1,wick_reversal,mean_reversion,15p,15p,newyork,False,False,True,15,2.6,0.0,0,-11.5,1063,-19.99,2151
0.7942,47.35,2.38,0.0,-1.72,60.4,302,6,7,-0.0057,0.8831,hilo_break_cd04a77b,EURJPY,M1,hilo_break,breakout,5p,5p,newyork,True,True,True,0,1.0,0.0,0,-1.2,93,-0.51,209
0.6788,46.63,2.54,0.0,-1.97,75.2,193,7,6,-0.0102,0.7768,donchian_break_6294def8,EURJPY,M1,donchian_break,breakout,5p,15p,london,True,False,True,0,1.3,-0.69,44,-1.28,149,0.0,0
0.7489,45.7,18.83,0.02,-18.66,65.0,2486,18,9,-0.0075,0.89,wick_reversal_20d923be,EURJPY,M1,wick_reversal,mean_reversion,7p,7p,newyork,True,False,True,60,1.1,0.0,0,-6.89,817,-11.77,1669
0.8098,53.51,5.86,0.01,-5.52,88.2,927,9,12,-0.006,0.7037,bb_bounce_7f421667,EURJPY,M1,bb_bounce,mean_reversion,7p,15p,london,False,True,True,30,1.5,0.81,209,-6.33,718,0.0,0
0.9237,46.74,7.39,0.01,-5.7,176.6,1688,13,7,-0.0034,1.0525,wick_reversal_75cb866d,EURJPY,M1,wick_reversal,mean_reversion,ATR×1.5,ATR×1.0,london,True,True,True,15,2.9,2.28,353,-7.98,1335,0.0,0
0.7869,46.2,16.51,0.02,-16.32,149.3,1777,10,7,-0.0092,0.9163,wick_reversal_8a9879f0,EURJPY,M1,wick_reversal,mean_reversion,ATR×1.5,ATR×1.0,london,True,True,True,0,2.5,-3.69,373,-12.63,1404,0.0,0
0.6696,40.44,14.6,0.01,-14.26,76.0,1308,12,9,-0.0109,0.986,momentum_0c399adc,EURJPY,M1,momentum,trend_follow,15p,5p,london,False,False,True,15,1.3,-4.75,324,-9.52,984,0.0,0
0.0,0.0,0.0,0.0,0.0,0.0,0,0,0,0.0,0.0,atr_break_fc3e99c1,EURJPY,M1,atr_break,breakout,ATR×1.5,ATR×1.0,newyork,True,False,False,0,0.0,0.0,0,0.0,0,0.0,0
0.6512,44.44,3.21,0.0,-2.51,60.8,234,8,6,-0.0107,0.814,donchian_break_202ccf14,EURJPY,M1,donchian_break,breakout,5p,5p,london,True,True,False,0,1.0,-0.83,58,-1.68,176,0.0,0
0.8631,45.05,11.45,0.01,-10.44,195.8,1565,14,7,-0.0067,1.0529,wick_reversal_73524a68,EURJPY,M1,wick_reversal,mean_reversion,ATR×2.0,ATR×1.0,newyork,True,True,False,15,3.3,0.0,0,-4.01,500,-6.42,1065
0.8064,52.29,29.58,0.03,-26.96,224.9,2798,10,10,-0.0096,0.7358,wick_reversal_4653c98b,EURJPY,M1,wick_reversal,mean_reversion,ATR×2.0,ATR×1.5,newyork,False,False,True,60,3.7,0.0,0,-15.03,938,-11.93,1860
0.7872,48.24,21.86,0.02,-20.33,137.5,2106,15,8,-0.0097,0.8446,wick_reversal_08d8cfad,EURJPY,M1,wick_reversal,mean_reversion,15p,15p,newyork,True,True,True,15,2.3,0.0,0,-7.24,683,-13.09,1423
0.9922,35.85,2.15,0.0,-0.05,322.6,106,17,5,-0.0005,1.7756,bb_bounce_fb1be8d0,EURJPY,M1,bb_bounce,mean_reversion,ATR×1.5,ATR×1.0,london,True,False,False,0,5.4,-0.26,19,0.21,87,0.0,0
0.7684,40.83,3.58,0.0,-3.43,74.0,480,14,5,-0.0071,1.1133,bb_bounce_5ff3af50,EURJPY,M1,bb_bounce,mean_reversion,15p,5p,london,True,True,False,30,1.2,-0.24,104,-3.19,376,0.0,0
0.9972,52.52,1.87,0.0,-0.04,117.7,318,10,7,-0.0001,0.9016,bb_bounce_1e29b53a,EURJPY,M1,bb_bounce,mean_reversion,15p,15p,london,True,True,True,15,2.0,-0.03,79,-0.0,239,0.0,0
0.8594,51.72,11.61,0.01,-9.76,76.5,2436,15,10,-0.004,0.8021,wick_reversal_0391bb67,EURJPY,M1,wick_reversal,mean_reversion,5p,15p,london,True,True,True,30,1.3,-1.6,512,-8.16,1924,0.0,0
0.7822,49.48,2.0,0.0,-1.46,90.3,192,7,5,-0.0076,0.7987,wick_reversal_ef517f27,EURJPY,M1,wick_reversal,mean_reversion,7p,15p,london,False,False,True,30,1.5,0.12,36,-1.58,156,0.0,0
0.6485,42.69,9.67,0.01,-9.39,64.3,855,19,9,-0.011,0.8705,momentum_418e123b,EURJPY,M1,momentum,trend_follow,7p,7p,london,True,True,False,15,1.1,-1.35,190,-8.04,665,0.0,0
0.9202,44.22,2.65,0.0,-1.36,186.5,389,9,8,-0.0035,1.1609,bb_bounce_739e9d1f,EURJPY,M1,bb_bounce,mean_reversion,ATR×2.0,ATR×1.0,london,True,True,True,60,3.1,-1.36,82,0.0,307,0.0,0
0.8018,44.23,0.78,0.0,-0.43,122.3,52,3,3,-0.0082,1.0109,atr_break_6903a013,EURJPY,M1,atr_break,breakout,ATR×2.0,ATR×1.0,london,True,True,True,15,2.0,-0.18,12,-0.25,40,0.0,0
0.0,0.0,0.0,0.0,0.0,0.0,0,0,0,0.0,0.0,atr_break_bd398c6a,EURJPY,M1,atr_break,breakout,5p,5p,newyork,True,True,True,0,0.0,0.0,0,0.0,0,0.0,0
0.6791,45.32,13.04,0.01,-12.77,61.4,1346,12,7,-0.0095,0.8193,momentum_93cd0d44,EURJPY,M1,momentum,trend_follow,5p,5p,london,False,True,False,30,1.0,-4.38,332,-8.38,1014,0.0,0
0.7381,44.23,0.94,0.0,-0.51,78.5,52,4,4,-0.0099,0.9307,atr_break_6b3ae993,EURJPY,M1,atr_break,breakout,5p,15p,london,True,True,True,15,1.3,-0.05,12,-0.47,40,0.0,0
0.0,0.0,0.0,0.0,0.0,0.0,0,0,0,0.0,0.0,atr_break_4659fe37,EURJPY,M1,atr_break,breakout,7p,7p,newyork,True,False,True,60,0.0,0.0,0,0.0,0,0.0,0
0.7571,43.96,1.23,0.0,-0.74,65.3,91,6,4,-0.0081,0.9653,atr_break_18d2a8c4,EURJPY,M1,atr_break,breakout,5p,10p,london,False,True,True,15,1.1,-0.04,25,-0.7,66,0.0,0
0.9819,46.67,0.23,0.0,-0.01,64.0,30,4,3,-0.0004,1.1222,hilo_break_d8175b66,EURJPY,M1,hilo_break,breakout,5p,5p,newyork,True,True,False,60,1.1,0.0,0,-0.22,11,0.21,19
0.8506,35.77,13.92,0.01,-10.8,277.2,1124,20,7,-0.0096,1.5276,rsi_reversal_05b14716,EURJPY,M1,rsi_reversal,mean_reversion,ATR×1.5,ATR×1.0,newyork,True,False,False,60,4.6,0.0,0,-8.56,380,-2.23,744
1.0775,57.71,1.76,0.0,1.0,264.2,253,4,9,0.004,0.7896,hilo_break_c5647820,EURJPY,M1,hilo_break,breakout,ATR×2.0,ATR×1.5,newyork,True,True,False,60,4.4,0.0,0,-0.01,78,1.01,175
1.1599,52.19,2.43,0.0,2.96,189.1,433,8,9,0.0068,1.0624,donchian_break_e1610c76,EURJPY,M1,donchian_break,breakout,ATR×1.5,ATR×1.0,newyork,False,True,False,15,3.2,0.0,0,1.03,137,1.93,296
0.1846,24.24,1.19,0.0,-1.19,69.1,33,8,2,-0.0362,0.5767,hilo_break_ce48ca49,EURJPY,M1,hilo_break,breakout,15p,5p,london,True,True,False,15,1.2,-0.3,9,-0.89,24,0.0,0
0.6934,48.35,7.16,0.01,-6.89,79.0,637,7,7,-0.0108,0.7406,bb_bounce_1a152702,EURJPY,M1,bb_bounce,mean_reversion,5p,15p,newyork,False,True,True,15,1.3,0.0,0,0.14,213,-7.03,424
0.7467,46.74,25.49,0.03,-25.25,66.4,3340,11,10,-0.0076,0.8509,rsi_reversal_72a9e3b0,EURJPY,M1,rsi_reversal,mean_reversion,5p,10p,newyork,False,False,True,30,1.1,0.0,0,-9.34,1124,-15.91,2216
0.7042,44.06,11.2,0.01,-11.17,61.0,1305,9,8,-0.0086,0.894,bb_bounce_ccd1411c,EURJPY,M1,bb_bounce,mean_reversion,5p,5p,newyork,True,False,True,15,1.0,0.0,0,-4.47,448,-6.7,857
0.87,28.25,11.91,0.01,-8.82,1179.0,531,12,5,-0.0166,2.2097,rsi_reversal_ad17c837,EURJPY,M1,rsi_reversal,mean_reversion,ATR×3.0,ATR×1.5,newyork,True,False,False,0,19.6,0.0,0,-4.42,184,-4.4,347
0.8482,52.94,1.47,0.0,-0.78,271.2,102,5,5,-0.0076,0.754,bb_bounce_a07ea756,EURJPY,M1,bb_bounce,mean_reversion,ATR×3.0,ATR×1.5,london,True,True,True,60,4.5,1.38,26,-2.16,76,0.0,0
0.0,0.0,0.0,0.0,0.0,0.0,0,0,0,0.0,0.0,atr_break_cb5e1a1c,EURJPY,M1,atr_break,breakout,ATR×2.0,ATR×1.0,newyork,True,True,False,30,0.0,0.0,0,0.0,0,0.0,0
0.9217,41.96,2.57,0.0,-0.82,528.2,112,6,3,-0.0073,1.2747,bb_bounce_815cd7c6,EURJPY,M1,bb_bounce,mean_reversion,ATR×2.0,ATR×1.5,newyork,True,False,False,15,8.8,0.0,0,0.55,32,-1.36,80
0.7773,47.98,11.5,0.01,-10.96,81.7,1482,9,8,-0.0074,0.8429,rsi_reversal_729391cf,EURJPY,M1,rsi_reversal,mean_reversion,10p,10p,london,True,True,False,30,1.4,-0.77,300,-10.19,1182,0.0,0
0.7896,46.82,2.43,0.0,-1.8,64.8,299,8,8,-0.006,0.8967,donchian_break_09a319fc,EURJPY,M1,donchian_break,breakout,7p,7p,newyork,True,True,True,30,1.1,0.0,0,-0.81,94,-0.99,205
0.7515,45.65,7.22,0.01,-6.92,61.1,999,9,7,-0.0069,0.8948,bb_bounce_6d11db98,EURJPY,M1,bb_bounce,mean_reversion,5p,5p,london,False,False,True,60,1.0,0.66,223,-7.58,776,0.0,0
0.7645,49.64,14.04,0.01,-13.34,142.9,1235,9,9,-0.0108,0.7757,rsi_reversal_d5789ae7,EURJPY,M1,rsi_reversal,mean_reversion,15p,15p,london,True,True,False,60,2.4,-0.93,261,-12.42,974,0.0,0
0.0,0.0,0.0,0.0,0.0,0.0,0,0,0,0.0,0.0,atr_break_e09ce090,EURJPY,M1,atr_break,breakout,7p,7p,newyork,True,False,True,0,0.0,0.0,0,0.0,0,0.0,0
0.6729,40.62,3.82,0.0,-3.35,72.9,288,11,5,-0.0116,0.9835,donchian_break_21b25075,EURJPY,M1,donchian_break,breakout,15p,5p,london,False,True,False,15,1.2,-0.95,71,-2.4,217,0.0,0
0.9709,48.96,1.4,0.0,-0.21,144.7,192,8,8,-0.0011,1.0123,donchian_break_97905933,EURJPY,M1,donchian_break,breakout,ATR×1.5,ATR×1.0,newyork,True,False,True,0,2.4,0.0,0,-0.46,68,0.25,124
0.8045,45.99,3.08,0.0,-2.7,81.2,411,9,6,-0.0066,0.945,bb_bounce_68847ed2,EURJPY,M1,bb_bounce,mean_reversion,10p,10p,newyork,True,True,False,60,1.4,0.0,0,-0.35,134,-2.34,277
0.9214,43.4,0.73,0.0,-0.13,84.9,53,7,7,-0.0025,1.2019,atr_break_f4fa65c9,EURJPY,M1,atr_break,breakout,15p,7p,london,True,True,True,30,1.4,0.36,12,-0.5,41,0.0,0
0.8767,43.95,2.31,0.0,-1.61,74.8,430,7,5,-0.0037,1.118,bb_bounce_421ccaf3,EURJPY,M1,bb_bounce,mean_reversion,15p,5p,london,True,True,False,15,1.2,-0.35,100,-1.26,330,0.0,0
0.7188,40.85,40.83,0.04,-40.41,75.4,4568,17,9,-0.0088,1.0409,wick_reversal_ed0f59d2,EURJPY,M1,wick_reversal,mean_reversion,15p,5p,london,False,True,False,60,1.3,-9.6,1026,-30.8,3542,0.0,0
0.875,29.37,3.24,0.0,-2.42,359.6,286,11,4,-0.0085,2.1042,bb_bounce_4d1807c8,EURJPY,M1,bb_bounce,mean_reversion,ATR×2.0,ATR×1.0,london,True,False,False,15,6.0,0.34,68,-2.76,218,0.0,0
0.8076,45.71,7.44,0.01,-7.08,156.8,827,9,8,-0.0086,0.9593,bb_bounce_eb8bc43b,EURJPY,M1,bb_bounce,mean_reversion,ATR×2.0,ATR×1.0,newyork,False,False,True,15,2.6,0.0,0,-2.39,282,-4.69,545
0.0,0.0,0.0,0.0,0.0,0.0,0,0,0,0.0,0.0,atr_break_08c5ef04,EURJPY,M1,atr_break,breakout,5p,15p,newyork,True,True,True,15,0.0,0.0,0,0.0,0,0.0,0
0.7809,45.28,0.9,0.0,-0.4,79.2,53,5,4,-0.0075,0.9435,atr_break_16defd76,EURJPY,M1,atr_break,breakout,5p,15p,london,True,True,False,15,1.3,0.23,12,-0.63,41,0.0,0
0.6658,46.97,4.23,0.0,-3.9,69.5,330,6,12,-0.0118,0.7517,bb_bounce_86ae13cf,EURJPY,M1,bb_bounce,mean_reversion,5p,10p,newyork,True,False,True,30,1.2,0.0,0,0.12,108,-4.02,222
0.8171,53.25,13.08,0.01,-12.49,88.0,2126,8,11,-0.0059,0.7175,momentum_a5911685,EURJPY,M1,momentum,trend_follow,7p,15p,newyork,False,False,False,30,1.5,0.0,0,-3.14,705,-9.35,1421
0.8096,53.33,5.07,0.01,-3.8,87.3,615,7,7,-0.0062,0.7084,momentum_599327b6,EURJPY,M1,momentum,trend_follow,7p,15p,newyork,True,True,True,60,1.5,0.0,0,-1.85,184,-1.95,431
0.7791,51.72,37.08,0.04,-35.92,86.2,4950,12,9,-0.0073,0.7273,wick_reversal_d3505006,EURJPY,M1,wick_reversal,mean_reversion,7p,15p,london,False,False,True,15,1.4,-4.14,1115,-31.78,3835,0.0,0
0.8091,49.91,6.65,0.01,-5.09,167.1,527,10,8,-0.0097,0.8122,hilo_break_9af471f1,EURJPY,M1,hilo_break,breakout,15p,15p,london,False,False,False,15,2.8,-3.04,127,-2.04,400,0.0,0
0.7779,45.27,19.86,0.02,-19.58,196.7,1756,11,9,-0.0112,0.9404,bb_bounce_d0265c13,EURJPY,M1,bb_bounce,mean_reversion,ATR×1.5,ATR×1.0,newyork,False,True,False,60,3.3,0.0,0,-9.82,591,-9.76,1165
0.7814,48.23,2.9,0.0,-1.99,81.9,282,7,6,-0.007,0.8389,bb_bounce_2e4a7fd5,EURJPY,M1,bb_bounce,mean_reversion,10p,10p,london,False,False,True,15,1.4,0.77,64,-2.76,218,0.0,0
0.8414,52.78,2.89,0.0,-2.62,87.9,540,10,14,-0.0048,0.7528,consecutive_reversal_f3a2ad83,EURJPY,M1,consecutive_reversal,mean_reversion,7p,15p,london,True,True,True,0,1.5,-0.32,105,-2.3,435,0.0,0
0.8984,36.33,8.45,0.01,-7.4,259.1,1335,13,5,-0.0055,1.5746,wick_reversal_25c8079f,EURJPY,M1,wick_reversal,mean_reversion,ATR×2.0,ATR×1.0,newyork,True,False,True,0,4.3,0.0,0,-0.73,432,-6.67,903
1.099,63.33,0.29,0.0,0.08,90.0,30,3,5,0.0028,0.6363,hilo_break_44ed7b3b,EURJPY,M1,hilo_break,breakout,7p,15p,newyork,True,True,True,0,1.5,0.0,0,-0.11,10,0.19,20
0.7387,45.77,26.41,0.03,-26.06,65.2,3306,15,9,-0.0079,0.8754,wick_reversal_cf8b0431,EURJPY,M1,wick_reversal,mean_reversion,7p,7p,newyork,True,False,True,30,1.1,0.0,0,-8.33,1082,-17.73,2224
0.7992,42.83,8.03,0.01,-6.86,75.6,1158,10,7,-0.0059,1.0667,consecutive_reversal_d12e6daa,EURJPY,M1,consecutive_reversal,mean_reversion,15p,5p,london,True,False,True,30,1.3,-1.61,232,-5.25,926,0.0,0
0.6258,35.12,3.94,0.0,-3.85,154.8,205,9,4,-0.0188,1.156,wick_reversal_d0e8305a,EURJPY,M1,wick_reversal,mean_reversion,ATR×2.0,ATR×1.0,newyork,True,True,False,15,2.6,0.0,0,-1.82,73,-2.04,132
0.6759,46.41,7.32,0.01,-6.74,80.2,571,9,6,-0.0118,0.7805,donchian_break_48e941f3,EURJPY,M1,donchian_break,breakout,10p,10p,london,False,True,False,60,1.3,-3.03,137,-3.71,434,0.0,0
1.3231,63.33,0.18,0.0,0.22,70.0,30,3,5,0.0074,0.766,hilo_break_271695bf,EURJPY,M1,hilo_break,breakout,7p,7p,newyork,True,True,True,60,1.2,0.0,0,-0.05,10,0.28,20
0.6264,39.31,8.49,0.01,-8.27,73.2,669,14,7,-0.0124,0.9671,momentum_aa2ccd82,EURJPY,M1,momentum,trend_follow,15p,5p,london,True,True,False,0,1.2,-1.82,158,-6.45,511,0.0,0
0.8687,48.42,1.98,0.0,-1.31,182.2,190,6,6,-0.0069,0.9253,hilo_break_ed3ebe18,EURJPY,M1,hilo_break,breakout,15p,15p,newyork,True,False,False,15,3.0,0.0,0,-0.58,66,-0.73,124
0.8072,46.68,14.6,0.01,-14.22,78.7,2286,13,8,-0.0062,0.9222,wick_reversal_7b34d9f0,EURJPY,M1,wick_reversal,mean_reversion,10p,10p,london,True,False,True,15,1.3,-3.31,476,-10.91,1810,0.0,0
0.9072,52.08,1.7,0.0,-0.65,65.9,265,8,7,-0.0025,0.8349,consecutive_reversal_327d12f2,EURJPY,M1,consecutive_reversal,mean_reversion,5p,10p,newyork,True,False,True,30,1.1,0.0,0,-0.89,90,0.23,175
0.7665,46.49,21.51,0.02,-20.96,81.2,2689,11,7,-0.0078,0.8823,wick_reversal_f0b0b78d,EURJPY,M1,wick_reversal,mean_reversion,10p,10p,london,True,True,True,0,1.4,-3.42,572,-17.54,2117,0.0,0
0.8591,38.96,9.95,0.01,-7.91,707.9,521,11,5,-0.0152,1.3457,momentum_64f7a701,EURJPY,M1,momentum,trend_follow,ATR×2.0,ATR×1.5,london,True,False,False,60,11.8,-5.21,122,-2.71,399,0.0,0
0.834,52.94,2.05,0.0,-1.85,75.6,408,8,10,-0.0045,0.7414,bb_bounce_d9f9b3c8,EURJPY,M1,bb_bounce,mean_reversion,5p,15p,london,True,False,True,15,1.3,-0.9,86,-0.96,322,0.0,0
0.0,0.0,0.0,0.0,0.0,0.0,0,0,0,0.0,0.0,atr_break_d9fa213f,EURJPY,M1,atr_break,breakout,5p,15p,london,True,True,False,0,0.0,0.0,0,0.0,0,0.0,0
0.8412,53.29,15.24,0.02,-14.56,87.2,2884,10,11,-0.005,0.7373,wick_reversal_67ef6ad2,EURJPY,M1,wick_reversal,mean_reversion,7p,15p,london,True,False,True,15,1.5,-1.51,607,-13.05,2277,0.0,0
0.7809,52.69,8.36,0.01,-8.04,85.6,1154,7,10,-0.007,0.7013,consecutive_reversal_600c37fd,EURJPY,M1,consecutive_reversal,mean_reversion,7p,15p,london,True,True,True,15,1.4,-1.29,249,-6.76,905,0.0,0
0.0,0.0,0.0,0.0,0.0,0.0,0,0,0,0.0,0.0,atr_break_23289237,EURJPY,M1,atr_break,breakout,5p,10p,newyork,True,False,True,60,0.0,0.0,0,0.0,0,0.0,0
0.0,0.0,0.0,0.0,0.0,0.0,0,0,0,0.0,0.0,atr_break_6e56cbd8,EURJPY,M1,atr_break,breakout,5p,15p,london,False,False,True,15,0.0,0.0,0,0.0,0,0.0,0
0.7155,43.39,9.02,0.01,-8.61,155.4,620,10,8,-0.0139,0.9336,bb_bounce_b3b07f20,EURJPY,M1,bb_bounce,mean_reversion,ATR×2.0,ATR×1.0,newyork,False,False,True,60,2.6,0.0,0,-1.15,208,-7.46,412
0.9926,42.5,2.76,0.0,-0.14,649.5,200,9,6,-0.0007,1.3429,donchian_break_2809018d,EURJPY,M1,donchian_break,breakout,ATR×2.0,ATR×1.5,newyork,True,False,False,30,10.8,0.0,0,0.77,66,-0.91,134
0.9373,50.9,3.56,0.0,-1.42,162.3,499,16,11,-0.0028,0.9041,consecutive_reversal_f79de467,EURJPY,M1,consecutive_reversal,mean_reversion,15p,15p,london,True,False,False,60,2.7,-0.72,96,-0.69,403,0.0,0
0.5975,37.63,5.52,0.01,-4.8,83.2,295,13,5,-0.0163,0.9904,donchian_break_d9601565,EURJPY,M1,donchian_break,breakout,15p,7p,london,True,True,True,0,1.4,-1.62,72,-3.18,223,0.0,0
0.7062,44.57,11.34,0.01,-11.23,61.2,1317,11,9,-0.0085,0.8783,bb_bounce_373f0a1e,EURJPY,M1,bb_bounce,mean_reversion,5p,5p,newyork,True,True,True,15,1.0,0.0,0,-4.91,447,-6.32,870
0.5898,44.02,3.68,0.0,-3.33,66.0,259,8,5,-0.0129,0.7501,donchian_break_84ec5baf,EURJPY,M1,donchian_break,breakout,5p,10p,newyork,True,True,False,60,1.1,0.0,0,-1.89,89,-1.44,170
0.7455,46.76,25.69,0.03,-25.4,66.5,3338,11,10,-0.0076,0.8487,rsi_reversal_4baf11eb,EURJPY,M1,rsi_reversal,mean_reversion,5p,10p,newyork,False,True,False,30,1.1,0.0,0,-9.45,1124,-15.95,2214
0.7381,44.23,0.94,0.0,-0.51,78.5,52,4,4,-0.0099,0.9307,atr_break_3d60d401,EURJPY,M1,atr_break,breakout,5p,15p,london,True,False,True,30,1.3,-0.05,12,-0.47,40,0.0,0
0.9635,30.27,5.07,0.01,-3.13,1327.2,641,19,3,-0.0049,2.2199,wick_reversal_d597b727,EURJPY,M1,wick_reversal,mean_reversion,ATR×3.0,ATR×1.5,newyork,False,False,False,0,22.1,0.0,0,-2.97,245,-0.16,396
0.7819,47.11,17.93,0.02,-17.45,123.3,1900,11,8,-0.0092,0.878,wick_reversal_c05098dd,EURJPY,M1,wick_reversal,mean_reversion,15p,15p,newyork,True,True,True,15,2.1,0.0,0,-3.95,622,-13.5,1278
0.0,0.0,0.0,0.0,0.0,0.0,0,0,0,0.0,0.0,atr_break_9c952ac9,EURJPY,M1,atr_break,breakout,ATR×1.5,ATR×1.0,newyork,True,True,True,0,0.0,0.0,0,0.0,0,0.0,0
0.6427,42.94,9.74,0.01,-9.74,65.1,871,10,8,-0.0112,0.8541,momentum_aa0386c1,EURJPY,M1,momentum,trend_follow,7p,7p,newyork,True,True,True,0,1.1,0.0,0,-4.17,277,-5.57,594
0.8084,52.53,7.5,0.01,-6.8,84.5,1148,8,10,-0.0059,0.7306,consecutive_reversal_0ab690a9,EURJPY,M1,consecutive_reversal,mean_reversion,7p,15p,london,True,False,True,15,1.4,-1.03,234,-5.77,914,0.0,0
0.0,0.0,0.0,0.0,0.0,0.0,0,0,0,0.0,0.0,atr_break_43fb8a81,EURJPY,M1,atr_break,breakout,15p,7p,london,False,False,False,15,0.0,0.0,0,0.0,0,0.0,0
0.9374,39.64,2.44,0.0,-0.62,110.8,280,11,6,-0.0022,1.4272,donchian_break_0e000638,EURJPY,M1,donchian_break,breakout,20p,7p,newyork,True,False,True,15,1.8,0.0,0,0.24,87,-0.86,193
0.6362,35.75,3.45,0.0,-2.64,94.5,193,10,6,-0.0137,1.1433,hilo_break_38c8848f,EURJPY,M1,hilo_break,breakout,20p,7p,london,True,True,False,30,1.6,-0.54,41,-2.1,152,0.0,0
0.7641,46.63,17.61,0.02,-17.3,66.6,2451,10,8,-0.0071,0.8744,wick_reversal_f1ca22ce,EURJPY,M1,wick_reversal,mean_reversion,5p,10p,london,True,True,True,60,1.1,-4.02,505,-13.29,1946,0.0,0
0.8307,45.66,25.55,0.03,-24.12,185.4,2895,11,8,-0.0083,0.9885,wick_reversal_80419ca2,EURJPY,M1,wick_reversal,mean_reversion,ATR×1.5,ATR×1.0,newyork,False,True,True,30,3.1,0.0,0,-7.17,950,-16.94,1945
0.6861,48.27,7.36,0.01,-7.09,79.4,636,7,7,-0.0111,0.7353,bb_bounce_4b9b1122,EURJPY,M1,bb_bounce,mean_reversion,5p,15p,newyork,False,True,False,30,1.3,0.0,0,0.02,212,-7.11,424
0.7702,47.12,15.37,0.02,-14.86,65.0,2271,9,12,-0.0065,0.8645,consecutive_reversal_661a0359,EURJPY,M1,consecutive_reversal,mean_reversion,7p,7p,london,False,True,True,15,1.1,-2.61,499,-12.25,1772,0.0,0
0.7281,41.97,5.29,0.01,-4.0,167.7,274,15,6,-0.0146,1.0067,hilo_break_6e9a7225,EURJPY,M1,hilo_break,breakout,ATR×1.5,ATR×1.0,london,True,True,False,30,2.8,-1.24,60,-2.76,214,0.0,0
0.9009,50.92,2.49,0.0,-1.69,124.4,434,6,8,-0.0039,0.8683,bb_bounce_fcd02c1f,EURJPY,M1,bb_bounce,mean_reversion,15p,15p,london,True,True,True,0,2.1,0.22,90,-1.91,344,0.0,0
0.7414,45.34,17.59,0.02,-17.49,61.1,2340,11,12,-0.0075,0.8937,momentum_68dac049,EURJPY,M1,momentum,trend_follow,5p,5p,newyork,False,True,True,15,1.0,0.0,0,-5.73,785,-11.76,1555
0.81,48.71,2.98,0.0,-2.6,80.8,427,14,5,-0.0061,0.8528,bb_bounce_571dfa9d,EURJPY,M1,bb_bounce,mean_reversion,10p,10p,london,True,False,True,60,1.3,-0.89,95,-1.71,332,0.0,0
0.7566,46.52,46.71,0.05,-45.98,80.0,5705,11,10,-0.0081,0.8697,wick_reversal_bb185ba3,EURJPY,M1,wick_reversal,mean_reversion,10p,10p,newyork,False,False,True,30,1.3,0.0,0,-19.41,1890,-26.57,3815
0.9254,45.17,1.82,0.0,-0.74,80.0,321,12,7,-0.0023,1.1232,bb_bounce_4ca3160b,EURJPY,M1,bb_bounce,mean_reversion,15p,7p,london,True,True,True,30,1.3,0.13,77,-0.87,244,0.0,0
0.8001,46.78,5.25,0.01,-4.88,60.9,900,9,8,-0.0054,0.9103,bb_bounce_3eb340d4,EURJPY,M1,bb_bounce,mean_reversion,5p,5p,london,False,False,True,30,1.0,-0.4,201,-4.48,699,0.0,0
1.2129,56.73,0.87,0.0,1.55,272.6,171,5,9,0.0091,0.9253,donchian_break_960704c6,EURJPY,M1,donchian_break,breakout,ATR×3.0,ATR×1.5,newyork,True,True,True,15,4.5,0.0,0,0.04,55,1.51,116
0.6971,44.43,11.72,0.01,-11.12,66.5,1193,9,8,-0.0093,0.8721,momentum_e6896ce1,EURJPY,M1,momentum,trend_follow,5p,10p,london,True,False,False,60,1.1,-4.57,265,-6.55,928,0.0,0
0.7305,40.85,10.19,0.01,-9.04,73.4,1065,13,9,-0.0085,1.058,consecutive_reversal_493665ac,EURJPY,M1,consecutive_reversal,mean_reversion,15p,5p,newyork,False,False,True,30,1.2,0.0,0,-1.4,327,-7.64,738
0.9023,35.0,1.23,0.0,-0.45,309.0,80,8,3,-0.0056,1.6757,atr_break_590f7ba6,EURJPY,M1,atr_break,breakout,ATR×2.0,ATR×1.0,newyork,False,False,True,15,5.2,0.0,0,0.27,29,-0.72,51
0.7673,39.54,13.64,0.01,-12.91,89.4,1682,17,8,-0.0077,1.1734,rsi_reversal_425f7bc2,EURJPY,M1,rsi_reversal,mean_reversion,20p,7p,london,True,False,True,30,1.5,-2.0,349,-10.91,1333,0.0,0
0.7147,45.79,3.04,0.0,-2.4,65.3,297,8,5,-0.0081,0.8461,bb_bounce_e45679c1,EURJPY,M1,bb_bounce,mean_reversion,7p,7p,london,False,False,False,30,1.1,0.37,67,-2.77,230,0.0,0
0.8162,52.9,2.8,0.0,-2.4,88.7,414,6,7,-0.0058,0.7268,hilo_break_779159bb,EURJPY,M1,hilo_break,breakout,7p,15p,newyork,False,False,True,60,1.5,0.0,0,-1.0,130,-1.4,284
0.7048,40.31,23.01,0.02,-22.55,74.6,2337,14,7,-0.0096,1.0438,wick_reversal_da714124,EURJPY,M1,wick_reversal,mean_reversion,15p,5p,newyork,True,False,True,15,1.2,0.0,0,-8.68,776,-13.86,1561
0.341,39.39,1.14,0.0,-1.03,94.5,33,4,3,-0.0312,0.5246,hilo_break_32c2545c,EURJPY,M1,hilo_break,breakout,7p,15p,london,True,False,True,0,1.6,-0.41,9,-0.62,24,0.0,0
0.9368,41.78,5.65,0.01,-2.49,648.1,450,11,7,-0.0055,1.3055,momentum_33099cb8,EURJPY,M1,momentum,trend_follow,ATR×3.0,ATR×1.5,london,True,False,False,15,10.8,0.89,94,-3.39,356,0.0,0
0.9936,52.99,1.39,0.0,-0.07,83.7,334,10,10,-0.0002,0.8813,bb_bounce_3ede69e0,EURJPY,M1,bb_bounce,mean_reversion,10p,10p,london,True,False,True,0,1.4,-0.24,78,0.17,256,0.0,0
0.8859,47.26,3.7,0.0,-2.28,190.6,419,8,8,-0.0054,0.9888,consecutive_reversal_91a999c3,EURJPY,M1,consecutive_reversal,mean_reversion,ATR×1.5,ATR×1.0,newyork,False,True,True,60,3.2,0.0,0,-0.69,131,-1.59,288
0.8481,40.98,6.23,0.01,-5.17,91.6,1103,11,7,-0.0047,1.2215,consecutive_reversal_ba736b1e,EURJPY,M1,consecutive_reversal,mean_reversion,20p,7p,london,True,True,True,15,1.5,-1.55,217,-3.62,886,0.0,0
0.9578,48.23,1.67,0.0,-0.47,140.2,282,7,7,-0.0017,1.0282,hilo_break_e0299b84,EURJPY,M1,hilo_break,breakout,ATR×1.5,ATR×1.0,newyork,True,True,True,60,2.3,0.0,0,-1.07,101,0.6,181
0.7972,47.7,3.57,0.0,-2.69,81.9,413,6,6,-0.0065,0.8741,hilo_break_dfc5531a,EURJPY,M1,hilo_break,breakout,10p,10p,newyork,False,True,True,0,1.4,0.0,0,-1.45,131,-1.25,282
0.58,48.0,1.13,0.0,-0.97,82.8,50,4,4,-0.0194,0.6284,atr_break_2959d125,EURJPY,M1,atr_break,breakout,7p,15p,newyork,True,True,False,15,1.4,0.0,0,-0.0,20,-0.96,30
0.7253,47.84,5.17,0.01,-4.54,128.9,370,9,6,-0.0123,0.7909,hilo_break_a4617a2b,EURJPY,M1,hilo_break,breakout,15p,15p,london,False,False,True,60,2.1,-0.93,86,-3.61,284,0.0,0
0.7737,43.41,2.12,0.0,-1.41,76.1,205,10,6,-0.0069,1.0084,hilo_break_4af8bf97,EURJPY,M1,hilo_break,breakout,15p,5p,newyork,True,False,True,15,1.3,0.0,0,-0.73,70,-0.69,135
0.8975,48.51,2.95,0.0,-1.9,156.9,437,7,8,-0.0043,0.9525,consecutive_reversal_18096f07,EURJPY,M1,consecutive_reversal,mean_reversion,ATR×1.5,ATR×1.0,newyork,False,True,True,30,2.6,0.0,0,-0.34,133,-1.56,304
0.5138,41.63,4.22,0.0,-3.97,78.5,221,8,6,-0.018,0.7204,wick_reversal_c08bba01,EURJPY,M1,wick_reversal,mean_reversion,5p,15p,newyork,True,False,True,30,1.3,0.0,0,-1.7,80,-2.27,141
0.4304,35.09,1.39,0.0,-1.25,62.1,57,5,3,-0.022,0.7962,hilo_break_3d10681a,EURJPY,M1,hilo_break,breakout,7p,7p,london,False,False,True,15,1.0,-0.42,11,-0.84,46,0.0,0
0.772,48.52,35.74,0.04,-35.25,140.5,3372,13,12,-0.0105,0.8192,wick_reversal_c58d94ee,EURJPY,M1,wick_reversal,mean_reversion,15p,15p,newyork,False,True,False,60,2.3,0.0,0,-11.33,1112,-23.92,2260
0.9064,44.6,5.93,0.01,-3.86,186.0,953,18,7,-0.0041,1.1261,consecutive_reversal_48d67504,EURJPY,M1,consecutive_reversal,mean_reversion,ATR×2.0,ATR×1.0,london,True,True,True,0,3.1,-2.61,194,-1.25,759,0.0,0
0.7399,48.01,3.47,0.0,-3.15,66.2,427,7,7,-0.0074,0.8013,hilo_break_f620656b,EURJPY,M1,hilo_break,breakout,5p,10p,newyork,False,True,True,60,1.1,0.0,0,-1.47,135,-1.68,292
0.0,0.0,0.0,0.0,0.0,0.0,0,0,0,0.0,0.0,atr_break_64452f4f,EURJPY,M1,atr_break,breakout,ATR×3.0,ATR×1.5,newyork,True,True,True,30,0.0,0.0,0,0.0,0,0.0,0
0.9062,51.63,4.72,0.0,-3.76,267.3,858,9,9,-0.0044,0.8489,consecutive_reversal_a75cf808,EURJPY,M1,consecutive_reversal,mean_reversion,ATR×3.0,ATR×1.5,london,True,True,True,15,4.5,-1.86,178,-1.9,680,0.0,0
0.8135,43.76,15.81,0.02,-15.65,172.1,1732,10,9,-0.009,1.0454,wick_reversal_70769265,EURJPY,M1,wick_reversal,mean_reversion,ATR×1.5,ATR×1.0,newyork,True,True,False,30,2.9,0.0,0,-1.84,551,-13.82,1181
0.7476,47.73,9.41,0.01,-9.41,157.2,727,15,9,-0.0129,0.8187,momentum_1a0609d1,EURJPY,M1,momentum,trend_follow,15p,15p,newyork,True,False,False,0,2.6,0.0,0,-3.99,228,-5.42,499
0.6658,46.97,4.23,0.0,-3.9,69.5,330,6,12,-0.0118,0.7517,bb_bounce_a8ece785,EURJPY,M1,bb_bounce,mean_reversion,5p,10p,newyork,True,True,True,30,1.2,0.0,0,0.12,108,-4.02,222
0.7596,38.75,24.06,0.02,-23.21,89.8,2870,14,7,-0.0081,1.2009,wick_reversal_0c15daf7,EURJPY,M1,wick_reversal,mean_reversion,20p,7p,london,True,True,True,0,1.5,-1.52,607,-21.68,2263,0.0,0
0.7671,46.55,5.39,0.01,-4.92,83.1,638,10,6,-0.0077,0.8808,momentum_f0f99cbe,EURJPY,M1,momentum,trend_follow,10p,10p,london,True,False,False,15,1.4,-2.23,143,-2.69,495,0.0,0
0.5323,36.36,1.03,0.0,-0.69,147.3,33,9,2,-0.021,0.9316,hilo_break_3b2abaf2,EURJPY,M1,hilo_break,breakout,ATR×2.0,ATR×1.0,london,True,False,True,0,2.5,-0.31,9,-0.39,24,0.0,0
0.8483,46.15,0.63,0.0,-0.32,80.8,52,5,5,-0.0062,0.9897,atr_break_faae8c67,EURJPY,M1,atr_break,breakout,15p,5p,newyork,True,False,False,15,1.3,0.0,0,-0.03,21,-0.29,31
0.7395,46.88,26.57,0.03,-25.48,66.9,3238,14,8,-0.0079,0.8379,wick_reversal_40803f82,EURJPY,M1,wick_reversal,mean_reversion,5p,10p,london,True,True,True,30,1.1,-3.25,668,-22.23,2570,0.0,0
0.0,0.0,0.0,0.0,0.0,0.0,0,0,0,0.0,0.0,atr_break_1551e1c1,EURJPY,M1,atr_break,breakout,7p,7p,london,True,False,True,0,0.0,0.0,0,0.0,0,0.0,0
0.7407,46.05,40.97,0.04,-40.57,82.9,4584,18,13,-0.0088,0.8677,wick_reversal_9199524c,EURJPY,M1,wick_reversal,mean_reversion,10p,10p,london,False,False,False,30,1.4,-9.83,1031,-30.73,3553,0.0,0
0.7393,51.67,14.35,0.01,-13.85,87.3,1585,9,9,-0.0087,0.6914,rsi_reversal_4239d440,EURJPY,M1,rsi_reversal,mean_reversion,7p,15p,london,True,False,True,15,1.5,-2.44,324,-11.41,1261,0.0,0
0.4719,30.41,4.78,0.0,-4.66,86.8,217,9,3,-0.0215,1.0796,wick_reversal_c1b053b3,EURJPY,M1,wick_reversal,mean_reversion,20p,7p,newyork,False,False,True,0,1.4,0.0,0,-2.29,78,-2.37,139
0.8362,26.91,5.34,0.01,-4.61,1118.5,223,14,4,-0.0207,2.2716,bb_bounce_2eb3ef1b,EURJPY,M1,bb_bounce,mean_reversion,ATR×3.0,ATR×1.5,newyork,True,False,False,0,18.6,0.0,0,-2.27,72,-2.34,151
0.7275,49.97,14.73,0.01,-14.48,77.7,1655,8,8,-0.0087,0.7284,rsi_reversal_5d9e7bd9,EURJPY,M1,rsi_reversal,mean_reversion,5p,15p,newyork,True,True,True,30,1.3,0.0,0,-5.73,539,-8.75,1116
0.7434,51.42,18.66,0.02,-18.51,88.9,2147,10,10,-0.0086,0.7023,consecutive_reversal_13b7e8d7,EURJPY,M1,consecutive_reversal,mean_reversion,7p,15p,newyork,False,True,False,60,1.5,0.0,0,-6.55,717,-11.96,1430
0.0,0.0,0.0,0.0,0.0,0.0,0,0,0,0.0,0.0,atr_break_42c23a3d,EURJPY,M1,atr_break,breakout,20p,7p,newyork,True,True,False,15,0.0,0.0,0,0.0,0,0.0,0
0.4848,32.13,4.33,0.0,-4.23,74.7,221,14,6,-0.0191,1.0242,wick_reversal_c75da594,EURJPY,M1,wick_reversal,mean_reversion,15p,5p,newyork,True,True,True,15,1.2,0.0,0,-2.43,79,-1.8,142
0.8428,40.92,4.3,0.0,-3.34,89.0,633,13,6,-0.0053,1.217,momentum_1cc1aabf,EURJPY,M1,momentum,trend_follow,15p,7p,newyork,True,False,False,60,1.5,0.0,0,-1.63,192,-1.71,441
0.9145,50.0,1.56,0.0,-0.77,185.6,182,7,8,-0.0043,0.9145,hilo_break_a4ea691a,EURJPY,M1,hilo_break,breakout,15p,15p,newyork,True,False,False,15,3.1,0.0,0,-0.36,65,-0.41,117
0.9281,54.34,4.52,0.0,-2.52,218.9,760,6,10,-0.0033,0.7798,bb_bounce_6ef724f6,EURJPY,M1,bb_bounce,mean_reversion,ATR×3.0,ATR×1.5,london,False,False,True,0,3.6,-0.45,169,-2.07,591,0.0,0
0.785,45.98,16.69,0.02,-16.26,153.4,1755,10,7,-0.0093,0.9221,wick_reversal_7a5165a6,EURJPY,M1,wick_reversal,mean_reversion,ATR×2.0,ATR×1.0,london,True,True,True,30,2.6,-3.19,370,-13.07,1385,0.0,0
0.7723,47.6,22.5,0.02,-22.04,66.5,3330,10,10,-0.0066,0.8503,rsi_reversal_1f936f8e,EURJPY,M1,rsi_reversal,mean_reversion,5p,10p,london,False,True,True,15,1.1,-3.08,721,-18.96,2609,0.0,0
0.9298,47.4,0.96,0.0,-0.37,82.5,192,5,9,-0.0019,1.032,hilo_break_58288ec7,EURJPY,M1,hilo_break,breakout,10p,10p,newyork,True,False,True,15,1.4,0.0,0,-0.39,63,0.01,129
0.849,51.39,13.91,0.01,-11.4,288.4,1401,10,8,-0.0081,0.8031,wick_reversal_b5947e51,EURJPY,M1,wick_reversal,mean_reversion,ATR×3.0,ATR×1.5,london,True,True,True,0,4.8,1.12,285,-12.52,1116,0.0,0
0.8635,49.65,5.58,0.01,-3.37,138.9,578,8,6,-0.0058,0.8756,momentum_080da5d4,EURJPY,M1,momentum,trend_follow,15p,15p,newyork,True,True,True,0,2.3,0.0,0,-0.89,177,-2.48,401
0.8376,45.76,1.77,0.0,-0.83,153.1,118,7,5,-0.0071,0.9927,bb_bounce_b7ba7981,EURJPY,M1,bb_bounce,mean_reversion,15p,15p,london,True,False,True,0,2.6,0.62,27,-1.45,91,0.0,0
0.7167,45.22,23.59,0.02,-23.37,79.1,2404,9,10,-0.0097,0.8684,wick_reversal_7696245c,EURJPY,M1,wick_reversal,mean_reversion,10p,10p,newyork,True,True,True,0,1.3,0.0,0,-6.13,785,-17.25,1619
0.669,37.43,6.92,0.01,-6.16,78.7,537,11,5,-0.0115,1.1184,consecutive_reversal_f9b29261,EURJPY,M1,consecutive_reversal,mean_reversion,15p,7p,newyork,True,False,True,60,1.3,0.0,0,-0.7,169,-5.46,368
0.9352,48.83,2.88,0.0,-0.82,156.1,299,6,9,-0.0028,0.98,donchian_break_b36dcb59,EURJPY,M1,donchian_break,breakout,ATR×2.0,ATR×1.0,newyork,False,True,True,0,2.6,0.0,0,0.19,90,-1.01,209
0.7922,50.33,18.04,0.02,-17.4,77.2,2730,11,8,-0.0064,0.7819,wick_reversal_2d81a368,EURJPY,M1,wick_reversal,mean_reversion,5p,15p,london,True,True,False,60,1.3,-1.65,561,-15.75,2169,0.0,0
0.8131,44.44,0.67,0.0,-0.49,155.2,63,5,3,-0.0079,1.0164,hilo_break_43413158,EURJPY,M1,hilo_break,breakout,ATR×2.0,ATR×1.0,newyork,False,True,True,15,2.6,0.0,0,-0.38,23,-0.12,40
0.6457,48.82,9.12,0.01,-8.85,88.9,633,7,7,-0.014,0.6771,bb_bounce_8c591d63,EURJPY,M1,bb_bounce,mean_reversion,7p,15p,newyork,False,True,True,30,1.5,0.0,0,-0.45,212,-8.4,421
0.759,37.04,1.67,0.0,-1.1,79.1,135,10,6,-0.0082,1.2902,bb_bounce_3c5dc32c,EURJPY,M1,bb_bounce,mean_reversion,15p,7p,newyork,True,True,True,30,1.3,0.0,0,-0.24,38,-0.86,97
0.4945,33.01,5.38,0.01,-5.29,121.7,209,9,4,-0.0253,1.0033,wick_reversal_b5e89062,EURJPY,M1,wick_reversal,mean_reversion,ATR×1.5,ATR×1.0,newyork,False,False,True,30,2.0,0.0,0,-2.27,74,-3.03,135
0.8049,45.29,19.5,0.02,-18.49,148.9,2206,10,13,-0.0084,0.9725,wick_reversal_2cd6a83c,EURJPY,M1,wick_reversal,mean_reversion,ATR×2.0,ATR×1.0,newyork,True,True,True,30,2.5,0.0,0,-4.95,725,-13.54,1481
0.789,33.89,4.14,0.0,-2.14,248.3,180,17,7,-0.0119,1.5391,hilo_break_ec2d03af,EURJPY,M1,hilo_break,breakout,ATR×2.0,ATR×1.0,london,True,False,True,15,4.1,-0.33,41,-1.82,139,0.0,0
0.8439,54.31,21.3,0.02,-19.17,222.7,2611,9,16,-0.0073,0.71,wick_reversal_41f75efa,EURJPY,M1,wick_reversal,mean_reversion,ATR×2.0,ATR×1.5,london,False,True,True,60,3.7,-3.37,601,-15.8,2010,0.0,0
0.6716,43.5,9.12,0.01,-8.45,66.9,839,12,10,-0.0101,0.8721,momentum_94181074,EURJPY,M1,momentum,trend_follow,5p,10p,london,True,True,False,15,1.1,-1.97,192,-6.48,647,0.0,0
0.6229,44.14,3.27,0.0,-2.63,124.6,145,9,5,-0.0182,0.7883,donchian_break_e2a805a5,EURJPY,M1,donchian_break,breakout,15p,15p,london,True,True,True,60,2.1,-0.49,31,-2.15,114,0.0,0
0.911,48.3,9.55,0.01,-7.31,194.1,1708,8,9,-0.0043,0.9751,momentum_584fbc6e,EURJPY,M1,momentum,trend_follow,ATR×1.5,ATR×1.0,newyork,False,True,False,30,3.2,0.0,0,-4.5,572,-2.81,1136
0.7172,47.93,2.1,0.0,-1.87,280.7,121,5,5,-0.0155,0.7791,bb_bounce_2a7f6d78,EURJPY,M1,bb_bounce,mean_reversion,ATR×3.0,ATR×1.5,newyork,True,True,True,15,4.7,0.0,0,-0.12,36,-1.75,85
0.8748,51.18,1.23,0.0,-0.43,65.2,127,7,5,-0.0034,0.8344,bb_bounce_8ff82c53,EURJPY,M1,bb_bounce,mean_reversion,5p,10p,london,True,True,True,60,1.1,0.11,30,-0.53,97,0.0,0
0.6351,43.54,7.0,0.01,-6.4,60.7,565,10,7,-0.0113,0.8236,consecutive_reversal_ecd58196,EURJPY,M1,consecutive_reversal,mean_reversion,5p,5p,newyork,True,False,True,15,1.0,0.0,0,-1.5,180,-4.9,385
0.7959,48.26,7.79,0.01,-7.41,66.0,1264,9,9,-0.0059,0.8533,bb_bounce_06c231c6,EURJPY,M1,bb_bounce,mean_reversion,5p,10p,london,True,False,True,0,1.1,0.31,257,-7.72,1007,0.0,0
0.8567,40.5,3.03,0.0,-1.51,95.0,321,8,7,-0.0047,1.2586,donchian_break_34334dbe,EURJPY,M1,donchian_break,breakout,20p,7p,newyork,False,True,True,0,1.6,0.0,0,-0.61,97,-0.9,224
0.744,40.0,6.57,0.01,-5.74,76.1,685,16,6,-0.0084,1.1159,momentum_4a99e508,EURJPY,M1,momentum,trend_follow,15p,5p,newyork,True,False,True,15,1.3,0.0,0,-3.11,203,-2.63,482
0.7147,45.79,3.04,0.0,-2.4,65.3,297,8,5,-0.0081,0.8461,bb_bounce_1974e076,EURJPY,M1,bb_bounce,mean_reversion,7p,7p,london,False,True,True,30,1.1,0.37,67,-2.77,230,0.0,0
0.9203,47.68,4.65,0.0,-3.19,208.8,862,14,8,-0.0037,1.0098,consecutive_reversal_3af20c22,EURJPY,M1,consecutive_reversal,mean_reversion,ATR×2.0,ATR×1.0,london,False,True,True,0,3.5,-0.79,185,-2.4,677,0.0,0
0.8185,44.87,18.01,0.02,-16.7,189.3,1930,16,9,-0.0087,1.0056,wick_reversal_a58bc0b9,EURJPY,M1,wick_reversal,mean_reversion,ATR×2.0,ATR×1.0,newyork,True,True,True,60,3.2,0.0,0,-8.07,623,-8.63,1307
0.7546,40.04,7.76,0.01,-7.75,75.7,1019,11,7,-0.0076,1.13,bb_bounce_b202baf8,EURJPY,M1,bb_bounce,mean_reversion,15p,5p,newyork,False,True,False,60,1.3,0.0,0,-2.48,350,-5.27,669
0.842,54.72,0.55,0.0,-0.28,69.1,53,4,5,-0.0053,0.6968,atr_break_d330e2ff,EURJPY,M1,atr_break,breakout,5p,15p,newyork,True,True,True,0,1.2,0.0,0,-0.06,21,-0.22,32
0.8666,49.65,2.85,0.0,-2.31,81.6,572,10,10,-0.004,0.8788,consecutive_reversal_f4c233b7,EURJPY,M1,consecutive_reversal,mean_reversion,10p,10p,london,True,True,False,15,1.4,-0.47,121,-1.84,451,0.0,0
0.8326,51.96,15.21,0.02,-13.57,263.3,1482,13,14,-0.0092,0.7699,wick_reversal_0713bdaa,EURJPY,M1,wick_reversal,mean_reversion,ATR×2.0,ATR×1.5,newyork,True,True,True,15,4.4,0.0,0,-5.56,500,-8.01,982
1.1286,42.59,1.73,0.0,1.63,201.4,263,11,6,0.0062,1.5216,hilo_break_3c86c8fa,EURJPY,M1,hilo_break,breakout,ATR×1.5,ATR×1.0,newyork,True,False,True,15,3.4,0.0,0,0.24,81,1.39,182
0.7132,49.28,26.7,0.03,-26.59,78.8,2867,9,10,-0.0093,0.7339,rsi_reversal_746df3fc,EURJPY,M1,rsi_reversal,mean_reversion,5p,15p,newyork,False,True,True,15,1.3,0.0,0,-9.62,946,-16.96,1921
0.7953,47.94,3.58,0.0,-2.74,83.1,413,6,6,-0.0066,0.8636,hilo_break_d653b8c1,EURJPY,M1,hilo_break,breakout,10p,10p,newyork,False,False,True,0,1.4,0.0,0,-1.48,131,-1.26,282
0.5138,41.63,4.22,0.0,-3.97,78.5,221,8,6,-0.018,0.7204,wick_reversal_b7923c49,EURJPY,M1,wick_reversal,mean_reversion,5p,15p,newyork,False,True,True,0,1.3,0.0,0,-1.7,80,-2.27,141
0.8581,44.89,6.91,0.01,-6.03,172.3,978,10,7,-0.0062,1.0536,consecutive_reversal_b8ef17a8,EURJPY,M1,consecutive_reversal,mean_reversion,ATR×1.5,ATR×1.0,london,True,True,True,15,2.9,-1.61,210,-4.42,768,0.0,0
0.7814,50.5,20.86,0.02,-20.37,78.6,3085,10,10,-0.0066,0.7658,rsi_reversal_33ac96de,EURJPY,M1,rsi_reversal,mean_reversion,5p,15p,london,False,True,False,0,1.3,-2.45,667,-17.93,2418,0.0,0
0.7541,40.63,10.11,0.01,-10.0,77.8,1265,10,9,-0.0079,1.1018,bb_bounce_9747ecab,EURJPY,M1,bb_bounce,mean_reversion,15p,5p,newyork,True,False,True,15,1.3,0.0,0,-3.63,427,-6.37,838
0.6656,43.5,3.78,0.0,-3.52,67.3,331,8,6,-0.0106,0.8643,bb_bounce_e73404cb,EURJPY,M1,bb_bounce,mean_reversion,5p,10p,newyork,False,True,False,60,1.1,0.0,0,-0.78,101,-2.74,230
0.7268,44.58,3.35,0.0,-2.72,65.8,323,10,7,-0.0084,0.9034,hilo_break_1e9f18da,EURJPY,M1,hilo_break,breakout,7p,7p,newyork,True,True,True,15,1.1,0.0,0,-1.53,102,-1.2,221
0.898,49.95,4.77,0.0,-3.72,121.6,965,15,8,-0.0039,0.8999,consecutive_reversal_3d38ed56,EURJPY,M1,consecutive_reversal,mean_reversion,15p,15p,london,False,True,True,30,2.0,-0.72,207,-3.0,758,0.0,0
0.8476,49.64,6.36,0.01,-5.9,80.6,1253,8,8,-0.0047,0.8599,momentum_8846a2d3,EURJPY,M1,momentum,trend_follow,10p,10p,newyork,False,True,True,15,1.3,0.0,0,-3.67,415,-2.24,838
0.7218,49.67,10.33,0.01,-10.2,75.5,1196,9,10,-0.0085,0.7315,consecutive_reversal_d830a841,EURJPY,M1,consecutive_reversal,mean_reversion,5p,15p,newyork,True,False,True,60,1.3,0.0,0,-2.72,389,-7.47,807
0.6876,47.29,3.14,0.0,-2.47,65.4,277,11,5,-0.0089,0.7663,consecutive_reversal_21068f75,EURJPY,M1,consecutive_reversal,mean_reversion,7p,7p,newyork,True,False,False,0,1.1,0.0,0,-0.55,93,-1.92,184
0.8761,27.14,9.56,0.01,-6.57,369.9,737,21,4,-0.0089,2.3523,momentum_c23ad419,EURJPY,M1,momentum,trend_follow,ATR×2.0,ATR×1.0,newyork,True,False,False,60,6.2,0.0,0,-0.68,239,-5.89,498
0.692,36.73,1.0,0.0,-0.73,85.7,49,6,5,-0.015,1.1917,atr_break_f2936448,EURJPY,M1,atr_break,breakout,20p,7p,newyork,True,True,True,30,1.4,0.0,0,-0.12,20,-0.61,29
0.7483,40.99,9.57,0.01,-9.34,73.1,1166,13,9,-0.008,1.077,momentum_87bcb7e5,EURJPY,M1,momentum,trend_follow,15p,5p,newyork,True,True,True,0,1.2,0.0,0,-3.36,371,-5.98,795
0.8963,53.7,5.46,0.01,-3.76,217.4,784,7,8,-0.0048,0.7729,bb_bounce_d15982e9,EURJPY,M1,bb_bounce,mean_reversion,ATR×2.0,ATR×1.5,london,False,True,True,0,3.6,0.12,178,-3.88,606,0.0,0
0.7035,43.58,12.35,0.01,-11.73,82.9,1113,14,7,-0.0105,0.911,momentum_6636e2e2,EURJPY,M1,momentum,trend_follow,10p,10p,london,True,False,True,0,1.4,-3.03,250,-8.7,863,0.0,0
0.5793,43.14,4.61,0.0,-4.49,192.9,204,9,4,-0.022,0.7636,wick_reversal_7ab7c55e,EURJPY,M1,wick_reversal,mean_reversion,ATR×3.0,ATR×1.5,newyork,True,True,True,15,3.2,0.0,0,-2.23,73,-2.26,131
0.8196,46.75,2.75,0.0,-2.6,81.0,462,8,8,-0.0056,0.9334,bb_bounce_be56fd97,EURJPY,M1,bb_bounce,mean_reversion,10p,10p,newyork,True,True,True,30,1.4,0.0,0,-0.78,153,-1.82,309
0.9001,40.46,11.74,0.01,-11.1,417.4,1678,14,7,-0.0066,1.3243,wick_reversal_6a10b419,EURJPY,M1,wick_reversal,mean_reversion,ATR×3.0,ATR×1.5,newyork,False,False,True,0,7.0,0.0,0,-1.71,558,-9.39,1120
0.8014,51.96,2.69,0.0,-1.81,76.7,306,8,9,-0.0059,0.7409,donchian_break_3da57bf4,EURJPY,M1,donchian_break,breakout,5p,15p,newyork,True,True,True,60,1.3,0.0,0,-1.66,108,-0.15,198
0.8559,36.53,23.76,0.02,-22.95,247.5,2740,14,7,-0.0084,1.4869,wick_reversal_78a8fce3,EURJPY,M1,wick_reversal,mean_reversion,ATR×1.5,ATR×1.0,newyork,False,False,True,0,4.1,0.0,0,-6.34,917,-16.61,1823
0.8058,48.73,1.31,0.0,-0.99,64.6,197,5,6,-0.005,0.8478,donchian_break_f8187d8d,EURJPY,M1,donchian_break,breakout,7p,7p,newyork,True,False,True,60,1.1,0.0,0,-0.66,63,-0.33,134
0.8121,36.24,8.33,0.01,-8.2,109.1,1206,11,9,-0.0068,1.429,bb_bounce_8570edec,EURJPY,M1,bb_bounce,mean_reversion,20p,7p,london,True,False,True,30,1.8,0.81,253,-9.01,953,0.0,0
1.093,55.17,0.35,0.0,0.09,128.3,29,3,5,0.0031,0.8881,hilo_break_b809ceaa,EURJPY,M1,hilo_break,breakout,15p,15p,newyork,True,False,True,0,2.1,0.0,0,-0.28,11,0.37,18
0.8491,35.41,5.36,0.01,-5.16,110.7,994,12,6,-0.0052,1.5486,bb_bounce_c300168e,EURJPY,M1,bb_bounce,mean_reversion,20p,7p,newyork,False,False,True,60,1.8,0.0,0,-2.3,339,-2.85,655
0.9289,37.03,6.76,0.01,-2.49,994.2,316,14,4,-0.0079,1.5799,consecutive_reversal_5725ffa7,EURJPY,M1,consecutive_reversal,mean_reversion,ATR×3.0,ATR×1.5,london,False,False,False,30,16.6,-0.67,71,-1.83,245,0.0,0
0.5455,34.34,3.76,0.0,-3.3,75.5,198,10,4,-0.0167,1.0429,wick_reversal_68680e64,EURJPY,M1,wick_reversal,mean_reversion,15p,5p,london,True,True,False,30,1.3,-0.33,37,-2.97,161,0.0,0
0.0,0.0,0.0,0.0,0.0,0.0,0,0,0,0.0,0.0,atr_break_58cfc0f8,EURJPY,M1,atr_break,breakout,ATR×3.0,ATR×1.5,newyork,True,True,True,30,0.0,0.0,0,0.0,0,0.0,0
0.8111,50.8,16.18,0.02,-15.68,76.8,2754,10,8,-0.0057,0.7855,wick_reversal_7122eb94,EURJPY,M1,wick_reversal,mean_reversion,5p,15p,london,True,True,False,60,1.3,-1.7,581,-13.98,2173,0.0,0
0.6575,49.39,4.6,0.0,-4.27,81.5,326,6,12,-0.0131,0.6739,bb_bounce_a51430f5,EURJPY,M1,bb_bounce,mean_reversion,5p,15p,newyork,True,True,True,60,1.4,0.0,0,-0.06,106,-4.21,220
0.7318,48.48,12.57,0.01,-12.12,217.9,887,8,9,-0.0137,0.7778,momentum_8385800d,EURJPY,M1,momentum,trend_follow,ATR×3.0,ATR×1.5,london,True,False,True,15,3.6,-4.61,214,-7.51,673,0.0,0
0.8048,47.83,2.28,0.0,-1.66,64.4,299,6,8,-0.0055,0.878,donchian_break_0722e0bc,EURJPY,M1,donchian_break,breakout,7p,7p,newyork,True,True,True,30,1.1,0.0,0,-1.01,91,-0.65,208
0.0,0.0,0.0,0.0,0.0,0.0,0,0,0,0.0,0.0,atr_break_c0a4f146,EURJPY,M1,atr_break,breakout,5p,5p,london,True,True,True,60,0.0,0.0,0,0.0,0,0.0,0
0.67,44.12,20.34,0.02,-19.76,63.1,1668,10,9,-0.0118,0.8484,momentum_565d63e9,GBPJPY,M1,momentum,trend_follow,7p,7p,london,False,False,True,15,1.1,-3.23,380,-16.54,1288,0.0,0
1.3808,50.0,0.64,0.0,0.86,304.1,44,3,3,0.0195,1.3808,atr_break_bc18667d,GBPJPY,M1,atr_break,breakout,ATR×2.0,ATR×1.5,newyork,True,False,True,15,5.1,0.0,0,0.44,15,0.42,29
0.7696,48.91,10.69,0.01,-10.44,74.8,1241,14,10,-0.0084,0.8039,bb_bounce_bdb95394,GBPJPY,M1,bb_bounce,mean_reversion,7p,15p,newyork,True,True,False,0,1.2,0.0,0,-4.79,435,-5.65,806
0.7721,46.49,11.11,0.01,-9.91,73.1,1239,11,7,-0.008,0.8887,momentum_14eb2ab9,GBPJPY,M1,momentum,trend_follow,10p,10p,newyork,True,True,False,15,1.2,0.0,0,-3.36,413,-6.56,826
0.6921,50.0,4.65,0.0,-3.68,74.2,342,6,6,-0.0107,0.6921,donchian_break_9452ff3b,GBPJPY,M1,donchian_break,breakout,5p,15p,newyork,False,True,False,15,1.2,0.0,0,-1.64,133,-2.04,209
0.8008,46.32,2.2,0.0,-1.66,61.3,285,7,6,-0.0058,0.9282,consecutive_reversal_fbc95605,GBPJPY,M1,consecutive_reversal,mean_reversion,5p,5p,london,True,True,True,60,1.0,-0.71,70,-0.95,215,0.0,0
0.7565,47.56,2.75,0.0,-2.53,63.7,328,7,7,-0.0077,0.8341,bb_bounce_9a45141f,GBPJPY,M1,bb_bounce,mean_reversion,5p,10p,london,False,True,True,0,1.1,-1.0,73,-1.53,255,0.0,0
0.7482,49.53,2.23,0.0,-1.71,64.5,212,6,9,-0.0081,0.7625,donchian_break_583619f4,GBPJPY,M1,donchian_break,breakout,5p,10p,newyork,True,False,True,15,1.1,0.0,0,-0.63,83,-1.08,129
0.7053,46.14,9.74,0.01,-9.4,71.6,869,7,6,-0.0108,0.8231,momentum_94c5f56c,GBPJPY,M1,momentum,trend_follow,5p,15p,newyork,True,False,True,15,1.2,0.0,0,-4.84,274,-4.56,595
0.8951,32.35,1.29,0.0,-0.31,375.9,34,6,3,-0.009,1.8716,hilo_break_6b37932e,GBPJPY,M1,hilo_break,breakout,ATR×2.0,ATR×1.0,london,True,False,False,15,6.3,0.12,8,-0.43,26,0.0,0
0.8531,54.52,9.83,0.01,-7.25,319.2,796,10,9,-0.0091,0.7116,bb_bounce_85b5e846,GBPJPY,M1,bb_bounce,mean_reversion,ATR×3.0,ATR×1.5,newyork,True,True,False,0,5.3,0.0,0,-5.48,284,-1.78,512
0.683,43.59,14.93,0.01,-14.75,60.7,1365,9,8,-0.0108,0.8839,momentum_3e6f33fe,GBPJPY,M1,momentum,trend_follow,5p,5p,newyork,False,True,False,0,1.0,0.0,0,-5.96,452,-8.79,913
0.0,0.0,0.0,0.0,0.0,0.0,0,0,0,0.0,0.0,atr_break_59710d81,GBPJPY,M1,atr_break,breakout,20p,7p,newyork,False,True,False,30,0.0,0.0,0,0.0,0,0.0,0
1.2136,47.14,1.59,0.0,3.14,650.6,140,6,9,0.0224,1.3607,donchian_break_aa78ac59,GBPJPY,M1,donchian_break,breakout,ATR×2.0,ATR×1.5,london,True,False,False,60,10.8,-1.43,33,4.57,107,0.0,0
0.8195,43.46,16.01,0.02,-14.71,74.5,2340,10,9,-0.0063,1.0661,momentum_374e51bd,GBPJPY,M1,momentum,trend_follow,15p,7p,newyork,False,False,True,30,1.2,0.0,0,-4.27,762,-10.44,1578
0.7377,46.29,23.14,0.02,-22.67,63.2,2532,11,12,-0.009,0.856,wick_reversal_f8fd7397,GBPJPY,M1,wick_reversal,mean_reversion,7p,7p,london,True,True,True,30,1.1,-3.66,550,-19.01,1982,0.0,0
0.6635,47.93,3.51,0.0,-3.17,122.8,169,7,6,-0.0187,0.7209,hilo_break_87aaa6e6,GBPJPY,M1,hilo_break,breakout,15p,15p,newyork,True,False,False,0,2.0,0.0,0,-0.58,71,-2.59,98
0.9127,49.25,1.18,0.0,-0.22,79.7,67,4,6,-0.0033,0.9404,hilo_break_18bd290e,GBPJPY,M1,hilo_break,breakout,20p,7p,london,False,True,True,15,1.3,-0.07,15,-0.15,52,0.0,0
0.7931,45.58,3.65,0.0,-3.08,62.8,452,7,10,-0.0068,0.9471,hilo_break_7b9ecbba,GBPJPY,M1,hilo_break,breakout,7p,7p,london,False,False,False,30,1.0,-0.85,106,-2.22,346,0.0,0
0.9242,38.27,0.9,0.0,-0.21,81.5,81,8,3,-0.0026,1.4907,atr_break_0c93eb91,GBPJPY,M1,atr_break,breakout,20p,7p,newyork,False,False,True,60,1.4,0.0,0,0.24,28,-0.45,53
0.905,48.86,1.41,0.0,-1.03,73.5,307,9,5,-0.0033,0.9472,bb_bounce_f6c18e9f,GBPJPY,M1,bb_bounce,mean_reversion,10p,10p,london,True,False,True,15,1.2,-0.04,62,-0.98,245,0.0,0
0.73,44.05,6.02,0.01,-5.91,71.6,588,12,7,-0.0101,0.9273,consecutive_reversal_348ac3fe,GBPJPY,M1,consecutive_reversal,mean_reversion,10p,10p,newyork,True,True,True,30,1.2,0.0,0,-0.99,199,-4.92,389
0.898,27.27,7.12,0.01,-4.87,391.8,572,14,4,-0.0085,2.3946,momentum_bc2fdece,GBPJPY,M1,momentum,trend_follow,ATR×2.0,ATR×1.0,newyork,True,False,False,0,6.5,0.0,0,0.61,191,-5.48,381
0.7329,47.79,28.92,0.03,-28.86,71.0,2986,17,9,-0.0097,0.8007,rsi_reversal_07abdf76,GBPJPY,M1,rsi_reversal,mean_reversion,5p,15p,london,False,False,True,0,1.2,-5.27,658,-23.59,2328,0.0,0
inf,100.0,0.0,0.0,0.05,120.0,1,0,1,0.054,0.0,atr_break_09dc520d,GBPJPY,M1,atr_break,breakout,ATR×2.0,ATR×1.5,newyork,True,False,True,30,2.0,0.0,0,0.0,0,0.05,1
1.1182,58.93,0.86,0.0,0.22,73.9,56,4,5,0.0039,0.7793,hilo_break_de8ce1e8,GBPJPY,M1,hilo_break,breakout,7p,15p,newyork,False,True,True,30,1.2,0.0,0,0.34,22,-0.12,34
0.9548,41.43,7.74,0.01,-3.69,331.7,1207,14,9,-0.0031,1.3501,wick_reversal_bfe6a5b6,GBPJPY,M1,wick_reversal,mean_reversion,ATR×2.0,ATR×1.5,newyork,True,False,True,60,5.5,0.0,0,5.58,419,-9.27,788
0.8869,54.09,4.64,0.0,-3.34,212.2,514,10,10,-0.0065,0.7529,consecutive_reversal_11e4c9d4,GBPJPY,M1,consecutive_reversal,mean_reversion,ATR×2.0,ATR×1.5,newyork,True,False,True,60,3.5,0.0,0,-0.37,164,-2.97,350
0.8907,46.07,4.78,0.0,-2.16,182.5,382,10,7,-0.0057,1.0425,bb_bounce_544a855c,GBPJPY,M1,bb_bounce,mean_reversion,ATR×2.0,ATR×1.0,newyork,True,True,False,30,3.0,0.0,0,-2.33,141,0.17,241
0.8396,49.03,30.36,0.03,-28.3,119.7,3710,15,11,-0.0076,0.8729,wick_reversal_45a9dde1,GBPJPY,M1,wick_reversal,mean_reversion,15p,15p,newyork,False,False,True,15,2.0,0.0,0,-4.27,1247,-24.02,2463
0.6389,43.39,3.78,0.0,-3.62,60.8,295,8,8,-0.0123,0.8335,hilo_break_cd04a77b,GBPJPY,M1,hilo_break,breakout,5p,5p,newyork,True,True,True,0,1.0,0.0,0,-0.98,112,-2.64,183
0.6581,45.59,3.46,0.0,-2.94,69.4,204,15,5,-0.0144,0.7855,donchian_break_6294def8,GBPJPY,M1,donchian_break,breakout,5p,15p,london,True,False,True,0,1.2,-0.79,45,-2.15,159,0.0,0
0.807,46.21,17.11,0.02,-16.13,62.9,2547,11,8,-0.0063,0.9393,wick_reversal_20d923be,GBPJPY,M1,wick_reversal,mean_reversion,7p,7p,newyork,True,False,True,60,1.0,0.0,0,-5.04,888,-11.09,1659
0.6715,46.87,12.95,0.01,-12.54,76.9,975,14,8,-0.0129,0.7611,bb_bounce_7f421667,GBPJPY,M1,bb_bounce,mean_reversion,7p,15p,london,False,True,True,30,1.3,-1.66,204,-10.88,771,0.0,0
0.8261,46.18,17.17,0.02,-16.33,169.9,1754,12,9,-0.0093,0.9627,wick_reversal_75cb866d,GBPJPY,M1,wick_reversal,mean_reversion,ATR×1.5,ATR×1.0,london,True,True,True,15,2.8,-4.35,382,-11.98,1372,0.0,0
0.849,47.7,15.84,0.02,-13.43,145.2,1780,11,9,-0.0075,0.931,wick_reversal_8a9879f0,GBPJPY,M1,wick_reversal,mean_reversion,ATR×1.5,ATR×1.0,london,True,True,True,0,2.4,-1.97,401,-11.46,1379,0.0,0
0.7323,43.11,13.17,0.01,-13.17,69.9,1350,10,9,-0.0098,0.9663,momentum_0c399adc,GBPJPY,M1,momentum,trend_follow,15p,5p,london,False,False,True,15,1.2,-3.38,298,-9.79,1052,0.0,0
0.0,0.0,0.0,0.0,0.0,0.0,0,0,0,0.0,0.0,atr_break_fc3e99c1,GBPJPY,M1,atr_break,breakout,ATR×1.5,ATR×1.0,newyork,True,False,False,0,0.0,0.0,0,0.0,0,0.0,0
0.8381,48.71,1.7,0.0,-1.19,60.8,232,7,6,-0.0051,0.8826,donchian_break_202ccf14,GBPJPY,M1,donchian_break,breakout,5p,5p,london,True,True,False,0,1.0,-0.58,53,-0.61,179,0.0,0
0.8865,46.42,13.53,0.01,-9.55,194.3,1577,13,8,-0.0061,1.0234,wick_reversal_73524a68,GBPJPY,M1,wick_reversal,mean_reversion,ATR×2.0,ATR×1.0,newyork,True,True,False,15,3.2,0.0,0,1.98,546,-11.52,1031
0.8803,55.19,20.61,0.02,-18.89,217.8,2821,10,11,-0.0067,0.7147,wick_reversal_4653c98b,GBPJPY,M1,wick_reversal,mean_reversion,ATR×2.0,ATR×1.5,newyork,False,False,True,60,3.6,0.0,0,-3.74,959,-15.16,1862
0.7818,48.83,24.41,0.02,-23.35,111.9,2304,9,11,-0.0101,0.8193,wick_reversal_08d8cfad,GBPJPY,M1,wick_reversal,mean_reversion,15p,15p,newyork,True,True,True,15,1.9,0.0,0,-7.68,813,-15.67,1491
0.8374,35.54,2.69,0.0,-1.61,240.0,121,8,5,-0.0133,1.519,bb_bounce_fb1be8d0,GBPJPY,M1,bb_bounce,mean_reversion,ATR×1.5,ATR×1.0,london,True,False,False,0,4.0,-0.95,22,-0.66,99,0.0,0
0.7666,42.57,4.56,0.0,-4.18,69.4,491,11,9,-0.0085,1.0343,bb_bounce_5ff3af50,GBPJPY,M1,bb_bounce,mean_reversion,15p,5p,london,True,True,False,30,1.2,-0.58,97,-3.6,394,0.0,0
1.1688,55.27,1.02,0.0,1.87,101.2,313,6,6,0.006,0.9459,bb_bounce_1e29b53a,GBPJPY,M1,bb_bounce,mean_reversion,15p,15p,london,True,True,True,15,1.7,0.65,70,1.22,243,0.0,0
0.7798,49.92,20.09,0.02,-19.54,70.1,2564,9,12,-0.0076,0.7822,wick_reversal_0391bb67,GBPJPY,M1,wick_reversal,mean_reversion,5p,15p,london,True,True,True,30,1.2,-5.09,560,-14.45,2004,0.0,0
0.8021,51.27,2.97,0.0,-1.59,74.7,236,7,6,-0.0067,0.7623,wick_reversal_ef517f27,GBPJPY,M1,wick_reversal,mean_reversion,7p,15p,london,False,False,True,30,1.2,-0.31,50,-1.28,186,0.0,0
0.5948,42.74,13.81,0.01,-13.66,62.9,882,8,9,-0.0155,0.7967,momentum_418e123b,GBPJPY,M1,momentum,trend_follow,7p,7p,london,True,True,False,15,1.0,-2.57,193,-11.09,689,0.0,0
0.7701,43.29,4.75,0.0,-4.69,171.2,395,7,6,-0.0119,1.0088,bb_bounce_739e9d1f,GBPJPY,M1,bb_bounce,mean_reversion,ATR×2.0,ATR×1.0,london,True,True,True,60,2.9,-0.23,81,-4.46,314,0.0,0
1.0957,52.94,0.56,0.0,0.24,177.6,51,4,4,0.0047,0.9739,atr_break_6903a013,GBPJPY,M1,atr_break,breakout,ATR×2.0,ATR×1.0,london,True,True,True,15,3.0,-0.12,13,0.36,38,0.0,0
0.0,0.0,0.0,0.0,0.0,0.0,0,0,0,0.0,0.0,atr_break_bd398c6a,GBPJPY,M1,atr_break,breakout,5p,5p,newyork,True,True,True,0,0.0,0.0,0,0.0,0,0.0,0
0.6912,44.82,14.64,0.01,-14.64,60.8,1370,10,8,-0.0107,0.8511,momentum_93cd0d44,GBPJPY,M1,momentum,trend_follow,5p,5p,london,False,True,False,30,1.0,-3.34,303,-11.3,1067,0.0,0
0.7418,41.51,0.7,0.0,-0.49,69.1,53,7,4,-0.0092,1.0452,atr_break_6b3ae993,GBPJPY,M1,atr_break,breakout,5p,15p,london,True,True,True,15,1.2,-0.1,14,-0.39,39,0.0,0
inf,100.0,0.0,0.0,0.04,60.0,1,0,1,0.039,0.0,atr_break_4659fe37,GBPJPY,M1,atr_break,breakout,7p,7p,newyork,True,False,True,60,1.0,0.0,0,0.0,0,0.04,1
0.9243,43.3,0.97,0.0,-0.22,63.1,97,9,4,-0.0023,1.2104,atr_break_18d2a8c4,GBPJPY,M1,atr_break,breakout,5p,10p,london,False,True,True,15,1.1,-0.26,24,0.04,73,0.0,0
1.632,59.38,0.29,0.0,0.44,60.0,32,4,4,0.0137,1.1167,hilo_break_d8175b66,GBPJPY,M1,hilo_break,breakout,5p,5p,newyork,True,True,False,60,1.0,0.0,0,0.14,12,0.29,20
0.9165,36.45,10.17,0.01,-6.79,280.0,1133,12,6,-0.006,1.5977,rsi_reversal_05b14716,GBPJPY,M1,rsi_reversal,mean_reversion,ATR×1.5,ATR×1.0,newyork,True,False,False,60,4.7,0.0,0,-4.94,421,-1.85,712
0.682,52.08,7.25,0.01,-5.69,262.2,265,6,7,-0.0215,0.6276,hilo_break_c5647820,GBPJPY,M1,hilo_break,breakout,ATR×2.0,ATR×1.5,newyork,True,True,False,60,4.4,0.0,0,0.25,95,-5.95,170
0.9463,49.77,5.0,0.01,-1.2,189.3,432,10,12,-0.0028,0.9551,donchian_break_e1610c76,GBPJPY,M1,donchian_break,breakout,ATR×1.5,ATR×1.0,newyork,False,True,False,15,3.2,0.0,0,2.63,148,-3.82,284
1.1221,52.78,0.65,0.0,0.13,68.3,36,5,6,0.0036,1.004,hilo_break_ce48ca49,GBPJPY,M1,hilo_break,breakout,15p,5p,london,True,True,False,15,1.1,0.2,9,-0.07,27,0.0,0
0.7047,46.26,7.24,0.01,-6.86,69.7,642,7,7,-0.0107,0.8186,bb_bounce_1a152702,GBPJPY,M1,bb_bounce,mean_reversion,5p,15p,newyork,False,True,True,15,1.2,0.0,0,-1.9,220,-4.96,422
0.7619,46.58,27.89,0.03,-27.49,63.4,3448,14,9,-0.008,0.8738,rsi_reversal_72a9e3b0,GBPJPY,M1,rsi_reversal,mean_reversion,5p,10p,newyork,False,False,True,30,1.1,0.0,0,-15.75,1217,-11.74,2231
0.745,44.98,11.0,0.01,-10.81,60.7,1274,14,9,-0.0085,0.9114,bb_bounce_ccd1411c,GBPJPY,M1,bb_bounce,mean_reversion,5p,5p,newyork,True,False,True,15,1.0,0.0,0,-5.33,467,-5.49,807
0.8546,27.33,14.32,0.01,-10.99,1154.4,516,15,4,-0.0213,2.2729,rsi_reversal_ad17c837,GBPJPY,M1,rsi_reversal,mean_reversion,ATR×3.0,ATR×1.5,newyork,True,False,False,0,19.2,0.0,0,-5.38,195,-5.6,321
1.0572,51.79,1.58,0.0,0.39,280.2,112,8,8,0.0035,0.9843,bb_bounce_a07ea756,GBPJPY,M1,bb_bounce,mean_reversion,ATR×3.0,ATR×1.5,london,True,True,True,60,4.7,0.63,15,-0.24,97,0.0,0
inf,100.0,0.0,0.0,0.05,120.0,1,0,1,0.054,0.0,atr_break_cb5e1a1c,GBPJPY,M1,atr_break,breakout,ATR×2.0,ATR×1.0,newyork,True,True,False,30,2.0,0.0,0,0.0,0,0.05,1
1.0751,49.45,1.04,0.0,0.67,509.0,91,5,4,0.0074,1.099,bb_bounce_815cd7c6,GBPJPY,M1,bb_bounce,mean_reversion,ATR×2.0,ATR×1.5,newyork,True,False,False,15,8.5,0.0,0,0.82,37,-0.15,54
0.7907,46.05,12.25,0.01,-11.92,71.5,1583,11,8,-0.0075,0.9263,rsi_reversal_729391cf,GBPJPY,M1,rsi_reversal,mean_reversion,10p,10p,london,True,True,False,30,1.2,-2.71,359,-9.21,1224,0.0,0
0.661,43.85,3.79,0.0,-3.53,63.0,301,8,7,-0.0117,0.8462,donchian_break_09a319fc,GBPJPY,M1,donchian_break,breakout,7p,7p,newyork,True,True,True,30,1.1,0.0,0,-0.31,117,-3.22,184
0.6502,43.87,13.27,0.01,-12.77,60.5,1028,9,8,-0.0124,0.8318,bb_bounce_6d11db98,GBPJPY,M1,bb_bounce,mean_reversion,5p,5p,london,False,False,True,60,1.0,-1.78,213,-10.99,815,0.0,0
0.8546,49.64,9.71,0.01,-9.12,110.1,1376,9,8,-0.0066,0.8672,rsi_reversal_d5789ae7,GBPJPY,M1,rsi_reversal,mean_reversion,15p,15p,london,True,True,False,60,1.8,-0.49,313,-8.63,1063,0.0,0
inf,100.0,0.0,0.0,0.04,60.0,1,0,1,0.039,0.0,atr_break_e09ce090,GBPJPY,M1,atr_break,breakout,7p,7p,newyork,True,False,True,0,1.0,0.0,0,0.0,0,0.04,1
0.81,44.99,4.15,0.0,-2.44,69.4,369,12,6,-0.0066,0.9906,donchian_break_21b25075,GBPJPY,M1,donchian_break,breakout,15p,5p,london,False,True,False,15,1.2,-0.32,87,-2.12,282,0.0,0
0.8582,47.16,2.21,0.0,-1.25,141.8,176,7,7,-0.0071,0.9616,donchian_break_97905933,GBPJPY,M1,donchian_break,breakout,ATR×1.5,ATR×1.0,newyork,True,False,True,0,2.4,0.0,0,0.41,64,-1.66,112
0.6626,42.89,5.25,0.01,-5.22,73.1,408,9,6,-0.0128,0.8821,bb_bounce_68847ed2,GBPJPY,M1,bb_bounce,mean_reversion,10p,10p,newyork,True,True,False,60,1.2,0.0,0,-2.43,157,-2.8,251
1.1623,45.28,0.49,0.0,0.23,67.9,53,7,4,0.0044,1.4044,atr_break_f4fa65c9,GBPJPY,M1,atr_break,breakout,15p,7p,london,True,True,True,30,1.1,-0.05,12,0.28,41,0.0,0
0.9087,45.78,2.19,0.0,-1.34,69.5,450,8,6,-0.003,1.0763,bb_bounce_421ccaf3,GBPJPY,M1,bb_bounce,mean_reversion,15p,5p,london,True,True,False,15,1.2,0.51,102,-1.85,348,0.0,0
0.7771,42.88,37.31,0.04,-37.01,69.8,4709,14,8,-0.0079,1.0354,wick_reversal_ed0f59d2,GBPJPY,M1,wick_reversal,mean_reversion,15p,5p,london,False,True,False,60,1.2,-4.9,1053,-32.1,3656,0.0,0
0.9166,30.94,3.2,0.0,-1.81,376.2,278,9,3,-0.0065,2.0464,bb_bounce_4d1807c8,GBPJPY,M1,bb_bounce,mean_reversion,ATR×2.0,ATR×1.0,london,True,False,False,15,6.3,-1.27,64,-0.53,214,0.0,0
0.6522,45.69,15.52,0.02,-15.38,153.0,812,16,11,-0.0189,0.7753,bb_bounce_eb8bc43b,GBPJPY,M1,bb_bounce,mean_reversion,ATR×2.0,ATR×1.0,newyork,False,False,True,15,2.5,0.0,0,-7.49,290,-7.9,522
0.0,0.0,0.0,0.0,0.0,0.0,0,0,0,0.0,0.0,atr_break_08c5ef04,GBPJPY,M1,atr_break,breakout,5p,15p,newyork,True,True,True,15,0.0,0.0,0,0.0,0,0.0,0
0.8329,41.51,0.53,0.0,-0.29,66.8,53,7,3,-0.0054,1.1737,atr_break_16defd76,GBPJPY,M1,atr_break,breakout,5p,15p,london,True,True,False,15,1.1,-0.17,12,-0.12,41,0.0,0
0.7512,46.42,3.19,0.0,-2.67,62.8,321,15,6,-0.0083,0.8671,bb_bounce_86ae13cf,GBPJPY,M1,bb_bounce,mean_reversion,5p,10p,newyork,True,False,True,30,1.0,0.0,0,-0.47,105,-2.19,216
0.7886,50.4,17.46,0.02,-16.89,77.2,2272,10,9,-0.0074,0.7762,momentum_a5911685,GBPJPY,M1,momentum,trend_follow,7p,15p,newyork,False,False,False,30,1.3,0.0,0,-3.35,734,-13.55,1538
0.7315,47.9,8.21,0.01,-7.44,76.0,739,9,7,-0.0101,0.7955,momentum_599327b6,GBPJPY,M1,momentum,trend_follow,7p,15p,newyork,True,True,True,60,1.3,0.0,0,-3.16,244,-4.28,495
0.7397,48.61,51.66,0.05,-50.35,75.8,5229,10,10,-0.0096,0.7818,wick_reversal_d3505006,GBPJPY,M1,wick_reversal,mean_reversion,7p,15p,london,False,False,True,15,1.3,-11.56,1165,-38.79,4064,0.0,0
0.9711,52.36,5.12,0.01,-0.79,123.5,594,7,9,-0.0013,0.8837,hilo_break_9af471f1,GBPJPY,M1,hilo_break,breakout,15p,15p,london,False,False,False,15,2.1,-2.45,146,1.66,448,0.0,0
0.8601,47.91,14.28,0.01,-13.82,185.8,1795,11,10,-0.0077,0.9351,bb_bounce_d0265c13,GBPJPY,M1,bb_bounce,mean_reversion,ATR×1.5,ATR×1.0,newyork,False,True,False,60,3.1,0.0,0,-9.27,616,-4.55,1179
0.6516,44.34,4.3,0.0,-4.17,74.5,318,6,9,-0.0131,0.818,bb_bounce_2e4a7fd5,GBPJPY,M1,bb_bounce,mean_reversion,10p,10p,london,False,False,True,15,1.2,-0.96,72,-3.21,246,0.0,0
0.7582,47.79,5.11,0.01,-4.64,76.8,565,9,8,-0.0082,0.8284,consecutive_reversal_f3a2ad83,GBPJPY,M1,consecutive_reversal,mean_reversion,7p,15p,london,True,True,True,0,1.3,-2.53,134,-2.11,431,0.0,0
0.963,37.44,7.28,0.01,-3.01,259.7,1346,16,9,-0.0022,1.6089,wick_reversal_25c8079f,GBPJPY,M1,wick_reversal,mean_reversion,ATR×2.0,ATR×1.0,newyork,True,False,True,0,4.3,0.0,0,3.92,462,-6.93,884
1.2492,57.14,0.41,0.0,0.25,77.1,28,3,4,0.0089,0.9369,hilo_break_44ed7b3b,GBPJPY,M1,hilo_break,breakout,7p,15p,newyork,True,True,True,0,1.3,0.0,0,0.21,11,0.04,17
0.7519,46.69,28.09,0.03,-27.45,62.8,3350,14,10,-0.0082,0.8586,wick_reversal_cf8b0431,GBPJPY,M1,wick_reversal,mean_reversion,7p,7p,newyork,True,False,True,30,1.0,0.0,0,-8.32,1149,-19.12,2201
0.8433,44.69,7.48,0.01,-6.02,69.6,1177,9,11,-0.0051,1.0437,consecutive_reversal_d12e6daa,GBPJPY,M1,consecutive_reversal,mean_reversion,15p,5p,london,True,False,True,30,1.2,-2.13,261,-3.89,916,0.0,0
0.8182,42.55,3.86,0.0,-2.15,161.4,235,9,7,-0.0092,1.1046,wick_reversal_d0e8305a,GBPJPY,M1,wick_reversal,mean_reversion,ATR×2.0,ATR×1.0,newyork,True,True,False,15,2.7,0.0,0,0.01,86,-2.16,149
0.8834,47.78,3.7,0.0,-2.49,71.7,632,9,8,-0.0039,0.9653,donchian_break_48e941f3,GBPJPY,M1,donchian_break,breakout,10p,10p,london,False,True,False,60,1.2,-1.31,152,-1.18,480,0.0,0
1.2052,53.57,0.41,0.0,0.18,64.3,28,3,3,0.0065,1.0445,hilo_break_271695bf,GBPJPY,M1,hilo_break,breakout,7p,7p,newyork,True,True,True,60,1.1,0.0,0,0.27,11,-0.09,17
0.739,43.19,7.6,0.01,-6.82,69.7,727,12,5,-0.0094,0.972,momentum_aa2ccd82,GBPJPY,M1,momentum,trend_follow,15p,5p,london,True,True,False,0,1.2,-0.29,161,-6.53,566,0.0,0
0.7185,47.64,3.13,0.0,-2.71,119.4,191,6,5,-0.0142,0.7895,hilo_break_ed3ebe18,GBPJPY,M1,hilo_break,breakout,15p,15p,newyork,True,False,False,15,2.0,0.0,0,-0.39,67,-2.32,124
0.736,45.92,23.67,0.02,-23.19,72.6,2363,11,10,-0.0098,0.8669,wick_reversal_7b34d9f0,GBPJPY,M1,wick_reversal,mean_reversion,10p,10p,london,True,False,True,15,1.2,-3.54,540,-19.65,1823,0.0,0
0.6611,45.83,4.29,0.0,-3.84,64.4,312,8,6,-0.0123,0.7812,consecutive_reversal_327d12f2,GBPJPY,M1,consecutive_reversal,mean_reversion,5p,10p,newyork,True,False,True,30,1.1,0.0,0,-0.89,106,-2.95,206
0.7031,45.84,31.82,0.03,-31.13,73.0,2803,13,11,-0.0111,0.8306,wick_reversal_f0b0b78d,GBPJPY,M1,wick_reversal,mean_reversion,10p,10p,london,True,True,True,0,1.2,-8.19,634,-22.94,2169,0.0,0
0.8173,37.28,17.03,0.02,-12.26,738.5,523,12,4,-0.0234,1.3747,momentum_64f7a701,GBPJPY,M1,momentum,trend_follow,ATR×2.0,ATR×1.5,london,True,False,False,60,12.3,-5.56,124,-6.7,399,0.0,0
0.7594,48.59,3.57,0.0,-3.55,70.7,426,7,8,-0.0083,0.8034,bb_bounce_d9f9b3c8,GBPJPY,M1,bb_bounce,mean_reversion,5p,15p,london,True,False,True,15,1.2,0.0,88,-3.55,338,0.0,0
0.0,0.0,0.0,0.0,0.0,0.0,0,0,0,0.0,0.0,atr_break_d9fa213f,GBPJPY,M1,atr_break,breakout,5p,15p,london,True,True,False,0,0.0,0.0,0,0.0,0,0.0,0
0.7842,51.03,25.2,0.03,-23.62,76.7,3063,10,10,-0.0077,0.7526,wick_reversal_67ef6ad2,GBPJPY,M1,wick_reversal,mean_reversion,7p,15p,london,True,False,True,15,1.3,-4.52,700,-19.1,2363,0.0,0
0.7887,50.91,9.38,0.01,-8.5,75.9,1159,9,12,-0.0073,0.7606,consecutive_reversal_600c37fd,GBPJPY,M1,consecutive_reversal,mean_reversion,7p,15p,london,True,True,True,15,1.3,-3.5,254,-5.0,905,0.0,0
0.0,0.0,0.0,0.0,0.0,0.0,0,0,0,0.0,0.0,atr_break_23289237,GBPJPY,M1,atr_break,breakout,5p,10p,newyork,True,False,True,60,0.0,0.0,0,0.0,0,0.0,0
0.0,0.0,0.0,0.0,0.0,0.0,0,0,0,0.0,0.0,atr_break_6e56cbd8,GBPJPY,M1,atr_break,breakout,5p,15p,london,False,False,True,15,0.0,0.0,0,0.0,0,0.0,0
0.7316,46.2,9.13,0.01,-8.88,151.6,619,6,9,-0.0143,0.8519,bb_bounce_b3b07f20,GBPJPY,M1,bb_bounce,mean_reversion,ATR×2.0,ATR×1.0,newyork,False,False,True,60,2.5,0.0,0,-3.93,212,-4.95,407
0.8769,39.57,5.56,0.01,-2.79,637.9,187,7,6,-0.0149,1.3391,donchian_break_2809018d,GBPJPY,M1,donchian_break,breakout,ATR×2.0,ATR×1.5,newyork,True,False,False,30,10.6,0.0,0,1.33,69,-4.12,118
0.8828,48.47,3.74,0.0,-2.86,128.1,524,8,8,-0.0055,0.9384,consecutive_reversal_f79de467,GBPJPY,M1,consecutive_reversal,mean_reversion,15p,15p,london,True,False,False,60,2.1,-2.36,126,-0.51,398,0.0,0
0.9159,46.6,1.26,0.0,-0.89,74.0,309,8,7,-0.0029,1.0494,donchian_break_d9601565,GBPJPY,M1,donchian_break,breakout,15p,7p,london,True,True,True,0,1.2,-0.94,77,0.05,232,0.0,0
0.7524,45.1,10.59,0.01,-10.39,60.7,1295,13,8,-0.008,0.916,bb_bounce_373f0a1e,GBPJPY,M1,bb_bounce,mean_reversion,5p,5p,newyork,True,True,True,15,1.0,0.0,0,-6.15,455,-4.24,840
0.76,47.93,2.25,0.0,-1.81,64.0,242,9,11,-0.0075,0.8256,donchian_break_84ec5baf,GBPJPY,M1,donchian_break,breakout,5p,10p,newyork,True,True,False,60,1.1,0.0,0,-0.55,86,-1.26,156
0.7621,46.61,27.9,0.03,-27.5,63.5,3448,14,9,-0.008,0.873,rsi_reversal_4baf11eb,GBPJPY,M1,rsi_reversal,mean_reversion,5p,10p,newyork,False,True,False,30,1.1,0.0,0,-15.75,1217,-11.75,2231
0.7418,41.51,0.7,0.0,-0.49,69.1,53,7,4,-0.0092,1.0452,atr_break_3d60d401,GBPJPY,M1,atr_break,breakout,5p,15p,london,True,False,True,30,1.2,-0.1,14,-0.39,39,0.0,0
1.012,31.29,10.18,0.01,1.18,1314.0,652,22,4,0.0018,2.2224,wick_reversal_d597b727,GBPJPY,M1,wick_reversal,mean_reversion,ATR×3.0,ATR×1.5,newyork,False,False,False,0,21.9,0.0,0,-2.25,240,3.42,412
0.8373,48.7,16.23,0.02,-14.48,102.3,2072,11,9,-0.007,0.8821,wick_reversal_c05098dd,GBPJPY,M1,wick_reversal,mean_reversion,15p,15p,newyork,True,True,True,15,1.7,0.0,0,-0.87,716,-13.61,1356
0.0,0.0,0.0,0.0,0.0,0.0,0,0,0,0.0,0.0,atr_break_9c952ac9,GBPJPY,M1,atr_break,breakout,ATR×1.5,ATR×1.0,newyork,True,True,True,0,0.0,0.0,0,0.0,0,0.0,0
0.7065,44.03,10.02,0.01,-9.42,62.2,913,10,7,-0.0103,0.898,momentum_aa0386c1,GBPJPY,M1,momentum,trend_follow,7p,7p,newyork,True,True,True,0,1.0,0.0,0,-4.94,296,-4.48,617
0.8202,51.77,8.89,0.01,-7.18,74.7,1184,8,10,-0.0061,0.764,consecutive_reversal_0ab690a9,GBPJPY,M1,consecutive_reversal,mean_reversion,7p,15p,london,True,False,True,15,1.2,-2.89,256,-4.28,928,0.0,0
0.0,0.0,0.0,0.0,0.0,0.0,0,0,0,0.0,0.0,atr_break_43fb8a81,GBPJPY,M1,atr_break,breakout,15p,7p,london,False,False,False,15,0.0,0.0,0,0.0,0,0.0,0
0.7035,37.72,3.84,0.0,-3.35,86.8,289,11,6,-0.0116,1.1617,donchian_break_0e000638,GBPJPY,M1,donchian_break,breakout,20p,7p,newyork,True,False,True,15,1.4,0.0,0,0.18,110,-3.53,179
0.8159,38.62,1.75,0.0,-1.48,82.9,189,20,6,-0.0078,1.2965,hilo_break_38c8848f,GBPJPY,M1,hilo_break,breakout,20p,7p,london,True,True,False,30,1.4,-0.88,45,-0.6,144,0.0,0
0.7152,46.46,24.83,0.02,-24.56,63.9,2475,12,13,-0.0099,0.824,wick_reversal_f1ca22ce,GBPJPY,M1,wick_reversal,mean_reversion,5p,10p,london,True,True,True,60,1.1,-3.63,566,-20.94,1909,0.0,0
0.914,48.33,15.55,0.02,-13.37,183.5,2932,9,14,-0.0046,0.9772,wick_reversal_80419ca2,GBPJPY,M1,wick_reversal,mean_reversion,ATR×1.5,ATR×1.0,newyork,False,True,True,30,3.1,0.0,0,-2.25,967,-11.12,1965
0.7019,46.42,7.34,0.01,-6.96,70.1,642,7,7,-0.0108,0.8103,bb_bounce_4b9b1122,GBPJPY,M1,bb_bounce,mean_reversion,5p,15p,newyork,False,True,False,30,1.2,0.0,0,-1.84,220,-5.12,422
0.7772,45.69,18.54,0.02,-16.85,62.7,2322,13,16,-0.0073,0.9237,consecutive_reversal_661a0359,GBPJPY,M1,consecutive_reversal,mean_reversion,7p,7p,london,False,True,True,15,1.0,-4.59,507,-12.26,1815,0.0,0
0.9462,47.02,2.55,0.0,-0.83,168.6,285,11,8,-0.0029,1.0663,hilo_break_6e9a7225,GBPJPY,M1,hilo_break,breakout,ATR×1.5,ATR×1.0,london,True,True,False,30,2.8,-2.2,74,1.37,211,0.0,0
0.8484,47.67,3.56,0.0,-3.07,101.9,472,8,7,-0.0065,0.9314,bb_bounce_fcd02c1f,GBPJPY,M1,bb_bounce,mean_reversion,15p,15p,london,True,True,True,0,1.7,0.66,90,-3.74,382,0.0,0
0.7512,45.45,19.65,0.02,-19.11,60.8,2409,11,9,-0.0079,0.9015,momentum_68dac049,GBPJPY,M1,momentum,trend_follow,5p,5p,newyork,False,True,True,15,1.0,0.0,0,-3.34,789,-15.77,1620
0.8204,46.51,3.61,0.0,-2.92,74.5,458,11,6,-0.0064,0.9436,bb_bounce_571dfa9d,GBPJPY,M1,bb_bounce,mean_reversion,10p,10p,london,True,False,True,60,1.2,1.07,95,-3.99,363,0.0,0
0.809,46.77,41.26,0.04,-40.1,71.6,6012,15,12,-0.0067,0.9206,wick_reversal_bb185ba3,GBPJPY,M1,wick_reversal,mean_reversion,10p,10p,newyork,False,False,True,30,1.2,0.0,0,-9.25,2012,-30.85,4000
0.8552,44.52,1.59,0.0,-1.59,74.9,310,17,5,-0.0051,1.0659,bb_bounce_4ca3160b,GBPJPY,M1,bb_bounce,mean_reversion,15p,7p,london,True,True,True,30,1.2,0.02,63,-1.62,247,0.0,0
0.702,44.59,9.37,0.01,-9.29,60.4,933,9,9,-0.01,0.8724,bb_bounce_3eb340d4,GBPJPY,M1,bb_bounce,mean_reversion,5p,5p,london,False,False,True,30,1.0,-1.47,196,-7.82,737,0.0,0
0.7813,55.83,3.62,0.0,-2.19,234.5,163,4,6,-0.0134,0.6182,donchian_break_960704c6,GBPJPY,M1,donchian_break,breakout,ATR×3.0,ATR×1.5,newyork,True,True,True,15,3.9,0.0,0,0.09,69,-2.28,94
0.7491,47.4,11.91,0.01,-10.37,63.8,1249,9,13,-0.0083,0.8313,momentum_e6896ce1,GBPJPY,M1,momentum,trend_follow,5p,10p,london,True,False,False,60,1.1,-2.22,284,-8.14,965,0.0,0
0.7886,43.27,8.39,0.01,-8.18,69.5,1130,11,9,-0.0072,1.0337,consecutive_reversal_493665ac,GBPJPY,M1,consecutive_reversal,mean_reversion,15p,5p,newyork,False,False,True,30,1.2,0.0,0,-2.54,365,-5.64,765
0.7702,35.44,2.18,0.0,-1.28,270.4,79,6,4,-0.0163,1.4029,atr_break_590f7ba6,GBPJPY,M1,atr_break,breakout,ATR×2.0,ATR×1.0,newyork,False,False,True,15,4.5,0.0,0,-0.01,28,-1.27,51
0.7881,40.05,13.55,0.01,-13.44,82.1,1688,11,8,-0.008,1.1798,rsi_reversal_425f7bc2,GBPJPY,M1,rsi_reversal,mean_reversion,20p,7p,london,True,False,True,30,1.4,-1.03,355,-12.4,1333,0.0,0
0.7455,45.4,2.78,0.0,-2.64,63.1,326,6,7,-0.0081,0.8966,bb_bounce_e45679c1,GBPJPY,M1,bb_bounce,mean_reversion,7p,7p,london,False,False,False,30,1.1,-1.0,72,-1.64,254,0.0,0
0.7129,49.52,5.22,0.01,-4.44,79.3,414,8,6,-0.0107,0.7268,hilo_break_779159bb,GBPJPY,M1,hilo_break,breakout,7p,15p,newyork,False,False,True,60,1.3,0.0,0,-1.35,159,-3.08,255
0.8208,44.35,15.63,0.02,-14.68,68.9,2408,14,8,-0.0061,1.0298,wick_reversal_da714124,GBPJPY,M1,wick_reversal,mean_reversion,15p,5p,newyork,True,False,True,15,1.1,0.0,0,-3.28,825,-11.4,1583
1.3018,61.11,0.54,0.0,0.32,80.0,36,4,9,0.009,0.8284,hilo_break_32c2545c,GBPJPY,M1,hilo_break,breakout,7p,15p,london,True,False,True,0,1.3,0.22,9,0.11,27,0.0,0
0.9664,43.3,4.93,0.0,-1.55,639.7,455,10,7,-0.0034,1.2657,momentum_33099cb8,GBPJPY,M1,momentum,trend_follow,ATR×3.0,ATR×1.5,london,True,False,False,15,10.7,-2.1,92,0.56,363,0.0,0
0.9043,48.53,1.38,0.0,-1.03,72.3,307,9,5,-0.0033,0.9589,bb_bounce_3ede69e0,GBPJPY,M1,bb_bounce,mean_reversion,10p,10p,london,True,False,True,0,1.2,-0.04,62,-0.99,245,0.0,0
0.8426,47.51,5.55,0.01,-3.96,177.4,482,9,8,-0.0082,0.9309,consecutive_reversal_91a999c3,GBPJPY,M1,consecutive_reversal,mean_reversion,ATR×1.5,ATR×1.0,newyork,False,True,True,60,3.0,0.0,0,-0.43,158,-3.54,324
0.7931,41.19,9.93,0.01,-8.5,82.1,1158,16,7,-0.0073,1.1322,consecutive_reversal_ba736b1e,GBPJPY,M1,consecutive_reversal,mean_reversion,20p,7p,london,True,True,True,15,1.4,-2.39,248,-6.11,910,0.0,0
0.772,46.34,4.24,0.0,-3.31,144.0,287,7,7,-0.0115,0.8939,hilo_break_e0299b84,GBPJPY,M1,hilo_break,breakout,ATR×1.5,ATR×1.0,newyork,True,True,True,60,2.4,0.0,0,0.24,103,-3.56,184
0.8088,47.57,3.7,0.0,-2.63,71.8,412,8,7,-0.0064,0.8913,hilo_break_dfc5531a,GBPJPY,M1,hilo_break,breakout,10p,10p,newyork,False,True,True,0,1.2,0.0,0,-0.59,156,-2.04,256
0.4877,42.0,1.2,0.0,-1.06,84.0,50,6,4,-0.0213,0.6735,atr_break_2959d125,GBPJPY,M1,atr_break,breakout,7p,15p,newyork,True,True,False,15,1.4,0.0,0,-0.41,16,-0.65,34
0.8933,51.43,4.14,0.0,-1.99,103.6,420,7,6,-0.0047,0.8437,hilo_break_a4617a2b,GBPJPY,M1,hilo_break,breakout,15p,15p,london,False,False,True,60,1.7,-1.4,100,-0.59,320,0.0,0
0.8552,46.52,1.26,0.0,-0.83,67.7,187,7,7,-0.0045,0.983,hilo_break_4af8bf97,GBPJPY,M1,hilo_break,breakout,15p,5p,newyork,True,False,True,15,1.1,0.0,0,-0.58,70,-0.25,117
0.8101,47.87,5.87,0.01,-4.64,148.6,493,8,8,-0.0094,0.8822,consecutive_reversal_18096f07,GBPJPY,M1,consecutive_reversal,mean_reversion,ATR×1.5,ATR×1.0,newyork,False,True,True,30,2.5,0.0,0,-1.43,163,-3.22,330
0.8445,51.2,1.9,0.0,-1.17,69.1,250,7,6,-0.0047,0.8049,wick_reversal_c08bba01,GBPJPY,M1,wick_reversal,mean_reversion,5p,15p,newyork,True,False,True,30,1.2,0.0,0,-0.19,91,-0.98,159
0.976,52.24,1.1,0.0,-0.06,60.0,67,4,7,-0.0008,0.8924,hilo_break_3d10681a,GBPJPY,M1,hilo_break,breakout,7p,7p,london,False,False,True,15,1.0,-0.02,15,-0.04,52,0.0,0
0.8421,49.56,29.77,0.03,-27.38,112.5,3822,10,13,-0.0072,0.8572,wick_reversal_c58d94ee,GBPJPY,M1,wick_reversal,mean_reversion,15p,15p,newyork,False,True,False,60,1.9,0.0,0,-3.99,1279,-23.4,2543
0.7424,42.6,15.32,0.02,-14.01,183.7,986,11,10,-0.0142,1.0005,consecutive_reversal_48d67504,GBPJPY,M1,consecutive_reversal,mean_reversion,ATR×2.0,ATR×1.0,london,True,True,True,0,3.1,-3.81,215,-10.19,771,0.0,0
0.7356,46.92,4.51,0.0,-3.58,64.8,422,10,7,-0.0085,0.8322,hilo_break_f620656b,GBPJPY,M1,hilo_break,breakout,5p,10p,newyork,False,True,True,60,1.1,0.0,0,-1.37,163,-2.21,259
inf,100.0,0.0,0.0,0.05,120.0,1,0,1,0.054,0.0,atr_break_64452f4f,GBPJPY,M1,atr_break,breakout,ATR×3.0,ATR×1.5,newyork,True,True,True,30,2.0,0.0,0,0.0,0,0.05,1
0.9,50.35,6.95,0.01,-5.14,269.2,864,9,8,-0.006,0.8876,consecutive_reversal_a75cf808,GBPJPY,M1,consecutive_reversal,mean_reversion,ATR×3.0,ATR×1.5,london,True,True,True,15,4.5,-2.32,189,-2.82,675,0.0,0
0.8974,47.32,11.08,0.01,-9.17,173.1,1756,16,9,-0.0052,0.9989,wick_reversal_70769265,GBPJPY,M1,wick_reversal,mean_reversion,ATR×1.5,ATR×1.0,newyork,True,True,False,30,2.9,0.0,0,-0.42,612,-8.75,1144
0.7993,45.76,8.86,0.01,-8.0,125.5,778,9,6,-0.0103,0.9475,momentum_1a0609d1,GBPJPY,M1,momentum,trend_follow,15p,15p,newyork,True,False,False,0,2.1,0.0,0,-2.78,245,-5.22,533
0.7512,46.42,3.19,0.0,-2.67,62.8,321,15,6,-0.0083,0.8671,bb_bounce_a8ece785,GBPJPY,M1,bb_bounce,mean_reversion,5p,10p,newyork,True,True,True,30,1.0,0.0,0,-0.47,105,-2.19,216
0.7962,42.55,22.33,0.02,-22.02,83.3,2945,15,7,-0.0075,1.0752,wick_reversal_0c15daf7,GBPJPY,M1,wick_reversal,mean_reversion,20p,7p,london,True,True,True,0,1.4,-5.18,671,-16.85,2274,0.0,0
0.6748,44.38,8.94,0.01,-8.86,71.1,703,11,7,-0.0126,0.8457,momentum_f0f99cbe,GBPJPY,M1,momentum,trend_follow,10p,10p,london,True,False,False,15,1.2,-0.62,151,-8.24,552,0.0,0
1.3407,59.38,0.71,0.0,0.38,135.0,32,4,5,0.012,0.9174,hilo_break_3b2abaf2,GBPJPY,M1,hilo_break,breakout,ATR×2.0,ATR×1.0,london,True,False,True,0,2.2,0.34,8,0.04,24,0.0,0
0.9366,42.22,0.55,0.0,-0.09,69.3,45,10,5,-0.002,1.2817,atr_break_faae8c67,GBPJPY,M1,atr_break,breakout,15p,5p,newyork,True,False,False,15,1.2,0.0,0,-0.06,16,-0.03,29
0.769,47.71,26.25,0.03,-25.6,63.7,3364,11,11,-0.0076,0.8427,wick_reversal_40803f82,GBPJPY,M1,wick_reversal,mean_reversion,5p,10p,london,True,True,True,30,1.1,-4.26,720,-21.34,2644,0.0,0
0.0,0.0,0.0,0.0,0.0,0.0,0,0,0,0.0,0.0,atr_break_1551e1c1,GBPJPY,M1,atr_break,breakout,7p,7p,london,True,False,True,0,0.0,0.0,0,0.0,0,0.0,0
0.7744,46.32,40.71,0.04,-39.92,73.1,4810,13,10,-0.0083,0.8975,wick_reversal_9199524c,GBPJPY,M1,wick_reversal,mean_reversion,10p,10p,london,False,False,False,30,1.2,-6.15,1072,-33.77,3738,0.0,0
0.7956,48.91,12.43,0.01,-12.25,76.3,1648,10,11,-0.0074,0.8312,rsi_reversal_4239d440,GBPJPY,M1,rsi_reversal,mean_reversion,7p,15p,london,True,False,True,15,1.3,-1.79,351,-10.46,1297,0.0,0
1.0213,46.37,1.3,0.0,0.17,81.0,248,9,6,0.0007,1.1811,wick_reversal_c1b053b3,GBPJPY,M1,wick_reversal,mean_reversion,20p,7p,newyork,False,False,True,0,1.4,0.0,0,0.32,90,-0.15,158
0.9878,31.17,5.79,0.01,-0.39,1114.3,231,11,5,-0.0017,2.1814,bb_bounce_2eb3ef1b,GBPJPY,M1,bb_bounce,mean_reversion,ATR×3.0,ATR×1.5,newyork,True,False,False,0,18.6,0.0,0,-1.0,78,0.61,153
0.7836,48.79,12.79,0.01,-12.49,69.5,1699,10,10,-0.0074,0.8224,rsi_reversal_5d9e7bd9,GBPJPY,M1,rsi_reversal,mean_reversion,5p,15p,newyork,True,True,True,30,1.2,0.0,0,-6.38,622,-6.11,1077
0.7814,49.78,18.55,0.02,-17.37,75.0,2256,11,15,-0.0077,0.7884,consecutive_reversal_13b7e8d7,GBPJPY,M1,consecutive_reversal,mean_reversion,7p,15p,newyork,False,True,False,60,1.2,0.0,0,-0.69,760,-16.68,1496
inf,100.0,0.0,0.0,0.04,60.0,1,0,1,0.039,0.0,atr_break_42c23a3d,GBPJPY,M1,atr_break,breakout,20p,7p,newyork,True,True,False,15,1.0,0.0,0,0.0,0,0.04,1
1.0273,50.6,1.4,0.0,0.2,70.3,251,6,6,0.0008,1.0031,wick_reversal_c75da594,GBPJPY,M1,wick_reversal,mean_reversion,15p,5p,newyork,True,True,True,15,1.2,0.0,0,0.32,91,-0.11,160
0.6874,41.0,9.47,0.01,-8.83,76.0,717,10,8,-0.0123,0.989,momentum_1cc1aabf,GBPJPY,M1,momentum,trend_follow,15p,7p,newyork,True,False,False,60,1.3,0.0,0,-3.75,235,-5.08,482
0.6857,46.35,3.58,0.0,-3.13,116.9,192,7,5,-0.0163,0.7935,hilo_break_a4ea691a,GBPJPY,M1,hilo_break,breakout,15p,15p,newyork,True,False,False,15,1.9,0.0,0,-0.73,72,-2.4,120
0.8132,55.86,9.29,0.01,-8.43,232.0,768,12,13,-0.011,0.6426,bb_bounce_6ef724f6,GBPJPY,M1,bb_bounce,mean_reversion,ATR×3.0,ATR×1.5,london,False,False,True,0,3.9,0.53,162,-8.97,606,0.0,0
0.8821,47.95,12.34,0.01,-10.25,150.4,1756,12,9,-0.0058,0.9576,wick_reversal_7a5165a6,GBPJPY,M1,wick_reversal,mean_reversion,ATR×2.0,ATR×1.0,london,True,True,True,30,2.5,-1.72,397,-8.53,1359,0.0,0
0.7012,44.82,35.92,0.04,-35.78,63.6,3420,14,11,-0.0105,0.8631,rsi_reversal_1f936f8e,GBPJPY,M1,rsi_reversal,mean_reversion,5p,10p,london,False,True,True,15,1.1,-6.67,740,-29.11,2680,0.0,0
0.6622,46.63,2.58,0.0,-2.21,73.1,178,6,4,-0.0124,0.758,hilo_break_58288ec7,GBPJPY,M1,hilo_break,breakout,10p,10p,newyork,True,False,True,15,1.2,0.0,0,-0.1,77,-2.11,101
0.8398,52.51,14.75,0.01,-14.14,269.2,1455,9,10,-0.0097,0.7596,wick_reversal_b5947e51,GBPJPY,M1,wick_reversal,mean_reversion,ATR×3.0,ATR×1.5,london,True,True,True,0,4.5,-3.9,303,-10.24,1152,0.0,0
0.7516,46.47,7.8,0.01,-7.6,112.9,652,10,7,-0.0117,0.8658,momentum_080da5d4,GBPJPY,M1,momentum,trend_follow,15p,15p,newyork,True,True,True,0,1.9,0.0,0,-2.92,203,-4.69,449
0.8303,45.67,1.74,0.0,-1.06,122.4,127,7,8,-0.0084,0.9877,bb_bounce_b7ba7981,GBPJPY,M1,bb_bounce,mean_reversion,15p,15p,london,True,False,True,0,2.0,0.11,22,-1.17,105,0.0,0
0.8475,48.18,14.51,0.01,-13.13,71.4,2499,9,9,-0.0053,0.9115,wick_reversal_7696245c,GBPJPY,M1,wick_reversal,mean_reversion,10p,10p,newyork,True,True,True,0,1.2,0.0,0,-3.91,863,-9.22,1636
0.7725,43.57,5.11,0.01,-4.81,71.9,583,10,11,-0.0082,1.0005,consecutive_reversal_f9b29261,GBPJPY,M1,consecutive_reversal,mean_reversion,15p,7p,newyork,True,False,True,60,1.2,0.0,0,-0.9,197,-3.91,386
1.0093,52.46,2.63,0.0,0.12,160.7,305,6,9,0.0004,0.9147,donchian_break_b36dcb59,GBPJPY,M1,donchian_break,breakout,ATR×2.0,ATR×1.0,newyork,False,True,True,0,2.7,0.0,0,1.29,113,-1.17,192
0.6965,48.23,31.74,0.03,-31.12,70.2,2859,10,10,-0.0109,0.7475,wick_reversal_2d81a368,GBPJPY,M1,wick_reversal,mean_reversion,5p,15p,london,True,True,False,60,1.2,-5.94,605,-25.18,2254,0.0,0
1.1656,56.36,0.66,0.0,0.39,147.3,55,5,5,0.007,0.9024,hilo_break_43413158,GBPJPY,M1,hilo_break,breakout,ATR×2.0,ATR×1.0,newyork,False,True,True,15,2.5,0.0,0,0.19,22,0.2,33
0.6841,47.1,8.12,0.01,-7.78,74.7,637,7,7,-0.0122,0.7684,bb_bounce_8c591d63,GBPJPY,M1,bb_bounce,mean_reversion,7p,15p,newyork,False,True,True,30,1.2,0.0,0,-1.85,220,-5.93,417
0.877,45.54,1.12,0.0,-0.43,80.2,101,7,4,-0.0043,1.0486,bb_bounce_3c5dc32c,GBPJPY,M1,bb_bounce,mean_reversion,15p,7p,newyork,True,True,True,30,1.3,0.0,0,-0.47,44,0.03,57
0.9252,44.96,2.13,0.0,-0.77,127.3,238,9,7,-0.0032,1.1327,wick_reversal_b5e89062,GBPJPY,M1,wick_reversal,mean_reversion,ATR×1.5,ATR×1.0,newyork,False,False,True,30,2.1,0.0,0,0.24,88,-1.01,150
0.8685,46.26,17.33,0.02,-14.21,147.5,2203,10,9,-0.0064,1.0091,wick_reversal_2cd6a83c,GBPJPY,M1,wick_reversal,mean_reversion,ATR×2.0,ATR×1.0,newyork,True,True,True,30,2.5,0.0,0,-4.34,757,-9.87,1446
0.9913,37.43,2.0,0.0,-0.1,236.0,179,8,5,-0.0006,1.6572,hilo_break_ec2d03af,GBPJPY,M1,hilo_break,breakout,ATR×2.0,ATR×1.0,london,True,False,True,15,3.9,-0.52,43,0.43,136,0.0,0
0.9061,55.77,17.77,0.02,-13.52,217.3,2627,8,11,-0.0051,0.7187,wick_reversal_41f75efa,GBPJPY,M1,wick_reversal,mean_reversion,ATR×2.0,ATR×1.5,london,False,True,True,60,3.6,1.37,581,-14.89,2046,0.0,0
0.5838,43.21,14.14,0.01,-13.89,63.8,861,8,7,-0.0161,0.7674,momentum_94181074,GBPJPY,M1,momentum,trend_follow,5p,10p,london,True,True,False,15,1.1,-3.34,203,-10.55,658,0.0,0
0.8474,50.0,1.77,0.0,-1.19,93.8,160,6,5,-0.0074,0.8474,donchian_break_e2a805a5,GBPJPY,M1,donchian_break,breakout,15p,15p,london,True,True,True,60,1.6,-0.6,35,-0.58,125,0.0,0
0.845,47.24,18.45,0.02,-15.42,188.7,1776,9,9,-0.0087,0.9438,momentum_584fbc6e,GBPJPY,M1,momentum,trend_follow,ATR×1.5,ATR×1.0,newyork,False,True,False,30,3.1,0.0,0,-9.68,575,-5.74,1201
1.1588,56.9,1.5,0.0,1.03,270.0,116,5,7,0.0089,0.8779,bb_bounce_2a7f6d78,GBPJPY,M1,bb_bounce,mean_reversion,ATR×3.0,ATR×1.5,newyork,True,True,True,15,4.5,0.0,0,1.08,41,-0.05,75
0.8511,49.65,1.13,0.0,-0.68,62.9,143,5,5,-0.0047,0.8631,bb_bounce_8ff82c53,GBPJPY,M1,bb_bounce,mean_reversion,5p,10p,london,True,True,True,60,1.0,-0.13,28,-0.55,115,0.0,0
0.7496,45.15,5.12,0.01,-4.95,61.2,598,12,6,-0.0083,0.9107,consecutive_reversal_ecd58196,GBPJPY,M1,consecutive_reversal,mean_reversion,5p,5p,newyork,True,False,True,15,1.0,0.0,0,-1.34,201,-3.62,397
0.8145,46.97,7.93,0.01,-7.88,63.2,1269,11,9,-0.0062,0.9197,bb_bounce_06c231c6,GBPJPY,M1,bb_bounce,mean_reversion,5p,10p,london,True,False,True,0,1.1,-0.59,280,-7.28,989,0.0,0
0.8075,41.92,3.11,0.0,-2.13,79.9,334,7,5,-0.0064,1.1189,donchian_break_34334dbe,GBPJPY,M1,donchian_break,breakout,20p,7p,newyork,False,True,True,0,1.3,0.0,0,-0.45,125,-1.68,209
0.7225,40.84,8.21,0.01,-7.62,70.6,742,11,6,-0.0103,1.0468,momentum_4a99e508,GBPJPY,M1,momentum,trend_follow,15p,5p,newyork,True,False,True,15,1.2,0.0,0,-3.01,250,-4.61,492
0.7581,45.87,2.63,0.0,-2.49,62.9,327,6,7,-0.0076,0.8945,bb_bounce_1974e076,GBPJPY,M1,bb_bounce,mean_reversion,7p,7p,london,False,True,True,30,1.0,-0.84,73,-1.64,254,0.0,0
0.7589,45.65,13.66,0.01,-12.85,208.8,896,11,8,-0.0143,0.9036,consecutive_reversal_3af20c22,GBPJPY,M1,consecutive_reversal,mean_reversion,ATR×2.0,ATR×1.0,london,False,True,True,0,3.5,-6.88,216,-5.97,680,0.0,0
0.9055,45.05,11.55,0.01,-9.56,188.2,1929,12,10,-0.005,1.1046,wick_reversal_a58bc0b9,GBPJPY,M1,wick_reversal,mean_reversion,ATR×2.0,ATR×1.0,newyork,True,True,True,60,3.1,0.0,0,-2.81,683,-6.75,1246
0.6998,41.76,11.55,0.01,-11.3,71.0,1013,13,7,-0.0112,0.976,bb_bounce_b202baf8,GBPJPY,M1,bb_bounce,mean_reversion,15p,5p,newyork,False,True,False,60,1.2,0.0,0,-4.7,363,-6.6,650
0.6856,44.44,0.82,0.0,-0.47,72.0,45,9,5,-0.0104,0.857,atr_break_d330e2ff,GBPJPY,M1,atr_break,breakout,5p,15p,newyork,True,True,True,0,1.2,0.0,0,-0.22,16,-0.24,29
0.704,42.65,6.18,0.01,-6.02,72.6,558,11,6,-0.0108,0.9466,consecutive_reversal_f4c233b7,GBPJPY,M1,consecutive_reversal,mean_reversion,10p,10p,london,True,True,False,15,1.2,-1.89,142,-4.12,416,0.0,0
0.8623,52.45,15.03,0.02,-12.62,250.8,1510,8,10,-0.0084,0.7817,wick_reversal_0713bdaa,GBPJPY,M1,wick_reversal,mean_reversion,ATR×2.0,ATR×1.5,newyork,True,True,True,15,4.2,0.0,0,-2.12,525,-10.5,985
0.654,32.21,7.39,0.01,-6.19,202.9,267,14,4,-0.0232,1.3765,hilo_break_3c86c8fa,GBPJPY,M1,hilo_break,breakout,ATR×1.5,ATR×1.0,newyork,True,False,True,15,3.4,0.0,0,-0.34,98,-5.86,169
0.7247,47.92,29.68,0.03,-29.42,69.8,3036,17,9,-0.0097,0.7874,rsi_reversal_746df3fc,GBPJPY,M1,rsi_reversal,mean_reversion,5p,15p,newyork,False,True,True,15,1.2,0.0,0,-14.71,1044,-14.71,1992
0.7995,47.57,3.78,0.0,-2.79,72.1,412,8,7,-0.0068,0.8811,hilo_break_d653b8c1,GBPJPY,M1,hilo_break,breakout,10p,10p,newyork,False,False,True,0,1.2,0.0,0,-0.68,156,-2.11,256
0.8445,51.2,1.9,0.0,-1.17,69.1,250,7,6,-0.0047,0.8049,wick_reversal_b7923c49,GBPJPY,M1,wick_reversal,mean_reversion,5p,15p,newyork,False,True,True,0,1.2,0.0,0,-0.19,91,-0.98,159
0.7751,43.65,13.43,0.01,-12.42,172.9,976,12,7,-0.0127,1.0007,consecutive_reversal_b8ef17a8,GBPJPY,M1,consecutive_reversal,mean_reversion,ATR×1.5,ATR×1.0,london,True,True,True,15,2.9,-3.99,216,-8.43,760,0.0,0
0.7181,47.31,33.63,0.03,-33.41,70.7,3268,19,10,-0.0102,0.7999,rsi_reversal_33ac96de,GBPJPY,M1,rsi_reversal,mean_reversion,5p,15p,london,False,True,False,0,1.2,-5.9,715,-27.51,2553,0.0,0
0.7659,41.75,10.53,0.01,-10.27,70.3,1255,11,8,-0.0082,1.0684,bb_bounce_9747ecab,GBPJPY,M1,bb_bounce,mean_reversion,15p,5p,newyork,True,False,True,15,1.2,0.0,0,-5.49,444,-4.79,811
0.7929,45.57,2.37,0.0,-1.93,63.7,305,7,8,-0.0063,0.9469,bb_bounce_e73404cb,GBPJPY,M1,bb_bounce,mean_reversion,5p,10p,newyork,False,True,False,60,1.1,0.0,0,-0.62,113,-1.31,192
0.7181,44.19,3.15,0.0,-2.84,62.7,310,14,8,-0.0092,0.9067,hilo_break_1e9f18da,GBPJPY,M1,hilo_break,breakout,7p,7p,newyork,True,True,True,15,1.0,0.0,0,-0.79,107,-2.05,203
0.706,44.98,14.81,0.01,-14.47,105.2,1036,14,8,-0.014,0.8635,consecutive_reversal_3d38ed56,GBPJPY,M1,consecutive_reversal,mean_reversion,15p,15p,london,False,True,True,30,1.8,-5.06,246,-9.42,790,0.0,0
0.7226,45.02,13.7,0.01,-13.42,72.1,1315,10,8,-0.0102,0.8825,momentum_8846a2d3,GBPJPY,M1,momentum,trend_follow,10p,10p,newyork,False,True,True,15,1.2,0.0,0,-6.0,433,-7.43,882
0.7689,49.51,10.48,0.01,-9.37,69.8,1228,8,16,-0.0076,0.7841,consecutive_reversal_d830a841,GBPJPY,M1,consecutive_reversal,mean_reversion,5p,15p,newyork,True,False,True,60,1.2,0.0,0,-0.38,433,-8.99,795
0.692,45.99,4.15,0.0,-3.7,62.5,337,10,6,-0.011,0.8125,consecutive_reversal_21068f75,GBPJPY,M1,consecutive_reversal,mean_reversion,7p,7p,newyork,True,False,False,0,1.0,0.0,0,-0.25,107,-3.46,230
0.9212,28.33,7.82,0.01,-4.77,429.0,720,19,5,-0.0066,2.3302,momentum_c23ad419,GBPJPY,M1,momentum,trend_follow,ATR×2.0,ATR×1.0,newyork,True,False,False,60,7.2,0.0,0,-3.86,248,-0.91,472
1.2666,40.0,0.55,0.0,0.41,85.2,50,6,3,0.0082,1.8999,atr_break_f2936448,GBPJPY,M1,atr_break,breakout,20p,7p,newyork,True,True,True,30,1.4,0.0,0,0.17,16,0.24,34
0.7491,43.71,10.93,0.01,-10.51,69.2,1240,11,7,-0.0085,0.9647,momentum_87bcb7e5,GBPJPY,M1,momentum,trend_follow,15p,5p,newyork,True,True,True,0,1.2,0.0,0,-3.23,417,-7.28,823
0.7821,55.07,10.42,0.01,-10.23,219.2,779,8,11,-0.0131,0.6381,bb_bounce_d15982e9,GBPJPY,M1,bb_bounce,mean_reversion,ATR×2.0,ATR×1.5,london,False,True,True,0,3.7,-1.01,162,-9.23,617,0.0,0
0.7491,46.13,11.57,0.01,-10.81,72.6,1214,22,8,-0.0089,0.8749,momentum_6636e2e2,GBPJPY,M1,momentum,trend_follow,10p,10p,london,True,False,True,0,1.2,-1.72,269,-9.09,945,0.0,0
1.1541,53.25,1.18,0.0,1.58,185.5,231,8,7,0.0069,1.0133,wick_reversal_7ab7c55e,GBPJPY,M1,wick_reversal,mean_reversion,ATR×3.0,ATR×1.5,newyork,True,True,True,15,3.1,0.0,0,1.33,87,0.25,144
0.7424,44.47,4.85,0.0,-4.43,72.4,461,9,6,-0.0096,0.9271,bb_bounce_be56fd97,GBPJPY,M1,bb_bounce,mean_reversion,10p,10p,newyork,True,True,True,30,1.2,0.0,0,-1.13,162,-3.3,299
0.9376,41.73,11.73,0.01,-7.71,417.1,1680,11,7,-0.0046,1.3094,wick_reversal_6a10b419,GBPJPY,M1,wick_reversal,mean_reversion,ATR×3.0,ATR×1.5,newyork,False,False,True,0,7.0,0.0,0,5.37,558,-13.08,1122
0.6376,45.66,4.84,0.0,-4.08,71.2,311,10,7,-0.0131,0.7588,donchian_break_3da57bf4,GBPJPY,M1,donchian_break,breakout,5p,15p,newyork,True,True,True,60,1.2,0.0,0,-1.04,116,-3.05,195
0.8913,37.1,20.55,0.02,-19.7,246.2,2749,17,9,-0.0072,1.5108,wick_reversal_78a8fce3,GBPJPY,M1,wick_reversal,mean_reversion,ATR×1.5,ATR×1.0,newyork,False,False,True,0,4.1,0.0,0,-1.9,925,-17.81,1824
0.6528,45.86,2.45,0.0,-2.13,63.6,181,6,4,-0.0118,0.7707,donchian_break_f8187d8d,GBPJPY,M1,donchian_break,breakout,7p,7p,newyork,True,False,True,60,1.1,0.0,0,-0.33,79,-1.8,102
0.7773,38.42,11.17,0.01,-10.95,90.4,1239,14,7,-0.0088,1.2459,bb_bounce_8570edec,GBPJPY,M1,bb_bounce,mean_reversion,20p,7p,london,True,False,True,30,1.5,-0.94,257,-10.01,982,0.0,0
1.4924,58.06,0.26,0.0,0.49,110.3,31,2,3,0.0156,1.0778,hilo_break_b809ceaa,GBPJPY,M1,hilo_break,breakout,15p,15p,newyork,True,False,True,0,1.8,0.0,0,-0.12,11,0.61,20
0.7506,38.85,10.2,0.01,-9.99,92.8,991,15,6,-0.0101,1.1815,bb_bounce_c300168e,GBPJPY,M1,bb_bounce,mean_reversion,20p,7p,newyork,False,False,True,60,1.5,0.0,0,-3.56,360,-6.43,631
0.9105,36.39,10.3,0.01,-3.71,996.5,316,14,5,-0.0117,1.5913,consecutive_reversal_5725ffa7,GBPJPY,M1,consecutive_reversal,mean_reversion,ATR×3.0,ATR×1.5,london,False,False,False,30,16.6,-2.5,82,-1.21,234,0.0,0
0.8916,48.55,2.48,0.0,-0.88,71.2,241,10,6,-0.0036,0.9449,wick_reversal_68680e64,GBPJPY,M1,wick_reversal,mean_reversion,15p,5p,london,True,True,False,30,1.2,0.0,52,-0.88,189,0.0,0
inf,100.0,0.0,0.0,0.05,120.0,1,0,1,0.054,0.0,atr_break_58cfc0f8,GBPJPY,M1,atr_break,breakout,ATR×3.0,ATR×1.5,newyork,True,True,True,30,2.0,0.0,0,0.0,0,0.05,1
0.6891,48.27,32.37,0.03,-31.74,70.1,2834,12,11,-0.0112,0.7385,wick_reversal_7122eb94,GBPJPY,M1,wick_reversal,mean_reversion,5p,15p,london,True,True,False,60,1.2,-6.92,634,-24.82,2200,0.0,0
0.7441,48.11,3.29,0.0,-2.82,67.2,318,9,6,-0.0089,0.8024,bb_bounce_a51430f5,GBPJPY,M1,bb_bounce,mean_reversion,5p,15p,newyork,True,True,True,60,1.1,0.0,0,-0.23,104,-2.59,214
0.9456,55.46,3.87,0.0,-2.65,206.2,961,12,9,-0.0028,0.7593,momentum_8385800d,GBPJPY,M1,momentum,trend_follow,ATR×3.0,ATR×1.5,london,True,False,True,15,3.4,0.95,229,-3.6,732,0.0,0
0.6357,43.34,3.88,0.0,-3.73,62.7,293,8,8,-0.0127,0.8309,donchian_break_0722e0bc,GBPJPY,M1,donchian_break,breakout,7p,7p,newyork,True,True,True,30,1.0,0.0,0,-0.98,110,-2.75,183
0.0,0.0,0.0,0.0,0.0,0.0,0,0,0,0.0,0.0,atr_break_c0a4f146,GBPJPY,M1,atr_break,breakout,5p,5p,london,True,True,True,60,0.0,0.0,0,0.0,0,0.0,0
0.7061,45.73,12.99,0.01,-12.63,69.1,1616,10,8,-0.0078,0.838,momentum_565d63e9,USDJPY,M1,momentum,trend_follow,7p,7p,london,False,False,True,15,1.2,-2.42,342,-10.21,1274,0.0,0
0.7824,43.59,1.08,0.0,-0.44,315.4,39,5,5,-0.0112,1.0125,atr_break_bc18667d,USDJPY,M1,atr_break,breakout,ATR×2.0,ATR×1.5,newyork,True,False,True,15,5.3,0.0,0,0.16,10,-0.6,29
0.7608,54.32,8.6,0.01,-7.94,111.8,1064,11,9,-0.0075,0.6397,bb_bounce_bdb95394,USDJPY,M1,bb_bounce,mean_reversion,7p,15p,newyork,True,True,False,0,1.9,0.0,0,-1.93,358,-6.01,706
0.7167,48.08,10.98,0.01,-10.19,101.2,1094,9,9,-0.0093,0.7739,momentum_14eb2ab9,USDJPY,M1,momentum,trend_follow,10p,10p,newyork,True,True,False,15,1.7,0.0,0,-4.44,374,-5.75,720
0.6169,51.72,4.15,0.0,-4.14,94.7,348,6,6,-0.0119,0.5758,donchian_break_9452ff3b,USDJPY,M1,donchian_break,breakout,5p,15p,newyork,False,True,False,15,1.6,0.0,0,-1.61,116,-2.54,232
0.6479,43.53,2.73,0.0,-2.55,63.5,278,12,7,-0.0092,0.8407,consecutive_reversal_fbc95605,USDJPY,M1,consecutive_reversal,mean_reversion,5p,5p,london,True,True,True,60,1.1,-0.6,53,-1.95,225,0.0,0
0.9212,51.39,1.17,0.0,-0.52,74.8,288,5,6,-0.0018,0.8714,bb_bounce_9a45141f,USDJPY,M1,bb_bounce,mean_reversion,5p,10p,london,False,True,True,0,1.2,0.18,68,-0.7,220,0.0,0
0.686,48.24,2.22,0.0,-2.22,74.8,255,6,6,-0.0087,0.7362,donchian_break_583619f4,USDJPY,M1,donchian_break,breakout,5p,10p,newyork,True,False,True,15,1.2,0.0,0,-0.68,79,-1.54,176
0.5419,50.12,11.98,0.01,-11.71,96.4,802,8,8,-0.0146,0.5392,momentum_94c5f56c,USDJPY,M1,momentum,trend_follow,5p,15p,newyork,True,False,True,15,1.6,0.0,0,-4.32,265,-7.38,537
0.4881,20.0,1.21,0.0,-1.21,303.4,35,12,3,-0.0345,1.9525,hilo_break_6b37932e,USDJPY,M1,hilo_break,breakout,ATR×2.0,ATR×1.0,london,True,False,False,15,5.1,-0.62,6,-0.59,29,0.0,0
0.9776,55.0,3.04,0.0,-0.83,362.2,780,6,10,-0.0011,0.7999,bb_bounce_85b5e846,USDJPY,M1,bb_bounce,mean_reversion,ATR×3.0,ATR×1.5,newyork,True,True,False,0,6.0,0.0,0,-0.39,266,-0.45,514
0.6692,43.94,11.56,0.01,-11.17,62.3,1336,9,9,-0.0084,0.8539,momentum_3e6f33fe,USDJPY,M1,momentum,trend_follow,5p,5p,newyork,False,True,False,0,1.0,0.0,0,-3.13,443,-8.03,893
0.0,0.0,0.0,0.0,0.0,0.0,0,0,0,0.0,0.0,atr_break_59710d81,USDJPY,M1,atr_break,breakout,20p,7p,newyork,False,True,False,30,0.0,0.0,0,0.0,0,0.0,0
0.7991,37.33,2.77,0.0,-2.75,691.6,150,6,4,-0.0184,1.3414,donchian_break_aa78ac59,USDJPY,M1,donchian_break,breakout,ATR×2.0,ATR×1.5,london,True,False,False,60,11.5,-1.64,30,-1.12,120,0.0,0
0.7476,40.89,17.52,0.02,-16.72,93.3,2233,16,7,-0.0075,1.0808,momentum_374e51bd,USDJPY,M1,momentum,trend_follow,15p,7p,newyork,False,False,True,30,1.6,0.0,0,-7.58,758,-9.14,1475
0.7182,46.4,18.05,0.02,-17.49,68.9,2392,12,10,-0.0073,0.8295,wick_reversal_f8fd7397,USDJPY,M1,wick_reversal,mean_reversion,7p,7p,london,True,True,True,30,1.1,-5.38,547,-12.11,1845,0.0,0
0.6852,45.16,3.52,0.0,-3.52,258.4,186,8,7,-0.0189,0.832,hilo_break_87aaa6e6,USDJPY,M1,hilo_break,breakout,15p,15p,newyork,True,False,False,0,4.3,0.0,0,-1.14,66,-2.38,120
0.4915,32.84,1.24,0.0,-1.23,101.2,67,10,3,-0.0183,1.0053,hilo_break_18bd290e,USDJPY,M1,hilo_break,breakout,20p,7p,london,False,True,True,15,1.7,-0.15,12,-1.07,55,0.0,0
0.7047,46.14,3.5,0.0,-3.24,71.3,414,8,7,-0.0078,0.8228,hilo_break_7b9ecbba,USDJPY,M1,hilo_break,breakout,7p,7p,london,False,False,False,30,1.2,-0.97,87,-2.27,327,0.0,0
0.6488,35.62,0.83,0.0,-0.71,103.6,73,7,4,-0.0098,1.1728,atr_break_0c93eb91,USDJPY,M1,atr_break,breakout,20p,7p,newyork,False,False,True,60,1.7,0.0,0,0.1,21,-0.81,52
0.8255,51.18,2.34,0.0,-1.91,106.8,340,7,6,-0.0056,0.7876,bb_bounce_f6c18e9f,USDJPY,M1,bb_bounce,mean_reversion,10p,10p,london,True,False,True,15,1.8,-0.75,72,-1.16,268,0.0,0
0.7609,46.9,4.27,0.0,-3.96,99.1,548,7,6,-0.0072,0.8616,consecutive_reversal_348ac3fe,USDJPY,M1,consecutive_reversal,mean_reversion,10p,10p,newyork,True,True,True,30,1.7,0.0,0,-2.6,203,-1.36,345
0.6885,23.17,12.02,0.01,-11.93,402.5,574,17,5,-0.0208,2.2829,momentum_bc2fdece,USDJPY,M1,momentum,trend_follow,ATR×2.0,ATR×1.0,newyork,True,False,False,0,6.7,0.0,0,-5.98,194,-5.95,380
0.7509,53.04,17.7,0.02,-17.49,91.3,2632,9,9,-0.0066,0.6648,rsi_reversal_07abdf76,USDJPY,M1,rsi_reversal,mean_reversion,5p,15p,london,False,False,True,0,1.5,-3.05,576,-14.44,2056,0.0,0
0.0,0.0,0.0,0.0,0.0,0.0,0,0,0,0.0,0.0,atr_break_09dc520d,USDJPY,M1,atr_break,breakout,ATR×2.0,ATR×1.5,newyork,True,False,True,30,0.0,0.0,0,0.0,0,0.0,0
0.5004,46.77,1.34,0.0,-1.14,102.6,62,5,4,-0.0184,0.5695,hilo_break_de8ce1e8,USDJPY,M1,hilo_break,breakout,7p,15p,newyork,False,True,True,30,1.7,0.0,0,-0.96,20,-0.18,42
0.8218,41.05,13.63,0.01,-10.82,335.1,1184,12,8,-0.0091,1.1803,wick_reversal_bfe6a5b6,USDJPY,M1,wick_reversal,mean_reversion,ATR×2.0,ATR×1.5,newyork,True,False,True,60,5.6,0.0,0,-4.95,398,-5.86,786
0.9491,54.81,3.79,0.0,-0.96,205.7,509,9,10,-0.0019,0.7824,consecutive_reversal_11e4c9d4,USDJPY,M1,consecutive_reversal,mean_reversion,ATR×2.0,ATR×1.5,newyork,True,False,True,60,3.4,0.0,0,-1.7,172,0.74,337
0.9146,49.87,2.29,0.0,-1.34,203.2,385,9,8,-0.0035,0.9193,bb_bounce_544a855c,USDJPY,M1,bb_bounce,mean_reversion,ATR×2.0,ATR×1.0,newyork,True,True,False,30,3.4,0.0,0,0.06,132,-1.4,253
0.8205,46.06,23.42,0.02,-22.16,214.2,2638,18,10,-0.0084,0.961,wick_reversal_45a9dde1,USDJPY,M1,wick_reversal,mean_reversion,15p,15p,newyork,False,False,True,15,3.6,0.0,0,-10.32,890,-11.84,1748
0.5896,42.59,3.66,0.0,-3.66,62.2,324,8,6,-0.0113,0.7946,hilo_break_cd04a77b,USDJPY,M1,hilo_break,breakout,5p,5p,newyork,True,True,True,0,1.0,0.0,0,-0.8,102,-2.86,222
0.6593,50.0,2.36,0.0,-2.02,88.0,210,5,7,-0.0096,0.6593,donchian_break_6294def8,USDJPY,M1,donchian_break,breakout,5p,15p,london,True,False,True,0,1.5,-0.15,49,-1.87,161,0.0,0
0.7224,45.71,17.82,0.02,-17.35,69.6,2391,13,8,-0.0073,0.8579,wick_reversal_20d923be,USDJPY,M1,wick_reversal,mean_reversion,7p,7p,newyork,True,False,True,60,1.2,0.0,0,-5.46,794,-11.9,1597
0.8355,54.81,4.95,0.0,-4.02,106.5,883,7,9,-0.0045,0.6888,bb_bounce_7f421667,USDJPY,M1,bb_bounce,mean_reversion,7p,15p,london,False,True,True,30,1.8,-0.4,199,-3.62,684,0.0,0
0.7752,44.36,15.67,0.02,-15.59,178.2,1684,10,6,-0.0093,0.9724,wick_reversal_75cb866d,USDJPY,M1,wick_reversal,mean_reversion,ATR×1.5,ATR×1.0,london,True,True,True,15,3.0,-4.45,386,-11.15,1298,0.0,0
0.7431,45.7,17.0,0.02,-16.9,150.2,1744,11,8,-0.0097,0.883,wick_reversal_8a9879f0,USDJPY,M1,wick_reversal,mean_reversion,ATR×1.5,ATR×1.0,london,True,True,True,0,2.5,-4.06,386,-12.84,1358,0.0,0
0.6952,35.51,12.11,0.01,-11.67,91.9,1301,11,8,-0.009,1.2625,momentum_0c399adc,USDJPY,M1,momentum,trend_follow,15p,5p,london,False,False,True,15,1.5,-1.38,274,-10.29,1027,0.0,0
0.0,0.0,0.0,0.0,0.0,0.0,0,0,0,0.0,0.0,atr_break_fc3e99c1,USDJPY,M1,atr_break,breakout,ATR×1.5,ATR×1.0,newyork,True,False,False,0,0.0,0.0,0,0.0,0,0.0,0
0.727,45.08,1.84,0.0,-1.7,63.4,244,7,7,-0.007,0.8856,donchian_break_202ccf14,USDJPY,M1,donchian_break,breakout,5p,5p,london,True,True,False,0,1.1,-0.57,54,-1.13,190,0.0,0
0.9605,47.67,4.81,0.0,-2.3,208.6,1483,10,16,-0.0016,1.0543,wick_reversal_73524a68,USDJPY,M1,wick_reversal,mean_reversion,ATR×2.0,ATR×1.0,newyork,True,True,False,15,3.5,0.0,0,-1.71,503,-0.59,980
0.8567,54.95,15.73,0.02,-15.72,225.7,2777,10,13,-0.0057,0.7023,wick_reversal_4653c98b,USDJPY,M1,wick_reversal,mean_reversion,ATR×2.0,ATR×1.5,newyork,False,False,True,60,3.8,0.0,0,-8.24,936,-7.48,1841
0.8406,50.87,12.22,0.01,-11.78,184.7,1779,10,10,-0.0066,0.8118,wick_reversal_08d8cfad,USDJPY,M1,wick_reversal,mean_reversion,15p,15p,newyork,True,True,True,15,3.1,0.0,0,-8.09,598,-3.69,1181
0.7283,32.17,1.79,0.0,-1.79,301.0,115,11,3,-0.0155,1.5353,bb_bounce_fb1be8d0,USDJPY,M1,bb_bounce,mean_reversion,ATR×1.5,ATR×1.0,london,True,False,False,0,5.0,0.24,26,-2.03,89,0.0,0
0.7641,39.32,3.21,0.0,-3.02,82.7,473,10,7,-0.0064,1.1789,bb_bounce_5ff3af50,USDJPY,M1,bb_bounce,mean_reversion,15p,5p,london,True,True,False,30,1.4,-0.29,95,-2.73,378,0.0,0
0.8046,49.7,2.57,0.0,-2.39,148.0,330,7,8,-0.0073,0.8144,bb_bounce_1e29b53a,USDJPY,M1,bb_bounce,mean_reversion,15p,15p,london,True,True,True,15,2.5,-0.47,73,-1.92,257,0.0,0
0.6721,51.13,21.08,0.02,-21.08,92.1,2255,9,9,-0.0093,0.6424,wick_reversal_0391bb67,USDJPY,M1,wick_reversal,mean_reversion,5p,15p,london,True,True,True,30,1.5,-5.74,509,-15.34,1746,0.0,0
0.5647,47.26,2.69,0.0,-2.18,104.8,146,7,4,-0.0149,0.6302,wick_reversal_ef517f27,USDJPY,M1,wick_reversal,mean_reversion,7p,15p,london,False,False,True,30,1.7,-0.69,39,-1.48,107,0.0,0
0.6892,45.25,7.55,0.01,-7.45,69.7,864,11,7,-0.0086,0.8337,momentum_418e123b,USDJPY,M1,momentum,trend_follow,7p,7p,london,True,True,False,15,1.2,-0.24,176,-7.21,688,0.0,0
1.0326,46.41,2.02,0.0,0.5,191.8,390,12,7,0.0013,1.1923,bb_bounce_739e9d1f,USDJPY,M1,bb_bounce,mean_reversion,ATR×2.0,ATR×1.0,london,True,True,True,60,3.2,1.04,88,-0.54,302,0.0,0
1.9567,56.76,0.29,0.0,0.75,141.1,37,3,6,0.0203,1.4909,atr_break_6903a013,USDJPY,M1,atr_break,breakout,ATR×2.0,ATR×1.0,london,True,True,True,15,2.4,0.32,8,0.43,29,0.0,0
0.0,0.0,0.0,0.0,0.0,0.0,0,0,0,0.0,0.0,atr_break_bd398c6a,USDJPY,M1,atr_break,breakout,5p,5p,newyork,True,True,True,0,0.0,0.0,0,0.0,0,0.0,0
0.6503,42.86,12.72,0.01,-12.11,62.2,1372,13,12,-0.0088,0.867,momentum_93cd0d44,USDJPY,M1,momentum,trend_follow,5p,5p,london,False,True,False,30,1.0,-2.64,293,-9.47,1079,0.0,0
1.2599,59.46,0.29,0.0,0.17,84.3,37,3,5,0.0046,0.859,atr_break_6b3ae993,USDJPY,M1,atr_break,breakout,5p,15p,london,True,True,True,15,1.4,0.06,8,0.11,29,0.0,0
0.0,0.0,0.0,0.0,0.0,0.0,0,0,0,0.0,0.0,atr_break_4659fe37,USDJPY,M1,atr_break,breakout,7p,7p,newyork,True,False,True,60,0.0,0.0,0,0.0,0,0.0,0
0.8459,46.27,0.47,0.0,-0.22,67.2,67,7,3,-0.0033,0.9824,atr_break_18d2a8c4,USDJPY,M1,atr_break,breakout,5p,10p,london,False,True,True,15,1.1,-0.13,13,-0.1,54,0.0,0
0.1584,28.21,1.18,0.0,-1.13,60.0,39,9,3,-0.029,0.4031,hilo_break_d8175b66,USDJPY,M1,hilo_break,breakout,5p,5p,newyork,True,True,False,60,1.0,0.0,0,-0.5,10,-0.63,29
0.8525,36.5,9.81,0.01,-8.96,298.1,1085,14,6,-0.0083,1.4832,rsi_reversal_05b14716,USDJPY,M1,rsi_reversal,mean_reversion,ATR×1.5,ATR×1.0,newyork,True,False,False,60,5.0,0.0,0,-2.84,366,-6.12,719
0.7414,54.61,4.06,0.0,-3.77,297.0,282,7,11,-0.0134,0.6162,hilo_break_c5647820,USDJPY,M1,hilo_break,breakout,ATR×2.0,ATR×1.5,newyork,True,True,False,60,5.0,0.0,0,-1.02,93,-2.75,189
0.7792,46.98,5.05,0.01,-4.3,200.7,447,6,10,-0.0096,0.8794,donchian_break_e1610c76,USDJPY,M1,donchian_break,breakout,ATR×1.5,ATR×1.0,newyork,False,True,False,15,3.3,0.0,0,-1.69,141,-2.62,306
0.5233,35.14,0.72,0.0,-0.62,87.6,37,5,3,-0.0166,0.966,hilo_break_ce48ca49,USDJPY,M1,hilo_break,breakout,15p,5p,london,True,True,False,15,1.5,-0.03,6,-0.59,31,0.0,0
0.7698,54.05,4.21,0.0,-3.9,92.2,618,7,13,-0.0063,0.6545,bb_bounce_1a152702,USDJPY,M1,bb_bounce,mean_reversion,5p,15p,newyork,False,True,True,15,1.5,0.0,0,-1.22,216,-2.68,402
0.7067,47.78,25.39,0.03,-24.77,72.8,3200,10,11,-0.0077,0.7723,rsi_reversal_72a9e3b0,USDJPY,M1,rsi_reversal,mean_reversion,5p,10p,newyork,False,False,True,30,1.2,0.0,0,-7.45,1062,-17.32,2138
0.6413,43.84,12.22,0.01,-11.76,62.4,1291,18,9,-0.0091,0.8214,bb_bounce_ccd1411c,USDJPY,M1,bb_bounce,mean_reversion,5p,5p,newyork,True,False,True,15,1.0,0.0,0,-1.87,435,-9.89,856
0.9228,30.23,7.57,0.01,-4.22,1208.6,516,19,5,-0.0082,2.1296,rsi_reversal_ad17c837,USDJPY,M1,rsi_reversal,mean_reversion,ATR×3.0,ATR×1.5,newyork,True,False,False,0,20.1,0.0,0,-7.45,185,3.23,331
1.1165,54.39,0.96,0.0,0.48,265.8,114,4,5,0.0042,0.9364,bb_bounce_a07ea756,USDJPY,M1,bb_bounce,mean_reversion,ATR×3.0,ATR×1.5,london,True,True,True,60,4.4,1.33,27,-0.86,87,0.0,0
0.0,0.0,0.0,0.0,0.0,0.0,0,0,0,0.0,0.0,atr_break_cb5e1a1c,USDJPY,M1,atr_break,breakout,ATR×2.0,ATR×1.0,newyork,True,True,False,30,0.0,0.0,0,0.0,0,0.0,0
0.7784,41.53,3.9,0.0,-2.01,547.6,118,10,4,-0.017,1.0962,bb_bounce_815cd7c6,USDJPY,M1,bb_bounce,mean_reversion,ATR×2.0,ATR×1.5,newyork,True,False,False,15,9.1,0.0,0,-0.99,37,-1.02,81
0.7102,46.72,12.98,0.01,-12.88,102.1,1372,13,9,-0.0094,0.8099,rsi_reversal_729391cf,USDJPY,M1,rsi_reversal,mean_reversion,10p,10p,london,True,True,False,30,1.7,-2.4,305,-10.47,1067,0.0,0
0.5783,39.69,4.02,0.0,-4.02,68.4,320,9,6,-0.0126,0.8788,donchian_break_09a319fc,USDJPY,M1,donchian_break,breakout,7p,7p,newyork,True,True,True,30,1.1,0.0,0,-1.0,105,-3.02,215
0.7585,44.67,6.17,0.01,-5.63,62.5,1003,9,9,-0.0056,0.9396,bb_bounce_6d11db98,USDJPY,M1,bb_bounce,mean_reversion,5p,5p,london,False,False,True,60,1.0,-1.31,222,-4.33,781,0.0,0
0.8479,51.52,8.16,0.01,-7.11,190.2,1116,11,10,-0.0064,0.7977,rsi_reversal_d5789ae7,USDJPY,M1,rsi_reversal,mean_reversion,15p,15p,london,True,True,False,60,3.2,-1.54,248,-5.57,868,0.0,0
0.0,0.0,0.0,0.0,0.0,0.0,0,0,0,0.0,0.0,atr_break_e09ce090,USDJPY,M1,atr_break,breakout,7p,7p,newyork,True,False,True,0,0.0,0.0,0,0.0,0,0.0,0
0.5705,34.83,4.82,0.0,-4.32,85.4,333,21,9,-0.013,1.0673,donchian_break_21b25075,USDJPY,M1,donchian_break,breakout,15p,5p,london,False,True,False,15,1.4,-1.34,65,-2.98,268,0.0,0
0.6846,40.89,2.74,0.0,-2.47,145.1,203,11,5,-0.0122,0.9898,donchian_break_97905933,USDJPY,M1,donchian_break,breakout,ATR×1.5,ATR×1.0,newyork,True,False,True,0,2.4,0.0,0,-1.44,67,-1.03,136
0.7733,50.0,3.21,0.0,-2.99,105.4,398,8,8,-0.0075,0.7733,bb_bounce_68847ed2,USDJPY,M1,bb_bounce,mean_reversion,10p,10p,newyork,True,True,False,60,1.8,0.0,0,-0.65,134,-2.35,264
1.9545,54.05,0.26,0.0,0.69,110.3,37,3,5,0.0187,1.6613,atr_break_f4fa65c9,USDJPY,M1,atr_break,breakout,15p,7p,london,True,True,True,30,1.8,0.2,7,0.49,30,0.0,0
0.6113,34.5,4.88,0.0,-4.76,79.6,429,12,5,-0.0111,1.1607,bb_bounce_421ccaf3,USDJPY,M1,bb_bounce,mean_reversion,15p,5p,london,True,True,False,15,1.3,-0.95,90,-3.81,339,0.0,0
0.6932,38.16,38.31,0.04,-37.64,84.1,4347,13,7,-0.0087,1.1232,wick_reversal_ed0f59d2,USDJPY,M1,wick_reversal,mean_reversion,15p,5p,london,False,True,False,60,1.4,-8.47,942,-29.17,3405,0.0,0
0.9061,33.0,4.05,0.0,-1.6,368.9,303,14,4,-0.0053,1.8394,bb_bounce_4d1807c8,USDJPY,M1,bb_bounce,mean_reversion,ATR×2.0,ATR×1.0,london,True,False,False,15,6.1,-1.02,66,-0.58,237,0.0,0
0.7836,48.02,7.08,0.01,-6.41,161.4,781,9,12,-0.0082,0.8483,bb_bounce_eb8bc43b,USDJPY,M1,bb_bounce,mean_reversion,ATR×2.0,ATR×1.0,newyork,False,False,True,15,2.7,0.0,0,-2.27,256,-4.14,525
0.0,0.0,0.0,0.0,0.0,0.0,0,0,0,0.0,0.0,atr_break_08c5ef04,USDJPY,M1,atr_break,breakout,5p,15p,newyork,True,True,True,15,0.0,0.0,0,0.0,0,0.0,0
0.9904,54.05,0.33,0.0,-0.01,82.7,37,4,4,-0.0002,0.8418,atr_break_16defd76,USDJPY,M1,atr_break,breakout,5p,15p,london,True,True,False,15,1.4,-0.03,7,0.02,30,0.0,0
0.9105,50.33,0.87,0.0,-0.63,73.1,302,6,7,-0.0021,0.8985,bb_bounce_86ae13cf,USDJPY,M1,bb_bounce,mean_reversion,5p,10p,newyork,True,False,True,30,1.2,0.0,0,-0.44,113,-0.19,189
0.7889,55.82,14.06,0.01,-13.08,112.9,2003,9,12,-0.0065,0.6245,momentum_a5911685,USDJPY,M1,momentum,trend_follow,7p,15p,newyork,False,False,False,30,1.9,0.0,0,-6.6,684,-6.48,1319
0.6242,51.96,8.27,0.01,-8.03,117.0,612,11,11,-0.0131,0.5771,momentum_599327b6,USDJPY,M1,momentum,trend_follow,7p,15p,newyork,True,True,True,60,1.9,0.0,0,-2.75,196,-5.28,416
0.7117,53.93,39.2,0.04,-39.19,110.3,4350,11,11,-0.009,0.608,wick_reversal_d3505006,USDJPY,M1,wick_reversal,mean_reversion,7p,15p,london,False,False,True,15,1.8,-8.33,954,-30.86,3396,0.0,0
0.7731,48.77,7.0,0.01,-6.59,249.2,529,11,13,-0.0125,0.812,hilo_break_9af471f1,USDJPY,M1,hilo_break,breakout,15p,15p,london,False,False,False,15,4.2,-1.48,110,-5.11,419,0.0,0
0.8015,47.27,15.31,0.02,-14.76,205.6,1703,10,10,-0.0087,0.894,bb_bounce_d0265c13,USDJPY,M1,bb_bounce,mean_reversion,ATR×1.5,ATR×1.0,newyork,False,True,False,60,3.4,0.0,0,-4.04,585,-10.72,1118
0.8024,46.35,2.14,0.0,-1.66,102.3,274,7,6,-0.0061,0.9287,bb_bounce_2e4a7fd5,USDJPY,M1,bb_bounce,mean_reversion,10p,10p,london,False,False,True,15,1.7,-0.32,65,-1.35,209,0.0,0
0.6523,52.42,6.29,0.01,-6.18,109.4,538,7,8,-0.0115,0.5922,consecutive_reversal_f3a2ad83,USDJPY,M1,consecutive_reversal,mean_reversion,7p,15p,london,True,True,True,0,1.8,-0.7,114,-5.48,424,0.0,0
0.9419,36.92,7.99,0.01,-3.42,263.2,1311,10,6,-0.0026,1.6095,wick_reversal_25c8079f,USDJPY,M1,wick_reversal,mean_reversion,ATR×2.0,ATR×1.0,newyork,True,False,True,0,4.4,0.0,0,-2.62,447,-0.79,864
0.2975,44.74,1.39,0.0,-1.2,105.8,38,4,5,-0.0316,0.3675,hilo_break_44ed7b3b,USDJPY,M1,hilo_break,breakout,7p,15p,newyork,True,True,True,0,1.8,0.0,0,-0.7,10,-0.5,28
0.6843,45.58,27.19,0.03,-27.11,69.6,3203,12,9,-0.0085,0.817,wick_reversal_cf8b0431,USDJPY,M1,wick_reversal,mean_reversion,7p,7p,newyork,True,False,True,30,1.2,0.0,0,-9.43,1059,-17.68,2144
0.6325,36.86,12.98,0.01,-12.8,81.7,1191,14,6,-0.0107,1.0834,consecutive_reversal_d12e6daa,USDJPY,M1,consecutive_reversal,mean_reversion,15p,5p,london,True,False,True,30,1.4,-3.17,261,-9.63,930,0.0,0
0.9759,47.59,1.76,0.0,-0.14,186.1,166,6,5,-0.0008,1.0748,wick_reversal_d0e8305a,USDJPY,M1,wick_reversal,mean_reversion,ATR×2.0,ATR×1.0,newyork,True,True,False,15,3.1,0.0,0,-0.99,41,0.85,125
0.7284,46.21,5.55,0.01,-5.18,100.4,580,9,6,-0.0089,0.848,donchian_break_48e941f3,USDJPY,M1,donchian_break,breakout,10p,10p,london,False,True,False,60,1.7,-0.48,121,-4.7,459,0.0,0
0.2196,31.58,1.15,0.0,-1.12,66.3,38,8,3,-0.0296,0.4758,hilo_break_271695bf,USDJPY,M1,hilo_break,breakout,7p,7p,newyork,True,True,True,60,1.1,0.0,0,-0.48,10,-0.65,28
0.7271,38.9,6.0,0.01,-5.33,85.8,689,13,6,-0.0077,1.1422,momentum_aa2ccd82,USDJPY,M1,momentum,trend_follow,15p,5p,london,True,True,False,0,1.4,-0.77,149,-4.56,540,0.0,0
0.7494,47.69,3.03,0.0,-2.74,256.6,195,5,9,-0.0141,0.822,hilo_break_ed3ebe18,USDJPY,M1,hilo_break,breakout,15p,15p,newyork,True,False,False,15,4.3,0.0,0,-0.74,67,-2.0,128
0.7723,48.3,14.74,0.01,-14.65,93.4,2143,10,9,-0.0068,0.8267,wick_reversal_7b34d9f0,USDJPY,M1,wick_reversal,mean_reversion,10p,10p,london,True,False,True,15,1.6,-3.54,468,-11.11,1675,0.0,0
0.8244,47.6,1.88,0.0,-1.25,73.4,292,9,7,-0.0043,0.9074,consecutive_reversal_327d12f2,USDJPY,M1,consecutive_reversal,mean_reversion,5p,10p,newyork,True,False,True,30,1.2,0.0,0,-0.93,97,-0.33,195
0.7204,46.91,22.7,0.02,-22.39,99.2,2462,11,9,-0.0091,0.8152,wick_reversal_f0b0b78d,USDJPY,M1,wick_reversal,mean_reversion,10p,10p,london,True,True,True,0,1.7,-6.18,537,-16.21,1925,0.0,0
0.8658,39.88,8.34,0.01,-6.24,768.3,504,9,4,-0.0124,1.3051,momentum_64f7a701,USDJPY,M1,momentum,trend_follow,ATR×2.0,ATR×1.5,london,True,False,False,60,12.8,0.94,115,-7.18,389,0.0,0
0.7345,51.26,3.08,0.0,-3.01,94.5,398,8,8,-0.0076,0.6985,bb_bounce_d9f9b3c8,USDJPY,M1,bb_bounce,mean_reversion,5p,15p,london,True,False,True,15,1.6,-0.3,88,-2.71,310,0.0,0
0.0,0.0,0.0,0.0,0.0,0.0,0,0,0,0.0,0.0,atr_break_d9fa213f,USDJPY,M1,atr_break,breakout,5p,15p,london,True,True,False,0,0.0,0.0,0,0.0,0,0.0,0
0.7743,56.23,17.74,0.02,-17.45,110.9,2575,10,14,-0.0068,0.6027,wick_reversal_67ef6ad2,USDJPY,M1,wick_reversal,mean_reversion,7p,15p,london,True,False,True,15,1.8,-4.28,575,-13.17,2000,0.0,0
0.7427,54.4,9.62,0.01,-9.39,109.5,1136,9,12,-0.0083,0.6225,consecutive_reversal_600c37fd,USDJPY,M1,consecutive_reversal,mean_reversion,7p,15p,london,True,True,True,15,1.8,-1.25,244,-8.14,892,0.0,0
0.0,0.0,0.0,0.0,0.0,0.0,0,0,0,0.0,0.0,atr_break_23289237,USDJPY,M1,atr_break,breakout,5p,10p,newyork,True,False,True,60,0.0,0.0,0,0.0,0,0.0,0
0.0,0.0,0.0,0.0,0.0,0.0,0,0,0,0.0,0.0,atr_break_6e56cbd8,USDJPY,M1,atr_break,breakout,5p,15p,london,False,False,True,15,0.0,0.0,0,0.0,0,0.0,0
0.7915,47.43,5.31,0.01,-4.77,161.4,603,9,8,-0.0079,0.8773,bb_bounce_b3b07f20,USDJPY,M1,bb_bounce,mean_reversion,ATR×2.0,ATR×1.0,newyork,False,False,True,60,2.7,0.0,0,-1.43,211,-3.35,392
0.8543,41.5,3.43,0.0,-2.56,663.9,200,13,6,-0.0128,1.2043,donchian_break_2809018d,USDJPY,M1,donchian_break,breakout,ATR×2.0,ATR×1.5,newyork,True,False,False,30,11.1,0.0,0,-1.47,64,-1.09,136
0.7971,48.61,6.48,0.01,-5.16,259.5,467,9,7,-0.011,0.8427,consecutive_reversal_f79de467,USDJPY,M1,consecutive_reversal,mean_reversion,15p,15p,london,True,False,False,60,4.3,-0.98,102,-4.18,365,0.0,0
0.7103,37.67,3.02,0.0,-2.82,93.4,300,9,5,-0.0094,1.1754,donchian_break_d9601565,USDJPY,M1,donchian_break,breakout,15p,7p,london,True,True,True,0,1.6,-0.62,60,-2.2,240,0.0,0
0.7185,44.93,9.47,0.01,-8.84,62.3,1322,14,8,-0.0067,0.8806,bb_bounce_373f0a1e,USDJPY,M1,bb_bounce,mean_reversion,5p,5p,newyork,True,True,True,15,1.0,0.0,0,-1.23,437,-7.61,885
0.7521,48.69,1.81,0.0,-1.72,73.5,267,9,6,-0.0064,0.7926,donchian_break_84ec5baf,USDJPY,M1,donchian_break,breakout,5p,10p,newyork,True,True,False,60,1.2,0.0,0,-0.53,82,-1.18,185
0.7037,47.8,25.69,0.03,-25.08,73.3,3188,10,11,-0.0079,0.7683,rsi_reversal_4baf11eb,USDJPY,M1,rsi_reversal,mean_reversion,5p,10p,newyork,False,True,False,30,1.2,0.0,0,-7.55,1059,-17.53,2129
1.2599,59.46,0.29,0.0,0.17,84.3,37,3,5,0.0046,0.859,atr_break_3d60d401,USDJPY,M1,atr_break,breakout,5p,15p,london,True,False,True,30,1.4,0.06,8,0.11,29,0.0,0
0.8715,28.71,9.82,0.01,-9.26,1413.6,613,14,4,-0.0151,2.164,wick_reversal_d597b727,USDJPY,M1,wick_reversal,mean_reversion,ATR×3.0,ATR×1.5,newyork,False,False,False,0,23.6,0.0,0,-2.92,223,-6.35,390
0.8579,50.88,9.47,0.01,-8.71,154.7,1700,13,12,-0.0051,0.8282,wick_reversal_c05098dd,USDJPY,M1,wick_reversal,mean_reversion,15p,15p,newyork,True,True,True,15,2.6,0.0,0,-5.81,553,-2.9,1147
0.0,0.0,0.0,0.0,0.0,0.0,0,0,0,0.0,0.0,atr_break_9c952ac9,USDJPY,M1,atr_break,breakout,ATR×1.5,ATR×1.0,newyork,True,True,True,0,0.0,0.0,0,0.0,0,0.0,0
0.5748,42.64,10.71,0.01,-10.34,70.1,863,11,6,-0.012,0.7732,momentum_aa0386c1,USDJPY,M1,momentum,trend_follow,7p,7p,newyork,True,True,True,0,1.2,0.0,0,-3.66,298,-6.68,565
0.7703,54.2,8.46,0.01,-8.11,106.1,1142,9,10,-0.0071,0.6508,consecutive_reversal_0ab690a9,USDJPY,M1,consecutive_reversal,mean_reversion,7p,15p,london,True,False,True,15,1.8,-1.01,253,-7.1,889,0.0,0
0.0,0.0,0.0,0.0,0.0,0.0,0,0,0,0.0,0.0,atr_break_43fb8a81,USDJPY,M1,atr_break,breakout,15p,7p,london,False,False,False,15,0.0,0.0,0,0.0,0,0.0,0
0.7399,31.99,2.71,0.0,-2.71,133.1,297,11,4,-0.0091,1.5733,donchian_break_0e000638,USDJPY,M1,donchian_break,breakout,20p,7p,newyork,True,False,True,15,2.2,0.0,0,-0.89,97,-1.82,200
0.5518,32.5,3.11,0.0,-3.07,111.6,200,11,4,-0.0153,1.146,hilo_break_38c8848f,USDJPY,M1,hilo_break,breakout,20p,7p,london,True,True,False,30,1.9,-0.64,41,-2.43,159,0.0,0
0.698,47.7,18.76,0.02,-18.65,71.5,2344,10,10,-0.008,0.7654,wick_reversal_f1ca22ce,USDJPY,M1,wick_reversal,mean_reversion,5p,10p,london,True,True,True,60,1.2,-5.02,515,-13.63,1829,0.0,0
0.8374,46.75,19.35,0.02,-19.15,193.4,2828,9,11,-0.0068,0.9539,wick_reversal_80419ca2,USDJPY,M1,wick_reversal,mean_reversion,ATR×1.5,ATR×1.0,newyork,False,True,True,30,3.2,0.0,0,-6.1,958,-13.05,1870
0.7809,54.53,4.02,0.0,-3.71,93.8,618,7,13,-0.006,0.6512,bb_bounce_4b9b1122,USDJPY,M1,bb_bounce,mean_reversion,5p,15p,newyork,False,True,False,30,1.6,0.0,0,-1.07,216,-2.64,402
0.7018,45.18,18.63,0.02,-18.42,69.8,2315,10,8,-0.008,0.8514,consecutive_reversal_661a0359,USDJPY,M1,consecutive_reversal,mean_reversion,7p,7p,london,False,True,True,15,1.2,-3.96,513,-14.45,1802,0.0,0
0.6182,40.74,5.5,0.01,-5.06,175.6,297,10,6,-0.017,0.8992,hilo_break_6e9a7225,USDJPY,M1,hilo_break,breakout,ATR×1.5,ATR×1.0,london,True,True,False,30,2.9,-1.42,67,-3.64,230,0.0,0
0.9323,51.87,2.65,0.0,-1.06,149.4,428,8,10,-0.0025,0.8651,bb_bounce_fcd02c1f,USDJPY,M1,bb_bounce,mean_reversion,15p,15p,london,True,True,True,0,2.5,0.66,90,-1.72,338,0.0,0
0.6966,44.96,18.43,0.02,-17.71,62.2,2373,15,8,-0.0075,0.8526,momentum_68dac049,USDJPY,M1,momentum,trend_follow,5p,5p,newyork,False,True,True,15,1.0,0.0,0,-7.22,805,-10.49,1568
0.6756,45.69,4.91,0.0,-4.91,103.2,418,10,12,-0.0117,0.8029,bb_bounce_571dfa9d,USDJPY,M1,bb_bounce,mean_reversion,10p,10p,london,True,False,True,60,1.7,-1.2,83,-3.71,335,0.0,0
0.703,45.99,49.75,0.05,-49.21,95.6,5182,15,9,-0.0095,0.8257,wick_reversal_bb185ba3,USDJPY,M1,wick_reversal,mean_reversion,10p,10p,newyork,False,False,True,30,1.6,0.0,0,-20.34,1737,-28.87,3445
0.8501,41.32,2.36,0.0,-1.37,96.3,334,9,6,-0.0041,1.2074,bb_bounce_4ca3160b,USDJPY,M1,bb_bounce,mean_reversion,15p,7p,london,True,True,True,30,1.6,-0.33,66,-1.05,268,0.0,0
0.6778,43.19,7.44,0.01,-7.23,62.7,896,12,7,-0.0081,0.8915,bb_bounce_3eb340d4,USDJPY,M1,bb_bounce,mean_reversion,5p,5p,london,False,False,True,30,1.0,-1.75,190,-5.49,706,0.0,0
0.6647,49.2,3.01,0.0,-3.01,255.4,187,6,7,-0.0161,0.6864,donchian_break_960704c6,USDJPY,M1,donchian_break,breakout,ATR×3.0,ATR×1.5,newyork,True,True,True,15,4.3,0.0,0,-1.22,67,-1.79,120
0.624,47.31,13.39,0.01,-12.84,72.2,1190,11,9,-0.0108,0.6949,momentum_e6896ce1,USDJPY,M1,momentum,trend_follow,5p,10p,london,True,False,False,60,1.2,-2.64,267,-10.19,923,0.0,0
0.7243,39.26,9.16,0.01,-8.53,83.1,1113,11,8,-0.0077,1.1204,consecutive_reversal_493665ac,USDJPY,M1,consecutive_reversal,mean_reversion,15p,5p,newyork,False,False,True,30,1.4,0.0,0,-5.25,390,-3.28,723
0.4398,27.54,2.25,0.0,-2.01,261.7,69,7,3,-0.0291,1.1573,atr_break_590f7ba6,USDJPY,M1,atr_break,breakout,ATR×2.0,ATR×1.0,newyork,False,False,True,15,4.4,0.0,0,-0.56,20,-1.45,49
0.7108,36.9,13.97,0.01,-13.78,100.6,1588,14,8,-0.0087,1.2154,rsi_reversal_425f7bc2,USDJPY,M1,rsi_reversal,mean_reversion,20p,7p,london,True,False,True,30,1.7,-2.26,350,-11.52,1238,0.0,0
0.8614,45.89,1.21,0.0,-0.98,71.9,292,5,6,-0.0034,1.0157,bb_bounce_e45679c1,USDJPY,M1,bb_bounce,mean_reversion,7p,7p,london,False,False,False,30,1.2,-0.29,68,-0.69,224,0.0,0
0.743,54.28,3.18,0.0,-3.18,106.9,409,7,10,-0.0078,0.6259,hilo_break_779159bb,USDJPY,M1,hilo_break,breakout,7p,15p,newyork,False,False,True,60,1.8,0.0,0,-0.89,135,-2.29,274
0.7574,40.28,14.98,0.01,-14.67,82.5,2237,14,8,-0.0066,1.1231,wick_reversal_da714124,USDJPY,M1,wick_reversal,mean_reversion,15p,5p,newyork,True,False,True,15,1.4,0.0,0,-6.36,726,-8.31,1511
0.2764,40.54,1.25,0.0,-1.14,94.1,37,4,3,-0.0307,0.4054,hilo_break_32c2545c,USDJPY,M1,hilo_break,breakout,7p,15p,london,True,False,True,0,1.6,-0.12,6,-1.02,31,0.0,0
0.8618,42.76,9.17,0.01,-4.83,655.4,456,11,7,-0.0106,1.1535,momentum_33099cb8,USDJPY,M1,momentum,trend_follow,ATR×3.0,ATR×1.5,london,True,False,False,15,10.9,-1.2,105,-3.63,351,0.0,0
0.7907,49.27,2.36,0.0,-2.25,95.7,341,7,8,-0.0066,0.8142,bb_bounce_3ede69e0,USDJPY,M1,bb_bounce,mean_reversion,10p,10p,london,True,False,True,0,1.6,-0.64,72,-1.6,269,0.0,0
0.8764,47.66,3.29,0.0,-2.38,193.1,470,9,7,-0.0051,0.9624,consecutive_reversal_91a999c3,USDJPY,M1,consecutive_reversal,mean_reversion,ATR×1.5,ATR×1.0,newyork,False,True,True,60,3.2,0.0,0,-1.49,159,-0.89,311
0.7426,37.54,10.0,0.01,-9.05,103.7,1132,12,6,-0.008,1.2354,consecutive_reversal_ba736b1e,USDJPY,M1,consecutive_reversal,mean_reversion,20p,7p,london,True,True,True,15,1.7,-1.86,251,-7.19,881,0.0,0
0.7002,42.76,3.79,0.0,-3.59,142.1,304,9,7,-0.0118,0.9372,hilo_break_e0299b84,USDJPY,M1,hilo_break,breakout,ATR×1.5,ATR×1.0,newyork,True,True,True,60,2.4,0.0,0,-1.29,101,-2.29,203
0.6326,43.1,4.96,0.0,-4.96,98.9,406,9,8,-0.0122,0.835,hilo_break_dfc5531a,USDJPY,M1,hilo_break,breakout,10p,10p,newyork,False,True,True,0,1.6,0.0,0,-1.92,134,-3.04,272
0.6036,48.84,0.77,0.0,-0.64,101.9,43,6,4,-0.0149,0.6323,atr_break_2959d125,USDJPY,M1,atr_break,breakout,7p,15p,newyork,True,True,False,15,1.7,0.0,0,0.13,10,-0.77,33
0.6983,47.3,5.0,0.0,-4.74,155.5,389,7,8,-0.0122,0.778,hilo_break_a4617a2b,USDJPY,M1,hilo_break,breakout,15p,15p,london,False,False,True,60,2.6,-1.32,82,-3.42,307,0.0,0
0.6218,38.39,2.44,0.0,-2.37,81.6,211,10,6,-0.0112,0.998,hilo_break_4af8bf97,USDJPY,M1,hilo_break,breakout,15p,5p,newyork,True,False,True,15,1.4,0.0,0,-1.02,68,-1.35,143
0.8747,47.59,3.22,0.0,-2.15,158.7,477,7,7,-0.0045,0.9633,consecutive_reversal_18096f07,USDJPY,M1,consecutive_reversal,mean_reversion,ATR×1.5,ATR×1.0,newyork,False,True,True,30,2.6,0.0,0,-1.26,163,-0.89,314
0.6929,50.87,2.04,0.0,-1.56,92.9,173,6,5,-0.009,0.6693,wick_reversal_c08bba01,USDJPY,M1,wick_reversal,mean_reversion,5p,15p,newyork,True,False,True,30,1.5,0.0,0,-0.59,43,-0.97,130
0.3109,32.35,1.52,0.0,-1.52,72.4,68,8,3,-0.0223,0.6501,hilo_break_3d10681a,USDJPY,M1,hilo_break,breakout,7p,7p,london,False,False,True,15,1.2,-0.15,12,-1.37,56,0.0,0
0.8313,52.3,21.02,0.02,-20.39,192.2,2826,10,12,-0.0072,0.7582,wick_reversal_c58d94ee,USDJPY,M1,wick_reversal,mean_reversion,15p,15p,newyork,False,True,False,60,3.2,0.0,0,-10.74,948,-9.64,1878
0.6811,40.63,14.41,0.01,-13.61,185.5,987,8,7,-0.0138,0.9953,consecutive_reversal_48d67504,USDJPY,M1,consecutive_reversal,mean_reversion,ATR×2.0,ATR×1.0,london,True,True,True,0,3.1,-2.58,221,-11.02,766,0.0,0
0.666,46.67,3.76,0.0,-3.76,72.1,420,9,7,-0.0089,0.7612,hilo_break_f620656b,USDJPY,M1,hilo_break,breakout,5p,10p,newyork,False,True,True,60,1.2,0.0,0,-1.13,137,-2.63,283
0.0,0.0,0.0,0.0,0.0,0.0,0,0,0,0.0,0.0,atr_break_64452f4f,USDJPY,M1,atr_break,breakout,ATR×3.0,ATR×1.5,newyork,True,True,True,30,0.0,0.0,0,0.0,0,0.0,0
0.8515,51.0,8.23,0.01,-5.69,287.4,847,9,10,-0.0067,0.818,consecutive_reversal_a75cf808,USDJPY,M1,consecutive_reversal,mean_reversion,ATR×3.0,ATR×1.5,london,True,True,True,15,4.8,0.11,189,-5.8,658,0.0,0
0.8158,45.81,13.23,0.01,-12.59,182.8,1657,11,9,-0.0076,0.9652,wick_reversal_70769265,USDJPY,M1,wick_reversal,mean_reversion,ATR×1.5,ATR×1.0,newyork,True,True,False,30,3.0,0.0,0,-5.81,551,-6.78,1106
0.736,46.72,10.19,0.01,-9.22,259.4,625,11,7,-0.0148,0.8393,momentum_1a0609d1,USDJPY,M1,momentum,trend_follow,15p,15p,newyork,True,False,False,0,4.3,0.0,0,-5.51,205,-3.71,420
0.9089,50.33,0.88,0.0,-0.64,72.9,302,6,7,-0.0021,0.897,bb_bounce_a8ece785,USDJPY,M1,bb_bounce,mean_reversion,5p,10p,newyork,True,True,True,30,1.2,0.0,0,-0.44,113,-0.2,189
0.6652,36.88,28.71,0.03,-28.41,99.2,2752,14,6,-0.0103,1.1384,wick_reversal_0c15daf7,USDJPY,M1,wick_reversal,mean_reversion,20p,7p,london,True,True,True,0,1.7,-6.89,609,-21.52,2143,0.0,0
0.7772,46.46,5.03,0.01,-4.35,104.8,607,10,8,-0.0072,0.8957,momentum_f0f99cbe,USDJPY,M1,momentum,trend_follow,10p,10p,london,True,False,False,15,1.7,-0.61,134,-3.74,473,0.0,0
0.5412,41.67,1.24,0.0,-0.8,171.7,36,6,6,-0.0223,0.7577,hilo_break_3b2abaf2,USDJPY,M1,hilo_break,breakout,ATR×2.0,ATR×1.0,london,True,False,True,0,2.9,-0.58,9,-0.22,27,0.0,0
0.9224,35.9,0.35,0.0,-0.07,96.9,39,6,3,-0.0019,1.6471,atr_break_faae8c67,USDJPY,M1,atr_break,breakout,15p,5p,newyork,True,False,False,15,1.6,0.0,0,0.13,10,-0.21,29
0.6935,48.44,26.33,0.03,-25.83,71.8,3196,11,9,-0.0081,0.7383,wick_reversal_40803f82,USDJPY,M1,wick_reversal,mean_reversion,5p,10p,london,True,True,True,30,1.2,-6.81,726,-19.02,2470,0.0,0
0.0,0.0,0.0,0.0,0.0,0.0,0,0,0,0.0,0.0,atr_break_1551e1c1,USDJPY,M1,atr_break,breakout,7p,7p,london,True,False,True,0,0.0,0.0,0,0.0,0,0.0,0
0.7656,48.07,30.9,0.03,-30.59,103.9,4090,11,11,-0.0075,0.8271,wick_reversal_9199524c,USDJPY,M1,wick_reversal,mean_reversion,10p,10p,london,False,False,False,30,1.7,-7.3,910,-23.28,3180,0.0,0
0.7946,54.62,8.96,0.01,-8.65,107.6,1430,11,10,-0.006,0.6603,rsi_reversal_4239d440,USDJPY,M1,rsi_reversal,mean_reversion,7p,15p,london,True,False,True,15,1.8,-0.12,312,-8.53,1118,0.0,0
0.8278,42.44,1.61,0.0,-0.85,99.4,172,6,4,-0.0049,1.1226,wick_reversal_c1b053b3,USDJPY,M1,wick_reversal,mean_reversion,20p,7p,newyork,False,False,True,0,1.7,0.0,0,-0.38,43,-0.46,129
1.1483,34.8,3.37,0.0,2.99,1403.8,204,20,6,0.0146,2.1511,bb_bounce_2eb3ef1b,USDJPY,M1,bb_bounce,mean_reversion,ATR×3.0,ATR×1.5,newyork,True,False,False,0,23.4,0.0,0,-0.53,73,3.52,131
0.7299,51.32,11.88,0.01,-11.31,92.4,1514,11,9,-0.0075,0.6924,rsi_reversal_5d9e7bd9,USDJPY,M1,rsi_reversal,mean_reversion,5p,15p,newyork,True,True,True,30,1.5,0.0,0,-2.53,493,-8.78,1021
0.7361,53.96,18.23,0.02,-17.73,109.5,2122,9,12,-0.0084,0.6281,consecutive_reversal_13b7e8d7,USDJPY,M1,consecutive_reversal,mean_reversion,7p,15p,newyork,False,True,False,60,1.8,0.0,0,-6.68,734,-11.06,1388
0.0,0.0,0.0,0.0,0.0,0.0,0,0,0,0.0,0.0,atr_break_42c23a3d,USDJPY,M1,atr_break,breakout,20p,7p,newyork,True,True,False,15,0.0,0.0,0,0.0,0,0.0,0
0.8457,43.1,1.3,0.0,-0.73,83.1,174,6,3,-0.0042,1.1163,wick_reversal_c75da594,USDJPY,M1,wick_reversal,mean_reversion,15p,5p,newyork,True,True,True,15,1.4,0.0,0,-0.34,43,-0.39,131
0.6588,32.85,7.78,0.01,-7.55,115.0,618,15,5,-0.0122,1.3469,momentum_1cc1aabf,USDJPY,M1,momentum,trend_follow,15p,7p,newyork,True,False,False,60,1.9,0.0,0,-2.53,201,-5.02,417
0.7495,47.42,3.02,0.0,-2.73,258.9,194,5,7,-0.0141,0.831,hilo_break_a4ea691a,USDJPY,M1,hilo_break,breakout,15p,15p,newyork,True,False,False,15,4.3,0.0,0,-0.61,70,-2.12,124
0.8439,53.48,5.06,0.01,-4.91,230.2,733,8,10,-0.0067,0.7341,bb_bounce_6ef724f6,USDJPY,M1,bb_bounce,mean_reversion,ATR×3.0,ATR×1.5,london,False,False,True,0,3.8,0.37,161,-5.29,572,0.0,0
0.7486,45.35,16.48,0.02,-16.38,154.8,1722,11,8,-0.0095,0.9019,wick_reversal_7a5165a6,USDJPY,M1,wick_reversal,mean_reversion,ATR×2.0,ATR×1.0,london,True,True,True,30,2.6,-3.97,383,-12.41,1339,0.0,0
0.712,48.22,23.58,0.02,-23.43,73.1,3152,8,11,-0.0074,0.7644,rsi_reversal_1f936f8e,USDJPY,M1,rsi_reversal,mean_reversion,5p,10p,london,False,True,True,15,1.2,-4.85,682,-18.58,2470,0.0,0
0.6588,43.41,2.37,0.0,-2.37,97.5,205,6,5,-0.0115,0.8587,hilo_break_58288ec7,USDJPY,M1,hilo_break,breakout,10p,10p,newyork,True,False,True,15,1.6,0.0,0,-1.17,73,-1.19,132
0.8391,50.0,11.78,0.01,-10.46,293.4,1396,10,8,-0.0075,0.8391,wick_reversal_b5947e51,USDJPY,M1,wick_reversal,mean_reversion,ATR×3.0,ATR×1.5,london,True,True,True,0,4.9,-1.55,307,-8.92,1089,0.0,0
0.6669,46.04,9.45,0.01,-8.43,174.6,543,13,6,-0.0155,0.7816,momentum_080da5d4,USDJPY,M1,momentum,trend_follow,15p,15p,newyork,True,True,True,0,2.9,0.0,0,-2.51,178,-5.92,365
0.8762,45.67,1.47,0.0,-0.69,195.1,127,6,10,-0.0054,1.0423,bb_bounce_b7ba7981,USDJPY,M1,bb_bounce,mean_reversion,15p,15p,london,True,False,True,0,3.3,-0.03,24,-0.66,103,0.0,0
0.7044,47.05,21.02,0.02,-20.7,94.4,2219,13,11,-0.0093,0.7928,wick_reversal_7696245c,USDJPY,M1,wick_reversal,mean_reversion,10p,10p,newyork,True,True,True,0,1.6,0.0,0,-6.45,726,-14.24,1493
0.7774,39.96,3.97,0.0,-3.47,95.1,548,11,5,-0.0063,1.1679,consecutive_reversal_f9b29261,USDJPY,M1,consecutive_reversal,mean_reversion,15p,7p,newyork,True,False,True,60,1.6,0.0,0,-3.09,202,-0.38,346
0.6575,44.06,4.54,0.0,-4.47,161.2,320,6,6,-0.014,0.8347,donchian_break_b36dcb59,USDJPY,M1,donchian_break,breakout,ATR×2.0,ATR×1.0,newyork,False,True,True,0,2.7,0.0,0,-2.34,110,-2.13,210
0.7145,52.44,20.58,0.02,-20.28,92.2,2536,9,12,-0.008,0.6479,wick_reversal_2d81a368,USDJPY,M1,wick_reversal,mean_reversion,5p,15p,london,True,True,False,60,1.5,-5.84,573,-14.44,1963,0.0,0
0.6339,43.55,1.29,0.0,-0.96,150.0,62,4,4,-0.0155,0.8218,hilo_break_43413158,USDJPY,M1,hilo_break,breakout,ATR×2.0,ATR×1.0,newyork,False,True,True,15,2.5,0.0,0,-0.62,20,-0.34,42
0.7483,55.95,5.19,0.01,-4.87,108.3,613,6,11,-0.0079,0.589,bb_bounce_8c591d63,USDJPY,M1,bb_bounce,mean_reversion,7p,15p,newyork,False,True,True,30,1.8,0.0,0,-1.1,214,-3.78,399
0.8209,44.6,1.15,0.0,-0.75,95.4,139,10,6,-0.0054,1.0195,bb_bounce_3c5dc32c,USDJPY,M1,bb_bounce,mean_reversion,15p,7p,newyork,True,True,True,30,1.6,0.0,0,-0.04,42,-0.71,97
0.9694,50.59,1.41,0.0,-0.17,130.6,170,6,6,-0.001,0.9469,wick_reversal_b5e89062,USDJPY,M1,wick_reversal,mean_reversion,ATR×1.5,ATR×1.0,newyork,False,False,True,30,2.2,0.0,0,-0.74,42,0.57,128
0.7884,45.65,17.38,0.02,-16.72,151.2,2186,13,10,-0.0076,0.9385,wick_reversal_2cd6a83c,USDJPY,M1,wick_reversal,mean_reversion,ATR×2.0,ATR×1.0,newyork,True,True,True,30,2.5,0.0,0,-8.8,735,-7.92,1451
0.6578,28.8,4.38,0.0,-3.39,239.4,191,12,3,-0.0177,1.6266,hilo_break_ec2d03af,USDJPY,M1,hilo_break,breakout,ATR×2.0,ATR×1.0,london,True,False,True,15,4.0,-0.87,46,-2.52,145,0.0,0
0.8021,52.81,21.85,0.02,-21.4,221.3,2596,9,12,-0.0082,0.7167,wick_reversal_41f75efa,USDJPY,M1,wick_reversal,mean_reversion,ATR×2.0,ATR×1.5,london,False,True,True,60,3.7,-4.17,577,-17.23,2019,0.0,0
0.6456,47.08,8.67,0.01,-8.65,72.6,856,8,8,-0.0101,0.7257,momentum_94181074,USDJPY,M1,momentum,trend_follow,5p,10p,london,True,True,False,15,1.2,-0.92,167,-7.73,689,0.0,0
0.696,46.34,2.4,0.0,-2.08,157.3,164,8,4,-0.0127,0.8059,donchian_break_e2a805a5,USDJPY,M1,donchian_break,breakout,15p,15p,london,True,True,True,60,2.6,0.14,32,-2.22,132,0.0,0
0.8372,47.85,13.5,0.01,-11.68,198.7,1724,10,10,-0.0068,0.9123,momentum_584fbc6e,USDJPY,M1,momentum,trend_follow,ATR×1.5,ATR×1.0,newyork,False,True,False,30,3.3,0.0,0,-8.95,574,-2.73,1150
0.8055,47.66,2.38,0.0,-1.26,299.5,128,11,4,-0.0098,0.8847,bb_bounce_2a7f6d78,USDJPY,M1,bb_bounce,mean_reversion,ATR×3.0,ATR×1.5,newyork,True,True,True,15,5.0,0.0,0,0.01,46,-1.27,82
0.8834,55.15,0.91,0.0,-0.37,75.9,136,5,8,-0.0027,0.7185,bb_bounce_8ff82c53,USDJPY,M1,bb_bounce,mean_reversion,5p,10p,london,True,True,True,60,1.3,0.37,32,-0.74,104,0.0,0
0.6807,43.63,4.76,0.0,-4.66,63.3,589,8,7,-0.0079,0.8794,consecutive_reversal_ecd58196,USDJPY,M1,consecutive_reversal,mean_reversion,5p,5p,newyork,True,False,True,15,1.1,0.0,0,-3.0,215,-1.65,374
0.7916,49.92,6.68,0.01,-6.27,72.8,1204,11,10,-0.0052,0.7942,bb_bounce_06c231c6,USDJPY,M1,bb_bounce,mean_reversion,5p,10p,london,True,False,True,0,1.2,-0.98,271,-5.29,933,0.0,0
0.6225,35.65,4.27,0.0,-4.15,106.4,331,9,7,-0.0125,1.1236,donchian_break_34334dbe,USDJPY,M1,donchian_break,breakout,20p,7p,newyork,False,True,True,0,1.8,0.0,0,-1.73,111,-2.42,220
0.6688,37.17,7.02,0.01,-6.79,92.6,686,15,5,-0.0099,1.1305,momentum_4a99e508,USDJPY,M1,momentum,trend_follow,15p,5p,newyork,True,False,True,15,1.5,0.0,0,-2.59,220,-4.2,466
0.8595,45.89,1.23,0.0,-0.99,71.7,292,5,6,-0.0034,1.0134,bb_bounce_1974e076,USDJPY,M1,bb_bounce,mean_reversion,7p,7p,london,False,True,True,30,1.2,-0.29,68,-0.71,224,0.0,0
0.7257,43.32,12.54,0.01,-11.02,214.9,891,9,6,-0.0124,0.9495,consecutive_reversal_3af20c22,USDJPY,M1,consecutive_reversal,mean_reversion,ATR×2.0,ATR×1.0,london,False,True,True,0,3.6,-1.89,193,-9.13,698,0.0,0
0.825,43.92,14.84,0.01,-13.5,195.3,1874,17,8,-0.0072,1.0535,wick_reversal_a58bc0b9,USDJPY,M1,wick_reversal,mean_reversion,ATR×2.0,ATR×1.0,newyork,True,True,True,60,3.3,0.0,0,-7.68,637,-5.82,1237
0.7354,38.78,7.78,0.01,-7.11,85.3,985,14,8,-0.0072,1.1609,bb_bounce_b202baf8,USDJPY,M1,bb_bounce,mean_reversion,15p,5p,newyork,False,True,False,60,1.4,0.0,0,-0.76,309,-6.34,676
0.6211,42.5,0.57,0.0,-0.47,85.5,40,6,4,-0.0118,0.8403,atr_break_d330e2ff,USDJPY,M1,atr_break,breakout,5p,15p,newyork,True,True,True,0,1.4,0.0,0,0.09,10,-0.56,30
0.6424,43.76,7.02,0.01,-6.85,104.0,537,9,5,-0.0128,0.8256,consecutive_reversal_f4c233b7,USDJPY,M1,consecutive_reversal,mean_reversion,10p,10p,london,True,True,False,15,1.7,-0.75,106,-6.1,431,0.0,0
0.8609,52.21,11.37,0.01,-8.97,269.3,1448,9,8,-0.0062,0.788,wick_reversal_0713bdaa,USDJPY,M1,wick_reversal,mean_reversion,ATR×2.0,ATR×1.5,newyork,True,True,True,15,4.5,0.0,0,-5.51,485,-3.47,963
0.7324,31.82,3.75,0.0,-3.7,208.5,286,13,6,-0.0129,1.5694,hilo_break_3c86c8fa,USDJPY,M1,hilo_break,breakout,ATR×1.5,ATR×1.0,newyork,True,False,True,15,3.5,0.0,0,-2.02,91,-1.68,195
0.6842,50.23,24.02,0.02,-23.72,93.1,2630,9,9,-0.009,0.6779,rsi_reversal_746df3fc,USDJPY,M1,rsi_reversal,mean_reversion,5p,15p,newyork,False,True,True,15,1.6,0.0,0,-6.72,873,-16.99,1757
0.6323,42.79,5.12,0.01,-5.12,103.1,402,9,7,-0.0127,0.8456,hilo_break_d653b8c1,USDJPY,M1,hilo_break,breakout,10p,10p,newyork,False,False,True,0,1.7,0.0,0,-2.24,132,-2.88,270
0.6929,50.87,2.04,0.0,-1.56,92.9,173,6,5,-0.009,0.6693,wick_reversal_b7923c49,USDJPY,M1,wick_reversal,mean_reversion,5p,15p,newyork,False,True,True,0,1.5,0.0,0,-0.59,43,-0.97,130
0.7061,41.49,14.04,0.01,-12.81,172.4,1010,11,7,-0.0127,0.9959,consecutive_reversal_b8ef17a8,USDJPY,M1,consecutive_reversal,mean_reversion,ATR×1.5,ATR×1.0,london,True,True,True,15,2.9,-1.85,214,-10.96,796,0.0,0
0.7311,52.7,21.21,0.02,-20.71,93.5,2795,9,11,-0.0074,0.6562,rsi_reversal_33ac96de,USDJPY,M1,rsi_reversal,mean_reversion,5p,15p,london,False,True,False,0,1.6,-3.63,607,-17.08,2188,0.0,0
0.7606,38.77,9.4,0.01,-8.18,93.4,1233,18,7,-0.0066,1.2014,bb_bounce_9747ecab,USDJPY,M1,bb_bounce,mean_reversion,15p,5p,newyork,True,False,True,15,1.6,0.0,0,0.23,410,-8.41,823
0.7486,48.08,2.43,0.0,-1.97,72.1,312,11,9,-0.0063,0.8085,bb_bounce_e73404cb,USDJPY,M1,bb_bounce,mean_reversion,5p,10p,newyork,False,True,False,60,1.2,0.0,0,-0.04,92,-1.93,220
0.5719,40.74,4.06,0.0,-4.06,68.5,324,10,6,-0.0125,0.8319,hilo_break_1e9f18da,USDJPY,M1,hilo_break,breakout,7p,7p,newyork,True,True,True,15,1.1,0.0,0,-1.26,100,-2.8,224
0.6798,46.69,12.71,0.01,-12.42,158.1,951,9,10,-0.0131,0.7763,consecutive_reversal_3d38ed56,USDJPY,M1,consecutive_reversal,mean_reversion,15p,15p,london,False,True,True,30,2.6,-2.58,204,-9.84,747,0.0,0
0.7125,47.21,11.64,0.01,-11.42,103.5,1199,10,9,-0.0095,0.7968,momentum_8846a2d3,USDJPY,M1,momentum,trend_follow,10p,10p,newyork,False,True,True,15,1.7,0.0,0,-3.01,401,-8.41,798
0.8128,53.9,6.09,0.01,-5.95,90.9,1178,7,12,-0.0051,0.6951,consecutive_reversal_d830a841,USDJPY,M1,consecutive_reversal,mean_reversion,5p,15p,newyork,True,False,True,60,1.5,0.0,0,-3.57,415,-2.38,763
0.7369,44.67,2.22,0.0,-1.96,70.6,300,9,6,-0.0065,0.9128,consecutive_reversal_21068f75,USDJPY,M1,consecutive_reversal,mean_reversion,7p,7p,newyork,True,False,False,0,1.2,0.0,0,-1.09,102,-0.87,198
0.7549,24.97,11.55,0.01,-11.46,407.8,721,27,4,-0.0159,2.2688,momentum_c23ad419,USDJPY,M1,momentum,trend_follow,ATR×2.0,ATR×1.0,newyork,True,False,False,60,6.8,0.0,0,-6.25,250,-5.2,471
0.7031,39.53,0.34,0.0,-0.33,101.9,43,7,5,-0.0076,1.0753,atr_break_f2936448,USDJPY,M1,atr_break,breakout,20p,7p,newyork,True,True,True,30,1.7,0.0,0,0.23,10,-0.55,33
0.7145,39.76,10.48,0.01,-9.48,85.1,1182,15,8,-0.008,1.0825,momentum_87bcb7e5,USDJPY,M1,momentum,trend_follow,15p,5p,newyork,True,True,True,0,1.4,0.0,0,-4.64,405,-4.84,777
0.8915,55.33,4.49,0.0,-3.37,228.8,750,9,7,-0.0045,0.7197,bb_bounce_d15982e9,USDJPY,M1,bb_bounce,mean_reversion,ATR×2.0,ATR×1.5,london,False,True,True,0,3.8,0.84,169,-4.21,581,0.0,0
0.6303,45.83,14.59,0.01,-14.39,103.2,1080,9,9,-0.0133,0.7449,momentum_6636e2e2,USDJPY,M1,momentum,trend_follow,10p,10p,london,True,False,True,0,1.7,-2.21,244,-12.18,836,0.0,0
0.8706,53.57,2.07,0.0,-0.82,184.3,168,5,11,-0.0049,0.7545,wick_reversal_7ab7c55e,USDJPY,M1,wick_reversal,mean_reversion,ATR×3.0,ATR×1.5,newyork,True,True,True,15,3.1,0.0,0,-1.11,41,0.29,127
0.6672,45.7,5.06,0.01,-4.95,99.9,442,9,9,-0.0112,0.7927,bb_bounce_be56fd97,USDJPY,M1,bb_bounce,mean_reversion,10p,10p,newyork,True,True,True,30,1.7,0.0,0,-1.19,135,-3.76,307
0.88,40.15,14.43,0.01,-11.02,423.8,1654,12,10,-0.0067,1.3121,wick_reversal_6a10b419,USDJPY,M1,wick_reversal,mean_reversion,ATR×3.0,ATR×1.5,newyork,False,False,True,0,7.1,0.0,0,-4.79,552,-6.23,1102
0.619,48.0,3.77,0.0,-3.77,90.5,325,9,8,-0.0116,0.6706,donchian_break_3da57bf4,USDJPY,M1,donchian_break,breakout,5p,15p,newyork,True,True,True,60,1.5,0.0,0,-1.07,109,-2.7,216
0.8165,36.08,24.46,0.02,-24.24,253.1,2702,18,7,-0.009,1.4462,wick_reversal_78a8fce3,USDJPY,M1,wick_reversal,mean_reversion,ATR×1.5,ATR×1.0,newyork,False,False,True,0,4.2,0.0,0,-8.88,908,-15.36,1794
0.6665,43.06,2.09,0.0,-2.08,69.2,209,6,5,-0.01,0.8813,donchian_break_f8187d8d,USDJPY,M1,donchian_break,breakout,7p,7p,newyork,True,False,True,60,1.2,0.0,0,-0.41,72,-1.68,137
0.8412,34.48,6.39,0.01,-5.78,142.0,1102,16,7,-0.0052,1.5983,bb_bounce_8570edec,USDJPY,M1,bb_bounce,mean_reversion,20p,7p,london,True,False,True,30,2.4,-1.92,244,-3.86,858,0.0,0
0.3861,33.33,1.21,0.0,-1.21,150.8,39,12,4,-0.031,0.7722,hilo_break_b809ceaa,USDJPY,M1,hilo_break,breakout,15p,15p,newyork,True,False,True,0,2.5,0.0,0,-0.32,12,-0.89,27
0.7703,31.44,7.64,0.01,-7.27,137.4,932,17,8,-0.0078,1.6798,bb_bounce_c300168e,USDJPY,M1,bb_bounce,mean_reversion,20p,7p,newyork,False,False,True,60,2.3,0.0,0,-1.32,292,-5.94,640
0.9543,35.96,5.56,0.01,-1.39,996.9,317,13,4,-0.0044,1.6994,consecutive_reversal_5725ffa7,USDJPY,M1,consecutive_reversal,mean_reversion,ATR×3.0,ATR×1.5,london,False,False,False,30,16.6,0.19,67,-1.57,250,0.0,0
0.6718,40.27,2.12,0.0,-1.41,84.6,149,7,6,-0.0095,0.9965,wick_reversal_68680e64,USDJPY,M1,wick_reversal,mean_reversion,15p,5p,london,True,True,False,30,1.4,-0.68,41,-0.73,108,0.0,0
0.0,0.0,0.0,0.0,0.0,0.0,0,0,0,0.0,0.0,atr_break_58cfc0f8,USDJPY,M1,atr_break,breakout,ATR×3.0,ATR×1.5,newyork,True,True,True,30,0.0,0.0,0,0.0,0,0.0,0
0.6978,52.2,21.68,0.02,-21.4,93.7,2496,9,12,-0.0086,0.6389,wick_reversal_7122eb94,USDJPY,M1,wick_reversal,mean_reversion,5p,15p,london,True,True,False,60,1.6,-5.37,553,-16.03,1943,0.0,0
0.8723,53.51,1.31,0.0,-1.0,88.5,299,6,7,-0.0033,0.7578,bb_bounce_a51430f5,USDJPY,M1,bb_bounce,mean_reversion,5p,15p,newyork,True,True,True,60,1.5,0.0,0,-0.38,111,-0.61,188
0.7318,51.57,12.9,0.01,-10.78,215.9,923,10,13,-0.0117,0.6872,momentum_8385800d,USDJPY,M1,momentum,trend_follow,ATR×3.0,ATR×1.5,london,True,False,True,15,3.6,-0.98,188,-9.81,735,0.0,0
0.6057,41.25,3.71,0.0,-3.71,68.8,320,9,6,-0.0116,0.8626,donchian_break_0722e0bc,USDJPY,M1,donchian_break,breakout,7p,7p,newyork,True,True,True,30,1.1,0.0,0,-0.97,101,-2.74,219
0.0,0.0,0.0,0.0,0.0,0.0,0,0,0,0.0,0.0,atr_break_c0a4f146,USDJPY,M1,atr_break,breakout,5p,5p,london,True,True,True,60,0.0,0.0,0,0.0,0,0.0,0
