pf,winrate,max_dd,max_dd_pct,total_pnl,avg_holding_seconds,trade_count,max_consecutive_losses,max_consecutive_wins,expectancy,payoff_ratio,name,sym,sig,tp,sl,sess,lv,be,trail,mb,ab_period,ab_mult,hold_m,hl_lb,hl_cb,bb_p,bb_std
0.0,0.0,0.0,0.0,0.0,0.0,0,0,0,0.0,0.0,atr_break_5f737d01,EURJPY,atr_break,A×4.0,A×1.5,london,True,False,True,120,20.0,1.8,0.0,,,,
1.0307,48.0,0.74,0.0,0.07,240.0,50,9,6,0.0014,1.1166,atr_break_ad193c09,EURJPY,atr_break,A×4.0,A×1.0,newyork,True,True,True,30,14.0,1.0,4.0,,,,
0.0,0.0,0.0,0.0,0.0,0.0,0,0,0,0.0,0.0,atr_break_b735bdea,EURJPY,atr_break,A×3.0,A×0.7,london,True,True,True,120,14.0,2.0,0.0,,,,
0.0,0.0,0.0,0.0,0.0,0.0,0,0,0,0.0,0.0,atr_break_5b21f694,EURJPY,atr_break,A×5.0,A×1.5,london,True,True,True,0,12.0,1.5,0.0,,,,
0.6229,48.0,1.89,0.0,-1.29,312.0,50,7,5,-0.0257,0.6748,atr_break_c438674a,EURJPY,atr_break,A×5.0,A×1.5,london,True,True,True,30,10.0,1.0,5.2,,,,
0.0,0.0,0.0,0.0,0.0,0.0,0,0,0,0.0,0.0,atr_break_7c33919f,EURJPY,atr_break,A×3.0,A×0.7,london,True,True,True,30,12.0,2.0,0.0,,,,
0.0,0.0,0.0,0.0,0.0,0.0,0,0,0,0.0,0.0,atr_break_44176cb9,EURJPY,atr_break,A×3.0,A×0.7,newyork,True,True,True,0,16.0,1.8,0.0,,,,
0.0,0.0,0.0,0.0,0.0,0.0,0,0,0,0.0,0.0,atr_break_4f4c5826,EURJPY,atr_break,A×5.0,A×2.0,newyork,True,False,True,30,20.0,2.0,0.0,,,,
0.0,0.0,0.0,0.0,0.0,0.0,0,0,0,0.0,0.0,atr_break_310c7290,EURJPY,atr_break,A×3.0,A×1.5,london,True,False,True,120,10.0,1.8,0.0,,,,
0.0,0.0,0.0,0.0,0.0,0.0,0,0,0,0.0,0.0,atr_break_8fdd3460,EURJPY,atr_break,A×3.0,A×1.0,newyork,False,True,True,30,16.0,2.5,0.0,,,,
0.0,0.0,0.0,0.0,0.0,0.0,0,0,0,0.0,0.0,atr_break_231e0239,EURJPY,atr_break,A×4.0,A×1.5,london,True,True,True,120,16.0,2.5,0.0,,,,
0.0,0.0,0.0,0.0,0.0,0.0,0,0,0,0.0,0.0,atr_break_ece8bf9c,EURJPY,atr_break,A×4.0,A×1.5,newyork,True,True,True,60,14.0,1.5,0.0,,,,
0.0,0.0,0.0,0.0,0.0,0.0,0,0,0,0.0,0.0,atr_break_3e94010b,EURJPY,atr_break,A×4.0,A×1.0,london,True,False,True,120,20.0,2.0,0.0,,,,
0.0,0.0,0.0,0.0,0.0,0.0,0,0,0,0.0,0.0,atr_break_d849a197,EURJPY,atr_break,A×2.5,A×1.0,london,True,False,True,60,7.0,1.5,0.0,,,,
0.0,0.0,0.0,0.0,0.0,0.0,0,0,0,0.0,0.0,atr_break_d6334892,EURJPY,atr_break,A×5.0,A×1.5,london,True,True,False,30,5.0,2.5,0.0,,,,
0.0,0.0,0.0,0.0,0.0,0.0,0,0,0,0.0,0.0,atr_break_d3ec35a6,EURJPY,atr_break,A×3.0,A×1.0,newyork,False,False,True,0,16.0,2.0,0.0,,,,
0.0,0.0,0.0,0.0,0.0,0.0,0,0,0,0.0,0.0,atr_break_5faa0639,EURJPY,atr_break,A×3.0,A×0.7,london,False,True,True,30,16.0,1.8,0.0,,,,
0.0,0.0,0.0,0.0,0.0,0.0,0,0,0,0.0,0.0,atr_break_6c792c83,EURJPY,atr_break,A×3.0,A×1.5,london,False,True,True,30,16.0,2.5,0.0,,,,
1.267,59.62,0.68,0.0,0.79,303.5,52,3,5,0.0152,0.8583,atr_break_399687a7,EURJPY,atr_break,A×4.0,A×1.5,newyork,True,True,True,0,5.0,1.0,5.1,,,,
0.0,0.0,0.0,0.0,0.0,0.0,0,0,0,0.0,0.0,atr_break_cba2af28,EURJPY,atr_break,A×3.0,A×0.7,london,True,False,False,30,5.0,2.0,0.0,,,,
0.0,0.0,0.0,0.0,0.0,0.0,0,0,0,0.0,0.0,atr_break_02531a30,EURJPY,atr_break,A×4.0,A×1.0,london,False,False,True,120,12.0,1.5,0.0,,,,
0.0,0.0,0.0,0.0,0.0,0.0,0,0,0,0.0,0.0,atr_break_ff407a7b,EURJPY,atr_break,A×2.0,A×0.7,london,True,False,True,60,14.0,2.0,0.0,,,,
1.4696,50.0,0.32,0.0,0.46,411.0,20,3,3,0.0228,1.4696,atr_break_bee51be7,EURJPY,atr_break,A×4.0,A×1.0,newyork,False,False,True,60,12.0,1.2,6.8,,,,
0.0,0.0,0.0,0.0,0.0,0.0,0,0,0,0.0,0.0,atr_break_510b2118,EURJPY,atr_break,A×5.0,A×2.0,newyork,True,False,False,0,14.0,1.5,0.0,,,,
0.0,0.0,0.0,0.0,0.0,0.0,0,0,0,0.0,0.0,atr_break_65e62b42,EURJPY,atr_break,A×2.0,A×0.7,newyork,False,False,True,30,10.0,2.5,0.0,,,,
0.0,0.0,0.0,0.0,0.0,0.0,0,0,0,0.0,0.0,atr_break_edbd1c5c,EURJPY,atr_break,A×2.5,A×1.0,newyork,True,True,True,120,16.0,2.0,0.0,,,,
0.0,0.0,0.0,0.0,0.0,0.0,0,0,0,0.0,0.0,atr_break_eacd2f37,EURJPY,atr_break,A×6.0,A×1.5,london,True,True,True,120,14.0,2.5,0.0,,,,
0.0,0.0,0.0,0.0,0.0,0.0,0,0,0,0.0,0.0,atr_break_b5a4cc7d,EURJPY,atr_break,A×2.5,A×1.0,london,True,True,True,120,5.0,1.8,0.0,,,,
0.3213,40.0,0.73,0.0,-0.69,306.0,10,4,2,-0.0693,0.4819,atr_break_2adee348,EURJPY,atr_break,A×6.0,A×1.5,london,True,True,True,120,10.0,1.2,5.1,,,,
0.0,0.0,0.0,0.0,0.0,0.0,0,0,0,0.0,0.0,atr_break_4714dda4,EURJPY,atr_break,A×4.0,A×1.0,newyork,True,True,False,30,20.0,1.5,0.0,,,,
0.0,0.0,0.0,0.0,0.0,0.0,0,0,0,0.0,0.0,atr_break_965f7e9c,EURJPY,atr_break,A×4.0,A×1.5,london,True,False,True,60,16.0,2.5,0.0,,,,
0.0,0.0,0.0,0.0,0.0,0.0,0,0,0,0.0,0.0,atr_break_1cff7a7f,EURJPY,atr_break,A×4.0,A×1.0,london,True,False,True,0,16.0,1.5,0.0,,,,
0.0,0.0,0.0,0.0,0.0,0.0,0,0,0,0.0,0.0,atr_break_0c71f981,EURJPY,atr_break,A×3.0,A×1.0,newyork,False,True,True,30,5.0,1.5,0.0,,,,
0.0,0.0,0.0,0.0,0.0,0.0,0,0,0,0.0,0.0,atr_break_24f60e3b,EURJPY,atr_break,A×3.0,A×1.0,newyork,True,True,True,0,12.0,2.5,0.0,,,,
1.2311,53.01,1.11,0.0,0.87,298.6,83,8,5,0.0104,1.0912,atr_break_0502777a,EURJPY,atr_break,A×3.0,A×1.5,newyork,False,False,True,30,14.0,1.0,5.0,,,,
0.803,41.3,0.93,0.0,-0.36,167.0,46,8,5,-0.0079,1.1411,atr_break_0592276d,EURJPY,atr_break,A×2.0,A×0.7,newyork,True,True,False,60,20.0,1.0,2.8,,,,
0.0,0.0,0.0,0.0,0.0,0.0,0,0,0,0.0,0.0,atr_break_409d62cc,EURJPY,atr_break,A×4.0,A×1.5,london,True,False,True,120,12.0,1.8,0.0,,,,
0.0,0.0,0.0,0.0,0.0,0.0,0,0,0,0.0,0.0,atr_break_e8553fc7,EURJPY,atr_break,A×6.0,A×1.5,london,True,True,False,120,12.0,2.0,0.0,,,,
0.0,0.0,0.0,0.0,0.0,0.0,0,0,0,0.0,0.0,atr_break_ab71c3e7,EURJPY,atr_break,A×5.0,A×2.0,london,False,True,False,30,14.0,1.8,0.0,,,,
0.0,0.0,0.52,0.0,-0.52,77.1,7,7,0,-0.0741,0.0,atr_break_a8f5cdd0,EURJPY,atr_break,A×2.0,A×0.7,london,True,False,True,30,12.0,1.2,1.3,,,,
0.0,0.0,0.0,0.0,0.0,0.0,0,0,0,0.0,0.0,atr_break_d293da37,EURJPY,atr_break,A×3.0,A×1.0,london,True,False,False,0,14.0,2.5,0.0,,,,
0.0,0.0,0.0,0.0,0.0,0.0,0,0,0,0.0,0.0,atr_break_8a748972,EURJPY,atr_break,A×2.5,A×1.0,london,False,True,True,120,12.0,2.0,0.0,,,,
0.9596,35.39,5.1,0.01,-0.9,345.0,373,10,5,-0.0024,1.752,atr_break_664105d1,EURJPY,atr_break,A×4.0,A×1.0,newyork,False,False,True,120,12.0,0.8,5.8,,,,
0.0,0.0,0.0,0.0,0.0,0.0,0,0,0,0.0,0.0,atr_break_95f647cd,EURJPY,atr_break,A×4.0,A×1.0,newyork,True,True,True,30,8.0,1.8,0.0,,,,
0.0,0.0,0.0,0.0,0.0,0.0,0,0,0,0.0,0.0,atr_break_e39493d2,EURJPY,atr_break,A×2.5,A×1.0,newyork,False,True,True,60,10.0,2.5,0.0,,,,
0.5782,33.33,0.33,0.0,-0.23,260.0,9,3,2,-0.0258,1.1564,atr_break_a695b68d,EURJPY,atr_break,A×4.0,A×1.0,london,True,True,True,0,14.0,1.2,4.3,,,,
0.0,0.0,0.0,0.0,0.0,0.0,0,0,0,0.0,0.0,atr_break_a1c8189c,EURJPY,atr_break,A×2.0,A×0.7,newyork,True,True,True,120,12.0,1.8,0.0,,,,
0.0,0.0,0.0,0.0,0.0,0.0,0,0,0,0.0,0.0,atr_break_104985ea,EURJPY,atr_break,A×3.0,A×1.5,london,False,True,True,30,5.0,2.5,0.0,,,,
0.7701,42.31,1.42,0.0,-1.02,249.2,78,6,4,-0.013,1.0502,atr_break_58c2965b,EURJPY,atr_break,A×2.5,A×1.0,newyork,False,True,True,30,8.0,1.0,4.2,,,,
0.0,0.0,0.0,0.0,0.0,0.0,0,0,0,0.0,0.0,atr_break_182ac8c6,EURJPY,atr_break,A×5.0,A×1.5,newyork,True,False,True,0,7.0,1.5,0.0,,,,
0.0,0.0,0.0,0.0,0.0,0.0,0,0,0,0.0,0.0,atr_break_1d102b0f,EURJPY,atr_break,A×5.0,A×1.5,newyork,True,True,True,120,10.0,2.5,0.0,,,,
0.0,0.0,0.0,0.0,0.0,0.0,0,0,0,0.0,0.0,atr_break_05a7f51e,EURJPY,atr_break,A×2.5,A×1.0,newyork,True,True,True,120,10.0,1.8,0.0,,,,
0.0,0.0,0.0,0.0,0.0,0.0,0,0,0,0.0,0.0,atr_break_df303f54,EURJPY,atr_break,A×2.5,A×1.0,london,True,True,True,30,14.0,1.5,0.0,,,,
1.0056,20.56,5.47,0.01,0.16,764.1,321,16,4,0.0005,3.8854,atr_break_17efff84,EURJPY,atr_break,A×3.0,A×1.0,newyork,False,False,False,120,20.0,0.8,12.7,,,,
0.0,0.0,0.0,0.0,0.0,0.0,0,0,0,0.0,0.0,atr_break_9895c998,EURJPY,atr_break,A×4.0,A×1.0,newyork,True,False,True,120,5.0,2.0,0.0,,,,
0.7856,35.5,2.33,0.0,-2.13,148.8,231,14,4,-0.0092,1.4275,atr_break_69e2643f,EURJPY,atr_break,A×2.0,A×0.7,newyork,True,True,True,30,5.0,0.8,2.5,,,,
0.771,51.72,1.52,0.0,-0.99,298.6,87,6,4,-0.0113,0.7196,atr_break_34cf7ed0,EURJPY,atr_break,A×4.0,A×1.0,london,False,True,True,120,8.0,1.0,5.0,,,,
0.0,0.0,0.0,0.0,0.0,0.0,0,0,0,0.0,0.0,atr_break_8b3fee5d,EURJPY,atr_break,A×5.0,A×2.0,newyork,True,True,False,30,5.0,2.5,0.0,,,,
1.0323,35.0,0.49,0.0,0.03,186.0,20,6,3,0.0016,1.9172,atr_break_d18d3b2f,EURJPY,atr_break,A×2.0,A×0.7,newyork,False,True,True,0,10.0,1.2,3.1,,,,
0.0,0.0,0.0,0.0,0.0,0.0,0,0,0,0.0,0.0,atr_break_8aa0eb93,EURJPY,atr_break,A×2.0,A×0.7,newyork,True,False,True,0,16.0,2.0,0.0,,,,
0.7778,30.19,0.86,0.0,-0.54,204.9,53,9,2,-0.0101,1.7987,atr_break_fdc39748,EURJPY,atr_break,A×3.0,A×0.7,newyork,True,False,True,30,14.0,1.0,3.4,,,,
0.0,0.0,0.0,0.0,0.0,0.0,0,0,0,0.0,0.0,atr_break_d9618a2c,EURJPY,atr_break,A×4.0,A×1.5,london,False,False,True,120,8.0,2.5,0.0,,,,
0.0,0.0,0.0,0.0,0.0,0.0,0,0,0,0.0,0.0,atr_break_64ae7526,EURJPY,atr_break,A×3.0,A×1.5,london,True,True,False,60,5.0,1.8,0.0,,,,
1.0874,52.38,1.18,0.0,0.35,287.9,84,8,5,0.0042,0.9885,atr_break_e49d5bab,EURJPY,atr_break,A×2.5,A×1.0,newyork,False,True,True,120,14.0,1.0,4.8,,,,
0.679,15.14,3.85,0.0,-3.63,365.5,185,16,2,-0.0196,3.8071,atr_break_a99c81f2,EURJPY,atr_break,A×3.0,A×0.7,london,True,False,False,60,20.0,0.8,6.1,,,,
0.8009,50.0,0.35,0.0,-0.13,222.9,14,3,3,-0.0094,0.8009,atr_break_4c292888,EURJPY,atr_break,A×4.0,A×1.0,london,False,True,True,30,16.0,1.2,3.7,,,,
0.0,0.0,0.0,0.0,0.0,0.0,0,0,0,0.0,0.0,atr_break_b180e724,EURJPY,atr_break,A×6.0,A×1.5,london,True,True,False,60,8.0,1.8,0.0,,,,
0.0,0.0,0.0,0.0,0.0,0.0,0,0,0,0.0,0.0,atr_break_85c15e25,EURJPY,atr_break,A×3.0,A×1.5,newyork,True,True,True,0,12.0,2.5,0.0,,,,
1.2129,65.06,1.44,0.0,0.8,353.5,83,7,8,0.0097,0.6514,atr_break_593cf57b,EURJPY,atr_break,A×3.0,A×1.5,london,False,True,True,0,20.0,1.0,5.9,,,,
0.0,0.0,0.0,0.0,0.0,0.0,0,0,0,0.0,0.0,atr_break_1ae58e3a,EURJPY,atr_break,A×5.0,A×1.5,london,True,True,False,120,7.0,2.5,0.0,,,,
0.0,0.0,0.0,0.0,0.0,0.0,0,0,0,0.0,0.0,atr_break_a03bee90,EURJPY,atr_break,A×4.0,A×1.5,newyork,True,True,True,30,5.0,2.0,0.0,,,,
0.2059,25.0,0.68,0.0,-0.68,270.0,8,4,1,-0.0844,0.6176,atr_break_9d8ea93c,EURJPY,atr_break,A×4.0,A×1.5,london,True,True,True,30,12.0,1.2,4.5,,,,
0.0,0.0,0.0,0.0,0.0,0.0,0,0,0,0.0,0.0,atr_break_5cb3b90e,EURJPY,atr_break,A×3.0,A×0.7,london,False,False,True,120,14.0,1.5,0.0,,,,
0.9415,52.94,0.73,0.0,-0.15,251.8,51,6,6,-0.0029,0.8368,atr_break_a70d8482,EURJPY,atr_break,A×3.0,A×1.5,london,True,True,True,60,8.0,1.0,4.2,,,,
0.0,0.0,0.0,0.0,0.0,0.0,0,0,0,0.0,0.0,atr_break_606e5e3a,EURJPY,atr_break,A×2.0,A×0.7,london,False,True,True,30,5.0,1.8,0.0,,,,
1.0793,51.48,1.8,0.0,1.34,274.1,338,10,6,0.004,1.0172,atr_break_fe2f9f7d,EURJPY,atr_break,A×6.0,A×1.5,london,False,True,True,30,5.0,0.8,4.6,,,,
1.0912,26.62,2.24,0.0,1.72,1752.5,139,11,3,0.0124,3.0081,atr_break_65fb9db7,EURJPY,atr_break,A×4.0,A×1.5,newyork,True,False,False,0,20.0,0.8,29.2,,,,
0.0,0.0,0.04,0.0,-0.04,120.0,1,1,0,-0.043,0.0,atr_break_795f0198,EURJPY,atr_break,A×2.5,A×1.0,london,True,False,True,30,8.0,1.5,2.0,,,,
2.1347,50.0,0.22,0.0,0.34,157.5,8,3,2,0.0421,2.1347,atr_break_1e1216cc,EURJPY,atr_break,A×2.0,A×0.7,newyork,True,False,True,60,5.0,1.2,2.6,,,,
0.7492,55.96,2.65,0.0,-2.61,439.6,193,5,11,-0.0135,0.5897,atr_break_ab8faf53,EURJPY,atr_break,A×5.0,A×1.5,london,True,True,False,0,14.0,0.8,7.3,,,,
0.3101,40.0,0.86,0.0,-0.83,390.0,10,3,2,-0.083,0.4651,atr_break_54cc9201,EURJPY,atr_break,A×3.0,A×1.5,london,True,True,True,60,10.0,1.2,6.5,,,,
0.9875,42.17,1.39,0.0,-0.05,411.3,83,12,4,-0.0006,1.3543,atr_break_d3ac691f,EURJPY,atr_break,A×4.0,A×1.5,newyork,False,False,True,0,14.0,1.0,6.9,,,,
0.0,0.0,0.0,0.0,0.0,0.0,0,0,0,0.0,0.0,atr_break_46e72da5,EURJPY,atr_break,A×6.0,A×1.5,london,True,True,True,0,12.0,2.5,0.0,,,,
0.1269,37.5,0.91,0.0,-0.87,390.0,8,4,2,-0.1084,0.2115,atr_break_de8d13e7,EURJPY,atr_break,A×5.0,A×1.5,london,True,True,True,30,20.0,1.2,6.5,,,,
0.0,0.0,0.0,0.0,0.0,0.0,0,0,0,0.0,0.0,atr_break_5302418b,EURJPY,atr_break,A×2.5,A×1.0,newyork,False,True,True,0,8.0,2.5,0.0,,,,
0.9815,69.81,1.25,0.0,-0.05,510.6,53,3,11,-0.001,0.4244,atr_break_de1abefe,EURJPY,atr_break,A×6.0,A×1.5,newyork,True,True,False,30,14.0,1.0,8.5,,,,
0.0,0.0,0.0,0.0,0.0,0.0,0,0,0,0.0,0.0,atr_break_5009b984,EURJPY,atr_break,A×2.0,A×0.7,london,False,True,False,60,14.0,1.8,0.0,,,,
0.0,0.0,0.0,0.0,0.0,0.0,0,0,0,0.0,0.0,atr_break_113807e6,EURJPY,atr_break,A×5.0,A×1.5,london,True,True,True,30,14.0,2.0,0.0,,,,
0.0,0.0,0.0,0.0,0.0,0.0,0,0,0,0.0,0.0,atr_break_f3f4c82f,EURJPY,atr_break,A×4.0,A×1.0,london,True,False,True,60,10.0,1.8,0.0,,,,
1.7641,55.56,0.29,0.0,0.39,313.3,9,3,3,0.0436,1.4113,atr_break_c4c9ccaf,EURJPY,atr_break,A×3.0,A×1.5,newyork,True,True,True,60,5.0,1.2,5.2,,,,
0.0,0.0,0.0,0.0,0.0,0.0,0,0,0,0.0,0.0,atr_break_025589d2,EURJPY,atr_break,A×2.5,A×1.0,london,True,False,True,30,16.0,2.0,0.0,,,,
0.6841,62.5,1.66,0.0,-1.06,447.5,48,3,7,-0.022,0.4105,atr_break_c06fbcc9,EURJPY,atr_break,A×5.0,A×2.0,newyork,True,True,True,30,16.0,1.0,7.5,,,,
1.084,32.77,3.69,0.0,1.75,1187.8,177,13,3,0.0099,2.2242,atr_break_d0675dfa,EURJPY,atr_break,A×3.0,A×1.5,newyork,True,False,False,0,10.0,0.8,19.8,,,,
0.0,0.0,0.0,0.0,0.0,0.0,0,0,0,0.0,0.0,atr_break_4632eaea,EURJPY,atr_break,A×3.0,A×1.5,london,False,False,True,0,5.0,1.5,0.0,,,,
0.0,0.0,0.0,0.0,0.0,0.0,0,0,0,0.0,0.0,atr_break_77acec5a,EURJPY,atr_break,A×3.0,A×1.0,london,True,True,True,0,7.0,1.5,0.0,,,,
0.9511,56.82,1.31,0.0,-0.13,391.4,44,8,7,-0.0029,0.7228,atr_break_25b1a2d1,EURJPY,atr_break,A×6.0,A×1.5,newyork,True,True,True,0,20.0,1.0,6.5,,,,
0.0,0.0,0.0,0.0,0.0,0.0,0,0,0,0.0,0.0,atr_break_24033723,EURJPY,atr_break,A×5.0,A×1.5,london,True,True,False,0,8.0,2.0,0.0,,,,
0.0,0.0,0.0,0.0,0.0,0.0,0,0,0,0.0,0.0,atr_break_0356c0b1,EURJPY,atr_break,A×4.0,A×1.0,london,False,True,True,120,14.0,2.0,0.0,,,,
1.1035,49.47,2.46,0.0,2.03,311.7,374,9,6,0.0054,1.1273,atr_break_06e73b36,EURJPY,atr_break,A×5.0,A×1.5,london,False,False,True,30,16.0,0.8,5.2,,,,
0.0,0.0,0.0,0.0,0.0,0.0,0,0,0,0.0,0.0,atr_break_629c4be3,EURJPY,atr_break,A×3.0,A×1.0,london,True,False,True,120,16.0,1.5,0.0,,,,
0.0,0.0,0.0,0.0,0.0,0.0,0,0,0,0.0,0.0,atr_break_df070e84,EURJPY,atr_break,A×2.0,A×0.7,newyork,True,False,True,30,5.0,2.5,0.0,,,,
0.863,66.0,1.12,0.0,-0.35,517.2,50,3,6,-0.007,0.4446,atr_break_87b92f97,EURJPY,atr_break,A×4.0,A×1.5,london,True,True,False,0,8.0,1.0,8.6,,,,
0.0,0.0,0.0,0.0,0.0,0.0,0,0,0,0.0,0.0,atr_break_3a67e84c,EURJPY,atr_break,A×5.0,A×1.5,london,True,True,True,60,14.0,1.5,0.0,,,,
0.0,0.0,0.0,0.0,0.0,0.0,0,0,0,0.0,0.0,atr_break_003a0cc1,EURJPY,atr_break,A×4.0,A×1.5,newyork,True,False,True,30,7.0,1.5,0.0,,,,
1.1639,39.56,1.71,0.0,2.31,615.5,182,6,6,0.0127,1.7782,atr_break_349ba344,EURJPY,atr_break,A×3.0,A×1.5,london,True,False,True,30,14.0,0.8,10.3,,,,
0.8869,60.06,6.93,0.01,-2.75,542.8,343,6,12,-0.008,0.5898,atr_break_053037a6,EURJPY,atr_break,A×5.0,A×2.0,newyork,False,True,True,0,16.0,0.8,9.0,,,,
0.0,0.0,0.0,0.0,0.0,0.0,0,0,0,0.0,0.0,atr_break_754ca06e,EURJPY,atr_break,A×5.0,A×1.5,london,True,True,False,0,8.0,2.5,0.0,,,,
0.0,0.0,0.0,0.0,0.0,0.0,0,0,0,0.0,0.0,atr_break_43dd22f3,EURJPY,atr_break,A×6.0,A×1.5,london,True,True,True,60,20.0,1.8,0.0,,,,
0.7509,33.33,1.44,0.0,-0.92,160.8,78,9,3,-0.0118,1.5018,atr_break_084d4bdf,EURJPY,atr_break,A×2.0,A×0.7,newyork,False,False,True,120,16.0,1.0,2.7,,,,
0.7074,52.91,4.19,0.0,-3.68,403.5,189,7,7,-0.0195,0.6296,atr_break_3943f48d,EURJPY,atr_break,A×5.0,A×1.5,london,True,True,True,120,12.0,0.8,6.7,,,,
0.6637,34.62,3.5,0.0,-3.27,151.4,208,21,6,-0.0157,1.2537,atr_break_16b02dc0,EURJPY,atr_break,A×2.0,A×0.7,newyork,True,True,False,30,16.0,0.8,2.5,,,,
0.0,0.0,0.0,0.0,0.0,0.0,0,0,0,0.0,0.0,atr_break_8480854a,EURJPY,atr_break,A×4.0,A×1.0,newyork,True,True,True,0,16.0,2.0,0.0,,,,
0.8473,33.33,0.33,0.0,-0.08,200.0,9,3,2,-0.0093,1.6945,atr_break_0e5a0c88,EURJPY,atr_break,A×3.0,A×1.0,london,True,True,True,60,16.0,1.2,3.3,,,,
0.836,48.45,2.05,0.0,-1.61,415.1,194,8,7,-0.0083,0.8894,atr_break_f01262c1,EURJPY,atr_break,A×4.0,A×1.0,london,True,True,False,0,16.0,0.8,6.9,,,,
0.0,0.0,0.0,0.0,0.0,0.0,0,0,0,0.0,0.0,atr_break_a1c155b8,EURJPY,atr_break,A×5.0,A×2.0,london,False,False,True,0,16.0,1.5,0.0,,,,
0.6394,44.44,0.39,0.0,-0.26,273.3,9,3,3,-0.0289,0.7992,atr_break_f6c94e23,EURJPY,atr_break,A×6.0,A×1.5,london,True,False,True,0,16.0,1.2,4.6,,,,
0.688,34.62,2.9,0.0,-2.86,179.7,208,10,7,-0.0137,1.2996,atr_break_80f84e46,EURJPY,atr_break,A×3.0,A×0.7,newyork,True,True,False,30,14.0,0.8,3.0,,,,
0.93,51.17,4.7,0.0,-1.58,314.3,383,6,7,-0.0041,0.8873,atr_break_3543a1ae,EURJPY,atr_break,A×3.0,A×1.5,newyork,False,True,True,0,10.0,0.8,5.2,,,,
0.0,0.0,0.0,0.0,0.0,0.0,0,0,0,0.0,0.0,atr_break_fb1ed2b9,EURJPY,atr_break,A×2.5,A×1.0,newyork,True,True,True,30,5.0,1.5,0.0,,,,
0.7403,56.86,1.19,0.0,-0.65,363.5,51,4,5,-0.0127,0.5616,atr_break_eacfb318,EURJPY,atr_break,A×4.0,A×1.5,london,True,True,False,120,7.0,1.0,6.1,,,,
0.0,0.0,0.0,0.0,0.0,0.0,0,0,0,0.0,0.0,atr_break_243d9756,EURJPY,atr_break,A×5.0,A×1.5,london,True,True,True,30,16.0,2.0,0.0,,,,
0.6643,39.81,4.07,0.0,-3.55,212.9,206,9,6,-0.0172,1.0045,atr_break_a87fe00f,EURJPY,atr_break,A×2.5,A×1.0,london,True,True,True,30,5.0,0.8,3.5,,,,
0.0,0.0,0.0,0.0,0.0,0.0,0,0,0,0.0,0.0,atr_break_75502ede,EURJPY,atr_break,A×5.0,A×2.0,newyork,True,True,True,30,20.0,1.5,0.0,,,,
0.0,0.0,0.0,0.0,0.0,0.0,0,0,0,0.0,0.0,atr_break_b9020dcc,EURJPY,atr_break,A×2.5,A×1.0,newyork,False,True,False,60,16.0,2.0,0.0,,,,
1.1931,22.22,0.33,0.0,0.1,206.7,9,4,2,0.0106,4.1758,atr_break_2ae95701,EURJPY,atr_break,A×2.0,A×0.7,london,True,False,True,120,16.0,1.2,3.4,,,,
0.0,0.0,0.0,0.0,0.0,0.0,0,0,0,0.0,0.0,atr_break_70c0f90f,EURJPY,atr_break,A×5.0,A×1.5,newyork,False,True,True,60,5.0,1.8,0.0,,,,
0.0,0.0,0.0,0.0,0.0,0.0,0,0,0,0.0,0.0,atr_break_4734afa3,EURJPY,atr_break,A×2.5,A×1.0,london,True,False,True,120,20.0,1.5,0.0,,,,
0.0,0.0,0.0,0.0,0.0,0.0,0,0,0,0.0,0.0,atr_break_d195c1fc,EURJPY,atr_break,A×3.0,A×1.0,newyork,True,True,False,120,16.0,2.5,0.0,,,,
0.8398,64.58,0.61,0.0,-0.4,598.8,48,3,5,-0.0084,0.4605,atr_break_9435ffbf,EURJPY,atr_break,A×6.0,A×1.5,newyork,True,True,False,120,8.0,1.0,10.0,,,,
0.9851,36.87,2.9,0.0,-0.32,319.6,377,17,4,-0.0008,1.6868,atr_break_67ceca39,EURJPY,atr_break,A×3.0,A×1.0,london,False,False,True,0,14.0,0.8,5.3,,,,
0.0,0.0,0.0,0.0,0.0,0.0,0,0,0,0.0,0.0,atr_break_9f92a87d,EURJPY,atr_break,A×2.5,A×1.0,london,False,True,True,120,10.0,1.8,0.0,,,,
0.0,0.0,0.0,0.0,0.0,0.0,0,0,0,0.0,0.0,atr_break_7ea9da90,EURJPY,atr_break,A×4.0,A×1.0,london,False,True,True,30,8.0,2.5,0.0,,,,
0.0,0.0,0.0,0.0,0.0,0.0,0,0,0,0.0,0.0,atr_break_af75439b,EURJPY,atr_break,A×6.0,A×1.5,newyork,True,False,False,0,7.0,1.8,0.0,,,,
0.7871,45.16,2.71,0.0,-2.29,275.2,186,8,3,-0.0123,0.9558,atr_break_51a3bcdc,EURJPY,atr_break,A×6.0,A×1.5,london,True,True,True,60,8.0,0.8,4.6,,,,
0.4857,41.67,1.75,0.0,-1.64,275.0,48,7,5,-0.0341,0.68,atr_break_abc11da5,EURJPY,atr_break,A×3.0,A×1.5,london,True,False,True,60,10.0,1.0,4.6,,,,
0.0,0.0,0.0,0.0,0.0,0.0,0,0,0,0.0,0.0,atr_break_663e5a2b,EURJPY,atr_break,A×3.0,A×0.7,newyork,True,True,False,0,14.0,1.5,0.0,,,,
0.0684,33.33,0.67,0.0,-0.63,260.0,6,4,2,-0.1045,0.1367,atr_break_a7c8359d,EURJPY,atr_break,A×5.0,A×1.5,london,True,True,True,60,20.0,1.2,4.3,,,,
0.0,0.0,0.0,0.0,0.0,0.0,0,0,0,0.0,0.0,atr_break_2c5f32bf,EURJPY,atr_break,A×5.0,A×2.0,london,True,True,False,30,8.0,1.8,0.0,,,,
0.0,0.0,0.0,0.0,0.0,0.0,0,0,0,0.0,0.0,atr_break_4c04da9f,EURJPY,atr_break,A×4.0,A×1.5,london,True,True,True,0,8.0,2.0,0.0,,,,
0.8328,56.82,1.31,0.0,-0.39,323.2,44,8,10,-0.0088,0.6329,atr_break_dcba2b32,EURJPY,atr_break,A×3.0,A×1.5,newyork,True,True,True,0,20.0,1.0,5.4,,,,
0.8497,68.18,0.99,0.0,-0.34,368.2,44,4,6,-0.0078,0.3965,atr_break_56591bc1,EURJPY,atr_break,A×5.0,A×2.0,london,True,True,True,120,8.0,1.0,6.1,,,,
0.0,0.0,0.0,0.0,0.0,0.0,0,0,0,0.0,0.0,atr_break_e8643da5,EURJPY,atr_break,A×2.0,A×0.7,london,False,False,False,120,20.0,2.5,0.0,,,,
0.8535,37.5,0.7,0.0,-0.11,712.5,8,4,2,-0.0137,1.4225,atr_break_896c0abc,EURJPY,atr_break,A×5.0,A×2.0,london,True,False,True,120,5.0,1.2,11.9,,,,
0.0,0.0,0.0,0.0,0.0,0.0,0,0,0,0.0,0.0,atr_break_e1986571,EURJPY,atr_break,A×5.0,A×1.5,newyork,True,True,False,30,20.0,1.5,0.0,,,,
0.9765,52.08,0.76,0.0,-0.06,276.2,48,5,4,-0.0012,0.8984,atr_break_b448db49,EURJPY,atr_break,A×6.0,A×1.5,newyork,True,False,True,30,16.0,1.0,4.6,,,,
0.8903,52.17,5.57,0.01,-2.32,340.6,368,6,7,-0.0063,0.8161,atr_break_64f98484,EURJPY,atr_break,A×5.0,A×2.0,newyork,False,True,True,30,12.0,0.8,5.7,,,,
0.1392,12.5,1.0,0.0,-1.0,337.5,8,6,1,-0.1245,0.9741,atr_break_79aa7d5b,EURJPY,atr_break,A×4.0,A×1.5,london,True,False,True,120,12.0,1.2,5.6,,,,
0.8775,46.43,0.92,0.0,-0.44,222.1,84,8,5,-0.0053,1.0125,atr_break_429af24f,EURJPY,atr_break,A×4.0,A×1.0,london,False,True,True,120,20.0,1.0,3.7,,,,
0.4495,28.57,0.24,0.0,-0.16,248.6,7,4,2,-0.0226,1.1237,atr_break_1f899efb,EURJPY,atr_break,A×4.0,A×1.0,london,True,True,True,30,5.0,1.2,4.1,,,,
0.0,0.0,0.0,0.0,0.0,0.0,0,0,0,0.0,0.0,atr_break_5b92c43b,EURJPY,atr_break,A×3.0,A×0.7,london,True,True,True,120,7.0,1.5,0.0,,,,
0.0,0.0,0.0,0.0,0.0,0.0,0,0,0,0.0,0.0,atr_break_50dee9f6,EURJPY,atr_break,A×3.0,A×0.7,newyork,True,True,False,0,10.0,2.0,0.0,,,,
0.7649,46.88,3.47,0.0,-3.03,378.8,192,6,6,-0.0158,0.8669,atr_break_bb67ce53,EURJPY,atr_break,A×5.0,A×2.0,london,True,False,True,30,10.0,0.8,6.3,,,,
0.0,0.0,0.0,0.0,0.0,0.0,0,0,0,0.0,0.0,atr_break_66c2baca,EURJPY,atr_break,A×3.0,A×0.7,london,False,True,True,60,12.0,2.0,0.0,,,,
0.5759,30.77,0.32,0.0,-0.27,272.3,13,3,2,-0.0211,1.2957,atr_break_e0157c85,EURJPY,atr_break,A×3.0,A×0.7,london,False,False,True,60,14.0,1.2,4.5,,,,
0.0,0.0,0.0,0.0,0.0,0.0,0,0,0,0.0,0.0,atr_break_c8fd15a8,EURJPY,atr_break,A×5.0,A×2.0,newyork,True,True,True,120,8.0,1.8,0.0,,,,
1.5766,63.64,0.33,0.0,0.38,687.3,11,2,4,0.0349,0.9009,atr_break_646a4538,EURJPY,atr_break,A×3.0,A×1.5,newyork,True,False,True,30,14.0,1.2,11.5,,,,
0.9867,48.32,3.67,0.0,-0.28,305.3,387,9,6,-0.0007,1.0553,atr_break_702893ec,EURJPY,atr_break,A×3.0,A×1.0,newyork,False,True,True,60,20.0,0.8,5.1,,,,
0.0,0.0,0.0,0.0,0.0,0.0,0,0,0,0.0,0.0,atr_break_6cfe42e8,EURJPY,atr_break,A×5.0,A×2.0,newyork,True,True,False,30,5.0,1.8,0.0,,,,
0.0,0.0,0.0,0.0,0.0,0.0,0,0,0,0.0,0.0,atr_break_da829226,EURJPY,atr_break,A×2.0,A×0.7,london,True,False,True,60,14.0,2.5,0.0,,,,
0.0,0.0,0.0,0.0,0.0,0.0,0,0,0,0.0,0.0,atr_break_5f2679d8,EURJPY,atr_break,A×2.0,A×0.7,london,True,True,True,60,8.0,1.8,0.0,,,,
0.0,0.0,0.0,0.0,0.0,0.0,0,0,0,0.0,0.0,atr_break_bf7b64d7,EURJPY,atr_break,A×4.0,A×1.0,london,False,False,False,60,8.0,1.8,0.0,,,,
0.0,0.0,0.0,0.0,0.0,0.0,0,0,0,0.0,0.0,atr_break_d5e9c22c,EURJPY,atr_break,A×4.0,A×1.0,london,True,False,True,60,16.0,1.8,0.0,,,,
1.1592,59.62,0.79,0.0,0.51,349.6,52,4,5,0.0098,0.7853,atr_break_50bd79db,EURJPY,atr_break,A×6.0,A×1.5,newyork,True,True,True,120,5.0,1.0,5.8,,,,
0.0,0.0,0.0,0.0,0.0,0.0,0,0,0,0.0,0.0,atr_break_2e7db729,EURJPY,atr_break,A×6.0,A×1.5,newyork,True,True,False,60,10.0,2.0,0.0,,,,
0.83,37.66,1.17,0.0,-0.56,153.5,77,6,4,-0.0072,1.3738,atr_break_2959762f,EURJPY,atr_break,A×2.0,A×0.7,london,False,True,True,60,5.0,1.0,2.6,,,,
0.0,0.0,0.0,0.0,0.0,0.0,0,0,0,0.0,0.0,atr_break_db373651,EURJPY,atr_break,A×3.0,A×1.5,newyork,True,False,True,30,5.0,2.5,0.0,,,,
0.0,0.0,0.0,0.0,0.0,0.0,0,0,0,0.0,0.0,atr_break_4c9a0628,EURJPY,atr_break,A×2.0,A×0.7,newyork,True,True,True,120,16.0,1.8,0.0,,,,
0.0,0.0,0.72,0.0,-0.72,300.0,10,10,0,-0.0723,0.0,atr_break_cc8cb6bb,EURJPY,atr_break,A×3.0,A×1.0,london,True,False,True,0,7.0,1.2,5.0,,,,
0.7816,42.08,2.62,0.0,-2.26,226.0,202,10,8,-0.0112,1.0759,atr_break_5f16ab0a,EURJPY,atr_break,A×3.0,A×1.0,london,True,True,True,120,14.0,0.8,3.8,,,,
0.0,0.0,0.0,0.0,0.0,0.0,0,0,0,0.0,0.0,atr_break_b6560c44,EURJPY,atr_break,A×4.0,A×1.5,london,False,True,True,60,14.0,2.5,0.0,,,,
0.0,0.0,0.0,0.0,0.0,0.0,0,0,0,0.0,0.0,atr_break_f31f852f,EURJPY,atr_break,A×3.0,A×0.7,london,True,True,False,60,12.0,2.5,0.0,,,,
0.8452,54.9,1.2,0.0,-0.46,284.7,51,4,4,-0.0091,0.6942,atr_break_beef6a93,EURJPY,atr_break,A×3.0,A×1.5,london,True,True,True,120,14.0,1.0,4.7,,,,
0.0,0.0,0.0,0.0,0.0,0.0,0,0,0,0.0,0.0,atr_break_e71683aa,EURJPY,atr_break,A×5.0,A×2.0,london,True,True,True,0,12.0,2.5,0.0,,,,
1.0144,39.94,2.18,0.0,0.25,227.6,348,15,6,0.0007,1.5253,atr_break_8bdde451,EURJPY,atr_break,A×2.5,A×1.0,london,False,False,True,120,5.0,0.8,3.8,,,,
0.0,0.0,0.0,0.0,0.0,0.0,0,0,0,0.0,0.0,atr_break_26177852,EURJPY,atr_break,A×3.0,A×1.0,london,True,True,True,0,12.0,1.8,0.0,,,,
0.0,0.0,0.0,0.0,0.0,0.0,0,0,0,0.0,0.0,atr_break_b91a6cae,EURJPY,atr_break,A×2.5,A×1.0,newyork,False,True,True,0,5.0,2.0,0.0,,,,
0.0,0.0,0.0,0.0,0.0,0.0,0,0,0,0.0,0.0,atr_break_c6ef3546,EURJPY,atr_break,A×2.5,A×1.0,newyork,True,True,True,60,5.0,1.8,0.0,,,,
1.3361,58.33,0.3,0.0,0.2,350.0,12,2,4,0.0168,0.9544,atr_break_754bc6d6,EURJPY,atr_break,A×4.0,A×1.0,newyork,True,True,True,120,16.0,1.2,5.8,,,,
0.3669,44.44,0.59,0.0,-0.57,353.3,9,3,3,-0.0637,0.4586,atr_break_752343c5,EURJPY,atr_break,A×5.0,A×1.5,london,True,True,True,60,14.0,1.2,5.9,,,,
0.0,0.0,0.0,0.0,0.0,0.0,0,0,0,0.0,0.0,atr_break_e7cdc243,EURJPY,atr_break,A×3.0,A×1.5,newyork,False,False,True,0,8.0,2.0,0.0,,,,
0.9532,51.02,0.59,0.0,-0.13,216.7,49,5,5,-0.0027,0.9151,atr_break_4ab87042,EURJPY,atr_break,A×5.0,A×1.5,newyork,True,True,True,30,7.0,1.0,3.6,,,,
0.0,0.0,0.0,0.0,0.0,0.0,0,0,0,0.0,0.0,atr_break_15860443,EURJPY,atr_break,A×3.0,A×1.0,newyork,True,False,True,60,20.0,2.5,0.0,,,,
0.9874,53.33,0.71,0.0,-0.02,210.7,45,4,4,-0.0006,0.8639,atr_break_0ee74b65,EURJPY,atr_break,A×2.5,A×1.0,london,True,True,True,0,8.0,1.0,3.5,,,,
0.0,0.0,0.0,0.0,0.0,0.0,0,0,0,0.0,0.0,atr_break_e3ef86a4,EURJPY,atr_break,A×5.0,A×1.5,london,True,False,True,120,12.0,1.5,0.0,,,,
0.9206,31.51,3.11,0.0,-1.54,215.3,403,18,4,-0.0038,2.0007,atr_break_5fb0a3d8,EURJPY,atr_break,A×2.0,A×0.7,london,False,False,True,60,16.0,0.8,3.6,,,,
0.9023,23.17,2.16,0.0,-0.68,642.4,82,9,3,-0.0083,2.9918,atr_break_fa68d7b9,EURJPY,atr_break,A×2.5,A×1.0,london,False,False,False,60,16.0,1.0,10.7,,,,
0.0,0.0,0.0,0.0,0.0,0.0,0,0,0,0.0,0.0,atr_break_57d0d7fd,EURJPY,atr_break,A×5.0,A×1.5,london,True,True,False,60,20.0,2.0,0.0,,,,
0.0,0.0,0.0,0.0,0.0,0.0,0,0,0,0.0,0.0,atr_break_7d6c820b,EURJPY,atr_break,A×2.5,A×1.0,london,True,False,True,30,20.0,1.8,0.0,,,,
0.0,0.0,0.0,0.0,0.0,0.0,0,0,0,0.0,0.0,atr_break_c86973b8,EURJPY,atr_break,A×4.0,A×1.0,newyork,False,True,True,0,5.0,2.0,0.0,,,,
0.0,0.0,0.0,0.0,0.0,0.0,0,0,0,0.0,0.0,atr_break_8b26e40e,EURJPY,atr_break,A×2.5,A×1.0,london,True,True,True,30,5.0,2.5,0.0,,,,
0.0,0.0,0.0,0.0,0.0,0.0,0,0,0,0.0,0.0,atr_break_d566129e,EURJPY,atr_break,A×2.0,A×0.7,newyork,True,False,True,30,7.0,1.5,0.0,,,,
0.0,0.0,0.0,0.0,0.0,0.0,0,0,0,0.0,0.0,atr_break_c71014b5,EURJPY,atr_break,A×5.0,A×1.5,london,True,True,True,120,8.0,2.0,0.0,,,,
0.0,0.0,0.0,0.0,0.0,0.0,0,0,0,0.0,0.0,atr_break_e15f938f,EURJPY,atr_break,A×4.0,A×1.0,newyork,True,True,True,120,7.0,1.5,0.0,,,,
0.0,0.0,0.0,0.0,0.0,0.0,0,0,0,0.0,0.0,atr_break_5f71cb11,EURJPY,atr_break,A×3.0,A×0.7,london,False,True,True,60,5.0,2.0,0.0,,,,
0.0,0.0,0.0,0.0,0.0,0.0,0,0,0,0.0,0.0,atr_break_345e8044,EURJPY,atr_break,A×2.5,A×1.0,london,True,True,True,60,10.0,1.8,0.0,,,,
0.0,0.0,0.0,0.0,0.0,0.0,0,0,0,0.0,0.0,atr_break_d65d8c46,EURJPY,atr_break,A×4.0,A×1.0,newyork,False,False,True,0,7.0,1.5,0.0,,,,
0.0,0.0,0.0,0.0,0.0,0.0,0,0,0,0.0,0.0,atr_break_cff59ea4,EURJPY,atr_break,A×3.0,A×0.7,newyork,True,True,True,30,12.0,2.5,0.0,,,,
0.0,0.0,0.0,0.0,0.0,0.0,0,0,0,0.0,0.0,atr_break_3df03283,EURJPY,atr_break,A×4.0,A×1.0,london,True,False,False,0,5.0,2.5,0.0,,,,
0.5414,38.3,1.98,0.0,-1.45,270.6,47,7,4,-0.0309,0.8722,atr_break_742c5f84,EURJPY,atr_break,A×3.0,A×1.0,london,True,True,False,60,10.0,1.0,4.5,,,,
0.0,0.0,0.0,0.0,0.0,0.0,0,0,0,0.0,0.0,atr_break_fe8ae184,EURJPY,atr_break,A×3.0,A×1.5,london,True,True,True,30,5.0,1.5,0.0,,,,
0.4022,26.32,2.29,0.0,-1.83,137.9,57,9,4,-0.0321,1.1262,hilo_break_a0834aaa,EURJPY,hilo_break,A×2.0,A×0.7,london,False,True,True,0,,,2.3,15.0,2.0,,
1.2289,29.19,1.67,0.0,2.48,497.1,161,18,4,0.0154,2.9807,hilo_break_f9921215,EURJPY,hilo_break,A×2.5,A×1.0,newyork,True,False,False,120,,,8.3,20.0,1.0,,
0.9136,37.04,3.67,0.0,-1.5,753.1,216,13,7,-0.007,1.5531,hilo_break_4f1ab27b,EURJPY,hilo_break,A×5.0,A×2.0,newyork,True,False,True,120,,,12.6,12.0,1.0,,
0.192,11.9,1.86,0.0,-1.83,277.1,42,15,1,-0.0435,1.4204,hilo_break_c642b73b,EURJPY,hilo_break,A×3.0,A×0.7,newyork,True,False,False,30,,,4.6,10.0,2.0,,
1.0498,58.82,1.24,0.0,0.12,382.4,51,8,6,0.0024,0.7349,hilo_break_00369025,EURJPY,hilo_break,A×3.0,A×1.5,london,True,True,False,120,,,6.4,7.0,2.0,,
0.9371,48.83,5.66,0.01,-1.56,376.8,428,10,8,-0.0036,0.9819,hilo_break_bada7226,EURJPY,hilo_break,A×5.0,A×2.0,london,False,False,True,60,,,6.3,12.0,1.0,,
0.4032,28.38,2.71,0.0,-2.23,175.9,74,13,2,-0.0301,1.0175,hilo_break_819b409b,EURJPY,hilo_break,A×3.0,A×0.7,london,False,True,True,120,,,2.9,10.0,2.0,,
0.7023,41.01,3.93,0.0,-2.69,214.7,178,7,7,-0.0151,1.0102,hilo_break_1461c5c3,EURJPY,hilo_break,A×2.5,A×1.0,london,True,True,False,30,,,3.6,20.0,1.0,,
0.79,34.56,4.13,0.0,-2.61,191.7,272,12,4,-0.0096,1.496,hilo_break_b138804d,EURJPY,hilo_break,A×3.0,A×0.7,london,True,True,False,0,,,3.2,10.0,1.0,,
0.7606,38.78,0.55,0.0,-0.52,150.6,49,5,3,-0.0106,1.2009,hilo_break_5d457040,EURJPY,hilo_break,A×2.0,A×0.7,newyork,False,True,False,60,,,2.5,20.0,2.0,,
1.0248,55.56,3.35,0.0,0.56,344.3,414,5,7,0.0014,0.8198,hilo_break_21759e13,EURJPY,hilo_break,A×5.0,A×2.0,newyork,False,True,True,0,,,5.7,15.0,1.0,,
1.0662,41.74,1.16,0.0,0.59,154.7,242,8,6,0.0025,1.4884,hilo_break_7c841f07,EURJPY,hilo_break,A×2.0,A×0.7,newyork,True,True,False,0,,,2.6,12.0,1.0,,
0.6131,50.52,9.9,0.01,-9.31,363.2,388,9,8,-0.024,0.6006,hilo_break_d5572633,EURJPY,hilo_break,A×5.0,A×1.5,london,True,True,False,60,,,6.1,5.0,1.0,,
1.118,35.21,3.03,0.0,2.42,264.0,463,13,6,0.0052,2.0577,hilo_break_96d55541,EURJPY,hilo_break,A×3.0,A×0.7,newyork,False,False,True,60,,,4.4,12.0,1.0,,
0.2598,38.89,1.82,0.0,-1.65,220.0,36,7,3,-0.046,0.4083,hilo_break_3f51dcc3,EURJPY,hilo_break,A×3.0,A×1.0,london,True,True,False,60,,,3.7,10.0,2.0,,
1.0658,63.64,0.76,0.0,0.16,417.3,44,3,5,0.0035,0.6091,hilo_break_3b5fba26,EURJPY,hilo_break,A×3.0,A×1.5,newyork,False,True,False,0,,,7.0,25.0,2.0,,
0.7147,55.0,0.47,0.0,-0.29,255.0,20,3,9,-0.0143,0.5848,hilo_break_bfb9b676,EURJPY,hilo_break,A×4.0,A×1.5,newyork,True,True,True,0,,,4.2,25.0,2.0,,
0.8652,46.65,4.63,0.0,-2.48,276.4,343,9,6,-0.0072,0.9896,hilo_break_6e1314ad,EURJPY,hilo_break,A×4.0,A×1.5,newyork,True,False,True,60,,,4.6,7.0,1.0,,
0.3753,30.3,1.19,0.0,-1.02,161.8,33,9,3,-0.0308,0.8632,hilo_break_0942ffe2,EURJPY,hilo_break,A×3.0,A×0.7,london,True,True,False,30,,,2.7,15.0,2.0,,
0.7805,35.99,7.43,0.01,-6.62,182.6,639,12,5,-0.0104,1.388,hilo_break_e5397e89,EURJPY,hilo_break,A×3.0,A×0.7,london,False,True,True,60,,,3.0,7.0,1.0,,
0.7447,35.59,1.99,0.0,-1.35,180.0,118,8,4,-0.0114,1.3475,hilo_break_07dff94f,EURJPY,hilo_break,A×3.0,A×0.7,london,False,True,True,60,,,3.0,5.0,2.0,,
0.6669,50.48,5.6,0.01,-4.14,332.3,208,7,10,-0.0199,0.6542,hilo_break_abb46d2b,EURJPY,hilo_break,A×6.0,A×1.5,london,True,True,True,0,,,5.5,15.0,1.0,,
0.4644,19.57,4.9,0.0,-4.9,1912.2,46,10,2,-0.1066,1.9091,hilo_break_ed739745,EURJPY,hilo_break,A×5.0,A×2.0,newyork,False,False,False,60,,,31.9,20.0,2.0,,
0.8927,50.0,0.95,0.0,-0.33,314.0,60,3,3,-0.0055,0.8927,hilo_break_b87f035e,EURJPY,hilo_break,A×3.0,A×1.0,newyork,True,True,False,120,,,5.2,5.0,2.0,,
0.7234,27.4,1.5,0.0,-1.1,320.5,73,10,3,-0.0151,1.917,hilo_break_6ba5a310,EURJPY,hilo_break,A×3.0,A×0.7,london,True,False,True,0,,,5.3,5.0,2.0,,
0.7244,43.48,0.35,0.0,-0.28,177.4,23,3,2,-0.0124,0.9417,hilo_break_133698af,EURJPY,hilo_break,A×3.0,A×0.7,newyork,True,True,True,60,,,3.0,20.0,2.0,,
0.9516,42.73,3.06,0.0,-0.69,164.9,337,7,5,-0.002,1.2754,hilo_break_fca4c090,EURJPY,hilo_break,A×3.0,A×0.7,newyork,False,True,True,120,,,2.7,25.0,1.0,,
0.7429,31.94,1.72,0.0,-1.05,260.8,72,8,2,-0.0145,1.5828,hilo_break_40db661c,EURJPY,hilo_break,A×3.0,A×1.0,london,True,False,True,30,,,4.3,5.0,2.0,,
0.7279,21.55,9.23,0.01,-8.48,1489.1,232,17,4,-0.0365,2.6494,hilo_break_5549e462,EURJPY,hilo_break,A×6.0,A×1.5,newyork,True,False,False,60,,,24.8,7.0,1.0,,
0.8491,50.31,2.13,0.0,-1.27,255.5,163,7,9,-0.0078,0.8388,hilo_break_cea3e8ba,EURJPY,hilo_break,A×4.0,A×1.5,newyork,True,True,True,120,,,4.3,25.0,1.0,,
0.8818,57.63,3.0,0.0,-1.59,368.6,236,6,8,-0.0067,0.6484,hilo_break_8bd9d171,EURJPY,hilo_break,A×5.0,A×2.0,london,True,True,True,60,,,6.1,12.0,1.0,,
0.8248,47.91,7.21,0.01,-7.0,283.5,718,9,10,-0.0098,0.8968,hilo_break_b002c923,EURJPY,hilo_break,A×4.0,A×1.5,london,False,True,True,0,,,4.7,5.0,1.0,,
0.2712,33.33,2.93,0.0,-2.75,244.2,57,7,4,-0.0483,0.5423,hilo_break_cdd9615e,EURJPY,hilo_break,A×4.0,A×1.0,london,False,True,True,120,,,4.1,15.0,2.0,,
0.8239,54.17,0.5,0.0,-0.19,257.5,24,4,9,-0.008,0.6971,hilo_break_6d561fb0,EURJPY,hilo_break,A×5.0,A×1.5,newyork,True,True,True,120,,,4.3,20.0,2.0,,
0.7395,32.94,8.72,0.01,-7.57,556.6,343,13,7,-0.0221,1.5051,hilo_break_b4433e38,EURJPY,hilo_break,A×3.0,A×1.5,london,True,False,True,0,,,9.3,5.0,1.0,,
0.9103,42.37,1.34,0.0,-0.51,209.5,118,8,4,-0.0043,1.238,hilo_break_989eabaa,EURJPY,hilo_break,A×3.0,A×1.0,london,False,True,True,60,,,3.5,5.0,2.0,,
1.0205,59.16,3.66,0.0,0.44,375.3,404,7,14,0.0011,0.7045,hilo_break_8e35ddab,EURJPY,hilo_break,A×3.0,A×1.5,newyork,False,True,False,30,,,6.3,15.0,1.0,,
0.3941,26.47,2.64,0.0,-2.21,158.8,68,13,3,-0.0324,1.0948,hilo_break_df096af6,EURJPY,hilo_break,A×2.0,A×0.7,london,False,True,True,120,,,2.6,12.0,2.0,,
0.6798,36.61,12.22,0.01,-11.6,154.2,803,11,5,-0.0144,1.1769,hilo_break_57a832a2,EURJPY,hilo_break,A×2.0,A×0.7,london,False,True,True,0,,,2.6,5.0,1.0,,
0.5428,31.06,6.32,0.01,-5.96,141.8,264,11,5,-0.0226,1.2047,hilo_break_b2354893,EURJPY,hilo_break,A×2.0,A×0.7,london,True,True,True,120,,,2.4,12.0,1.0,,
1.0387,38.31,2.68,0.0,0.64,363.3,295,12,4,0.0022,1.673,hilo_break_055e3903,EURJPY,hilo_break,A×4.0,A×1.0,newyork,False,False,True,120,,,6.1,25.0,1.0,,
0.7686,53.87,5.56,0.01,-3.61,307.4,284,6,7,-0.0127,0.6581,hilo_break_06777e6c,EURJPY,hilo_break,A×6.0,A×1.5,london,False,True,True,30,,,5.1,25.0,1.0,,
1.1618,33.85,2.11,0.0,1.14,1082.8,65,13,3,0.0176,2.2709,hilo_break_80ddd660,EURJPY,hilo_break,A×3.0,A×1.5,london,True,False,False,60,,,18.0,5.0,2.0,,
0.906,37.1,7.29,0.01,-4.43,694.5,558,18,6,-0.0079,1.5363,hilo_break_d7c78af4,EURJPY,hilo_break,A×3.0,A×1.5,newyork,False,False,True,30,,,11.6,5.0,1.0,,
0.4183,41.86,1.86,0.0,-1.84,421.4,43,4,4,-0.0428,0.581,hilo_break_57debe3f,EURJPY,hilo_break,A×5.0,A×2.0,london,False,False,True,0,,,7.0,25.0,2.0,,
0.4171,11.63,2.82,0.0,-2.52,598.6,43,20,2,-0.0586,3.1702,hilo_break_c547371c,EURJPY,hilo_break,A×2.5,A×1.0,london,False,False,False,0,,,10.0,25.0,2.0,,
0.6577,18.88,8.1,0.01,-7.39,507.2,249,24,2,-0.0297,2.8265,hilo_break_f82da09f,EURJPY,hilo_break,A×2.5,A×1.0,london,True,False,False,0,,,8.5,10.0,1.0,,
0.7379,22.22,1.8,0.0,-0.86,1417.8,27,8,2,-0.032,2.5825,hilo_break_c3a3fc87,EURJPY,hilo_break,A×4.0,A×1.5,london,True,False,False,60,,,23.6,20.0,2.0,,
0.8209,40.91,0.45,0.0,-0.34,147.3,44,4,3,-0.0078,1.1858,hilo_break_1b261332,EURJPY,hilo_break,A×2.0,A×0.7,newyork,False,True,True,120,,,2.5,25.0,2.0,,
0.5615,38.1,0.67,0.0,-0.66,141.4,42,7,3,-0.0156,0.9124,hilo_break_b5b3f702,EURJPY,hilo_break,A×2.0,A×0.7,newyork,True,False,True,0,,,2.4,10.0,2.0,,
0.3021,36.36,1.04,0.0,-1.03,196.4,22,5,4,-0.047,0.5287,hilo_break_c4ab2569,EURJPY,hilo_break,A×4.0,A×1.0,london,True,True,True,60,,,3.3,25.0,2.0,,
0.6563,35.9,1.61,0.0,-0.8,236.9,39,8,4,-0.0205,1.172,hilo_break_23f794a2,EURJPY,hilo_break,A×3.0,A×1.0,london,True,True,True,60,,,3.9,12.0,2.0,,
0.9463,56.92,1.71,0.0,-0.2,542.8,65,4,5,-0.0031,0.7162,hilo_break_01f007b6,EURJPY,hilo_break,A×5.0,A×2.0,newyork,True,True,False,60,,,9.0,5.0,2.0,,
1.0575,32.71,3.17,0.0,1.42,509.1,373,15,5,0.0038,2.1757,hilo_break_c18dfdd8,EURJPY,hilo_break,A×2.5,A×1.0,newyork,False,False,True,60,,,8.5,15.0,1.0,,
0.7684,36.32,4.95,0.0,-4.32,157.2,424,9,5,-0.0102,1.3471,hilo_break_a8cb59f4,EURJPY,hilo_break,A×2.0,A×0.7,london,False,True,True,30,,,2.6,15.0,1.0,,
0.9217,43.24,1.05,0.0,-0.28,226.2,74,5,3,-0.0038,1.2098,hilo_break_ab961a38,EURJPY,hilo_break,A×4.0,A×1.0,london,True,True,True,0,,,3.8,5.0,2.0,,
1.0016,46.64,3.11,0.0,0.02,403.2,253,12,12,0.0001,1.1459,hilo_break_67613267,EURJPY,hilo_break,A×5.0,A×1.5,newyork,True,False,True,60,,,6.7,10.0,1.0,,
0.7614,44.83,0.44,0.0,-0.27,204.8,29,5,5,-0.0094,0.9371,hilo_break_2e5fc8ed,EURJPY,hilo_break,A×3.0,A×0.7,newyork,True,True,False,120,,,3.4,15.0,2.0,,
0.3808,53.57,1.19,0.0,-1.19,349.3,28,3,6,-0.0426,0.33,hilo_break_5f28e7b2,EURJPY,hilo_break,A×3.0,A×1.5,london,True,True,False,120,,,5.8,20.0,2.0,,
1.1784,47.65,0.84,0.0,1.04,183.6,149,5,7,0.007,1.2945,hilo_break_792c002e,EURJPY,hilo_break,A×2.5,A×1.0,newyork,True,True,True,30,,,3.1,25.0,1.0,,
1.0062,21.74,4.22,0.0,0.14,1877.1,161,18,3,0.0009,3.6223,hilo_break_62e0d539,EURJPY,hilo_break,A×5.0,A×1.5,newyork,True,False,False,120,,,31.3,15.0,1.0,,
0.4395,23.81,1.06,0.0,-1.01,205.7,42,10,2,-0.0241,1.4063,hilo_break_3632df9d,EURJPY,hilo_break,A×3.0,A×0.7,newyork,True,False,True,0,,,3.4,10.0,2.0,,
0.2701,32.56,1.91,0.0,-1.83,198.1,43,6,2,-0.0425,0.5594,hilo_break_b9695f91,EURJPY,hilo_break,A×2.5,A×1.0,london,False,True,True,0,,,3.3,25.0,2.0,,
0.4569,55.1,1.94,0.0,-1.56,292.7,49,5,5,-0.0319,0.3723,hilo_break_0b46f7d7,EURJPY,hilo_break,A×5.0,A×1.5,london,True,True,True,30,,,4.9,7.0,2.0,,
1.2051,64.0,0.77,0.0,0.42,337.2,50,4,5,0.0084,0.6778,hilo_break_266d7125,EURJPY,hilo_break,A×5.0,A×2.0,london,True,True,True,120,,,5.6,7.0,2.0,,
0.6414,51.35,0.83,0.0,-0.67,244.9,37,5,10,-0.0182,0.6077,hilo_break_1a5925a7,EURJPY,hilo_break,A×5.0,A×1.5,newyork,True,True,True,30,,,4.1,12.0,2.0,,
1.1479,61.36,0.45,0.0,0.26,323.2,44,3,6,0.0059,0.7227,hilo_break_b9e423ff,EURJPY,hilo_break,A×5.0,A×2.0,newyork,False,True,True,30,,,5.4,25.0,2.0,,
0.7268,55.13,1.29,0.0,-1.13,272.3,78,4,4,-0.0145,0.5916,hilo_break_a828ba85,EURJPY,hilo_break,A×3.0,A×1.5,newyork,False,True,True,0,,,4.5,10.0,2.0,,
0.8208,40.16,3.32,0.0,-2.67,170.5,366,10,7,-0.0073,1.2228,hilo_break_7cb8c0bf,EURJPY,hilo_break,A×3.0,A×0.7,newyork,True,True,True,60,,,2.8,7.0,1.0,,
0.8915,46.88,0.32,0.0,-0.13,215.6,32,4,4,-0.0042,1.0104,hilo_break_6194618d,EURJPY,hilo_break,A×3.0,A×1.0,newyork,True,True,True,60,,,3.6,15.0,2.0,,
1.3788,52.98,1.53,0.0,2.61,273.2,168,6,7,0.0155,1.2239,hilo_break_72fe12cf,EURJPY,hilo_break,A×5.0,A×1.5,newyork,True,False,True,120,,,4.6,20.0,1.0,,
0.6725,31.99,7.28,0.01,-5.82,198.2,347,9,5,-0.0168,1.4297,hilo_break_48d3b2f4,EURJPY,hilo_break,A×3.0,A×0.7,london,True,True,True,60,,,3.3,7.0,1.0,,
0.5591,36.41,10.58,0.01,-10.19,172.3,434,12,6,-0.0235,0.9767,hilo_break_fe448b9e,EURJPY,hilo_break,A×4.0,A×1.0,london,True,True,True,60,,,2.9,5.0,1.0,,
0.854,47.38,4.56,0.0,-3.29,297.0,401,11,8,-0.0082,0.9484,hilo_break_f7ffb850,EURJPY,hilo_break,A×5.0,A×1.5,newyork,True,True,True,0,,,5.0,5.0,1.0,,
0.3623,35.9,1.98,0.0,-1.55,246.2,39,8,3,-0.0397,0.647,hilo_break_12940f47,EURJPY,hilo_break,A×4.0,A×1.0,london,True,True,True,60,,,4.1,10.0,2.0,,
0.2772,38.46,1.97,0.0,-1.73,215.4,39,8,3,-0.0445,0.4435,hilo_break_9a4b24d1,EURJPY,hilo_break,A×3.0,A×1.0,london,True,True,True,30,,,3.6,10.0,2.0,,
0.8741,38.34,6.35,0.01,-3.51,227.0,652,10,6,-0.0054,1.4056,hilo_break_0240a035,EURJPY,hilo_break,A×3.0,A×0.7,newyork,False,True,False,0,,,3.8,7.0,1.0,,
1.087,44.88,2.38,0.0,1.34,234.8,332,11,8,0.004,1.3351,hilo_break_ff36c9a1,EURJPY,hilo_break,A×4.0,A×1.0,newyork,True,True,True,0,,,3.9,7.0,1.0,,
0.625,45.83,1.56,0.0,-1.45,291.7,72,7,3,-0.0202,0.7386,hilo_break_ae8019a0,EURJPY,hilo_break,A×3.0,A×1.0,newyork,False,True,False,120,,,4.9,12.0,2.0,,
0.5187,52.63,2.46,0.0,-1.93,373.7,57,4,5,-0.0338,0.4668,hilo_break_1b46a381,EURJPY,hilo_break,A×4.0,A×1.5,london,False,True,False,0,,,6.2,15.0,2.0,,
0.9304,51.59,5.76,0.01,-3.17,349.4,818,9,10,-0.0039,0.873,bb_bounce_980c7547,EURJPY,bb_bounce,A×5.0,A×2.0,newyork,True,False,True,0,,,5.8,,,10.0,1.5
2.5,50.0,0.27,0.0,0.48,315.0,8,2,3,0.06,2.5,bb_bounce_20d106e6,EURJPY,bb_bounce,A×5.0,A×1.5,london,True,False,True,60,,,5.2,,,10.0,2.5
0.6831,55.86,3.25,0.0,-2.61,557.3,111,5,8,-0.0235,0.5399,bb_bounce_d0bc072e,EURJPY,bb_bounce,A×5.0,A×2.0,newyork,True,True,False,120,,,9.3,,,25.0,2.5
0.7449,35.71,4.18,0.0,-2.27,770.2,98,8,3,-0.0232,1.3408,bb_bounce_19d7527f,EURJPY,bb_bounce,A×5.0,A×2.0,london,True,False,True,0,,,12.8,,,25.0,2.5
1.0689,26.81,8.62,0.01,4.36,1810.0,455,17,5,0.0096,2.9175,bb_bounce_190563d8,EURJPY,bb_bounce,A×4.0,A×1.5,newyork,False,False,False,120,,,30.2,,,14.0,1.5
0.6759,34.85,6.53,0.01,-6.29,165.2,482,11,5,-0.013,1.2633,bb_bounce_9a3fa8c0,EURJPY,bb_bounce,A×3.0,A×0.7,london,True,False,True,60,,,2.8,,,30.0,2.0
0.683,31.93,4.99,0.0,-4.44,1047.7,119,12,4,-0.0373,1.4558,bb_bounce_e758a078,EURJPY,bb_bounce,A×6.0,A×1.5,newyork,True,False,False,30,,,17.5,,,30.0,2.5
0.9425,41.18,0.78,0.0,-0.09,695.3,17,3,3,-0.0051,1.3464,bb_bounce_1ddb3432,EURJPY,bb_bounce,A×5.0,A×2.0,newyork,True,False,True,30,,,11.6,,,10.0,2.5
0.7704,44.06,19.51,0.02,-18.94,250.5,1634,11,12,-0.0116,0.978,bb_bounce_8403cc05,EURJPY,bb_bounce,A×3.0,A×1.0,newyork,False,True,False,30,,,4.2,,,20.0,1.5
0.8082,35.76,6.81,0.01,-5.27,784.8,302,11,7,-0.0174,1.4518,bb_bounce_307220f1,EURJPY,bb_bounce,A×5.0,A×2.0,newyork,True,False,True,120,,,13.1,,,30.0,2.0
0.7684,40.26,2.81,0.0,-1.68,808.1,77,7,4,-0.0219,1.1402,bb_bounce_3a650492,EURJPY,bb_bounce,A×5.0,A×2.0,london,True,False,True,120,,,13.5,,,20.0,2.5
0.7525,47.13,4.11,0.0,-3.98,280.5,261,6,6,-0.0153,0.8443,bb_bounce_898db5b0,EURJPY,bb_bounce,A×3.0,A×1.5,newyork,False,True,True,0,,,4.7,,,30.0,2.5
0.6902,33.73,4.77,0.0,-3.46,180.0,249,13,4,-0.0139,1.3557,bb_bounce_1b003616,EURJPY,bb_bounce,A×2.0,A×0.7,london,False,False,True,120,,,3.0,,,25.0,2.5
0.5107,42.22,3.41,0.0,-3.11,230.7,90,7,4,-0.0345,0.6989,bb_bounce_3d5dd154,EURJPY,bb_bounce,A×6.0,A×1.5,newyork,True,True,True,120,,,3.8,,,20.0,2.5
0.7307,38.42,12.72,0.01,-12.29,133.2,1101,12,8,-0.0112,1.1712,bb_bounce_19965860,EURJPY,bb_bounce,A×2.0,A×0.7,newyork,True,True,True,60,,,2.2,,,14.0,1.5
0.8928,54.05,2.91,0.0,-1.32,434.6,185,8,6,-0.0071,0.7589,bb_bounce_1f99b61b,EURJPY,bb_bounce,A×3.0,A×1.5,london,False,True,True,120,,,7.2,,,20.0,2.5
0.976,30.82,4.98,0.0,-1.18,486.9,691,13,4,-0.0017,2.1903,bb_bounce_f41af612,EURJPY,bb_bounce,A×2.5,A×1.0,london,False,False,True,60,,,8.1,,,25.0,2.0
0.793,59.66,4.12,0.0,-3.58,407.6,295,6,6,-0.0121,0.5362,bb_bounce_5a3b70c2,EURJPY,bb_bounce,A×5.0,A×2.0,london,True,True,True,0,,,6.8,,,10.0,2.0
0.7333,43.7,11.2,0.01,-10.96,215.1,801,8,7,-0.0137,0.9449,bb_bounce_29a3355f,EURJPY,bb_bounce,A×2.5,A×1.0,newyork,False,True,True,60,,,3.6,,,14.0,2.0
0.8328,49.97,14.21,0.01,-13.75,322.3,1439,8,6,-0.0096,0.834,bb_bounce_95920fa0,EURJPY,bb_bounce,A×3.0,A×1.5,london,False,True,True,120,,,5.4,,,10.0,1.5
1.0154,45.96,3.66,0.0,0.29,261.1,396,8,7,0.0007,1.1939,bb_bounce_b85e5221,EURJPY,bb_bounce,A×2.5,A×1.0,london,True,True,True,60,,,4.4,,,20.0,2.0
0.8714,46.46,10.77,0.01,-9.13,295.9,1483,10,9,-0.0062,1.0042,bb_bounce_76f9f738,EURJPY,bb_bounce,A×4.0,A×1.0,london,False,True,False,0,,,4.9,,,25.0,1.5
0.723,42.74,14.23,0.01,-13.59,276.3,868,20,7,-0.0157,0.9686,bb_bounce_22a03843,EURJPY,bb_bounce,A×3.0,A×1.5,newyork,True,False,True,0,,,4.6,,,14.0,1.5
0.882,42.75,11.92,0.01,-8.94,523.0,1083,11,8,-0.0083,1.1811,bb_bounce_dacb0f71,EURJPY,bb_bounce,A×5.0,A×2.0,newyork,False,False,True,30,,,8.7,,,14.0,1.5
0.8023,46.15,5.12,0.01,-4.29,282.0,377,9,11,-0.0114,0.936,bb_bounce_ddc4ae06,EURJPY,bb_bounce,A×5.0,A×1.5,newyork,True,False,True,120,,,4.7,,,30.0,2.0
1.0128,52.22,1.88,0.0,0.07,345.3,90,5,5,0.0007,0.9266,bb_bounce_cf2b95a6,EURJPY,bb_bounce,A×3.0,A×1.5,london,True,True,False,120,,,5.8,,,20.0,2.5
0.5543,41.64,7.81,0.01,-7.0,242.6,281,11,6,-0.0249,0.777,bb_bounce_99c87804,EURJPY,bb_bounce,A×4.0,A×1.0,newyork,True,True,True,60,,,4.0,,,10.0,2.0
0.9853,19.66,3.61,0.0,-0.32,421.5,407,15,3,-0.0008,4.0274,bb_bounce_4e9dadf4,EURJPY,bb_bounce,A×3.0,A×0.7,london,True,False,False,120,,,7.0,,,25.0,2.0
0.9287,55.43,5.65,0.01,-2.65,520.8,626,6,8,-0.0042,0.7467,bb_bounce_a2d4ef36,EURJPY,bb_bounce,A×4.0,A×1.5,london,False,True,False,0,,,8.7,,,25.0,2.0
1.0462,53.33,0.77,0.0,0.07,224.0,30,4,5,0.0024,0.9154,bb_bounce_4ca9a58f,EURJPY,bb_bounce,A×5.0,A×1.5,newyork,False,True,True,0,,,3.7,,,10.0,2.5
0.9032,15.68,10.12,0.01,-4.42,3238.3,287,22,3,-0.0154,4.857,bb_bounce_15f9453f,EURJPY,bb_bounce,A×6.0,A×1.5,london,False,False,False,0,,,54.0,,,30.0,1.5
0.6857,39.11,7.52,0.01,-6.8,235.5,404,15,8,-0.0168,1.0676,bb_bounce_9de46e9d,EURJPY,bb_bounce,A×2.5,A×1.0,newyork,True,True,True,30,,,3.9,,,25.0,2.0
0.6942,41.59,14.7,0.01,-13.94,250.9,945,12,7,-0.0147,0.9751,bb_bounce_204abb2d,EURJPY,bb_bounce,A×4.0,A×1.0,london,True,True,False,0,,,4.2,,,30.0,1.5
0.5498,29.27,3.87,0.0,-3.76,507.8,82,12,2,-0.0459,1.3286,bb_bounce_71666502,EURJPY,bb_bounce,A×3.0,A×1.5,newyork,True,False,True,30,,,8.5,,,20.0,2.5
0.7548,39.09,4.75,0.0,-4.45,416.8,243,9,6,-0.0183,1.1759,bb_bounce_5676647e,EURJPY,bb_bounce,A×3.0,A×1.5,newyork,False,False,True,120,,,6.9,,,25.0,2.5
0.9505,29.3,10.35,0.01,-3.71,561.5,1082,16,4,-0.0034,2.2939,bb_bounce_c7f605f6,EURJPY,bb_bounce,A×4.0,A×1.0,london,False,False,True,0,,,9.4,,,20.0,1.5
0.9186,25.08,5.23,0.01,-4.06,254.1,953,18,5,-0.0043,2.7444,bb_bounce_67964d79,EURJPY,bb_bounce,A×2.0,A×0.7,newyork,True,False,False,60,,,4.2,,,10.0,1.5
1.3601,57.14,0.27,0.0,0.21,188.6,14,2,4,0.0151,1.0201,bb_bounce_4cc04cda,EURJPY,bb_bounce,A×4.0,A×1.5,newyork,True,True,True,60,,,3.1,,,10.0,2.5
0.6788,45.05,2.27,0.0,-1.71,259.8,91,11,5,-0.0188,0.8278,bb_bounce_a2c2ea3d,EURJPY,bb_bounce,A×3.0,A×1.5,london,True,True,True,120,,,4.3,,,20.0,2.5
0.7155,37.33,1.54,0.0,-0.91,132.8,75,7,4,-0.0121,1.201,bb_bounce_e7dcc942,EURJPY,bb_bounce,A×3.0,A×0.7,london,True,True,True,60,,,2.2,,,20.0,2.5
0.9884,45.32,7.15,0.01,-0.8,1378.9,545,8,6,-0.0015,1.1925,bb_bounce_ae632e77,EURJPY,bb_bounce,A×5.0,A×2.0,newyork,False,False,False,30,,,23.0,,,10.0,1.5
0.7865,40.89,11.32,0.01,-9.89,269.4,895,12,6,-0.0111,1.1368,bb_bounce_3fa9a4d6,EURJPY,bb_bounce,A×4.0,A×1.0,london,True,True,True,30,,,4.5,,,20.0,1.5
0.6911,33.46,6.85,0.01,-6.6,606.5,260,12,5,-0.0254,1.3743,bb_bounce_0288bb10,EURJPY,bb_bounce,A×5.0,A×1.5,london,True,False,True,30,,,10.1,,,10.0,2.0
2.2476,50.0,0.17,0.0,0.26,127.5,8,3,2,0.0321,2.2476,bb_bounce_2a109d33,EURJPY,bb_bounce,A×2.0,A×0.7,london,True,True,True,30,,,2.1,,,10.0,2.5
0.7696,38.84,10.32,0.01,-10.18,131.7,1125,14,8,-0.009,1.2116,bb_bounce_858a492c,EURJPY,bb_bounce,A×2.0,A×0.7,london,True,True,True,30,,,2.2,,,20.0,1.5
0.8631,35.86,7.34,0.01,-6.6,689.9,608,11,6,-0.0109,1.5442,bb_bounce_2d916059,EURJPY,bb_bounce,A×5.0,A×1.5,london,True,False,True,120,,,11.5,,,10.0,1.5
0.7117,46.76,5.14,0.01,-4.59,268.5,293,10,7,-0.0157,0.8104,bb_bounce_d421299d,EURJPY,bb_bounce,A×5.0,A×1.5,london,True,True,True,0,,,4.5,,,10.0,2.0
0.736,50.67,6.75,0.01,-5.83,343.4,373,7,13,-0.0156,0.7165,bb_bounce_e972a1b6,EURJPY,bb_bounce,A×3.0,A×1.5,newyork,True,True,False,60,,,5.7,,,25.0,2.0
0.7092,42.72,9.88,0.01,-9.22,192.8,611,9,9,-0.0151,0.9511,bb_bounce_63af2bfa,EURJPY,bb_bounce,A×3.0,A×1.0,newyork,False,True,True,30,,,3.2,,,10.0,2.0
0.7552,53.92,11.11,0.01,-9.51,383.8,664,9,9,-0.0143,0.6455,bb_bounce_1d0cd811,EURJPY,bb_bounce,A×6.0,A×1.5,newyork,False,True,True,0,,,6.4,,,30.0,2.0
0.8048,34.6,4.84,0.0,-4.51,279.1,396,9,5,-0.0114,1.5215,bb_bounce_98dc315b,EURJPY,bb_bounce,A×2.5,A×1.0,newyork,True,False,True,120,,,4.7,,,30.0,2.0
0.6833,42.81,5.29,0.01,-5.12,255.1,299,7,8,-0.0171,0.9128,bb_bounce_6180d4ae,EURJPY,bb_bounce,A×4.0,A×1.0,newyork,True,True,False,60,,,4.3,,,10.0,2.0
0.6625,52.88,3.01,0.0,-2.08,348.5,104,6,5,-0.02,0.5902,bb_bounce_b27af868,EURJPY,bb_bounce,A×5.0,A×2.0,london,True,True,True,30,,,5.8,,,30.0,2.5
0.7415,47.78,12.43,0.01,-12.08,307.0,766,9,11,-0.0158,0.8103,bb_bounce_4e9547c4,EURJPY,bb_bounce,A×6.0,A×1.5,newyork,True,True,True,60,,,5.1,,,30.0,1.5
0.6573,39.16,8.04,0.01,-7.51,236.6,406,14,7,-0.0185,1.0212,bb_bounce_0cba7774,EURJPY,bb_bounce,A×2.5,A×1.0,newyork,True,True,True,120,,,3.9,,,25.0,2.0
0.8985,44.25,3.84,0.0,-1.98,246.2,409,7,6,-0.0048,1.1318,bb_bounce_5e90f205,EURJPY,bb_bounce,A×2.5,A×1.0,london,True,True,True,120,,,4.1,,,25.0,2.0
0.4707,43.75,2.79,0.0,-2.45,293.4,64,5,5,-0.0383,0.6051,bb_bounce_5016f3f9,EURJPY,bb_bounce,A×4.0,A×1.5,newyork,True,True,True,0,,,4.9,,,14.0,2.5
0.9375,37.84,2.08,0.0,-0.28,158.4,111,11,7,-0.0025,1.5402,bb_bounce_29eefb2f,EURJPY,bb_bounce,A×2.0,A×0.7,london,True,True,True,30,,,2.6,,,25.0,2.5
0.7172,35.14,5.51,0.01,-4.98,246.7,296,11,7,-0.0168,1.3241,bb_bounce_f3038fa1,EURJPY,bb_bounce,A×2.5,A×1.0,newyork,True,False,True,0,,,4.1,,,10.0,2.0
0.7285,42.42,5.91,0.01,-5.3,217.9,396,11,5,-0.0134,0.9887,bb_bounce_5c6ca166,EURJPY,bb_bounce,A×4.0,A×1.0,newyork,True,True,True,60,,,3.6,,,25.0,2.0
0.9101,49.74,3.39,0.0,-1.68,249.2,390,7,5,-0.0043,0.9195,bb_bounce_02c14800,EURJPY,bb_bounce,A×3.0,A×1.5,london,True,True,True,120,,,4.2,,,25.0,2.0
0.9024,39.44,2.88,0.0,-1.6,146.2,431,10,5,-0.0037,1.3854,bb_bounce_eb41bd2d,EURJPY,bb_bounce,A×2.0,A×0.7,london,True,True,True,60,,,2.4,,,20.0,2.0
0.7719,42.86,2.09,0.0,-1.6,259.4,133,7,6,-0.0121,1.0292,bb_bounce_bce31056,EURJPY,bb_bounce,A×4.0,A×1.0,newyork,True,True,True,60,,,4.3,,,30.0,2.5
0.7948,18.67,12.76,0.01,-9.09,2235.9,316,22,3,-0.0288,3.4622,bb_bounce_4396754b,EURJPY,bb_bounce,A×6.0,A×1.5,london,True,False,False,120,,,37.3,,,20.0,1.5
0.8603,40.2,14.48,0.01,-11.19,434.5,1224,11,8,-0.0091,1.28,bb_bounce_8505c3d7,EURJPY,bb_bounce,A×4.0,A×1.5,newyork,False,False,True,120,,,7.2,,,14.0,1.5
0.735,44.78,9.17,0.01,-8.32,261.6,594,9,9,-0.014,0.9063,bb_bounce_909f087a,EURJPY,bb_bounce,A×4.0,A×1.0,newyork,False,True,True,120,,,4.4,,,10.0,2.0
0.6647,36.27,2.64,0.0,-2.1,216.5,102,7,4,-0.0206,1.1677,bb_bounce_28afa0ca,EURJPY,bb_bounce,A×2.5,A×1.0,newyork,True,True,False,60,,,3.6,,,20.0,2.5
1.0013,35.79,6.73,0.01,0.07,654.7,623,13,5,0.0001,1.796,bb_bounce_a262a48d,EURJPY,bb_bounce,A×4.0,A×1.5,newyork,True,False,True,60,,,10.9,,,30.0,1.5
0.7604,53.47,12.32,0.01,-11.31,316.4,806,7,9,-0.014,0.6616,bb_bounce_c3a3c0a0,EURJPY,bb_bounce,A×3.0,A×1.5,newyork,True,True,True,30,,,5.3,,,25.0,1.5
0.8428,54.51,7.22,0.01,-5.35,345.2,565,8,10,-0.0095,0.7033,bb_bounce_8e834b15,EURJPY,bb_bounce,A×3.0,A×1.5,newyork,False,True,True,30,,,5.8,,,10.0,2.0
0.0,0.0,0.0,0.0,0.0,0.0,0,0,0,0.0,0.0,atr_break_5f737d01,GBPJPY,atr_break,A×4.0,A×1.5,london,True,False,True,120,20.0,1.8,0.0,,,,
1.0554,48.0,0.78,0.0,0.15,235.2,50,3,4,0.003,1.1434,atr_break_ad193c09,GBPJPY,atr_break,A×4.0,A×1.0,newyork,True,True,True,30,14.0,1.0,3.9,,,,
0.0,0.0,0.0,0.0,0.0,0.0,0,0,0,0.0,0.0,atr_break_b735bdea,GBPJPY,atr_break,A×3.0,A×0.7,london,True,True,True,120,14.0,2.0,0.0,,,,
0.0,0.0,0.0,0.0,0.0,0.0,0,0,0,0.0,0.0,atr_break_5b21f694,GBPJPY,atr_break,A×5.0,A×1.5,london,True,True,True,0,12.0,1.5,0.0,,,,
1.5542,55.1,0.57,0.0,1.29,262.0,49,4,5,0.0263,1.2664,atr_break_c438674a,GBPJPY,atr_break,A×5.0,A×1.5,london,True,True,True,30,10.0,1.0,4.4,,,,
0.0,0.0,0.0,0.0,0.0,0.0,0,0,0,0.0,0.0,atr_break_7c33919f,GBPJPY,atr_break,A×3.0,A×0.7,london,True,True,True,30,12.0,2.0,0.0,,,,
0.0,0.0,0.0,0.0,0.0,0.0,0,0,0,0.0,0.0,atr_break_44176cb9,GBPJPY,atr_break,A×3.0,A×0.7,newyork,True,True,True,0,16.0,1.8,0.0,,,,
0.0,0.0,0.0,0.0,0.0,0.0,0,0,0,0.0,0.0,atr_break_4f4c5826,GBPJPY,atr_break,A×5.0,A×2.0,newyork,True,False,True,30,20.0,2.0,0.0,,,,
0.0,0.0,0.0,0.0,0.0,0.0,0,0,0,0.0,0.0,atr_break_310c7290,GBPJPY,atr_break,A×3.0,A×1.5,london,True,False,True,120,10.0,1.8,0.0,,,,
0.0,0.0,0.0,0.0,0.0,0.0,0,0,0,0.0,0.0,atr_break_8fdd3460,GBPJPY,atr_break,A×3.0,A×1.0,newyork,False,True,True,30,16.0,2.5,0.0,,,,
0.0,0.0,0.0,0.0,0.0,0.0,0,0,0,0.0,0.0,atr_break_231e0239,GBPJPY,atr_break,A×4.0,A×1.5,london,True,True,True,120,16.0,2.5,0.0,,,,
inf,100.0,0.0,0.0,0.05,120.0,1,0,1,0.054,0.0,atr_break_ece8bf9c,GBPJPY,atr_break,A×4.0,A×1.5,newyork,True,True,True,60,14.0,1.5,2.0,,,,
0.0,0.0,0.0,0.0,0.0,0.0,0,0,0,0.0,0.0,atr_break_3e94010b,GBPJPY,atr_break,A×4.0,A×1.0,london,True,False,True,120,20.0,2.0,0.0,,,,
0.0,0.0,0.0,0.0,0.0,0.0,0,0,0,0.0,0.0,atr_break_d849a197,GBPJPY,atr_break,A×2.5,A×1.0,london,True,False,True,60,7.0,1.5,0.0,,,,
0.0,0.0,0.0,0.0,0.0,0.0,0,0,0,0.0,0.0,atr_break_d6334892,GBPJPY,atr_break,A×5.0,A×1.5,london,True,True,False,30,5.0,2.5,0.0,,,,
0.0,0.0,0.0,0.0,0.0,0.0,0,0,0,0.0,0.0,atr_break_d3ec35a6,GBPJPY,atr_break,A×3.0,A×1.0,newyork,False,False,True,0,16.0,2.0,0.0,,,,
0.0,0.0,0.0,0.0,0.0,0.0,0,0,0,0.0,0.0,atr_break_5faa0639,GBPJPY,atr_break,A×3.0,A×0.7,london,False,True,True,30,16.0,1.8,0.0,,,,
0.0,0.0,0.0,0.0,0.0,0.0,0,0,0,0.0,0.0,atr_break_6c792c83,GBPJPY,atr_break,A×3.0,A×1.5,london,False,True,True,30,16.0,2.5,0.0,,,,
1.552,59.26,0.62,0.0,1.66,401.1,54,2,5,0.0307,1.067,atr_break_399687a7,GBPJPY,atr_break,A×4.0,A×1.5,newyork,True,True,True,0,5.0,1.0,6.7,,,,
0.0,0.0,0.0,0.0,0.0,0.0,0,0,0,0.0,0.0,atr_break_cba2af28,GBPJPY,atr_break,A×3.0,A×0.7,london,True,False,False,30,5.0,2.0,0.0,,,,
0.0,0.0,0.0,0.0,0.0,0.0,0,0,0,0.0,0.0,atr_break_02531a30,GBPJPY,atr_break,A×4.0,A×1.0,london,False,False,True,120,12.0,1.5,0.0,,,,
0.0,0.0,0.0,0.0,0.0,0.0,0,0,0,0.0,0.0,atr_break_ff407a7b,GBPJPY,atr_break,A×2.0,A×0.7,london,True,False,True,60,14.0,2.0,0.0,,,,
0.4929,35.29,0.68,0.0,-0.57,324.7,17,3,2,-0.0337,0.9037,atr_break_bee51be7,GBPJPY,atr_break,A×4.0,A×1.0,newyork,False,False,True,60,12.0,1.2,5.4,,,,
0.0,0.0,0.17,0.0,-0.17,1800.0,1,1,0,-0.172,0.0,atr_break_510b2118,GBPJPY,atr_break,A×5.0,A×2.0,newyork,True,False,False,0,14.0,1.5,30.0,,,,
0.0,0.0,0.0,0.0,0.0,0.0,0,0,0,0.0,0.0,atr_break_65e62b42,GBPJPY,atr_break,A×2.0,A×0.7,newyork,False,False,True,30,10.0,2.5,0.0,,,,
0.0,0.0,0.0,0.0,0.0,0.0,0,0,0,0.0,0.0,atr_break_edbd1c5c,GBPJPY,atr_break,A×2.5,A×1.0,newyork,True,True,True,120,16.0,2.0,0.0,,,,
0.0,0.0,0.0,0.0,0.0,0.0,0,0,0,0.0,0.0,atr_break_eacd2f37,GBPJPY,atr_break,A×6.0,A×1.5,london,True,True,True,120,14.0,2.5,0.0,,,,
0.0,0.0,0.0,0.0,0.0,0.0,0,0,0,0.0,0.0,atr_break_b5a4cc7d,GBPJPY,atr_break,A×2.5,A×1.0,london,True,True,True,120,5.0,1.8,0.0,,,,
1.0743,60.0,0.15,0.0,0.01,312.0,5,2,3,0.0022,0.7162,atr_break_2adee348,GBPJPY,atr_break,A×6.0,A×1.5,london,True,True,True,120,10.0,1.2,5.2,,,,
0.0,0.0,0.03,0.0,-0.03,180.0,1,1,0,-0.033,0.0,atr_break_4714dda4,GBPJPY,atr_break,A×4.0,A×1.0,newyork,True,True,False,30,20.0,1.5,3.0,,,,
0.0,0.0,0.0,0.0,0.0,0.0,0,0,0,0.0,0.0,atr_break_965f7e9c,GBPJPY,atr_break,A×4.0,A×1.5,london,True,False,True,60,16.0,2.5,0.0,,,,
3.3939,50.0,0.03,0.0,0.08,240.0,2,1,1,0.0395,3.3939,atr_break_1cff7a7f,GBPJPY,atr_break,A×4.0,A×1.0,london,True,False,True,0,16.0,1.5,4.0,,,,
0.0,0.0,0.0,0.0,0.0,0.0,0,0,0,0.0,0.0,atr_break_0c71f981,GBPJPY,atr_break,A×3.0,A×1.0,newyork,False,True,True,30,5.0,1.5,0.0,,,,
0.0,0.0,0.0,0.0,0.0,0.0,0,0,0,0.0,0.0,atr_break_24f60e3b,GBPJPY,atr_break,A×3.0,A×1.0,newyork,True,True,True,0,12.0,2.5,0.0,,,,
0.8495,45.24,2.36,0.0,-0.85,291.4,84,5,5,-0.0101,1.0284,atr_break_0502777a,GBPJPY,atr_break,A×3.0,A×1.5,newyork,False,False,True,30,14.0,1.0,4.9,,,,
0.7981,37.04,1.32,0.0,-0.56,146.7,54,7,5,-0.0105,1.3567,atr_break_0592276d,GBPJPY,atr_break,A×2.0,A×0.7,newyork,True,True,False,60,20.0,1.0,2.4,,,,
0.0,0.0,0.0,0.0,0.0,0.0,0,0,0,0.0,0.0,atr_break_409d62cc,GBPJPY,atr_break,A×4.0,A×1.5,london,True,False,True,120,12.0,1.8,0.0,,,,
0.0,0.0,0.0,0.0,0.0,0.0,0,0,0,0.0,0.0,atr_break_e8553fc7,GBPJPY,atr_break,A×6.0,A×1.5,london,True,True,False,120,12.0,2.0,0.0,,,,
0.0,0.0,0.0,0.0,0.0,0.0,0,0,0,0.0,0.0,atr_break_ab71c3e7,GBPJPY,atr_break,A×5.0,A×2.0,london,False,True,False,30,14.0,1.8,0.0,,,,
0.3073,28.57,0.39,0.0,-0.28,154.3,7,4,1,-0.0393,0.7683,atr_break_a8f5cdd0,GBPJPY,atr_break,A×2.0,A×0.7,london,True,False,True,30,12.0,1.2,2.6,,,,
0.0,0.0,0.0,0.0,0.0,0.0,0,0,0,0.0,0.0,atr_break_d293da37,GBPJPY,atr_break,A×3.0,A×1.0,london,True,False,False,0,14.0,2.5,0.0,,,,
0.0,0.0,0.0,0.0,0.0,0.0,0,0,0,0.0,0.0,atr_break_8a748972,GBPJPY,atr_break,A×2.5,A×1.0,london,False,True,True,120,12.0,2.0,0.0,,,,
0.8192,35.57,7.93,0.01,-4.56,327.8,388,10,4,-0.0118,1.4841,atr_break_664105d1,GBPJPY,atr_break,A×4.0,A×1.0,newyork,False,False,True,120,12.0,0.8,5.5,,,,
0.0,0.0,0.0,0.0,0.0,0.0,0,0,0,0.0,0.0,atr_break_95f647cd,GBPJPY,atr_break,A×4.0,A×1.0,newyork,True,True,True,30,8.0,1.8,0.0,,,,
0.0,0.0,0.0,0.0,0.0,0.0,0,0,0,0.0,0.0,atr_break_e39493d2,GBPJPY,atr_break,A×2.5,A×1.0,newyork,False,True,True,60,10.0,2.5,0.0,,,,
0.5583,50.0,0.53,0.0,-0.25,228.0,10,3,3,-0.0246,0.5583,atr_break_a695b68d,GBPJPY,atr_break,A×4.0,A×1.0,london,True,True,True,0,14.0,1.2,3.8,,,,
0.0,0.0,0.0,0.0,0.0,0.0,0,0,0,0.0,0.0,atr_break_a1c8189c,GBPJPY,atr_break,A×2.0,A×0.7,newyork,True,True,True,120,12.0,1.8,0.0,,,,
0.0,0.0,0.0,0.0,0.0,0.0,0,0,0,0.0,0.0,atr_break_104985ea,GBPJPY,atr_break,A×3.0,A×1.5,london,False,True,True,30,5.0,2.5,0.0,,,,
0.8706,41.38,1.75,0.0,-0.66,217.9,87,6,6,-0.0076,1.2333,atr_break_58c2965b,GBPJPY,atr_break,A×2.5,A×1.0,newyork,False,True,True,30,8.0,1.0,3.6,,,,
0.0,0.0,0.09,0.0,-0.09,300.0,1,1,0,-0.086,0.0,atr_break_182ac8c6,GBPJPY,atr_break,A×5.0,A×1.5,newyork,True,False,True,0,7.0,1.5,5.0,,,,
0.0,0.0,0.0,0.0,0.0,0.0,0,0,0,0.0,0.0,atr_break_1d102b0f,GBPJPY,atr_break,A×5.0,A×1.5,newyork,True,True,True,120,10.0,2.5,0.0,,,,
0.0,0.0,0.0,0.0,0.0,0.0,0,0,0,0.0,0.0,atr_break_05a7f51e,GBPJPY,atr_break,A×2.5,A×1.0,newyork,True,True,True,120,10.0,1.8,0.0,,,,
inf,100.0,0.0,0.0,0.11,300.0,1,0,1,0.112,0.0,atr_break_df303f54,GBPJPY,atr_break,A×2.5,A×1.0,london,True,True,True,30,14.0,1.5,5.0,,,,
0.9238,19.94,6.63,0.01,-2.53,745.4,326,26,4,-0.0078,3.7096,atr_break_17efff84,GBPJPY,atr_break,A×3.0,A×1.0,newyork,False,False,False,120,20.0,0.8,12.4,,,,
0.0,0.0,0.0,0.0,0.0,0.0,0,0,0,0.0,0.0,atr_break_9895c998,GBPJPY,atr_break,A×4.0,A×1.0,newyork,True,False,True,120,5.0,2.0,0.0,,,,
0.9089,38.79,3.04,0.0,-0.96,154.2,214,7,7,-0.0045,1.4345,atr_break_69e2643f,GBPJPY,atr_break,A×2.0,A×0.7,newyork,True,True,True,30,5.0,0.8,2.6,,,,
0.8551,41.84,1.9,0.0,-0.85,281.6,98,8,4,-0.0086,1.1888,atr_break_34cf7ed0,GBPJPY,atr_break,A×4.0,A×1.0,london,False,True,True,120,8.0,1.0,4.7,,,,
0.0,0.0,0.0,0.0,0.0,0.0,0,0,0,0.0,0.0,atr_break_8b3fee5d,GBPJPY,atr_break,A×5.0,A×2.0,newyork,True,True,False,30,5.0,2.5,0.0,,,,
0.4225,40.0,0.54,0.0,-0.43,116.0,15,4,3,-0.0288,0.6337,atr_break_d18d3b2f,GBPJPY,atr_break,A×2.0,A×0.7,newyork,False,True,True,0,10.0,1.2,1.9,,,,
0.0,0.0,0.0,0.0,0.0,0.0,0,0,0,0.0,0.0,atr_break_8aa0eb93,GBPJPY,atr_break,A×2.0,A×0.7,newyork,True,False,True,0,16.0,2.0,0.0,,,,
0.9132,31.25,1.37,0.0,-0.22,188.8,48,8,2,-0.0047,2.009,atr_break_fdc39748,GBPJPY,atr_break,A×3.0,A×0.7,newyork,True,False,True,30,14.0,1.0,3.1,,,,
0.0,0.0,0.0,0.0,0.0,0.0,0,0,0,0.0,0.0,atr_break_d9618a2c,GBPJPY,atr_break,A×4.0,A×1.5,london,False,False,True,120,8.0,2.5,0.0,,,,
0.0,0.0,0.0,0.0,0.0,0.0,0,0,0,0.0,0.0,atr_break_64ae7526,GBPJPY,atr_break,A×3.0,A×1.5,london,True,True,False,60,5.0,1.8,0.0,,,,
0.7664,41.86,1.99,0.0,-1.23,236.5,86,5,5,-0.0143,1.0644,atr_break_e49d5bab,GBPJPY,atr_break,A×2.5,A×1.0,newyork,False,True,True,120,14.0,1.0,3.9,,,,
1.0669,19.7,3.05,0.0,0.87,393.3,198,19,3,0.0044,4.3498,atr_break_a99c81f2,GBPJPY,atr_break,A×3.0,A×0.7,london,True,False,False,60,20.0,0.8,6.6,,,,
0.4976,50.0,0.58,0.0,-0.41,216.7,18,4,3,-0.0229,0.4976,atr_break_4c292888,GBPJPY,atr_break,A×4.0,A×1.0,london,False,True,True,30,16.0,1.2,3.6,,,,
0.0,0.0,0.0,0.0,0.0,0.0,0,0,0,0.0,0.0,atr_break_b180e724,GBPJPY,atr_break,A×6.0,A×1.5,london,True,True,False,60,8.0,1.8,0.0,,,,
0.0,0.0,0.0,0.0,0.0,0.0,0,0,0,0.0,0.0,atr_break_85c15e25,GBPJPY,atr_break,A×3.0,A×1.5,newyork,True,True,True,0,12.0,2.5,0.0,,,,
0.9893,52.38,1.82,0.0,-0.06,339.4,105,9,7,-0.0006,0.8993,atr_break_593cf57b,GBPJPY,atr_break,A×3.0,A×1.5,london,False,True,True,0,20.0,1.0,5.7,,,,
0.0,0.0,0.0,0.0,0.0,0.0,0,0,0,0.0,0.0,atr_break_1ae58e3a,GBPJPY,atr_break,A×5.0,A×1.5,london,True,True,False,120,7.0,2.5,0.0,,,,
0.0,0.0,0.0,0.0,0.0,0.0,0,0,0,0.0,0.0,atr_break_a03bee90,GBPJPY,atr_break,A×4.0,A×1.5,newyork,True,True,True,30,5.0,2.0,0.0,,,,
2.2838,66.67,0.15,0.0,0.19,390.0,6,2,3,0.0317,1.1419,atr_break_9d8ea93c,GBPJPY,atr_break,A×4.0,A×1.5,london,True,True,True,30,12.0,1.2,6.5,,,,
inf,100.0,0.0,0.0,0.11,300.0,1,0,1,0.112,0.0,atr_break_5cb3b90e,GBPJPY,atr_break,A×3.0,A×0.7,london,False,False,True,120,14.0,1.5,5.0,,,,
1.114,47.27,0.81,0.0,0.32,233.5,55,5,3,0.0058,1.2425,atr_break_a70d8482,GBPJPY,atr_break,A×3.0,A×1.5,london,True,True,True,60,8.0,1.0,3.9,,,,
0.0,0.0,0.0,0.0,0.0,0.0,0,0,0,0.0,0.0,atr_break_606e5e3a,GBPJPY,atr_break,A×2.0,A×0.7,london,False,True,True,30,5.0,1.8,0.0,,,,
0.961,49.23,3.24,0.0,-0.9,272.5,390,10,7,-0.0023,0.991,atr_break_fe2f9f7d,GBPJPY,atr_break,A×6.0,A×1.5,london,False,True,True,30,5.0,0.8,4.5,,,,
1.115,26.17,3.22,0.0,2.58,1596.2,149,17,3,0.0173,3.1447,atr_break_65fb9db7,GBPJPY,atr_break,A×4.0,A×1.5,newyork,True,False,False,0,20.0,0.8,26.6,,,,
0.0,0.0,0.0,0.0,0.0,0.0,0,0,0,0.0,0.0,atr_break_795f0198,GBPJPY,atr_break,A×2.5,A×1.0,london,True,False,True,30,8.0,1.5,0.0,,,,
0.1778,12.5,0.58,0.0,-0.48,247.5,8,7,1,-0.0601,1.2444,atr_break_1e1216cc,GBPJPY,atr_break,A×2.0,A×0.7,newyork,True,False,True,60,5.0,1.2,4.1,,,,
1.2489,56.12,1.68,0.0,2.78,479.4,196,6,12,0.0142,0.9764,atr_break_ab8faf53,GBPJPY,atr_break,A×5.0,A×1.5,london,True,True,False,0,14.0,0.8,8.0,,,,
0.4218,60.0,0.38,0.0,-0.22,336.0,5,2,3,-0.0436,0.2812,atr_break_54cc9201,GBPJPY,atr_break,A×3.0,A×1.5,london,True,True,True,60,10.0,1.2,5.6,,,,
0.5872,34.94,4.19,0.0,-3.06,362.2,83,6,3,-0.0369,1.0935,atr_break_d3ac691f,GBPJPY,atr_break,A×4.0,A×1.5,newyork,False,False,True,0,14.0,1.0,6.0,,,,
0.0,0.0,0.0,0.0,0.0,0.0,0,0,0,0.0,0.0,atr_break_46e72da5,GBPJPY,atr_break,A×6.0,A×1.5,london,True,True,True,0,12.0,2.5,0.0,,,,
0.3203,40.0,1.08,0.0,-0.92,396.0,15,3,3,-0.0614,0.4804,atr_break_de8d13e7,GBPJPY,atr_break,A×5.0,A×1.5,london,True,True,True,30,20.0,1.2,6.6,,,,
0.0,0.0,0.0,0.0,0.0,0.0,0,0,0,0.0,0.0,atr_break_5302418b,GBPJPY,atr_break,A×2.5,A×1.0,newyork,False,True,True,0,8.0,2.5,0.0,,,,
0.8957,56.25,1.68,0.0,-0.42,468.8,48,3,4,-0.0088,0.6967,atr_break_de1abefe,GBPJPY,atr_break,A×6.0,A×1.5,newyork,True,True,False,30,14.0,1.0,7.8,,,,
0.0,0.0,0.0,0.0,0.0,0.0,0,0,0,0.0,0.0,atr_break_5009b984,GBPJPY,atr_break,A×2.0,A×0.7,london,False,True,False,60,14.0,1.8,0.0,,,,
0.0,0.0,0.0,0.0,0.0,0.0,0,0,0,0.0,0.0,atr_break_113807e6,GBPJPY,atr_break,A×5.0,A×1.5,london,True,True,True,30,14.0,2.0,0.0,,,,
0.0,0.0,0.0,0.0,0.0,0.0,0,0,0,0.0,0.0,atr_break_f3f4c82f,GBPJPY,atr_break,A×4.0,A×1.0,london,True,False,True,60,10.0,1.8,0.0,,,,
0.9176,62.5,0.29,0.0,-0.04,217.5,8,2,2,-0.0045,0.5506,atr_break_c4c9ccaf,GBPJPY,atr_break,A×3.0,A×1.5,newyork,True,True,True,60,5.0,1.2,3.6,,,,
0.0,0.0,0.0,0.0,0.0,0.0,0,0,0,0.0,0.0,atr_break_025589d2,GBPJPY,atr_break,A×2.5,A×1.0,london,True,False,True,30,16.0,2.0,0.0,,,,
0.6108,56.0,2.65,0.0,-1.75,380.4,50,3,6,-0.0349,0.4799,atr_break_c06fbcc9,GBPJPY,atr_break,A×5.0,A×2.0,newyork,True,True,True,30,16.0,1.0,6.3,,,,
1.0564,31.74,4.66,0.0,1.26,1107.3,167,14,4,0.0075,2.2723,atr_break_d0675dfa,GBPJPY,atr_break,A×3.0,A×1.5,newyork,True,False,False,0,10.0,0.8,18.5,,,,
0.0,0.0,0.0,0.0,0.0,0.0,0,0,0,0.0,0.0,atr_break_4632eaea,GBPJPY,atr_break,A×3.0,A×1.5,london,False,False,True,0,5.0,1.5,0.0,,,,
0.0,0.0,0.0,0.0,0.0,0.0,0,0,0,0.0,0.0,atr_break_77acec5a,GBPJPY,atr_break,A×3.0,A×1.0,london,True,True,True,0,7.0,1.5,0.0,,,,
0.9536,53.57,1.68,0.0,-0.18,375.0,56,4,6,-0.0031,0.8265,atr_break_25b1a2d1,GBPJPY,atr_break,A×6.0,A×1.5,newyork,True,True,True,0,20.0,1.0,6.2,,,,
0.0,0.0,0.0,0.0,0.0,0.0,0,0,0,0.0,0.0,atr_break_24033723,GBPJPY,atr_break,A×5.0,A×1.5,london,True,True,False,0,8.0,2.0,0.0,,,,
0.0,0.0,0.0,0.0,0.0,0.0,0,0,0,0.0,0.0,atr_break_0356c0b1,GBPJPY,atr_break,A×4.0,A×1.0,london,False,True,True,120,14.0,2.0,0.0,,,,
1.1815,49.76,4.23,0.0,4.1,296.7,422,10,9,0.0097,1.1928,atr_break_06e73b36,GBPJPY,atr_break,A×5.0,A×1.5,london,False,False,True,30,16.0,0.8,4.9,,,,
0.0,0.0,0.09,0.0,-0.09,600.0,2,2,0,-0.0445,0.0,atr_break_629c4be3,GBPJPY,atr_break,A×3.0,A×1.0,london,True,False,True,120,16.0,1.5,10.0,,,,
0.0,0.0,0.0,0.0,0.0,0.0,0,0,0,0.0,0.0,atr_break_df070e84,GBPJPY,atr_break,A×2.0,A×0.7,newyork,True,False,True,30,5.0,2.5,0.0,,,,
1.1036,52.73,1.2,0.0,0.33,370.9,55,5,4,0.006,0.9894,atr_break_87b92f97,GBPJPY,atr_break,A×4.0,A×1.5,london,True,True,False,0,8.0,1.0,6.2,,,,
inf,100.0,0.0,0.0,0.11,300.0,1,0,1,0.112,0.0,atr_break_3a67e84c,GBPJPY,atr_break,A×5.0,A×1.5,london,True,True,True,60,14.0,1.5,5.0,,,,
0.0,0.0,0.09,0.0,-0.09,300.0,1,1,0,-0.086,0.0,atr_break_003a0cc1,GBPJPY,atr_break,A×4.0,A×1.5,newyork,True,False,True,30,7.0,1.5,5.0,,,,
0.9821,32.64,2.92,0.0,-0.3,569.5,193,16,4,-0.0016,2.0266,atr_break_349ba344,GBPJPY,atr_break,A×3.0,A×1.5,london,True,False,True,30,14.0,0.8,9.5,,,,
0.7304,55.92,10.04,0.01,-7.85,447.8,363,7,9,-0.0216,0.5757,atr_break_053037a6,GBPJPY,atr_break,A×5.0,A×2.0,newyork,False,True,True,0,16.0,0.8,7.5,,,,
0.0,0.0,0.0,0.0,0.0,0.0,0,0,0,0.0,0.0,atr_break_754ca06e,GBPJPY,atr_break,A×5.0,A×1.5,london,True,True,False,0,8.0,2.5,0.0,,,,
0.0,0.0,0.0,0.0,0.0,0.0,0,0,0,0.0,0.0,atr_break_43dd22f3,GBPJPY,atr_break,A×6.0,A×1.5,london,True,True,True,60,20.0,1.8,0.0,,,,
0.8725,37.5,1.78,0.0,-0.53,160.2,88,9,4,-0.006,1.4542,atr_break_084d4bdf,GBPJPY,atr_break,A×2.0,A×0.7,newyork,False,False,True,120,16.0,1.0,2.7,,,,
1.0674,53.0,2.7,0.0,0.95,371.3,217,6,8,0.0044,0.9467,atr_break_3943f48d,GBPJPY,atr_break,A×5.0,A×1.5,london,True,True,True,120,12.0,0.8,6.2,,,,
0.9421,40.55,2.02,0.0,-0.56,154.3,217,10,6,-0.0026,1.381,atr_break_16b02dc0,GBPJPY,atr_break,A×2.0,A×0.7,newyork,True,True,False,30,16.0,0.8,2.6,,,,
0.0,0.0,0.0,0.0,0.0,0.0,0,0,0,0.0,0.0,atr_break_8480854a,GBPJPY,atr_break,A×4.0,A×1.0,newyork,True,True,True,0,16.0,2.0,0.0,,,,
0.3224,33.33,0.54,0.0,-0.39,190.0,12,4,2,-0.0326,0.6447,atr_break_0e5a0c88,GBPJPY,atr_break,A×3.0,A×1.0,london,True,True,True,60,16.0,1.2,3.2,,,,
0.9008,39.81,3.41,0.0,-1.18,314.0,206,11,4,-0.0057,1.3622,atr_break_f01262c1,GBPJPY,atr_break,A×4.0,A×1.0,london,True,True,False,0,16.0,0.8,5.2,,,,
3.3939,50.0,0.03,0.0,0.08,240.0,2,1,1,0.0395,3.3939,atr_break_a1c155b8,GBPJPY,atr_break,A×5.0,A×2.0,london,False,False,True,0,16.0,1.5,4.0,,,,
0.7112,42.86,0.49,0.0,-0.17,312.9,14,3,2,-0.0124,0.9482,atr_break_f6c94e23,GBPJPY,atr_break,A×6.0,A×1.5,london,True,False,True,0,16.0,1.2,5.2,,,,
1.1845,43.28,2.01,0.0,1.59,196.4,201,9,6,0.0079,1.5521,atr_break_80f84e46,GBPJPY,atr_break,A×3.0,A×0.7,newyork,True,True,False,30,14.0,0.8,3.3,,,,
0.8155,51.03,7.12,0.01,-4.47,306.2,388,6,9,-0.0115,0.7825,atr_break_3543a1ae,GBPJPY,atr_break,A×3.0,A×1.5,newyork,False,True,True,0,10.0,0.8,5.1,,,,
0.0,0.0,0.0,0.0,0.0,0.0,0,0,0,0.0,0.0,atr_break_fb1ed2b9,GBPJPY,atr_break,A×2.5,A×1.0,newyork,True,True,True,30,5.0,1.5,0.0,,,,
1.496,54.0,0.83,0.0,1.17,393.6,50,5,7,0.0234,1.2743,atr_break_eacfb318,GBPJPY,atr_break,A×4.0,A×1.5,london,True,True,False,120,7.0,1.0,6.6,,,,
0.0,0.0,0.0,0.0,0.0,0.0,0,0,0,0.0,0.0,atr_break_243d9756,GBPJPY,atr_break,A×5.0,A×1.5,london,True,True,True,30,16.0,2.0,0.0,,,,
0.8173,42.31,3.02,0.0,-1.94,175.7,208,10,6,-0.0093,1.1145,atr_break_a87fe00f,GBPJPY,atr_break,A×2.5,A×1.0,london,True,True,True,30,5.0,0.8,2.9,,,,
0.0,0.0,0.03,0.0,-0.03,180.0,1,1,0,-0.033,0.0,atr_break_75502ede,GBPJPY,atr_break,A×5.0,A×2.0,newyork,True,True,True,30,20.0,1.5,3.0,,,,
0.0,0.0,0.0,0.0,0.0,0.0,0,0,0,0.0,0.0,atr_break_b9020dcc,GBPJPY,atr_break,A×2.5,A×1.0,newyork,False,True,False,60,16.0,2.0,0.0,,,,
0.4902,21.43,0.39,0.0,-0.34,304.3,14,6,1,-0.0241,1.7973,atr_break_2ae95701,GBPJPY,atr_break,A×2.0,A×0.7,london,True,False,True,120,16.0,1.2,5.1,,,,
0.0,0.0,0.0,0.0,0.0,0.0,0,0,0,0.0,0.0,atr_break_70c0f90f,GBPJPY,atr_break,A×5.0,A×1.5,newyork,False,True,True,60,5.0,1.8,0.0,,,,
0.0,0.0,0.03,0.0,-0.03,180.0,1,1,0,-0.033,0.0,atr_break_4734afa3,GBPJPY,atr_break,A×2.5,A×1.0,london,True,False,True,120,20.0,1.5,3.0,,,,
0.0,0.0,0.0,0.0,0.0,0.0,0,0,0,0.0,0.0,atr_break_d195c1fc,GBPJPY,atr_break,A×3.0,A×1.0,newyork,True,True,False,120,16.0,2.5,0.0,,,,
1.3118,66.67,0.86,0.0,0.93,537.3,45,3,6,0.0207,0.6559,atr_break_9435ffbf,GBPJPY,atr_break,A×6.0,A×1.5,newyork,True,True,False,120,8.0,1.0,9.0,,,,
0.9998,34.84,4.73,0.0,-0.01,320.0,419,11,7,-0.0,1.8694,atr_break_67ceca39,GBPJPY,atr_break,A×3.0,A×1.0,london,False,False,True,0,14.0,0.8,5.3,,,,
0.0,0.0,0.0,0.0,0.0,0.0,0,0,0,0.0,0.0,atr_break_9f92a87d,GBPJPY,atr_break,A×2.5,A×1.0,london,False,True,True,120,10.0,1.8,0.0,,,,
0.0,0.0,0.0,0.0,0.0,0.0,0,0,0,0.0,0.0,atr_break_7ea9da90,GBPJPY,atr_break,A×4.0,A×1.0,london,False,True,True,30,8.0,2.5,0.0,,,,
0.0,0.0,0.0,0.0,0.0,0.0,0,0,0,0.0,0.0,atr_break_af75439b,GBPJPY,atr_break,A×6.0,A×1.5,newyork,True,False,False,0,7.0,1.8,0.0,,,,
1.1468,49.5,2.73,0.0,1.59,243.6,200,11,11,0.0079,1.1699,atr_break_51a3bcdc,GBPJPY,atr_break,A×6.0,A×1.5,london,True,True,True,60,8.0,0.8,4.1,,,,
1.3724,51.02,0.69,0.0,0.93,274.3,49,5,4,0.019,1.3175,atr_break_abc11da5,GBPJPY,atr_break,A×3.0,A×1.5,london,True,False,True,60,10.0,1.0,4.6,,,,
inf,100.0,0.0,0.0,0.01,180.0,1,0,1,0.012,0.0,atr_break_663e5a2b,GBPJPY,atr_break,A×3.0,A×0.7,newyork,True,True,False,0,14.0,1.5,3.0,,,,
0.6384,42.86,0.41,0.0,-0.26,347.1,14,3,3,-0.0183,0.8512,atr_break_a7c8359d,GBPJPY,atr_break,A×5.0,A×1.5,london,True,True,True,60,20.0,1.2,5.8,,,,
0.0,0.0,0.0,0.0,0.0,0.0,0,0,0,0.0,0.0,atr_break_2c5f32bf,GBPJPY,atr_break,A×5.0,A×2.0,london,True,True,False,30,8.0,1.8,0.0,,,,
0.0,0.0,0.0,0.0,0.0,0.0,0,0,0,0.0,0.0,atr_break_4c04da9f,GBPJPY,atr_break,A×4.0,A×1.5,london,True,True,True,0,8.0,2.0,0.0,,,,
0.697,48.21,2.41,0.0,-1.24,277.5,56,4,5,-0.0222,0.7487,atr_break_dcba2b32,GBPJPY,atr_break,A×3.0,A×1.5,newyork,True,True,True,0,20.0,1.0,4.6,,,,
1.3389,56.6,0.84,0.0,0.89,389.4,53,5,6,0.0169,1.0265,atr_break_56591bc1,GBPJPY,atr_break,A×5.0,A×2.0,london,True,True,True,120,8.0,1.0,6.5,,,,
0.0,0.0,0.0,0.0,0.0,0.0,0,0,0,0.0,0.0,atr_break_e8643da5,GBPJPY,atr_break,A×2.0,A×0.7,london,False,False,False,120,20.0,2.5,0.0,,,,
0.285,44.44,0.74,0.0,-0.59,720.0,9,2,2,-0.0652,0.3563,atr_break_896c0abc,GBPJPY,atr_break,A×5.0,A×2.0,london,True,False,True,120,5.0,1.2,12.0,,,,
0.0,0.0,0.03,0.0,-0.03,180.0,1,1,0,-0.033,0.0,atr_break_e1986571,GBPJPY,atr_break,A×5.0,A×1.5,newyork,True,True,False,30,20.0,1.5,3.0,,,,
0.7261,43.14,1.92,0.0,-0.99,265.9,51,6,3,-0.0194,0.9571,atr_break_b448db49,GBPJPY,atr_break,A×6.0,A×1.5,newyork,True,False,True,30,16.0,1.0,4.4,,,,
0.9228,53.75,6.16,0.01,-1.93,335.3,387,10,10,-0.005,0.7941,atr_break_64f98484,GBPJPY,atr_break,A×5.0,A×2.0,newyork,False,True,True,30,12.0,0.8,5.6,,,,
0.3077,16.67,0.56,0.0,-0.39,620.0,6,5,1,-0.0645,1.5385,atr_break_79aa7d5b,GBPJPY,atr_break,A×4.0,A×1.5,london,True,False,True,120,12.0,1.2,10.3,,,,
0.9901,43.81,1.55,0.0,-0.06,270.3,105,5,6,-0.0006,1.2699,atr_break_429af24f,GBPJPY,atr_break,A×4.0,A×1.0,london,False,True,True,120,20.0,1.0,4.5,,,,
1.5165,55.56,0.22,0.0,0.13,173.3,9,3,2,0.0139,1.2132,atr_break_1f899efb,GBPJPY,atr_break,A×4.0,A×1.0,london,True,True,True,30,5.0,1.2,2.9,,,,
0.0,0.0,0.0,0.0,0.0,0.0,0,0,0,0.0,0.0,atr_break_5b92c43b,GBPJPY,atr_break,A×3.0,A×0.7,london,True,True,True,120,7.0,1.5,0.0,,,,
0.0,0.0,0.0,0.0,0.0,0.0,0,0,0,0.0,0.0,atr_break_50dee9f6,GBPJPY,atr_break,A×3.0,A×0.7,newyork,True,True,False,0,10.0,2.0,0.0,,,,
1.1275,52.4,2.15,0.0,1.52,334.9,208,8,7,0.0073,1.0241,atr_break_bb67ce53,GBPJPY,atr_break,A×5.0,A×2.0,london,True,False,True,30,10.0,0.8,5.6,,,,
0.0,0.0,0.0,0.0,0.0,0.0,0,0,0,0.0,0.0,atr_break_66c2baca,GBPJPY,atr_break,A×3.0,A×0.7,london,False,True,True,60,12.0,2.0,0.0,,,,
1.6865,23.53,0.45,0.0,0.53,338.8,17,7,1,0.0312,5.4812,atr_break_e0157c85,GBPJPY,atr_break,A×3.0,A×0.7,london,False,False,True,60,14.0,1.2,5.6,,,,
0.0,0.0,0.0,0.0,0.0,0.0,0,0,0,0.0,0.0,atr_break_c8fd15a8,GBPJPY,atr_break,A×5.0,A×2.0,newyork,True,True,True,120,8.0,1.8,0.0,,,,
0.2238,18.75,1.23,0.0,-1.24,423.8,16,10,3,-0.0772,0.9696,atr_break_646a4538,GBPJPY,atr_break,A×3.0,A×1.5,newyork,True,False,True,30,14.0,1.2,7.1,,,,
0.8359,45.89,5.78,0.01,-3.89,271.1,401,9,9,-0.0097,0.9858,atr_break_702893ec,GBPJPY,atr_break,A×3.0,A×1.0,newyork,False,True,True,60,20.0,0.8,4.5,,,,
0.0,0.0,0.0,0.0,0.0,0.0,0,0,0,0.0,0.0,atr_break_6cfe42e8,GBPJPY,atr_break,A×5.0,A×2.0,newyork,True,True,False,30,5.0,1.8,0.0,,,,
0.0,0.0,0.0,0.0,0.0,0.0,0,0,0,0.0,0.0,atr_break_da829226,GBPJPY,atr_break,A×2.0,A×0.7,london,True,False,True,60,14.0,2.5,0.0,,,,
0.0,0.0,0.0,0.0,0.0,0.0,0,0,0,0.0,0.0,atr_break_5f2679d8,GBPJPY,atr_break,A×2.0,A×0.7,london,True,True,True,60,8.0,1.8,0.0,,,,
0.0,0.0,0.0,0.0,0.0,0.0,0,0,0,0.0,0.0,atr_break_bf7b64d7,GBPJPY,atr_break,A×4.0,A×1.0,london,False,False,False,60,8.0,1.8,0.0,,,,
0.0,0.0,0.0,0.0,0.0,0.0,0,0,0,0.0,0.0,atr_break_d5e9c22c,GBPJPY,atr_break,A×4.0,A×1.0,london,True,False,True,60,16.0,1.8,0.0,,,,
1.5218,57.41,0.76,0.0,1.71,424.4,54,3,5,0.0317,1.1291,atr_break_50bd79db,GBPJPY,atr_break,A×6.0,A×1.5,newyork,True,True,True,120,5.0,1.0,7.1,,,,
0.0,0.0,0.0,0.0,0.0,0.0,0,0,0,0.0,0.0,atr_break_2e7db729,GBPJPY,atr_break,A×6.0,A×1.5,newyork,True,True,False,60,10.0,2.0,0.0,,,,
1.0915,43.43,1.19,0.0,0.39,161.2,99,7,8,0.0039,1.4215,atr_break_2959762f,GBPJPY,atr_break,A×2.0,A×0.7,london,False,True,True,60,5.0,1.0,2.7,,,,
0.0,0.0,0.0,0.0,0.0,0.0,0,0,0,0.0,0.0,atr_break_db373651,GBPJPY,atr_break,A×3.0,A×1.5,newyork,True,False,True,30,5.0,2.5,0.0,,,,
0.0,0.0,0.0,0.0,0.0,0.0,0,0,0,0.0,0.0,atr_break_4c9a0628,GBPJPY,atr_break,A×2.0,A×0.7,newyork,True,True,True,120,16.0,1.8,0.0,,,,
0.2571,28.57,0.36,0.0,-0.29,625.7,7,4,1,-0.0413,0.6427,atr_break_cc8cb6bb,GBPJPY,atr_break,A×3.0,A×1.0,london,True,False,True,0,7.0,1.2,10.4,,,,
1.0669,43.52,2.48,0.0,0.77,216.1,216,8,7,0.0036,1.3847,atr_break_5f16ab0a,GBPJPY,atr_break,A×3.0,A×1.0,london,True,True,True,120,14.0,0.8,3.6,,,,
0.0,0.0,0.0,0.0,0.0,0.0,0,0,0,0.0,0.0,atr_break_b6560c44,GBPJPY,atr_break,A×4.0,A×1.5,london,False,True,True,60,14.0,2.5,0.0,,,,
0.0,0.0,0.0,0.0,0.0,0.0,0,0,0,0.0,0.0,atr_break_f31f852f,GBPJPY,atr_break,A×3.0,A×0.7,london,True,True,False,60,12.0,2.5,0.0,,,,
1.4511,54.72,0.74,0.0,1.29,295.5,53,4,5,0.0243,1.2009,atr_break_beef6a93,GBPJPY,atr_break,A×3.0,A×1.5,london,True,True,True,120,14.0,1.0,4.9,,,,
0.0,0.0,0.0,0.0,0.0,0.0,0,0,0,0.0,0.0,atr_break_e71683aa,GBPJPY,atr_break,A×5.0,A×2.0,london,True,True,True,0,12.0,2.5,0.0,,,,
0.8997,39.25,3.19,0.0,-2.32,223.7,400,11,5,-0.0058,1.3925,atr_break_8bdde451,GBPJPY,atr_break,A×2.5,A×1.0,london,False,False,True,120,5.0,0.8,3.7,,,,
0.0,0.0,0.0,0.0,0.0,0.0,0,0,0,0.0,0.0,atr_break_26177852,GBPJPY,atr_break,A×3.0,A×1.0,london,True,True,True,0,12.0,1.8,0.0,,,,
0.0,0.0,0.0,0.0,0.0,0.0,0,0,0,0.0,0.0,atr_break_b91a6cae,GBPJPY,atr_break,A×2.5,A×1.0,newyork,False,True,True,0,5.0,2.0,0.0,,,,
0.0,0.0,0.0,0.0,0.0,0.0,0,0,0,0.0,0.0,atr_break_c6ef3546,GBPJPY,atr_break,A×2.5,A×1.0,newyork,True,True,True,60,5.0,1.8,0.0,,,,
0.424,40.0,0.44,0.0,-0.44,216.0,15,3,3,-0.0291,0.6361,atr_break_754bc6d6,GBPJPY,atr_break,A×4.0,A×1.0,newyork,True,True,True,120,16.0,1.2,3.6,,,,
1.3833,70.0,0.36,0.0,0.14,324.0,10,3,4,0.0138,0.5929,atr_break_752343c5,GBPJPY,atr_break,A×5.0,A×1.5,london,True,True,True,60,14.0,1.2,5.4,,,,
0.0,0.0,0.0,0.0,0.0,0.0,0,0,0,0.0,0.0,atr_break_e7cdc243,GBPJPY,atr_break,A×3.0,A×1.5,newyork,False,False,True,0,8.0,2.0,0.0,,,,
1.9952,62.5,0.76,0.0,2.08,272.5,48,3,5,0.0433,1.1971,atr_break_4ab87042,GBPJPY,atr_break,A×5.0,A×1.5,newyork,True,True,True,30,7.0,1.0,4.5,,,,
0.0,0.0,0.0,0.0,0.0,0.0,0,0,0,0.0,0.0,atr_break_15860443,GBPJPY,atr_break,A×3.0,A×1.0,newyork,True,False,True,60,20.0,2.5,0.0,,,,
1.3263,45.45,0.82,0.0,0.82,217.1,55,6,4,0.0149,1.5916,atr_break_0ee74b65,GBPJPY,atr_break,A×2.5,A×1.0,london,True,True,True,0,8.0,1.0,3.6,,,,
0.0,0.0,0.0,0.0,0.0,0.0,0,0,0,0.0,0.0,atr_break_e3ef86a4,GBPJPY,atr_break,A×5.0,A×1.5,london,True,False,True,120,12.0,1.5,0.0,,,,
1.0257,30.65,4.63,0.0,0.63,229.8,447,10,6,0.0014,2.3209,atr_break_5fb0a3d8,GBPJPY,atr_break,A×2.0,A×0.7,london,False,False,True,60,16.0,0.8,3.8,,,,
1.0607,25.51,3.45,0.0,0.57,608.6,98,13,4,0.0059,3.0973,atr_break_fa68d7b9,GBPJPY,atr_break,A×2.5,A×1.0,london,False,False,False,60,16.0,1.0,10.1,,,,
0.0,0.0,0.0,0.0,0.0,0.0,0,0,0,0.0,0.0,atr_break_57d0d7fd,GBPJPY,atr_break,A×5.0,A×1.5,london,True,True,False,60,20.0,2.0,0.0,,,,
0.0,0.0,0.0,0.0,0.0,0.0,0,0,0,0.0,0.0,atr_break_7d6c820b,GBPJPY,atr_break,A×2.5,A×1.0,london,True,False,True,30,20.0,1.8,0.0,,,,
0.0,0.0,0.0,0.0,0.0,0.0,0,0,0,0.0,0.0,atr_break_c86973b8,GBPJPY,atr_break,A×4.0,A×1.0,newyork,False,True,True,0,5.0,2.0,0.0,,,,
0.0,0.0,0.0,0.0,0.0,0.0,0,0,0,0.0,0.0,atr_break_8b26e40e,GBPJPY,atr_break,A×2.5,A×1.0,london,True,True,True,30,5.0,2.5,0.0,,,,
0.0,0.0,0.09,0.0,-0.09,300.0,1,1,0,-0.086,0.0,atr_break_d566129e,GBPJPY,atr_break,A×2.0,A×0.7,newyork,True,False,True,30,7.0,1.5,5.0,,,,
0.0,0.0,0.0,0.0,0.0,0.0,0,0,0,0.0,0.0,atr_break_c71014b5,GBPJPY,atr_break,A×5.0,A×1.5,london,True,True,True,120,8.0,2.0,0.0,,,,
inf,100.0,0.0,0.0,0.01,180.0,1,0,1,0.012,0.0,atr_break_e15f938f,GBPJPY,atr_break,A×4.0,A×1.0,newyork,True,True,True,120,7.0,1.5,3.0,,,,
0.0,0.0,0.0,0.0,0.0,0.0,0,0,0,0.0,0.0,atr_break_5f71cb11,GBPJPY,atr_break,A×3.0,A×0.7,london,False,True,True,60,5.0,2.0,0.0,,,,
0.0,0.0,0.0,0.0,0.0,0.0,0,0,0,0.0,0.0,atr_break_345e8044,GBPJPY,atr_break,A×2.5,A×1.0,london,True,True,True,60,10.0,1.8,0.0,,,,
0.0,0.0,0.09,0.0,-0.09,300.0,1,1,0,-0.086,0.0,atr_break_d65d8c46,GBPJPY,atr_break,A×4.0,A×1.0,newyork,False,False,True,0,7.0,1.5,5.0,,,,
0.0,0.0,0.0,0.0,0.0,0.0,0,0,0,0.0,0.0,atr_break_cff59ea4,GBPJPY,atr_break,A×3.0,A×0.7,newyork,True,True,True,30,12.0,2.5,0.0,,,,
0.0,0.0,0.0,0.0,0.0,0.0,0,0,0,0.0,0.0,atr_break_3df03283,GBPJPY,atr_break,A×4.0,A×1.0,london,True,False,False,0,5.0,2.5,0.0,,,,
1.0823,45.1,1.07,0.0,0.23,265.9,51,6,4,0.0045,1.3176,atr_break_742c5f84,GBPJPY,atr_break,A×3.0,A×1.0,london,True,True,False,60,10.0,1.0,4.4,,,,
0.0,0.0,0.0,0.0,0.0,0.0,0,0,0,0.0,0.0,atr_break_fe8ae184,GBPJPY,atr_break,A×3.0,A×1.5,london,True,True,True,30,5.0,1.5,0.0,,,,
0.8138,46.97,1.27,0.0,-0.54,134.5,66,5,3,-0.0082,0.9188,hilo_break_a0834aaa,GBPJPY,hilo_break,A×2.0,A×0.7,london,False,True,True,0,,,2.2,15.0,2.0,,
0.8775,23.53,3.63,0.0,-1.71,512.5,153,10,3,-0.0112,2.8517,hilo_break_f9921215,GBPJPY,hilo_break,A×2.5,A×1.0,newyork,True,False,False,120,,,8.5,20.0,1.0,,
0.8539,34.88,6.12,0.01,-3.33,716.9,215,11,4,-0.0155,1.5939,hilo_break_4f1ab27b,GBPJPY,hilo_break,A×5.0,A×2.0,newyork,True,False,True,120,,,11.9,12.0,1.0,,
1.1614,23.68,0.5,0.0,0.42,258.9,38,5,1,0.0109,3.7422,hilo_break_c642b73b,GBPJPY,hilo_break,A×3.0,A×0.7,newyork,True,False,False,30,,,4.3,10.0,2.0,,
1.4178,57.69,0.95,0.0,1.38,343.8,52,4,8,0.0266,1.0397,hilo_break_00369025,GBPJPY,hilo_break,A×3.0,A×1.5,london,True,True,False,120,,,5.7,7.0,2.0,,
1.0452,49.78,4.49,0.0,1.37,378.3,458,7,9,0.003,1.0544,hilo_break_bada7226,GBPJPY,hilo_break,A×5.0,A×2.0,london,False,False,True,60,,,6.3,12.0,1.0,,
0.7606,42.53,1.88,0.0,-1.05,183.4,87,7,4,-0.0121,1.0279,hilo_break_819b409b,GBPJPY,hilo_break,A×3.0,A×0.7,london,False,True,True,120,,,3.1,10.0,2.0,,
0.8969,46.74,2.81,0.0,-1.1,187.2,184,5,8,-0.006,1.022,hilo_break_1461c5c3,GBPJPY,hilo_break,A×2.5,A×1.0,london,True,True,False,30,,,3.1,20.0,1.0,,
1.1467,38.72,2.4,0.0,1.79,190.4,266,10,7,0.0067,1.8147,hilo_break_b138804d,GBPJPY,hilo_break,A×3.0,A×0.7,london,True,True,False,0,,,3.2,10.0,1.0,,
0.8991,43.18,0.91,0.0,-0.19,143.2,44,6,3,-0.0043,1.183,hilo_break_5d457040,GBPJPY,hilo_break,A×2.0,A×0.7,newyork,False,True,False,60,,,2.4,20.0,2.0,,
0.9059,54.43,5.65,0.01,-2.35,323.5,406,8,8,-0.0058,0.7583,hilo_break_21759e13,GBPJPY,hilo_break,A×5.0,A×2.0,newyork,False,True,True,0,,,5.4,15.0,1.0,,
0.7849,37.01,3.99,0.0,-2.64,150.2,254,13,7,-0.0104,1.3359,hilo_break_7c841f07,GBPJPY,hilo_break,A×2.0,A×0.7,newyork,True,True,False,0,,,2.5,12.0,1.0,,
1.1566,55.07,2.86,0.0,3.81,381.3,414,7,9,0.0092,0.9435,hilo_break_d5572633,GBPJPY,hilo_break,A×5.0,A×1.5,london,True,True,False,60,,,6.4,5.0,1.0,,
0.8121,30.87,9.13,0.01,-4.87,244.3,473,13,6,-0.0103,1.8189,hilo_break_96d55541,GBPJPY,hilo_break,A×3.0,A×0.7,newyork,False,False,True,60,,,4.1,12.0,1.0,,
1.037,44.68,0.72,0.0,0.1,219.6,47,6,4,0.0022,1.2839,hilo_break_3f51dcc3,GBPJPY,hilo_break,A×3.0,A×1.0,london,True,True,False,60,,,3.7,10.0,2.0,,
1.2197,50.0,1.49,0.0,0.6,410.0,36,5,3,0.0166,1.2197,hilo_break_3b5fba26,GBPJPY,hilo_break,A×3.0,A×1.5,newyork,False,True,False,0,,,6.8,25.0,2.0,,
0.5229,35.29,0.89,0.0,-0.59,285.9,17,7,2,-0.0349,0.9586,hilo_break_bfb9b676,GBPJPY,hilo_break,A×4.0,A×1.5,newyork,True,True,True,0,,,4.8,25.0,2.0,,
0.9508,46.58,3.58,0.0,-0.89,277.1,322,9,8,-0.0028,1.0903,hilo_break_6e1314ad,GBPJPY,hilo_break,A×4.0,A×1.5,newyork,True,False,True,60,,,4.6,7.0,1.0,,
1.1506,45.45,0.74,0.0,0.22,169.1,33,5,2,0.0067,1.3807,hilo_break_0942ffe2,GBPJPY,hilo_break,A×3.0,A×0.7,london,True,True,False,30,,,2.8,15.0,2.0,,
0.9282,39.25,7.43,0.01,-2.38,183.2,693,10,6,-0.0034,1.4367,hilo_break_e5397e89,GBPJPY,hilo_break,A×3.0,A×0.7,london,False,True,True,60,,,3.1,7.0,1.0,,
1.0884,49.28,2.2,0.0,0.53,186.5,138,7,8,0.0039,1.1205,hilo_break_07dff94f,GBPJPY,hilo_break,A×3.0,A×0.7,london,False,True,True,60,,,3.1,5.0,2.0,,
0.9631,53.09,3.5,0.0,-0.49,319.2,194,5,7,-0.0025,0.8509,hilo_break_abb46d2b,GBPJPY,hilo_break,A×6.0,A×1.5,london,True,True,True,0,,,5.3,15.0,1.0,,
1.6364,42.86,2.12,0.0,4.35,2255.7,42,6,2,0.1036,2.1819,hilo_break_ed739745,GBPJPY,hilo_break,A×5.0,A×2.0,newyork,False,False,False,60,,,37.6,20.0,2.0,,
1.6138,52.63,0.56,0.0,1.51,213.7,57,6,4,0.0265,1.4524,hilo_break_b87f035e,GBPJPY,hilo_break,A×3.0,A×1.0,newyork,True,True,False,120,,,3.6,5.0,2.0,,
1.1051,24.29,1.1,0.0,0.45,306.0,70,9,2,0.0064,3.4453,hilo_break_6ba5a310,GBPJPY,hilo_break,A×3.0,A×0.7,london,True,False,True,0,,,5.1,5.0,2.0,,
1.0839,36.36,0.59,0.0,0.08,166.4,22,6,2,0.0038,1.8969,hilo_break_133698af,GBPJPY,hilo_break,A×3.0,A×0.7,newyork,True,True,True,60,,,2.8,20.0,2.0,,
0.8722,42.2,3.78,0.0,-1.93,154.2,346,9,6,-0.0056,1.1949,hilo_break_fca4c090,GBPJPY,hilo_break,A×3.0,A×0.7,newyork,False,True,True,120,,,2.6,25.0,1.0,,
1.1448,34.72,1.84,0.0,0.65,264.2,72,9,5,0.0091,2.1521,hilo_break_40db661c,GBPJPY,hilo_break,A×3.0,A×1.0,london,True,False,True,30,,,4.4,5.0,2.0,,
1.0926,26.99,4.43,0.0,2.99,1449.8,226,11,3,0.0132,2.9554,hilo_break_5549e462,GBPJPY,hilo_break,A×6.0,A×1.5,newyork,True,False,False,60,,,24.2,7.0,1.0,,
0.9767,56.67,1.7,0.0,-0.18,227.6,150,6,7,-0.0012,0.7469,hilo_break_cea3e8ba,GBPJPY,hilo_break,A×4.0,A×1.5,newyork,True,True,True,120,,,3.8,25.0,1.0,,
0.9414,54.88,2.93,0.0,-0.95,325.6,246,6,9,-0.0038,0.7741,hilo_break_8bd9d171,GBPJPY,hilo_break,A×5.0,A×2.0,london,True,True,True,60,,,5.4,12.0,1.0,,
0.9877,49.75,7.82,0.01,-0.58,274.4,800,9,8,-0.0007,0.9976,hilo_break_b002c923,GBPJPY,hilo_break,A×4.0,A×1.5,london,False,True,True,0,,,4.6,5.0,1.0,,
0.9767,52.31,1.1,0.0,-0.08,258.5,65,4,5,-0.0013,0.8905,hilo_break_cdd9615e,GBPJPY,hilo_break,A×4.0,A×1.0,london,False,True,True,120,,,4.3,15.0,2.0,,
0.8974,40.91,0.61,0.0,-0.13,283.6,22,3,2,-0.006,1.2963,hilo_break_6d561fb0,GBPJPY,hilo_break,A×5.0,A×1.5,newyork,True,True,True,120,,,4.7,20.0,2.0,,
1.017,36.22,3.65,0.0,0.55,562.7,381,10,5,0.0014,1.7908,hilo_break_b4433e38,GBPJPY,hilo_break,A×3.0,A×1.5,london,True,False,True,0,,,9.4,5.0,1.0,,
1.2797,56.93,1.13,0.0,1.77,200.6,137,5,10,0.0129,0.968,hilo_break_989eabaa,GBPJPY,hilo_break,A×3.0,A×1.0,london,False,True,True,60,,,3.3,5.0,2.0,,
0.9327,56.69,5.44,0.01,-1.65,325.1,411,6,12,-0.004,0.7125,hilo_break_8e35ddab,GBPJPY,hilo_break,A×3.0,A×1.5,newyork,False,True,False,30,,,5.4,15.0,1.0,,
0.9357,45.45,1.06,0.0,-0.22,163.6,77,6,4,-0.0029,1.1228,hilo_break_df096af6,GBPJPY,hilo_break,A×2.0,A×0.7,london,False,True,True,120,,,2.7,12.0,2.0,,
0.8197,39.44,9.54,0.01,-7.43,157.6,885,10,5,-0.0084,1.2589,hilo_break_57a832a2,GBPJPY,hilo_break,A×2.0,A×0.7,london,False,True,True,0,,,2.6,5.0,1.0,,
0.925,39.47,2.55,0.0,-0.92,152.3,266,10,4,-0.0035,1.4183,hilo_break_b2354893,GBPJPY,hilo_break,A×2.0,A×0.7,london,True,True,True,120,,,2.5,12.0,1.0,,
0.9631,37.46,6.06,0.01,-0.67,342.3,299,10,4,-0.0022,1.6081,hilo_break_055e3903,GBPJPY,hilo_break,A×4.0,A×1.0,newyork,False,False,True,120,,,5.7,25.0,1.0,,
1.0061,55.45,3.73,0.0,0.12,294.4,330,6,8,0.0004,0.8082,hilo_break_06777e6c,GBPJPY,hilo_break,A×6.0,A×1.5,london,False,True,True,30,,,4.9,25.0,1.0,,
1.396,42.42,1.65,0.0,3.09,1230.0,66,7,5,0.0468,1.8946,hilo_break_80ddd660,GBPJPY,hilo_break,A×3.0,A×1.5,london,True,False,False,60,,,20.5,5.0,2.0,,
0.9122,35.0,7.34,0.01,-4.92,668.1,580,13,8,-0.0085,1.694,hilo_break_d7c78af4,GBPJPY,hilo_break,A×3.0,A×1.5,newyork,False,False,True,30,,,11.1,5.0,1.0,,
2.0564,56.0,0.68,0.0,2.25,379.2,50,6,5,0.045,1.6157,hilo_break_57debe3f,GBPJPY,hilo_break,A×5.0,A×2.0,london,False,False,True,0,,,6.3,25.0,2.0,,
0.8869,22.0,2.12,0.0,-0.59,642.0,50,14,2,-0.0118,3.1445,hilo_break_c547371c,GBPJPY,hilo_break,A×2.5,A×1.0,london,False,False,False,0,,,10.7,25.0,2.0,,
0.963,24.31,3.71,0.0,-0.85,460.2,255,20,3,-0.0033,2.9978,hilo_break_f82da09f,GBPJPY,hilo_break,A×2.5,A×1.0,london,True,False,False,0,,,7.7,10.0,1.0,,
1.2282,33.33,1.9,0.0,0.84,1266.7,27,7,2,0.031,2.4563,hilo_break_c3a3fc87,GBPJPY,hilo_break,A×4.0,A×1.5,london,True,False,False,60,,,21.1,20.0,2.0,,
0.7935,43.24,0.97,0.0,-0.36,142.7,37,5,3,-0.0098,1.0415,hilo_break_1b261332,GBPJPY,hilo_break,A×2.0,A×0.7,newyork,False,True,True,120,,,2.4,25.0,2.0,,
1.2093,42.11,0.41,0.0,0.34,143.7,38,3,2,0.0091,1.6628,hilo_break_b5b3f702,GBPJPY,hilo_break,A×2.0,A×0.7,newyork,True,False,True,0,,,2.4,10.0,2.0,,
1.0075,52.17,0.62,0.0,0.01,208.7,23,3,3,0.0003,0.9235,hilo_break_c4ab2569,GBPJPY,hilo_break,A×4.0,A×1.0,london,True,True,True,60,,,3.5,25.0,2.0,,
1.53,55.56,0.39,0.0,0.83,218.3,36,2,4,0.0231,1.224,hilo_break_23f794a2,GBPJPY,hilo_break,A×3.0,A×1.0,london,True,True,True,60,,,3.6,12.0,2.0,,
1.2263,63.79,1.25,0.0,0.71,456.2,58,5,8,0.0122,0.696,hilo_break_01f007b6,GBPJPY,hilo_break,A×5.0,A×2.0,newyork,True,True,False,60,,,7.6,5.0,2.0,,
0.884,27.64,7.77,0.01,-3.54,477.6,369,13,6,-0.0096,2.3139,hilo_break_c18dfdd8,GBPJPY,hilo_break,A×2.5,A×1.0,newyork,False,False,True,60,,,8.0,15.0,1.0,,
0.8204,39.43,6.84,0.01,-3.89,160.6,454,12,6,-0.0086,1.2604,hilo_break_a8cb59f4,GBPJPY,hilo_break,A×2.0,A×0.7,london,False,True,True,30,,,2.7,15.0,1.0,,
1.0268,52.44,0.98,0.0,0.11,203.4,82,6,7,0.0013,0.9313,hilo_break_ab961a38,GBPJPY,hilo_break,A×4.0,A×1.0,london,True,True,True,0,,,3.4,5.0,2.0,,
0.6641,37.92,7.82,0.01,-6.64,354.0,269,10,6,-0.0247,1.0873,hilo_break_67613267,GBPJPY,hilo_break,A×5.0,A×1.5,newyork,True,False,True,60,,,5.9,10.0,1.0,,
2.4254,50.0,0.33,0.0,1.39,210.0,30,5,3,0.0465,2.4254,hilo_break_2e5fc8ed,GBPJPY,hilo_break,A×3.0,A×0.7,newyork,True,True,False,120,,,3.5,15.0,2.0,,
1.7224,66.67,0.36,0.0,0.9,360.0,27,2,4,0.0333,0.8612,hilo_break_5f28e7b2,GBPJPY,hilo_break,A×3.0,A×1.5,london,True,True,False,120,,,6.0,20.0,2.0,,
0.8119,48.28,2.48,0.0,-1.43,181.2,145,5,6,-0.0099,0.8699,hilo_break_792c002e,GBPJPY,hilo_break,A×2.5,A×1.0,newyork,True,True,True,30,,,3.0,25.0,1.0,,
1.3805,27.7,3.32,0.0,8.33,2010.0,148,9,3,0.0563,3.6028,hilo_break_62e0d539,GBPJPY,hilo_break,A×5.0,A×1.5,newyork,True,False,False,120,,,33.5,15.0,1.0,,
1.1754,34.21,0.56,0.0,0.36,202.1,38,3,1,0.0094,2.2603,hilo_break_3632df9d,GBPJPY,hilo_break,A×3.0,A×0.7,newyork,True,False,True,0,,,3.4,10.0,2.0,,
0.8385,47.17,1.09,0.0,-0.48,191.3,53,4,5,-0.009,0.9391,hilo_break_b9695f91,GBPJPY,hilo_break,A×2.5,A×1.0,london,False,True,True,0,,,3.2,25.0,2.0,,
0.989,57.41,0.87,0.0,-0.03,257.8,54,4,8,-0.0006,0.7338,hilo_break_0b46f7d7,GBPJPY,hilo_break,A×5.0,A×1.5,london,True,True,True,30,,,4.3,7.0,2.0,,
1.1453,57.69,0.94,0.0,0.44,300.0,52,4,8,0.0085,0.8399,hilo_break_266d7125,GBPJPY,hilo_break,A×5.0,A×2.0,london,True,True,True,120,,,5.0,7.0,2.0,,
1.2895,60.0,0.59,0.0,0.48,257.1,35,3,5,0.0138,0.8597,hilo_break_1a5925a7,GBPJPY,hilo_break,A×5.0,A×1.5,newyork,True,True,True,30,,,4.3,12.0,2.0,,
0.7003,52.78,1.77,0.0,-0.78,360.0,36,3,3,-0.0218,0.6266,hilo_break_b9e423ff,GBPJPY,hilo_break,A×5.0,A×2.0,newyork,False,True,True,30,,,6.0,25.0,2.0,,
1.0175,57.35,1.22,0.0,0.07,283.2,68,4,5,0.001,0.7566,hilo_break_a828ba85,GBPJPY,hilo_break,A×3.0,A×1.5,newyork,False,True,True,0,,,4.7,10.0,2.0,,
0.8004,37.14,4.01,0.0,-3.25,164.2,350,14,7,-0.0093,1.3546,hilo_break_7cb8c0bf,GBPJPY,hilo_break,A×3.0,A×0.7,newyork,True,True,True,60,,,2.7,7.0,1.0,,
1.4841,54.55,0.35,0.0,0.67,201.8,33,2,3,0.0202,1.2367,hilo_break_6194618d,GBPJPY,hilo_break,A×3.0,A×1.0,newyork,True,True,True,60,,,3.4,15.0,2.0,,
0.8697,51.3,2.58,0.0,-1.2,264.9,154,6,7,-0.0078,0.8256,hilo_break_72fe12cf,GBPJPY,hilo_break,A×5.0,A×1.5,newyork,True,False,True,120,,,4.4,20.0,1.0,,
0.8872,36.96,4.59,0.0,-1.92,186.5,349,14,9,-0.0055,1.513,hilo_break_48d3b2f4,GBPJPY,hilo_break,A×3.0,A×0.7,london,True,True,True,60,,,3.1,7.0,1.0,,
1.0288,44.7,3.45,0.0,0.62,182.7,443,9,7,0.0014,1.2731,hilo_break_fe448b9e,GBPJPY,hilo_break,A×4.0,A×1.0,london,True,True,True,60,,,3.0,5.0,1.0,,
0.7543,48.94,8.29,0.01,-6.86,289.9,423,8,13,-0.0162,0.7871,hilo_break_f7ffb850,GBPJPY,hilo_break,A×5.0,A×1.5,newyork,True,True,True,0,,,4.8,5.0,1.0,,
0.8592,47.83,0.89,0.0,-0.36,211.3,46,5,4,-0.0077,0.9373,hilo_break_12940f47,GBPJPY,hilo_break,A×4.0,A×1.0,london,True,True,True,60,,,3.5,10.0,2.0,,
0.941,47.83,0.81,0.0,-0.14,187.8,46,5,4,-0.0031,1.0266,hilo_break_9a4b24d1,GBPJPY,hilo_break,A×3.0,A×1.0,london,True,True,True,30,,,3.1,10.0,2.0,,
0.8108,36.19,9.96,0.01,-6.16,200.1,666,14,8,-0.0092,1.4299,hilo_break_0240a035,GBPJPY,hilo_break,A×3.0,A×0.7,newyork,False,True,False,0,,,3.3,7.0,1.0,,
0.7092,41.43,7.42,0.01,-5.92,214.1,350,10,12,-0.0169,1.0027,hilo_break_ff36c9a1,GBPJPY,hilo_break,A×4.0,A×1.0,newyork,True,True,True,0,,,3.6,7.0,1.0,,
1.2879,50.79,0.65,0.0,0.94,235.2,63,3,5,0.0149,1.2476,hilo_break_ae8019a0,GBPJPY,hilo_break,A×3.0,A×1.0,newyork,False,True,False,120,,,3.9,12.0,2.0,,
1.7474,69.84,1.07,0.0,2.3,508.6,63,3,9,0.0364,0.7546,hilo_break_1b46a381,GBPJPY,hilo_break,A×4.0,A×1.5,london,False,True,False,0,,,8.5,15.0,2.0,,
1.0299,51.16,5.39,0.01,1.42,348.1,817,9,8,0.0017,0.9831,bb_bounce_980c7547,GBPJPY,bb_bounce,A×5.0,A×2.0,newyork,True,False,True,0,,,5.8,,,10.0,1.5
14.7843,88.89,0.05,0.0,0.7,186.7,9,1,7,0.0781,1.848,bb_bounce_20d106e6,GBPJPY,bb_bounce,A×5.0,A×1.5,london,True,False,True,60,,,3.1,,,10.0,2.5
1.2062,65.18,1.65,0.0,1.48,560.9,112,3,7,0.0133,0.6444,bb_bounce_d0bc072e,GBPJPY,bb_bounce,A×5.0,A×2.0,newyork,True,True,False,120,,,9.3,,,25.0,2.5
1.1365,38.74,2.56,0.0,1.52,703.2,111,8,5,0.0137,1.7973,bb_bounce_19d7527f,GBPJPY,bb_bounce,A×5.0,A×2.0,london,True,False,True,0,,,11.7,,,25.0,2.5
0.9586,24.84,10.37,0.01,-3.19,1748.9,463,15,5,-0.0069,2.9009,bb_bounce_190563d8,GBPJPY,bb_bounce,A×4.0,A×1.5,newyork,False,False,False,120,,,29.1,,,14.0,1.5
0.982,35.58,3.39,0.0,-0.4,169.0,475,24,5,-0.0009,1.778,bb_bounce_9a3fa8c0,GBPJPY,bb_bounce,A×3.0,A×0.7,london,True,False,True,60,,,2.8,,,30.0,2.0
1.3561,38.54,1.79,0.0,4.05,1068.1,96,6,3,0.0422,2.1625,bb_bounce_e758a078,GBPJPY,bb_bounce,A×6.0,A×1.5,newyork,True,False,False,30,,,17.8,,,30.0,2.5
0.4615,25.0,0.62,0.0,-0.62,635.0,12,3,2,-0.0519,1.3846,bb_bounce_1ddb3432,GBPJPY,bb_bounce,A×5.0,A×2.0,newyork,True,False,True,30,,,10.6,,,10.0,2.5
0.7938,46.89,20.35,0.02,-19.05,242.9,1672,12,11,-0.0114,0.8991,bb_bounce_8403cc05,GBPJPY,bb_bounce,A×3.0,A×1.0,newyork,False,True,False,30,,,4.0,,,20.0,1.5
1.1646,42.19,3.51,0.0,4.21,800.3,301,7,9,0.014,1.5956,bb_bounce_307220f1,GBPJPY,bb_bounce,A×5.0,A×2.0,newyork,True,False,True,120,,,13.3,,,30.0,2.0
0.9539,36.59,2.9,0.0,-0.41,671.0,82,6,5,-0.005,1.6533,bb_bounce_3a650492,GBPJPY,bb_bounce,A×5.0,A×2.0,london,True,False,True,120,,,11.2,,,20.0,2.5
0.7746,50.62,3.53,0.0,-3.46,268.6,241,9,7,-0.0144,0.7555,bb_bounce_898db5b0,GBPJPY,bb_bounce,A×3.0,A×1.5,newyork,False,True,True,0,,,4.5,,,30.0,2.5
0.7626,30.15,4.23,0.0,-3.66,167.4,272,15,4,-0.0134,1.7669,bb_bounce_1b003616,GBPJPY,bb_bounce,A×2.0,A×0.7,london,False,False,True,120,,,2.8,,,25.0,2.5
0.5808,43.66,2.34,0.0,-2.01,236.6,71,5,3,-0.0284,0.7494,bb_bounce_3d5dd154,GBPJPY,bb_bounce,A×6.0,A×1.5,newyork,True,True,True,120,,,3.9,,,20.0,2.5
0.7953,39.74,11.5,0.01,-10.61,132.7,1155,13,6,-0.0092,1.2059,bb_bounce_19965860,GBPJPY,bb_bounce,A×2.0,A×0.7,newyork,True,True,True,60,,,2.2,,,14.0,1.5
0.6939,49.25,6.05,0.01,-5.23,409.1,199,7,6,-0.0263,0.7151,bb_bounce_1f99b61b,GBPJPY,bb_bounce,A×3.0,A×1.5,london,False,True,True,120,,,6.8,,,20.0,2.5
0.8686,28.34,12.25,0.01,-8.42,463.8,748,15,5,-0.0113,2.196,bb_bounce_f41af612,GBPJPY,bb_bounce,A×2.5,A×1.0,london,False,False,True,60,,,7.7,,,25.0,2.0
1.0237,58.3,3.27,0.0,0.39,381.6,283,6,10,0.0014,0.7321,bb_bounce_5a3b70c2,GBPJPY,bb_bounce,A×5.0,A×2.0,london,True,True,True,0,,,6.4,,,10.0,2.0
0.7207,45.24,12.63,0.01,-12.54,205.1,787,14,7,-0.0159,0.8725,bb_bounce_29a3355f,GBPJPY,bb_bounce,A×2.5,A×1.0,newyork,False,True,True,60,,,3.4,,,14.0,2.0
0.8696,50.49,13.06,0.01,-12.5,316.2,1440,11,11,-0.0087,0.8528,bb_bounce_95920fa0,GBPJPY,bb_bounce,A×3.0,A×1.5,london,False,True,True,120,,,5.3,,,10.0,1.5
0.8695,44.36,4.59,0.0,-2.98,242.0,399,16,6,-0.0075,1.0905,bb_bounce_b85e5221,GBPJPY,bb_bounce,A×2.5,A×1.0,london,True,True,True,60,,,4.0,,,20.0,2.0
0.8262,44.64,15.75,0.02,-15.3,292.7,1512,12,9,-0.0101,1.0245,bb_bounce_76f9f738,GBPJPY,bb_bounce,A×4.0,A×1.0,london,False,True,False,0,,,4.9,,,25.0,1.5
0.8455,46.92,9.34,0.01,-8.73,279.8,910,8,8,-0.0096,0.9564,bb_bounce_22a03843,GBPJPY,bb_bounce,A×3.0,A×1.5,newyork,True,False,True,0,,,4.7,,,14.0,1.5
0.8375,43.14,17.29,0.02,-14.43,502.9,1115,9,7,-0.0129,1.1038,bb_bounce_dacb0f71,GBPJPY,bb_bounce,A×5.0,A×2.0,newyork,False,False,True,30,,,8.4,,,14.0,1.5
0.893,47.55,3.08,0.0,-2.32,280.4,368,5,7,-0.0063,0.9848,bb_bounce_ddc4ae06,GBPJPY,bb_bounce,A×5.0,A×1.5,newyork,True,False,True,120,,,4.7,,,30.0,2.0
0.8019,50.0,1.75,0.0,-1.07,305.0,84,7,5,-0.0127,0.8019,bb_bounce_cf2b95a6,GBPJPY,bb_bounce,A×3.0,A×1.5,london,True,True,False,120,,,5.1,,,20.0,2.5
0.9186,41.99,4.25,0.0,-1.42,275.9,281,9,6,-0.005,1.2689,bb_bounce_99c87804,GBPJPY,bb_bounce,A×4.0,A×1.0,newyork,True,True,True,60,,,4.6,,,10.0,2.0
0.9488,18.71,3.06,0.0,-1.37,409.2,417,22,3,-0.0033,4.1237,bb_bounce_4e9dadf4,GBPJPY,bb_bounce,A×3.0,A×0.7,london,True,False,False,120,,,6.8,,,25.0,2.0
0.7839,54.14,12.14,0.01,-11.27,474.2,665,10,8,-0.017,0.6641,bb_bounce_a2d4ef36,GBPJPY,bb_bounce,A×4.0,A×1.5,london,False,True,False,0,,,7.9,,,25.0,2.0
1.0,58.62,0.45,0.0,0.0,283.4,29,3,5,0.0,0.7059,bb_bounce_4ca9a58f,GBPJPY,bb_bounce,A×5.0,A×1.5,newyork,False,True,True,0,,,4.7,,,10.0,2.5
0.9644,16.86,9.76,0.01,-2.31,2536.6,344,23,3,-0.0067,4.7557,bb_bounce_15f9453f,GBPJPY,bb_bounce,A×6.0,A×1.5,london,False,False,False,0,,,42.3,,,30.0,1.5
0.9863,45.86,2.87,0.0,-0.31,223.7,423,9,7,-0.0007,1.1643,bb_bounce_9de46e9d,GBPJPY,bb_bounce,A×2.5,A×1.0,newyork,True,True,True,30,,,3.7,,,25.0,2.0
0.767,41.78,12.31,0.01,-12.25,242.7,943,11,7,-0.013,1.0688,bb_bounce_204abb2d,GBPJPY,bb_bounce,A×4.0,A×1.0,london,True,True,False,0,,,4.0,,,30.0,1.5
1.0005,36.92,2.63,0.0,0.0,470.8,65,8,4,0.0,1.7091,bb_bounce_71666502,GBPJPY,bb_bounce,A×3.0,A×1.5,newyork,True,False,True,30,,,7.8,,,20.0,2.5
0.9063,38.53,3.96,0.0,-1.77,432.2,231,8,6,-0.0076,1.446,bb_bounce_5676647e,GBPJPY,bb_bounce,A×3.0,A×1.5,newyork,False,False,True,120,,,7.2,,,25.0,2.5
0.8286,27.53,18.03,0.02,-16.25,534.8,1126,17,5,-0.0144,2.181,bb_bounce_c7f605f6,GBPJPY,bb_bounce,A×4.0,A×1.0,london,False,False,True,0,,,8.9,,,20.0,1.5
0.9251,25.55,10.26,0.01,-4.16,242.6,963,20,4,-0.0043,2.6962,bb_bounce_67964d79,GBPJPY,bb_bounce,A×2.0,A×0.7,newyork,True,False,False,60,,,4.0,,,10.0,1.5
0.7287,42.86,0.49,0.0,-0.23,214.3,14,5,4,-0.0166,0.9715,bb_bounce_4cc04cda,GBPJPY,bb_bounce,A×4.0,A×1.5,newyork,True,True,True,60,,,3.6,,,10.0,2.5
0.7052,40.48,2.16,0.0,-1.7,249.3,84,8,4,-0.0202,1.037,bb_bounce_a2c2ea3d,GBPJPY,bb_bounce,A×3.0,A×1.5,london,True,True,True,120,,,4.2,,,20.0,2.5
0.5255,31.33,2.39,0.0,-2.23,131.6,83,8,3,-0.0269,1.1522,bb_bounce_e7dcc942,GBPJPY,bb_bounce,A×3.0,A×0.7,london,True,True,True,60,,,2.2,,,20.0,2.5
0.8638,42.67,13.7,0.01,-11.28,1370.6,539,9,7,-0.0209,1.1605,bb_bounce_ae632e77,GBPJPY,bb_bounce,A×5.0,A×2.0,newyork,False,False,False,30,,,22.8,,,10.0,1.5
0.7702,43.34,12.42,0.01,-12.12,247.7,909,9,8,-0.0133,1.0068,bb_bounce_3fa9a4d6,GBPJPY,bb_bounce,A×4.0,A×1.0,london,True,True,True,30,,,4.1,,,20.0,1.5
0.9875,37.07,3.96,0.0,-0.27,623.9,259,11,6,-0.0011,1.6767,bb_bounce_0288bb10,GBPJPY,bb_bounce,A×5.0,A×1.5,london,True,False,True,30,,,10.4,,,10.0,2.0
4.0236,77.78,0.13,0.0,0.38,180.0,9,2,6,0.0427,1.1496,bb_bounce_2a109d33,GBPJPY,bb_bounce,A×2.0,A×0.7,london,True,True,True,30,,,3.0,,,10.0,2.5
0.7918,37.89,10.6,0.01,-10.42,128.9,1111,11,7,-0.0094,1.2977,bb_bounce_858a492c,GBPJPY,bb_bounce,A×2.0,A×0.7,london,True,True,True,30,,,2.1,,,20.0,1.5
0.9101,35.96,7.71,0.01,-4.87,667.1,623,15,4,-0.0078,1.6211,bb_bounce_2d916059,GBPJPY,bb_bounce,A×5.0,A×1.5,london,True,False,True,120,,,11.1,,,10.0,1.5
1.0672,54.73,1.57,0.0,1.06,285.0,296,8,11,0.0036,0.8828,bb_bounce_d421299d,GBPJPY,bb_bounce,A×5.0,A×1.5,london,True,True,True,0,,,4.8,,,10.0,2.0
1.1023,57.26,2.6,0.0,2.16,331.2,379,5,8,0.0057,0.8229,bb_bounce_e972a1b6,GBPJPY,bb_bounce,A×3.0,A×1.5,newyork,True,True,False,60,,,5.5,,,25.0,2.0
0.7955,43.61,7.45,0.01,-6.97,188.6,610,8,9,-0.0114,1.0287,bb_bounce_63af2bfa,GBPJPY,bb_bounce,A×3.0,A×1.0,newyork,False,True,True,30,,,3.1,,,10.0,2.0
0.7794,54.12,9.98,0.01,-9.79,375.1,691,7,8,-0.0142,0.6606,bb_bounce_1d0cd811,GBPJPY,bb_bounce,A×6.0,A×1.5,newyork,False,True,True,0,,,6.3,,,30.0,2.0
0.8753,36.64,4.63,0.0,-2.99,277.1,393,13,6,-0.0076,1.5136,bb_bounce_98dc315b,GBPJPY,bb_bounce,A×2.5,A×1.0,newyork,True,False,True,120,,,4.6,,,30.0,2.0
0.8019,42.81,4.17,0.0,-3.33,281.3,299,7,6,-0.0111,1.0713,bb_bounce_6180d4ae,GBPJPY,bb_bounce,A×4.0,A×1.0,newyork,True,True,False,60,,,4.7,,,10.0,2.0
1.105,52.29,1.85,0.0,0.85,365.5,109,8,7,0.0078,1.0081,bb_bounce_b27af868,GBPJPY,bb_bounce,A×5.0,A×2.0,london,True,True,True,30,,,6.1,,,30.0,2.5
0.9939,54.13,4.22,0.0,-0.27,311.8,763,7,9,-0.0004,0.8423,bb_bounce_4e9547c4,GBPJPY,bb_bounce,A×6.0,A×1.5,newyork,True,True,True,60,,,5.2,,,30.0,1.5
0.9423,45.88,3.94,0.0,-1.32,219.2,425,8,6,-0.0031,1.1115,bb_bounce_0cba7774,GBPJPY,bb_bounce,A×2.5,A×1.0,newyork,True,True,True,120,,,3.7,,,25.0,2.0
0.8094,43.16,5.89,0.01,-4.85,235.5,424,8,7,-0.0114,1.066,bb_bounce_5e90f205,GBPJPY,bb_bounce,A×2.5,A×1.0,london,True,True,True,120,,,3.9,,,25.0,2.0
0.9733,47.06,2.13,0.0,-0.12,272.6,68,7,4,-0.0018,1.095,bb_bounce_5016f3f9,GBPJPY,bb_bounce,A×4.0,A×1.5,newyork,True,True,True,0,,,4.5,,,14.0,2.5
0.9745,38.1,1.84,0.0,-0.16,152.4,126,11,8,-0.0013,1.5835,bb_bounce_29eefb2f,GBPJPY,bb_bounce,A×2.0,A×0.7,london,True,True,True,30,,,2.5,,,25.0,2.5
1.0317,36.05,4.19,0.0,0.6,276.5,294,10,6,0.002,1.8298,bb_bounce_f3038fa1,GBPJPY,bb_bounce,A×2.5,A×1.0,newyork,True,False,True,0,,,4.6,,,10.0,2.0
1.0258,46.35,2.52,0.0,0.53,214.5,397,7,6,0.0013,1.1875,bb_bounce_5c6ca166,GBPJPY,bb_bounce,A×4.0,A×1.0,newyork,True,True,True,60,,,3.6,,,25.0,2.0
0.9574,51.52,2.48,0.0,-0.99,241.5,396,8,10,-0.0025,0.9011,bb_bounce_02c14800,GBPJPY,bb_bounce,A×3.0,A×1.5,london,True,True,True,120,,,4.0,,,25.0,2.0
0.835,36.88,3.83,0.0,-3.36,140.9,442,22,5,-0.0076,1.4293,bb_bounce_eb41bd2d,GBPJPY,bb_bounce,A×2.0,A×0.7,london,True,True,True,60,,,2.3,,,20.0,2.0
1.0649,45.37,1.35,0.0,0.4,278.9,108,5,4,0.0037,1.2822,bb_bounce_bce31056,GBPJPY,bb_bounce,A×4.0,A×1.0,newyork,True,True,True,60,,,4.6,,,30.0,2.5
0.7293,16.13,16.61,0.02,-15.73,1956.1,341,20,4,-0.0461,3.7923,bb_bounce_4396754b,GBPJPY,bb_bounce,A×6.0,A×1.5,london,True,False,False,120,,,32.6,,,20.0,1.5
0.7989,40.32,20.63,0.02,-19.22,429.5,1245,9,7,-0.0154,1.1824,bb_bounce_8505c3d7,GBPJPY,bb_bounce,A×4.0,A×1.5,newyork,False,False,True,120,,,7.2,,,14.0,1.5
0.802,45.32,7.92,0.01,-6.83,252.9,587,8,10,-0.0116,0.9679,bb_bounce_909f087a,GBPJPY,bb_bounce,A×4.0,A×1.0,newyork,False,True,True,120,,,4.2,,,10.0,2.0
0.8062,43.75,1.5,0.0,-1.08,221.2,96,9,6,-0.0113,1.0365,bb_bounce_28afa0ca,GBPJPY,bb_bounce,A×2.5,A×1.0,newyork,True,True,False,60,,,3.7,,,20.0,2.5
0.8797,37.04,10.46,0.01,-6.67,626.7,621,11,8,-0.0107,1.4956,bb_bounce_a262a48d,GBPJPY,bb_bounce,A×4.0,A×1.5,newyork,True,False,True,60,,,10.4,,,30.0,1.5
0.9316,54.53,5.93,0.01,-3.25,303.1,783,6,9,-0.0042,0.7767,bb_bounce_c3a3c0a0,GBPJPY,bb_bounce,A×3.0,A×1.5,newyork,True,True,True,30,,,5.1,,,25.0,1.5
0.8412,52.99,7.15,0.01,-6.01,330.2,568,8,9,-0.0106,0.7462,bb_bounce_8e834b15,GBPJPY,bb_bounce,A×3.0,A×1.5,newyork,False,True,True,30,,,5.5,,,10.0,2.0
0.0,0.0,0.0,0.0,0.0,0.0,0,0,0,0.0,0.0,atr_break_5f737d01,USDJPY,atr_break,A×4.0,A×1.5,london,True,False,True,120,20.0,1.8,0.0,,,,
0.4985,28.57,0.87,0.0,-0.85,194.3,42,9,2,-0.0203,1.2463,atr_break_ad193c09,USDJPY,atr_break,A×4.0,A×1.0,newyork,True,True,True,30,14.0,1.0,3.2,,,,
0.0,0.0,0.0,0.0,0.0,0.0,0,0,0,0.0,0.0,atr_break_b735bdea,USDJPY,atr_break,A×3.0,A×0.7,london,True,True,True,120,14.0,2.0,0.0,,,,
0.0,0.0,0.06,0.0,-0.06,900.0,1,1,0,-0.062,0.0,atr_break_5b21f694,USDJPY,atr_break,A×5.0,A×1.5,london,True,True,True,0,12.0,1.5,15.0,,,,
1.8301,58.97,0.29,0.0,0.95,315.4,39,2,4,0.0243,1.2731,atr_break_c438674a,USDJPY,atr_break,A×5.0,A×1.5,london,True,True,True,30,10.0,1.0,5.3,,,,
0.0,0.0,0.0,0.0,0.0,0.0,0,0,0,0.0,0.0,atr_break_7c33919f,USDJPY,atr_break,A×3.0,A×0.7,london,True,True,True,30,12.0,2.0,0.0,,,,
0.0,0.0,0.0,0.0,0.0,0.0,0,0,0,0.0,0.0,atr_break_44176cb9,USDJPY,atr_break,A×3.0,A×0.7,newyork,True,True,True,0,16.0,1.8,0.0,,,,
0.0,0.0,0.0,0.0,0.0,0.0,0,0,0,0.0,0.0,atr_break_4f4c5826,USDJPY,atr_break,A×5.0,A×2.0,newyork,True,False,True,30,20.0,2.0,0.0,,,,
0.0,0.0,0.0,0.0,0.0,0.0,0,0,0,0.0,0.0,atr_break_310c7290,USDJPY,atr_break,A×3.0,A×1.5,london,True,False,True,120,10.0,1.8,0.0,,,,
0.0,0.0,0.0,0.0,0.0,0.0,0,0,0,0.0,0.0,atr_break_8fdd3460,USDJPY,atr_break,A×3.0,A×1.0,newyork,False,True,True,30,16.0,2.5,0.0,,,,
0.0,0.0,0.0,0.0,0.0,0.0,0,0,0,0.0,0.0,atr_break_231e0239,USDJPY,atr_break,A×4.0,A×1.5,london,True,True,True,120,16.0,2.5,0.0,,,,
0.0,0.0,0.0,0.0,0.0,0.0,0,0,0,0.0,0.0,atr_break_ece8bf9c,USDJPY,atr_break,A×4.0,A×1.5,newyork,True,True,True,60,14.0,1.5,0.0,,,,
0.0,0.0,0.0,0.0,0.0,0.0,0,0,0,0.0,0.0,atr_break_3e94010b,USDJPY,atr_break,A×4.0,A×1.0,london,True,False,True,120,20.0,2.0,0.0,,,,
0.0,0.0,0.0,0.0,0.0,0.0,0,0,0,0.0,0.0,atr_break_d849a197,USDJPY,atr_break,A×2.5,A×1.0,london,True,False,True,60,7.0,1.5,0.0,,,,
0.0,0.0,0.0,0.0,0.0,0.0,0,0,0,0.0,0.0,atr_break_d6334892,USDJPY,atr_break,A×5.0,A×1.5,london,True,True,False,30,5.0,2.5,0.0,,,,
0.0,0.0,0.0,0.0,0.0,0.0,0,0,0,0.0,0.0,atr_break_d3ec35a6,USDJPY,atr_break,A×3.0,A×1.0,newyork,False,False,True,0,16.0,2.0,0.0,,,,
0.0,0.0,0.0,0.0,0.0,0.0,0,0,0,0.0,0.0,atr_break_5faa0639,USDJPY,atr_break,A×3.0,A×0.7,london,False,True,True,30,16.0,1.8,0.0,,,,
0.0,0.0,0.0,0.0,0.0,0.0,0,0,0,0.0,0.0,atr_break_6c792c83,USDJPY,atr_break,A×3.0,A×1.5,london,False,True,True,30,16.0,2.5,0.0,,,,
0.8733,54.0,0.74,0.0,-0.26,283.2,50,5,4,-0.0053,0.7439,atr_break_399687a7,USDJPY,atr_break,A×4.0,A×1.5,newyork,True,True,True,0,5.0,1.0,4.7,,,,
0.0,0.0,0.0,0.0,0.0,0.0,0,0,0,0.0,0.0,atr_break_cba2af28,USDJPY,atr_break,A×3.0,A×0.7,london,True,False,False,30,5.0,2.0,0.0,,,,
0.0,0.0,0.01,0.0,-0.01,300.0,1,1,0,-0.009,0.0,atr_break_02531a30,USDJPY,atr_break,A×4.0,A×1.0,london,False,False,True,120,12.0,1.5,5.0,,,,
0.0,0.0,0.0,0.0,0.0,0.0,0,0,0,0.0,0.0,atr_break_ff407a7b,USDJPY,atr_break,A×2.0,A×0.7,london,True,False,True,60,14.0,2.0,0.0,,,,
1.4082,30.0,0.39,0.0,0.16,348.0,10,5,1,0.016,3.2857,atr_break_bee51be7,USDJPY,atr_break,A×4.0,A×1.0,newyork,False,False,True,60,12.0,1.2,5.8,,,,
0.0,0.0,0.0,0.0,0.0,0.0,0,0,0,0.0,0.0,atr_break_510b2118,USDJPY,atr_break,A×5.0,A×2.0,newyork,True,False,False,0,14.0,1.5,0.0,,,,
0.0,0.0,0.0,0.0,0.0,0.0,0,0,0,0.0,0.0,atr_break_65e62b42,USDJPY,atr_break,A×2.0,A×0.7,newyork,False,False,True,30,10.0,2.5,0.0,,,,
0.0,0.0,0.0,0.0,0.0,0.0,0,0,0,0.0,0.0,atr_break_edbd1c5c,USDJPY,atr_break,A×2.5,A×1.0,newyork,True,True,True,120,16.0,2.0,0.0,,,,
0.0,0.0,0.0,0.0,0.0,0.0,0,0,0,0.0,0.0,atr_break_eacd2f37,USDJPY,atr_break,A×6.0,A×1.5,london,True,True,True,120,14.0,2.5,0.0,,,,
0.0,0.0,0.0,0.0,0.0,0.0,0,0,0,0.0,0.0,atr_break_b5a4cc7d,USDJPY,atr_break,A×2.5,A×1.0,london,True,True,True,120,5.0,1.8,0.0,,,,
0.6866,40.0,0.23,0.0,-0.15,282.0,10,2,2,-0.0147,1.0299,atr_break_2adee348,USDJPY,atr_break,A×6.0,A×1.5,london,True,True,True,120,10.0,1.2,4.7,,,,
0.0,0.0,0.0,0.0,0.0,0.0,0,0,0,0.0,0.0,atr_break_4714dda4,USDJPY,atr_break,A×4.0,A×1.0,newyork,True,True,False,30,20.0,1.5,0.0,,,,
0.0,0.0,0.0,0.0,0.0,0.0,0,0,0,0.0,0.0,atr_break_965f7e9c,USDJPY,atr_break,A×4.0,A×1.5,london,True,False,True,60,16.0,2.5,0.0,,,,
0.0,0.0,0.01,0.0,-0.01,300.0,1,1,0,-0.009,0.0,atr_break_1cff7a7f,USDJPY,atr_break,A×4.0,A×1.0,london,True,False,True,0,16.0,1.5,5.0,,,,
0.0,0.0,0.0,0.0,0.0,0.0,0,0,0,0.0,0.0,atr_break_0c71f981,USDJPY,atr_break,A×3.0,A×1.0,newyork,False,True,True,30,5.0,1.5,0.0,,,,
0.0,0.0,0.0,0.0,0.0,0.0,0,0,0,0.0,0.0,atr_break_24f60e3b,USDJPY,atr_break,A×3.0,A×1.0,newyork,True,True,True,0,12.0,2.5,0.0,,,,
0.6946,39.47,1.82,0.0,-1.2,318.9,76,9,6,-0.0158,1.065,atr_break_0502777a,USDJPY,atr_break,A×3.0,A×1.5,newyork,False,False,True,30,14.0,1.0,5.3,,,,
0.7322,40.91,0.59,0.0,-0.36,155.5,44,4,2,-0.0081,1.0577,atr_break_0592276d,USDJPY,atr_break,A×2.0,A×0.7,newyork,True,True,False,60,20.0,1.0,2.6,,,,
0.0,0.0,0.0,0.0,0.0,0.0,0,0,0,0.0,0.0,atr_break_409d62cc,USDJPY,atr_break,A×4.0,A×1.5,london,True,False,True,120,12.0,1.8,0.0,,,,
0.0,0.0,0.0,0.0,0.0,0.0,0,0,0,0.0,0.0,atr_break_e8553fc7,USDJPY,atr_break,A×6.0,A×1.5,london,True,True,False,120,12.0,2.0,0.0,,,,
0.0,0.0,0.0,0.0,0.0,0.0,0,0,0,0.0,0.0,atr_break_ab71c3e7,USDJPY,atr_break,A×5.0,A×2.0,london,False,True,False,30,14.0,1.8,0.0,,,,
0.7062,27.27,0.31,0.0,-0.12,158.2,11,3,1,-0.0108,1.8831,atr_break_a8f5cdd0,USDJPY,atr_break,A×2.0,A×0.7,london,True,False,True,30,12.0,1.2,2.6,,,,
0.0,0.0,0.0,0.0,0.0,0.0,0,0,0,0.0,0.0,atr_break_d293da37,USDJPY,atr_break,A×3.0,A×1.0,london,True,False,False,0,14.0,2.5,0.0,,,,
0.0,0.0,0.0,0.0,0.0,0.0,0,0,0,0.0,0.0,atr_break_8a748972,USDJPY,atr_break,A×2.5,A×1.0,london,False,True,True,120,12.0,2.0,0.0,,,,
0.8491,32.67,4.43,0.0,-2.68,354.2,352,15,5,-0.0076,1.7499,atr_break_664105d1,USDJPY,atr_break,A×4.0,A×1.0,newyork,False,False,True,120,12.0,0.8,5.9,,,,
0.0,0.0,0.0,0.0,0.0,0.0,0,0,0,0.0,0.0,atr_break_95f647cd,USDJPY,atr_break,A×4.0,A×1.0,newyork,True,True,True,30,8.0,1.8,0.0,,,,
0.0,0.0,0.0,0.0,0.0,0.0,0,0,0,0.0,0.0,atr_break_e39493d2,USDJPY,atr_break,A×2.5,A×1.0,newyork,False,True,True,60,10.0,2.5,0.0,,,,
0.5641,22.22,0.48,0.0,-0.25,413.3,9,4,1,-0.0276,1.9745,atr_break_a695b68d,USDJPY,atr_break,A×4.0,A×1.0,london,True,True,True,0,14.0,1.2,6.9,,,,
0.0,0.0,0.0,0.0,0.0,0.0,0,0,0,0.0,0.0,atr_break_a1c8189c,USDJPY,atr_break,A×2.0,A×0.7,newyork,True,True,True,120,12.0,1.8,0.0,,,,
0.0,0.0,0.0,0.0,0.0,0.0,0,0,0,0.0,0.0,atr_break_104985ea,USDJPY,atr_break,A×3.0,A×1.5,london,False,True,True,30,5.0,2.5,0.0,,,,
0.6862,36.92,1.05,0.0,-0.96,263.1,65,11,4,-0.0147,1.1723,atr_break_58c2965b,USDJPY,atr_break,A×2.5,A×1.0,newyork,False,True,True,30,8.0,1.0,4.4,,,,
0.0,0.0,0.0,0.0,0.0,0.0,0,0,0,0.0,0.0,atr_break_182ac8c6,USDJPY,atr_break,A×5.0,A×1.5,newyork,True,False,True,0,7.0,1.5,0.0,,,,
0.0,0.0,0.0,0.0,0.0,0.0,0,0,0,0.0,0.0,atr_break_1d102b0f,USDJPY,atr_break,A×5.0,A×1.5,newyork,True,True,True,120,10.0,2.5,0.0,,,,
0.0,0.0,0.0,0.0,0.0,0.0,0,0,0,0.0,0.0,atr_break_05a7f51e,USDJPY,atr_break,A×2.5,A×1.0,newyork,True,True,True,120,10.0,1.8,0.0,,,,
0.0,0.0,0.0,0.0,0.0,0.0,0,0,0,0.0,0.0,atr_break_df303f54,USDJPY,atr_break,A×2.5,A×1.0,london,True,True,True,30,14.0,1.5,0.0,,,,
0.8027,18.01,5.9,0.01,-4.79,742.6,311,21,4,-0.0154,3.655,atr_break_17efff84,USDJPY,atr_break,A×3.0,A×1.0,newyork,False,False,False,120,20.0,0.8,12.4,,,,
0.0,0.0,0.0,0.0,0.0,0.0,0,0,0,0.0,0.0,atr_break_9895c998,USDJPY,atr_break,A×4.0,A×1.0,newyork,True,False,True,120,5.0,2.0,0.0,,,,
0.8412,35.27,1.89,0.0,-1.14,170.4,207,8,5,-0.0055,1.5441,atr_break_69e2643f,USDJPY,atr_break,A×2.0,A×0.7,newyork,True,True,True,30,5.0,0.8,2.8,,,,
0.7278,46.38,1.11,0.0,-0.77,314.8,69,4,4,-0.0112,0.8415,atr_break_34cf7ed0,USDJPY,atr_break,A×4.0,A×1.0,london,False,True,True,120,8.0,1.0,5.2,,,,
0.0,0.0,0.0,0.0,0.0,0.0,0,0,0,0.0,0.0,atr_break_8b3fee5d,USDJPY,atr_break,A×5.0,A×2.0,newyork,True,True,False,30,5.0,2.5,0.0,,,,
0.376,20.0,0.24,0.0,-0.16,150.0,10,7,1,-0.0156,1.504,atr_break_d18d3b2f,USDJPY,atr_break,A×2.0,A×0.7,newyork,False,True,True,0,10.0,1.2,2.5,,,,
0.0,0.0,0.0,0.0,0.0,0.0,0,0,0,0.0,0.0,atr_break_8aa0eb93,USDJPY,atr_break,A×2.0,A×0.7,newyork,True,False,True,0,16.0,2.0,0.0,,,,
0.9697,21.95,0.83,0.0,-0.04,207.8,41,13,3,-0.001,3.4477,atr_break_fdc39748,USDJPY,atr_break,A×3.0,A×0.7,newyork,True,False,True,30,14.0,1.0,3.5,,,,
0.0,0.0,0.0,0.0,0.0,0.0,0,0,0,0.0,0.0,atr_break_d9618a2c,USDJPY,atr_break,A×4.0,A×1.5,london,False,False,True,120,8.0,2.5,0.0,,,,
0.0,0.0,0.0,0.0,0.0,0.0,0,0,0,0.0,0.0,atr_break_64ae7526,USDJPY,atr_break,A×3.0,A×1.5,london,True,True,False,60,5.0,1.8,0.0,,,,
0.4575,34.18,2.09,0.0,-2.09,262.0,79,8,4,-0.0264,0.8812,atr_break_e49d5bab,USDJPY,atr_break,A×2.5,A×1.0,newyork,False,True,True,120,14.0,1.0,4.4,,,,
0.8599,17.68,2.27,0.0,-1.12,426.6,181,14,2,-0.0062,4.0038,atr_break_a99c81f2,USDJPY,atr_break,A×3.0,A×0.7,london,True,False,False,60,20.0,0.8,7.1,,,,
0.4742,20.0,0.45,0.0,-0.36,396.0,10,4,1,-0.0356,1.8966,atr_break_4c292888,USDJPY,atr_break,A×4.0,A×1.0,london,False,True,True,30,16.0,1.2,6.6,,,,
0.0,0.0,0.0,0.0,0.0,0.0,0,0,0,0.0,0.0,atr_break_b180e724,USDJPY,atr_break,A×6.0,A×1.5,london,True,True,False,60,8.0,1.8,0.0,,,,
0.0,0.0,0.0,0.0,0.0,0.0,0,0,0,0.0,0.0,atr_break_85c15e25,USDJPY,atr_break,A×3.0,A×1.5,newyork,True,True,True,0,12.0,2.5,0.0,,,,
0.7244,57.14,1.69,0.0,-1.13,398.2,77,4,6,-0.0146,0.5433,atr_break_593cf57b,USDJPY,atr_break,A×3.0,A×1.5,london,False,True,True,0,20.0,1.0,6.6,,,,
0.0,0.0,0.0,0.0,0.0,0.0,0,0,0,0.0,0.0,atr_break_1ae58e3a,USDJPY,atr_break,A×5.0,A×1.5,london,True,True,False,120,7.0,2.5,0.0,,,,
0.0,0.0,0.0,0.0,0.0,0.0,0,0,0,0.0,0.0,atr_break_a03bee90,USDJPY,atr_break,A×4.0,A×1.5,newyork,True,True,True,30,5.0,2.0,0.0,,,,
0.6895,40.0,0.37,0.0,-0.14,288.0,10,3,2,-0.0145,1.0343,atr_break_9d8ea93c,USDJPY,atr_break,A×4.0,A×1.5,london,True,True,True,30,12.0,1.2,4.8,,,,
0.0,0.0,0.0,0.0,0.0,0.0,0,0,0,0.0,0.0,atr_break_5cb3b90e,USDJPY,atr_break,A×3.0,A×0.7,london,False,False,True,120,14.0,1.5,0.0,,,,
2.0975,60.53,0.4,0.0,0.99,258.9,38,4,6,0.0261,1.3679,atr_break_a70d8482,USDJPY,atr_break,A×3.0,A×1.5,london,True,True,True,60,8.0,1.0,4.3,,,,
0.0,0.0,0.0,0.0,0.0,0.0,0,0,0,0.0,0.0,atr_break_606e5e3a,USDJPY,atr_break,A×2.0,A×0.7,london,False,True,True,30,5.0,1.8,0.0,,,,
0.822,50.45,4.34,0.0,-2.63,276.8,331,9,8,-0.008,0.8072,atr_break_fe2f9f7d,USDJPY,atr_break,A×6.0,A×1.5,london,False,True,True,30,5.0,0.8,4.6,,,,
1.07,26.28,2.52,0.0,1.1,1814.9,137,9,3,0.0081,3.002,atr_break_65fb9db7,USDJPY,atr_break,A×4.0,A×1.5,newyork,True,False,False,0,20.0,0.8,30.2,,,,
0.0,0.0,0.01,0.0,-0.01,300.0,1,1,0,-0.009,0.0,atr_break_795f0198,USDJPY,atr_break,A×2.5,A×1.0,london,True,False,True,30,8.0,1.5,5.0,,,,
5.0977,66.67,0.1,0.0,0.54,340.0,6,1,2,0.0908,2.5489,atr_break_1e1216cc,USDJPY,atr_break,A×2.0,A×0.7,newyork,True,False,True,60,5.0,1.2,5.7,,,,
0.7304,55.09,2.91,0.0,-2.45,439.8,167,6,8,-0.0147,0.5954,atr_break_ab8faf53,USDJPY,atr_break,A×5.0,A×1.5,london,True,True,False,0,14.0,0.8,7.3,,,,
0.8951,40.0,0.36,0.0,-0.06,474.0,10,2,2,-0.0064,1.3426,atr_break_54cc9201,USDJPY,atr_break,A×3.0,A×1.5,london,True,True,True,60,10.0,1.2,7.9,,,,
0.7143,30.67,2.03,0.0,-1.21,420.8,75,9,3,-0.0161,1.6149,atr_break_d3ac691f,USDJPY,atr_break,A×4.0,A×1.5,newyork,False,False,True,0,14.0,1.0,7.0,,,,
0.0,0.0,0.0,0.0,0.0,0.0,0,0,0,0.0,0.0,atr_break_46e72da5,USDJPY,atr_break,A×6.0,A×1.5,london,True,True,True,0,12.0,2.5,0.0,,,,
1.7269,42.86,0.16,0.0,0.17,694.3,7,2,1,0.0247,2.3025,atr_break_de8d13e7,USDJPY,atr_break,A×5.0,A×1.5,london,True,True,True,30,20.0,1.2,11.6,,,,
0.0,0.0,0.0,0.0,0.0,0.0,0,0,0,0.0,0.0,atr_break_5302418b,USDJPY,atr_break,A×2.5,A×1.0,newyork,False,True,True,0,8.0,2.5,0.0,,,,
0.616,42.5,1.51,0.0,-0.86,378.0,40,7,6,-0.0215,0.8334,atr_break_de1abefe,USDJPY,atr_break,A×6.0,A×1.5,newyork,True,True,False,30,14.0,1.0,6.3,,,,
0.0,0.0,0.0,0.0,0.0,0.0,0,0,0,0.0,0.0,atr_break_5009b984,USDJPY,atr_break,A×2.0,A×0.7,london,False,True,False,60,14.0,1.8,0.0,,,,
0.0,0.0,0.0,0.0,0.0,0.0,0,0,0,0.0,0.0,atr_break_113807e6,USDJPY,atr_break,A×5.0,A×1.5,london,True,True,True,30,14.0,2.0,0.0,,,,
0.0,0.0,0.0,0.0,0.0,0.0,0,0,0,0.0,0.0,atr_break_f3f4c82f,USDJPY,atr_break,A×4.0,A×1.0,london,True,False,True,60,10.0,1.8,0.0,,,,
26.4444,83.33,0.01,0.0,0.23,170.0,6,1,3,0.0382,5.2889,atr_break_c4c9ccaf,USDJPY,atr_break,A×3.0,A×1.5,newyork,True,True,True,60,5.0,1.2,2.8,,,,
0.0,0.0,0.0,0.0,0.0,0.0,0,0,0,0.0,0.0,atr_break_025589d2,USDJPY,atr_break,A×2.5,A×1.0,london,True,False,True,30,16.0,2.0,0.0,,,,
0.794,52.78,0.93,0.0,-0.37,338.3,36,3,5,-0.0103,0.7104,atr_break_c06fbcc9,USDJPY,atr_break,A×5.0,A×2.0,newyork,True,True,True,30,16.0,1.0,5.6,,,,
1.2534,35.62,1.43,0.0,3.38,1103.4,146,8,8,0.0232,2.2657,atr_break_d0675dfa,USDJPY,atr_break,A×3.0,A×1.5,newyork,True,False,False,0,10.0,0.8,18.4,,,,
0.0,0.0,0.0,0.0,0.0,0.0,0,0,0,0.0,0.0,atr_break_4632eaea,USDJPY,atr_break,A×3.0,A×1.5,london,False,False,True,0,5.0,1.5,0.0,,,,
0.0,0.0,0.0,0.0,0.0,0.0,0,0,0,0.0,0.0,atr_break_77acec5a,USDJPY,atr_break,A×3.0,A×1.0,london,True,True,True,0,7.0,1.5,0.0,,,,
0.6721,48.65,0.98,0.0,-0.58,347.0,37,4,4,-0.0156,0.7095,atr_break_25b1a2d1,USDJPY,atr_break,A×6.0,A×1.5,newyork,True,True,True,0,20.0,1.0,5.8,,,,
0.0,0.0,0.0,0.0,0.0,0.0,0,0,0,0.0,0.0,atr_break_24033723,USDJPY,atr_break,A×5.0,A×1.5,london,True,True,False,0,8.0,2.0,0.0,,,,
0.0,0.0,0.0,0.0,0.0,0.0,0,0,0,0.0,0.0,atr_break_0356c0b1,USDJPY,atr_break,A×4.0,A×1.0,london,False,True,True,120,14.0,2.0,0.0,,,,
0.7813,45.09,4.26,0.0,-3.73,296.5,346,10,7,-0.0108,0.9516,atr_break_06e73b36,USDJPY,atr_break,A×5.0,A×1.5,london,False,False,True,30,16.0,0.8,4.9,,,,
0.0,0.0,0.06,0.0,-0.06,360.0,1,1,0,-0.062,0.0,atr_break_629c4be3,USDJPY,atr_break,A×3.0,A×1.0,london,True,False,True,120,16.0,1.5,6.0,,,,
0.0,0.0,0.0,0.0,0.0,0.0,0,0,0,0.0,0.0,atr_break_df070e84,USDJPY,atr_break,A×2.0,A×0.7,newyork,True,False,True,30,5.0,2.5,0.0,,,,
1.6399,60.53,0.42,0.0,0.89,603.2,38,3,5,0.0235,1.0695,atr_break_87b92f97,USDJPY,atr_break,A×4.0,A×1.5,london,True,True,False,0,8.0,1.0,10.1,,,,
0.0,0.0,0.0,0.0,0.0,0.0,0,0,0,0.0,0.0,atr_break_3a67e84c,USDJPY,atr_break,A×5.0,A×1.5,london,True,True,True,60,14.0,1.5,0.0,,,,
0.0,0.0,0.0,0.0,0.0,0.0,0,0,0,0.0,0.0,atr_break_003a0cc1,USDJPY,atr_break,A×4.0,A×1.5,newyork,True,False,True,30,7.0,1.5,0.0,,,,
1.0953,38.75,1.85,0.0,0.98,630.8,160,7,7,0.0061,1.7313,atr_break_349ba344,USDJPY,atr_break,A×3.0,A×1.5,london,True,False,True,30,14.0,0.8,10.5,,,,
0.6665,55.29,8.99,0.01,-7.25,566.3,331,8,10,-0.0219,0.539,atr_break_053037a6,USDJPY,atr_break,A×5.0,A×2.0,newyork,False,True,True,0,16.0,0.8,9.4,,,,
0.0,0.0,0.0,0.0,0.0,0.0,0,0,0,0.0,0.0,atr_break_754ca06e,USDJPY,atr_break,A×5.0,A×1.5,london,True,True,False,0,8.0,2.5,0.0,,,,
0.0,0.0,0.0,0.0,0.0,0.0,0,0,0,0.0,0.0,atr_break_43dd22f3,USDJPY,atr_break,A×6.0,A×1.5,london,True,True,True,60,20.0,1.8,0.0,,,,
1.0519,36.36,0.51,0.0,0.13,181.6,77,7,4,0.0017,1.8408,atr_break_084d4bdf,USDJPY,atr_break,A×2.0,A×0.7,newyork,False,False,True,120,16.0,1.0,3.0,,,,
0.9773,53.57,1.86,0.0,-0.21,445.4,168,5,11,-0.0012,0.847,atr_break_3943f48d,USDJPY,atr_break,A×5.0,A×1.5,london,True,True,True,120,12.0,0.8,7.4,,,,
0.6475,31.44,2.65,0.0,-2.54,161.1,194,12,4,-0.0131,1.4117,atr_break_16b02dc0,USDJPY,atr_break,A×2.0,A×0.7,newyork,True,True,False,30,16.0,0.8,2.7,,,,
0.0,0.0,0.0,0.0,0.0,0.0,0,0,0,0.0,0.0,atr_break_8480854a,USDJPY,atr_break,A×4.0,A×1.0,newyork,True,True,True,0,16.0,2.0,0.0,,,,
1.1224,25.0,0.15,0.0,0.02,210.0,4,3,1,0.0045,3.3673,atr_break_0e5a0c88,USDJPY,atr_break,A×3.0,A×1.0,london,True,True,True,60,16.0,1.2,3.5,,,,
0.7525,39.2,2.48,0.0,-2.06,359.7,176,11,4,-0.0117,1.1669,atr_break_f01262c1,USDJPY,atr_break,A×4.0,A×1.0,london,True,True,False,0,16.0,0.8,6.0,,,,
0.0,0.0,0.01,0.0,-0.01,300.0,1,1,0,-0.009,0.0,atr_break_a1c155b8,USDJPY,atr_break,A×5.0,A×2.0,london,False,False,True,0,16.0,1.5,5.0,,,,
0.534,25.0,0.31,0.0,-0.14,330.0,4,3,1,-0.036,1.6019,atr_break_f6c94e23,USDJPY,atr_break,A×6.0,A×1.5,london,True,False,True,0,16.0,1.2,5.5,,,,
0.6952,34.24,2.09,0.0,-1.98,169.9,184,8,5,-0.0108,1.3352,atr_break_80f84e46,USDJPY,atr_break,A×3.0,A×0.7,newyork,True,True,False,30,14.0,0.8,2.8,,,,
0.786,46.94,4.74,0.0,-3.8,351.1,343,12,6,-0.0111,0.8886,atr_break_3543a1ae,USDJPY,atr_break,A×3.0,A×1.5,newyork,False,True,True,0,10.0,0.8,5.9,,,,
0.0,0.0,0.0,0.0,0.0,0.0,0,0,0,0.0,0.0,atr_break_fb1ed2b9,USDJPY,atr_break,A×2.5,A×1.0,newyork,True,True,True,30,5.0,1.5,0.0,,,,
1.032,59.46,0.81,0.0,0.05,423.2,37,4,4,0.0014,0.7036,atr_break_eacfb318,USDJPY,atr_break,A×4.0,A×1.5,london,True,True,False,120,7.0,1.0,7.1,,,,
0.0,0.0,0.0,0.0,0.0,0.0,0,0,0,0.0,0.0,atr_break_243d9756,USDJPY,atr_break,A×5.0,A×1.5,london,True,True,True,30,16.0,2.0,0.0,,,,
0.787,41.71,2.56,0.0,-1.61,199.6,187,14,6,-0.0086,1.0998,atr_break_a87fe00f,USDJPY,atr_break,A×2.5,A×1.0,london,True,True,True,30,5.0,0.8,3.3,,,,
0.0,0.0,0.0,0.0,0.0,0.0,0,0,0,0.0,0.0,atr_break_75502ede,USDJPY,atr_break,A×5.0,A×2.0,newyork,True,True,True,30,20.0,1.5,0.0,,,,
0.0,0.0,0.0,0.0,0.0,0.0,0,0,0,0.0,0.0,atr_break_b9020dcc,USDJPY,atr_break,A×2.5,A×1.0,newyork,False,True,False,60,16.0,2.0,0.0,,,,
1.1769,25.0,0.15,0.0,0.03,180.0,4,3,1,0.0065,3.5306,atr_break_2ae95701,USDJPY,atr_break,A×2.0,A×0.7,london,True,False,True,120,16.0,1.2,3.0,,,,
0.0,0.0,0.0,0.0,0.0,0.0,0,0,0,0.0,0.0,atr_break_70c0f90f,USDJPY,atr_break,A×5.0,A×1.5,newyork,False,True,True,60,5.0,1.8,0.0,,,,
0.0,0.0,0.01,0.0,-0.01,300.0,1,1,0,-0.009,0.0,atr_break_4734afa3,USDJPY,atr_break,A×2.5,A×1.0,london,True,False,True,120,20.0,1.5,5.0,,,,
0.0,0.0,0.0,0.0,0.0,0.0,0,0,0,0.0,0.0,atr_break_d195c1fc,USDJPY,atr_break,A×3.0,A×1.0,newyork,True,True,False,120,16.0,2.5,0.0,,,,
0.6289,42.11,1.62,0.0,-0.85,570.0,38,6,4,-0.0224,0.8647,atr_break_9435ffbf,USDJPY,atr_break,A×6.0,A×1.5,newyork,True,True,False,120,8.0,1.0,9.5,,,,
0.8858,36.1,3.87,0.0,-1.91,329.4,349,10,7,-0.0055,1.5678,atr_break_67ceca39,USDJPY,atr_break,A×3.0,A×1.0,london,False,False,True,0,14.0,0.8,5.5,,,,
0.0,0.0,0.0,0.0,0.0,0.0,0,0,0,0.0,0.0,atr_break_9f92a87d,USDJPY,atr_break,A×2.5,A×1.0,london,False,True,True,120,10.0,1.8,0.0,,,,
0.0,0.0,0.0,0.0,0.0,0.0,0,0,0,0.0,0.0,atr_break_7ea9da90,USDJPY,atr_break,A×4.0,A×1.0,london,False,True,True,30,8.0,2.5,0.0,,,,
0.0,0.0,0.0,0.0,0.0,0.0,0,0,0,0.0,0.0,atr_break_af75439b,USDJPY,atr_break,A×6.0,A×1.5,newyork,True,False,False,0,7.0,1.8,0.0,,,,
0.8638,48.65,3.06,0.0,-1.05,253.6,185,7,10,-0.0057,0.9118,atr_break_51a3bcdc,USDJPY,atr_break,A×6.0,A×1.5,london,True,True,True,60,8.0,0.8,4.2,,,,
1.5005,41.18,0.4,0.0,0.56,254.1,34,7,3,0.0164,2.1435,atr_break_abc11da5,USDJPY,atr_break,A×3.0,A×1.5,london,True,False,True,60,10.0,1.0,4.2,,,,
0.0,0.0,0.0,0.0,0.0,0.0,0,0,0,0.0,0.0,atr_break_663e5a2b,USDJPY,atr_break,A×3.0,A×0.7,newyork,True,True,False,0,14.0,1.5,0.0,,,,
1.4534,50.0,0.23,0.0,0.15,480.0,8,2,1,0.0182,1.4534,atr_break_a7c8359d,USDJPY,atr_break,A×5.0,A×1.5,london,True,True,True,60,20.0,1.2,8.0,,,,
0.0,0.0,0.0,0.0,0.0,0.0,0,0,0,0.0,0.0,atr_break_2c5f32bf,USDJPY,atr_break,A×5.0,A×2.0,london,True,True,False,30,8.0,1.8,0.0,,,,
0.0,0.0,0.0,0.0,0.0,0.0,0,0,0,0.0,0.0,atr_break_4c04da9f,USDJPY,atr_break,A×4.0,A×1.5,london,True,True,True,0,8.0,2.0,0.0,,,,
0.5225,40.54,1.23,0.0,-0.9,321.1,37,6,4,-0.0244,0.7663,atr_break_dcba2b32,USDJPY,atr_break,A×3.0,A×1.5,newyork,True,True,True,0,20.0,1.0,5.4,,,,
1.0297,64.71,0.55,0.0,0.04,402.4,34,2,5,0.0012,0.5616,atr_break_56591bc1,USDJPY,atr_break,A×5.0,A×2.0,london,True,True,True,120,8.0,1.0,6.7,,,,
0.0,0.0,0.0,0.0,0.0,0.0,0,0,0,0.0,0.0,atr_break_e8643da5,USDJPY,atr_break,A×2.0,A×0.7,london,False,False,False,120,20.0,2.5,0.0,,,,
1.1397,42.86,0.22,0.0,0.05,891.4,7,3,2,0.0071,1.5196,atr_break_896c0abc,USDJPY,atr_break,A×5.0,A×2.0,london,True,False,True,120,5.0,1.2,14.9,,,,
0.0,0.0,0.0,0.0,0.0,0.0,0,0,0,0.0,0.0,atr_break_e1986571,USDJPY,atr_break,A×5.0,A×1.5,newyork,True,True,False,30,20.0,1.5,0.0,,,,
1.0205,41.67,0.72,0.0,0.03,285.0,36,5,3,0.0008,1.4287,atr_break_b448db49,USDJPY,atr_break,A×6.0,A×1.5,newyork,True,False,True,30,16.0,1.0,4.8,,,,
0.7861,51.02,5.55,0.01,-3.9,374.7,343,8,8,-0.0114,0.7547,atr_break_64f98484,USDJPY,atr_break,A×5.0,A×2.0,newyork,False,True,True,30,12.0,0.8,6.2,,,,
0.7464,30.0,0.46,0.0,-0.17,756.0,10,3,1,-0.0174,1.7415,atr_break_79aa7d5b,USDJPY,atr_break,A×4.0,A×1.5,london,True,False,True,120,12.0,1.2,12.6,,,,
0.7897,46.15,0.95,0.0,-0.67,261.5,78,5,3,-0.0086,0.9213,atr_break_429af24f,USDJPY,atr_break,A×4.0,A×1.0,london,False,True,True,120,20.0,1.0,4.4,,,,
2.199,50.0,0.2,0.0,0.24,490.0,6,3,2,0.0402,2.199,atr_break_1f899efb,USDJPY,atr_break,A×4.0,A×1.0,london,True,True,True,30,5.0,1.2,8.2,,,,
0.0,0.0,0.0,0.0,0.0,0.0,0,0,0,0.0,0.0,atr_break_5b92c43b,USDJPY,atr_break,A×3.0,A×0.7,london,True,True,True,120,7.0,1.5,0.0,,,,
0.0,0.0,0.0,0.0,0.0,0.0,0,0,0,0.0,0.0,atr_break_50dee9f6,USDJPY,atr_break,A×3.0,A×0.7,newyork,True,True,False,0,10.0,2.0,0.0,,,,
1.004,49.74,1.69,0.0,0.03,319.1,195,6,8,0.0002,1.0144,atr_break_bb67ce53,USDJPY,atr_break,A×5.0,A×2.0,london,True,False,True,30,10.0,0.8,5.3,,,,
0.0,0.0,0.0,0.0,0.0,0.0,0,0,0,0.0,0.0,atr_break_66c2baca,USDJPY,atr_break,A×3.0,A×0.7,london,False,True,True,60,12.0,2.0,0.0,,,,
1.0223,30.77,0.21,0.0,0.01,410.8,13,3,1,0.0011,2.3001,atr_break_e0157c85,USDJPY,atr_break,A×3.0,A×0.7,london,False,False,True,60,14.0,1.2,6.8,,,,
0.0,0.0,0.0,0.0,0.0,0.0,0,0,0,0.0,0.0,atr_break_c8fd15a8,USDJPY,atr_break,A×5.0,A×2.0,newyork,True,True,True,120,8.0,1.8,0.0,,,,
5.9568,75.0,0.16,0.0,0.8,585.0,4,1,2,0.2007,1.9856,atr_break_646a4538,USDJPY,atr_break,A×3.0,A×1.5,newyork,True,False,True,30,14.0,1.2,9.8,,,,
0.613,38.98,8.08,0.01,-7.48,286.3,372,11,8,-0.0201,0.9597,atr_break_702893ec,USDJPY,atr_break,A×3.0,A×1.0,newyork,False,True,True,60,20.0,0.8,4.8,,,,
0.0,0.0,0.0,0.0,0.0,0.0,0,0,0,0.0,0.0,atr_break_6cfe42e8,USDJPY,atr_break,A×5.0,A×2.0,newyork,True,True,False,30,5.0,1.8,0.0,,,,
0.0,0.0,0.0,0.0,0.0,0.0,0,0,0,0.0,0.0,atr_break_da829226,USDJPY,atr_break,A×2.0,A×0.7,london,True,False,True,60,14.0,2.5,0.0,,,,
0.0,0.0,0.0,0.0,0.0,0.0,0,0,0,0.0,0.0,atr_break_5f2679d8,USDJPY,atr_break,A×2.0,A×0.7,london,True,True,True,60,8.0,1.8,0.0,,,,
0.0,0.0,0.0,0.0,0.0,0.0,0,0,0,0.0,0.0,atr_break_bf7b64d7,USDJPY,atr_break,A×4.0,A×1.0,london,False,False,False,60,8.0,1.8,0.0,,,,
0.0,0.0,0.0,0.0,0.0,0.0,0,0,0,0.0,0.0,atr_break_d5e9c22c,USDJPY,atr_break,A×4.0,A×1.0,london,True,False,True,60,16.0,1.8,0.0,,,,
0.8007,48.0,0.82,0.0,-0.47,339.6,50,5,4,-0.0094,0.8674,atr_break_50bd79db,USDJPY,atr_break,A×6.0,A×1.5,newyork,True,True,True,120,5.0,1.0,5.7,,,,
0.0,0.0,0.0,0.0,0.0,0.0,0,0,0,0.0,0.0,atr_break_2e7db729,USDJPY,atr_break,A×6.0,A×1.5,newyork,True,True,False,60,10.0,2.0,0.0,,,,
0.849,37.5,0.82,0.0,-0.35,181.7,72,8,3,-0.0049,1.415,atr_break_2959762f,USDJPY,atr_break,A×2.0,A×0.7,london,False,True,True,60,5.0,1.0,3.0,,,,
0.0,0.0,0.0,0.0,0.0,0.0,0,0,0,0.0,0.0,atr_break_db373651,USDJPY,atr_break,A×3.0,A×1.5,newyork,True,False,True,30,5.0,2.5,0.0,,,,
0.0,0.0,0.0,0.0,0.0,0.0,0,0,0,0.0,0.0,atr_break_4c9a0628,USDJPY,atr_break,A×2.0,A×0.7,newyork,True,True,True,120,16.0,1.8,0.0,,,,
0.8299,22.22,0.34,0.0,-0.09,506.7,9,5,1,-0.01,2.9045,atr_break_cc8cb6bb,USDJPY,atr_break,A×3.0,A×1.0,london,True,False,True,0,7.0,1.2,8.4,,,,
0.8793,42.29,1.67,0.0,-0.86,232.1,175,8,6,-0.0049,1.2001,atr_break_5f16ab0a,USDJPY,atr_break,A×3.0,A×1.0,london,True,True,True,120,14.0,0.8,3.9,,,,
0.0,0.0,0.0,0.0,0.0,0.0,0,0,0,0.0,0.0,atr_break_b6560c44,USDJPY,atr_break,A×4.0,A×1.5,london,False,True,True,60,14.0,2.5,0.0,,,,
0.0,0.0,0.0,0.0,0.0,0.0,0,0,0,0.0,0.0,atr_break_f31f852f,USDJPY,atr_break,A×3.0,A×0.7,london,True,True,False,60,12.0,2.5,0.0,,,,
1.1234,52.38,0.41,0.0,0.18,327.1,42,4,4,0.0044,1.0213,atr_break_beef6a93,USDJPY,atr_break,A×3.0,A×1.5,london,True,True,True,120,14.0,1.0,5.5,,,,
0.0,0.0,0.0,0.0,0.0,0.0,0,0,0,0.0,0.0,atr_break_e71683aa,USDJPY,atr_break,A×5.0,A×2.0,london,True,True,True,0,12.0,2.5,0.0,,,,
0.8355,40.47,3.23,0.0,-2.26,220.3,341,10,6,-0.0066,1.229,atr_break_8bdde451,USDJPY,atr_break,A×2.5,A×1.0,london,False,False,True,120,5.0,0.8,3.7,,,,
0.0,0.0,0.0,0.0,0.0,0.0,0,0,0,0.0,0.0,atr_break_26177852,USDJPY,atr_break,A×3.0,A×1.0,london,True,True,True,0,12.0,1.8,0.0,,,,
0.0,0.0,0.0,0.0,0.0,0.0,0,0,0,0.0,0.0,atr_break_b91a6cae,USDJPY,atr_break,A×2.5,A×1.0,newyork,False,True,True,0,5.0,2.0,0.0,,,,
0.0,0.0,0.0,0.0,0.0,0.0,0,0,0,0.0,0.0,atr_break_c6ef3546,USDJPY,atr_break,A×2.5,A×1.0,newyork,True,True,True,60,5.0,1.8,0.0,,,,
0.589,25.0,0.15,0.0,-0.06,120.0,4,3,1,-0.015,1.7671,atr_break_754bc6d6,USDJPY,atr_break,A×4.0,A×1.0,newyork,True,True,True,120,16.0,1.2,2.0,,,,
0.8075,55.56,0.43,0.0,-0.1,626.7,9,3,4,-0.0109,0.646,atr_break_752343c5,USDJPY,atr_break,A×5.0,A×1.5,london,True,True,True,60,14.0,1.2,10.4,,,,
0.0,0.0,0.0,0.0,0.0,0.0,0,0,0,0.0,0.0,atr_break_e7cdc243,USDJPY,atr_break,A×3.0,A×1.5,newyork,False,False,True,0,8.0,2.0,0.0,,,,
0.6085,50.0,0.99,0.0,-0.87,250.0,42,5,4,-0.0208,0.6085,atr_break_4ab87042,USDJPY,atr_break,A×5.0,A×1.5,newyork,True,True,True,30,7.0,1.0,4.2,,,,
0.0,0.0,0.0,0.0,0.0,0.0,0,0,0,0.0,0.0,atr_break_15860443,USDJPY,atr_break,A×3.0,A×1.0,newyork,True,False,True,60,20.0,2.5,0.0,,,,
1.3701,52.94,0.39,0.0,0.35,270.0,34,4,4,0.0103,1.2179,atr_break_0ee74b65,USDJPY,atr_break,A×2.5,A×1.0,london,True,True,True,0,8.0,1.0,4.5,,,,
0.0,0.0,0.06,0.0,-0.06,900.0,1,1,0,-0.062,0.0,atr_break_e3ef86a4,USDJPY,atr_break,A×5.0,A×1.5,london,True,False,True,120,12.0,1.5,15.0,,,,
0.8282,31.37,3.29,0.0,-2.4,224.4,357,12,5,-0.0067,1.8118,atr_break_5fb0a3d8,USDJPY,atr_break,A×2.0,A×0.7,london,False,False,True,60,16.0,0.8,3.7,,,,
0.9196,24.0,1.33,0.0,-0.41,722.4,75,9,2,-0.0055,2.9119,atr_break_fa68d7b9,USDJPY,atr_break,A×2.5,A×1.0,london,False,False,False,60,16.0,1.0,12.0,,,,
0.0,0.0,0.0,0.0,0.0,0.0,0,0,0,0.0,0.0,atr_break_57d0d7fd,USDJPY,atr_break,A×5.0,A×1.5,london,True,True,False,60,20.0,2.0,0.0,,,,
0.0,0.0,0.0,0.0,0.0,0.0,0,0,0,0.0,0.0,atr_break_7d6c820b,USDJPY,atr_break,A×2.5,A×1.0,london,True,False,True,30,20.0,1.8,0.0,,,,
0.0,0.0,0.0,0.0,0.0,0.0,0,0,0,0.0,0.0,atr_break_c86973b8,USDJPY,atr_break,A×4.0,A×1.0,newyork,False,True,True,0,5.0,2.0,0.0,,,,
0.0,0.0,0.0,0.0,0.0,0.0,0,0,0,0.0,0.0,atr_break_8b26e40e,USDJPY,atr_break,A×2.5,A×1.0,london,True,True,True,30,5.0,2.5,0.0,,,,
0.0,0.0,0.0,0.0,0.0,0.0,0,0,0,0.0,0.0,atr_break_d566129e,USDJPY,atr_break,A×2.0,A×0.7,newyork,True,False,True,30,7.0,1.5,0.0,,,,
0.0,0.0,0.0,0.0,0.0,0.0,0,0,0,0.0,0.0,atr_break_c71014b5,USDJPY,atr_break,A×5.0,A×1.5,london,True,True,True,120,8.0,2.0,0.0,,,,
0.0,0.0,0.0,0.0,0.0,0.0,0,0,0,0.0,0.0,atr_break_e15f938f,USDJPY,atr_break,A×4.0,A×1.0,newyork,True,True,True,120,7.0,1.5,0.0,,,,
0.0,0.0,0.0,0.0,0.0,0.0,0,0,0,0.0,0.0,atr_break_5f71cb11,USDJPY,atr_break,A×3.0,A×0.7,london,False,True,True,60,5.0,2.0,0.0,,,,
0.0,0.0,0.0,0.0,0.0,0.0,0,0,0,0.0,0.0,atr_break_345e8044,USDJPY,atr_break,A×2.5,A×1.0,london,True,True,True,60,10.0,1.8,0.0,,,,
0.0,0.0,0.0,0.0,0.0,0.0,0,0,0,0.0,0.0,atr_break_d65d8c46,USDJPY,atr_break,A×4.0,A×1.0,newyork,False,False,True,0,7.0,1.5,0.0,,,,
0.0,0.0,0.0,0.0,0.0,0.0,0,0,0,0.0,0.0,atr_break_cff59ea4,USDJPY,atr_break,A×3.0,A×0.7,newyork,True,True,True,30,12.0,2.5,0.0,,,,
0.0,0.0,0.0,0.0,0.0,0.0,0,0,0,0.0,0.0,atr_break_3df03283,USDJPY,atr_break,A×4.0,A×1.0,london,True,False,False,0,5.0,2.5,0.0,,,,
1.9427,48.57,0.42,0.0,0.89,322.3,35,4,4,0.0254,2.057,atr_break_742c5f84,USDJPY,atr_break,A×3.0,A×1.0,london,True,True,False,60,10.0,1.0,5.4,,,,
0.0,0.0,0.0,0.0,0.0,0.0,0,0,0,0.0,0.0,atr_break_fe8ae184,USDJPY,atr_break,A×3.0,A×1.5,london,True,True,True,30,5.0,1.5,0.0,,,,
0.3779,34.33,1.79,0.0,-1.77,137.9,67,8,5,-0.0265,0.7229,hilo_break_a0834aaa,USDJPY,hilo_break,A×2.0,A×0.7,london,False,True,True,0,,,2.3,15.0,2.0,,
0.775,20.34,2.8,0.0,-2.67,463.1,177,14,3,-0.0151,3.0354,hilo_break_f9921215,USDJPY,hilo_break,A×2.5,A×1.0,newyork,True,False,False,120,,,7.7,20.0,1.0,,
0.7581,37.44,4.55,0.0,-4.34,796.1,227,11,5,-0.0191,1.2665,hilo_break_4f1ab27b,USDJPY,hilo_break,A×5.0,A×2.0,newyork,True,False,True,120,,,13.3,12.0,1.0,,
0.241,8.89,1.89,0.0,-1.89,332.0,45,17,1,-0.042,2.4699,hilo_break_c642b73b,USDJPY,hilo_break,A×3.0,A×0.7,newyork,True,False,False,30,,,5.5,10.0,2.0,,
0.9433,57.41,0.71,0.0,-0.15,398.9,54,3,7,-0.0028,0.6999,hilo_break_00369025,USDJPY,hilo_break,A×3.0,A×1.5,london,True,True,False,120,,,6.6,7.0,2.0,,
0.8352,47.14,5.2,0.01,-3.95,377.8,454,9,7,-0.0087,0.9366,hilo_break_bada7226,USDJPY,hilo_break,A×5.0,A×2.0,london,False,False,True,60,,,6.3,12.0,1.0,,
0.6064,33.33,1.56,0.0,-1.5,211.7,87,7,3,-0.0172,1.2127,hilo_break_819b409b,USDJPY,hilo_break,A×3.0,A×0.7,london,False,True,True,120,,,3.5,10.0,2.0,,
0.6754,38.35,3.4,0.0,-3.18,198.3,206,16,6,-0.0155,1.0857,hilo_break_1461c5c3,USDJPY,hilo_break,A×2.5,A×1.0,london,True,True,False,30,,,3.3,20.0,1.0,,
0.7122,32.28,3.17,0.0,-3.08,195.4,285,9,4,-0.0108,1.4941,hilo_break_b138804d,USDJPY,hilo_break,A×3.0,A×0.7,london,True,True,False,0,,,3.3,10.0,1.0,,
0.6212,28.07,1.21,0.0,-0.87,154.7,57,9,3,-0.0152,1.5919,hilo_break_5d457040,USDJPY,hilo_break,A×2.0,A×0.7,newyork,False,True,False,60,,,2.6,20.0,2.0,,
0.6827,51.69,7.56,0.01,-7.13,368.8,414,8,10,-0.0172,0.638,hilo_break_21759e13,USDJPY,hilo_break,A×5.0,A×2.0,newyork,False,True,True,0,,,6.1,15.0,1.0,,
0.5836,31.68,4.45,0.0,-4.34,149.1,262,11,4,-0.0166,1.2585,hilo_break_7c841f07,USDJPY,hilo_break,A×2.0,A×0.7,newyork,True,True,False,0,,,2.5,12.0,1.0,,
0.7732,53.96,5.78,0.01,-5.02,422.5,404,6,8,-0.0124,0.6597,hilo_break_d5572633,USDJPY,hilo_break,A×5.0,A×1.5,london,True,True,False,60,,,7.0,5.0,1.0,,
0.7947,28.25,5.2,0.01,-4.35,240.4,485,11,3,-0.009,2.0186,hilo_break_96d55541,USDJPY,hilo_break,A×3.0,A×0.7,newyork,False,False,True,60,,,4.0,12.0,1.0,,
0.5123,36.73,1.21,0.0,-1.21,227.8,49,9,3,-0.0247,0.8823,hilo_break_3f51dcc3,USDJPY,hilo_break,A×3.0,A×1.0,london,True,True,False,60,,,3.8,10.0,2.0,,
0.5609,38.46,2.43,0.0,-1.81,423.5,52,6,3,-0.0348,0.8975,hilo_break_3b5fba26,USDJPY,hilo_break,A×3.0,A×1.5,newyork,False,True,False,0,,,7.1,25.0,2.0,,
0.3945,27.27,1.87,0.0,-1.52,232.7,33,11,2,-0.0461,1.052,hilo_break_bfb9b676,USDJPY,hilo_break,A×4.0,A×1.5,newyork,True,True,True,0,,,3.9,25.0,2.0,,
0.8359,46.11,3.11,0.0,-2.83,304.7,347,10,6,-0.0082,0.9769,hilo_break_6e1314ad,USDJPY,hilo_break,A×4.0,A×1.5,newyork,True,False,True,60,,,5.1,7.0,1.0,,
0.9447,41.94,0.41,0.0,-0.06,197.4,31,4,2,-0.0018,1.3081,hilo_break_0942ffe2,USDJPY,hilo_break,A×3.0,A×0.7,london,True,True,False,30,,,3.3,15.0,2.0,,
0.7134,37.08,7.8,0.01,-7.52,185.6,677,10,5,-0.0111,1.2108,hilo_break_e5397e89,USDJPY,hilo_break,A×3.0,A×0.7,london,False,True,True,60,,,3.1,7.0,1.0,,
0.7918,37.6,1.68,0.0,-0.96,193.9,125,9,7,-0.0077,1.314,hilo_break_07dff94f,USDJPY,hilo_break,A×3.0,A×0.7,london,False,True,True,60,,,3.2,5.0,2.0,,
0.6855,48.17,4.43,0.0,-3.96,381.5,218,8,7,-0.0182,0.7377,hilo_break_abb46d2b,USDJPY,hilo_break,A×6.0,A×1.5,london,True,True,True,0,,,6.4,15.0,1.0,,
0.7931,29.09,2.59,0.0,-1.66,1845.8,55,10,2,-0.0302,1.9331,hilo_break_ed739745,USDJPY,hilo_break,A×5.0,A×2.0,newyork,False,False,False,60,,,30.8,20.0,2.0,,
0.5641,35.94,1.6,0.0,-1.34,244.7,64,7,3,-0.021,1.0055,hilo_break_b87f035e,USDJPY,hilo_break,A×3.0,A×1.0,newyork,True,True,False,120,,,4.1,5.0,2.0,,
0.9546,26.47,1.07,0.0,-0.12,322.9,68,20,4,-0.0017,2.6518,hilo_break_6ba5a310,USDJPY,hilo_break,A×3.0,A×0.7,london,True,False,True,0,,,5.4,5.0,2.0,,
0.5407,20.59,0.88,0.0,-0.68,169.4,34,6,2,-0.0201,2.0857,hilo_break_133698af,USDJPY,hilo_break,A×3.0,A×0.7,newyork,True,True,True,60,,,2.8,20.0,2.0,,
0.6487,36.39,4.43,0.0,-4.42,146.3,349,11,7,-0.0127,1.134,hilo_break_fca4c090,USDJPY,hilo_break,A×3.0,A×0.7,newyork,False,True,True,120,,,2.4,25.0,1.0,,
0.8644,38.96,1.4,0.0,-0.51,276.6,77,8,4,-0.0066,1.3542,hilo_break_40db661c,USDJPY,hilo_break,A×3.0,A×1.0,london,True,False,True,30,,,4.6,5.0,2.0,,
0.8676,24.79,5.05,0.01,-3.54,1561.7,242,17,3,-0.0146,2.6318,hilo_break_5549e462,USDJPY,hilo_break,A×6.0,A×1.5,newyork,True,False,False,60,,,26.0,7.0,1.0,,
0.7712,50.0,2.3,0.0,-1.76,255.7,172,6,7,-0.0102,0.7712,hilo_break_cea3e8ba,USDJPY,hilo_break,A×4.0,A×1.5,newyork,True,True,True,120,,,4.3,25.0,1.0,,
0.787,52.69,4.28,0.0,-2.77,369.0,260,5,7,-0.0106,0.7066,hilo_break_8bd9d171,USDJPY,hilo_break,A×5.0,A×2.0,london,True,True,True,60,,,6.2,12.0,1.0,,
0.762,48.29,9.41,0.01,-8.78,298.5,733,8,8,-0.012,0.8158,hilo_break_b002c923,USDJPY,hilo_break,A×4.0,A×1.5,london,False,True,True,0,,,5.0,5.0,1.0,,
0.7568,37.88,1.6,0.0,-0.91,282.7,66,7,3,-0.0138,1.2412,hilo_break_cdd9615e,USDJPY,hilo_break,A×4.0,A×1.0,london,False,True,True,120,,,4.7,15.0,2.0,,
0.4099,31.43,1.56,0.0,-1.39,233.1,35,12,2,-0.0397,0.8942,hilo_break_6d561fb0,USDJPY,hilo_break,A×5.0,A×1.5,newyork,True,True,True,120,,,3.9,20.0,2.0,,
0.8466,35.36,4.91,0.0,-3.84,602.2,362,9,5,-0.0106,1.5478,hilo_break_b4433e38,USDJPY,hilo_break,A×3.0,A×1.5,london,True,False,True,0,,,10.0,5.0,1.0,,
0.7201,41.27,2.0,0.0,-1.55,199.0,126,8,7,-0.0123,1.0248,hilo_break_989eabaa,USDJPY,hilo_break,A×3.0,A×1.0,london,False,True,True,60,,,3.3,5.0,2.0,,
0.6896,56.31,7.88,0.01,-7.02,365.7,412,7,13,-0.017,0.535,hilo_break_8e35ddab,USDJPY,hilo_break,A×3.0,A×1.5,newyork,False,True,False,30,,,6.1,15.0,1.0,,
0.644,33.77,1.17,0.0,-1.15,166.0,77,7,3,-0.015,1.2633,hilo_break_df096af6,USDJPY,hilo_break,A×2.0,A×0.7,london,False,True,True,120,,,2.8,12.0,2.0,,
0.6922,36.87,10.06,0.01,-9.6,155.4,838,16,4,-0.0115,1.185,hilo_break_57a832a2,USDJPY,hilo_break,A×2.0,A×0.7,london,False,True,True,0,,,2.6,5.0,1.0,,
0.74,35.14,2.92,0.0,-2.52,144.6,259,14,5,-0.0097,1.3662,hilo_break_b2354893,USDJPY,hilo_break,A×2.0,A×0.7,london,True,True,True,120,,,2.4,12.0,1.0,,
0.823,33.99,5.14,0.01,-2.76,338.4,303,10,5,-0.0091,1.598,hilo_break_055e3903,USDJPY,hilo_break,A×4.0,A×1.0,newyork,False,False,True,120,,,5.6,25.0,1.0,,
0.7775,47.87,5.23,0.01,-3.54,333.6,305,7,6,-0.0116,0.8468,hilo_break_06777e6c,USDJPY,hilo_break,A×6.0,A×1.5,london,False,True,True,30,,,5.6,25.0,1.0,,
0.7726,25.4,2.31,0.0,-1.51,1069.5,63,9,4,-0.024,2.2694,hilo_break_80ddd660,USDJPY,hilo_break,A×3.0,A×1.5,london,True,False,False,60,,,17.8,5.0,2.0,,
0.8395,34.1,7.71,0.01,-6.58,695.1,566,18,6,-0.0116,1.6224,hilo_break_d7c78af4,USDJPY,hilo_break,A×3.0,A×1.5,newyork,False,False,True,30,,,11.6,5.0,1.0,,
0.5577,41.51,1.69,0.0,-1.3,413.2,53,6,4,-0.0244,0.7859,hilo_break_57debe3f,USDJPY,hilo_break,A×5.0,A×2.0,london,False,False,True,0,,,6.9,25.0,2.0,,
0.4898,15.38,2.3,0.0,-2.3,440.8,52,13,2,-0.0442,2.6938,hilo_break_c547371c,USDJPY,hilo_break,A×2.5,A×1.0,london,False,False,False,0,,,7.3,25.0,2.0,,
0.6929,18.46,5.91,0.01,-5.52,516.5,260,23,2,-0.0212,3.0604,hilo_break_f82da09f,USDJPY,hilo_break,A×2.5,A×1.0,london,True,False,False,0,,,8.6,10.0,1.0,,
0.8579,22.58,1.02,0.0,-0.47,1211.6,31,6,2,-0.0153,2.9413,hilo_break_c3a3fc87,USDJPY,hilo_break,A×4.0,A×1.5,london,True,False,False,60,,,20.2,20.0,2.0,,
0.5114,24.53,1.16,0.0,-1.11,147.2,53,8,2,-0.0209,1.5737,hilo_break_1b261332,USDJPY,hilo_break,A×2.0,A×0.7,newyork,False,True,True,120,,,2.5,25.0,2.0,,
0.4576,24.44,1.29,0.0,-1.05,132.0,45,11,2,-0.0233,1.4144,hilo_break_b5b3f702,USDJPY,hilo_break,A×2.0,A×0.7,newyork,True,False,True,0,,,2.2,10.0,2.0,,
1.0538,42.86,0.92,0.0,0.07,246.4,28,8,4,0.0025,1.405,hilo_break_c4ab2569,USDJPY,hilo_break,A×4.0,A×1.0,london,True,True,True,60,,,4.1,25.0,2.0,,
0.8963,41.46,0.98,0.0,-0.21,254.6,41,5,4,-0.0052,1.2653,hilo_break_23f794a2,USDJPY,hilo_break,A×3.0,A×1.0,london,True,True,True,60,,,4.2,12.0,2.0,,
0.6044,46.88,1.89,0.0,-1.37,513.8,64,6,6,-0.0215,0.685,hilo_break_01f007b6,USDJPY,hilo_break,A×5.0,A×2.0,newyork,True,True,False,60,,,8.6,5.0,2.0,,
0.8339,27.08,4.4,0.0,-3.97,465.2,384,12,5,-0.0103,2.2451,hilo_break_c18dfdd8,USDJPY,hilo_break,A×2.5,A×1.0,newyork,False,False,True,60,,,7.8,15.0,1.0,,
0.7504,38.06,4.49,0.0,-4.1,164.9,444,14,5,-0.0092,1.221,hilo_break_a8cb59f4,USDJPY,hilo_break,A×2.0,A×0.7,london,False,True,True,30,,,2.7,15.0,1.0,,
0.7217,38.96,1.29,0.0,-1.03,218.2,77,7,5,-0.0134,1.1306,hilo_break_ab961a38,USDJPY,hilo_break,A×4.0,A×1.0,london,True,True,True,0,,,3.6,5.0,2.0,,
0.7809,37.31,3.59,0.0,-3.4,401.4,268,12,3,-0.0127,1.312,hilo_break_67613267,USDJPY,hilo_break,A×5.0,A×1.5,newyork,True,False,True,60,,,6.7,10.0,1.0,,
0.3492,20.51,1.17,0.0,-1.15,155.4,39,13,3,-0.0295,1.353,hilo_break_2e5fc8ed,USDJPY,hilo_break,A×3.0,A×0.7,newyork,True,True,False,120,,,2.6,15.0,2.0,,
0.8659,59.26,0.46,0.0,-0.18,428.9,27,3,7,-0.0067,0.5953,hilo_break_5f28e7b2,USDJPY,hilo_break,A×3.0,A×1.5,london,True,True,False,120,,,7.1,20.0,2.0,,
0.698,40.11,2.23,0.0,-2.21,168.8,182,6,6,-0.0122,1.0423,hilo_break_792c002e,USDJPY,hilo_break,A×2.5,A×1.0,newyork,True,True,True,30,,,2.8,25.0,1.0,,
0.8161,19.75,4.31,0.0,-3.67,1949.3,162,14,3,-0.0226,3.3154,hilo_break_62e0d539,USDJPY,hilo_break,A×5.0,A×1.5,newyork,True,False,False,120,,,32.5,15.0,1.0,,
0.3691,22.22,1.54,0.0,-1.45,200.0,45,12,2,-0.0323,1.2918,hilo_break_3632df9d,USDJPY,hilo_break,A×3.0,A×0.7,newyork,True,False,True,0,,,3.3,10.0,2.0,,
0.4498,37.74,1.81,0.0,-1.55,187.9,53,7,4,-0.0293,0.7422,hilo_break_b9695f91,USDJPY,hilo_break,A×2.5,A×1.0,london,False,True,True,0,,,3.1,25.0,2.0,,
0.8806,47.46,0.9,0.0,-0.32,290.8,59,4,6,-0.0054,0.975,hilo_break_0b46f7d7,USDJPY,hilo_break,A×5.0,A×1.5,london,True,True,True,30,,,4.8,7.0,2.0,,
0.6701,46.3,1.23,0.0,-0.89,356.7,54,5,9,-0.0165,0.7774,hilo_break_266d7125,USDJPY,hilo_break,A×5.0,A×2.0,london,True,True,True,120,,,5.9,7.0,2.0,,
0.4086,28.57,1.95,0.0,-1.73,220.0,42,13,2,-0.0412,1.0215,hilo_break_1a5925a7,USDJPY,hilo_break,A×5.0,A×1.5,newyork,True,True,True,30,,,3.7,12.0,2.0,,
0.5761,38.46,1.95,0.0,-1.52,445.4,52,8,4,-0.0292,0.9218,hilo_break_b9e423ff,USDJPY,hilo_break,A×5.0,A×2.0,newyork,False,True,True,30,,,7.4,25.0,2.0,,
0.7207,40.0,2.38,0.0,-1.18,270.4,75,8,6,-0.0157,1.0811,hilo_break_a828ba85,USDJPY,hilo_break,A×3.0,A×1.5,newyork,False,True,True,0,,,4.5,10.0,2.0,,
0.6927,33.78,4.57,0.0,-4.34,162.6,373,10,6,-0.0116,1.358,hilo_break_7cb8c0bf,USDJPY,hilo_break,A×3.0,A×0.7,newyork,True,True,True,60,,,2.7,7.0,1.0,,
0.4238,27.03,1.36,0.0,-1.02,183.2,37,11,3,-0.0276,1.1443,hilo_break_6194618d,USDJPY,hilo_break,A×3.0,A×1.0,newyork,True,True,True,60,,,3.1,15.0,2.0,,
0.7395,45.11,2.73,0.0,-2.35,269.3,184,6,6,-0.0128,0.8998,hilo_break_72fe12cf,USDJPY,hilo_break,A×5.0,A×1.5,newyork,True,False,True,120,,,4.5,20.0,1.0,,
0.7021,35.97,4.23,0.0,-4.18,187.8,367,9,5,-0.0114,1.2499,hilo_break_48d3b2f4,USDJPY,hilo_break,A×3.0,A×0.7,london,True,True,True,60,,,3.1,7.0,1.0,,
0.7116,40.55,5.51,0.01,-5.18,183.4,439,9,8,-0.0118,1.0434,hilo_break_fe448b9e,USDJPY,hilo_break,A×4.0,A×1.0,london,True,True,True,60,,,3.1,5.0,1.0,,
0.6761,43.61,7.26,0.01,-7.05,304.5,415,11,8,-0.017,0.874,hilo_break_f7ffb850,USDJPY,hilo_break,A×5.0,A×1.5,newyork,True,True,True,0,,,5.1,5.0,1.0,,
0.8295,41.67,0.92,0.0,-0.39,230.0,48,4,3,-0.0082,1.1613,hilo_break_12940f47,USDJPY,hilo_break,A×4.0,A×1.0,london,True,True,True,60,,,3.8,10.0,2.0,,
0.5651,37.5,1.04,0.0,-1.01,175.0,48,5,3,-0.0211,0.9418,hilo_break_9a4b24d1,USDJPY,hilo_break,A×3.0,A×1.0,london,True,True,True,30,,,2.9,10.0,2.0,,
0.6369,32.56,10.69,0.01,-10.36,202.8,694,15,4,-0.0149,1.3188,hilo_break_0240a035,USDJPY,hilo_break,A×3.0,A×0.7,newyork,False,True,False,0,,,3.4,7.0,1.0,,
0.6128,35.85,6.87,0.01,-6.8,216.9,371,12,5,-0.0183,1.0967,hilo_break_ff36c9a1,USDJPY,hilo_break,A×4.0,A×1.0,newyork,True,True,True,0,,,3.6,7.0,1.0,,
0.6615,30.3,2.03,0.0,-1.16,277.3,66,8,4,-0.0176,1.5215,hilo_break_ae8019a0,USDJPY,hilo_break,A×3.0,A×1.0,newyork,False,True,False,120,,,4.6,12.0,2.0,,
0.9343,48.48,1.54,0.0,-0.3,543.6,66,4,6,-0.0046,0.9927,hilo_break_1b46a381,USDJPY,hilo_break,A×4.0,A×1.5,london,False,True,False,0,,,9.1,15.0,2.0,,
0.9508,51.47,3.46,0.0,-1.77,340.4,816,8,10,-0.0022,0.8964,bb_bounce_980c7547,USDJPY,bb_bounce,A×5.0,A×2.0,newyork,True,False,True,0,,,5.7,,,10.0,1.5
0.4104,38.46,0.37,0.0,-0.3,258.5,13,2,2,-0.0228,0.6566,bb_bounce_20d106e6,USDJPY,bb_bounce,A×5.0,A×1.5,london,True,False,True,60,,,4.3,,,10.0,2.5
0.8663,56.78,2.65,0.0,-0.91,624.9,118,6,11,-0.0077,0.6594,bb_bounce_d0bc072e,USDJPY,bb_bounce,A×5.0,A×2.0,newyork,True,True,False,120,,,10.4,,,25.0,2.5
1.1139,39.42,1.84,0.0,0.83,823.3,104,8,3,0.008,1.7117,bb_bounce_19d7527f,USDJPY,bb_bounce,A×5.0,A×2.0,london,True,False,True,0,,,13.7,,,25.0,2.5
1.0973,27.9,4.2,0.0,4.76,1923.7,423,14,5,0.0112,2.8363,bb_bounce_190563d8,USDJPY,bb_bounce,A×4.0,A×1.5,newyork,False,False,False,120,,,32.1,,,14.0,1.5
0.9031,36.83,2.0,0.0,-1.59,172.1,448,8,4,-0.0035,1.549,bb_bounce_9a3fa8c0,USDJPY,bb_bounce,A×3.0,A×0.7,london,True,False,True,60,,,2.9,,,30.0,2.0
0.98,35.29,4.23,0.0,-0.22,1043.2,119,14,5,-0.0018,1.7967,bb_bounce_e758a078,USDJPY,bb_bounce,A×6.0,A×1.5,newyork,True,False,False,30,,,17.4,,,30.0,2.5
0.7361,30.0,0.49,0.0,-0.18,708.0,10,4,1,-0.0176,1.7176,bb_bounce_1ddb3432,USDJPY,bb_bounce,A×5.0,A×2.0,newyork,True,False,True,30,,,11.8,,,10.0,2.5
0.8779,46.53,9.81,0.01,-8.04,286.9,1511,13,9,-0.0053,1.009,bb_bounce_8403cc05,USDJPY,bb_bounce,A×3.0,A×1.0,newyork,False,True,False,30,,,4.8,,,20.0,1.5
0.8333,37.72,5.48,0.01,-4.06,764.4,334,16,5,-0.0121,1.3755,bb_bounce_307220f1,USDJPY,bb_bounce,A×5.0,A×2.0,newyork,True,False,True,120,,,12.7,,,30.0,2.0
1.2273,40.0,1.38,0.0,1.4,776.7,90,6,3,0.0156,1.841,bb_bounce_3a650492,USDJPY,bb_bounce,A×5.0,A×2.0,london,True,False,True,120,,,12.9,,,20.0,2.5
0.8967,49.41,3.33,0.0,-1.14,279.3,255,11,5,-0.0045,0.9181,bb_bounce_898db5b0,USDJPY,bb_bounce,A×3.0,A×1.5,newyork,False,True,True,0,,,4.7,,,30.0,2.5
0.7949,36.25,2.3,0.0,-1.94,180.8,240,10,5,-0.0081,1.3979,bb_bounce_1b003616,USDJPY,bb_bounce,A×2.0,A×0.7,london,False,False,True,120,,,3.0,,,25.0,2.5
1.1248,57.14,1.08,0.0,0.47,255.8,91,6,9,0.0051,0.8436,bb_bounce_3d5dd154,USDJPY,bb_bounce,A×6.0,A×1.5,newyork,True,True,True,120,,,4.3,,,20.0,2.5
0.7158,36.59,11.98,0.01,-10.95,135.4,1104,18,6,-0.0099,1.2402,bb_bounce_19965860,USDJPY,bb_bounce,A×2.0,A×0.7,newyork,True,True,True,60,,,2.3,,,14.0,1.5
1.1668,60.48,1.5,0.0,1.77,449.7,210,4,8,0.0084,0.7625,bb_bounce_1f99b61b,USDJPY,bb_bounce,A×3.0,A×1.5,london,False,True,True,120,,,7.5,,,20.0,2.5
0.8705,29.05,7.67,0.01,-5.61,485.3,692,16,6,-0.0081,2.1264,bb_bounce_f41af612,USDJPY,bb_bounce,A×2.5,A×1.0,london,False,False,True,60,,,8.1,,,25.0,2.0
0.8891,60.47,3.11,0.0,-1.71,452.4,296,5,13,-0.0058,0.5812,bb_bounce_5a3b70c2,USDJPY,bb_bounce,A×5.0,A×2.0,london,True,True,True,0,,,7.5,,,10.0,2.0
0.8423,48.34,6.11,0.01,-5.05,230.0,753,8,11,-0.0067,0.9001,bb_bounce_29a3355f,USDJPY,bb_bounce,A×2.5,A×1.0,newyork,False,True,True,60,,,3.8,,,14.0,2.0
0.8823,50.24,12.44,0.01,-8.35,339.7,1435,8,9,-0.0058,0.8737,bb_bounce_95920fa0,USDJPY,bb_bounce,A×3.0,A×1.5,london,False,True,True,120,,,5.7,,,10.0,1.5
1.0679,47.59,2.27,0.0,1.07,281.6,374,8,6,0.0029,1.1759,bb_bounce_b85e5221,USDJPY,bb_bounce,A×2.5,A×1.0,london,True,True,True,60,,,4.7,,,20.0,2.0
0.8275,44.78,12.98,0.01,-10.81,314.8,1418,11,7,-0.0076,1.0204,bb_bounce_76f9f738,USDJPY,bb_bounce,A×4.0,A×1.0,london,False,True,False,0,,,5.2,,,25.0,1.5
0.858,47.36,7.59,0.01,-5.52,283.1,872,8,7,-0.0063,0.9536,bb_bounce_22a03843,USDJPY,bb_bounce,A×3.0,A×1.5,newyork,True,False,True,0,,,4.7,,,14.0,1.5
0.9229,43.08,8.2,0.01,-4.66,508.4,1091,12,8,-0.0043,1.2195,bb_bounce_dacb0f71,USDJPY,bb_bounce,A×5.0,A×2.0,newyork,False,False,True,30,,,8.5,,,14.0,1.5
0.7733,42.47,4.78,0.0,-4.37,278.4,405,12,6,-0.0108,1.0475,bb_bounce_ddc4ae06,USDJPY,bb_bounce,A×5.0,A×1.5,newyork,True,False,True,120,,,4.6,,,30.0,2.0
1.2294,56.6,0.81,0.0,1.1,404.7,106,4,6,0.0104,0.9425,bb_bounce_cf2b95a6,USDJPY,bb_bounce,A×3.0,A×1.5,london,True,True,False,120,,,6.7,,,20.0,2.5
0.9048,46.39,1.42,0.0,-1.17,288.9,291,6,10,-0.004,1.0456,bb_bounce_99c87804,USDJPY,bb_bounce,A×4.0,A×1.0,newyork,True,True,True,60,,,4.8,,,10.0,2.0
0.9439,17.56,3.26,0.0,-1.11,447.8,393,20,2,-0.0028,4.432,bb_bounce_4e9dadf4,USDJPY,bb_bounce,A×3.0,A×0.7,london,True,False,False,120,,,7.5,,,25.0,2.0
0.9861,56.97,3.65,0.0,-0.46,609.6,574,7,9,-0.0008,0.7449,bb_bounce_a2d4ef36,USDJPY,bb_bounce,A×4.0,A×1.5,london,False,True,False,0,,,10.2,,,25.0,2.0
0.884,54.17,0.53,0.0,-0.1,365.0,24,5,3,-0.004,0.748,bb_bounce_4ca9a58f,USDJPY,bb_bounce,A×5.0,A×1.5,newyork,False,True,True,0,,,6.1,,,10.0,2.5
0.8501,15.58,11.21,0.01,-6.51,2937.7,308,22,3,-0.0211,4.6049,bb_bounce_15f9453f,USDJPY,bb_bounce,A×6.0,A×1.5,london,False,False,False,0,,,49.0,,,30.0,1.5
0.9077,44.78,3.06,0.0,-1.74,244.7,431,11,7,-0.004,1.1193,bb_bounce_9de46e9d,USDJPY,bb_bounce,A×2.5,A×1.0,newyork,True,True,True,30,,,4.1,,,25.0,2.0
1.1042,47.09,2.42,0.0,3.59,336.2,858,12,8,0.0042,1.2408,bb_bounce_204abb2d,USDJPY,bb_bounce,A×4.0,A×1.0,london,True,True,False,0,,,5.6,,,30.0,1.5
0.8409,41.67,2.2,0.0,-0.81,574.3,84,10,6,-0.0097,1.1772,bb_bounce_71666502,USDJPY,bb_bounce,A×3.0,A×1.5,newyork,True,False,True,30,,,9.6,,,20.0,2.5
1.0003,45.97,3.17,0.0,0.0,439.8,248,12,8,0.0,1.1758,bb_bounce_5676647e,USDJPY,bb_bounce,A×3.0,A×1.5,newyork,False,False,True,120,,,7.3,,,25.0,2.5
0.8129,29.63,13.77,0.01,-12.51,578.2,1063,15,5,-0.0118,1.9303,bb_bounce_c7f605f6,USDJPY,bb_bounce,A×4.0,A×1.0,london,False,False,True,0,,,9.6,,,20.0,1.5
0.7624,22.76,10.6,0.01,-9.91,243.3,927,21,4,-0.0107,2.5871,bb_bounce_67964d79,USDJPY,bb_bounce,A×2.0,A×0.7,newyork,True,False,False,60,,,4.1,,,10.0,1.5
1.2088,54.55,0.18,0.0,0.05,158.2,11,3,4,0.0047,1.0074,bb_bounce_4cc04cda,USDJPY,bb_bounce,A×4.0,A×1.5,newyork,True,True,True,60,,,2.6,,,10.0,2.5
1.0937,53.7,1.03,0.0,0.46,265.0,108,5,6,0.0042,0.9429,bb_bounce_a2c2ea3d,USDJPY,bb_bounce,A×3.0,A×1.5,london,True,True,True,120,,,4.4,,,20.0,2.5
1.2114,46.74,0.53,0.0,0.61,144.8,92,9,6,0.0067,1.3805,bb_bounce_e7dcc942,USDJPY,bb_bounce,A×3.0,A×0.7,london,True,True,True,60,,,2.4,,,20.0,2.5
0.9119,42.31,9.47,0.01,-4.94,1438.6,520,6,6,-0.0095,1.2435,bb_bounce_ae632e77,USDJPY,bb_bounce,A×5.0,A×2.0,newyork,False,False,False,30,,,24.0,,,10.0,1.5
0.9487,43.58,6.08,0.01,-1.89,309.0,849,8,7,-0.0022,1.2282,bb_bounce_3fa9a4d6,USDJPY,bb_bounce,A×4.0,A×1.0,london,True,True,True,30,,,5.2,,,20.0,1.5
0.8257,36.53,4.91,0.0,-3.24,676.4,271,11,5,-0.012,1.4346,bb_bounce_0288bb10,USDJPY,bb_bounce,A×5.0,A×1.5,london,True,False,True,30,,,11.3,,,10.0,2.0
0.4155,38.46,0.33,0.0,-0.24,152.3,13,4,2,-0.0186,0.6647,bb_bounce_2a109d33,USDJPY,bb_bounce,A×2.0,A×0.7,london,True,True,True,30,,,2.5,,,10.0,2.5
0.8582,38.92,5.37,0.01,-5.12,139.7,1097,13,8,-0.0047,1.3466,bb_bounce_858a492c,USDJPY,bb_bounce,A×2.0,A×0.7,london,True,True,True,30,,,2.3,,,20.0,1.5
0.8699,34.21,7.36,0.01,-5.5,712.6,608,10,6,-0.009,1.6729,bb_bounce_2d916059,USDJPY,bb_bounce,A×5.0,A×1.5,london,True,False,True,120,,,11.9,,,10.0,1.5
0.8071,48.01,5.29,0.01,-2.86,301.6,302,13,8,-0.0095,0.8739,bb_bounce_d421299d,USDJPY,bb_bounce,A×5.0,A×1.5,london,True,True,True,0,,,5.0,,,10.0,2.0
0.7303,55.01,6.2,0.01,-5.17,342.0,389,7,7,-0.0133,0.5972,bb_bounce_e972a1b6,USDJPY,bb_bounce,A×3.0,A×1.5,newyork,True,True,False,60,,,5.7,,,25.0,2.0
0.7684,44.01,6.04,0.01,-5.76,203.7,593,9,8,-0.0097,0.9775,bb_bounce_63af2bfa,USDJPY,bb_bounce,A×3.0,A×1.0,newyork,False,True,True,30,,,3.4,,,10.0,2.0
0.9415,56.54,4.38,0.0,-1.96,415.3,665,7,11,-0.0029,0.7236,bb_bounce_1d0cd811,USDJPY,bb_bounce,A×6.0,A×1.5,newyork,False,True,True,0,,,6.9,,,30.0,2.0
0.9311,36.12,2.42,0.0,-1.48,279.3,443,12,6,-0.0033,1.647,bb_bounce_98dc315b,USDJPY,bb_bounce,A×2.5,A×1.0,newyork,True,False,True,120,,,4.7,,,30.0,2.0
0.9984,50.89,1.33,0.0,-0.02,275.9,281,7,10,-0.0001,0.9635,bb_bounce_6180d4ae,USDJPY,bb_bounce,A×4.0,A×1.0,newyork,True,True,False,60,,,4.6,,,10.0,2.0
1.3353,57.14,0.8,0.0,1.41,349.4,119,5,6,0.0118,1.0015,bb_bounce_b27af868,USDJPY,bb_bounce,A×5.0,A×2.0,london,True,True,True,30,,,5.8,,,30.0,2.5
0.8113,48.94,9.21,0.01,-6.98,319.6,758,9,7,-0.0092,0.8463,bb_bounce_4e9547c4,USDJPY,bb_bounce,A×6.0,A×1.5,newyork,True,True,True,60,,,5.3,,,30.0,1.5
0.8741,43.78,3.12,0.0,-2.47,236.8,434,12,6,-0.0057,1.1225,bb_bounce_0cba7774,USDJPY,bb_bounce,A×2.5,A×1.0,newyork,True,True,True,120,,,3.9,,,25.0,2.0
0.9832,46.55,3.92,0.0,-0.3,279.0,391,8,7,-0.0008,1.129,bb_bounce_5e90f205,USDJPY,bb_bounce,A×2.5,A×1.0,london,True,True,True,120,,,4.7,,,25.0,2.0
1.2492,56.0,0.6,0.0,0.51,314.4,50,7,4,0.0103,0.9815,bb_bounce_5016f3f9,USDJPY,bb_bounce,A×4.0,A×1.5,newyork,True,True,True,0,,,5.2,,,14.0,2.5
0.8749,37.72,1.3,0.0,-0.55,163.2,114,8,3,-0.0048,1.4447,bb_bounce_29eefb2f,USDJPY,bb_bounce,A×2.0,A×0.7,london,True,True,True,30,,,2.7,,,25.0,2.5
1.0361,39.5,2.22,0.0,0.41,275.4,281,13,10,0.0015,1.5868,bb_bounce_f3038fa1,USDJPY,bb_bounce,A×2.5,A×1.0,newyork,True,False,True,0,,,4.6,,,10.0,2.0
0.8013,43.42,4.73,0.0,-3.71,218.9,433,8,7,-0.0086,1.0443,bb_bounce_5c6ca166,USDJPY,bb_bounce,A×4.0,A×1.0,newyork,True,True,True,60,,,3.6,,,25.0,2.0
0.8802,50.93,3.23,0.0,-1.92,253.5,377,6,8,-0.0051,0.8481,bb_bounce_02c14800,USDJPY,bb_bounce,A×3.0,A×1.5,london,True,True,True,120,,,4.2,,,25.0,2.0
0.7826,37.32,3.45,0.0,-3.19,143.1,418,11,5,-0.0076,1.3144,bb_bounce_eb41bd2d,USDJPY,bb_bounce,A×2.0,A×0.7,london,True,True,True,60,,,2.4,,,20.0,2.0
1.0492,48.92,1.34,0.0,0.26,256.8,139,9,5,0.0019,1.0954,bb_bounce_bce31056,USDJPY,bb_bounce,A×4.0,A×1.0,newyork,True,True,True,60,,,4.3,,,30.0,2.5
1.1861,23.28,3.42,0.0,6.57,2260.9,305,14,3,0.0216,3.9091,bb_bounce_4396754b,USDJPY,bb_bounce,A×6.0,A×1.5,london,True,False,False,120,,,37.7,,,20.0,1.5
0.8736,40.57,10.34,0.01,-8.3,442.9,1193,12,8,-0.007,1.2797,bb_bounce_8505c3d7,USDJPY,bb_bounce,A×4.0,A×1.5,newyork,False,False,True,120,,,7.4,,,14.0,1.5
0.7996,47.45,5.63,0.01,-4.93,272.4,569,9,8,-0.0087,0.8854,bb_bounce_909f087a,USDJPY,bb_bounce,A×4.0,A×1.0,newyork,False,True,True,120,,,4.5,,,10.0,2.0
0.8651,49.47,1.0,0.0,-0.49,246.9,95,5,7,-0.0052,0.8836,bb_bounce_28afa0ca,USDJPY,bb_bounce,A×2.5,A×1.0,newyork,True,True,False,60,,,4.1,,,20.0,2.5
0.8458,34.86,7.38,0.01,-6.37,637.8,611,15,8,-0.0104,1.5805,bb_bounce_a262a48d,USDJPY,bb_bounce,A×4.0,A×1.5,newyork,True,False,True,60,,,10.6,,,30.0,1.5
0.8525,54.25,6.92,0.01,-5.32,350.8,741,8,12,-0.0072,0.7189,bb_bounce_c3a3c0a0,USDJPY,bb_bounce,A×3.0,A×1.5,newyork,True,True,True,30,,,5.8,,,25.0,1.5
0.8302,55.96,6.55,0.01,-4.59,363.7,554,10,9,-0.0083,0.6534,bb_bounce_8e834b15,USDJPY,bb_bounce,A×3.0,A×1.5,newyork,False,True,True,30,,,6.1,,,10.0,2.0
