timestamp,open,high,low,close,volume
2025-01-02 09:00:00,162.084,162.262,161.844,162.0,496
2025-01-02 09:05:00,162.06,162.116,161.918,162.046,53
2025-01-02 09:10:00,162.019,162.151,161.996,162.035,423
2025-01-02 09:15:00,162.045,162.096,161.876,162.033,114
2025-01-02 09:20:00,161.933,162.005,161.767,161.957,195
2025-01-02 09:25:00,162.062,162.218,161.89,161.952,361
2025-01-02 09:30:00,161.979,162.213,161.895,162.069,497
2025-01-02 09:35:00,162.158,162.3,162.097,162.21,208
2025-01-02 09:40:00,162.277,162.468,162.11,162.239,425
2025-01-02 09:45:00,162.39,162.502,162.25,162.328,361
2025-01-02 09:50:00,162.455,162.581,162.196,162.388,155
2025-01-02 09:55:00,162.492,162.603,162.313,162.534,303
2025-01-02 10:00:00,162.519,162.569,162.388,162.465,321
2025-01-02 10:05:00,162.37,162.464,162.304,162.379,120
2025-01-02 10:10:00,162.197,162.289,162.053,162.268,204
2025-01-02 10:15:00,162.319,162.379,162.104,162.296,156
2025-01-02 10:20:00,162.223,162.384,162.032,162.227,176
2025-01-02 10:25:00,162.082,162.227,162.025,162.052,296
2025-01-02 10:30:00,162.089,162.249,161.938,162.082,90
2025-01-02 10:35:00,162.052,162.247,161.978,162.122,450
2025-01-02 10:40:00,162.348,162.528,162.247,162.322,213
2025-01-02 10:45:00,162.252,162.342,162.231,162.294,326
2025-01-02 10:50:00,162.22,162.274,162.05,162.2,289
2025-01-02 10:55:00,162.162,162.264,161.989,162.193,470
2025-01-02 11:00:00,162.216,162.333,162.052,162.23,68
2025-01-02 11:05:00,162.071,162.196,162.052,162.098,368
2025-01-02 11:10:00,162.057,162.167,161.87,162.048,430
2025-01-02 11:15:00,162.12,162.297,162.03,162.098,413
2025-01-02 11:20:00,162.251,162.342,161.985,162.14,181
2025-01-02 11:25:00,162.481,162.686,162.394,162.515,240
2025-01-02 11:30:00,162.557,162.716,162.544,162.631,430
2025-01-02 11:35:00,162.475,162.69,162.34,162.539,148
2025-01-02 11:40:00,162.575,162.642,162.493,162.558,245
2025-01-02 11:45:00,162.746,162.849,162.715,162.741,208
2025-01-02 11:50:00,162.823,162.849,162.653,162.777,300
2025-01-02 11:55:00,162.798,162.884,162.715,162.832,145
2025-01-02 12:00:00,162.773,162.874,162.693,162.78,136
2025-01-02 12:05:00,162.809,162.898,162.668,162.794,295
2025-01-02 12:10:00,162.791,162.973,162.67,162.809,428
2025-01-02 12:15:00,162.92,163.043,162.723,162.837,126
2025-01-02 12:20:00,162.838,163.03,162.76,162.806,261
2025-01-02 12:25:00,162.763,162.791,162.661,162.775,305
2025-01-02 12:30:00,162.714,162.972,162.572,162.799,474
2025-01-02 12:35:00,163.017,163.065,162.875,162.918,371
2025-01-02 12:40:00,162.764,162.93,162.653,162.737,386
2025-01-02 12:45:00,162.65,162.784,162.469,162.653,355
2025-01-02 12:50:00,162.76,162.942,162.645,162.759,490
2025-01-02 12:55:00,162.949,163.06,162.76,162.821,313
2025-01-02 13:00:00,162.803,162.82,162.586,162.783,477
2025-01-02 13:05:00,162.644,162.78,162.471,162.693,293
2025-01-02 13:10:00,162.802,162.98,162.728,162.779,457
2025-01-02 13:15:00,162.821,162.993,162.655,162.762,459
2025-01-02 13:20:00,162.684,162.847,162.484,162.697,215
2025-01-02 13:25:00,162.52,162.657,162.337,162.54,431
2025-01-02 13:30:00,162.667,162.839,162.476,162.61,140
2025-01-02 13:35:00,162.364,162.479,162.174,162.382,482
2025-01-02 13:40:00,162.218,162.331,162.094,162.318,245
2025-01-02 13:45:00,162.212,162.409,162.103,162.228,125
2025-01-02 13:50:00,162.147,162.342,162.044,162.181,478
2025-01-02 13:55:00,162.254,162.445,162.234,162.263,184
2025-01-02 14:00:00,162.275,162.34,162.159,162.264,479
2025-01-02 14:05:00,162.127,162.182,162.006,162.101,265
2025-01-02 14:10:00,162.149,162.402,161.962,162.204,496
2025-01-02 14:15:00,162.206,162.294,162.193,162.208,238
2025-01-02 14:20:00,162.428,162.627,162.235,162.406,495
2025-01-02 14:25:00,162.445,162.583,162.434,162.519,273
2025-01-02 14:30:00,162.56,162.71,162.523,162.546,498
2025-01-02 14:35:00,162.394,162.519,162.24,162.421,186
2025-01-02 14:40:00,162.585,162.656,162.429,162.539,57
2025-01-02 14:45:00,162.492,162.6,162.383,162.559,353
2025-01-02 14:50:00,162.462,162.639,162.339,162.417,299
2025-01-02 14:55:00,162.402,162.513,162.37,162.438,73
2025-01-02 15:00:00,162.311,162.501,162.297,162.316,464
2025-01-02 15:05:00,162.213,162.289,162.16,162.26,94
2025-01-02 15:10:00,162.128,162.148,162.09,162.119,285
2025-01-02 15:15:00,162.122,162.222,162.105,162.156,80
2025-01-02 15:20:00,162.138,162.156,161.91,162.068,332
2025-01-02 15:25:00,162.094,162.173,162.063,162.092,294
2025-01-02 15:30:00,162.059,162.191,161.971,162.105,212
2025-01-02 15:35:00,162.157,162.339,162.046,162.162,139
2025-01-02 15:40:00,162.259,162.427,162.104,162.274,238
2025-01-02 15:45:00,162.333,162.345,162.166,162.33,446
2025-01-02 15:50:00,162.305,162.423,162.24,162.325,396
2025-01-02 15:55:00,162.347,162.37,162.094,162.254,204
2025-01-02 16:00:00,162.027,162.145,161.955,162.014,415
2025-01-02 16:05:00,162.036,162.176,161.859,162.0,152
2025-01-02 16:10:00,161.926,162.055,161.777,162.025,407
2025-01-02 16:15:00,162.093,162.161,161.906,162.138,395
2025-01-02 16:20:00,162.182,162.34,162.123,162.177,358
2025-01-02 16:25:00,162.106,162.215,161.954,162.044,365
2025-01-02 16:30:00,161.964,162.128,161.768,161.913,346
2025-01-02 16:35:00,161.786,161.906,161.681,161.856,125
2025-01-02 16:40:00,161.814,161.914,161.736,161.803,499
2025-01-02 16:45:00,161.74,161.911,161.675,161.732,476
2025-01-02 16:50:00,161.79,161.975,161.62,161.762,358
2025-01-02 16:55:00,161.987,162.029,161.79,161.912,168
2025-01-02 17:00:00,162.084,162.195,161.974,162.074,464
2025-01-02 17:05:00,161.988,162.153,161.942,161.977,182
2025-01-02 17:10:00,161.852,162.019,161.702,161.851,163
2025-01-02 17:15:00,161.749,161.844,161.57,161.749,300
2025-01-02 17:20:00,162.016,162.121,161.854,162.034,443
2025-01-02 17:25:00,161.893,161.994,161.84,161.891,372
2025-01-02 17:30:00,161.747,161.917,161.655,161.718,292
2025-01-02 17:35:00,161.569,161.673,161.488,161.604,109
2025-01-02 17:40:00,161.647,161.814,161.624,161.744,106
2025-01-02 17:45:00,161.727,161.84,161.605,161.795,214
2025-01-02 17:50:00,161.599,161.74,161.482,161.635,490
2025-01-02 17:55:00,161.442,161.599,161.286,161.449,491
2025-01-02 18:00:00,161.513,161.557,161.434,161.445,150
2025-01-02 18:05:00,161.447,161.64,161.306,161.456,112
2025-01-02 18:10:00,161.508,161.557,161.433,161.479,50
2025-01-02 18:15:00,161.556,161.685,161.456,161.489,388
2025-01-02 18:20:00,161.572,161.767,161.435,161.603,125
2025-01-02 18:25:00,161.708,161.816,161.657,161.699,255
2025-01-02 18:30:00,161.797,161.951,161.692,161.803,210
2025-01-02 18:35:00,161.919,162.089,161.725,161.862,120
2025-01-02 18:40:00,161.868,161.953,161.801,161.883,346
2025-01-02 18:45:00,162.003,162.191,161.85,161.917,410
2025-01-02 18:50:00,161.794,161.952,161.755,161.804,486
2025-01-02 18:55:00,161.845,161.989,161.73,161.762,398
2025-01-02 19:00:00,161.728,161.92,161.654,161.738,454
2025-01-02 19:05:00,161.775,161.978,161.643,161.804,356
2025-01-02 19:10:00,161.877,161.993,161.739,161.887,173
2025-01-02 19:15:00,161.973,162.125,161.781,161.925,455
2025-01-02 19:20:00,162.074,162.155,161.975,162.0,254
2025-01-02 19:25:00,161.867,162.011,161.756,161.923,128
2025-01-02 19:30:00,161.917,162.071,161.859,161.88,466
2025-01-02 19:35:00,161.726,161.805,161.587,161.768,278
2025-01-02 19:40:00,161.654,161.68,161.559,161.597,229
2025-01-02 19:45:00,161.526,161.64,161.36,161.5,115
2025-01-02 19:50:00,161.561,161.601,161.372,161.529,242
2025-01-02 19:55:00,161.643,161.705,161.477,161.612,389
2025-01-02 20:00:00,161.55,161.66,161.393,161.534,177
2025-01-02 20:05:00,161.516,161.646,161.406,161.55,326
2025-01-02 20:10:00,161.82,161.982,161.57,161.735,346
2025-01-02 20:15:00,161.849,161.972,161.662,161.868,446
2025-01-02 20:20:00,161.662,161.843,161.488,161.776,233
2025-01-02 20:25:00,161.679,161.843,161.491,161.744,468
2025-01-02 20:30:00,161.727,161.868,161.636,161.738,401
2025-01-02 20:35:00,161.829,162.007,161.663,161.832,78
2025-01-02 20:40:00,161.936,161.948,161.767,161.893,116
2025-01-02 20:45:00,162.091,162.126,161.91,162.022,195
2025-01-02 20:50:00,161.96,162.022,161.801,161.986,489
2025-01-02 20:55:00,162.063,162.139,162.024,162.087,314
2025-01-02 21:00:00,162.107,162.447,161.948,162.254,277
2025-01-02 21:05:00,162.18,162.287,162.058,162.198,367
2025-01-02 21:10:00,162.219,162.235,162.082,162.221,196
2025-01-02 21:15:00,162.033,162.166,162.009,162.079,231
2025-01-02 21:20:00,161.821,161.886,161.687,161.839,172
2025-01-02 21:25:00,161.929,162.09,161.755,161.917,240
2025-01-02 21:30:00,161.992,162.12,161.878,162.016,161
2025-01-02 21:35:00,162.154,162.26,162.109,162.12,268
2025-01-02 21:40:00,161.998,162.133,161.899,162.031,390
2025-01-02 21:45:00,162.09,162.154,161.873,162.06,381
2025-01-02 21:50:00,161.921,162.15,161.887,161.953,399
2025-01-02 21:55:00,162.143,162.203,161.929,162.104,155
2025-01-02 22:00:00,162.245,162.493,162.067,162.298,125
2025-01-02 22:05:00,162.318,162.34,162.156,162.304,129
2025-01-02 22:10:00,162.284,162.322,162.12,162.222,343
2025-01-02 22:15:00,162.146,162.243,162.118,162.183,247
2025-01-02 22:20:00,162.115,162.274,162.027,162.083,296
2025-01-02 22:25:00,162.227,162.312,162.08,162.199,303
2025-01-02 22:30:00,162.176,162.385,162.041,162.204,83
2025-01-02 22:35:00,162.349,162.397,162.1,162.234,286
2025-01-02 22:40:00,162.216,162.347,161.999,162.097,264
2025-01-02 22:45:00,162.109,162.221,161.939,162.197,443
2025-01-02 22:50:00,162.199,162.314,161.935,162.029,362
2025-01-02 22:55:00,161.932,162.14,161.842,161.945,375
2025-01-02 23:00:00,162.02,162.087,161.861,161.956,94
2025-01-02 23:05:00,161.927,161.988,161.726,161.854,393
2025-01-02 23:10:00,161.78,161.834,161.697,161.768,491
2025-01-02 23:15:00,161.83,161.989,161.619,161.76,276
2025-01-02 23:20:00,161.692,161.805,161.661,161.691,457
2025-01-02 23:25:00,161.819,162.023,161.639,161.85,489
2025-01-02 23:30:00,161.767,161.824,161.697,161.805,73
2025-01-02 23:35:00,161.805,162.049,161.751,161.874,444
2025-01-02 23:40:00,161.913,162.12,161.719,161.937,407
2025-01-02 23:45:00,161.912,161.987,161.882,161.91,437
2025-01-02 23:50:00,162.016,162.036,161.814,161.964,84
2025-01-02 23:55:00,161.93,162.105,161.894,161.976,132
2025-01-03 00:00:00,161.813,161.969,161.681,161.868,239
2025-01-03 00:05:00,161.731,161.917,161.557,161.792,323
2025-01-03 00:10:00,161.673,161.795,161.588,161.747,281
2025-01-03 00:15:00,161.878,161.982,161.801,161.845,433
2025-01-03 00:20:00,161.862,161.942,161.667,161.802,80
2025-01-03 00:25:00,161.808,161.968,161.751,161.819,276
2025-01-03 00:30:00,161.851,162.012,161.728,161.819,83
2025-01-03 00:35:00,161.749,161.939,161.561,161.778,410
2025-01-03 00:40:00,161.989,162.157,161.889,161.93,481
2025-01-03 00:45:00,162.043,162.246,161.997,162.063,271
2025-01-03 00:50:00,162.167,162.313,161.98,162.097,420
2025-01-03 00:55:00,162.216,162.3,162.104,162.214,344
2025-01-03 01:00:00,162.182,162.293,162.033,162.188,440
2025-01-03 01:05:00,162.094,162.195,162.057,162.14,418
2025-01-03 01:10:00,162.285,162.398,162.117,162.273,177
2025-01-03 01:15:00,162.414,162.443,162.256,162.377,135
2025-01-03 01:20:00,162.463,162.549,162.439,162.538,385
2025-01-03 01:25:00,162.629,162.706,162.521,162.668,203
2025-01-03 01:30:00,162.557,162.718,162.412,162.614,250
2025-01-03 01:35:00,162.406,162.525,162.274,162.381,477
2025-01-03 01:40:00,162.534,162.667,162.482,162.541,308
2025-01-03 01:45:00,162.402,162.633,162.314,162.443,302
2025-01-03 01:50:00,162.393,162.427,162.281,162.361,123
2025-01-03 01:55:00,162.642,162.828,162.525,162.588,239
2025-01-03 02:00:00,162.392,162.595,162.22,162.447,406
2025-01-03 02:05:00,162.297,162.451,162.132,162.366,272
2025-01-03 02:10:00,162.398,162.582,162.34,162.36,338
2025-01-03 02:15:00,162.262,162.411,162.094,162.325,256
2025-01-03 02:20:00,162.349,162.514,162.222,162.308,254
2025-01-03 02:25:00,162.171,162.308,162.075,162.177,231
2025-01-03 02:30:00,162.282,162.445,162.169,162.218,257
2025-01-03 02:35:00,162.16,162.337,162.037,162.198,350
2025-01-03 02:40:00,162.196,162.291,162.026,162.169,421
2025-01-03 02:45:00,162.206,162.288,162.107,162.269,153
2025-01-03 02:50:00,162.216,162.278,162.168,162.196,250
2025-01-03 02:55:00,162.367,162.396,162.19,162.231,86
2025-01-03 03:00:00,162.188,162.496,162.128,162.347,456
2025-01-03 03:05:00,162.416,162.433,162.37,162.381,416
2025-01-03 03:10:00,162.52,162.682,162.427,162.555,112
2025-01-03 03:15:00,162.561,162.741,162.533,162.544,53
2025-01-03 03:20:00,162.432,162.579,162.285,162.475,307
2025-01-03 03:25:00,162.587,162.726,162.478,162.614,74
2025-01-03 03:30:00,162.595,162.711,162.396,162.493,272
2025-01-03 03:35:00,162.375,162.434,162.185,162.368,201
2025-01-03 03:40:00,162.481,162.572,162.379,162.482,156
2025-01-03 03:45:00,162.477,162.564,162.346,162.521,106
2025-01-03 03:50:00,162.508,162.656,162.346,162.533,130
2025-01-03 03:55:00,162.509,162.689,162.316,162.549,446
2025-01-03 04:00:00,162.821,162.987,162.722,162.767,274
2025-01-03 04:05:00,162.581,162.727,162.565,162.631,150
2025-01-03 04:10:00,162.657,162.81,162.614,162.69,279
2025-01-03 04:15:00,162.678,162.809,162.553,162.712,300
2025-01-03 04:20:00,162.734,162.819,162.719,162.749,379
2025-01-03 04:25:00,162.582,162.713,162.528,162.677,126
2025-01-03 04:30:00,162.763,162.808,162.722,162.735,262
2025-01-03 04:35:00,162.771,162.837,162.602,162.804,419
2025-01-03 04:40:00,162.744,162.813,162.652,162.738,368
2025-01-03 04:45:00,162.864,162.931,162.737,162.847,127
2025-01-03 04:50:00,162.732,162.858,162.626,162.713,308
2025-01-03 04:55:00,162.844,162.95,162.727,162.745,78
2025-01-03 05:00:00,162.701,162.782,162.541,162.684,364
2025-01-03 05:05:00,162.797,162.828,162.566,162.738,175
2025-01-03 05:10:00,162.832,163.009,162.787,162.851,437
2025-01-03 05:15:00,162.806,162.944,162.646,162.887,66
2025-01-03 05:20:00,163.046,163.115,162.911,163.053,70
2025-01-03 05:25:00,163.128,163.15,162.927,163.109,429
2025-01-03 05:30:00,163.045,163.237,162.862,163.039,173
2025-01-03 05:35:00,163.219,163.33,163.147,163.195,81
2025-01-03 05:40:00,163.037,163.165,162.854,163.034,112
2025-01-03 05:45:00,163.22,163.309,162.98,163.123,437
2025-01-03 05:50:00,163.102,163.114,163.005,163.042,497
2025-01-03 05:55:00,163.072,163.122,162.993,163.108,336
2025-01-03 06:00:00,163.036,163.289,163.001,163.105,159
2025-01-03 06:05:00,163.239,163.295,163.069,163.229,227
2025-01-03 06:10:00,163.226,163.395,163.196,163.208,183
2025-01-03 06:15:00,163.054,163.23,162.961,163.031,253
2025-01-03 06:20:00,163.072,163.204,162.944,163.053,220
2025-01-03 06:25:00,163.019,163.173,162.853,163.082,466
2025-01-03 06:30:00,163.118,163.342,162.927,163.166,377
2025-01-03 06:35:00,163.156,163.275,162.823,163.018,474
2025-01-03 06:40:00,163.131,163.176,162.878,163.062,59
2025-01-03 06:45:00,162.925,163.115,162.774,162.984,128
2025-01-03 06:50:00,162.919,162.962,162.807,162.92,323
2025-01-03 06:55:00,162.902,162.932,162.797,162.842,153
2025-01-03 07:00:00,162.99,163.132,162.866,162.972,53
2025-01-03 07:05:00,162.98,163.027,162.735,162.925,211
2025-01-03 07:10:00,162.948,163.182,162.892,162.998,150
2025-01-03 07:15:00,163.136,163.197,163.026,163.119,414
2025-01-03 07:20:00,163.304,163.408,163.154,163.22,328
2025-01-03 07:25:00,163.153,163.271,163.031,163.23,91
2025-01-03 07:30:00,163.231,163.445,163.101,163.245,368
2025-01-03 07:35:00,163.194,163.344,163.16,163.241,425
2025-01-03 07:40:00,163.437,163.556,163.252,163.429,158
2025-01-03 07:45:00,163.335,163.43,163.18,163.379,317
2025-01-03 07:50:00,163.58,163.649,163.407,163.56,464
2025-01-03 07:55:00,163.512,163.604,163.459,163.528,241
2025-01-03 08:00:00,163.431,163.486,163.371,163.428,256
2025-01-03 08:05:00,163.54,163.63,163.299,163.44,213
2025-01-03 08:10:00,163.355,163.481,163.233,163.387,350
2025-01-03 08:15:00,163.411,163.5,163.185,163.381,109
2025-01-03 08:20:00,163.507,163.638,163.321,163.523,87
2025-01-03 08:25:00,163.58,163.785,163.419,163.616,332
2025-01-03 08:30:00,163.44,163.677,163.418,163.56,129
2025-01-03 08:35:00,163.531,163.625,163.478,163.554,348
2025-01-03 08:40:00,163.567,163.681,163.409,163.588,166
2025-01-03 08:45:00,163.677,163.752,163.58,163.61,388
2025-01-03 08:50:00,163.707,163.812,163.664,163.692,238
2025-01-03 08:55:00,163.547,163.738,163.427,163.542,331
2025-01-03 09:00:00,163.288,163.417,163.195,163.259,233
2025-01-03 09:05:00,163.259,163.36,163.084,163.246,454
2025-01-03 09:10:00,163.196,163.348,163.039,163.191,373
2025-01-03 09:15:00,163.326,163.432,163.247,163.263,377
2025-01-03 09:20:00,163.459,163.601,163.335,163.53,257
2025-01-03 09:25:00,163.534,163.589,163.508,163.518,126
2025-01-03 09:30:00,163.645,163.833,163.53,163.648,475
2025-01-03 09:35:00,163.461,163.53,163.335,163.515,159
2025-01-03 09:40:00,163.684,163.871,163.541,163.655,234
2025-01-03 09:45:00,163.684,163.707,163.517,163.651,409
2025-01-03 09:50:00,163.857,163.919,163.652,163.844,130
2025-01-03 09:55:00,163.839,164.059,163.711,163.863,99
2025-01-03 10:00:00,163.87,163.905,163.806,163.846,483
2025-01-03 10:05:00,163.829,164.024,163.818,163.843,293
2025-01-03 10:10:00,164.101,164.245,163.902,164.074,354
2025-01-03 10:15:00,164.113,164.292,164.026,164.117,176
2025-01-03 10:20:00,164.21,164.371,164.026,164.203,281
2025-01-03 10:25:00,164.14,164.367,164.06,164.173,472
2025-01-03 10:30:00,164.173,164.233,164.161,164.208,267
2025-01-03 10:35:00,164.384,164.503,164.333,164.347,383
2025-01-03 10:40:00,164.359,164.485,164.3,164.358,425
2025-01-03 10:45:00,164.628,164.7,164.525,164.574,123
2025-01-03 10:50:00,164.762,164.818,164.529,164.683,229
2025-01-03 10:55:00,164.455,164.653,164.443,164.532,377
2025-01-03 11:00:00,164.623,164.715,164.36,164.523,142
2025-01-03 11:05:00,164.486,164.704,164.36,164.534,420
2025-01-03 11:10:00,164.654,164.829,164.511,164.598,418
2025-01-03 11:15:00,164.694,164.763,164.577,164.661,216
2025-01-03 11:20:00,164.876,164.964,164.651,164.826,116
2025-01-03 11:25:00,164.842,165.104,164.674,164.906,451
2025-01-03 11:30:00,164.977,165.157,164.911,164.996,265
2025-01-03 11:35:00,164.965,165.093,164.844,164.97,485
2025-01-03 11:40:00,164.99,165.18,164.768,164.951,169
2025-01-03 11:45:00,164.869,165.147,164.74,164.982,396
2025-01-03 11:50:00,164.988,165.16,164.768,164.928,104
2025-01-03 11:55:00,164.862,164.927,164.809,164.888,473
2025-01-03 12:00:00,165.134,165.21,165.0,165.069,348
2025-01-03 12:05:00,164.935,164.994,164.775,164.915,378
2025-01-03 12:10:00,164.985,165.021,164.871,164.995,394
2025-01-03 12:15:00,164.932,165.118,164.832,164.953,110
2025-01-03 12:20:00,164.931,165.047,164.814,164.905,470
2025-01-03 12:25:00,165.03,165.157,164.866,164.998,445
2025-01-03 12:30:00,164.688,164.909,164.664,164.735,429
2025-01-03 12:35:00,164.326,164.525,164.135,164.394,324
2025-01-03 12:40:00,164.49,164.524,164.265,164.415,144
2025-01-03 12:45:00,164.474,164.528,164.354,164.401,121
2025-01-03 12:50:00,164.318,164.373,164.225,164.357,312
2025-01-03 12:55:00,164.232,164.262,164.154,164.226,449
2025-01-03 13:00:00,164.183,164.277,163.985,164.238,452
2025-01-03 13:05:00,164.342,164.503,164.317,164.346,145
2025-01-03 13:10:00,164.378,164.54,164.183,164.406,125
2025-01-03 13:15:00,164.359,164.614,164.201,164.416,454
2025-01-03 13:20:00,164.309,164.342,164.181,164.31,228
2025-01-03 13:25:00,164.343,164.484,164.312,164.343,158
2025-01-03 13:30:00,164.399,164.543,164.331,164.424,478
2025-01-03 13:35:00,164.476,164.619,164.4,164.46,176
2025-01-03 13:40:00,164.648,164.769,164.565,164.617,266
2025-01-03 13:45:00,164.761,164.934,164.642,164.746,415
2025-01-03 13:50:00,164.732,164.743,164.556,164.717,308
2025-01-03 13:55:00,164.664,164.779,164.601,164.706,257
2025-01-03 14:00:00,164.621,164.743,164.552,164.618,252
2025-01-03 14:05:00,164.57,164.623,164.372,164.546,415
2025-01-03 14:10:00,164.454,164.65,164.255,164.487,355
2025-01-03 14:15:00,164.582,164.724,164.396,164.573,280
2025-01-03 14:20:00,164.352,164.494,164.258,164.35,268
2025-01-03 14:25:00,164.217,164.297,164.101,164.268,358
2025-01-03 14:30:00,164.48,164.506,164.27,164.38,230
2025-01-03 14:35:00,164.275,164.476,164.109,164.289,231
2025-01-03 14:40:00,164.309,164.321,164.061,164.2,495
2025-01-03 14:45:00,164.313,164.447,164.198,164.397,76
2025-01-03 14:50:00,164.647,164.692,164.501,164.657,438
2025-01-03 14:55:00,164.577,164.769,164.445,164.584,180
2025-01-03 15:00:00,164.566,164.59,164.358,164.515,327
2025-01-03 15:05:00,164.52,164.65,164.461,164.538,240
2025-01-03 15:10:00,164.422,164.586,164.4,164.444,435
2025-01-03 15:15:00,164.499,164.577,164.285,164.433,71
2025-01-03 15:20:00,164.351,164.514,164.154,164.38,191
2025-01-03 15:25:00,164.39,164.476,164.248,164.457,414
2025-01-03 15:30:00,164.491,164.563,164.332,164.48,64
2025-01-03 15:35:00,164.579,164.633,164.359,164.559,288
2025-01-03 15:40:00,164.374,164.566,164.316,164.438,408
2025-01-03 15:45:00,164.503,164.565,164.306,164.49,77
2025-01-03 15:50:00,164.517,164.573,164.363,164.539,187
2025-01-03 15:55:00,164.428,164.5,164.334,164.483,259
2025-01-03 16:00:00,164.645,164.808,164.46,164.634,406
2025-01-03 16:05:00,164.654,164.852,164.445,164.634,485
2025-01-03 16:10:00,164.641,164.736,164.476,164.687,182
2025-01-03 16:15:00,164.673,164.74,164.549,164.692,337
2025-01-03 16:20:00,164.657,164.862,164.606,164.677,451
2025-01-03 16:25:00,164.782,164.861,164.564,164.712,97
2025-01-03 16:30:00,164.601,164.643,164.484,164.604,312
2025-01-03 16:35:00,164.628,164.745,164.488,164.622,163
2025-01-03 16:40:00,164.668,164.758,164.653,164.747,363
2025-01-03 16:45:00,164.801,164.824,164.532,164.711,409
2025-01-03 16:50:00,164.769,164.975,164.748,164.79,402
2025-01-03 16:55:00,164.933,165.083,164.87,164.92,371
2025-01-03 17:00:00,164.804,164.897,164.64,164.827,187
2025-01-03 17:05:00,164.841,165.114,164.815,164.933,465
2025-01-03 17:10:00,165.04,165.247,164.896,165.072,306
2025-01-03 17:15:00,165.015,165.129,164.948,165.027,357
2025-01-03 17:20:00,165.067,165.206,164.979,165.078,145
2025-01-03 17:25:00,165.04,165.211,164.926,165.066,95
2025-01-03 17:30:00,165.199,165.372,164.961,165.089,434
2025-01-03 17:35:00,165.073,165.131,164.84,164.992,53
2025-01-03 17:40:00,164.839,164.964,164.666,164.854,451
2025-01-03 17:45:00,164.933,165.068,164.755,164.957,76
2025-01-03 17:50:00,165.068,165.143,165.026,165.081,265
2025-01-03 17:55:00,165.111,165.224,164.984,165.089,260
2025-01-03 18:00:00,165.292,165.39,165.102,165.204,466
2025-01-03 18:05:00,165.194,165.403,165.011,165.254,370
2025-01-03 18:10:00,165.281,165.374,165.201,165.317,130
2025-01-03 18:15:00,165.196,165.376,165.152,165.252,252
2025-01-03 18:20:00,165.367,165.526,165.228,165.298,93
2025-01-03 18:25:00,165.212,165.351,165.038,165.224,329
2025-01-03 18:30:00,165.266,165.455,165.113,165.204,283
2025-01-03 18:35:00,165.249,165.361,165.104,165.171,289
2025-01-03 18:40:00,165.078,165.145,164.917,165.115,97
2025-01-03 18:45:00,164.967,165.027,164.782,164.974,344
2025-01-03 18:50:00,164.783,164.917,164.683,164.755,203
2025-01-03 18:55:00,164.545,164.666,164.479,164.62,444
2025-01-03 19:00:00,164.54,164.791,164.526,164.616,261
2025-01-03 19:05:00,164.704,164.893,164.473,164.653,257
2025-01-03 19:10:00,164.542,164.583,164.379,164.539,396
2025-01-03 19:15:00,164.236,164.3,164.201,164.27,342
2025-01-03 19:20:00,164.235,164.344,164.199,164.307,282
2025-01-03 19:25:00,164.296,164.379,164.158,164.233,119
2025-01-03 19:30:00,164.372,164.536,164.263,164.317,436
2025-01-03 19:35:00,164.369,164.508,164.202,164.461,136
2025-01-03 19:40:00,164.599,164.684,164.313,164.5,377
2025-01-03 19:45:00,164.517,164.628,164.491,164.538,441
2025-01-03 19:50:00,164.632,164.824,164.472,164.666,404
2025-01-03 19:55:00,164.505,164.689,164.465,164.612,486
2025-01-03 20:00:00,164.713,164.918,164.676,164.729,390
2025-01-03 20:05:00,164.539,164.695,164.47,164.532,183
2025-01-03 20:10:00,164.451,164.649,164.358,164.401,197
2025-01-03 20:15:00,164.519,164.744,164.437,164.603,139
2025-01-03 20:20:00,164.485,164.643,164.436,164.522,250
2025-01-03 20:25:00,164.526,164.698,164.361,164.539,253
2025-01-03 20:30:00,164.731,164.878,164.572,164.622,138
2025-01-03 20:35:00,164.708,164.829,164.534,164.695,274
2025-01-03 20:40:00,164.751,164.946,164.559,164.733,124
2025-01-03 20:45:00,164.86,164.99,164.728,164.893,154
2025-01-03 20:50:00,164.937,165.095,164.801,164.973,64
2025-01-03 20:55:00,165.194,165.36,164.935,165.068,279
2025-01-03 21:00:00,165.145,165.164,164.926,165.124,202
2025-01-03 21:05:00,165.127,165.154,164.971,165.106,483
2025-01-03 21:10:00,165.255,165.435,165.169,165.228,353
2025-01-03 21:15:00,164.913,165.052,164.864,165.011,329
2025-01-03 21:20:00,165.174,165.258,164.858,165.058,342
2025-01-03 21:25:00,164.974,164.993,164.776,164.967,474
2025-01-03 21:30:00,164.9,165.089,164.743,164.915,92
2025-01-03 21:35:00,164.679,164.811,164.488,164.705,74
2025-01-03 21:40:00,164.742,164.842,164.575,164.765,168
2025-01-03 21:45:00,164.782,164.968,164.693,164.721,157
2025-01-03 21:50:00,164.753,164.853,164.596,164.738,94
2025-01-03 21:55:00,164.853,164.963,164.692,164.937,239
2025-01-03 22:00:00,165.187,165.385,165.077,165.1,57
2025-01-03 22:05:00,165.198,165.32,165.12,165.215,465
2025-01-03 22:10:00,165.388,165.557,165.332,165.36,307
2025-01-03 22:15:00,165.195,165.341,165.035,165.301,353
2025-01-03 22:20:00,165.51,165.521,165.347,165.488,184
2025-01-03 22:25:00,165.388,165.451,165.336,165.44,149
2025-01-03 22:30:00,165.458,165.616,165.314,165.404,139
2025-01-03 22:35:00,165.315,165.379,165.177,165.338,173
2025-01-03 22:40:00,165.357,165.406,165.312,165.368,68
2025-01-03 22:45:00,165.392,165.58,165.21,165.387,94
2025-01-03 22:50:00,165.416,165.606,165.207,165.391,312
2025-01-03 22:55:00,165.331,165.47,165.174,165.288,270
2025-01-03 23:00:00,165.123,165.15,165.088,165.131,234
2025-01-03 23:05:00,165.217,165.372,165.042,165.225,176
2025-01-03 23:10:00,165.087,165.226,164.829,165.001,157
2025-01-03 23:15:00,165.093,165.28,164.962,165.111,250
2025-01-03 23:20:00,165.001,165.083,164.923,164.985,305
2025-01-03 23:25:00,164.974,165.164,164.846,165.002,487
2025-01-03 23:30:00,165.169,165.184,164.984,165.168,431
2025-01-03 23:35:00,165.15,165.284,165.095,165.115,253
2025-01-03 23:40:00,165.133,165.182,165.009,165.07,80
2025-01-03 23:45:00,165.166,165.324,165.083,165.149,78
2025-01-03 23:50:00,165.275,165.364,165.048,165.244,248
2025-01-03 23:55:00,165.461,165.636,165.281,165.365,341
2025-01-04 00:00:00,165.418,165.5,165.268,165.379,199
2025-01-04 00:05:00,165.485,165.503,165.334,165.394,499
2025-01-04 00:10:00,165.438,165.52,165.356,165.475,170
2025-01-04 00:15:00,165.295,165.378,165.172,165.325,310
2025-01-04 00:20:00,165.289,165.387,165.045,165.229,337
2025-01-04 00:25:00,165.363,165.43,165.309,165.333,264
2025-01-04 00:30:00,165.401,165.565,165.24,165.302,53
2025-01-04 00:35:00,165.242,165.469,165.122,165.328,113
2025-01-04 00:40:00,165.342,165.377,165.308,165.35,371
2025-01-04 00:45:00,165.34,165.53,165.215,165.375,196
2025-01-04 00:50:00,165.489,165.576,165.456,165.514,330
2025-01-04 00:55:00,165.418,165.504,165.378,165.446,238
2025-01-04 01:00:00,165.352,165.465,165.261,165.36,447
2025-01-04 01:05:00,165.487,165.506,165.302,165.485,491
2025-01-04 01:10:00,165.492,165.54,165.294,165.423,426
2025-01-04 01:15:00,165.338,165.558,165.323,165.41,222
2025-01-04 01:20:00,165.513,165.531,165.424,165.509,400
2025-01-04 01:25:00,165.657,165.852,165.598,165.727,260
2025-01-04 01:30:00,165.712,165.795,165.612,165.745,162
2025-01-04 01:35:00,165.484,165.687,165.431,165.487,201
2025-01-04 01:40:00,165.414,165.559,165.31,165.473,413
2025-01-04 01:45:00,165.496,165.677,165.484,165.541,294
2025-01-04 01:50:00,165.676,165.747,165.484,165.617,268
2025-01-04 01:55:00,165.526,165.643,165.451,165.567,107
2025-01-04 02:00:00,165.434,165.528,165.351,165.447,112
2025-01-04 02:05:00,165.415,165.63,165.404,165.483,54
2025-01-04 02:10:00,165.433,165.61,165.395,165.449,56
2025-01-04 02:15:00,165.425,165.592,165.356,165.454,323
2025-01-04 02:20:00,165.516,165.642,165.381,165.484,460
2025-01-04 02:25:00,165.374,165.476,165.351,165.386,475
2025-01-04 02:30:00,165.477,165.634,165.289,165.486,111
2025-01-04 02:35:00,165.371,165.443,165.298,165.408,494
2025-01-04 02:40:00,165.46,165.621,165.309,165.45,487
2025-01-04 02:45:00,165.532,165.578,165.331,165.531,256
2025-01-04 02:50:00,165.587,165.609,165.557,165.599,328
2025-01-04 02:55:00,165.509,165.725,165.381,165.539,440
2025-01-04 03:00:00,165.497,165.689,165.324,165.455,173
2025-01-04 03:05:00,165.395,165.523,165.23,165.387,439
2025-01-04 03:10:00,165.378,165.42,165.243,165.339,420
2025-01-04 03:15:00,165.379,165.453,165.195,165.312,260
2025-01-04 03:20:00,165.339,165.478,165.17,165.304,58
2025-01-04 03:25:00,165.218,165.243,165.117,165.216,91
2025-01-04 03:30:00,165.48,165.633,165.314,165.451,287
2025-01-04 03:35:00,165.565,165.581,165.447,165.563,50
2025-01-04 03:40:00,165.577,165.711,165.318,165.495,322
2025-01-04 03:45:00,165.544,165.681,165.466,165.55,62
2025-01-04 03:50:00,165.587,165.784,165.469,165.593,314
2025-01-04 03:55:00,165.441,165.57,165.387,165.475,445
2025-01-04 04:00:00,165.339,165.474,165.308,165.388,261
2025-01-04 04:05:00,165.393,165.494,165.181,165.381,425
2025-01-04 04:10:00,165.336,165.445,165.163,165.413,54
2025-01-04 04:15:00,165.215,165.385,165.02,165.291,409
2025-01-04 04:20:00,165.251,165.407,165.122,165.278,101
2025-01-04 04:25:00,165.366,165.564,165.287,165.331,64
2025-01-04 04:30:00,165.253,165.273,165.17,165.213,494
2025-01-04 04:35:00,165.159,165.318,164.969,165.142,309
2025-01-04 04:40:00,165.181,165.261,165.001,165.221,334
2025-01-04 04:45:00,165.333,165.465,165.079,165.265,435
2025-01-04 04:50:00,165.172,165.265,165.005,165.192,340
2025-01-04 04:55:00,165.194,165.205,164.936,165.078,223
2025-01-04 05:00:00,164.952,165.047,164.926,164.963,387
2025-01-04 05:05:00,165.038,165.111,164.958,164.996,139
2025-01-04 05:10:00,164.8,164.888,164.612,164.748,202
2025-01-04 05:15:00,164.909,165.085,164.75,164.903,60
2025-01-04 05:20:00,164.922,165.107,164.812,164.87,134
2025-01-04 05:25:00,164.904,164.934,164.833,164.906,367
2025-01-04 05:30:00,164.878,165.06,164.865,164.941,482
2025-01-04 05:35:00,164.945,164.99,164.762,164.905,107
2025-01-04 05:40:00,164.82,164.88,164.773,164.83,466
2025-01-04 05:45:00,164.907,165.052,164.717,164.933,141
2025-01-04 05:50:00,164.844,165.043,164.687,164.863,303
2025-01-04 05:55:00,164.812,164.985,164.692,164.841,358
2025-01-04 06:00:00,164.768,164.811,164.727,164.739,66
2025-01-04 06:05:00,164.674,164.816,164.477,164.695,400
2025-01-04 06:10:00,164.571,164.76,164.498,164.621,366
2025-01-04 06:15:00,164.904,165.013,164.773,164.813,58
2025-01-04 06:20:00,164.929,165.048,164.733,164.889,302
2025-01-04 06:25:00,164.521,164.624,164.454,164.552,185
2025-01-04 06:30:00,164.651,164.713,164.523,164.561,248
2025-01-04 06:35:00,164.732,164.828,164.441,164.637,261
2025-01-04 06:40:00,164.88,165.025,164.806,164.87,124
2025-01-04 06:45:00,164.838,164.899,164.719,164.741,320
2025-01-04 06:50:00,164.941,165.007,164.733,164.889,278
2025-01-04 06:55:00,164.933,164.993,164.777,164.944,464
2025-01-04 07:00:00,165.026,165.116,164.838,164.978,328
2025-01-04 07:05:00,165.156,165.198,164.969,165.126,111
2025-01-04 07:10:00,165.057,165.253,164.95,165.067,458
2025-01-04 07:15:00,164.914,165.021,164.801,164.978,372
2025-01-04 07:20:00,164.888,164.931,164.692,164.861,248
2025-01-04 07:25:00,164.786,164.904,164.6,164.771,273
2025-01-04 07:30:00,164.661,164.81,164.516,164.673,484
2025-01-04 07:35:00,164.587,164.77,164.516,164.569,115
2025-01-04 07:40:00,164.632,164.786,164.452,164.662,295
2025-01-04 07:45:00,164.692,164.84,164.603,164.692,390
2025-01-04 07:50:00,164.568,164.668,164.518,164.626,363
2025-01-04 07:55:00,164.673,164.716,164.573,164.64,464
2025-01-04 08:00:00,164.574,164.676,164.495,164.632,432
2025-01-04 08:05:00,164.601,164.64,164.464,164.628,220
2025-01-04 08:10:00,164.589,164.701,164.567,164.665,156
2025-01-04 08:15:00,164.705,164.942,164.666,164.746,345
2025-01-04 08:20:00,164.92,165.089,164.679,164.838,99
2025-01-04 08:25:00,164.931,165.051,164.77,164.935,331
2025-01-04 08:30:00,165.342,165.541,165.06,165.228,240
2025-01-04 08:35:00,165.447,165.597,165.355,165.433,111
2025-01-04 08:40:00,165.331,165.516,165.312,165.371,455
2025-01-04 08:45:00,165.377,165.484,165.268,165.426,302
2025-01-04 08:50:00,165.269,165.351,165.082,165.258,212
2025-01-04 08:55:00,165.458,165.651,165.289,165.489,227
2025-01-04 09:00:00,165.486,165.605,165.395,165.471,365
2025-01-04 09:05:00,165.345,165.454,165.197,165.34,50
2025-01-04 09:10:00,165.422,165.471,165.255,165.382,462
2025-01-04 09:15:00,165.398,165.599,165.271,165.454,345
2025-01-04 09:20:00,165.406,165.626,165.362,165.429,320
2025-01-04 09:25:00,165.431,165.623,165.332,165.388,170
2025-01-04 09:30:00,165.397,165.571,165.223,165.399,448
2025-01-04 09:35:00,165.37,165.567,165.264,165.411,165
2025-01-04 09:40:00,165.404,165.603,165.239,165.368,301
2025-01-04 09:45:00,165.192,165.229,165.084,165.202,387
2025-01-04 09:50:00,165.358,165.37,165.3,165.32,165
2025-01-04 09:55:00,165.436,165.564,165.188,165.368,182
2025-01-04 10:00:00,165.277,165.292,165.118,165.274,63
2025-01-04 10:05:00,165.345,165.516,165.213,165.39,483
2025-01-04 10:10:00,165.242,165.422,165.223,165.327,74
2025-01-04 10:15:00,165.194,165.318,164.997,165.16,456
2025-01-04 10:20:00,165.094,165.283,164.938,165.049,418
2025-01-04 10:25:00,164.917,165.069,164.788,164.952,80
2025-01-04 10:30:00,165.079,165.276,164.966,165.092,449
2025-01-04 10:35:00,164.93,165.059,164.89,164.955,305
2025-01-04 10:40:00,164.97,165.11,164.739,164.939,393
2025-01-04 10:45:00,164.796,164.952,164.747,164.789,160
2025-01-04 10:50:00,164.921,164.972,164.751,164.95,433
2025-01-04 10:55:00,164.889,165.173,164.752,165.026,138
2025-01-04 11:00:00,164.933,165.02,164.87,164.993,373
2025-01-04 11:05:00,165.035,165.232,164.921,165.011,169
2025-01-04 11:10:00,164.797,165.023,164.772,164.858,191
2025-01-04 11:15:00,164.738,164.825,164.709,164.724,287
2025-01-04 11:20:00,164.773,164.981,164.64,164.791,227
2025-01-04 11:25:00,164.803,164.819,164.58,164.706,56
2025-01-04 11:30:00,164.723,164.898,164.659,164.687,334
2025-01-04 11:35:00,164.7,164.927,164.685,164.735,97
2025-01-04 11:40:00,164.696,164.715,164.565,164.647,127
2025-01-04 11:45:00,164.852,165.045,164.696,164.809,271
2025-01-04 11:50:00,164.695,164.877,164.677,164.777,446
2025-01-04 11:55:00,164.773,164.898,164.621,164.722,463
2025-01-04 12:00:00,164.782,164.959,164.69,164.826,90
2025-01-04 12:05:00,164.742,164.906,164.537,164.681,77
2025-01-04 12:10:00,164.664,164.825,164.618,164.663,174
2025-01-04 12:15:00,164.817,164.934,164.675,164.774,79
2025-01-04 12:20:00,164.713,164.724,164.523,164.685,123
2025-01-04 12:25:00,164.788,164.903,164.612,164.82,231
2025-01-04 12:30:00,164.826,164.918,164.76,164.817,253
2025-01-04 12:35:00,164.883,165.084,164.84,164.884,359
2025-01-04 12:40:00,164.778,164.788,164.558,164.733,170
2025-01-04 12:45:00,164.651,164.716,164.542,164.594,405
2025-01-04 12:50:00,164.56,164.617,164.373,164.487,156
2025-01-04 12:55:00,164.414,164.519,164.274,164.463,442
2025-01-04 13:00:00,164.466,164.523,164.278,164.486,73
2025-01-04 13:05:00,164.438,164.609,164.406,164.495,444
2025-01-04 13:10:00,164.693,164.773,164.665,164.677,309
2025-01-04 13:15:00,164.725,164.827,164.591,164.743,127
2025-01-04 13:20:00,164.888,164.905,164.841,164.882,374
2025-01-04 13:25:00,164.955,165.147,164.889,164.914,134
2025-01-04 13:30:00,164.714,164.897,164.592,164.805,256
2025-01-04 13:35:00,164.771,164.855,164.666,164.796,107
2025-01-04 13:40:00,164.77,164.884,164.637,164.845,264
2025-01-04 13:45:00,164.977,165.142,164.774,164.916,393
2025-01-04 13:50:00,164.933,164.999,164.81,164.984,110
2025-01-04 13:55:00,164.885,165.049,164.815,165.003,179
2025-01-04 14:00:00,165.02,165.154,164.887,165.062,340
2025-01-04 14:05:00,164.997,165.065,164.937,164.969,423
2025-01-04 14:10:00,165.095,165.183,164.99,165.072,262
2025-01-04 14:15:00,164.977,165.15,164.924,164.968,361
2025-01-04 14:20:00,165.236,165.424,165.088,165.154,307
2025-01-04 14:25:00,165.063,165.079,164.965,165.049,280
2025-01-04 14:30:00,165.163,165.206,165.068,165.157,297
2025-01-04 14:35:00,165.262,165.428,165.093,165.226,204
2025-01-04 14:40:00,165.323,165.512,165.264,165.329,485
2025-01-04 14:45:00,165.25,165.399,165.153,165.243,271
2025-01-04 14:50:00,165.279,165.349,165.139,165.301,58
2025-01-04 14:55:00,165.13,165.284,165.019,165.14,144
2025-01-04 15:00:00,165.175,165.233,165.03,165.118,374
2025-01-04 15:05:00,165.165,165.235,165.055,165.209,413
2025-01-04 15:10:00,165.43,165.566,165.341,165.429,198
2025-01-04 15:15:00,165.411,165.547,165.245,165.346,136
2025-01-04 15:20:00,165.482,165.516,165.288,165.435,219
2025-01-04 15:25:00,165.263,165.4,165.158,165.333,86
2025-01-04 15:30:00,165.31,165.458,165.189,165.27,342
2025-01-04 15:35:00,165.301,165.402,165.095,165.221,275
2025-01-04 15:40:00,165.23,165.395,165.155,165.271,419
2025-01-04 15:45:00,165.065,165.283,164.9,165.178,460
2025-01-04 15:50:00,165.032,165.115,164.878,165.054,330
2025-01-04 15:55:00,165.371,165.403,165.234,165.339,296
2025-01-04 16:00:00,165.465,165.557,165.331,165.478,297
2025-01-04 16:05:00,165.587,165.636,165.429,165.544,231
2025-01-04 16:10:00,165.489,165.658,165.432,165.527,408
2025-01-04 16:15:00,165.371,165.718,165.233,165.542,84
2025-01-04 16:20:00,165.434,165.509,165.407,165.48,407
2025-01-04 16:25:00,165.468,165.594,165.327,165.398,248
2025-01-04 16:30:00,165.301,165.446,165.24,165.353,211
2025-01-04 16:35:00,165.478,165.554,165.302,165.431,195
2025-01-04 16:40:00,165.261,165.334,165.122,165.317,60
2025-01-04 16:45:00,165.501,165.568,165.254,165.415,95
2025-01-04 16:50:00,165.508,165.618,165.45,165.508,486
2025-01-04 16:55:00,165.331,165.431,165.258,165.392,405
2025-01-04 17:00:00,165.497,165.644,165.349,165.439,54
2025-01-04 17:05:00,165.572,165.645,165.514,165.57,283
2025-01-04 17:10:00,165.544,165.677,165.48,165.602,341
2025-01-04 17:15:00,165.624,165.716,165.59,165.678,364
2025-01-04 17:20:00,165.654,165.828,165.533,165.648,384
2025-01-04 17:25:00,165.7,165.854,165.592,165.634,460
2025-01-04 17:30:00,165.572,165.767,165.458,165.629,182
2025-01-04 17:35:00,165.708,165.875,165.603,165.683,137
2025-01-04 17:40:00,165.549,165.631,165.457,165.527,253
2025-01-04 17:45:00,165.454,165.488,165.363,165.458,137
2025-01-04 17:50:00,165.609,165.776,165.507,165.555,443
2025-01-04 17:55:00,165.551,165.707,165.444,165.573,212
2025-01-04 18:00:00,165.598,165.72,165.497,165.567,108
2025-01-04 18:05:00,165.651,165.772,165.462,165.616,336
2025-01-04 18:10:00,165.555,165.708,165.485,165.552,480
2025-01-04 18:15:00,165.784,165.831,165.536,165.717,64
2025-01-04 18:20:00,165.635,165.77,165.472,165.715,469
2025-01-04 18:25:00,165.538,165.791,165.375,165.655,175
2025-01-04 18:30:00,165.419,165.747,165.398,165.554,358
2025-01-04 18:35:00,165.585,165.757,165.57,165.618,442
2025-01-04 18:40:00,165.824,165.841,165.632,165.77,207
2025-01-04 18:45:00,165.622,165.68,165.579,165.653,477
2025-01-04 18:50:00,165.59,165.772,165.412,165.612,277
2025-01-04 18:55:00,165.573,165.806,165.419,165.629,148
2025-01-04 19:00:00,165.579,165.694,165.452,165.561,152
2025-01-04 19:05:00,165.825,166.014,165.75,165.796,459
2025-01-04 19:10:00,166.022,166.214,165.751,165.879,301
2025-01-04 19:15:00,165.888,166.09,165.796,165.982,317
2025-01-04 19:20:00,165.834,165.972,165.691,165.883,383
2025-01-04 19:25:00,165.855,165.966,165.73,165.866,294
2025-01-04 19:30:00,166.096,166.236,165.8,165.985,372
2025-01-04 19:35:00,166.0,166.189,165.78,165.96,224
2025-01-04 19:40:00,165.896,166.05,165.85,165.861,376
2025-01-04 19:45:00,165.863,165.948,165.731,165.882,301
2025-01-04 19:50:00,165.77,165.972,165.57,165.819,495
2025-01-04 19:55:00,165.776,165.825,165.636,165.736,164
2025-01-04 20:00:00,165.81,165.945,165.721,165.766,211
2025-01-04 20:05:00,165.815,165.932,165.762,165.773,355
2025-01-04 20:10:00,166.036,166.174,165.959,165.976,473
2025-01-04 20:15:00,166.007,166.126,165.94,166.049,304
2025-01-04 20:20:00,166.0,166.031,165.924,165.977,402
2025-01-04 20:25:00,166.074,166.122,166.01,166.031,348
2025-01-04 20:30:00,166.023,166.249,165.849,166.077,263
2025-01-04 20:35:00,165.996,166.049,165.835,165.993,129
2025-01-04 20:40:00,165.871,166.023,165.707,165.847,407
2025-01-04 20:45:00,165.936,166.004,165.802,165.872,97
2025-01-04 20:50:00,165.813,165.905,165.724,165.826,68
2025-01-04 20:55:00,165.816,165.949,165.581,165.773,162
2025-01-04 21:00:00,165.698,165.921,165.662,165.74,418
2025-01-04 21:05:00,165.868,165.901,165.792,165.847,249
2025-01-04 21:10:00,165.82,166.011,165.662,165.811,482
2025-01-04 21:15:00,165.881,165.977,165.733,165.831,425
2025-01-04 21:20:00,165.884,166.021,165.752,165.887,197
2025-01-04 21:25:00,165.902,166.038,165.755,165.864,244
2025-01-04 21:30:00,165.833,165.935,165.736,165.867,285
2025-01-04 21:35:00,165.981,166.025,165.829,165.905,278
2025-01-04 21:40:00,165.846,165.955,165.708,165.86,189
2025-01-04 21:45:00,165.9,165.922,165.721,165.905,327
2025-01-04 21:50:00,165.848,166.002,165.61,165.81,55
2025-01-04 21:55:00,165.693,165.811,165.497,165.671,221
2025-01-04 22:00:00,165.777,166.017,165.764,165.871,233
2025-01-04 22:05:00,166.069,166.166,165.774,165.952,283
2025-01-04 22:10:00,165.801,165.964,165.624,165.853,419
2025-01-04 22:15:00,165.808,166.002,165.704,165.875,109
2025-01-04 22:20:00,165.816,165.889,165.626,165.803,75
2025-01-04 22:25:00,165.944,166.005,165.762,165.917,125
2025-01-04 22:30:00,166.007,166.197,165.867,166.013,291
2025-01-04 22:35:00,165.975,166.099,165.798,165.996,290
2025-01-04 22:40:00,166.048,166.124,165.963,165.996,57
2025-01-04 22:45:00,166.149,166.329,165.984,166.167,203
2025-01-04 22:50:00,166.163,166.349,165.973,166.18,79
2025-01-04 22:55:00,166.243,166.384,166.094,166.153,116
2025-01-04 23:00:00,166.086,166.232,165.843,166.033,60
2025-01-04 23:05:00,166.112,166.217,165.91,166.082,97
2025-01-04 23:10:00,166.067,166.179,165.922,166.122,419
2025-01-04 23:15:00,166.12,166.297,165.991,166.134,443
2025-01-04 23:20:00,166.138,166.31,166.05,166.112,457
2025-01-04 23:25:00,166.153,166.31,166.002,166.128,491
2025-01-04 23:30:00,166.377,166.432,166.179,166.299,399
2025-01-04 23:35:00,166.351,166.518,166.293,166.326,169
2025-01-04 23:40:00,166.224,166.328,166.213,166.267,292
2025-01-04 23:45:00,166.212,166.4,166.151,166.202,456
2025-01-04 23:50:00,166.01,166.071,165.968,165.993,455
2025-01-04 23:55:00,166.054,166.14,165.913,165.998,253
2025-01-05 00:00:00,166.052,166.178,165.927,166.059,199
2025-01-05 00:05:00,166.187,166.289,165.988,166.133,497
2025-01-05 00:10:00,166.034,166.14,165.855,166.053,152
2025-01-05 00:15:00,166.104,166.296,166.052,166.066,158
2025-01-05 00:20:00,166.163,166.265,166.063,166.127,190
2025-01-05 00:25:00,166.138,166.335,166.094,166.117,341
2025-01-05 00:30:00,166.046,166.287,165.882,166.129,229
2025-01-05 00:35:00,166.09,166.17,166.009,166.024,440
2025-01-05 00:40:00,165.862,166.076,165.679,165.928,445
2025-01-05 00:45:00,165.811,165.941,165.665,165.85,80
2025-01-05 00:50:00,165.831,166.024,165.576,165.735,137
2025-01-05 00:55:00,166.098,166.198,165.964,166.054,358
2025-01-05 01:00:00,165.974,166.17,165.886,166.082,67
2025-01-05 01:05:00,166.206,166.268,166.072,166.17,408
2025-01-05 01:10:00,166.054,166.239,165.903,166.096,247
2025-01-05 01:15:00,166.05,166.314,165.956,166.151,451
2025-01-05 01:20:00,166.072,166.129,165.937,166.079,469
2025-01-05 01:25:00,166.147,166.305,166.101,166.21,79
2025-01-05 01:30:00,166.161,166.384,166.091,166.189,347
2025-01-05 01:35:00,166.146,166.36,166.092,166.224,275
2025-01-05 01:40:00,166.261,166.435,166.013,166.18,463
2025-01-05 01:45:00,166.13,166.322,166.011,166.075,85
2025-01-05 01:50:00,166.088,166.23,165.951,166.124,263
2025-01-05 01:55:00,166.354,166.552,166.203,166.317,198
2025-01-05 02:00:00,166.336,166.475,166.231,166.318,495
2025-01-05 02:05:00,166.238,166.395,166.13,166.228,157
2025-01-05 02:10:00,166.401,166.446,166.344,166.387,331
2025-01-05 02:15:00,166.277,166.504,166.11,166.342,214
2025-01-05 02:20:00,166.185,166.277,166.066,166.179,97
2025-01-05 02:25:00,166.39,166.519,166.13,166.324,66
2025-01-05 02:30:00,166.422,166.522,166.276,166.453,467
2025-01-05 02:35:00,166.323,166.513,166.19,166.327,166
2025-01-05 02:40:00,166.157,166.257,166.055,166.217,93
2025-01-05 02:45:00,166.263,166.363,166.174,166.272,159
2025-01-05 02:50:00,166.548,166.744,166.418,166.43,345
2025-01-05 02:55:00,166.064,166.087,165.865,166.06,335
2025-01-05 03:00:00,166.101,166.283,165.992,166.114,448
2025-01-05 03:05:00,166.057,166.198,165.905,166.028,98
2025-01-05 03:10:00,165.936,166.012,165.789,165.973,228
2025-01-05 03:15:00,165.961,165.978,165.783,165.952,249
2025-01-05 03:20:00,165.783,165.987,165.641,165.803,449
2025-01-05 03:25:00,165.782,165.975,165.675,165.754,101
2025-01-05 03:30:00,165.845,165.905,165.665,165.803,392
2025-01-05 03:35:00,165.721,165.912,165.591,165.725,475
2025-01-05 03:40:00,165.698,165.866,165.629,165.646,241
2025-01-05 03:45:00,165.631,165.688,165.589,165.647,76
2025-01-05 03:50:00,165.564,165.755,165.402,165.551,85
2025-01-05 03:55:00,165.55,165.727,165.528,165.582,353
2025-01-05 04:00:00,165.714,165.822,165.609,165.711,445
2025-01-05 04:05:00,165.561,165.747,165.448,165.589,367
2025-01-05 04:10:00,165.493,165.677,165.43,165.516,303
2025-01-05 04:15:00,165.627,165.759,165.472,165.624,310
2025-01-05 04:20:00,165.583,165.696,165.433,165.594,437
2025-01-05 04:25:00,165.589,165.697,165.551,165.673,223
2025-01-05 04:30:00,165.733,165.879,165.508,165.633,76
2025-01-05 04:35:00,165.578,165.756,165.456,165.617,419
2025-01-05 04:40:00,165.558,165.755,165.495,165.554,425
2025-01-05 04:45:00,165.527,165.665,165.441,165.562,167
2025-01-05 04:50:00,165.539,165.57,165.494,165.518,490
2025-01-05 04:55:00,165.47,165.581,165.348,165.494,157
2025-01-05 05:00:00,165.327,165.419,165.233,165.312,94
2025-01-05 05:05:00,165.429,165.453,165.204,165.363,245
2025-01-05 05:10:00,165.187,165.295,165.122,165.246,133
2025-01-05 05:15:00,165.284,165.387,165.088,165.265,492
2025-01-05 05:20:00,165.265,165.352,165.241,165.32,216
2025-01-05 05:25:00,165.276,165.549,165.207,165.391,429
2025-01-05 05:30:00,165.502,165.57,165.401,165.47,205
2025-01-05 05:35:00,165.251,165.383,165.179,165.273,175
2025-01-05 05:40:00,165.376,165.405,165.306,165.383,498
2025-01-05 05:45:00,165.448,165.566,165.29,165.426,161
2025-01-05 05:50:00,165.415,165.513,165.385,165.43,392
2025-01-05 05:55:00,165.405,165.562,165.301,165.421,301
2025-01-05 06:00:00,165.475,165.634,165.409,165.492,184
2025-01-05 06:05:00,165.453,165.502,165.292,165.405,193
2025-01-05 06:10:00,165.584,165.716,165.363,165.534,89
2025-01-05 06:15:00,165.447,165.592,165.274,165.465,366
2025-01-05 06:20:00,165.71,165.839,165.457,165.652,279
2025-01-05 06:25:00,165.594,165.804,165.551,165.627,488
2025-01-05 06:30:00,165.646,165.686,165.521,165.63,446
2025-01-05 06:35:00,165.65,165.725,165.614,165.701,373
2025-01-05 06:40:00,165.651,165.875,165.498,165.681,72
2025-01-05 06:45:00,165.858,165.929,165.682,165.768,244
2025-01-05 06:50:00,165.868,166.063,165.801,165.869,305
2025-01-05 06:55:00,165.942,165.954,165.742,165.91,289
2025-01-05 07:00:00,165.848,165.917,165.673,165.877,266
2025-01-05 07:05:00,165.927,165.976,165.688,165.876,372
2025-01-05 07:10:00,166.183,166.235,165.862,166.055,201
2025-01-05 07:15:00,166.109,166.151,165.859,166.044,163
2025-01-05 07:20:00,166.029,166.19,165.929,166.003,100
2025-01-05 07:25:00,166.163,166.337,165.938,166.126,393
2025-01-05 07:30:00,166.187,166.323,166.0,166.103,59
2025-01-05 07:35:00,166.416,166.475,166.297,166.333,419
2025-01-05 07:40:00,166.169,166.221,166.128,166.205,292
2025-01-05 07:45:00,166.242,166.392,166.076,166.175,382
2025-01-05 07:50:00,166.332,166.372,166.284,166.295,247
2025-01-05 07:55:00,166.145,166.223,166.13,166.162,492
2025-01-05 08:00:00,166.369,166.428,166.23,166.321,368
2025-01-05 08:05:00,166.319,166.475,166.092,166.264,473
2025-01-05 08:10:00,166.415,166.58,166.258,166.414,313
2025-01-05 08:15:00,166.521,166.67,166.395,166.423,332
2025-01-05 08:20:00,166.599,166.616,166.554,166.586,122
2025-01-05 08:25:00,166.587,166.635,166.372,166.563,252
2025-01-05 08:30:00,166.569,166.636,166.461,166.608,352
2025-01-05 08:35:00,166.7,166.764,166.546,166.719,355
2025-01-05 08:40:00,166.712,166.938,166.694,166.753,108
2025-01-05 08:45:00,166.689,166.938,166.633,166.747,431
2025-01-05 08:50:00,166.709,166.78,166.566,166.715,346
2025-01-05 08:55:00,166.834,166.9,166.659,166.828,64
2025-01-05 09:00:00,166.786,166.97,166.58,166.735,472
2025-01-05 09:05:00,166.525,166.726,166.446,166.55,293
2025-01-05 09:10:00,166.686,166.789,166.61,166.666,414
2025-01-05 09:15:00,166.82,167.007,166.595,166.784,199
2025-01-05 09:20:00,166.857,167.018,166.668,166.857,171
2025-01-05 09:25:00,166.757,166.851,166.679,166.761,67
2025-01-05 09:30:00,166.761,166.894,166.559,166.756,147
2025-01-05 09:35:00,166.689,166.877,166.651,166.766,172
2025-01-05 09:40:00,166.842,166.909,166.601,166.794,128
2025-01-05 09:45:00,167.029,167.082,166.877,166.953,337
2025-01-05 09:50:00,167.143,167.196,167.009,167.031,362
2025-01-05 09:55:00,167.0,167.2,166.982,167.026,488
2025-01-05 10:00:00,167.261,167.35,167.173,167.194,467
2025-01-05 10:05:00,167.328,167.461,167.205,167.274,284
2025-01-05 10:10:00,167.313,167.427,167.267,167.312,131
2025-01-05 10:15:00,167.306,167.385,167.207,167.232,187
2025-01-05 10:20:00,167.234,167.286,167.18,167.21,208
2025-01-05 10:25:00,167.103,167.227,167.058,167.15,200
2025-01-05 10:30:00,167.045,167.19,166.987,167.146,331
2025-01-05 10:35:00,167.096,167.335,167.032,167.147,381
2025-01-05 10:40:00,167.094,167.19,166.949,167.12,151
2025-01-05 10:45:00,166.884,167.077,166.803,166.997,416
2025-01-05 10:50:00,167.037,167.204,166.884,166.95,444
2025-01-05 10:55:00,166.863,166.939,166.771,166.866,157
2025-01-05 11:00:00,166.861,166.957,166.85,166.899,182
2025-01-05 11:05:00,166.884,167.055,166.7,166.843,361
2025-01-05 11:10:00,166.546,166.608,166.401,166.593,403
2025-01-05 11:15:00,166.74,166.811,166.628,166.727,180
2025-01-05 11:20:00,166.729,166.819,166.605,166.745,169
2025-01-05 11:25:00,166.718,166.885,166.51,166.708,237
2025-01-05 11:30:00,166.539,166.615,166.345,166.599,464
2025-01-05 11:35:00,166.728,166.855,166.493,166.658,244
2025-01-05 11:40:00,166.665,166.703,166.588,166.677,213
2025-01-05 11:45:00,166.614,166.722,166.446,166.651,215
2025-01-05 11:50:00,166.615,166.812,166.455,166.673,342
2025-01-05 11:55:00,166.66,166.847,166.583,166.674,242
2025-01-05 12:00:00,166.901,166.991,166.877,166.917,271
2025-01-05 12:05:00,167.159,167.217,166.984,167.054,91
2025-01-05 12:10:00,167.053,167.21,166.899,167.035,105
2025-01-05 12:15:00,167.033,167.223,166.972,167.072,422
2025-01-05 12:20:00,166.989,167.138,166.956,167.007,483
2025-01-05 12:25:00,166.725,166.805,166.596,166.715,108
2025-01-05 12:30:00,166.605,166.66,166.391,166.586,349
2025-01-05 12:35:00,166.443,166.634,166.212,166.402,334
2025-01-05 12:40:00,166.443,166.549,166.413,166.463,261
2025-01-05 12:45:00,166.348,166.541,166.327,166.397,193
2025-01-05 12:50:00,166.349,166.53,166.255,166.354,442
2025-01-05 12:55:00,166.371,166.521,166.263,166.47,361
2025-01-05 13:00:00,166.347,166.509,166.158,166.39,109
2025-01-05 13:05:00,166.401,166.612,166.273,166.451,378
2025-01-05 13:10:00,166.431,166.627,166.379,166.389,382
2025-01-05 13:15:00,166.26,166.466,166.185,166.289,173
2025-01-05 13:20:00,166.167,166.323,165.972,166.161,246
2025-01-05 13:25:00,166.071,166.094,165.902,166.066,276
2025-01-05 13:30:00,166.067,166.082,165.881,166.018,329
2025-01-05 13:35:00,165.927,166.021,165.741,165.949,93
2025-01-05 13:40:00,165.919,166.031,165.754,165.992,279
2025-01-05 13:45:00,165.945,166.01,165.848,165.96,287
2025-01-05 13:50:00,165.827,166.012,165.732,165.785,246
2025-01-05 13:55:00,165.807,165.924,165.626,165.854,444
2025-01-05 14:00:00,165.707,165.899,165.495,165.694,167
2025-01-05 14:05:00,165.71,165.751,165.521,165.689,69
2025-01-05 14:10:00,165.675,165.78,165.528,165.62,263
2025-01-05 14:15:00,165.63,165.72,165.544,165.621,441
2025-01-05 14:20:00,165.659,165.849,165.585,165.635,220
2025-01-05 14:25:00,165.682,165.791,165.491,165.677,227
2025-01-05 14:30:00,165.542,165.666,165.36,165.617,449
2025-01-05 14:35:00,165.501,165.615,165.339,165.524,452
2025-01-05 14:40:00,165.433,165.63,165.368,165.432,393
2025-01-05 14:45:00,165.53,165.735,165.443,165.578,457
2025-01-05 14:50:00,165.509,165.71,165.368,165.581,273
2025-01-05 14:55:00,165.682,165.89,165.621,165.692,323
2025-01-05 15:00:00,165.637,165.691,165.551,165.564,494
2025-01-05 15:05:00,165.647,165.804,165.529,165.637,270
2025-01-05 15:10:00,165.597,165.647,165.481,165.555,435
2025-01-05 15:15:00,165.574,165.772,165.494,165.571,389
2025-01-05 15:20:00,165.48,165.543,165.435,165.511,490
2025-01-05 15:25:00,165.704,165.899,165.436,165.58,270
2025-01-05 15:30:00,165.573,165.711,165.56,165.605,139
2025-01-05 15:35:00,165.225,165.485,165.043,165.411,122
2025-01-05 15:40:00,165.394,165.535,165.238,165.457,57
2025-01-05 15:45:00,165.537,165.7,165.438,165.48,317
2025-01-05 15:50:00,165.499,165.695,165.361,165.45,366
2025-01-05 15:55:00,165.293,165.419,165.208,165.3,441
2025-01-05 16:00:00,165.295,165.467,165.275,165.308,146
2025-01-05 16:05:00,165.215,165.305,165.032,165.201,406
2025-01-05 16:10:00,164.995,165.206,164.957,165.029,94
2025-01-05 16:15:00,165.006,165.169,164.82,165.07,287
2025-01-05 16:20:00,165.338,165.376,165.144,165.315,266
2025-01-05 16:25:00,165.259,165.419,165.159,165.235,345
2025-01-05 16:30:00,165.191,165.301,165.171,165.251,456
2025-01-05 16:35:00,165.362,165.445,165.224,165.371,396
2025-01-05 16:40:00,165.411,165.471,165.35,165.391,90
2025-01-05 16:45:00,165.283,165.451,165.093,165.325,223
2025-01-05 16:50:00,165.353,165.422,165.303,165.344,232
2025-01-05 16:55:00,165.313,165.418,165.248,165.329,221
2025-01-05 17:00:00,165.302,165.342,165.219,165.282,187
2025-01-05 17:05:00,165.416,165.447,165.307,165.435,80
2025-01-05 17:10:00,165.418,165.513,165.386,165.422,323
2025-01-05 17:15:00,165.345,165.477,165.163,165.417,342
2025-01-05 17:20:00,165.273,165.433,165.181,165.32,485
2025-01-05 17:25:00,165.507,165.666,165.336,165.518,382
2025-01-05 17:30:00,165.671,165.739,165.464,165.642,125
2025-01-05 17:35:00,165.684,165.764,165.514,165.606,235
2025-01-05 17:40:00,165.56,165.644,165.416,165.485,376
2025-01-05 17:45:00,165.386,165.645,165.209,165.498,139
2025-01-05 17:50:00,165.549,165.682,165.442,165.614,123
2025-01-05 17:55:00,165.714,165.79,165.616,165.714,285
2025-01-05 18:00:00,165.727,165.809,165.666,165.738,66
2025-01-05 18:05:00,165.682,165.712,165.57,165.647,225
2025-01-05 18:10:00,165.758,165.909,165.666,165.736,144
2025-01-05 18:15:00,165.714,165.871,165.643,165.808,490
2025-01-05 18:20:00,165.826,165.983,165.677,165.813,246
2025-01-05 18:25:00,165.996,166.152,165.812,166.001,287
2025-01-05 18:30:00,166.048,166.126,165.856,166.005,373
2025-01-05 18:35:00,166.048,166.074,165.961,166.055,485
2025-01-05 18:40:00,166.069,166.154,165.911,166.1,363
2025-01-05 18:45:00,166.227,166.318,166.026,166.124,312
2025-01-05 18:50:00,166.152,166.341,166.005,166.093,497
2025-01-05 18:55:00,165.997,166.188,165.833,165.98,436
2025-01-05 19:00:00,166.102,166.27,166.028,166.155,269
2025-01-05 19:05:00,166.168,166.346,166.064,166.16,97
2025-01-05 19:10:00,166.175,166.365,166.049,166.214,62
2025-01-05 19:15:00,166.308,166.339,166.1,166.193,355
2025-01-05 19:20:00,166.217,166.352,166.115,166.214,264
2025-01-05 19:25:00,166.174,166.298,165.935,166.135,363
2025-01-05 19:30:00,166.253,166.375,166.117,166.219,298
2025-01-05 19:35:00,166.346,166.479,166.239,166.298,146
2025-01-05 19:40:00,166.528,166.647,166.304,166.492,363
2025-01-05 19:45:00,166.602,166.775,166.411,166.582,226
2025-01-05 19:50:00,166.566,166.715,166.421,166.546,232
2025-01-05 19:55:00,166.647,166.846,166.46,166.625,206
2025-01-05 20:00:00,166.564,166.736,166.344,166.542,198
2025-01-05 20:05:00,166.519,166.605,166.466,166.501,68
2025-01-05 20:10:00,166.35,166.531,166.225,166.393,435
2025-01-05 20:15:00,166.414,166.472,166.251,166.423,52
2025-01-05 20:20:00,166.474,166.5,166.292,166.39,317
2025-01-05 20:25:00,166.518,166.577,166.321,166.51,461
2025-01-05 20:30:00,166.595,166.681,166.363,166.54,398
2025-01-05 20:35:00,166.655,166.69,166.568,166.677,451
2025-01-05 20:40:00,166.819,166.957,166.7,166.712,105
2025-01-05 20:45:00,166.664,166.804,166.448,166.628,128
2025-01-05 20:50:00,166.59,166.653,166.511,166.611,447
2025-01-05 20:55:00,166.682,166.783,166.457,166.645,446
2025-01-05 21:00:00,166.649,166.78,166.416,166.588,248
2025-01-05 21:05:00,166.668,166.797,166.468,166.665,228
2025-01-05 21:10:00,166.548,166.56,166.458,166.538,197
2025-01-05 21:15:00,166.607,166.837,166.487,166.656,230
2025-01-05 21:20:00,166.612,166.745,166.433,166.627,65
2025-01-05 21:25:00,166.604,166.686,166.504,166.647,97
2025-01-05 21:30:00,166.679,166.722,166.501,166.644,101
2025-01-05 21:35:00,166.496,166.604,166.422,166.493,57
2025-01-05 21:40:00,166.501,166.549,166.453,166.529,187
2025-01-05 21:45:00,166.548,166.646,166.354,166.498,265
2025-01-05 21:50:00,166.391,166.445,166.232,166.312,162
2025-01-05 21:55:00,166.121,166.233,166.006,166.169,488
2025-01-05 22:00:00,166.325,166.37,166.15,166.259,154
2025-01-05 22:05:00,166.388,166.458,166.269,166.31,213
2025-01-05 22:10:00,166.421,166.622,166.398,166.454,54
2025-01-05 22:15:00,166.451,166.58,166.392,166.489,308
2025-01-05 22:20:00,166.491,166.634,166.269,166.454,118
2025-01-05 22:25:00,166.607,166.736,166.47,166.607,476
2025-01-05 22:30:00,166.562,166.624,166.396,166.562,84
2025-01-05 22:35:00,166.532,166.597,166.505,166.562,493
2025-01-05 22:40:00,166.598,166.752,166.529,166.581,127
2025-01-05 22:45:00,166.571,166.678,166.367,166.54,477
2025-01-05 22:50:00,166.46,166.534,166.292,166.479,378
2025-01-05 22:55:00,166.633,166.835,166.596,166.654,497
2025-01-05 23:00:00,166.637,166.753,166.615,166.649,198
2025-01-05 23:05:00,166.604,166.688,166.439,166.639,425
2025-01-05 23:10:00,166.616,166.663,166.559,166.606,380
2025-01-05 23:15:00,166.598,166.736,166.445,166.629,209
2025-01-05 23:20:00,166.833,166.93,166.668,166.832,76
2025-01-05 23:25:00,167.046,167.141,166.859,167.016,125
2025-01-05 23:30:00,167.09,167.227,166.945,167.051,448
2025-01-05 23:35:00,166.926,167.065,166.908,167.0,383
2025-01-05 23:40:00,166.993,167.048,166.795,166.96,87
2025-01-05 23:45:00,167.138,167.252,167.045,167.073,490
2025-01-05 23:50:00,167.14,167.328,166.907,167.103,166
2025-01-05 23:55:00,167.175,167.311,167.113,167.188,149
2025-01-06 00:00:00,167.335,167.391,167.284,167.37,257
2025-01-06 00:05:00,167.468,167.542,167.365,167.407,150
2025-01-06 00:10:00,167.359,167.518,167.197,167.364,427
2025-01-06 00:15:00,167.408,167.605,167.224,167.338,185
2025-01-06 00:20:00,167.375,167.409,167.228,167.385,55
2025-01-06 00:25:00,167.367,167.434,167.327,167.372,224
2025-01-06 00:30:00,167.37,167.482,167.288,167.438,243
2025-01-06 00:35:00,167.432,167.445,167.275,167.421,412
2025-01-06 00:40:00,167.465,167.558,167.293,167.492,413
2025-01-06 00:45:00,167.685,167.84,167.551,167.666,165
2025-01-06 00:50:00,167.521,167.694,167.408,167.536,50
2025-01-06 00:55:00,167.524,167.688,167.47,167.504,89
2025-01-06 01:00:00,167.568,167.675,167.342,167.519,345
2025-01-06 01:05:00,167.647,167.69,167.497,167.62,296
2025-01-06 01:10:00,167.64,167.748,167.582,167.662,404
2025-01-06 01:15:00,167.766,167.965,167.676,167.729,410
2025-01-06 01:20:00,167.686,167.838,167.616,167.665,275
2025-01-06 01:25:00,167.708,167.874,167.568,167.729,197
2025-01-06 01:30:00,167.747,167.829,167.522,167.712,63
2025-01-06 01:35:00,167.892,167.922,167.745,167.879,493
2025-01-06 01:40:00,167.883,168.068,167.72,167.885,348
2025-01-06 01:45:00,167.969,168.024,167.734,167.893,319
2025-01-06 01:50:00,167.694,167.936,167.654,167.796,361
2025-01-06 01:55:00,167.894,168.022,167.664,167.818,340
2025-01-06 02:00:00,167.861,167.934,167.701,167.815,462
2025-01-06 02:05:00,167.943,168.115,167.782,167.929,261
2025-01-06 02:10:00,168.031,168.131,167.892,168.023,446
2025-01-06 02:15:00,168.009,168.042,167.883,168.032,327
2025-01-06 02:20:00,167.925,168.034,167.739,168.002,119
2025-01-06 02:25:00,168.191,168.324,168.014,168.085,389
2025-01-06 02:30:00,168.16,168.313,168.021,168.125,97
2025-01-06 02:35:00,168.041,168.236,167.955,168.014,228
2025-01-06 02:40:00,168.118,168.178,168.024,168.124,460
2025-01-06 02:45:00,168.089,168.16,167.929,168.15,102
2025-01-06 02:50:00,167.978,168.178,167.851,168.039,487
2025-01-06 02:55:00,168.199,168.276,167.956,168.1,266
2025-01-06 03:00:00,168.012,168.262,167.829,168.101,328
2025-01-06 03:05:00,168.113,168.164,167.907,168.064,337
2025-01-06 03:10:00,168.154,168.247,168.137,168.161,116
2025-01-06 03:15:00,168.221,168.371,168.039,168.22,298
2025-01-06 03:20:00,168.048,168.138,168.011,168.054,269
2025-01-06 03:25:00,168.069,168.203,167.873,168.066,461
2025-01-06 03:30:00,167.955,168.074,167.819,168.057,314
2025-01-06 03:35:00,168.003,168.139,167.869,168.004,489
2025-01-06 03:40:00,168.033,168.135,167.835,168.086,194
2025-01-06 03:45:00,167.814,167.999,167.658,167.929,154
2025-01-06 03:50:00,167.861,167.913,167.786,167.816,454
2025-01-06 03:55:00,167.722,167.761,167.689,167.736,185
2025-01-06 04:00:00,168.005,168.017,167.798,167.97,292
2025-01-06 04:05:00,168.151,168.316,168.054,168.099,222
2025-01-06 04:10:00,168.014,168.135,167.912,168.003,156
2025-01-06 04:15:00,167.843,168.058,167.663,167.885,111
2025-01-06 04:20:00,167.874,168.056,167.543,167.741,228
2025-01-06 04:25:00,167.675,167.8,167.525,167.686,446
2025-01-06 04:30:00,167.69,167.71,167.512,167.692,179
2025-01-06 04:35:00,167.699,167.861,167.507,167.711,181
2025-01-06 04:40:00,167.804,167.843,167.607,167.731,492
2025-01-06 04:45:00,167.659,167.856,167.557,167.651,353
2025-01-06 04:50:00,167.453,167.602,167.398,167.521,195
2025-01-06 04:55:00,167.278,167.528,167.104,167.407,487
2025-01-06 05:00:00,167.323,167.483,167.289,167.306,258
2025-01-06 05:05:00,167.414,167.529,167.123,167.314,385
2025-01-06 05:10:00,167.269,167.463,167.142,167.213,451
2025-01-06 05:15:00,167.261,167.46,167.205,167.307,419
2025-01-06 05:20:00,167.308,167.329,167.23,167.315,305
2025-01-06 05:25:00,167.325,167.395,167.138,167.238,338
2025-01-06 05:30:00,167.276,167.327,167.129,167.287,424
2025-01-06 05:35:00,167.334,167.449,167.311,167.347,176
2025-01-06 05:40:00,167.081,167.269,166.927,167.135,355
2025-01-06 05:45:00,167.105,167.228,167.071,167.089,309
2025-01-06 05:50:00,167.109,167.299,167.0,167.055,58
2025-01-06 05:55:00,167.148,167.273,167.035,167.177,365
2025-01-06 06:00:00,166.985,167.175,166.862,166.997,348
2025-01-06 06:05:00,166.955,167.159,166.845,166.981,55
2025-01-06 06:10:00,167.064,167.092,166.811,166.982,155
2025-01-06 06:15:00,167.039,167.186,166.759,166.955,175
2025-01-06 06:20:00,166.973,166.995,166.91,166.98,384
2025-01-06 06:25:00,167.165,167.211,167.072,167.117,148
2025-01-06 06:30:00,167.075,167.098,167.035,167.063,179
2025-01-06 06:35:00,167.067,167.232,166.983,167.154,365
2025-01-06 06:40:00,167.207,167.378,167.089,167.206,249
2025-01-06 06:45:00,167.149,167.3,166.908,167.103,238
2025-01-06 06:50:00,166.879,167.157,166.756,166.974,327
2025-01-06 06:55:00,166.903,166.943,166.808,166.833,276
2025-01-06 07:00:00,166.9,167.109,166.758,166.933,129
2025-01-06 07:05:00,166.98,167.111,166.917,167.016,364
2025-01-06 07:10:00,166.968,167.073,166.95,166.966,111
2025-01-06 07:15:00,167.059,167.216,166.92,167.118,285
2025-01-06 07:20:00,167.322,167.345,167.207,167.332,447
2025-01-06 07:25:00,167.501,167.562,167.275,167.472,176
2025-01-06 07:30:00,167.301,167.462,167.249,167.33,434
2025-01-06 07:35:00,167.193,167.281,167.079,167.267,170
2025-01-06 07:40:00,167.387,167.459,167.271,167.342,276
2025-01-06 07:45:00,167.195,167.257,167.106,167.206,246
2025-01-06 07:50:00,167.216,167.272,167.185,167.202,402
2025-01-06 07:55:00,167.088,167.204,167.005,167.12,449
2025-01-06 08:00:00,167.188,167.29,167.046,167.169,322
2025-01-06 08:05:00,167.226,167.386,166.994,167.151,83
2025-01-06 08:10:00,166.934,167.03,166.874,166.889,77
2025-01-06 08:15:00,166.868,166.995,166.745,166.86,476
2025-01-06 08:20:00,166.838,166.867,166.678,166.826,138
2025-01-06 08:25:00,166.699,166.903,166.65,166.82,117
2025-01-06 08:30:00,166.693,166.81,166.506,166.738,314
2025-01-06 08:35:00,166.744,166.805,166.673,166.751,388
2025-01-06 08:40:00,166.756,166.81,166.622,166.724,347
2025-01-06 08:45:00,166.642,166.702,166.547,166.635,324
2025-01-06 08:50:00,166.702,166.847,166.487,166.649,281
2025-01-06 08:55:00,166.627,166.819,166.578,166.635,395
2025-01-06 09:00:00,166.536,166.669,166.449,166.573,261
2025-01-06 09:05:00,166.456,166.703,166.391,166.54,294
2025-01-06 09:10:00,166.65,166.715,166.603,166.614,208
2025-01-06 09:15:00,166.608,166.674,166.574,166.652,221
2025-01-06 09:20:00,166.604,166.755,166.511,166.626,248
2025-01-06 09:25:00,166.932,167.072,166.823,166.87,261
2025-01-06 09:30:00,167.018,167.043,166.843,166.971,493
2025-01-06 09:35:00,167.065,167.108,166.894,167.001,356
2025-01-06 09:40:00,166.85,167.036,166.749,166.89,93
2025-01-06 09:45:00,166.783,166.977,166.594,166.784,475
2025-01-06 09:50:00,166.766,166.86,166.72,166.808,153
2025-01-06 09:55:00,166.587,166.773,166.395,166.611,435
2025-01-06 10:00:00,166.439,166.638,166.389,166.447,172
2025-01-06 10:05:00,166.457,166.559,166.26,166.462,211
2025-01-06 10:10:00,166.506,166.682,166.469,166.529,134
2025-01-06 10:15:00,166.533,166.707,166.375,166.578,235
2025-01-06 10:20:00,166.407,166.67,166.213,166.48,269
2025-01-06 10:25:00,166.393,166.572,166.233,166.379,297
2025-01-06 10:30:00,166.411,166.592,166.39,166.478,249
2025-01-06 10:35:00,166.633,166.834,166.568,166.646,272
2025-01-06 10:40:00,166.499,166.685,166.471,166.587,406
2025-01-06 10:45:00,166.681,166.783,166.425,166.617,455
2025-01-06 10:50:00,166.828,166.991,166.63,166.75,188
2025-01-06 10:55:00,166.592,166.703,166.443,166.67,115
2025-01-06 11:00:00,166.539,166.647,166.5,166.557,350
2025-01-06 11:05:00,166.552,166.799,166.375,166.61,383
2025-01-06 11:10:00,166.47,166.663,166.321,166.544,475
2025-01-06 11:15:00,166.652,166.845,166.462,166.629,358
2025-01-06 11:20:00,166.744,166.805,166.581,166.753,177
2025-01-06 11:25:00,166.747,166.934,166.555,166.692,51
2025-01-06 11:30:00,166.538,166.588,166.364,166.548,114
2025-01-06 11:35:00,166.731,166.898,166.532,166.688,433
2025-01-06 11:40:00,166.669,166.8,166.583,166.744,335
2025-01-06 11:45:00,166.638,166.755,166.585,166.714,57
2025-01-06 11:50:00,166.962,166.988,166.858,166.892,222
2025-01-06 11:55:00,166.852,166.895,166.83,166.858,148
2025-01-06 12:00:00,167.007,167.061,166.819,166.894,174
2025-01-06 12:05:00,166.741,166.884,166.727,166.823,71
2025-01-06 12:10:00,166.84,167.003,166.776,166.826,86
2025-01-06 12:15:00,166.853,166.879,166.811,166.86,224
2025-01-06 12:20:00,166.882,167.087,166.704,166.911,56
2025-01-06 12:25:00,166.994,167.191,166.802,166.974,376
2025-01-06 12:30:00,166.899,166.94,166.766,166.894,414
2025-01-06 12:35:00,166.878,167.011,166.771,166.866,276
2025-01-06 12:40:00,166.899,167.073,166.826,166.936,467
2025-01-06 12:45:00,167.054,167.142,166.855,167.045,255
2025-01-06 12:50:00,167.114,167.191,166.857,167.02,90
2025-01-06 12:55:00,167.11,167.213,167.014,167.15,403
2025-01-06 13:00:00,166.932,167.097,166.795,166.961,202
2025-01-06 13:05:00,166.72,166.806,166.672,166.719,208
2025-01-06 13:10:00,166.803,166.982,166.771,166.791,195
2025-01-06 13:15:00,166.777,166.847,166.745,166.792,130
2025-01-06 13:20:00,166.732,166.894,166.713,166.803,379
2025-01-06 13:25:00,166.768,166.93,166.679,166.812,329
2025-01-06 13:30:00,166.911,167.093,166.763,166.844,327
2025-01-06 13:35:00,166.924,167.105,166.9,167.023,464
2025-01-06 13:40:00,166.901,167.083,166.713,166.91,494
2025-01-06 13:45:00,166.942,166.99,166.659,166.844,84
2025-01-06 13:50:00,166.957,166.973,166.76,166.927,180
2025-01-06 13:55:00,166.782,166.908,166.737,166.749,257
2025-01-06 14:00:00,166.563,166.748,166.393,166.647,409
2025-01-06 14:05:00,166.477,166.695,166.287,166.596,422
2025-01-06 14:10:00,166.711,166.877,166.569,166.689,55
2025-01-06 14:15:00,166.935,166.988,166.681,166.844,466
2025-01-06 14:20:00,166.718,166.881,166.637,166.72,180
2025-01-06 14:25:00,166.755,166.984,166.615,166.793,241
2025-01-06 14:30:00,166.786,166.901,166.654,166.812,114
2025-01-06 14:35:00,166.717,166.842,166.7,166.729,329
2025-01-06 14:40:00,166.725,166.897,166.48,166.673,152
2025-01-06 14:45:00,166.501,166.617,166.305,166.446,82
2025-01-06 14:50:00,166.383,166.55,166.178,166.367,117
2025-01-06 14:55:00,166.169,166.212,166.154,166.2,333
2025-01-06 15:00:00,166.043,166.076,165.946,166.037,489
2025-01-06 15:05:00,166.026,166.157,165.922,166.06,262
2025-01-06 15:10:00,166.002,166.101,165.975,166.049,240
2025-01-06 15:15:00,166.225,166.353,166.038,166.206,57
2025-01-06 15:20:00,166.169,166.221,166.134,166.152,470
2025-01-06 15:25:00,166.248,166.328,166.184,166.293,292
2025-01-06 15:30:00,166.179,166.206,166.055,166.145,279
2025-01-06 15:35:00,166.085,166.231,165.986,166.13,239
2025-01-06 15:40:00,166.208,166.365,166.132,166.149,230
2025-01-06 15:45:00,166.066,166.171,165.897,166.081,83
2025-01-06 15:50:00,166.259,166.46,166.061,166.273,83
2025-01-06 15:55:00,166.338,166.495,166.179,166.442,459
2025-01-06 16:00:00,166.295,166.432,166.145,166.317,71
2025-01-06 16:05:00,166.375,166.47,166.158,166.292,95
2025-01-06 16:10:00,166.424,166.482,166.162,166.351,397
2025-01-06 16:15:00,166.277,166.41,166.212,166.229,418
2025-01-06 16:20:00,166.23,166.326,166.054,166.195,103
2025-01-06 16:25:00,166.343,166.358,166.277,166.294,287
2025-01-06 16:30:00,166.369,166.549,166.229,166.409,347
2025-01-06 16:35:00,166.388,166.447,166.245,166.409,167
2025-01-06 16:40:00,166.333,166.467,166.22,166.358,389
2025-01-06 16:45:00,166.362,166.391,166.161,166.331,75
2025-01-06 16:50:00,166.264,166.363,166.135,166.284,304
2025-01-06 16:55:00,166.28,166.388,166.258,166.307,195
2025-01-06 17:00:00,166.227,166.421,166.011,166.183,385
2025-01-06 17:05:00,166.244,166.432,166.164,166.29,436
2025-01-06 17:10:00,166.271,166.364,166.088,166.274,95
2025-01-06 17:15:00,166.319,166.396,166.292,166.312,412
2025-01-06 17:20:00,166.4,166.595,166.338,166.457,374
2025-01-06 17:25:00,166.326,166.38,166.217,166.355,223
2025-01-06 17:30:00,166.564,166.729,166.498,166.534,255
2025-01-06 17:35:00,166.579,166.728,166.377,166.576,52
2025-01-06 17:40:00,166.57,166.797,166.429,166.599,179
2025-01-06 17:45:00,166.658,166.775,166.519,166.637,187
2025-01-06 17:50:00,166.606,166.669,166.455,166.636,358
2025-01-06 17:55:00,166.865,166.884,166.745,166.867,371
2025-01-06 18:00:00,167.089,167.243,167.033,167.071,211
2025-01-06 18:05:00,167.302,167.495,167.24,167.322,397
2025-01-06 18:10:00,167.402,167.516,167.36,167.443,263
2025-01-06 18:15:00,167.363,167.536,167.274,167.317,369
2025-01-06 18:20:00,167.26,167.501,167.158,167.325,344
2025-01-06 18:25:00,167.347,167.439,167.277,167.407,234
2025-01-06 18:30:00,167.109,167.284,167.009,167.138,55
2025-01-06 18:35:00,167.346,167.49,167.263,167.321,165
2025-01-06 18:40:00,167.445,167.625,167.369,167.4,50
2025-01-06 18:45:00,167.45,167.489,167.428,167.467,169
2025-01-06 18:50:00,167.439,167.617,167.396,167.485,113
2025-01-06 18:55:00,167.559,167.653,167.412,167.542,197
2025-01-06 19:00:00,167.623,167.748,167.392,167.55,276
2025-01-06 19:05:00,167.52,167.624,167.322,167.562,312
2025-01-06 19:10:00,167.652,167.739,167.573,167.658,227
2025-01-06 19:15:00,167.815,167.915,167.722,167.765,123
2025-01-06 19:20:00,167.913,167.956,167.814,167.919,113
2025-01-06 19:25:00,167.762,167.856,167.528,167.72,324
2025-01-06 19:30:00,167.679,167.869,167.397,167.556,193
2025-01-06 19:35:00,167.702,167.815,167.569,167.693,52
2025-01-06 19:40:00,167.785,167.969,167.732,167.783,242
2025-01-06 19:45:00,167.883,167.963,167.692,167.779,227
2025-01-06 19:50:00,167.662,167.813,167.487,167.714,280
2025-01-06 19:55:00,167.704,167.81,167.574,167.701,266
2025-01-06 20:00:00,167.703,167.821,167.614,167.713,380
2025-01-06 20:05:00,167.575,167.786,167.546,167.625,389
2025-01-06 20:10:00,167.418,167.646,167.377,167.515,470
2025-01-06 20:15:00,167.611,167.719,167.47,167.694,364
2025-01-06 20:20:00,167.69,167.721,167.592,167.627,251
2025-01-06 20:25:00,167.564,167.783,167.387,167.611,286
2025-01-06 20:30:00,167.719,167.736,167.45,167.637,83
2025-01-06 20:35:00,167.768,167.893,167.684,167.848,301
2025-01-06 20:40:00,167.899,168.013,167.858,167.909,411
2025-01-06 20:45:00,168.044,168.079,167.839,168.011,102
2025-01-06 20:50:00,167.931,167.979,167.771,167.948,284
2025-01-06 20:55:00,167.76,167.829,167.731,167.779,270
2025-01-06 21:00:00,167.535,167.716,167.366,167.588,394
2025-01-06 21:05:00,167.728,167.815,167.437,167.631,115
2025-01-06 21:10:00,167.641,167.685,167.438,167.589,134
2025-01-06 21:15:00,167.395,167.63,167.307,167.453,174
2025-01-06 21:20:00,167.584,167.646,167.49,167.599,334
2025-01-06 21:25:00,167.744,167.879,167.619,167.683,263
2025-01-06 21:30:00,167.692,167.91,167.542,167.725,364
2025-01-06 21:35:00,167.892,167.973,167.827,167.942,362
2025-01-06 21:40:00,167.834,167.91,167.651,167.872,306
2025-01-06 21:45:00,167.889,167.977,167.748,167.869,307
2025-01-06 21:50:00,167.864,167.936,167.697,167.885,210
2025-01-06 21:55:00,167.849,167.905,167.673,167.85,330
2025-01-06 22:00:00,167.867,167.943,167.812,167.854,87
2025-01-06 22:05:00,168.017,168.136,167.821,167.967,181
2025-01-06 22:10:00,168.018,168.136,167.991,168.041,366
2025-01-06 22:15:00,167.985,168.226,167.803,168.04,145
2025-01-06 22:20:00,168.209,168.267,168.144,168.189,374
2025-01-06 22:25:00,168.152,168.346,167.985,168.197,287
2025-01-06 22:30:00,168.339,168.419,168.306,168.355,310
2025-01-06 22:35:00,168.354,168.435,168.147,168.338,379
2025-01-06 22:40:00,168.381,168.448,168.311,168.357,152
2025-01-06 22:45:00,168.362,168.483,168.242,168.348,355
2025-01-06 22:50:00,168.245,168.372,168.181,168.301,313
2025-01-06 22:55:00,168.391,168.488,168.203,168.297,146
2025-01-06 23:00:00,168.317,168.48,168.11,168.303,219
2025-01-06 23:05:00,168.261,168.395,168.171,168.217,108
2025-01-06 23:10:00,168.187,168.306,168.134,168.206,351
2025-01-06 23:15:00,168.106,168.211,167.96,168.106,285
2025-01-06 23:20:00,167.982,168.163,167.945,167.981,62
2025-01-06 23:25:00,168.006,168.16,167.829,168.034,459
2025-01-06 23:30:00,167.827,167.96,167.756,167.914,118
2025-01-06 23:35:00,167.926,168.026,167.856,167.94,74
2025-01-06 23:40:00,167.953,168.043,167.787,167.972,276
2025-01-06 23:45:00,168.098,168.281,167.931,168.19,417
2025-01-06 23:50:00,168.198,168.35,167.989,168.142,301
2025-01-06 23:55:00,168.03,168.131,167.869,167.993,274
2025-01-07 00:00:00,167.905,167.995,167.885,167.926,128
2025-01-07 00:05:00,168.096,168.281,167.895,168.075,385
2025-01-07 00:10:00,168.241,168.359,168.056,168.181,61
2025-01-07 00:15:00,168.151,168.223,168.115,168.151,265
2025-01-07 00:20:00,167.936,168.027,167.81,167.993,317
2025-01-07 00:25:00,168.028,168.058,167.862,167.875,134
2025-01-07 00:30:00,167.926,168.125,167.775,167.909,252
2025-01-07 00:35:00,167.87,168.069,167.642,167.776,205
2025-01-07 00:40:00,167.829,167.994,167.632,167.787,401
2025-01-07 00:45:00,167.714,167.781,167.628,167.692,482
2025-01-07 00:50:00,167.608,167.634,167.535,167.591,334
2025-01-07 00:55:00,167.609,167.769,167.548,167.599,361
2025-01-07 01:00:00,167.536,167.683,167.379,167.584,127
2025-01-07 01:05:00,167.442,167.652,167.3,167.523,455
2025-01-07 01:10:00,167.581,167.778,167.427,167.593,230
2025-01-07 01:15:00,167.343,167.526,167.243,167.44,165
2025-01-07 01:20:00,167.316,167.419,167.275,167.322,483
2025-01-07 01:25:00,167.225,167.282,167.022,167.213,395
2025-01-07 01:30:00,167.141,167.221,167.01,167.205,155
2025-01-07 01:35:00,167.273,167.372,167.154,167.249,64
2025-01-07 01:40:00,167.216,167.377,167.024,167.307,308
2025-01-07 01:45:00,167.213,167.286,167.104,167.195,50
2025-01-07 01:50:00,167.148,167.262,167.007,167.189,182
2025-01-07 01:55:00,167.215,167.457,167.145,167.271,450
2025-01-07 02:00:00,167.288,167.348,167.128,167.326,209
2025-01-07 02:05:00,167.417,167.553,167.308,167.449,254
2025-01-07 02:10:00,167.689,167.721,167.446,167.609,58
2025-01-07 02:15:00,167.55,167.645,167.383,167.534,158
2025-01-07 02:20:00,167.443,167.674,167.408,167.484,487
2025-01-07 02:25:00,167.071,167.243,166.909,167.186,272
2025-01-07 02:30:00,167.061,167.188,166.996,167.097,391
2025-01-07 02:35:00,167.223,167.404,167.104,167.256,439
2025-01-07 02:40:00,167.225,167.273,167.139,167.247,490
2025-01-07 02:45:00,167.064,167.248,166.916,167.019,362
2025-01-07 02:50:00,167.01,167.049,166.834,167.019,75
2025-01-07 02:55:00,167.039,167.124,166.892,167.053,84
2025-01-07 03:00:00,167.096,167.19,166.935,167.073,318
2025-01-07 03:05:00,167.061,167.254,166.979,167.044,356
2025-01-07 03:10:00,166.987,167.052,166.895,166.955,380
2025-01-07 03:15:00,166.867,166.977,166.844,166.911,478
2025-01-07 03:20:00,166.721,166.835,166.593,166.687,374
2025-01-07 03:25:00,166.838,166.959,166.668,166.836,93
2025-01-07 03:30:00,166.787,166.956,166.654,166.831,325
2025-01-07 03:35:00,166.857,166.945,166.665,166.796,132
2025-01-07 03:40:00,167.02,167.128,166.86,167.005,450
2025-01-07 03:45:00,167.06,167.245,166.961,167.058,401
2025-01-07 03:50:00,167.26,167.435,167.187,167.383,302
2025-01-07 03:55:00,167.3,167.359,167.117,167.31,173
2025-01-07 04:00:00,167.295,167.412,167.2,167.265,204
2025-01-07 04:05:00,167.438,167.574,167.346,167.376,94
2025-01-07 04:10:00,167.611,167.669,167.398,167.499,368
2025-01-07 04:15:00,167.437,167.694,167.295,167.51,229
2025-01-07 04:20:00,167.414,167.577,167.342,167.371,82
2025-01-07 04:25:00,167.252,167.337,167.198,167.241,273
2025-01-07 04:30:00,167.184,167.31,167.08,167.208,452
2025-01-07 04:35:00,167.268,167.335,167.081,167.323,475
2025-01-07 04:40:00,167.402,167.59,167.278,167.406,260
2025-01-07 04:45:00,167.331,167.397,167.172,167.252,122
2025-01-07 04:50:00,167.342,167.492,167.263,167.312,262
2025-01-07 04:55:00,167.329,167.554,167.254,167.42,257
2025-01-07 05:00:00,167.454,167.6,167.288,167.545,215
2025-01-07 05:05:00,167.634,167.818,167.622,167.716,116
2025-01-07 05:10:00,167.55,167.7,167.43,167.617,170
2025-01-07 05:15:00,167.604,167.721,167.497,167.66,340
2025-01-07 05:20:00,167.909,167.942,167.754,167.862,434
2025-01-07 05:25:00,167.849,168.046,167.755,167.871,167
2025-01-07 05:30:00,167.878,168.05,167.76,167.874,414
2025-01-07 05:35:00,167.755,167.933,167.742,167.817,392
2025-01-07 05:40:00,167.957,168.131,167.862,167.873,239
2025-01-07 05:45:00,167.834,168.135,167.651,167.944,347
2025-01-07 05:50:00,168.065,168.105,167.892,168.037,272
2025-01-07 05:55:00,167.926,168.039,167.757,167.98,282
2025-01-07 06:00:00,167.873,168.114,167.783,167.916,120
2025-01-07 06:05:00,167.968,168.151,167.746,167.921,337
2025-01-07 06:10:00,167.924,168.093,167.697,167.857,490
2025-01-07 06:15:00,167.908,168.064,167.784,167.913,480
2025-01-07 06:20:00,167.866,167.997,167.736,167.809,235
2025-01-07 06:25:00,167.673,167.684,167.608,167.672,239
2025-01-07 06:30:00,167.845,168.05,167.684,167.858,118
2025-01-07 06:35:00,167.893,168.017,167.818,167.843,409
2025-01-07 06:40:00,167.838,168.016,167.725,167.828,142
2025-01-07 06:45:00,167.895,168.054,167.833,167.903,488
2025-01-07 06:50:00,167.906,167.983,167.702,167.887,416
2025-01-07 06:55:00,167.913,168.081,167.79,167.917,55
2025-01-07 07:00:00,167.881,167.91,167.801,167.887,77
2025-01-07 07:05:00,167.987,168.17,167.831,168.005,488
2025-01-07 07:10:00,168.062,168.127,167.961,168.1,482
2025-01-07 07:15:00,168.085,168.149,168.027,168.094,433
2025-01-07 07:20:00,168.03,168.196,167.826,168.001,81
2025-01-07 07:25:00,167.796,167.965,167.667,167.795,452
2025-01-07 07:30:00,167.776,167.883,167.677,167.772,440
2025-01-07 07:35:00,167.825,167.869,167.631,167.849,252
2025-01-07 07:40:00,168.038,168.147,167.852,167.937,75
2025-01-07 07:45:00,167.94,168.123,167.805,168.011,176
2025-01-07 07:50:00,168.005,168.188,167.827,168.057,367
2025-01-07 07:55:00,167.955,168.107,167.855,167.983,174
2025-01-07 08:00:00,168.126,168.142,167.913,168.046,129
2025-01-07 08:05:00,167.943,168.062,167.906,167.997,122
2025-01-07 08:10:00,167.978,168.093,167.817,167.986,131
2025-01-07 08:15:00,167.944,167.986,167.869,167.955,343
2025-01-07 08:20:00,167.939,168.036,167.737,167.871,444
2025-01-07 08:25:00,167.915,167.925,167.89,167.908,436
2025-01-07 08:30:00,168.085,168.135,167.993,168.018,259
2025-01-07 08:35:00,167.934,167.972,167.841,167.928,197
2025-01-07 08:40:00,168.022,168.159,167.995,168.055,141
2025-01-07 08:45:00,168.267,168.423,168.154,168.336,95
2025-01-07 08:50:00,168.278,168.497,168.137,168.345,458
2025-01-07 08:55:00,168.292,168.346,168.165,168.318,341
2025-01-07 09:00:00,168.194,168.391,168.062,168.233,220
2025-01-07 09:05:00,168.346,168.47,168.2,168.35,129
2025-01-07 09:10:00,168.393,168.532,168.229,168.366,265
2025-01-07 09:15:00,168.434,168.511,168.28,168.432,361
2025-01-07 09:20:00,168.661,168.753,168.492,168.51,302
2025-01-07 09:25:00,168.428,168.477,168.392,168.424,144
2025-01-07 09:30:00,168.513,168.586,168.263,168.399,159
2025-01-07 09:35:00,168.431,168.625,168.208,168.356,426
2025-01-07 09:40:00,168.354,168.439,168.226,168.337,232
2025-01-07 09:45:00,168.28,168.412,168.174,168.303,224
2025-01-07 09:50:00,168.282,168.422,168.202,168.213,399
2025-01-07 09:55:00,168.226,168.369,168.036,168.258,270
2025-01-07 10:00:00,168.157,168.257,168.009,168.141,207
2025-01-07 10:05:00,167.968,168.159,167.799,167.953,116
2025-01-07 10:10:00,167.947,168.091,167.799,167.993,91
2025-01-07 10:15:00,167.956,168.09,167.921,168.038,163
2025-01-07 10:20:00,167.961,168.173,167.767,167.986,103
2025-01-07 10:25:00,167.816,167.995,167.713,167.916,458
2025-01-07 10:30:00,167.956,168.145,167.893,167.987,453
2025-01-07 10:35:00,168.175,168.31,167.986,168.063,284
2025-01-07 10:40:00,167.968,167.988,167.877,167.942,479
2025-01-07 10:45:00,167.98,168.148,167.925,167.987,80
2025-01-07 10:50:00,168.165,168.216,168.12,168.18,70
2025-01-07 10:55:00,168.258,168.284,168.106,168.228,431
2025-01-07 11:00:00,168.443,168.454,168.232,168.334,196
2025-01-07 11:05:00,168.559,168.695,168.453,168.565,414
2025-01-07 11:10:00,168.685,168.851,168.615,168.627,429
2025-01-07 11:15:00,168.493,168.593,168.302,168.544,477
2025-01-07 11:20:00,168.431,168.559,168.252,168.482,63
2025-01-07 11:25:00,168.374,168.401,168.264,168.356,490
2025-01-07 11:30:00,168.267,168.417,168.065,168.142,215
2025-01-07 11:35:00,168.127,168.32,167.902,168.1,460
2025-01-07 11:40:00,168.232,168.341,168.078,168.106,380
2025-01-07 11:45:00,167.954,168.046,167.797,167.972,234
2025-01-07 11:50:00,168.206,168.283,168.088,168.172,397
2025-01-07 11:55:00,168.431,168.503,168.307,168.38,395
2025-01-07 12:00:00,168.492,168.622,168.41,168.458,73
2025-01-07 12:05:00,168.266,168.347,168.172,168.217,454
2025-01-07 12:10:00,168.268,168.416,168.184,168.295,223
2025-01-07 12:15:00,168.421,168.461,168.288,168.425,300
2025-01-07 12:20:00,168.407,168.466,168.306,168.445,232
2025-01-07 12:25:00,168.407,168.483,168.303,168.452,481
2025-01-07 12:30:00,168.36,168.413,168.222,168.371,264
2025-01-07 12:35:00,168.279,168.333,168.073,168.266,320
2025-01-07 12:40:00,168.535,168.705,168.391,168.411,381
2025-01-07 12:45:00,168.509,168.703,168.414,168.474,423
2025-01-07 12:50:00,168.283,168.307,168.143,168.263,242
2025-01-07 12:55:00,168.293,168.461,168.099,168.313,180
2025-01-07 13:00:00,168.174,168.286,168.149,168.21,329
2025-01-07 13:05:00,168.355,168.403,168.266,168.299,380
2025-01-07 13:10:00,168.425,168.6,168.395,168.427,349
2025-01-07 13:15:00,168.531,168.706,168.44,168.461,488
2025-01-07 13:20:00,168.461,168.62,168.451,168.479,374
2025-01-07 13:25:00,168.468,168.623,168.373,168.442,274
2025-01-07 13:30:00,168.529,168.556,168.232,168.396,393
2025-01-07 13:35:00,168.229,168.331,168.217,168.277,386
2025-01-07 13:40:00,168.31,168.455,168.135,168.244,226
2025-01-07 13:45:00,168.212,168.227,168.027,168.184,462
2025-01-07 13:50:00,168.302,168.347,168.196,168.248,360
2025-01-07 13:55:00,168.345,168.453,168.3,168.318,383
2025-01-07 14:00:00,168.263,168.386,168.043,168.238,379
2025-01-07 14:05:00,168.452,168.67,168.301,168.502,367
2025-01-07 14:10:00,168.463,168.622,168.445,168.472,473
2025-01-07 14:15:00,168.539,168.606,168.354,168.534,172
2025-01-07 14:20:00,168.494,168.654,168.386,168.52,114
2025-01-07 14:25:00,168.265,168.465,168.242,168.313,154
2025-01-07 14:30:00,168.302,168.331,168.076,168.205,372
2025-01-07 14:35:00,168.285,168.389,168.104,168.245,143
2025-01-07 14:40:00,168.222,168.444,168.166,168.282,145
2025-01-07 14:45:00,168.474,168.656,168.354,168.514,429
2025-01-07 14:50:00,168.439,168.556,168.364,168.449,204
2025-01-07 14:55:00,168.556,168.623,168.389,168.525,347
2025-01-07 15:00:00,168.512,168.678,168.346,168.441,187
2025-01-07 15:05:00,168.608,168.711,168.391,168.55,52
2025-01-07 15:10:00,168.439,168.529,168.341,168.463,91
2025-01-07 15:15:00,168.333,168.42,168.154,168.357,365
2025-01-07 15:20:00,168.496,168.64,168.327,168.462,269
2025-01-07 15:25:00,168.419,168.654,168.318,168.457,245
2025-01-07 15:30:00,168.371,168.551,168.275,168.286,435
2025-01-07 15:35:00,168.296,168.478,168.258,168.27,142
2025-01-07 15:40:00,168.417,168.62,168.401,168.434,492
2025-01-07 15:45:00,168.318,168.328,168.174,168.273,204
2025-01-07 15:50:00,168.161,168.184,168.045,168.14,448
2025-01-07 15:55:00,167.837,168.044,167.765,167.853,233
2025-01-07 16:00:00,167.885,167.912,167.718,167.851,216
2025-01-07 16:05:00,167.844,167.998,167.649,167.949,411
2025-01-07 16:10:00,167.913,168.013,167.737,167.926,333
2025-01-07 16:15:00,167.864,168.013,167.704,167.862,442
2025-01-07 16:20:00,167.89,168.001,167.718,167.943,452
2025-01-07 16:25:00,167.98,168.073,167.81,168.015,171
2025-01-07 16:30:00,168.274,168.436,168.14,168.254,498
2025-01-07 16:35:00,168.146,168.192,168.095,168.14,293
2025-01-07 16:40:00,168.195,168.385,168.089,168.187,186
2025-01-07 16:45:00,167.989,168.188,167.863,168.031,269
2025-01-07 16:50:00,168.037,168.049,167.831,168.012,190
2025-01-07 16:55:00,167.967,168.069,167.825,167.953,246
2025-01-07 17:00:00,167.953,168.092,167.81,167.907,311
2025-01-07 17:05:00,167.969,168.113,167.829,167.94,413
2025-01-07 17:10:00,168.0,168.151,167.906,168.017,449
2025-01-07 17:15:00,168.077,168.169,167.921,168.04,393
2025-01-07 17:20:00,167.905,168.051,167.748,167.974,297
2025-01-07 17:25:00,167.999,168.179,167.859,167.959,95
2025-01-07 17:30:00,167.938,168.015,167.856,167.889,378
2025-01-07 17:35:00,168.08,168.104,167.901,168.081,291
2025-01-07 17:40:00,168.067,168.235,167.939,168.106,231
2025-01-07 17:45:00,168.229,168.376,168.034,168.238,433
2025-01-07 17:50:00,168.41,168.521,168.228,168.411,335
2025-01-07 17:55:00,168.157,168.401,168.109,168.31,318
2025-01-07 18:00:00,168.316,168.504,168.242,168.306,86
2025-01-07 18:05:00,168.424,168.46,168.179,168.371,455
2025-01-07 18:10:00,168.479,168.625,168.345,168.397,405
2025-01-07 18:15:00,168.421,168.548,168.381,168.42,327
2025-01-07 18:20:00,168.488,168.704,168.357,168.53,323
2025-01-07 18:25:00,168.464,168.528,168.296,168.431,175
2025-01-07 18:30:00,168.495,168.692,168.335,168.439,356
2025-01-07 18:35:00,168.292,168.421,168.132,168.334,499
2025-01-07 18:40:00,168.432,168.531,168.308,168.406,155
2025-01-07 18:45:00,168.214,168.429,168.075,168.298,364
2025-01-07 18:50:00,168.383,168.591,168.243,168.43,147
2025-01-07 18:55:00,168.363,168.462,168.207,168.349,496
2025-01-07 19:00:00,168.467,168.562,168.358,168.434,320
2025-01-07 19:05:00,168.388,168.603,168.225,168.456,384
2025-01-07 19:10:00,168.596,168.795,168.505,168.519,218
2025-01-07 19:15:00,168.589,168.753,168.567,168.631,361
2025-01-07 19:20:00,168.571,168.761,168.35,168.527,361
2025-01-07 19:25:00,168.525,168.58,168.385,168.504,101
2025-01-07 19:30:00,168.429,168.691,168.246,168.511,203
2025-01-07 19:35:00,168.473,168.63,168.281,168.449,165
2025-01-07 19:40:00,168.377,168.528,168.203,168.329,132
2025-01-07 19:45:00,168.284,168.396,168.141,168.326,454
2025-01-07 19:50:00,168.335,168.404,168.29,168.301,423
2025-01-07 19:55:00,168.18,168.287,168.098,168.198,168
2025-01-07 20:00:00,168.147,168.261,167.951,168.249,386
2025-01-07 20:05:00,168.353,168.481,168.28,168.308,348
2025-01-07 20:10:00,168.34,168.377,168.31,168.335,235
2025-01-07 20:15:00,168.328,168.457,168.285,168.391,87
2025-01-07 20:20:00,168.513,168.684,168.308,168.451,183
2025-01-07 20:25:00,168.335,168.437,168.323,168.363,459
2025-01-07 20:30:00,168.393,168.587,168.341,168.403,209
2025-01-07 20:35:00,168.444,168.549,168.309,168.495,260
2025-01-07 20:40:00,168.433,168.57,168.314,168.437,481
2025-01-07 20:45:00,168.528,168.605,168.449,168.498,364
2025-01-07 20:50:00,168.287,168.451,168.104,168.347,346
2025-01-07 20:55:00,168.353,168.495,168.232,168.405,208
2025-01-07 21:00:00,168.403,168.466,168.387,168.426,245
2025-01-07 21:05:00,168.581,168.689,168.346,168.53,82
2025-01-07 21:10:00,168.454,168.575,168.413,168.436,351
2025-01-07 21:15:00,168.409,168.567,168.159,168.355,197
2025-01-07 21:20:00,168.282,168.435,168.242,168.284,75
2025-01-07 21:25:00,168.275,168.459,168.217,168.229,73
2025-01-07 21:30:00,168.123,168.22,168.023,168.151,71
2025-01-07 21:35:00,168.005,168.038,167.844,168.004,204
2025-01-07 21:40:00,168.04,168.146,167.895,168.019,294
2025-01-07 21:45:00,167.92,168.164,167.796,167.976,349
2025-01-07 21:50:00,167.936,168.101,167.826,167.956,249
2025-01-07 21:55:00,168.143,168.318,167.973,168.165,491
2025-01-07 22:00:00,168.229,168.411,168.041,168.237,428
2025-01-07 22:05:00,168.149,168.357,168.076,168.161,80
2025-01-07 22:10:00,168.21,168.399,168.021,168.186,462
2025-01-07 22:15:00,168.144,168.313,167.986,168.146,274
2025-01-07 22:20:00,168.067,168.248,167.945,168.094,370
2025-01-07 22:25:00,168.192,168.401,168.15,168.244,104
2025-01-07 22:30:00,168.442,168.627,168.369,168.416,215
2025-01-07 22:35:00,168.272,168.394,168.056,168.223,447
2025-01-07 22:40:00,168.089,168.267,167.921,168.091,267
2025-01-07 22:45:00,168.107,168.264,167.941,168.041,466
2025-01-07 22:50:00,167.964,168.114,167.835,167.955,413
2025-01-07 22:55:00,167.996,168.163,167.877,168.042,53
2025-01-07 23:00:00,167.975,168.142,167.862,167.939,434
2025-01-07 23:05:00,167.928,168.155,167.874,167.961,483
2025-01-07 23:10:00,167.921,168.024,167.754,167.928,151
2025-01-07 23:15:00,167.844,167.972,167.656,167.848,398
2025-01-07 23:20:00,167.809,168.009,167.573,167.73,221
2025-01-07 23:25:00,167.453,167.526,167.391,167.454,346
2025-01-07 23:30:00,167.463,167.631,167.366,167.479,66
2025-01-07 23:35:00,167.642,167.759,167.493,167.518,108
2025-01-07 23:40:00,167.514,167.596,167.345,167.458,127
2025-01-07 23:45:00,167.524,167.569,167.275,167.47,461
2025-01-07 23:50:00,167.508,167.543,167.484,167.531,226
2025-01-07 23:55:00,167.517,167.65,167.348,167.505,137
2025-01-08 00:00:00,167.534,167.606,167.455,167.497,129
2025-01-08 00:05:00,167.541,167.658,167.403,167.504,284
2025-01-08 00:10:00,167.43,167.536,167.266,167.479,495
2025-01-08 00:15:00,167.574,167.603,167.315,167.46,406
2025-01-08 00:20:00,167.324,167.53,167.214,167.362,487
2025-01-08 00:25:00,167.419,167.62,167.36,167.469,221
2025-01-08 00:30:00,167.541,167.741,167.353,167.52,283
2025-01-08 00:35:00,167.685,167.873,167.606,167.691,318
2025-01-08 00:40:00,167.749,167.762,167.644,167.716,279
2025-01-08 00:45:00,167.747,167.942,167.669,167.783,450
2025-01-08 00:50:00,168.11,168.301,167.842,168.035,166
2025-01-08 00:55:00,168.088,168.192,167.869,168.047,208
2025-01-08 01:00:00,168.207,168.29,168.154,168.233,56
2025-01-08 01:05:00,168.184,168.276,168.02,168.197,82
2025-01-08 01:10:00,168.154,168.345,168.111,168.191,488
2025-01-08 01:15:00,168.08,168.251,167.986,168.03,446
2025-01-08 01:20:00,167.946,168.071,167.845,167.93,181
2025-01-08 01:25:00,167.928,168.064,167.736,167.906,205
2025-01-08 01:30:00,167.922,168.07,167.768,167.902,114
2025-01-08 01:35:00,167.531,167.782,167.47,167.721,324
2025-01-08 01:40:00,167.736,167.911,167.631,167.791,82
2025-01-08 01:45:00,167.737,167.843,167.648,167.697,56
2025-01-08 01:50:00,167.795,167.902,167.615,167.672,465
2025-01-08 01:55:00,167.689,167.741,167.492,167.694,123
2025-01-08 02:00:00,167.625,167.663,167.516,167.643,257
2025-01-08 02:05:00,167.517,167.545,167.336,167.466,362
2025-01-08 02:10:00,167.556,167.68,167.474,167.558,64
2025-01-08 02:15:00,167.46,167.722,167.33,167.533,339
2025-01-08 02:20:00,167.602,167.761,167.399,167.592,276
2025-01-08 02:25:00,167.539,167.576,167.346,167.525,365
2025-01-08 02:30:00,167.555,167.663,167.397,167.527,441
2025-01-08 02:35:00,167.572,167.747,167.451,167.552,409
2025-01-08 02:40:00,167.38,167.535,167.367,167.388,338
2025-01-08 02:45:00,167.393,167.48,167.244,167.388,128
2025-01-08 02:50:00,167.248,167.269,167.11,167.199,299
2025-01-08 02:55:00,167.243,167.412,167.137,167.266,431
2025-01-08 03:00:00,167.009,167.074,166.829,167.034,287
2025-01-08 03:05:00,167.13,167.259,166.995,167.048,128
2025-01-08 03:10:00,167.055,167.18,166.849,167.031,362
2025-01-08 03:15:00,167.114,167.2,166.949,167.122,310
2025-01-08 03:20:00,167.315,167.327,167.101,167.281,406
2025-01-08 03:25:00,167.467,167.646,167.306,167.435,217
2025-01-08 03:30:00,167.308,167.445,167.152,167.301,121
2025-01-08 03:35:00,167.298,167.488,167.138,167.305,443
2025-01-08 03:40:00,167.302,167.503,167.167,167.398,128
2025-01-08 03:45:00,167.327,167.414,167.286,167.314,55
2025-01-08 03:50:00,167.277,167.512,167.142,167.33,167
2025-01-08 03:55:00,167.114,167.326,167.012,167.154,216
2025-01-08 04:00:00,167.136,167.271,167.042,167.139,463
2025-01-08 04:05:00,167.251,167.392,167.218,167.231,397
2025-01-08 04:10:00,167.273,167.382,167.1,167.301,370
2025-01-08 04:15:00,167.343,167.505,167.33,167.392,244
2025-01-08 04:20:00,167.425,167.613,167.367,167.414,383
2025-01-08 04:25:00,167.242,167.401,167.145,167.333,202
2025-01-08 04:30:00,167.473,167.665,167.378,167.48,442
2025-01-08 04:35:00,167.33,167.451,167.268,167.318,305
2025-01-08 04:40:00,167.421,167.55,167.218,167.415,65
2025-01-08 04:45:00,167.486,167.602,167.388,167.458,394
2025-01-08 04:50:00,167.255,167.413,167.217,167.279,424
2025-01-08 04:55:00,167.22,167.328,167.192,167.213,315
2025-01-08 05:00:00,167.264,167.426,167.109,167.166,312
2025-01-08 05:05:00,167.114,167.219,167.075,167.131,343
2025-01-08 05:10:00,167.067,167.173,166.938,167.106,111
2025-01-08 05:15:00,167.148,167.274,166.985,167.172,86
2025-01-08 05:20:00,167.184,167.209,167.083,167.179,88
2025-01-08 05:25:00,167.225,167.264,167.206,167.235,457
2025-01-08 05:30:00,167.4,167.59,167.224,167.29,328
2025-01-08 05:35:00,167.198,167.337,167.097,167.269,196
2025-01-08 05:40:00,167.475,167.569,167.449,167.511,184
2025-01-08 05:45:00,167.578,167.733,167.419,167.623,167
2025-01-08 05:50:00,167.635,167.69,167.398,167.541,390
2025-01-08 05:55:00,167.538,167.653,167.489,167.588,479
2025-01-08 06:00:00,167.623,167.704,167.496,167.557,55
2025-01-08 06:05:00,167.361,167.605,167.249,167.422,431
2025-01-08 06:10:00,167.452,167.583,167.407,167.433,278
2025-01-08 06:15:00,167.31,167.528,167.139,167.389,63
2025-01-08 06:20:00,167.202,167.425,167.013,167.323,249
2025-01-08 06:25:00,167.437,167.517,167.305,167.46,151
2025-01-08 06:30:00,167.527,167.557,167.26,167.419,324
2025-01-08 06:35:00,167.363,167.545,167.284,167.304,427
2025-01-08 06:40:00,167.224,167.375,167.095,167.232,117
2025-01-08 06:45:00,167.156,167.379,167.032,167.205,329
2025-01-08 06:50:00,167.12,167.194,166.998,167.129,70
2025-01-08 06:55:00,167.06,167.224,166.993,167.082,88
2025-01-08 07:00:00,167.049,167.218,166.999,167.117,435
2025-01-08 07:05:00,167.148,167.391,166.98,167.191,266
2025-01-08 07:10:00,167.336,167.399,167.223,167.304,106
2025-01-08 07:15:00,167.499,167.558,167.22,167.396,472
2025-01-08 07:20:00,167.404,167.561,167.183,167.364,423
2025-01-08 07:25:00,167.273,167.422,167.252,167.285,478
2025-01-08 07:30:00,167.413,167.457,167.242,167.376,328
2025-01-08 07:35:00,167.363,167.389,167.262,167.369,236
2025-01-08 07:40:00,167.241,167.424,167.227,167.286,499
2025-01-08 07:45:00,167.278,167.433,167.247,167.322,378
2025-01-08 07:50:00,167.397,167.584,167.358,167.392,415
2025-01-08 07:55:00,167.337,167.527,167.278,167.401,241
2025-01-08 08:00:00,167.248,167.358,167.077,167.341,363
2025-01-08 08:05:00,167.267,167.372,167.198,167.326,421
2025-01-08 08:10:00,167.378,167.449,167.273,167.318,378
2025-01-08 08:15:00,167.35,167.546,167.199,167.328,274
2025-01-08 08:20:00,167.448,167.474,167.221,167.389,233
2025-01-08 08:25:00,167.453,167.581,167.431,167.495,208
2025-01-08 08:30:00,167.36,167.6,167.23,167.449,295
2025-01-08 08:35:00,167.389,167.602,167.199,167.491,318
2025-01-08 08:40:00,167.553,167.624,167.483,167.545,63
2025-01-08 08:45:00,167.456,167.566,167.342,167.475,345
2025-01-08 08:50:00,167.513,167.614,167.312,167.512,452
2025-01-08 08:55:00,167.702,167.775,167.623,167.709,203
2025-01-08 09:00:00,167.808,167.901,167.654,167.821,60
2025-01-08 09:05:00,167.649,167.859,167.602,167.671,481
2025-01-08 09:10:00,167.612,167.73,167.468,167.553,310
2025-01-08 09:15:00,167.535,167.572,167.423,167.478,156
2025-01-08 09:20:00,167.455,167.557,167.361,167.5,274
2025-01-08 09:25:00,167.442,167.544,167.339,167.486,290
2025-01-08 09:30:00,167.65,167.711,167.534,167.588,105
2025-01-08 09:35:00,167.472,167.683,167.419,167.529,434
2025-01-08 09:40:00,167.365,167.448,167.353,167.373,108
2025-01-08 09:45:00,167.257,167.371,167.126,167.317,417
2025-01-08 09:50:00,167.247,167.489,167.114,167.302,291
2025-01-08 09:55:00,167.405,167.515,167.277,167.419,499
2025-01-08 10:00:00,167.403,167.499,167.131,167.322,453
2025-01-08 10:05:00,167.245,167.336,167.086,167.246,408
2025-01-08 10:10:00,167.179,167.292,166.994,167.226,247
2025-01-08 10:15:00,167.208,167.362,167.074,167.181,383
2025-01-08 10:20:00,167.151,167.352,167.022,167.188,488
2025-01-08 10:25:00,167.056,167.21,167.006,167.042,151
2025-01-08 10:30:00,167.108,167.178,167.005,167.078,225
2025-01-08 10:35:00,167.02,167.181,166.844,166.987,110
2025-01-08 10:40:00,167.02,167.194,166.854,166.964,218
2025-01-08 10:45:00,166.979,167.162,166.967,166.996,449
2025-01-08 10:50:00,166.955,166.975,166.853,166.95,243
2025-01-08 10:55:00,166.949,166.971,166.75,166.939,137
2025-01-08 11:00:00,166.696,166.97,166.581,166.787,406
2025-01-08 11:05:00,166.763,166.894,166.631,166.719,127
2025-01-08 11:10:00,166.588,166.743,166.518,166.641,292
2025-01-08 11:15:00,166.626,166.747,166.58,166.667,474
2025-01-08 11:20:00,166.848,166.955,166.801,166.822,164
2025-01-08 11:25:00,166.859,166.967,166.616,166.784,413
2025-01-08 11:30:00,166.815,166.878,166.684,166.868,202
2025-01-08 11:35:00,167.064,167.239,166.871,166.979,387
2025-01-08 11:40:00,166.841,167.029,166.734,166.943,174
2025-01-08 11:45:00,167.159,167.278,167.008,167.036,98
2025-01-08 11:50:00,166.98,167.039,166.934,167.003,198
2025-01-08 11:55:00,167.05,167.149,166.809,166.953,371
2025-01-08 12:00:00,167.105,167.185,166.919,167.125,443
2025-01-08 12:05:00,167.318,167.391,167.146,167.254,346
2025-01-08 12:10:00,167.093,167.191,166.998,167.115,219
2025-01-08 12:15:00,166.963,167.105,166.944,167.034,298
2025-01-08 12:20:00,167.118,167.185,167.077,167.163,203
2025-01-08 12:25:00,167.299,167.535,167.18,167.345,419
2025-01-08 12:30:00,167.225,167.329,167.133,167.268,488
2025-01-08 12:35:00,167.243,167.331,167.032,167.209,411
2025-01-08 12:40:00,167.346,167.473,167.253,167.287,493
2025-01-08 12:45:00,167.135,167.242,166.954,167.165,241
2025-01-08 12:50:00,167.02,167.258,166.863,167.112,266
2025-01-08 12:55:00,167.024,167.2,166.85,166.957,349
2025-01-08 13:00:00,166.839,166.89,166.775,166.878,268
2025-01-08 13:05:00,167.073,167.108,166.965,167.035,481
2025-01-08 13:10:00,167.221,167.352,167.041,167.18,332
2025-01-08 13:15:00,167.078,167.222,166.997,167.09,322
2025-01-08 13:20:00,166.847,167.046,166.694,166.907,120
2025-01-08 13:25:00,166.886,167.109,166.8,166.913,199
2025-01-08 13:30:00,166.82,166.951,166.727,166.879,193
2025-01-08 13:35:00,166.832,166.882,166.708,166.841,378
2025-01-08 13:40:00,166.824,166.941,166.669,166.841,274
2025-01-08 13:45:00,166.744,166.862,166.504,166.704,211
2025-01-08 13:50:00,166.792,166.931,166.652,166.777,226
2025-01-08 13:55:00,166.452,166.626,166.342,166.488,199
2025-01-08 14:00:00,166.393,166.542,166.262,166.437,346
2025-01-08 14:05:00,166.309,166.477,166.271,166.367,201
2025-01-08 14:10:00,166.336,166.47,166.154,166.304,80
2025-01-08 14:15:00,166.455,166.494,166.282,166.438,414
2025-01-08 14:20:00,166.619,166.783,166.484,166.566,497
2025-01-08 14:25:00,166.416,166.506,166.249,166.473,413
2025-01-08 14:30:00,166.432,166.456,166.363,166.44,335
2025-01-08 14:35:00,166.295,166.513,166.175,166.332,423
2025-01-08 14:40:00,166.378,166.575,166.28,166.355,454
2025-01-08 14:45:00,166.273,166.348,166.178,166.302,378
2025-01-08 14:50:00,166.327,166.481,166.218,166.23,106
2025-01-08 14:55:00,166.351,166.551,166.27,166.359,175
2025-01-08 15:00:00,166.039,166.143,166.002,166.05,177
2025-01-08 15:05:00,165.99,166.169,165.81,165.965,370
2025-01-08 15:10:00,166.016,166.136,165.927,166.031,234
2025-01-08 15:15:00,166.211,166.313,166.023,166.098,405
2025-01-08 15:20:00,166.038,166.2,165.879,166.085,140
2025-01-08 15:25:00,166.13,166.294,166.044,166.148,80
2025-01-08 15:30:00,166.269,166.441,166.18,166.3,454
2025-01-08 15:35:00,166.385,166.491,166.221,166.376,414
2025-01-08 15:40:00,166.365,166.554,166.266,166.377,167
2025-01-08 15:45:00,166.251,166.306,166.085,166.271,399
2025-01-08 15:50:00,166.234,166.448,166.21,166.259,409
2025-01-08 15:55:00,166.182,166.287,166.042,166.156,310
2025-01-08 16:00:00,166.208,166.251,166.071,166.187,156
2025-01-08 16:05:00,166.201,166.34,166.044,166.199,232
2025-01-08 16:10:00,166.322,166.494,166.235,166.303,455
2025-01-08 16:15:00,166.165,166.273,166.067,166.214,377
2025-01-08 16:20:00,166.306,166.479,166.201,166.302,118
2025-01-08 16:25:00,166.266,166.461,166.149,166.271,82
2025-01-08 16:30:00,166.299,166.428,166.186,166.278,183
2025-01-08 16:35:00,166.44,166.593,166.291,166.466,451
2025-01-08 16:40:00,166.459,166.653,166.383,166.403,320
2025-01-08 16:45:00,166.268,166.453,166.211,166.305,320
2025-01-08 16:50:00,166.304,166.406,166.276,166.298,425
2025-01-08 16:55:00,166.252,166.329,166.078,166.305,62
2025-01-08 17:00:00,166.219,166.375,166.189,166.275,285
2025-01-08 17:05:00,166.368,166.478,166.202,166.356,200
2025-01-08 17:10:00,165.874,166.07,165.748,165.986,53
2025-01-08 17:15:00,166.14,166.253,166.024,166.105,169
2025-01-08 17:20:00,166.31,166.417,166.149,166.216,441
2025-01-08 17:25:00,166.13,166.297,166.066,166.197,116
2025-01-08 17:30:00,166.326,166.451,166.155,166.396,165
2025-01-08 17:35:00,166.49,166.557,166.297,166.418,472
2025-01-08 17:40:00,166.619,166.716,166.378,166.567,392
2025-01-08 17:45:00,166.513,166.556,166.395,166.534,347
2025-01-08 17:50:00,166.712,166.908,166.525,166.708,444
2025-01-08 17:55:00,166.48,166.704,166.337,166.535,262
2025-01-08 18:00:00,166.628,166.726,166.435,166.586,327
2025-01-08 18:05:00,166.706,166.882,166.649,166.682,424
2025-01-08 18:10:00,166.642,166.703,166.606,166.665,474
2025-01-08 18:15:00,166.642,166.776,166.535,166.566,269
2025-01-08 18:20:00,166.396,166.618,166.378,166.515,482
2025-01-08 18:25:00,166.54,166.733,166.357,166.571,315
2025-01-08 18:30:00,166.519,166.556,166.478,166.52,79
2025-01-08 18:35:00,166.492,166.541,166.433,166.519,334
2025-01-08 18:40:00,166.388,166.427,166.22,166.411,150
2025-01-08 18:45:00,166.375,166.566,166.224,166.311,486
2025-01-08 18:50:00,166.082,166.218,165.966,166.134,222
2025-01-08 18:55:00,166.292,166.472,166.039,166.149,418
2025-01-08 19:00:00,166.146,166.259,165.993,166.095,208
2025-01-08 19:05:00,166.082,166.27,165.999,166.081,439
2025-01-08 19:10:00,166.155,166.251,165.985,166.14,213
2025-01-08 19:15:00,166.123,166.198,166.061,166.071,96
2025-01-08 19:20:00,166.049,166.32,165.898,166.135,486
2025-01-08 19:25:00,166.359,166.5,166.217,166.401,473
2025-01-08 19:30:00,166.118,166.366,166.039,166.184,282
2025-01-08 19:35:00,165.879,165.922,165.759,165.905,186
2025-01-08 19:40:00,165.798,165.968,165.606,165.783,359
2025-01-08 19:45:00,165.589,165.657,165.52,165.596,309
2025-01-08 19:50:00,165.587,165.63,165.47,165.571,161
2025-01-08 19:55:00,165.49,165.513,165.346,165.447,129
2025-01-08 20:00:00,165.532,165.692,165.391,165.492,149
2025-01-08 20:05:00,165.543,165.664,165.43,165.531,51
2025-01-08 20:10:00,165.447,165.655,165.369,165.475,444
2025-01-08 20:15:00,165.379,165.624,165.189,165.441,71
2025-01-08 20:20:00,165.601,165.65,165.478,165.518,225
2025-01-08 20:25:00,165.495,165.615,165.167,165.361,129
2025-01-08 20:30:00,165.483,165.611,165.375,165.455,68
2025-01-08 20:35:00,165.65,165.835,165.529,165.643,253
2025-01-08 20:40:00,165.565,165.609,165.365,165.491,147
2025-01-08 20:45:00,165.44,165.461,165.373,165.448,444
2025-01-08 20:50:00,165.286,165.307,165.275,165.294,169
2025-01-08 20:55:00,165.185,165.373,165.168,165.181,182
2025-01-08 21:00:00,165.218,165.243,165.134,165.217,206
2025-01-08 21:05:00,165.13,165.256,165.009,165.178,397
2025-01-08 21:10:00,165.225,165.445,165.099,165.283,192
2025-01-08 21:15:00,165.369,165.577,165.204,165.421,443
2025-01-08 21:20:00,165.39,165.578,165.181,165.369,379
2025-01-08 21:25:00,165.558,165.678,165.537,165.611,58
2025-01-08 21:30:00,165.744,165.865,165.566,165.715,58
2025-01-08 21:35:00,165.938,165.977,165.67,165.865,95
2025-01-08 21:40:00,165.942,165.976,165.913,165.966,354
2025-01-08 21:45:00,166.162,166.24,166.116,166.197,73
2025-01-08 21:50:00,166.245,166.383,166.047,166.254,295
2025-01-08 21:55:00,166.426,166.537,166.403,166.5,445
2025-01-08 22:00:00,166.512,166.535,166.355,166.523,93
2025-01-08 22:05:00,166.375,166.446,166.322,166.343,346
2025-01-08 22:10:00,166.282,166.44,166.2,166.28,79
2025-01-08 22:15:00,166.409,166.547,166.273,166.392,433
2025-01-08 22:20:00,166.592,166.616,166.373,166.494,368
2025-01-08 22:25:00,166.533,166.724,166.312,166.484,218
2025-01-08 22:30:00,166.452,166.741,166.412,166.546,174
2025-01-08 22:35:00,166.396,166.484,166.347,166.435,368
2025-01-08 22:40:00,166.321,166.432,166.153,166.325,101
2025-01-08 22:45:00,166.523,166.566,166.326,166.498,391
2025-01-08 22:50:00,166.561,166.692,166.436,166.521,214
2025-01-08 22:55:00,166.472,166.648,166.453,166.538,139
2025-01-08 23:00:00,166.578,166.766,166.489,166.536,322
2025-01-08 23:05:00,166.656,166.815,166.612,166.688,102
2025-01-08 23:10:00,166.727,166.92,166.515,166.713,313
2025-01-08 23:15:00,166.653,166.83,166.506,166.631,182
2025-01-08 23:20:00,166.571,166.683,166.436,166.553,203
2025-01-08 23:25:00,166.581,166.618,166.546,166.601,450
2025-01-08 23:30:00,166.725,166.755,166.632,166.682,264
2025-01-08 23:35:00,166.764,166.993,166.611,166.809,61
2025-01-08 23:40:00,166.824,166.848,166.664,166.775,90
2025-01-08 23:45:00,166.743,166.87,166.603,166.795,165
2025-01-08 23:50:00,166.869,166.971,166.705,166.838,266
2025-01-08 23:55:00,166.984,167.066,166.724,166.924,252
2025-01-09 00:00:00,167.002,167.022,166.821,166.996,301
2025-01-09 00:05:00,167.084,167.156,166.942,167.073,328
2025-01-09 00:10:00,166.987,167.139,166.816,166.97,149
2025-01-09 00:15:00,166.939,167.128,166.811,167.013,105
2025-01-09 00:20:00,166.963,167.057,166.941,166.96,406
2025-01-09 00:25:00,166.944,167.037,166.914,166.931,490
2025-01-09 00:30:00,167.015,167.143,166.897,167.065,459
2025-01-09 00:35:00,166.871,167.059,166.732,167.009,423
2025-01-09 00:40:00,166.999,167.207,166.876,167.042,363
2025-01-09 00:45:00,167.008,167.199,166.882,166.977,55
2025-01-09 00:50:00,166.929,167.038,166.806,166.837,147
2025-01-09 00:55:00,166.832,166.873,166.783,166.835,389
2025-01-09 01:00:00,166.919,167.101,166.61,166.784,470
2025-01-09 01:05:00,166.788,166.83,166.621,166.809,408
2025-01-09 01:10:00,166.788,166.952,166.545,166.74,458
2025-01-09 01:15:00,166.564,166.646,166.4,166.615,361
2025-01-09 01:20:00,166.686,166.812,166.579,166.678,478
2025-01-09 01:25:00,166.524,166.642,166.348,166.555,84
2025-01-09 01:30:00,166.578,166.727,166.424,166.55,164
2025-01-09 01:35:00,166.62,166.702,166.457,166.58,55
2025-01-09 01:40:00,166.585,166.658,166.565,166.595,109
2025-01-09 01:45:00,166.81,166.835,166.668,166.79,107
2025-01-09 01:50:00,167.007,167.059,166.859,166.905,208
2025-01-09 01:55:00,166.833,167.041,166.803,166.898,338
2025-01-09 02:00:00,166.917,167.084,166.731,166.915,285
2025-01-09 02:05:00,167.055,167.241,166.919,167.114,347
2025-01-09 02:10:00,167.232,167.362,167.086,167.215,316
2025-01-09 02:15:00,167.347,167.413,167.322,167.388,440
2025-01-09 02:20:00,167.426,167.518,167.41,167.472,428
2025-01-09 02:25:00,167.361,167.52,167.225,167.408,57
2025-01-09 02:30:00,167.497,167.539,167.337,167.457,442
2025-01-09 02:35:00,167.501,167.583,167.407,167.508,294
2025-01-09 02:40:00,167.479,167.569,167.445,167.458,74
2025-01-09 02:45:00,167.509,167.543,167.321,167.482,55
2025-01-09 02:50:00,167.662,167.785,167.554,167.584,445
2025-01-09 02:55:00,167.588,167.716,167.517,167.592,415
2025-01-09 03:00:00,167.563,167.598,167.417,167.481,248
2025-01-09 03:05:00,167.503,167.611,167.346,167.584,333
2025-01-09 03:10:00,167.593,167.743,167.432,167.549,62
2025-01-09 03:15:00,167.562,167.73,167.337,167.523,376
2025-01-09 03:20:00,167.571,167.684,167.477,167.57,107
2025-01-09 03:25:00,167.527,167.696,167.317,167.504,108
2025-01-09 03:30:00,167.422,167.513,167.34,167.483,254
2025-01-09 03:35:00,167.354,167.464,167.216,167.436,115
2025-01-09 03:40:00,167.373,167.519,167.243,167.41,465
2025-01-09 03:45:00,167.647,167.692,167.462,167.473,219
2025-01-09 03:50:00,167.27,167.334,167.178,167.31,307
2025-01-09 03:55:00,167.363,167.454,167.325,167.365,483
2025-01-09 04:00:00,167.106,167.284,166.91,167.133,63
2025-01-09 04:05:00,167.184,167.299,167.093,167.197,442
2025-01-09 04:10:00,167.275,167.426,167.234,167.264,66
2025-01-09 04:15:00,167.21,167.378,167.013,167.246,387
2025-01-09 04:20:00,167.301,167.455,167.188,167.358,402
2025-01-09 04:25:00,167.234,167.386,167.167,167.26,456
2025-01-09 04:30:00,167.336,167.419,167.153,167.381,70
2025-01-09 04:35:00,167.414,167.486,167.182,167.316,78
2025-01-09 04:40:00,167.167,167.306,167.119,167.251,244
2025-01-09 04:45:00,167.374,167.507,167.177,167.396,353
2025-01-09 04:50:00,167.47,167.5,167.327,167.439,459
2025-01-09 04:55:00,167.421,167.522,167.353,167.421,278
2025-01-09 05:00:00,167.434,167.553,167.346,167.451,257
2025-01-09 05:05:00,167.432,167.638,167.353,167.455,138
2025-01-09 05:10:00,167.276,167.55,167.112,167.354,51
2025-01-09 05:15:00,167.248,167.399,167.166,167.276,115
2025-01-09 05:20:00,167.288,167.471,167.276,167.314,474
2025-01-09 05:25:00,167.145,167.265,167.083,167.189,370
2025-01-09 05:30:00,167.325,167.509,167.154,167.244,278
2025-01-09 05:35:00,167.494,167.679,167.389,167.507,205
2025-01-09 05:40:00,167.474,167.726,167.41,167.56,220
2025-01-09 05:45:00,167.695,167.747,167.541,167.641,228
2025-01-09 05:50:00,167.867,167.963,167.714,167.814,166
2025-01-09 05:55:00,168.035,168.205,167.902,167.921,319
2025-01-09 06:00:00,167.909,168.042,167.842,167.965,199
2025-01-09 06:05:00,167.781,167.843,167.697,167.8,404
2025-01-09 06:10:00,167.731,167.812,167.626,167.716,84
2025-01-09 06:15:00,167.715,167.773,167.576,167.717,455
2025-01-09 06:20:00,167.591,167.774,167.437,167.635,177
2025-01-09 06:25:00,167.638,167.778,167.553,167.671,282
2025-01-09 06:30:00,167.726,167.922,167.547,167.759,434
2025-01-09 06:35:00,167.898,167.916,167.752,167.886,186
2025-01-09 06:40:00,167.749,167.892,167.607,167.815,154
2025-01-09 06:45:00,167.876,168.02,167.677,167.924,71
2025-01-09 06:50:00,167.864,168.0,167.724,167.888,490
2025-01-09 06:55:00,168.185,168.198,168.095,168.178,180
2025-01-09 07:00:00,168.07,168.133,168.02,168.055,283
2025-01-09 07:05:00,167.96,168.056,167.921,167.943,144
2025-01-09 07:10:00,167.94,168.13,167.805,167.996,203
2025-01-09 07:15:00,168.074,168.155,167.968,168.048,488
2025-01-09 07:20:00,168.164,168.24,167.985,168.119,298
2025-01-09 07:25:00,168.167,168.285,167.933,168.091,369
2025-01-09 07:30:00,168.179,168.214,168.037,168.127,479
2025-01-09 07:35:00,168.211,168.405,168.054,168.199,292
2025-01-09 07:40:00,168.163,168.381,168.0,168.258,309
2025-01-09 07:45:00,168.28,168.343,168.192,168.213,121
2025-01-09 07:50:00,168.258,168.358,168.089,168.236,354
2025-01-09 07:55:00,168.292,168.471,168.103,168.25,54
2025-01-09 08:00:00,168.311,168.499,168.196,168.246,302
2025-01-09 08:05:00,168.262,168.296,168.229,168.284,350
2025-01-09 08:10:00,168.234,168.359,168.011,168.156,485
2025-01-09 08:15:00,168.058,168.187,167.856,168.054,461
2025-01-09 08:20:00,168.135,168.316,168.021,168.099,126
2025-01-09 08:25:00,168.018,168.254,167.934,168.102,191
2025-01-09 08:30:00,168.031,168.09,167.938,168.072,284
2025-01-09 08:35:00,168.21,168.242,167.967,168.116,276
2025-01-09 08:40:00,167.941,168.157,167.754,167.972,310
2025-01-09 08:45:00,167.789,168.088,167.717,167.893,78
2025-01-09 08:50:00,167.884,168.003,167.693,167.839,414
2025-01-09 08:55:00,167.814,167.889,167.783,167.857,199
2025-01-09 09:00:00,167.779,167.882,167.633,167.785,280
2025-01-09 09:05:00,167.772,167.893,167.698,167.771,165
2025-01-09 09:10:00,167.811,167.918,167.687,167.779,295
2025-01-09 09:15:00,167.898,167.96,167.861,167.904,154
2025-01-09 09:20:00,167.848,168.031,167.795,167.877,211
2025-01-09 09:25:00,167.762,167.943,167.646,167.848,53
2025-01-09 09:30:00,167.771,167.967,167.707,167.846,259
2025-01-09 09:35:00,167.955,168.063,167.893,167.912,422
2025-01-09 09:40:00,167.975,168.022,167.854,167.91,189
2025-01-09 09:45:00,167.696,167.872,167.642,167.728,261
2025-01-09 09:50:00,167.798,167.946,167.677,167.806,453
2025-01-09 09:55:00,167.779,167.827,167.596,167.766,133
2025-01-09 10:00:00,167.745,167.772,167.607,167.639,96
2025-01-09 10:05:00,167.598,167.608,167.534,167.584,435
2025-01-09 10:10:00,167.741,167.828,167.673,167.715,450
2025-01-09 10:15:00,167.816,167.934,167.739,167.882,439
2025-01-09 10:20:00,167.757,167.798,167.737,167.767,427
2025-01-09 10:25:00,167.866,168.054,167.792,167.856,51
2025-01-09 10:30:00,167.906,168.084,167.853,167.896,268
2025-01-09 10:35:00,167.812,167.992,167.789,167.854,408
2025-01-09 10:40:00,167.778,167.884,167.681,167.806,481
2025-01-09 10:45:00,167.74,167.848,167.704,167.812,139
2025-01-09 10:50:00,167.953,168.006,167.734,167.827,482
2025-01-09 10:55:00,167.858,168.004,167.697,167.884,244
2025-01-09 11:00:00,167.89,167.905,167.726,167.817,394
2025-01-09 11:05:00,167.778,167.933,167.692,167.734,220
2025-01-09 11:10:00,167.935,168.09,167.826,167.951,414
2025-01-09 11:15:00,167.979,168.075,167.76,167.955,164
2025-01-09 11:20:00,167.882,167.981,167.857,167.928,192
2025-01-09 11:25:00,168.05,168.246,167.871,168.052,300
2025-01-09 11:30:00,168.057,168.29,167.917,168.093,383
2025-01-09 11:35:00,167.971,168.13,167.954,167.973,124
2025-01-09 11:40:00,168.012,168.137,167.884,168.036,489
2025-01-09 11:45:00,168.063,168.094,167.896,168.025,88
2025-01-09 11:50:00,167.79,167.852,167.755,167.787,347
2025-01-09 11:55:00,167.632,167.771,167.504,167.736,107
2025-01-09 12:00:00,167.562,167.727,167.388,167.675,96
2025-01-09 12:05:00,167.734,167.88,167.534,167.732,437
2025-01-09 12:10:00,167.864,168.002,167.745,167.807,154
2025-01-09 12:15:00,167.889,167.921,167.816,167.871,54
2025-01-09 12:20:00,167.801,168.024,167.671,167.846,308
2025-01-09 12:25:00,167.854,168.01,167.662,167.887,448
2025-01-09 12:30:00,167.847,168.087,167.74,167.892,163
2025-01-09 12:35:00,168.011,168.041,167.753,167.926,391
2025-01-09 12:40:00,168.212,168.331,168.085,168.165,224
2025-01-09 12:45:00,168.261,168.405,167.998,168.138,485
2025-01-09 12:50:00,167.975,168.151,167.804,168.083,304
2025-01-09 12:55:00,168.002,168.216,167.827,168.031,241
2025-01-09 13:00:00,168.071,168.216,167.858,168.037,170
2025-01-09 13:05:00,168.003,168.124,167.874,167.926,428
2025-01-09 13:10:00,168.094,168.286,167.98,168.062,364
2025-01-09 13:15:00,168.022,168.107,167.948,167.983,212
2025-01-09 13:20:00,168.087,168.1,168.022,168.06,67
2025-01-09 13:25:00,168.127,168.276,168.065,168.181,469
2025-01-09 13:30:00,168.171,168.293,167.978,168.187,296
2025-01-09 13:35:00,168.216,168.305,168.089,168.23,131
2025-01-09 13:40:00,168.121,168.297,167.921,168.117,233
2025-01-09 13:45:00,168.183,168.355,168.005,168.249,341
2025-01-09 13:50:00,168.324,168.439,168.152,168.333,183
2025-01-09 13:55:00,168.369,168.533,168.346,168.369,183
2025-01-09 14:00:00,168.371,168.616,168.251,168.42,143
2025-01-09 14:05:00,168.458,168.619,168.271,168.515,377
2025-01-09 14:10:00,168.718,168.84,168.589,168.712,324
2025-01-09 14:15:00,168.637,168.814,168.56,168.661,471
2025-01-09 14:20:00,168.604,168.74,168.482,168.648,446
2025-01-09 14:25:00,168.532,168.772,168.463,168.605,472
2025-01-09 14:30:00,168.556,168.778,168.42,168.592,106
2025-01-09 14:35:00,168.493,168.578,168.355,168.442,245
2025-01-09 14:40:00,168.4,168.453,168.184,168.375,490
2025-01-09 14:45:00,168.154,168.349,168.097,168.173,442
2025-01-09 14:50:00,168.241,168.272,168.043,168.202,494
2025-01-09 14:55:00,168.173,168.245,168.079,168.18,87
2025-01-09 15:00:00,168.313,168.457,168.118,168.197,222
2025-01-09 15:05:00,168.139,168.364,168.053,168.208,344
2025-01-09 15:10:00,168.106,168.301,167.919,168.099,176
2025-01-09 15:15:00,168.177,168.221,168.047,168.16,369
2025-01-09 15:20:00,168.082,168.191,167.931,168.095,365
2025-01-09 15:25:00,167.893,168.116,167.83,167.916,463
2025-01-09 15:30:00,167.816,167.989,167.659,167.864,341
2025-01-09 15:35:00,167.716,167.905,167.659,167.796,383
2025-01-09 15:40:00,167.737,167.914,167.686,167.785,296
2025-01-09 15:45:00,167.614,167.809,167.513,167.658,230
2025-01-09 15:50:00,167.497,167.564,167.443,167.467,121
2025-01-09 15:55:00,167.536,167.733,167.341,167.567,164
2025-01-09 16:00:00,167.605,167.681,167.413,167.639,128
2025-01-09 16:05:00,167.588,167.78,167.514,167.603,201
2025-01-09 16:10:00,167.623,167.85,167.568,167.675,112
2025-01-09 16:15:00,167.72,167.832,167.642,167.709,109
2025-01-09 16:20:00,167.551,167.593,167.46,167.501,183
2025-01-09 16:25:00,167.407,167.488,167.251,167.462,317
2025-01-09 16:30:00,167.207,167.316,167.095,167.276,143
2025-01-09 16:35:00,167.283,167.403,167.072,167.239,383
2025-01-09 16:40:00,167.195,167.27,167.139,167.176,272
2025-01-09 16:45:00,167.239,167.265,166.986,167.183,51
2025-01-09 16:50:00,167.252,167.437,167.219,167.265,264
2025-01-09 16:55:00,167.194,167.263,167.017,167.185,211
2025-01-09 17:00:00,167.282,167.467,167.234,167.272,348
2025-01-09 17:05:00,167.293,167.422,167.244,167.297,378
2025-01-09 17:10:00,167.432,167.486,167.245,167.411,231
2025-01-09 17:15:00,167.326,167.363,167.28,167.348,105
2025-01-09 17:20:00,167.343,167.381,167.268,167.298,344
2025-01-09 17:25:00,167.134,167.283,166.992,167.191,271
2025-01-09 17:30:00,167.178,167.274,167.057,167.14,378
2025-01-09 17:35:00,167.152,167.244,167.042,167.124,361
2025-01-09 17:40:00,167.163,167.338,167.072,167.232,398
2025-01-09 17:45:00,167.377,167.58,167.239,167.402,295
2025-01-09 17:50:00,167.126,167.244,166.951,167.161,230
2025-01-09 17:55:00,167.179,167.37,167.066,167.219,479
2025-01-09 18:00:00,167.191,167.408,167.022,167.256,307
2025-01-09 18:05:00,167.251,167.362,167.105,167.278,294
2025-01-09 18:10:00,167.38,167.562,167.264,167.43,497
2025-01-09 18:15:00,167.435,167.561,167.256,167.409,450
2025-01-09 18:20:00,167.296,167.515,167.128,167.319,66
2025-01-09 18:25:00,167.364,167.512,167.175,167.415,52
2025-01-09 18:30:00,167.437,167.453,167.231,167.402,183
2025-01-09 18:35:00,167.4,167.593,167.232,167.402,353
2025-01-09 18:40:00,167.515,167.627,167.316,167.495,222
2025-01-09 18:45:00,167.532,167.644,167.423,167.545,154
2025-01-09 18:50:00,167.573,167.651,167.4,167.596,410
2025-01-09 18:55:00,167.566,167.608,167.529,167.573,60
2025-01-09 19:00:00,167.308,167.518,167.223,167.396,409
2025-01-09 19:05:00,167.519,167.555,167.418,167.51,391
2025-01-09 19:10:00,167.235,167.281,167.082,167.255,123
2025-01-09 19:15:00,167.45,167.648,167.401,167.418,201
2025-01-09 19:20:00,167.425,167.448,167.232,167.342,428
2025-01-09 19:25:00,167.174,167.306,166.986,167.176,188
2025-01-09 19:30:00,167.307,167.526,167.292,167.336,315
2025-01-09 19:35:00,167.336,167.404,167.245,167.35,448
2025-01-09 19:40:00,167.554,167.626,167.438,167.501,372
2025-01-09 19:45:00,167.478,167.506,167.271,167.468,201
2025-01-09 19:50:00,167.277,167.353,167.139,167.322,341
2025-01-09 19:55:00,167.322,167.392,167.015,167.201,238
2025-01-09 20:00:00,167.11,167.316,167.033,167.178,149
2025-01-09 20:05:00,166.921,167.09,166.835,166.897,174
2025-01-09 20:10:00,166.772,166.8,166.65,166.781,343
2025-01-09 20:15:00,166.879,166.912,166.722,166.887,420
2025-01-09 20:20:00,166.99,167.134,166.81,166.963,366
2025-01-09 20:25:00,167.026,167.198,166.985,167.01,322
2025-01-09 20:30:00,166.954,167.129,166.794,167.02,67
2025-01-09 20:35:00,167.054,167.116,166.87,167.063,334
2025-01-09 20:40:00,167.012,167.087,166.961,167.066,405
2025-01-09 20:45:00,166.943,167.084,166.922,166.986,345
2025-01-09 20:50:00,166.81,167.017,166.762,166.9,291
2025-01-09 20:55:00,167.081,167.209,166.997,167.021,124
2025-01-09 21:00:00,167.039,167.368,166.919,167.179,173
2025-01-09 21:05:00,167.192,167.263,167.01,167.196,277
2025-01-09 21:10:00,167.252,167.309,167.088,167.195,54
2025-01-09 21:15:00,167.229,167.542,167.16,167.363,242
2025-01-09 21:20:00,167.316,167.446,167.108,167.29,157
2025-01-09 21:25:00,167.32,167.493,167.248,167.359,55
2025-01-09 21:30:00,167.328,167.467,167.218,167.316,73
2025-01-09 21:35:00,167.436,167.619,167.226,167.352,208
2025-01-09 21:40:00,167.362,167.491,167.201,167.376,279
2025-01-09 21:45:00,167.411,167.514,167.365,167.457,488
2025-01-09 21:50:00,167.333,167.434,167.171,167.416,122
2025-01-09 21:55:00,167.545,167.731,167.332,167.503,405
2025-01-09 22:00:00,167.59,167.635,167.344,167.543,404
2025-01-09 22:05:00,167.261,167.36,167.072,167.343,332
2025-01-09 22:10:00,167.251,167.453,167.196,167.256,344
2025-01-09 22:15:00,167.475,167.569,167.271,167.471,232
2025-01-09 22:20:00,167.604,167.743,167.53,167.597,443
2025-01-09 22:25:00,167.484,167.717,167.422,167.535,193
2025-01-09 22:30:00,167.611,167.665,167.493,167.608,195
2025-01-09 22:35:00,167.671,167.712,167.487,167.679,131
2025-01-09 22:40:00,167.698,167.713,167.673,167.686,126
2025-01-09 22:45:00,167.815,167.941,167.753,167.812,485
2025-01-09 22:50:00,167.871,168.032,167.7,167.913,103
2025-01-09 22:55:00,167.935,167.959,167.903,167.913,194
2025-01-09 23:00:00,167.859,168.053,167.68,167.903,360
2025-01-09 23:05:00,167.88,168.095,167.694,167.97,149
2025-01-09 23:10:00,167.913,167.984,167.882,167.973,498
2025-01-09 23:15:00,168.124,168.365,168.029,168.185,186
2025-01-09 23:20:00,168.095,168.185,167.963,168.138,477
2025-01-09 23:25:00,168.155,168.188,168.064,168.151,173
2025-01-09 23:30:00,168.259,168.442,168.043,168.195,350
2025-01-09 23:35:00,168.095,168.174,167.926,168.099,438
2025-01-09 23:40:00,167.912,168.078,167.837,168.003,131
2025-01-09 23:45:00,167.917,167.981,167.777,167.798,312
2025-01-09 23:50:00,167.78,167.89,167.585,167.75,105
2025-01-09 23:55:00,167.717,167.927,167.65,167.779,442
2025-01-10 00:00:00,167.727,167.909,167.617,167.767,446
2025-01-10 00:05:00,167.773,167.791,167.639,167.777,98
2025-01-10 00:10:00,167.812,167.991,167.655,167.74,122
2025-01-10 00:15:00,167.549,167.73,167.443,167.629,442
2025-01-10 00:20:00,167.655,167.712,167.482,167.667,253
2025-01-10 00:25:00,167.839,167.997,167.519,167.712,140
2025-01-10 00:30:00,167.815,167.971,167.653,167.824,176
2025-01-10 00:35:00,167.854,168.007,167.673,167.823,267
2025-01-10 00:40:00,167.961,168.065,167.87,167.954,232
2025-01-10 00:45:00,167.969,168.128,167.807,167.899,438
2025-01-10 00:50:00,167.783,167.837,167.648,167.75,219
2025-01-10 00:55:00,167.905,168.023,167.726,167.875,403
2025-01-10 01:00:00,167.822,167.894,167.797,167.83,191
2025-01-10 01:05:00,167.898,167.956,167.726,167.853,92
2025-01-10 01:10:00,167.894,167.908,167.681,167.873,441
2025-01-10 01:15:00,168.004,168.159,167.86,167.913,276
2025-01-10 01:20:00,168.023,168.137,167.963,168.009,381
2025-01-10 01:25:00,167.995,168.119,167.89,168.007,355
2025-01-10 01:30:00,167.942,168.048,167.88,167.971,375
2025-01-10 01:35:00,168.119,168.239,167.929,168.088,405
2025-01-10 01:40:00,167.987,168.188,167.946,168.043,149
2025-01-10 01:45:00,168.315,168.51,168.07,168.268,315
2025-01-10 01:50:00,168.359,168.542,168.158,168.356,71
2025-01-10 01:55:00,168.253,168.313,168.146,168.263,71
2025-01-10 02:00:00,168.196,168.37,168.062,168.208,152
2025-01-10 02:05:00,168.235,168.275,168.006,168.19,73
2025-01-10 02:10:00,168.152,168.282,167.888,168.087,267
2025-01-10 02:15:00,168.091,168.131,167.904,168.085,415
2025-01-10 02:20:00,168.13,168.361,168.075,168.174,333
2025-01-10 02:25:00,168.025,168.063,167.886,168.002,274
2025-01-10 02:30:00,167.854,167.972,167.74,167.846,230
2025-01-10 02:35:00,167.86,167.938,167.784,167.794,156
2025-01-10 02:40:00,167.714,167.845,167.512,167.692,352
2025-01-10 02:45:00,167.72,167.816,167.505,167.67,466
2025-01-10 02:50:00,167.785,167.981,167.627,167.797,190
2025-01-10 02:55:00,167.813,168.009,167.688,167.807,175
2025-01-10 03:00:00,167.67,167.812,167.484,167.712,168
2025-01-10 03:05:00,167.729,167.798,167.635,167.688,68
2025-01-10 03:10:00,167.487,167.645,167.369,167.483,327
2025-01-10 03:15:00,167.361,167.525,167.293,167.372,189
2025-01-10 03:20:00,167.275,167.409,167.185,167.333,229
2025-01-10 03:25:00,167.358,167.554,167.314,167.375,120
2025-01-10 03:30:00,167.293,167.462,167.139,167.32,303
2025-01-10 03:35:00,167.269,167.334,167.082,167.287,475
2025-01-10 03:40:00,167.235,167.442,167.066,167.243,273
2025-01-10 03:45:00,167.233,167.477,167.219,167.317,213
2025-01-10 03:50:00,167.189,167.284,167.059,167.185,217
2025-01-10 03:55:00,167.08,167.136,166.962,167.029,317
2025-01-10 04:00:00,167.079,167.134,166.903,167.071,447
2025-01-10 04:05:00,167.171,167.365,167.113,167.194,307
2025-01-10 04:10:00,167.189,167.282,167.153,167.218,80
2025-01-10 04:15:00,167.223,167.337,167.127,167.184,489
2025-01-10 04:20:00,166.942,167.195,166.808,167.026,67
2025-01-10 04:25:00,167.23,167.338,167.053,167.187,397
2025-01-10 04:30:00,167.041,167.084,166.852,167.032,490
2025-01-10 04:35:00,167.003,167.155,166.817,166.952,358
2025-01-10 04:40:00,166.973,167.109,166.76,166.931,282
2025-01-10 04:45:00,167.084,167.141,166.817,167.002,493
2025-01-10 04:50:00,166.868,166.992,166.724,166.878,275
2025-01-10 04:55:00,166.791,166.953,166.616,166.887,219
2025-01-10 05:00:00,166.828,166.998,166.798,166.902,142
2025-01-10 05:05:00,166.923,167.115,166.831,166.934,84
2025-01-10 05:10:00,166.82,167.016,166.772,166.826,80
2025-01-10 05:15:00,166.805,166.833,166.605,166.801,327
2025-01-10 05:20:00,166.888,167.101,166.807,166.905,297
2025-01-10 05:25:00,166.89,166.942,166.709,166.833,296
2025-01-10 05:30:00,166.824,166.937,166.738,166.835,293
2025-01-10 05:35:00,166.627,166.737,166.533,166.638,318
2025-01-10 05:40:00,166.662,166.851,166.507,166.723,491
2025-01-10 05:45:00,166.714,166.834,166.596,166.762,351
2025-01-10 05:50:00,166.853,166.88,166.748,166.827,451
2025-01-10 05:55:00,166.902,167.061,166.748,166.89,443
2025-01-10 06:00:00,166.983,167.069,166.824,167.038,420
2025-01-10 06:05:00,167.12,167.171,167.042,167.098,486
2025-01-10 06:10:00,167.075,167.086,167.004,167.058,266
2025-01-10 06:15:00,167.133,167.191,167.087,167.159,460
2025-01-10 06:20:00,167.189,167.443,167.027,167.263,258
2025-01-10 06:25:00,167.281,167.314,167.169,167.266,362
2025-01-10 06:30:00,167.174,167.289,167.12,167.235,352
2025-01-10 06:35:00,167.238,167.471,167.09,167.306,217
2025-01-10 06:40:00,167.373,167.607,167.187,167.417,222
2025-01-10 06:45:00,167.662,167.832,167.468,167.579,97
2025-01-10 06:50:00,167.404,167.579,167.231,167.39,393
2025-01-10 06:55:00,167.407,167.42,167.161,167.29,208
2025-01-10 07:00:00,167.28,167.39,167.006,167.199,452
2025-01-10 07:05:00,167.148,167.198,167.025,167.174,322
2025-01-10 07:10:00,167.29,167.402,167.162,167.279,128
2025-01-10 07:15:00,167.282,167.323,167.153,167.26,127
2025-01-10 07:20:00,167.245,167.318,167.115,167.225,142
2025-01-10 07:25:00,167.104,167.199,167.043,167.095,172
2025-01-10 07:30:00,167.028,167.122,166.852,167.085,495
2025-01-10 07:35:00,167.11,167.185,167.028,167.145,478
2025-01-10 07:40:00,167.133,167.298,166.987,167.068,176
2025-01-10 07:45:00,167.176,167.203,167.032,167.156,106
2025-01-10 07:50:00,166.922,166.97,166.726,166.952,468
2025-01-10 07:55:00,167.05,167.095,166.938,167.021,311
2025-01-10 08:00:00,167.072,167.1,167.0,167.043,373
2025-01-10 08:05:00,167.105,167.135,166.931,167.094,248
2025-01-10 08:10:00,167.202,167.386,167.137,167.186,274
2025-01-10 08:15:00,167.493,167.614,167.286,167.409,415
2025-01-10 08:20:00,167.399,167.565,167.285,167.351,195
2025-01-10 08:25:00,167.332,167.569,167.303,167.471,192
2025-01-10 08:30:00,167.418,167.461,167.261,167.428,190
2025-01-10 08:35:00,167.352,167.607,167.197,167.41,284
2025-01-10 08:40:00,167.364,167.459,167.193,167.374,365
2025-01-10 08:45:00,167.295,167.376,167.11,167.303,109
2025-01-10 08:50:00,167.312,167.375,167.221,167.324,304
2025-01-10 08:55:00,167.289,167.45,167.091,167.265,115
2025-01-10 09:00:00,167.119,167.278,167.086,167.127,141
2025-01-10 09:05:00,167.248,167.33,167.039,167.123,146
2025-01-10 09:10:00,167.084,167.346,166.92,167.158,425
2025-01-10 09:15:00,167.139,167.191,167.083,167.155,320
2025-01-10 09:20:00,167.009,167.274,166.875,167.116,56
2025-01-10 09:25:00,167.034,167.077,166.837,167.011,113
2025-01-10 09:30:00,166.985,167.146,166.834,166.981,431
2025-01-10 09:35:00,166.994,167.103,166.911,167.076,378
2025-01-10 09:40:00,167.233,167.312,167.161,167.172,428
2025-01-10 09:45:00,167.442,167.623,167.241,167.391,312
2025-01-10 09:50:00,167.362,167.49,167.244,167.377,386
2025-01-10 09:55:00,167.57,167.662,167.37,167.454,255
2025-01-10 10:00:00,167.471,167.663,167.357,167.461,132
2025-01-10 10:05:00,167.56,167.655,167.491,167.564,326
2025-01-10 10:10:00,167.548,167.735,167.538,167.586,245
2025-01-10 10:15:00,167.62,167.748,167.503,167.727,66
2025-01-10 10:20:00,167.636,167.843,167.446,167.68,407
2025-01-10 10:25:00,167.642,167.712,167.545,167.683,279
2025-01-10 10:30:00,167.735,167.893,167.485,167.676,177
2025-01-10 10:35:00,167.549,167.583,167.399,167.572,297
2025-01-10 10:40:00,167.383,167.534,167.205,167.465,359
2025-01-10 10:45:00,167.443,167.532,167.288,167.494,69
2025-01-10 10:50:00,167.669,167.728,167.489,167.627,246
2025-01-10 10:55:00,167.465,167.683,167.375,167.501,444
2025-01-10 11:00:00,167.371,167.488,167.28,167.438,241
2025-01-10 11:05:00,167.567,167.635,167.425,167.52,274
2025-01-10 11:10:00,167.224,167.398,167.179,167.337,130
2025-01-10 11:15:00,167.153,167.347,167.019,167.104,268
2025-01-10 11:20:00,167.057,167.158,166.996,167.094,486
2025-01-10 11:25:00,166.868,167.048,166.754,166.925,420
2025-01-10 11:30:00,166.948,167.048,166.889,167.024,129
2025-01-10 11:35:00,167.061,167.234,166.884,166.939,68
2025-01-10 11:40:00,167.023,167.075,166.949,167.032,86
2025-01-10 11:45:00,167.215,167.353,166.996,167.187,330
2025-01-10 11:50:00,167.41,167.505,167.269,167.422,240
2025-01-10 11:55:00,167.43,167.53,167.217,167.394,295
2025-01-10 12:00:00,167.432,167.553,167.335,167.504,251
2025-01-10 12:05:00,167.47,167.63,167.315,167.535,330
2025-01-10 12:10:00,167.522,167.576,167.387,167.511,335
2025-01-10 12:15:00,167.106,167.373,166.942,167.174,55
2025-01-10 12:20:00,167.274,167.353,167.212,167.276,181
2025-01-10 12:25:00,167.449,167.527,167.381,167.405,69
2025-01-10 12:30:00,167.471,167.653,167.438,167.478,362
2025-01-10 12:35:00,167.465,167.536,167.447,167.459,114
2025-01-10 12:40:00,167.585,167.73,167.414,167.536,284
2025-01-10 12:45:00,167.469,167.597,167.438,167.461,277
2025-01-10 12:50:00,167.361,167.508,167.286,167.332,345
2025-01-10 12:55:00,167.294,167.495,167.163,167.346,351
2025-01-10 13:00:00,167.304,167.451,167.19,167.324,488
2025-01-10 13:05:00,167.261,167.445,167.088,167.217,346
2025-01-10 13:10:00,167.122,167.348,167.083,167.168,184
2025-01-10 13:15:00,167.349,167.538,167.151,167.292,191
2025-01-10 13:20:00,167.132,167.303,167.039,167.206,157
2025-01-10 13:25:00,167.334,167.434,167.139,167.326,61
2025-01-10 13:30:00,167.244,167.542,167.194,167.462,215
2025-01-10 13:35:00,167.418,167.63,167.323,167.508,174
2025-01-10 13:40:00,167.761,167.9,167.644,167.685,360
2025-01-10 13:45:00,167.771,167.815,167.54,167.705,332
2025-01-10 13:50:00,167.588,167.813,167.457,167.678,342
2025-01-10 13:55:00,167.761,167.81,167.468,167.664,102
2025-01-10 14:00:00,167.703,167.747,167.487,167.627,352
2025-01-10 14:05:00,167.898,168.04,167.778,167.879,194
2025-01-10 14:10:00,167.918,168.06,167.727,167.93,263
2025-01-10 14:15:00,167.864,167.937,167.775,167.864,62
2025-01-10 14:20:00,167.911,168.07,167.771,167.845,465
2025-01-10 14:25:00,167.875,168.101,167.722,167.94,58
2025-01-10 14:30:00,167.931,168.056,167.739,167.929,52
2025-01-10 14:35:00,167.853,168.108,167.756,167.991,429
2025-01-10 14:40:00,167.982,168.125,167.858,167.886,224
2025-01-10 14:45:00,167.869,167.954,167.805,167.897,493
2025-01-10 14:50:00,167.925,168.104,167.845,167.956,174
2025-01-10 14:55:00,167.94,168.053,167.798,167.977,123
2025-01-10 15:00:00,168.049,168.172,167.846,168.008,244
2025-01-10 15:05:00,168.169,168.282,167.945,168.066,306
2025-01-10 15:10:00,168.177,168.351,168.06,168.162,451
2025-01-10 15:15:00,168.199,168.339,168.058,168.201,293
2025-01-10 15:20:00,168.172,168.335,168.145,168.183,373
2025-01-10 15:25:00,168.133,168.156,168.0,168.105,263
2025-01-10 15:30:00,167.994,168.165,167.974,168.012,497
2025-01-10 15:35:00,168.101,168.151,167.935,168.127,206
2025-01-10 15:40:00,168.285,168.397,168.226,168.259,229
2025-01-10 15:45:00,168.354,168.562,168.216,168.371,277
2025-01-10 15:50:00,168.281,168.476,168.212,168.338,256
2025-01-10 15:55:00,168.433,168.537,168.257,168.369,161
2025-01-10 16:00:00,168.266,168.43,168.097,168.264,58
2025-01-10 16:05:00,168.442,168.596,168.402,168.452,210
2025-01-10 16:10:00,168.349,168.478,168.159,168.35,80
2025-01-10 16:15:00,168.324,168.445,168.216,168.396,319
2025-01-10 16:20:00,168.176,168.37,168.049,168.184,310
2025-01-10 16:25:00,168.213,168.424,168.092,168.226,473
2025-01-10 16:30:00,168.177,168.266,168.1,168.229,272
2025-01-10 16:35:00,168.148,168.225,168.026,168.186,259
2025-01-10 16:40:00,168.049,168.362,167.984,168.188,445
2025-01-10 16:45:00,168.262,168.44,168.148,168.196,187
2025-01-10 16:50:00,168.135,168.271,168.077,168.141,325
2025-01-10 16:55:00,168.157,168.304,168.106,168.136,423
2025-01-10 17:00:00,168.192,168.385,168.081,168.192,285
2025-01-10 17:05:00,168.047,168.087,167.927,168.026,493
2025-01-10 17:10:00,167.894,168.072,167.757,167.932,424
2025-01-10 17:15:00,167.922,167.971,167.696,167.851,351
2025-01-10 17:20:00,167.902,168.135,167.715,167.94,376
2025-01-10 17:25:00,167.844,167.982,167.823,167.889,122
2025-01-10 17:30:00,167.999,168.061,167.778,167.894,184
2025-01-10 17:35:00,167.955,168.041,167.862,167.996,177
2025-01-10 17:40:00,168.139,168.32,167.947,168.069,199
2025-01-10 17:45:00,168.041,168.109,167.929,168.013,102
2025-01-10 17:50:00,167.846,168.003,167.824,167.874,124
2025-01-10 17:55:00,167.724,167.869,167.56,167.737,353
2025-01-10 18:00:00,167.663,167.785,167.467,167.706,315
2025-01-10 18:05:00,167.686,167.759,167.478,167.675,209
2025-01-10 18:10:00,167.823,167.924,167.701,167.837,141
2025-01-10 18:15:00,167.928,168.027,167.73,167.946,429
2025-01-10 18:20:00,167.928,167.989,167.835,167.922,258
2025-01-10 18:25:00,167.685,167.74,167.614,167.719,244
2025-01-10 18:30:00,167.847,168.037,167.762,167.791,268
2025-01-10 18:35:00,167.73,167.872,167.668,167.687,241
2025-01-10 18:40:00,167.762,167.804,167.678,167.767,291
2025-01-10 18:45:00,167.761,167.917,167.717,167.792,170
2025-01-10 18:50:00,167.638,167.752,167.514,167.669,211
2025-01-10 18:55:00,167.633,167.846,167.446,167.702,162
2025-01-10 19:00:00,167.78,167.871,167.743,167.822,352
2025-01-10 19:05:00,167.663,167.896,167.621,167.713,196
2025-01-10 19:10:00,167.572,167.771,167.409,167.554,174
2025-01-10 19:15:00,167.819,167.843,167.675,167.777,153
2025-01-10 19:20:00,167.621,167.684,167.441,167.671,488
2025-01-10 19:25:00,167.676,167.74,167.518,167.619,422
2025-01-10 19:30:00,167.647,167.829,167.485,167.684,249
2025-01-10 19:35:00,167.68,167.782,167.59,167.715,496
2025-01-10 19:40:00,167.598,167.731,167.386,167.532,354
2025-01-10 19:45:00,167.503,167.663,167.337,167.476,353
2025-01-10 19:50:00,167.505,167.671,167.493,167.533,205
2025-01-10 19:55:00,167.564,167.717,167.363,167.555,476
2025-01-10 20:00:00,167.51,167.575,167.385,167.529,119
2025-01-10 20:05:00,167.554,167.749,167.381,167.638,314
2025-01-10 20:10:00,167.697,167.809,167.556,167.731,429
2025-01-10 20:15:00,167.668,167.761,167.456,167.652,300
2025-01-10 20:20:00,167.761,167.938,167.648,167.766,142
2025-01-10 20:25:00,167.603,167.743,167.497,167.603,489
2025-01-10 20:30:00,167.659,167.735,167.54,167.639,266
2025-01-10 20:35:00,167.497,167.737,167.368,167.548,324
2025-01-10 20:40:00,167.513,167.686,167.423,167.585,343
2025-01-10 20:45:00,167.73,167.861,167.563,167.752,409
2025-01-10 20:50:00,167.73,167.989,167.551,167.828,156
2025-01-10 20:55:00,167.642,167.824,167.529,167.644,206
2025-01-10 21:00:00,167.667,167.692,167.552,167.657,177
2025-01-10 21:05:00,167.586,167.739,167.419,167.717,265
2025-01-10 21:10:00,167.674,167.808,167.564,167.702,293
2025-01-10 21:15:00,167.717,167.845,167.703,167.769,131
2025-01-10 21:20:00,167.793,167.875,167.601,167.747,271
2025-01-10 21:25:00,167.855,167.866,167.805,167.851,169
2025-01-10 21:30:00,167.899,167.948,167.74,167.856,255
2025-01-10 21:35:00,167.732,167.897,167.581,167.731,382
2025-01-10 21:40:00,167.826,167.944,167.754,167.808,414
2025-01-10 21:45:00,167.84,167.971,167.781,167.811,136
2025-01-10 21:50:00,167.923,168.123,167.752,167.914,421
2025-01-10 21:55:00,167.974,168.051,167.868,167.946,413
2025-01-10 22:00:00,167.987,168.021,167.86,168.001,239
2025-01-10 22:05:00,167.95,168.126,167.88,167.951,172
2025-01-10 22:10:00,168.104,168.159,168.043,168.098,446
2025-01-10 22:15:00,168.273,168.404,168.133,168.316,460
2025-01-10 22:20:00,168.334,168.47,168.208,168.297,452
2025-01-10 22:25:00,168.081,168.295,167.959,168.181,465
2025-01-10 22:30:00,168.221,168.342,168.2,168.252,404
2025-01-10 22:35:00,168.156,168.227,168.121,168.168,337
2025-01-10 22:40:00,168.327,168.39,168.167,168.327,375
2025-01-10 22:45:00,168.49,168.653,168.294,168.542,251
2025-01-10 22:50:00,168.609,168.705,168.459,168.615,342
2025-01-10 22:55:00,168.696,168.746,168.592,168.639,111
2025-01-10 23:00:00,168.522,168.675,168.378,168.48,310
2025-01-10 23:05:00,168.336,168.486,168.224,168.33,295
2025-01-10 23:10:00,168.039,168.236,167.825,167.991,224
2025-01-10 23:15:00,167.981,168.146,167.835,167.915,409
2025-01-10 23:20:00,167.869,168.077,167.696,167.886,314
2025-01-10 23:25:00,168.059,168.102,167.937,168.058,159
2025-01-10 23:30:00,168.055,168.119,167.968,168.072,482
2025-01-10 23:35:00,168.027,168.049,168.004,168.023,387
2025-01-10 23:40:00,168.017,168.073,167.995,168.028,242
2025-01-10 23:45:00,167.942,168.083,167.781,167.954,442
2025-01-10 23:50:00,167.967,167.991,167.899,167.967,230
2025-01-10 23:55:00,167.921,168.082,167.843,167.892,352
2025-01-11 00:00:00,167.888,167.98,167.698,167.909,200
2025-01-11 00:05:00,167.925,168.166,167.788,167.989,342
2025-01-11 00:10:00,168.154,168.33,168.06,168.12,251
2025-01-11 00:15:00,168.024,168.295,167.978,168.132,251
2025-01-11 00:20:00,168.198,168.297,168.034,168.167,346
2025-01-11 00:25:00,168.192,168.261,168.068,168.195,325
2025-01-11 00:30:00,168.26,168.439,168.171,168.276,52
2025-01-11 00:35:00,168.092,168.35,168.013,168.17,246
2025-01-11 00:40:00,168.135,168.35,168.044,168.232,395
2025-01-11 00:45:00,168.319,168.341,168.281,168.307,160
2025-01-11 00:50:00,168.192,168.324,168.009,168.212,471
2025-01-11 00:55:00,168.245,168.385,168.099,168.265,213
2025-01-11 01:00:00,168.235,168.46,168.146,168.28,216
2025-01-11 01:05:00,168.061,168.126,167.848,168.038,247
2025-01-11 01:10:00,167.86,167.945,167.738,167.871,138
2025-01-11 01:15:00,167.946,168.042,167.706,167.906,362
2025-01-11 01:20:00,167.983,168.067,167.808,168.005,240
2025-01-11 01:25:00,167.945,168.176,167.866,168.003,88
2025-01-11 01:30:00,168.047,168.141,167.936,168.029,199
2025-01-11 01:35:00,168.059,168.307,167.894,168.116,70
2025-01-11 01:40:00,168.13,168.252,168.063,168.104,68
2025-01-11 01:45:00,168.177,168.337,167.978,168.087,95
2025-01-11 01:50:00,168.2,168.219,168.012,168.19,385
2025-01-11 01:55:00,168.219,168.365,168.119,168.263,363
2025-01-11 02:00:00,168.399,168.612,168.37,168.431,137
2025-01-11 02:05:00,168.447,168.483,168.282,168.428,165
2025-01-11 02:10:00,168.464,168.553,168.431,168.467,66
2025-01-11 02:15:00,168.417,168.502,168.215,168.387,72
2025-01-11 02:20:00,168.428,168.627,168.352,168.449,328
2025-01-11 02:25:00,168.381,168.411,168.347,168.393,365
2025-01-11 02:30:00,168.343,168.457,168.296,168.367,426
2025-01-11 02:35:00,168.611,168.772,168.511,168.595,183
2025-01-11 02:40:00,168.458,168.579,168.327,168.468,485
2025-01-11 02:45:00,168.468,168.541,168.322,168.412,217
2025-01-11 02:50:00,168.531,168.648,168.456,168.529,70
2025-01-11 02:55:00,168.619,168.715,168.416,168.579,343
2025-01-11 03:00:00,168.654,168.756,168.55,168.648,382
2025-01-11 03:05:00,168.701,168.862,168.566,168.686,409
2025-01-11 03:10:00,168.737,168.8,168.542,168.715,303
2025-01-11 03:15:00,168.745,168.788,168.631,168.745,458
2025-01-11 03:20:00,168.781,168.899,168.694,168.775,322
2025-01-11 03:25:00,168.711,168.903,168.591,168.691,224
2025-01-11 03:30:00,168.601,168.685,168.544,168.574,195
2025-01-11 03:35:00,168.45,168.661,168.34,168.478,235
2025-01-11 03:40:00,168.25,168.272,168.149,168.178,276
2025-01-11 03:45:00,168.007,168.197,167.956,168.039,129
2025-01-11 03:50:00,168.093,168.209,168.078,168.136,467
2025-01-11 03:55:00,168.205,168.393,168.179,168.227,61
2025-01-11 04:00:00,168.394,168.476,168.253,168.4,405
2025-01-11 04:05:00,168.452,168.518,168.419,168.463,203
2025-01-11 04:10:00,168.395,168.619,168.313,168.431,183
2025-01-11 04:15:00,168.586,168.718,168.45,168.599,160
2025-01-11 04:20:00,168.543,168.56,168.494,168.539,228
2025-01-11 04:25:00,168.76,168.881,168.581,168.692,112
2025-01-11 04:30:00,168.763,168.834,168.714,168.756,356
2025-01-11 04:35:00,168.847,169.01,168.746,168.798,486
2025-01-11 04:40:00,169.051,169.244,168.916,169.013,480
2025-01-11 04:45:00,169.049,169.214,168.863,169.094,289
2025-01-11 04:50:00,169.27,169.413,169.039,169.151,324
2025-01-11 04:55:00,169.086,169.213,168.903,169.122,371
2025-01-11 05:00:00,169.219,169.395,169.059,169.241,240
2025-01-11 05:05:00,169.104,169.172,168.946,169.152,432
2025-01-11 05:10:00,169.304,169.507,169.276,169.396,333
2025-01-11 05:15:00,169.428,169.48,169.283,169.384,54
2025-01-11 05:20:00,169.365,169.454,169.299,169.409,404
2025-01-11 05:25:00,169.353,169.496,169.278,169.338,269
2025-01-11 05:30:00,169.373,169.445,169.284,169.308,153
2025-01-11 05:35:00,169.309,169.505,169.185,169.35,326
2025-01-11 05:40:00,169.415,169.491,169.244,169.45,459
2025-01-11 05:45:00,169.596,169.654,169.421,169.594,124
2025-01-11 05:50:00,169.679,169.886,169.481,169.781,242
2025-01-11 05:55:00,169.741,169.928,169.727,169.827,496
2025-01-11 06:00:00,169.809,169.917,169.652,169.822,355
2025-01-11 06:05:00,169.853,169.867,169.687,169.835,418
2025-01-11 06:10:00,169.702,169.811,169.637,169.689,285
2025-01-11 06:15:00,169.649,169.688,169.412,169.61,481
2025-01-11 06:20:00,169.628,169.811,169.453,169.564,467
2025-01-11 06:25:00,169.553,169.707,169.44,169.572,197
2025-01-11 06:30:00,169.549,169.683,169.366,169.506,222
2025-01-11 06:35:00,169.453,169.525,169.303,169.482,445
2025-01-11 06:40:00,169.503,169.584,169.387,169.464,246
2025-01-11 06:45:00,169.379,169.426,169.364,169.383,418
2025-01-11 06:50:00,169.516,169.569,169.339,169.403,492
2025-01-11 06:55:00,169.362,169.482,169.203,169.357,464
2025-01-11 07:00:00,169.377,169.388,169.083,169.262,296
2025-01-11 07:05:00,169.185,169.333,169.105,169.143,168
2025-01-11 07:10:00,169.219,169.389,169.068,169.264,499
2025-01-11 07:15:00,169.307,169.424,169.201,169.234,362
2025-01-11 07:20:00,169.244,169.316,169.212,169.247,392
2025-01-11 07:25:00,169.278,169.407,169.218,169.304,478
2025-01-11 07:30:00,169.311,169.386,169.18,169.375,394
2025-01-11 07:35:00,169.488,169.656,169.302,169.499,263
2025-01-11 07:40:00,169.438,169.579,169.339,169.45,478
2025-01-11 07:45:00,169.302,169.388,169.206,169.305,243
2025-01-11 07:50:00,169.208,169.428,169.156,169.261,398
2025-01-11 07:55:00,169.423,169.531,169.304,169.467,270
2025-01-11 08:00:00,169.46,169.609,169.318,169.467,331
2025-01-11 08:05:00,169.367,169.503,169.314,169.353,261
2025-01-11 08:10:00,169.41,169.526,169.205,169.374,450
2025-01-11 08:15:00,169.312,169.404,169.188,169.375,371
2025-01-11 08:20:00,169.16,169.358,169.015,169.236,261
2025-01-11 08:25:00,169.223,169.399,169.099,169.172,125
2025-01-11 08:30:00,169.014,169.138,168.991,169.107,210
2025-01-11 08:35:00,169.237,169.269,169.102,169.17,219
2025-01-11 08:40:00,169.075,169.241,169.015,169.088,219
2025-01-11 08:45:00,169.025,169.128,168.99,169.021,334
2025-01-11 08:50:00,169.057,169.246,169.02,169.063,78
2025-01-11 08:55:00,169.276,169.421,169.165,169.207,97
2025-01-11 09:00:00,169.065,169.3,168.915,169.107,481
2025-01-11 09:05:00,169.093,169.153,168.963,169.122,164
2025-01-11 09:10:00,169.191,169.355,168.978,169.161,379
2025-01-11 09:15:00,169.164,169.316,169.071,169.14,235
2025-01-11 09:20:00,168.955,169.188,168.799,169.015,475
2025-01-11 09:25:00,169.165,169.275,169.055,169.187,442
2025-01-11 09:30:00,169.24,169.312,169.21,169.226,469
2025-01-11 09:35:00,169.353,169.386,169.259,169.341,370
2025-01-11 09:40:00,169.345,169.458,169.152,169.311,107
2025-01-11 09:45:00,169.394,169.44,169.17,169.34,439
2025-01-11 09:50:00,169.24,169.432,169.07,169.26,324
2025-01-11 09:55:00,169.17,169.279,169.103,169.157,479
2025-01-11 10:00:00,169.349,169.516,169.122,169.298,72
2025-01-11 10:05:00,169.216,169.345,169.056,169.248,364
2025-01-11 10:10:00,169.337,169.409,169.239,169.329,371
2025-01-11 10:15:00,169.437,169.58,169.383,169.479,394
2025-01-11 10:20:00,169.433,169.509,169.27,169.457,363
2025-01-11 10:25:00,169.524,169.762,169.389,169.577,303
2025-01-11 10:30:00,169.514,169.627,169.37,169.587,437
2025-01-11 10:35:00,169.653,169.832,169.508,169.637,406
2025-01-11 10:40:00,169.629,169.704,169.56,169.588,390
2025-01-11 10:45:00,169.642,169.754,169.584,169.674,489
2025-01-11 10:50:00,169.782,169.816,169.725,169.745,309
2025-01-11 10:55:00,169.676,169.737,169.499,169.703,450
2025-01-11 11:00:00,169.686,169.829,169.655,169.721,249
2025-01-11 11:05:00,169.744,169.759,169.579,169.745,173
2025-01-11 11:10:00,169.817,169.883,169.721,169.817,454
2025-01-11 11:15:00,169.829,170.023,169.699,169.843,210
2025-01-11 11:20:00,169.968,170.109,169.931,169.986,359
2025-01-11 11:25:00,170.014,170.147,169.815,169.922,365
2025-01-11 11:30:00,169.857,169.987,169.658,169.955,201
2025-01-11 11:35:00,169.92,170.086,169.843,169.939,302
2025-01-11 11:40:00,170.083,170.249,169.844,170.014,420
2025-01-11 11:45:00,169.958,169.987,169.822,169.945,178
2025-01-11 11:50:00,170.086,170.169,169.964,170.051,448
2025-01-11 11:55:00,170.081,170.256,169.977,170.08,175
2025-01-11 12:00:00,170.092,170.29,169.887,170.067,275
2025-01-11 12:05:00,170.013,170.272,169.822,170.081,50
2025-01-11 12:10:00,170.243,170.373,170.137,170.234,305
2025-01-11 12:15:00,170.262,170.414,170.094,170.189,320
2025-01-11 12:20:00,170.177,170.308,170.02,170.185,82
2025-01-11 12:25:00,170.203,170.305,170.061,170.277,384
2025-01-11 12:30:00,170.317,170.512,170.256,170.316,367
2025-01-11 12:35:00,170.195,170.381,170.019,170.25,440
2025-01-11 12:40:00,170.243,170.429,170.148,170.211,304
2025-01-11 12:45:00,170.258,170.429,169.994,170.179,58
2025-01-11 12:50:00,170.291,170.464,170.106,170.25,348
2025-01-11 12:55:00,170.328,170.343,170.152,170.28,283
2025-01-11 13:00:00,170.307,170.456,170.19,170.258,226
2025-01-11 13:05:00,170.185,170.298,170.082,170.266,272
2025-01-11 13:10:00,170.29,170.373,170.212,170.272,149
2025-01-11 13:15:00,170.15,170.265,170.112,170.14,437
2025-01-11 13:20:00,170.108,170.255,169.969,170.198,103
2025-01-11 13:25:00,170.186,170.283,170.007,170.129,71
2025-01-11 13:30:00,170.135,170.28,170.021,170.131,103
2025-01-11 13:35:00,170.159,170.415,169.971,170.217,495
2025-01-11 13:40:00,170.187,170.234,170.023,170.202,486
2025-01-11 13:45:00,170.002,170.157,169.917,170.056,451
2025-01-11 13:50:00,170.242,170.277,170.054,170.228,312
2025-01-11 13:55:00,170.264,170.354,170.16,170.245,150
2025-01-11 14:00:00,170.055,170.141,169.931,170.072,136
2025-01-11 14:05:00,169.982,170.083,169.816,169.947,183
2025-01-11 14:10:00,169.938,169.981,169.833,169.946,464
2025-01-11 14:15:00,169.967,170.059,169.824,169.921,250
2025-01-11 14:20:00,170.033,170.121,169.866,169.992,318
2025-01-11 14:25:00,170.197,170.301,170.012,170.17,309
2025-01-11 14:30:00,170.128,170.184,169.982,170.1,275
2025-01-11 14:35:00,170.101,170.262,169.96,170.145,284
2025-01-11 14:40:00,170.094,170.328,170.04,170.14,403
2025-01-11 14:45:00,170.304,170.418,170.089,170.226,290
2025-01-11 14:50:00,170.316,170.346,170.195,170.295,155
2025-01-11 14:55:00,170.199,170.332,170.048,170.193,93
2025-01-11 15:00:00,170.116,170.329,170.003,170.159,310
2025-01-11 15:05:00,169.966,170.094,169.805,169.999,74
2025-01-11 15:10:00,170.005,170.186,169.812,169.975,112
2025-01-11 15:15:00,170.004,170.144,169.859,170.017,320
2025-01-11 15:20:00,170.033,170.173,169.886,170.087,430
2025-01-11 15:25:00,170.104,170.325,169.937,170.131,156
2025-01-11 15:30:00,170.218,170.361,170.131,170.198,104
2025-01-11 15:35:00,170.301,170.343,170.137,170.209,258
2025-01-11 15:40:00,170.301,170.438,170.165,170.248,303
2025-01-11 15:45:00,170.088,170.287,170.007,170.144,289
2025-01-11 15:50:00,169.983,170.165,169.928,169.963,470
2025-01-11 15:55:00,169.848,169.887,169.774,169.835,185
2025-01-11 16:00:00,169.804,169.998,169.674,169.688,275
2025-01-11 16:05:00,169.927,170.012,169.781,169.88,226
2025-01-11 16:10:00,169.815,169.868,169.639,169.787,474
2025-01-11 16:15:00,169.841,169.952,169.75,169.785,454
2025-01-11 16:20:00,169.88,169.977,169.816,169.889,373
2025-01-11 16:25:00,169.995,170.066,169.904,170.014,57
2025-01-11 16:30:00,169.924,170.049,169.877,169.912,95
2025-01-11 16:35:00,169.896,170.071,169.776,169.844,269
2025-01-11 16:40:00,169.911,169.973,169.671,169.841,472
2025-01-11 16:45:00,169.835,169.877,169.651,169.792,249
2025-01-11 16:50:00,169.44,169.725,169.392,169.616,59
2025-01-11 16:55:00,169.597,169.668,169.457,169.557,479
2025-01-11 17:00:00,169.62,169.787,169.595,169.644,418
2025-01-11 17:05:00,169.788,169.809,169.764,169.791,371
2025-01-11 17:10:00,169.806,169.948,169.594,169.753,394
2025-01-11 17:15:00,169.729,169.83,169.531,169.724,66
2025-01-11 17:20:00,169.435,169.625,169.244,169.545,205
2025-01-11 17:25:00,169.52,169.549,169.354,169.539,179
2025-01-11 17:30:00,169.464,169.63,169.266,169.512,222
2025-01-11 17:35:00,169.632,169.706,169.542,169.569,389
2025-01-11 17:40:00,169.617,169.811,169.532,169.607,217
2025-01-11 17:45:00,169.769,169.949,169.694,169.714,499
2025-01-11 17:50:00,169.822,170.01,169.564,169.741,114
2025-01-11 17:55:00,169.678,169.73,169.633,169.664,358
2025-01-11 18:00:00,169.58,169.682,169.427,169.633,408
2025-01-11 18:05:00,169.594,169.649,169.547,169.583,403
2025-01-11 18:10:00,169.503,169.712,169.468,169.515,185
2025-01-11 18:15:00,169.528,169.644,169.45,169.486,297
2025-01-11 18:20:00,169.418,169.452,169.264,169.365,84
2025-01-11 18:25:00,169.442,169.632,169.347,169.376,57
2025-01-11 18:30:00,169.506,169.571,169.28,169.447,301
2025-01-11 18:35:00,169.33,169.516,169.188,169.266,321
2025-01-11 18:40:00,169.426,169.551,169.294,169.372,240
2025-01-11 18:45:00,169.206,169.407,169.131,169.225,421
2025-01-11 18:50:00,169.209,169.37,168.987,169.181,100
2025-01-11 18:55:00,169.245,169.317,169.231,169.306,124
2025-01-11 19:00:00,169.34,169.479,169.09,169.288,122
2025-01-11 19:05:00,169.314,169.544,169.125,169.378,54
2025-01-11 19:10:00,169.327,169.476,169.139,169.391,152
2025-01-11 19:15:00,169.242,169.391,169.07,169.272,178
2025-01-11 19:20:00,169.518,169.693,169.353,169.461,57
2025-01-11 19:25:00,169.559,169.642,169.359,169.557,82
2025-01-11 19:30:00,169.744,169.923,169.596,169.681,109
2025-01-11 19:35:00,169.761,169.846,169.642,169.72,359
2025-01-11 19:40:00,169.757,169.949,169.631,169.759,353
2025-01-11 19:45:00,169.888,170.039,169.786,169.888,348
2025-01-11 19:50:00,169.893,169.998,169.844,169.92,106
2025-01-11 19:55:00,169.896,169.982,169.658,169.838,124
2025-01-11 20:00:00,169.983,170.12,169.855,170.019,211
2025-01-11 20:05:00,170.01,170.075,169.875,169.971,350
2025-01-11 20:10:00,169.989,170.178,169.824,169.978,204
2025-01-11 20:15:00,169.944,169.984,169.7,169.89,310
2025-01-11 20:20:00,169.852,170.088,169.728,169.897,253
2025-01-11 20:25:00,170.169,170.238,169.908,170.068,369
2025-01-11 20:30:00,170.113,170.216,170.029,170.053,236
2025-01-11 20:35:00,170.139,170.35,170.075,170.236,174
2025-01-11 20:40:00,170.147,170.229,170.046,170.167,319
2025-01-11 20:45:00,170.231,170.432,170.119,170.31,244
2025-01-11 20:50:00,170.408,170.448,170.259,170.401,278
2025-01-11 20:55:00,170.581,170.766,170.348,170.53,63
2025-01-11 21:00:00,170.499,170.691,170.31,170.509,456
2025-01-11 21:05:00,170.55,170.715,170.482,170.6,395
2025-01-11 21:10:00,170.742,170.803,170.57,170.672,149
2025-01-11 21:15:00,170.743,170.904,170.644,170.72,264
2025-01-11 21:20:00,170.765,170.954,170.703,170.796,229
2025-01-11 21:25:00,170.813,170.834,170.778,170.811,84
2025-01-11 21:30:00,170.883,171.072,170.844,170.878,449
2025-01-11 21:35:00,170.978,171.142,170.763,170.929,340
2025-01-11 21:40:00,170.871,171.077,170.711,170.895,499
2025-01-11 21:45:00,170.821,170.838,170.681,170.827,110
2025-01-11 21:50:00,170.747,171.039,170.59,170.862,479
2025-01-11 21:55:00,170.777,171.025,170.58,170.848,326
2025-01-11 22:00:00,170.733,170.886,170.658,170.698,334
2025-01-11 22:05:00,170.616,170.648,170.543,170.599,119
2025-01-11 22:10:00,170.534,170.691,170.34,170.465,65
2025-01-11 22:15:00,170.428,170.518,170.355,170.439,361
2025-01-11 22:20:00,170.422,170.449,170.291,170.349,124
2025-01-11 22:25:00,170.027,170.257,169.884,170.143,171
2025-01-11 22:30:00,169.956,170.075,169.863,170.029,157
2025-01-11 22:35:00,170.013,170.043,169.916,170.011,159
2025-01-11 22:40:00,169.954,170.06,169.745,169.943,232
2025-01-11 22:45:00,169.948,169.977,169.802,169.862,413
2025-01-11 22:50:00,169.923,170.0,169.897,169.933,363
2025-01-11 22:55:00,169.881,170.125,169.857,169.954,495
2025-01-11 23:00:00,169.977,170.141,169.86,170.037,415
2025-01-11 23:05:00,170.089,170.196,169.878,170.014,119
2025-01-11 23:10:00,170.175,170.31,170.143,170.157,307
2025-01-11 23:15:00,170.019,170.135,169.879,170.097,94
2025-01-11 23:20:00,170.016,170.13,169.895,170.088,477
2025-01-11 23:25:00,170.221,170.372,169.993,170.154,165
2025-01-11 23:30:00,170.153,170.276,170.072,170.152,69
2025-01-11 23:35:00,170.113,170.25,169.972,170.119,416
2025-01-11 23:40:00,170.026,170.227,169.905,170.05,257
2025-01-11 23:45:00,170.259,170.326,170.052,170.172,388
2025-01-11 23:50:00,170.225,170.248,170.2,170.231,385
2025-01-11 23:55:00,170.282,170.331,170.167,170.216,408
2025-01-12 00:00:00,170.265,170.317,170.004,170.185,236
2025-01-12 00:05:00,170.158,170.343,170.04,170.231,331
2025-01-12 00:10:00,170.324,170.463,170.11,170.252,72
2025-01-12 00:15:00,170.322,170.391,170.216,170.278,242
2025-01-12 00:20:00,170.116,170.249,169.938,170.135,396
2025-01-12 00:25:00,170.341,170.405,170.29,170.314,237
2025-01-12 00:30:00,170.275,170.376,170.16,170.347,308
2025-01-12 00:35:00,170.419,170.489,170.314,170.44,180
2025-01-12 00:40:00,170.526,170.597,170.401,170.5,393
2025-01-12 00:45:00,170.429,170.526,170.306,170.4,378
2025-01-12 00:50:00,170.206,170.29,170.084,170.247,246
2025-01-12 00:55:00,170.215,170.255,170.152,170.23,492
2025-01-12 01:00:00,170.202,170.214,170.041,170.179,151
2025-01-12 01:05:00,170.072,170.26,169.961,170.128,306
2025-01-12 01:10:00,170.384,170.486,170.226,170.352,234
2025-01-12 01:15:00,170.521,170.71,170.403,170.46,167
2025-01-12 01:20:00,170.425,170.556,170.279,170.424,205
2025-01-12 01:25:00,170.27,170.446,170.092,170.28,416
2025-01-12 01:30:00,170.118,170.341,170.017,170.155,132
2025-01-12 01:35:00,169.955,170.123,169.868,169.984,197
2025-01-12 01:40:00,169.934,169.963,169.753,169.914,481
2025-01-12 01:45:00,170.023,170.124,169.92,169.965,213
2025-01-12 01:50:00,170.0,170.06,169.826,170.038,491
2025-01-12 01:55:00,169.927,169.981,169.745,169.918,175
2025-01-12 02:00:00,170.04,170.1,169.958,169.972,428
2025-01-12 02:05:00,170.081,170.221,169.859,170.023,490
2025-01-12 02:10:00,170.15,170.181,170.06,170.071,102
2025-01-12 02:15:00,170.112,170.265,170.006,170.14,337
2025-01-12 02:20:00,170.223,170.243,170.162,170.206,133
2025-01-12 02:25:00,169.968,170.018,169.853,169.949,89
2025-01-12 02:30:00,169.916,170.115,169.783,169.954,254
2025-01-12 02:35:00,169.735,169.803,169.632,169.792,391
2025-01-12 02:40:00,169.599,169.807,169.447,169.684,275
2025-01-12 02:45:00,169.718,169.895,169.708,169.733,364
2025-01-12 02:50:00,169.612,169.731,169.487,169.696,468
2025-01-12 02:55:00,169.755,169.908,169.595,169.727,497
2025-01-12 03:00:00,169.934,169.978,169.771,169.881,296
2025-01-12 03:05:00,169.823,169.963,169.64,169.854,183
2025-01-12 03:10:00,169.967,169.991,169.753,169.936,255
2025-01-12 03:15:00,169.97,170.075,169.893,169.92,457
2025-01-12 03:20:00,169.881,170.019,169.783,169.957,104
2025-01-12 03:25:00,169.846,169.892,169.66,169.812,107
2025-01-12 03:30:00,169.885,169.995,169.83,169.89,497
2025-01-12 03:35:00,170.018,170.196,169.996,170.102,96
2025-01-12 03:40:00,170.08,170.251,169.924,170.114,260
2025-01-12 03:45:00,170.291,170.369,170.278,170.346,55
2025-01-12 03:50:00,170.351,170.501,170.275,170.371,50
2025-01-12 03:55:00,170.397,170.523,170.354,170.41,144
2025-01-12 04:00:00,170.391,170.569,170.329,170.381,70
2025-01-12 04:05:00,170.386,170.58,170.235,170.444,407
2025-01-12 04:10:00,170.506,170.653,170.383,170.446,273
2025-01-12 04:15:00,170.476,170.515,170.435,170.48,396
2025-01-12 04:20:00,170.441,170.576,170.35,170.444,221
2025-01-12 04:25:00,170.447,170.527,170.346,170.497,195
2025-01-12 04:30:00,170.493,170.613,170.282,170.384,243
2025-01-12 04:35:00,170.235,170.316,170.207,170.254,372
2025-01-12 04:40:00,170.068,170.131,169.94,170.096,313
2025-01-12 04:45:00,170.139,170.208,169.899,170.061,213
2025-01-12 04:50:00,170.081,170.097,169.93,170.084,232
2025-01-12 04:55:00,170.047,170.202,169.973,170.121,61
2025-01-12 05:00:00,170.024,170.214,169.925,170.013,223
2025-01-12 05:05:00,169.882,170.077,169.762,169.826,290
2025-01-12 05:10:00,169.756,169.909,169.646,169.818,226
2025-01-12 05:15:00,169.78,169.924,169.52,169.696,64
2025-01-12 05:20:00,169.801,169.896,169.716,169.738,438
2025-01-12 05:25:00,169.708,169.855,169.539,169.729,243
2025-01-12 05:30:00,169.993,170.023,169.851,169.922,291
2025-01-12 05:35:00,169.758,169.9,169.728,169.778,128
2025-01-12 05:40:00,169.919,170.075,169.786,169.835,100
2025-01-12 05:45:00,169.817,169.934,169.765,169.862,481
2025-01-12 05:50:00,169.611,169.756,169.414,169.673,351
2025-01-12 05:55:00,169.829,169.953,169.65,169.798,321
2025-01-12 06:00:00,169.862,169.93,169.775,169.897,97
2025-01-12 06:05:00,169.804,169.906,169.733,169.755,442
2025-01-12 06:10:00,169.812,169.921,169.594,169.764,120
2025-01-12 06:15:00,169.85,169.943,169.669,169.873,72
2025-01-12 06:20:00,169.9,170.02,169.84,169.914,163
2025-01-12 06:25:00,169.902,169.917,169.742,169.848,286
2025-01-12 06:30:00,169.786,170.012,169.67,169.874,130
2025-01-12 06:35:00,169.659,169.902,169.574,169.709,471
2025-01-12 06:40:00,169.727,169.836,169.583,169.718,310
2025-01-12 06:45:00,169.728,169.898,169.644,169.717,58
2025-01-12 06:50:00,169.805,169.958,169.732,169.801,428
2025-01-12 06:55:00,169.723,169.876,169.506,169.685,118
2025-01-12 07:00:00,169.677,169.803,169.646,169.729,214
2025-01-12 07:05:00,169.859,169.897,169.77,169.797,293
2025-01-12 07:10:00,169.517,169.619,169.45,169.583,498
2025-01-12 07:15:00,169.443,169.62,169.268,169.495,112
2025-01-12 07:20:00,169.521,169.668,169.315,169.48,119
2025-01-12 07:25:00,169.349,169.45,169.244,169.43,379
2025-01-12 07:30:00,169.599,169.626,169.406,169.562,53
2025-01-12 07:35:00,169.503,169.554,169.48,169.502,255
2025-01-12 07:40:00,169.545,169.737,169.46,169.536,128
2025-01-12 07:45:00,169.525,169.684,169.333,169.542,325
2025-01-12 07:50:00,169.355,169.518,169.175,169.363,245
2025-01-12 07:55:00,169.524,169.636,169.366,169.464,274
2025-01-12 08:00:00,169.488,169.614,169.309,169.512,432
2025-01-12 08:05:00,169.34,169.574,169.253,169.449,490
2025-01-12 08:10:00,169.517,169.6,169.393,169.558,381
2025-01-12 08:15:00,169.522,169.547,169.368,169.466,492
2025-01-12 08:20:00,169.384,169.471,169.297,169.382,317
2025-01-12 08:25:00,169.237,169.512,169.16,169.353,184
2025-01-12 08:30:00,169.454,169.476,169.176,169.319,316
2025-01-12 08:35:00,169.291,169.373,169.221,169.308,325
2025-01-12 08:40:00,169.265,169.395,169.229,169.262,276
2025-01-12 08:45:00,169.35,169.442,169.174,169.256,330
2025-01-12 08:50:00,169.373,169.484,169.176,169.297,454
2025-01-12 08:55:00,169.143,169.206,168.943,169.188,132
2025-01-12 09:00:00,169.166,169.396,169.034,169.246,376
2025-01-12 09:05:00,169.237,169.459,169.14,169.308,479
2025-01-12 09:10:00,169.216,169.286,169.027,169.235,384
2025-01-12 09:15:00,169.212,169.469,169.127,169.276,240
2025-01-12 09:20:00,169.071,169.236,168.99,169.101,190
2025-01-12 09:25:00,169.315,169.454,169.286,169.365,61
2025-01-12 09:30:00,169.205,169.242,169.174,169.194,359
2025-01-12 09:35:00,169.233,169.427,169.151,169.218,349
2025-01-12 09:40:00,169.386,169.468,169.115,169.279,476
2025-01-12 09:45:00,169.267,169.374,169.146,169.201,489
2025-01-12 09:50:00,169.041,169.125,168.932,169.085,163
2025-01-12 09:55:00,169.02,169.058,168.932,168.986,454
2025-01-12 10:00:00,169.205,169.324,169.05,169.173,390
2025-01-12 10:05:00,169.005,169.129,168.901,169.063,468
2025-01-12 10:10:00,169.067,169.093,168.804,169.001,459
2025-01-12 10:15:00,169.004,169.081,168.923,169.01,197
2025-01-12 10:20:00,169.101,169.314,169.017,169.118,380
2025-01-12 10:25:00,168.984,169.13,168.952,169.009,291
2025-01-12 10:30:00,168.995,169.058,168.977,168.998,259
2025-01-12 10:35:00,169.085,169.213,168.885,169.027,94
2025-01-12 10:40:00,168.945,168.962,168.916,168.943,123
2025-01-12 10:45:00,168.858,168.922,168.726,168.881,108
2025-01-12 10:50:00,168.833,168.937,168.632,168.811,202
2025-01-12 10:55:00,168.931,169.123,168.875,168.975,496
2025-01-12 11:00:00,169.061,169.244,168.982,169.006,193
2025-01-12 11:05:00,168.991,169.072,168.869,168.912,428
2025-01-12 11:10:00,168.919,169.087,168.828,168.976,333
2025-01-12 11:15:00,169.169,169.351,169.076,169.174,167
2025-01-12 11:20:00,169.15,169.348,169.045,169.149,131
2025-01-12 11:25:00,169.099,169.204,168.974,169.133,356
2025-01-12 11:30:00,169.116,169.2,168.998,169.169,375
2025-01-12 11:35:00,169.256,169.358,169.158,169.247,192
2025-01-12 11:40:00,169.155,169.324,168.958,169.147,437
2025-01-12 11:45:00,169.126,169.236,169.04,169.098,284
2025-01-12 11:50:00,169.04,169.074,168.867,169.056,434
2025-01-12 11:55:00,169.054,169.178,168.806,169.004,375
2025-01-12 12:00:00,169.141,169.326,168.964,169.159,109
2025-01-12 12:05:00,169.085,169.194,168.841,169.034,489
2025-01-12 12:10:00,169.059,169.184,168.931,169.114,120
2025-01-12 12:15:00,169.094,169.185,168.884,169.053,227
2025-01-12 12:20:00,169.11,169.219,169.089,169.195,483
2025-01-12 12:25:00,169.248,169.434,169.216,169.243,327
2025-01-12 12:30:00,169.294,169.494,169.272,169.312,190
2025-01-12 12:35:00,169.342,169.393,169.307,169.328,115
2025-01-12 12:40:00,169.289,169.477,169.245,169.348,247
2025-01-12 12:45:00,169.276,169.309,169.167,169.294,264
2025-01-12 12:50:00,169.191,169.211,169.106,169.147,140
2025-01-12 12:55:00,169.177,169.303,169.009,169.238,313
2025-01-12 13:00:00,169.418,169.568,169.324,169.424,422
2025-01-12 13:05:00,169.474,169.519,169.35,169.398,245
2025-01-12 13:10:00,169.638,169.686,169.391,169.542,69
2025-01-12 13:15:00,169.578,169.768,169.368,169.567,432
2025-01-12 13:20:00,169.474,169.671,169.428,169.481,240
2025-01-12 13:25:00,169.345,169.44,169.175,169.365,338
2025-01-12 13:30:00,169.34,169.528,169.241,169.261,51
2025-01-12 13:35:00,169.308,169.47,169.207,169.295,318
2025-01-12 13:40:00,169.33,169.537,169.237,169.402,250
2025-01-12 13:45:00,169.48,169.626,169.322,169.492,57
2025-01-12 13:50:00,169.555,169.809,169.405,169.612,344
2025-01-12 13:55:00,169.65,169.698,169.539,169.634,468
2025-01-12 14:00:00,169.565,169.684,169.491,169.537,281
2025-01-12 14:05:00,169.621,169.654,169.498,169.627,66
2025-01-12 14:10:00,169.493,169.653,169.383,169.491,393
2025-01-12 14:15:00,169.658,169.738,169.557,169.683,389
2025-01-12 14:20:00,169.632,169.692,169.514,169.636,252
2025-01-12 14:25:00,169.725,169.86,169.574,169.776,165
2025-01-12 14:30:00,169.811,169.83,169.577,169.765,293
2025-01-12 14:35:00,169.757,169.88,169.618,169.741,450
2025-01-12 14:40:00,169.768,169.81,169.644,169.735,313
2025-01-12 14:45:00,169.632,169.861,169.44,169.747,306
2025-01-12 14:50:00,169.68,169.788,169.559,169.673,330
2025-01-12 14:55:00,169.548,169.613,169.418,169.548,392
2025-01-12 15:00:00,169.595,169.775,169.512,169.568,445
2025-01-12 15:05:00,169.635,169.779,169.552,169.573,274
2025-01-12 15:10:00,169.548,169.701,169.482,169.528,197
2025-01-12 15:15:00,169.544,169.79,169.429,169.624,364
2025-01-12 15:20:00,169.575,169.695,169.522,169.63,314
2025-01-12 15:25:00,169.828,169.967,169.629,169.799,491
2025-01-12 15:30:00,169.732,169.754,169.67,169.723,256
2025-01-12 15:35:00,169.631,169.729,169.537,169.607,89
2025-01-12 15:40:00,169.59,169.754,169.452,169.567,429
2025-01-12 15:45:00,169.638,169.844,169.512,169.667,82
2025-01-12 15:50:00,169.769,169.859,169.62,169.697,360
2025-01-12 15:55:00,169.691,169.883,169.536,169.737,85
2025-01-12 16:00:00,169.806,169.992,169.61,169.747,446
2025-01-12 16:05:00,169.857,169.966,169.707,169.812,355
2025-01-12 16:10:00,169.915,170.065,169.784,169.925,271
2025-01-12 16:15:00,169.963,170.133,169.916,169.947,129
2025-01-12 16:20:00,169.794,169.959,169.717,169.746,271
2025-01-12 16:25:00,169.81,169.922,169.627,169.839,258
2025-01-12 16:30:00,169.937,169.983,169.84,169.958,461
2025-01-12 16:35:00,169.927,170.106,169.797,169.959,182
2025-01-12 16:40:00,169.968,170.032,169.866,169.96,391
2025-01-12 16:45:00,170.127,170.289,170.066,170.09,109
2025-01-12 16:50:00,170.119,170.211,170.054,170.165,409
2025-01-12 16:55:00,170.317,170.423,170.148,170.226,133
2025-01-12 17:00:00,170.146,170.327,170.058,170.155,286
2025-01-12 17:05:00,170.03,170.142,169.849,169.995,374
2025-01-12 17:10:00,170.009,170.202,169.833,170.004,268
2025-01-12 17:15:00,169.843,169.968,169.756,169.955,229
2025-01-12 17:20:00,169.986,170.156,169.888,169.984,91
2025-01-12 17:25:00,170.215,170.382,170.099,170.16,223
2025-01-12 17:30:00,170.236,170.299,170.057,170.242,466
2025-01-12 17:35:00,170.19,170.402,170.081,170.29,289
2025-01-12 17:40:00,170.361,170.478,170.183,170.332,226
2025-01-12 17:45:00,170.217,170.333,170.088,170.26,117
2025-01-12 17:50:00,170.346,170.477,170.247,170.278,406
2025-01-12 17:55:00,170.546,170.602,170.231,170.425,120
2025-01-12 18:00:00,170.425,170.494,170.28,170.464,210
2025-01-12 18:05:00,170.53,170.705,170.271,170.465,68
2025-01-12 18:10:00,170.325,170.421,170.168,170.354,489
2025-01-12 18:15:00,170.028,170.128,169.975,170.082,276
2025-01-12 18:20:00,170.035,170.116,169.872,169.984,365
2025-01-12 18:25:00,169.874,170.072,169.68,169.902,445
2025-01-12 18:30:00,170.024,170.2,169.838,169.983,247
2025-01-12 18:35:00,169.98,169.997,169.801,169.916,395
2025-01-12 18:40:00,169.66,169.86,169.649,169.706,444
2025-01-12 18:45:00,169.705,169.736,169.673,169.694,152
2025-01-12 18:50:00,169.775,169.919,169.606,169.731,70
2025-01-12 18:55:00,169.745,169.885,169.668,169.7,460
2025-01-12 19:00:00,169.574,169.749,169.384,169.612,291
2025-01-12 19:05:00,169.521,169.639,169.345,169.54,151
2025-01-12 19:10:00,169.729,169.821,169.665,169.73,341
2025-01-12 19:15:00,169.525,169.623,169.362,169.575,307
2025-01-12 19:20:00,169.701,169.713,169.609,169.693,178
2025-01-12 19:25:00,169.724,169.846,169.633,169.74,291
2025-01-12 19:30:00,169.761,169.883,169.623,169.726,362
2025-01-12 19:35:00,169.618,169.632,169.461,169.617,468
2025-01-12 19:40:00,169.614,169.82,169.518,169.625,235
2025-01-12 19:45:00,169.639,169.692,169.492,169.623,329
2025-01-12 19:50:00,169.77,169.931,169.719,169.773,382
2025-01-12 19:55:00,169.776,169.875,169.641,169.731,247
2025-01-12 20:00:00,169.624,169.824,169.487,169.618,157
2025-01-12 20:05:00,169.565,169.743,169.471,169.558,348
2025-01-12 20:10:00,169.625,169.677,169.538,169.552,129
2025-01-12 20:15:00,169.49,169.682,169.452,169.522,205
2025-01-12 20:20:00,169.521,169.708,169.439,169.497,430
2025-01-12 20:25:00,169.528,169.628,169.448,169.494,276
2025-01-12 20:30:00,169.554,169.735,169.459,169.533,217
2025-01-12 20:35:00,169.551,169.72,169.348,169.524,268
2025-01-12 20:40:00,169.545,169.669,169.488,169.575,389
2025-01-12 20:45:00,169.686,169.751,169.453,169.607,174
2025-01-12 20:50:00,169.683,169.739,169.657,169.686,422
2025-01-12 20:55:00,169.468,169.716,169.375,169.545,156
2025-01-12 21:00:00,169.583,169.684,169.546,169.586,180
2025-01-12 21:05:00,169.673,169.868,169.501,169.594,118
2025-01-12 21:10:00,169.746,169.801,169.537,169.73,53
2025-01-12 21:15:00,170.019,170.05,169.722,169.919,278
2025-01-12 21:20:00,169.892,169.984,169.713,169.924,268
2025-01-12 21:25:00,170.022,170.057,169.934,170.011,414
2025-01-12 21:30:00,169.721,169.813,169.703,169.769,51
2025-01-12 21:35:00,169.701,169.88,169.673,169.729,480
2025-01-12 21:40:00,169.692,169.844,169.513,169.733,253
2025-01-12 21:45:00,169.854,169.988,169.662,169.779,260
2025-01-12 21:50:00,169.82,169.986,169.688,169.778,300
2025-01-12 21:55:00,169.652,169.763,169.438,169.593,412
2025-01-12 22:00:00,169.768,169.929,169.593,169.845,369
2025-01-12 22:05:00,169.753,169.877,169.657,169.774,232
2025-01-12 22:10:00,169.606,169.752,169.472,169.582,353
2025-01-12 22:15:00,169.532,169.731,169.412,169.564,166
2025-01-12 22:20:00,169.713,169.825,169.475,169.663,238
2025-01-12 22:25:00,169.763,169.789,169.616,169.748,348
2025-01-12 22:30:00,169.703,169.835,169.672,169.691,149
2025-01-12 22:35:00,169.592,169.83,169.563,169.66,134
2025-01-12 22:40:00,169.773,169.931,169.512,169.692,350
2025-01-12 22:45:00,169.587,169.861,169.397,169.707,75
2025-01-12 22:50:00,169.604,169.814,169.458,169.647,86
2025-01-12 22:55:00,169.787,169.804,169.757,169.773,251
2025-01-12 23:00:00,169.791,169.984,169.63,169.878,209
2025-01-12 23:05:00,169.848,170.032,169.765,169.878,90
2025-01-12 23:10:00,169.678,169.842,169.602,169.745,142
2025-01-12 23:15:00,169.626,169.828,169.485,169.633,92
2025-01-12 23:20:00,169.729,169.883,169.655,169.699,431
2025-01-12 23:25:00,169.684,169.718,169.65,169.677,114
2025-01-12 23:30:00,169.421,169.549,169.322,169.506,143
2025-01-12 23:35:00,169.711,169.762,169.498,169.691,476
2025-01-12 23:40:00,169.572,169.742,169.435,169.638,304
2025-01-12 23:45:00,169.607,169.754,169.47,169.647,105
2025-01-12 23:50:00,169.729,169.899,169.655,169.71,329
2025-01-12 23:55:00,169.884,170.049,169.784,169.831,146
2025-01-13 00:00:00,169.924,170.178,169.836,169.989,58
2025-01-13 00:05:00,169.945,170.06,169.887,169.938,368
2025-01-13 00:10:00,169.816,169.878,169.709,169.819,144
2025-01-13 00:15:00,169.858,169.952,169.846,169.875,221
2025-01-13 00:20:00,169.954,170.02,169.74,169.85,416
2025-01-13 00:25:00,169.823,170.071,169.769,169.874,463
2025-01-13 00:30:00,169.77,169.94,169.549,169.745,313
2025-01-13 00:35:00,169.607,169.678,169.524,169.643,125
2025-01-13 00:40:00,169.571,169.669,169.42,169.566,56
2025-01-13 00:45:00,169.687,169.749,169.454,169.634,138
2025-01-13 00:50:00,169.64,169.705,169.616,169.663,468
2025-01-13 00:55:00,169.631,169.669,169.554,169.656,280
2025-01-13 01:00:00,169.807,169.837,169.67,169.752,180
2025-01-13 01:05:00,169.709,169.879,169.587,169.726,351
2025-01-13 01:10:00,169.785,169.796,169.618,169.748,80
2025-01-13 01:15:00,169.719,169.821,169.608,169.68,340
2025-01-13 01:20:00,169.605,169.719,169.551,169.626,232
2025-01-13 01:25:00,169.485,169.529,169.471,169.495,171
2025-01-13 01:30:00,169.493,169.694,169.39,169.508,136
2025-01-13 01:35:00,169.47,169.527,169.415,169.448,196
2025-01-13 01:40:00,169.648,169.922,169.57,169.727,464
2025-01-13 01:45:00,169.765,169.842,169.593,169.831,347
2025-01-13 01:50:00,170.018,170.085,169.863,169.951,484
2025-01-13 01:55:00,169.966,170.113,169.739,169.892,92
2025-01-13 02:00:00,169.931,169.983,169.829,169.956,264
2025-01-13 02:05:00,169.884,170.11,169.812,169.916,296
2025-01-13 02:10:00,169.781,170.047,169.767,169.876,397
2025-01-13 02:15:00,169.88,170.017,169.813,169.939,100
2025-01-13 02:20:00,169.998,170.127,169.842,170.015,453
2025-01-13 02:25:00,170.086,170.17,169.969,170.149,345
2025-01-13 02:30:00,169.991,170.005,169.919,169.994,200
2025-01-13 02:35:00,170.021,170.174,169.93,169.97,336
2025-01-13 02:40:00,169.901,169.961,169.819,169.902,160
2025-01-13 02:45:00,169.983,170.154,169.793,169.903,452
2025-01-13 02:50:00,169.905,170.075,169.765,169.844,264
2025-01-13 02:55:00,169.782,170.051,169.688,169.882,84
2025-01-13 03:00:00,169.799,170.04,169.696,169.882,377
2025-01-13 03:05:00,169.931,170.055,169.872,169.903,196
2025-01-13 03:10:00,169.855,170.126,169.794,169.929,260
2025-01-13 03:15:00,169.991,170.175,169.815,169.969,284
2025-01-13 03:20:00,170.044,170.204,169.834,170.002,61
2025-01-13 03:25:00,169.982,170.106,169.858,169.938,433
2025-01-13 03:30:00,169.791,169.815,169.611,169.769,340
2025-01-13 03:35:00,169.892,170.069,169.674,169.853,446
2025-01-13 03:40:00,169.933,170.103,169.833,169.913,216
2025-01-13 03:45:00,169.884,170.124,169.762,169.99,75
2025-01-13 03:50:00,170.016,170.181,169.887,170.015,237
2025-01-13 03:55:00,170.079,170.241,169.961,170.02,262
2025-01-13 04:00:00,170.226,170.344,170.006,170.172,411
2025-01-13 04:05:00,170.13,170.301,169.943,170.121,142
2025-01-13 04:10:00,170.124,170.188,169.956,170.151,349
2025-01-13 04:15:00,170.238,170.307,170.119,170.191,493
2025-01-13 04:20:00,170.329,170.458,170.189,170.308,278
2025-01-13 04:25:00,170.178,170.25,170.074,170.176,469
2025-01-13 04:30:00,170.069,170.257,169.906,169.999,207
2025-01-13 04:35:00,169.934,170.038,169.753,169.917,99
2025-01-13 04:40:00,169.934,170.063,169.744,169.951,144
2025-01-13 04:45:00,169.976,170.017,169.847,169.971,220
2025-01-13 04:50:00,169.909,170.097,169.748,169.895,129
2025-01-13 04:55:00,169.866,170.082,169.677,169.905,196
2025-01-13 05:00:00,169.901,170.118,169.765,169.945,223
2025-01-13 05:05:00,170.2,170.304,170.022,170.158,379
2025-01-13 05:10:00,170.301,170.405,170.173,170.241,402
2025-01-13 05:15:00,170.225,170.473,170.195,170.274,180
2025-01-13 05:20:00,170.14,170.275,170.074,170.211,499
2025-01-13 05:25:00,170.403,170.588,170.285,170.303,477
2025-01-13 05:30:00,170.217,170.424,170.191,170.233,163
2025-01-13 05:35:00,170.185,170.374,170.057,170.298,323
2025-01-13 05:40:00,170.394,170.56,170.268,170.414,51
2025-01-13 05:45:00,170.424,170.529,170.279,170.45,90
2025-01-13 05:50:00,170.378,170.581,170.208,170.422,322
2025-01-13 05:55:00,170.396,170.667,170.337,170.473,345
2025-01-13 06:00:00,170.317,170.533,170.271,170.436,376
2025-01-13 06:05:00,170.359,170.499,170.329,170.381,102
2025-01-13 06:10:00,170.449,170.62,170.277,170.492,459
2025-01-13 06:15:00,170.352,170.504,170.214,170.43,452
2025-01-13 06:20:00,170.63,170.706,170.462,170.584,465
2025-01-13 06:25:00,170.593,170.779,170.477,170.607,154
2025-01-13 06:30:00,170.597,170.715,170.477,170.623,95
2025-01-13 06:35:00,170.648,170.663,170.615,170.644,152
2025-01-13 06:40:00,170.652,170.772,170.541,170.626,63
2025-01-13 06:45:00,170.364,170.511,170.168,170.41,474
2025-01-13 06:50:00,170.412,170.495,170.242,170.392,209
2025-01-13 06:55:00,170.456,170.563,170.276,170.39,287
2025-01-13 07:00:00,170.501,170.677,170.273,170.428,443
2025-01-13 07:05:00,170.568,170.764,170.462,170.547,362
2025-01-13 07:10:00,170.584,170.778,170.467,170.496,191
2025-01-13 07:15:00,170.479,170.546,170.315,170.523,269
2025-01-13 07:20:00,170.457,170.567,170.391,170.498,117
2025-01-13 07:25:00,170.633,170.714,170.369,170.567,122
2025-01-13 07:30:00,170.591,170.746,170.528,170.61,330
2025-01-13 07:35:00,170.707,170.769,170.624,170.725,493
2025-01-13 07:40:00,170.583,170.873,170.455,170.718,228
2025-01-13 07:45:00,170.707,170.764,170.593,170.686,362
2025-01-13 07:50:00,170.5,170.639,170.376,170.527,75
2025-01-13 07:55:00,170.353,170.397,170.33,170.378,163
2025-01-13 08:00:00,170.292,170.464,170.137,170.342,392
2025-01-13 08:05:00,170.288,170.358,170.233,170.254,100
2025-01-13 08:10:00,170.131,170.253,170.074,170.206,353
2025-01-13 08:15:00,170.247,170.33,170.083,170.254,128
2025-01-13 08:20:00,170.089,170.244,169.852,170.007,248
2025-01-13 08:25:00,170.282,170.395,170.159,170.21,190
2025-01-13 08:30:00,170.205,170.368,170.154,170.215,172
2025-01-13 08:35:00,170.23,170.325,170.134,170.256,111
2025-01-13 08:40:00,170.215,170.398,170.046,170.146,126
2025-01-13 08:45:00,170.268,170.415,170.102,170.126,414
2025-01-13 08:50:00,170.182,170.38,169.936,170.115,277
2025-01-13 08:55:00,170.088,170.19,169.916,170.112,258
2025-01-13 09:00:00,170.163,170.332,170.086,170.156,420
2025-01-13 09:05:00,169.967,170.093,169.874,169.977,325
2025-01-13 09:10:00,170.055,170.109,169.857,170.098,296
2025-01-13 09:15:00,169.962,170.021,169.87,169.979,144
2025-01-13 09:20:00,169.882,170.048,169.808,169.899,209
2025-01-13 09:25:00,169.837,169.996,169.751,169.884,69
2025-01-13 09:30:00,170.026,170.15,169.897,169.958,134
2025-01-13 09:35:00,170.144,170.298,170.106,170.191,231
2025-01-13 09:40:00,170.138,170.17,170.034,170.092,341
2025-01-13 09:45:00,170.024,170.072,169.755,169.949,75
2025-01-13 09:50:00,170.049,170.083,169.925,169.989,153
2025-01-13 09:55:00,170.156,170.353,170.108,170.14,65
2025-01-13 10:00:00,170.308,170.37,170.13,170.345,51
2025-01-13 10:05:00,170.439,170.613,170.396,170.441,237
2025-01-13 10:10:00,170.39,170.583,170.314,170.405,384
2025-01-13 10:15:00,170.511,170.59,170.425,170.504,63
2025-01-13 10:20:00,170.431,170.528,170.331,170.386,219
2025-01-13 10:25:00,170.298,170.465,170.121,170.207,275
2025-01-13 10:30:00,170.361,170.453,170.306,170.335,236
2025-01-13 10:35:00,170.466,170.552,170.407,170.45,469
2025-01-13 10:40:00,170.512,170.607,170.26,170.458,337
2025-01-13 10:45:00,170.552,170.642,170.447,170.545,296
2025-01-13 10:50:00,170.773,170.831,170.682,170.751,284
2025-01-13 10:55:00,170.551,170.738,170.502,170.603,294
2025-01-13 11:00:00,170.573,170.781,170.538,170.594,288
2025-01-13 11:05:00,170.636,170.84,170.454,170.658,341
2025-01-13 11:10:00,170.575,170.677,170.493,170.566,431
2025-01-13 11:15:00,170.546,170.642,170.388,170.535,249
2025-01-13 11:20:00,170.38,170.439,170.248,170.421,358
2025-01-13 11:25:00,170.44,170.598,170.356,170.462,450
2025-01-13 11:30:00,170.439,170.489,170.278,170.401,138
2025-01-13 11:35:00,170.332,170.566,170.178,170.46,412
2025-01-13 11:40:00,170.28,170.423,170.102,170.255,360
2025-01-13 11:45:00,170.199,170.337,170.028,170.251,489
2025-01-13 11:50:00,170.253,170.319,170.151,170.304,319
2025-01-13 11:55:00,170.143,170.323,170.027,170.202,412
2025-01-13 12:00:00,170.089,170.201,169.946,170.102,116
2025-01-13 12:05:00,170.22,170.422,170.16,170.247,203
2025-01-13 12:10:00,170.353,170.375,170.269,170.34,324
2025-01-13 12:15:00,170.371,170.507,170.308,170.414,342
2025-01-13 12:20:00,170.443,170.59,170.391,170.43,103
2025-01-13 12:25:00,170.348,170.401,170.264,170.35,230
2025-01-13 12:30:00,170.511,170.659,170.465,170.489,59
2025-01-13 12:35:00,170.471,170.62,170.362,170.497,156
2025-01-13 12:40:00,170.412,170.519,170.368,170.469,277
2025-01-13 12:45:00,170.673,170.747,170.474,170.595,269
2025-01-13 12:50:00,170.417,170.476,170.283,170.418,58
2025-01-13 12:55:00,170.481,170.609,170.288,170.572,452
2025-01-13 13:00:00,170.353,170.548,170.318,170.479,335
2025-01-13 13:05:00,170.523,170.627,170.369,170.459,440
2025-01-13 13:10:00,170.51,170.589,170.265,170.407,158
2025-01-13 13:15:00,170.2,170.363,170.127,170.224,278
2025-01-13 13:20:00,170.185,170.276,170.126,170.211,296
2025-01-13 13:25:00,170.279,170.447,170.248,170.282,389
2025-01-13 13:30:00,170.407,170.529,170.314,170.342,390
2025-01-13 13:35:00,170.372,170.472,170.309,170.399,65
2025-01-13 13:40:00,170.371,170.392,170.342,170.38,284
2025-01-13 13:45:00,170.513,170.549,170.384,170.519,358
2025-01-13 13:50:00,170.262,170.362,170.121,170.244,114
2025-01-13 13:55:00,170.52,170.677,170.407,170.477,100
2025-01-13 14:00:00,170.411,170.453,170.243,170.435,490
2025-01-13 14:05:00,170.484,170.672,170.403,170.431,379
2025-01-13 14:10:00,170.526,170.611,170.407,170.505,218
2025-01-13 14:15:00,170.456,170.474,170.412,170.459,443
2025-01-13 14:20:00,170.559,170.598,170.486,170.584,138
2025-01-13 14:25:00,170.675,170.74,170.597,170.725,376
2025-01-13 14:30:00,171.01,171.102,170.928,170.983,170
2025-01-13 14:35:00,170.912,170.934,170.779,170.873,491
2025-01-13 14:40:00,170.732,170.832,170.648,170.703,329
2025-01-13 14:45:00,170.887,171.006,170.725,170.919,122
2025-01-13 14:50:00,170.845,170.941,170.746,170.823,435
2025-01-13 14:55:00,170.687,170.713,170.602,170.669,202
2025-01-13 15:00:00,170.592,170.715,170.435,170.63,96
2025-01-13 15:05:00,170.501,170.642,170.484,170.506,364
2025-01-13 15:10:00,170.421,170.476,170.253,170.389,448
2025-01-13 15:15:00,170.256,170.509,170.146,170.32,422
2025-01-13 15:20:00,170.508,170.518,170.361,170.424,393
2025-01-13 15:25:00,170.341,170.466,170.318,170.351,492
2025-01-13 15:30:00,170.344,170.525,170.19,170.3,222
2025-01-13 15:35:00,170.28,170.506,170.201,170.348,165
2025-01-13 15:40:00,170.22,170.315,170.16,170.299,245
2025-01-13 15:45:00,170.446,170.461,170.323,170.443,200
2025-01-13 15:50:00,170.591,170.707,170.497,170.622,403
2025-01-13 15:55:00,170.657,170.756,170.564,170.629,340
2025-01-13 16:00:00,170.627,170.699,170.481,170.635,216
2025-01-13 16:05:00,170.702,170.749,170.647,170.717,84
2025-01-13 16:10:00,170.687,170.889,170.615,170.741,257
2025-01-13 16:15:00,170.845,170.855,170.696,170.821,230
2025-01-13 16:20:00,170.836,170.988,170.668,170.802,402
2025-01-13 16:25:00,170.832,171.01,170.683,170.842,333
2025-01-13 16:30:00,170.955,171.092,170.775,171.062,200
2025-01-13 16:35:00,171.088,171.282,171.009,171.114,283
2025-01-13 16:40:00,171.032,171.228,170.877,170.964,404
2025-01-13 16:45:00,171.119,171.315,170.815,171.014,206
2025-01-13 16:50:00,171.105,171.163,171.016,171.09,307
2025-01-13 16:55:00,171.295,171.428,171.151,171.218,430
2025-01-13 17:00:00,171.231,171.381,171.077,171.216,438
2025-01-13 17:05:00,171.209,171.339,171.17,171.191,202
2025-01-13 17:10:00,171.288,171.315,171.079,171.261,279
2025-01-13 17:15:00,171.351,171.4,171.258,171.353,160
2025-01-13 17:20:00,171.339,171.524,171.269,171.28,131
2025-01-13 17:25:00,171.41,171.477,171.244,171.315,427
2025-01-13 17:30:00,171.306,171.498,171.101,171.269,274
2025-01-13 17:35:00,171.428,171.579,171.217,171.409,245
2025-01-13 17:40:00,171.365,171.48,171.203,171.34,68
2025-01-13 17:45:00,171.346,171.561,171.254,171.411,434
2025-01-13 17:50:00,171.384,171.445,171.219,171.413,247
2025-01-13 17:55:00,171.459,171.537,171.169,171.357,205
2025-01-13 18:00:00,171.545,171.737,171.453,171.548,351
2025-01-13 18:05:00,171.442,171.579,171.246,171.392,341
2025-01-13 18:10:00,171.341,171.479,171.257,171.358,116
2025-01-13 18:15:00,171.29,171.321,171.16,171.23,388
2025-01-13 18:20:00,171.072,171.137,170.916,171.065,55
2025-01-13 18:25:00,171.005,171.165,170.859,171.001,59
2025-01-13 18:30:00,170.836,170.954,170.821,170.896,147
2025-01-13 18:35:00,170.946,170.983,170.75,170.923,144
2025-01-13 18:40:00,171.084,171.221,171.011,171.057,368
2025-01-13 18:45:00,171.286,171.33,171.17,171.296,271
2025-01-13 18:50:00,171.49,171.589,171.245,171.403,462
2025-01-13 18:55:00,171.388,171.421,171.285,171.332,198
2025-01-13 19:00:00,171.378,171.525,171.291,171.405,412
2025-01-13 19:05:00,171.293,171.346,171.127,171.332,470
2025-01-13 19:10:00,171.336,171.418,171.15,171.316,267
2025-01-13 19:15:00,171.437,171.536,171.138,171.334,427
2025-01-13 19:20:00,171.338,171.433,171.254,171.35,406
2025-01-13 19:25:00,171.387,171.493,171.352,171.375,482
2025-01-13 19:30:00,171.321,171.476,171.278,171.369,389
2025-01-13 19:35:00,171.342,171.49,171.278,171.413,262
2025-01-13 19:40:00,171.356,171.403,171.16,171.34,162
2025-01-13 19:45:00,171.49,171.521,171.347,171.386,69
2025-01-13 19:50:00,171.312,171.433,171.231,171.306,309
2025-01-13 19:55:00,171.155,171.194,170.893,171.089,155
2025-01-13 20:00:00,171.149,171.16,171.04,171.079,485
2025-01-13 20:05:00,171.235,171.308,171.188,171.223,264
2025-01-13 20:10:00,171.211,171.247,171.185,171.198,432
2025-01-13 20:15:00,171.058,171.216,170.89,171.081,374
2025-01-13 20:20:00,170.957,171.047,170.867,171.001,351
2025-01-13 20:25:00,170.989,171.074,170.794,171.019,390
2025-01-13 20:30:00,170.915,171.101,170.826,170.921,140
2025-01-13 20:35:00,170.846,170.893,170.703,170.862,412
2025-01-13 20:40:00,170.784,170.99,170.706,170.795,148
2025-01-13 20:45:00,170.709,170.843,170.592,170.747,283
2025-01-13 20:50:00,170.831,170.911,170.765,170.824,121
2025-01-13 20:55:00,170.91,171.02,170.829,170.884,308
2025-01-13 21:00:00,171.007,171.108,170.858,170.981,406
2025-01-13 21:05:00,170.938,171.062,170.812,170.918,427
2025-01-13 21:10:00,170.948,171.15,170.864,170.998,174
2025-01-13 21:15:00,171.142,171.246,171.028,171.07,186
2025-01-13 21:20:00,171.109,171.289,170.852,171.001,228
2025-01-13 21:25:00,171.073,171.179,171.019,171.103,253
2025-01-13 21:30:00,171.033,171.174,171.003,171.036,383
2025-01-13 21:35:00,171.279,171.384,171.209,171.238,235
2025-01-13 21:40:00,171.227,171.403,171.086,171.244,109
2025-01-13 21:45:00,171.246,171.291,171.071,171.257,463
2025-01-13 21:50:00,171.15,171.357,170.983,171.224,75
2025-01-13 21:55:00,171.084,171.252,171.062,171.105,402
2025-01-13 22:00:00,171.104,171.223,171.011,171.101,83
2025-01-13 22:05:00,171.168,171.259,171.085,171.152,299
2025-01-13 22:10:00,171.055,171.167,171.004,171.071,427
2025-01-13 22:15:00,171.109,171.183,170.96,171.103,287
2025-01-13 22:20:00,171.042,171.26,170.892,171.082,65
2025-01-13 22:25:00,170.982,171.074,170.895,171.032,241
2025-01-13 22:30:00,171.133,171.324,171.057,171.128,288
2025-01-13 22:35:00,171.059,171.103,170.969,171.01,201
2025-01-13 22:40:00,170.895,171.121,170.879,170.929,200
2025-01-13 22:45:00,171.013,171.174,170.847,171.021,315
2025-01-13 22:50:00,171.164,171.305,170.927,171.101,334
2025-01-13 22:55:00,171.126,171.262,170.937,171.124,489
2025-01-13 23:00:00,171.135,171.191,171.004,171.133,385
2025-01-13 23:05:00,171.138,171.22,170.917,171.079,214
2025-01-13 23:10:00,171.199,171.269,171.122,171.197,79
2025-01-13 23:15:00,170.996,171.233,170.835,171.11,447
2025-01-13 23:20:00,171.277,171.456,171.099,171.24,184
2025-01-13 23:25:00,171.072,171.31,171.048,171.237,152
2025-01-13 23:30:00,171.307,171.36,171.221,171.342,123
2025-01-13 23:35:00,171.359,171.568,171.238,171.394,209
2025-01-13 23:40:00,171.475,171.622,171.319,171.527,282
2025-01-13 23:45:00,171.675,171.803,171.599,171.653,428
2025-01-13 23:50:00,171.501,171.683,171.331,171.522,219
2025-01-13 23:55:00,171.494,171.59,171.332,171.552,174
2025-01-14 00:00:00,171.617,171.691,171.549,171.647,180
2025-01-14 00:05:00,171.74,171.843,171.631,171.747,61
2025-01-14 00:10:00,171.766,171.863,171.729,171.795,423
2025-01-14 00:15:00,171.833,171.864,171.772,171.791,372
2025-01-14 00:20:00,171.555,171.833,171.412,171.637,455
2025-01-14 00:25:00,171.76,171.857,171.619,171.723,296
2025-01-14 00:30:00,171.568,171.734,171.541,171.646,342
2025-01-14 00:35:00,171.566,171.782,171.379,171.596,58
2025-01-14 00:40:00,171.528,171.731,171.479,171.535,175
2025-01-14 00:45:00,171.483,171.673,171.316,171.529,495
2025-01-14 00:50:00,171.418,171.579,171.275,171.33,272
2025-01-14 00:55:00,171.318,171.352,171.137,171.285,386
2025-01-14 01:00:00,171.387,171.42,171.147,171.322,367
2025-01-14 01:05:00,171.14,171.166,170.922,171.106,387
2025-01-14 01:10:00,171.222,171.42,171.009,171.192,488
2025-01-14 01:15:00,171.178,171.247,171.11,171.189,201
2025-01-14 01:20:00,171.274,171.492,171.25,171.296,107
2025-01-14 01:25:00,171.274,171.428,171.181,171.334,124
2025-01-14 01:30:00,171.352,171.536,171.3,171.315,388
2025-01-14 01:35:00,171.114,171.171,170.939,171.146,278
2025-01-14 01:40:00,171.231,171.372,171.139,171.223,122
2025-01-14 01:45:00,171.283,171.53,171.237,171.352,132
2025-01-14 01:50:00,171.415,171.476,171.206,171.361,426
2025-01-14 01:55:00,171.335,171.526,171.259,171.43,198
2025-01-14 02:00:00,171.41,171.569,171.263,171.389,59
2025-01-14 02:05:00,171.37,171.558,171.296,171.321,487
2025-01-14 02:10:00,171.388,171.476,171.281,171.377,258
2025-01-14 02:15:00,171.429,171.599,171.296,171.366,188
2025-01-14 02:20:00,171.299,171.378,171.278,171.339,256
2025-01-14 02:25:00,171.184,171.247,171.053,171.225,123
2025-01-14 02:30:00,171.171,171.296,171.04,171.16,268
2025-01-14 02:35:00,171.096,171.218,170.998,171.156,182
2025-01-14 02:40:00,171.011,171.263,170.924,171.069,458
2025-01-14 02:45:00,171.016,171.162,170.932,171.022,59
2025-01-14 02:50:00,170.936,171.131,170.741,171.04,350
2025-01-14 02:55:00,171.117,171.317,170.95,171.152,221
2025-01-14 03:00:00,171.227,171.317,171.149,171.172,77
2025-01-14 03:05:00,171.325,171.382,171.019,171.191,181
2025-01-14 03:10:00,171.123,171.292,170.967,171.149,127
2025-01-14 03:15:00,171.171,171.284,171.064,171.167,53
2025-01-14 03:20:00,170.991,171.063,170.807,170.98,422
2025-01-14 03:25:00,171.035,171.153,170.898,171.068,229
2025-01-14 03:30:00,170.995,171.174,170.797,171.006,454
2025-01-14 03:35:00,170.977,171.017,170.947,170.991,478
2025-01-14 03:40:00,170.899,171.051,170.826,170.886,298
2025-01-14 03:45:00,170.804,170.992,170.733,170.814,176
2025-01-14 03:50:00,170.691,170.918,170.659,170.751,484
2025-01-14 03:55:00,170.736,170.92,170.635,170.773,194
2025-01-14 04:00:00,170.675,170.724,170.53,170.708,169
2025-01-14 04:05:00,170.668,170.867,170.576,170.673,189
2025-01-14 04:10:00,170.651,170.807,170.54,170.688,440
2025-01-14 04:15:00,170.773,170.809,170.643,170.753,128
2025-01-14 04:20:00,170.776,170.996,170.706,170.826,135
2025-01-14 04:25:00,170.714,170.84,170.602,170.739,166
2025-01-14 04:30:00,170.773,170.93,170.713,170.8,427
2025-01-14 04:35:00,171.016,171.06,170.852,170.995,455
2025-01-14 04:40:00,171.045,171.166,171.004,171.032,330
2025-01-14 04:45:00,170.883,171.029,170.784,170.932,442
2025-01-14 04:50:00,171.022,171.151,170.777,170.97,140
2025-01-14 04:55:00,171.043,171.172,171.024,171.157,340
2025-01-14 05:00:00,171.297,171.325,171.232,171.248,126
2025-01-14 05:05:00,171.229,171.412,171.037,171.258,315
2025-01-14 05:10:00,171.129,171.249,171.058,171.159,325
2025-01-14 05:15:00,171.177,171.262,170.964,171.162,90
2025-01-14 05:20:00,171.067,171.212,170.949,171.09,226
2025-01-14 05:25:00,171.05,171.185,171.018,171.094,213
2025-01-14 05:30:00,171.181,171.347,171.171,171.196,84
2025-01-14 05:35:00,171.348,171.437,171.281,171.315,130
2025-01-14 05:40:00,171.385,171.487,171.357,171.405,326
2025-01-14 05:45:00,171.396,171.482,171.34,171.448,411
2025-01-14 05:50:00,171.288,171.378,171.228,171.302,194
2025-01-14 05:55:00,171.283,171.418,171.2,171.249,314
2025-01-14 06:00:00,171.394,171.535,171.141,171.321,365
2025-01-14 06:05:00,171.341,171.531,171.301,171.332,88
2025-01-14 06:10:00,171.212,171.278,171.16,171.22,306
2025-01-14 06:15:00,171.088,171.252,170.937,171.147,97
2025-01-14 06:20:00,171.148,171.353,170.988,171.192,457
2025-01-14 06:25:00,171.371,171.464,171.242,171.367,449
2025-01-14 06:30:00,171.6,171.787,171.434,171.623,206
2025-01-14 06:35:00,171.468,171.606,171.292,171.467,301
2025-01-14 06:40:00,171.513,171.652,171.404,171.493,321
2025-01-14 06:45:00,171.416,171.542,171.248,171.482,428
2025-01-14 06:50:00,171.479,171.687,171.325,171.489,132
2025-01-14 06:55:00,171.39,171.582,171.372,171.44,85
2025-01-14 07:00:00,171.359,171.557,171.223,171.446,455
2025-01-14 07:05:00,171.281,171.461,171.258,171.285,378
2025-01-14 07:10:00,171.281,171.309,171.175,171.27,446
2025-01-14 07:15:00,171.335,171.381,171.155,171.335,277
2025-01-14 07:20:00,171.208,171.443,171.042,171.292,295
2025-01-14 07:25:00,171.169,171.28,171.072,171.173,458
2025-01-14 07:30:00,171.196,171.267,171.085,171.198,446
2025-01-14 07:35:00,171.136,171.335,170.954,171.16,370
2025-01-14 07:40:00,170.909,171.128,170.748,170.955,216
2025-01-14 07:45:00,170.868,170.912,170.679,170.84,342
2025-01-14 07:50:00,170.683,170.804,170.601,170.689,132
2025-01-14 07:55:00,170.592,170.62,170.518,170.605,235
2025-01-14 08:00:00,170.487,170.575,170.389,170.49,181
2025-01-14 08:05:00,170.437,170.619,170.256,170.455,209
2025-01-14 08:10:00,170.542,170.673,170.344,170.545,337
2025-01-14 08:15:00,170.553,170.751,170.446,170.548,250
2025-01-14 08:20:00,170.622,170.69,170.581,170.626,127
2025-01-14 08:25:00,170.798,170.966,170.634,170.748,320
2025-01-14 08:30:00,170.748,170.791,170.56,170.683,119
2025-01-14 08:35:00,170.641,170.868,170.492,170.695,420
2025-01-14 08:40:00,170.893,170.948,170.641,170.802,481
2025-01-14 08:45:00,170.598,170.696,170.448,170.591,495
2025-01-14 08:50:00,170.468,170.657,170.379,170.445,196
2025-01-14 08:55:00,170.195,170.28,170.124,170.267,168
2025-01-14 09:00:00,170.282,170.464,170.101,170.231,406
2025-01-14 09:05:00,170.229,170.259,170.203,170.229,390
2025-01-14 09:10:00,170.256,170.434,170.223,170.24,345
2025-01-14 09:15:00,170.317,170.442,170.303,170.314,327
2025-01-14 09:20:00,170.391,170.514,170.337,170.381,188
2025-01-14 09:25:00,170.415,170.446,170.145,170.34,95
2025-01-14 09:30:00,170.309,170.352,170.264,170.313,402
2025-01-14 09:35:00,170.298,170.348,170.248,170.276,343
2025-01-14 09:40:00,170.413,170.504,170.241,170.42,407
2025-01-14 09:45:00,170.3,170.491,170.148,170.309,238
2025-01-14 09:50:00,170.328,170.47,170.257,170.283,209
2025-01-14 09:55:00,170.237,170.323,170.207,170.274,314
2025-01-14 10:00:00,170.224,170.255,170.084,170.239,94
2025-01-14 10:05:00,170.271,170.318,170.085,170.197,461
2025-01-14 10:10:00,170.348,170.539,170.156,170.328,368
2025-01-14 10:15:00,170.331,170.458,170.148,170.4,456
2025-01-14 10:20:00,170.403,170.523,170.368,170.413,224
2025-01-14 10:25:00,170.273,170.322,170.262,170.283,54
2025-01-14 10:30:00,170.297,170.341,170.245,170.315,310
2025-01-14 10:35:00,170.17,170.266,170.021,170.198,145
2025-01-14 10:40:00,170.379,170.591,170.186,170.428,305
2025-01-14 10:45:00,170.53,170.56,170.339,170.521,489
2025-01-14 10:50:00,170.483,170.5,170.272,170.448,462
2025-01-14 10:55:00,170.502,170.518,170.317,170.469,126
2025-01-14 11:00:00,170.405,170.516,170.315,170.443,392
2025-01-14 11:05:00,170.4,170.555,170.255,170.44,87
2025-01-14 11:10:00,170.464,170.499,170.227,170.424,491
2025-01-14 11:15:00,170.494,170.686,170.266,170.369,173
2025-01-14 11:20:00,170.546,170.572,170.474,170.499,315
2025-01-14 11:25:00,170.563,170.705,170.406,170.498,131
2025-01-14 11:30:00,170.572,170.742,170.347,170.464,113
2025-01-14 11:35:00,170.393,170.57,170.317,170.393,79
2025-01-14 11:40:00,170.354,170.542,170.191,170.329,204
2025-01-14 11:45:00,170.345,170.553,170.294,170.444,363
2025-01-14 11:50:00,170.414,170.598,170.296,170.425,91
2025-01-14 11:55:00,170.64,170.756,170.398,170.584,237
2025-01-14 12:00:00,170.76,170.863,170.695,170.757,120
2025-01-14 12:05:00,170.489,170.654,170.391,170.52,91
2025-01-14 12:10:00,170.555,170.652,170.525,170.553,196
2025-01-14 12:15:00,170.75,170.856,170.646,170.776,494
2025-01-14 12:20:00,170.804,170.908,170.682,170.824,128
2025-01-14 12:25:00,170.863,171.017,170.678,170.896,483
2025-01-14 12:30:00,171.159,171.32,171.0,171.13,319
2025-01-14 12:35:00,170.925,171.264,170.784,171.071,227
2025-01-14 12:40:00,171.246,171.342,171.194,171.244,134
2025-01-14 12:45:00,171.41,171.518,171.167,171.345,87
2025-01-14 12:50:00,171.273,171.395,171.121,171.231,83
2025-01-14 12:55:00,171.09,171.234,170.989,171.063,139
2025-01-14 13:00:00,171.132,171.29,170.904,171.074,126
2025-01-14 13:05:00,171.115,171.269,170.989,171.144,120
2025-01-14 13:10:00,171.171,171.306,171.008,171.144,176
2025-01-14 13:15:00,171.117,171.147,171.005,171.096,487
2025-01-14 13:20:00,171.096,171.263,170.923,171.15,98
2025-01-14 13:25:00,171.031,171.256,170.999,171.06,484
2025-01-14 13:30:00,171.084,171.231,170.88,171.044,279
2025-01-14 13:35:00,171.075,171.235,170.934,171.084,485
2025-01-14 13:40:00,170.937,171.087,170.788,171.018,252
2025-01-14 13:45:00,170.954,171.024,170.829,170.91,212
2025-01-14 13:50:00,171.008,171.044,170.886,170.973,304
2025-01-14 13:55:00,170.995,171.17,170.902,170.978,86
2025-01-14 14:00:00,171.056,171.145,170.952,170.988,249
2025-01-14 14:05:00,170.968,170.982,170.815,170.929,423
2025-01-14 14:10:00,170.888,171.061,170.69,170.838,240
2025-01-14 14:15:00,170.872,171.017,170.698,170.884,314
2025-01-14 14:20:00,170.966,171.154,170.811,170.965,135
2025-01-14 14:25:00,171.064,171.163,170.9,171.114,231
2025-01-14 14:30:00,171.191,171.236,171.137,171.17,492
2025-01-14 14:35:00,171.093,171.128,170.964,171.072,379
2025-01-14 14:40:00,171.178,171.394,171.037,171.197,317
2025-01-14 14:45:00,171.421,171.548,171.224,171.378,322
2025-01-14 14:50:00,171.399,171.525,171.224,171.376,483
2025-01-14 14:55:00,171.368,171.463,171.16,171.235,366
2025-01-14 15:00:00,171.342,171.483,171.157,171.403,444
2025-01-14 15:05:00,171.296,171.381,171.195,171.276,371
2025-01-14 15:10:00,171.332,171.511,171.242,171.307,145
2025-01-14 15:15:00,171.414,171.48,171.26,171.418,442
2025-01-14 15:20:00,171.346,171.626,171.307,171.436,472
2025-01-14 15:25:00,171.411,171.548,171.305,171.451,132
2025-01-14 15:30:00,171.426,171.604,171.257,171.451,145
2025-01-14 15:35:00,171.379,171.43,171.261,171.349,111
2025-01-14 15:40:00,171.438,171.591,171.272,171.442,239
2025-01-14 15:45:00,171.505,171.641,171.317,171.519,284
2025-01-14 15:50:00,171.503,171.655,171.433,171.469,139
2025-01-14 15:55:00,171.521,171.68,171.403,171.433,248
2025-01-14 16:00:00,171.348,171.555,171.323,171.407,204
2025-01-14 16:05:00,171.431,171.678,171.362,171.488,125
2025-01-14 16:10:00,171.478,171.643,171.4,171.443,228
2025-01-14 16:15:00,171.517,171.703,171.434,171.502,495
2025-01-14 16:20:00,171.497,171.686,171.391,171.493,261
2025-01-14 16:25:00,171.521,171.705,171.361,171.586,178
2025-01-14 16:30:00,171.533,171.629,171.507,171.534,481
2025-01-14 16:35:00,171.525,171.598,171.337,171.536,234
2025-01-14 16:40:00,171.562,171.667,171.313,171.508,314
2025-01-14 16:45:00,171.461,171.532,171.312,171.409,238
2025-01-14 16:50:00,171.472,171.512,171.284,171.424,153
2025-01-14 16:55:00,171.176,171.22,171.056,171.193,90
2025-01-14 17:00:00,171.025,171.2,170.974,171.034,259
2025-01-14 17:05:00,170.921,171.088,170.791,170.941,68
2025-01-14 17:10:00,170.941,170.966,170.815,170.944,71
2025-01-14 17:15:00,171.126,171.263,170.94,171.085,409
2025-01-14 17:20:00,171.111,171.166,170.93,171.103,330
2025-01-14 17:25:00,171.147,171.209,170.96,171.135,184
2025-01-14 17:30:00,171.226,171.367,171.099,171.133,309
2025-01-14 17:35:00,171.213,171.29,171.112,171.236,313
2025-01-14 17:40:00,171.384,171.578,171.256,171.353,215
2025-01-14 17:45:00,171.38,171.64,171.366,171.47,138
2025-01-14 17:50:00,171.55,171.628,171.493,171.545,474
2025-01-14 17:55:00,171.673,171.819,171.531,171.603,273
2025-01-14 18:00:00,171.5,171.644,171.432,171.559,257
2025-01-14 18:05:00,171.721,171.915,171.612,171.68,105
2025-01-14 18:10:00,171.567,171.704,171.423,171.549,181
2025-01-14 18:15:00,171.627,171.814,171.376,171.571,187
2025-01-14 18:20:00,171.464,171.528,171.271,171.468,203
2025-01-14 18:25:00,171.617,171.629,171.547,171.581,164
2025-01-14 18:30:00,171.693,171.837,171.504,171.678,322
2025-01-14 18:35:00,171.729,171.952,171.618,171.758,454
2025-01-14 18:40:00,171.883,171.953,171.654,171.795,209
2025-01-14 18:45:00,171.985,171.996,171.865,171.916,339
2025-01-14 18:50:00,171.75,171.992,171.697,171.818,85
2025-01-14 18:55:00,171.856,172.042,171.632,171.823,393
2025-01-14 19:00:00,172.067,172.191,171.987,172.044,351
2025-01-14 19:05:00,172.125,172.251,172.073,172.087,127
2025-01-14 19:10:00,172.285,172.364,172.091,172.3,331
2025-01-14 19:15:00,172.181,172.344,171.982,172.214,446
2025-01-14 19:20:00,172.174,172.335,172.046,172.209,323
2025-01-14 19:25:00,172.042,172.223,171.836,172.02,282
2025-01-14 19:30:00,172.001,172.135,171.928,171.946,213
2025-01-14 19:35:00,171.964,172.047,171.948,171.963,93
2025-01-14 19:40:00,171.944,172.023,171.88,171.93,155
2025-01-14 19:45:00,171.903,171.989,171.758,171.902,106
2025-01-14 19:50:00,172.009,172.023,171.929,171.982,413
2025-01-14 19:55:00,171.92,172.149,171.779,171.963,437
2025-01-14 20:00:00,171.924,172.123,171.713,171.894,303
2025-01-14 20:05:00,171.963,171.977,171.807,171.952,184
2025-01-14 20:10:00,171.869,172.041,171.71,171.864,108
2025-01-14 20:15:00,171.905,171.997,171.759,171.828,352
2025-01-14 20:20:00,171.781,171.818,171.694,171.783,255
2025-01-14 20:25:00,171.97,172.038,171.918,171.944,60
2025-01-14 20:30:00,171.757,171.785,171.535,171.716,252
2025-01-14 20:35:00,171.521,171.663,171.395,171.609,130
2025-01-14 20:40:00,171.785,171.931,171.663,171.733,217
2025-01-14 20:45:00,171.67,171.829,171.607,171.687,245
2025-01-14 20:50:00,171.754,171.858,171.659,171.723,192
2025-01-14 20:55:00,171.886,172.013,171.815,171.848,190
2025-01-14 21:00:00,171.724,171.844,171.564,171.667,229
2025-01-14 21:05:00,171.848,171.915,171.785,171.839,277
2025-01-14 21:10:00,171.736,171.798,171.623,171.697,406
2025-01-14 21:15:00,171.506,171.716,171.423,171.558,499
2025-01-14 21:20:00,171.352,171.509,171.238,171.383,260
2025-01-14 21:25:00,171.32,171.456,171.197,171.271,356
2025-01-14 21:30:00,171.323,171.444,171.079,171.25,362
2025-01-14 21:35:00,171.277,171.309,171.16,171.249,315
2025-01-14 21:40:00,171.094,171.28,170.944,171.054,133
2025-01-14 21:45:00,170.931,171.116,170.872,170.935,75
2025-01-14 21:50:00,170.903,170.935,170.784,170.841,323
2025-01-14 21:55:00,170.637,170.689,170.427,170.62,255
2025-01-14 22:00:00,170.393,170.633,170.338,170.461,373
2025-01-14 22:05:00,170.48,170.725,170.431,170.551,218
2025-01-14 22:10:00,170.567,170.786,170.412,170.608,366
2025-01-14 22:15:00,170.62,170.687,170.537,170.626,120
2025-01-14 22:20:00,170.504,170.74,170.479,170.545,446
2025-01-14 22:25:00,170.55,170.722,170.495,170.597,155
2025-01-14 22:30:00,170.686,170.794,170.657,170.691,203
2025-01-14 22:35:00,170.874,171.071,170.731,170.871,455
2025-01-14 22:40:00,170.833,171.057,170.702,170.859,78
2025-01-14 22:45:00,171.032,171.21,170.872,171.032,376
2025-01-14 22:50:00,171.127,171.196,171.048,171.163,250
2025-01-14 22:55:00,171.103,171.144,171.042,171.125,54
2025-01-14 23:00:00,171.19,171.387,171.012,171.202,349
2025-01-14 23:05:00,171.138,171.268,171.009,171.199,445
2025-01-14 23:10:00,171.336,171.371,171.13,171.21,316
2025-01-14 23:15:00,171.336,171.452,171.304,171.402,247
2025-01-14 23:20:00,171.398,171.664,171.36,171.482,396
2025-01-14 23:25:00,171.613,171.641,171.506,171.556,201
2025-01-14 23:30:00,171.387,171.465,171.324,171.404,467
2025-01-14 23:35:00,171.416,171.443,171.257,171.401,338
2025-01-14 23:40:00,171.453,171.491,171.35,171.405,417
2025-01-14 23:45:00,171.382,171.482,171.244,171.384,340
2025-01-14 23:50:00,171.331,171.48,171.149,171.399,343
2025-01-14 23:55:00,171.39,171.506,171.197,171.41,124
2025-01-15 00:00:00,171.442,171.594,171.278,171.533,278
2025-01-15 00:05:00,171.707,171.843,171.555,171.679,161
2025-01-15 00:10:00,171.558,171.6,171.387,171.527,206
2025-01-15 00:15:00,171.45,171.54,171.324,171.508,187
2025-01-15 00:20:00,171.513,171.669,171.452,171.632,223
2025-01-15 00:25:00,171.566,171.583,171.419,171.57,420
2025-01-15 00:30:00,171.477,171.601,171.257,171.438,315
2025-01-15 00:35:00,171.4,171.569,171.202,171.398,285
2025-01-15 00:40:00,171.338,171.36,171.2,171.329,173
2025-01-15 00:45:00,171.209,171.353,170.967,171.155,394
2025-01-15 00:50:00,171.064,171.191,170.908,171.089,92
2025-01-15 00:55:00,171.128,171.214,170.938,171.161,420
2025-01-15 01:00:00,171.359,171.534,171.262,171.303,327
2025-01-15 01:05:00,171.459,171.65,171.264,171.408,455
2025-01-15 01:10:00,171.532,171.56,171.323,171.42,153
2025-01-15 01:15:00,171.467,171.692,171.397,171.503,375
2025-01-15 01:20:00,171.5,171.697,171.341,171.437,250
2025-01-15 01:25:00,171.323,171.498,171.287,171.309,329
2025-01-15 01:30:00,171.39,171.4,171.303,171.372,314
2025-01-15 01:35:00,171.54,171.617,171.504,171.539,427
2025-01-15 01:40:00,171.407,171.529,171.388,171.414,368
2025-01-15 01:45:00,171.396,171.43,171.382,171.418,300
2025-01-15 01:50:00,171.47,171.613,171.387,171.505,311
2025-01-15 01:55:00,171.357,171.49,171.282,171.332,345
2025-01-15 02:00:00,171.266,171.459,171.234,171.267,414
2025-01-15 02:05:00,171.109,171.248,170.916,171.116,123
2025-01-15 02:10:00,171.163,171.255,171.115,171.176,355
2025-01-15 02:15:00,171.196,171.387,171.026,171.241,446
2025-01-15 02:20:00,171.301,171.443,171.083,171.262,264
2025-01-15 02:25:00,170.961,171.177,170.887,170.996,75
2025-01-15 02:30:00,170.903,171.001,170.803,170.931,227
2025-01-15 02:35:00,170.855,170.971,170.67,170.789,476
2025-01-15 02:40:00,170.877,171.01,170.68,170.918,423
2025-01-15 02:45:00,170.675,170.788,170.647,170.66,117
2025-01-15 02:50:00,170.743,170.932,170.66,170.74,183
2025-01-15 02:55:00,170.707,170.783,170.567,170.683,282
2025-01-15 03:00:00,170.904,171.049,170.765,170.831,115
2025-01-15 03:05:00,170.702,170.85,170.647,170.799,135
2025-01-15 03:10:00,170.875,170.928,170.701,170.914,223
2025-01-15 03:15:00,170.747,170.874,170.593,170.861,295
2025-01-15 03:20:00,171.049,171.16,170.963,171.009,176
2025-01-15 03:25:00,170.952,171.056,170.919,171.022,201
2025-01-15 03:30:00,170.889,171.071,170.74,170.93,246
2025-01-15 03:35:00,170.865,170.926,170.783,170.839,457
2025-01-15 03:40:00,170.866,171.009,170.766,170.779,489
2025-01-15 03:45:00,170.78,170.876,170.559,170.718,448
2025-01-15 03:50:00,170.711,170.779,170.547,170.718,446
2025-01-15 03:55:00,170.814,171.04,170.653,170.857,334
2025-01-15 04:00:00,170.907,170.951,170.699,170.859,271
2025-01-15 04:05:00,170.918,171.073,170.841,170.897,366
2025-01-15 04:10:00,170.987,171.17,170.87,171.011,432
2025-01-15 04:15:00,171.006,171.148,170.856,170.976,474
2025-01-15 04:20:00,171.04,171.111,170.912,171.034,317
2025-01-15 04:25:00,170.825,171.043,170.812,170.874,481
2025-01-15 04:30:00,171.033,171.117,170.755,170.934,122
2025-01-15 04:35:00,170.96,171.051,170.76,170.92,211
2025-01-15 04:40:00,170.838,170.976,170.739,170.788,370
2025-01-15 04:45:00,170.8,170.998,170.627,170.816,186
2025-01-15 04:50:00,170.933,170.971,170.832,170.913,138
2025-01-15 04:55:00,170.863,171.05,170.752,170.883,179
2025-01-15 05:00:00,170.875,170.902,170.848,170.892,314
2025-01-15 05:05:00,170.805,170.837,170.744,170.789,328
2025-01-15 05:10:00,170.818,170.839,170.702,170.826,301
2025-01-15 05:15:00,170.834,170.973,170.718,170.79,339
2025-01-15 05:20:00,170.818,170.852,170.745,170.816,255
2025-01-15 05:25:00,170.749,170.771,170.568,170.697,320
2025-01-15 05:30:00,170.685,170.817,170.55,170.648,297
2025-01-15 05:35:00,170.714,170.754,170.532,170.721,77
2025-01-15 05:40:00,170.618,170.87,170.495,170.703,52
2025-01-15 05:45:00,170.855,170.922,170.658,170.823,73
2025-01-15 05:50:00,170.858,170.983,170.62,170.817,404
2025-01-15 05:55:00,170.578,170.697,170.496,170.681,300
2025-01-15 06:00:00,170.879,170.951,170.579,170.74,209
2025-01-15 06:05:00,170.909,170.934,170.842,170.883,345
2025-01-15 06:10:00,170.968,171.087,170.799,171.015,460
2025-01-15 06:15:00,171.054,171.23,170.981,171.112,464
2025-01-15 06:20:00,171.165,171.248,171.091,171.213,288
2025-01-15 06:25:00,171.231,171.406,171.087,171.293,438
2025-01-15 06:30:00,171.368,171.439,171.205,171.315,338
2025-01-15 06:35:00,171.42,171.55,171.215,171.379,470
2025-01-15 06:40:00,171.298,171.463,171.192,171.338,201
2025-01-15 06:45:00,171.473,171.495,171.374,171.456,369
2025-01-15 06:50:00,171.597,171.636,171.413,171.589,61
2025-01-15 06:55:00,171.55,171.692,171.393,171.507,221
2025-01-15 07:00:00,171.513,171.653,171.334,171.607,416
2025-01-15 07:05:00,171.645,171.857,171.569,171.695,458
2025-01-15 07:10:00,171.646,171.713,171.52,171.622,476
2025-01-15 07:15:00,171.555,171.722,171.51,171.535,261
2025-01-15 07:20:00,171.581,171.706,171.529,171.636,425
2025-01-15 07:25:00,171.445,171.51,171.391,171.433,408
2025-01-15 07:30:00,171.419,171.517,171.283,171.448,493
2025-01-15 07:35:00,171.755,171.825,171.539,171.664,62
2025-01-15 07:40:00,171.662,171.775,171.48,171.714,463
2025-01-15 07:45:00,171.683,171.841,171.52,171.654,367
2025-01-15 07:50:00,171.598,171.76,171.418,171.588,385
2025-01-15 07:55:00,171.672,171.808,171.624,171.641,435
2025-01-15 08:00:00,171.585,171.811,171.489,171.625,494
2025-01-15 08:05:00,171.583,171.784,171.436,171.676,378
2025-01-15 08:10:00,171.826,172.003,171.676,171.749,268
2025-01-15 08:15:00,171.571,171.782,171.409,171.598,367
2025-01-15 08:20:00,171.669,171.774,171.637,171.704,90
2025-01-15 08:25:00,171.742,171.883,171.621,171.806,358
2025-01-15 08:30:00,171.798,171.998,171.613,171.84,290
2025-01-15 08:35:00,171.911,171.997,171.733,171.865,242
2025-01-15 08:40:00,171.754,171.783,171.576,171.739,256
2025-01-15 08:45:00,171.84,171.971,171.695,171.837,285
2025-01-15 08:50:00,171.86,171.969,171.752,171.915,216
2025-01-15 08:55:00,171.891,172.076,171.749,171.893,456
2025-01-15 09:00:00,172.233,172.255,172.079,172.11,65
2025-01-15 09:05:00,172.104,172.179,171.888,172.075,478
2025-01-15 09:10:00,171.955,172.104,171.795,171.99,481
2025-01-15 09:15:00,171.937,172.111,171.773,171.984,220
2025-01-15 09:20:00,171.973,172.013,171.878,171.889,320
2025-01-15 09:25:00,171.89,171.948,171.802,171.929,355
2025-01-15 09:30:00,172.028,172.093,171.918,172.001,124
2025-01-15 09:35:00,172.133,172.287,172.065,172.084,354
2025-01-15 09:40:00,172.031,172.063,172.004,172.019,63
2025-01-15 09:45:00,172.233,172.248,172.093,172.136,62
2025-01-15 09:50:00,171.855,172.085,171.784,171.89,286
2025-01-15 09:55:00,171.887,172.101,171.83,171.92,72
2025-01-15 10:00:00,171.824,172.077,171.781,171.887,482
2025-01-15 10:05:00,171.797,171.841,171.689,171.718,231
2025-01-15 10:10:00,171.821,171.883,171.787,171.857,309
2025-01-15 10:15:00,171.846,171.933,171.664,171.882,172
2025-01-15 10:20:00,171.684,171.773,171.605,171.665,456
2025-01-15 10:25:00,171.762,171.954,171.653,171.791,488
2025-01-15 10:30:00,171.919,171.949,171.815,171.884,241
2025-01-15 10:35:00,171.87,172.063,171.731,171.87,332
2025-01-15 10:40:00,171.918,171.949,171.783,171.937,295
2025-01-15 10:45:00,171.808,171.949,171.624,171.805,320
2025-01-15 10:50:00,172.02,172.214,171.727,171.909,424
2025-01-15 10:55:00,172.026,172.19,171.84,172.021,436
2025-01-15 11:00:00,172.043,172.216,171.83,171.983,130
2025-01-15 11:05:00,171.912,172.049,171.699,171.894,357
2025-01-15 11:10:00,171.752,171.966,171.617,171.782,484
2025-01-15 11:15:00,171.879,171.937,171.814,171.846,245
2025-01-15 11:20:00,172.007,172.181,171.755,171.953,197
2025-01-15 11:25:00,172.01,172.17,171.904,172.072,140
2025-01-15 11:30:00,172.26,172.456,172.122,172.284,74
2025-01-15 11:35:00,172.125,172.325,172.068,172.189,58
2025-01-15 11:40:00,172.127,172.255,171.91,172.022,56
2025-01-15 11:45:00,171.85,171.917,171.667,171.803,383
2025-01-15 11:50:00,171.675,171.845,171.586,171.658,71
2025-01-15 11:55:00,171.644,171.683,171.579,171.65,318
2025-01-15 12:00:00,171.504,171.695,171.295,171.491,462
2025-01-15 12:05:00,171.466,171.574,171.398,171.47,250
2025-01-15 12:10:00,171.634,171.695,171.589,171.646,442
2025-01-15 12:15:00,171.521,171.554,171.424,171.5,455
2025-01-15 12:20:00,171.289,171.495,171.112,171.38,250
2025-01-15 12:25:00,171.346,171.472,171.291,171.401,63
2025-01-15 12:30:00,171.677,171.703,171.576,171.613,263
2025-01-15 12:35:00,171.464,171.505,171.413,171.435,256
2025-01-15 12:40:00,171.478,171.613,171.327,171.416,248
2025-01-15 12:45:00,171.43,171.486,171.295,171.457,314
2025-01-15 12:50:00,171.536,171.65,171.353,171.469,109
2025-01-15 12:55:00,171.607,171.631,171.47,171.532,176
2025-01-15 13:00:00,171.68,171.858,171.452,171.651,197
2025-01-15 13:05:00,171.521,171.714,171.44,171.569,360
2025-01-15 13:10:00,171.546,171.733,171.346,171.535,244
2025-01-15 13:15:00,171.698,171.834,171.666,171.709,374
2025-01-15 13:20:00,171.825,171.888,171.743,171.772,142
2025-01-15 13:25:00,171.696,171.925,171.511,171.746,223
2025-01-15 13:30:00,171.928,171.988,171.906,171.95,315
2025-01-15 13:35:00,171.979,172.159,171.844,171.893,119
2025-01-15 13:40:00,171.757,171.877,171.576,171.779,354
2025-01-15 13:45:00,171.775,171.864,171.587,171.751,496
2025-01-15 13:50:00,171.909,172.086,171.738,171.906,277
2025-01-15 13:55:00,171.874,171.938,171.863,171.893,313
2025-01-15 14:00:00,171.824,171.874,171.804,171.818,280
2025-01-15 14:05:00,171.775,171.909,171.723,171.763,138
2025-01-15 14:10:00,171.862,172.073,171.682,171.904,305
2025-01-15 14:15:00,172.01,172.156,171.93,172.02,253
2025-01-15 14:20:00,172.022,172.157,171.88,172.106,418
2025-01-15 14:25:00,172.02,172.206,171.931,172.041,497
2025-01-15 14:30:00,172.036,172.224,171.91,172.025,152
2025-01-15 14:35:00,172.258,172.324,171.963,172.108,225
2025-01-15 14:40:00,172.142,172.2,171.956,172.067,394
2025-01-15 14:45:00,171.971,172.218,171.925,172.095,331
2025-01-15 14:50:00,172.222,172.282,172.169,172.207,463
2025-01-15 14:55:00,172.1,172.242,172.019,172.113,180
2025-01-15 15:00:00,172.355,172.365,172.274,172.3,148
2025-01-15 15:05:00,172.096,172.167,171.951,172.132,151
2025-01-15 15:10:00,172.23,172.403,172.145,172.222,222
2025-01-15 15:15:00,172.299,172.397,172.165,172.312,418
2025-01-15 15:20:00,172.111,172.229,172.072,172.178,357
2025-01-15 15:25:00,172.031,172.103,171.961,172.06,371
2025-01-15 15:30:00,171.962,172.108,171.889,172.025,471
2025-01-15 15:35:00,171.983,172.022,171.872,171.976,173
2025-01-15 15:40:00,171.888,172.017,171.715,171.872,145
2025-01-15 15:45:00,171.687,171.844,171.666,171.685,471
2025-01-15 15:50:00,171.694,171.798,171.579,171.67,113
2025-01-15 15:55:00,171.42,171.634,171.237,171.498,394
2025-01-15 16:00:00,171.484,171.672,171.288,171.473,342
2025-01-15 16:05:00,171.572,171.593,171.417,171.564,224
2025-01-15 16:10:00,171.632,171.799,171.529,171.618,126
2025-01-15 16:15:00,171.579,171.678,171.439,171.647,368
2025-01-15 16:20:00,171.529,171.641,171.363,171.579,359
2025-01-15 16:25:00,171.625,171.815,171.568,171.689,478
2025-01-15 16:30:00,172.028,172.097,171.805,171.906,326
2025-01-15 16:35:00,171.831,171.943,171.742,171.903,112
2025-01-15 16:40:00,172.073,172.153,171.98,171.991,161
2025-01-15 16:45:00,171.946,172.214,171.787,172.027,385
2025-01-15 16:50:00,172.118,172.285,171.928,172.149,262
2025-01-15 16:55:00,172.303,172.382,172.064,172.255,116
2025-01-15 17:00:00,172.096,172.161,171.983,172.035,130
2025-01-15 17:05:00,171.972,172.191,171.814,172.002,237
2025-01-15 17:10:00,172.062,172.17,171.939,172.042,120
2025-01-15 17:15:00,172.1,172.177,171.973,172.09,150
2025-01-15 17:20:00,172.014,172.11,172.001,172.012,381
2025-01-15 17:25:00,172.077,172.259,171.83,172.021,108
2025-01-15 17:30:00,171.958,172.121,171.801,171.973,55
2025-01-15 17:35:00,172.078,172.144,171.966,172.053,127
2025-01-15 17:40:00,172.197,172.267,172.03,172.216,354
2025-01-15 17:45:00,172.284,172.378,172.208,172.241,400
2025-01-15 17:50:00,172.165,172.269,172.154,172.204,490
2025-01-15 17:55:00,172.191,172.236,172.057,172.146,236
2025-01-15 18:00:00,172.205,172.287,172.126,172.206,75
2025-01-15 18:05:00,172.194,172.301,172.043,172.235,477
2025-01-15 18:10:00,172.213,172.354,172.016,172.117,85
2025-01-15 18:15:00,171.92,172.032,171.864,171.917,474
2025-01-15 18:20:00,171.842,171.92,171.68,171.831,399
2025-01-15 18:25:00,171.782,172.007,171.706,171.85,94
2025-01-15 18:30:00,171.697,171.82,171.634,171.716,456
2025-01-15 18:35:00,171.665,171.766,171.494,171.7,421
2025-01-15 18:40:00,171.619,171.861,171.442,171.674,462
2025-01-15 18:45:00,171.776,171.946,171.706,171.725,81
2025-01-15 18:50:00,171.538,171.807,171.363,171.65,452
2025-01-15 18:55:00,171.694,171.838,171.663,171.674,216
2025-01-15 19:00:00,171.578,171.834,171.441,171.686,275
2025-01-15 19:05:00,171.618,171.709,171.373,171.558,192
2025-01-15 19:10:00,171.595,171.781,171.463,171.638,230
2025-01-15 19:15:00,171.802,172.016,171.649,171.857,472
2025-01-15 19:20:00,171.923,171.959,171.697,171.887,396
2025-01-15 19:25:00,171.906,172.017,171.823,171.939,200
2025-01-15 19:30:00,171.954,172.015,171.849,171.909,296
2025-01-15 19:35:00,171.911,172.025,171.693,171.877,140
2025-01-15 19:40:00,171.97,172.028,171.77,171.944,418
2025-01-15 19:45:00,171.97,172.083,171.87,171.93,133
2025-01-15 19:50:00,171.894,172.084,171.753,171.953,315
2025-01-15 19:55:00,171.983,172.227,171.833,172.037,202
2025-01-15 20:00:00,172.092,172.264,172.031,172.102,257
2025-01-15 20:05:00,172.169,172.261,172.009,172.126,423
2025-01-15 20:10:00,172.017,172.157,171.862,172.02,75
2025-01-15 20:15:00,171.954,172.123,171.834,171.987,161
2025-01-15 20:20:00,171.896,171.953,171.855,171.875,261
2025-01-15 20:25:00,171.884,172.076,171.719,171.785,247
2025-01-15 20:30:00,171.894,171.947,171.708,171.898,492
2025-01-15 20:35:00,171.838,171.885,171.775,171.859,342
2025-01-15 20:40:00,171.86,171.994,171.717,171.814,421
2025-01-15 20:45:00,171.739,171.843,171.542,171.743,394
2025-01-15 20:50:00,171.659,171.784,171.622,171.677,435
2025-01-15 20:55:00,171.507,171.579,171.436,171.513,91
2025-01-15 21:00:00,171.301,171.466,171.262,171.395,424
2025-01-15 21:05:00,171.582,171.666,171.571,171.584,279
2025-01-15 21:10:00,171.663,171.678,171.44,171.624,155
2025-01-15 21:15:00,171.709,171.82,171.624,171.704,155
2025-01-15 21:20:00,171.749,171.895,171.596,171.699,388
2025-01-15 21:25:00,171.704,171.917,171.563,171.77,466
2025-01-15 21:30:00,171.741,171.776,171.639,171.736,142
2025-01-15 21:35:00,171.705,171.811,171.662,171.754,359
2025-01-15 21:40:00,171.766,171.814,171.541,171.672,452
2025-01-15 21:45:00,171.622,171.772,171.591,171.602,469
2025-01-15 21:50:00,171.736,171.801,171.629,171.676,438
2025-01-15 21:55:00,171.69,171.745,171.635,171.732,478
2025-01-15 22:00:00,171.836,171.864,171.76,171.827,63
2025-01-15 22:05:00,171.654,171.773,171.608,171.702,180
2025-01-15 22:10:00,171.701,171.754,171.525,171.715,493
2025-01-15 22:15:00,171.791,171.963,171.596,171.772,460
2025-01-15 22:20:00,171.809,171.902,171.631,171.743,358
2025-01-15 22:25:00,171.625,171.822,171.434,171.685,399
2025-01-15 22:30:00,171.747,171.976,171.557,171.777,98
2025-01-15 22:35:00,171.636,171.836,171.49,171.679,297
2025-01-15 22:40:00,171.616,171.746,171.373,171.554,355
2025-01-15 22:45:00,171.582,171.783,171.49,171.707,397
2025-01-15 22:50:00,171.695,171.874,171.54,171.726,154
2025-01-15 22:55:00,171.523,171.663,171.455,171.635,96
2025-01-15 23:00:00,171.537,171.69,171.432,171.575,180
2025-01-15 23:05:00,171.435,171.511,171.317,171.384,259
2025-01-15 23:10:00,171.45,171.547,171.271,171.471,73
2025-01-15 23:15:00,171.336,171.481,171.32,171.365,80
2025-01-15 23:20:00,171.213,171.293,171.13,171.26,157
2025-01-15 23:25:00,171.259,171.51,171.129,171.333,475
2025-01-15 23:30:00,171.289,171.333,171.163,171.268,271
2025-01-15 23:35:00,171.09,171.26,171.061,171.185,100
2025-01-15 23:40:00,171.324,171.343,171.109,171.257,240
2025-01-15 23:45:00,171.532,171.731,171.461,171.497,489
2025-01-15 23:50:00,171.497,171.607,171.402,171.454,141
2025-01-15 23:55:00,171.496,171.575,171.432,171.497,294
2025-01-16 00:00:00,171.45,171.597,171.37,171.485,412
2025-01-16 00:05:00,171.584,171.711,171.512,171.562,452
2025-01-16 00:10:00,171.672,171.876,171.564,171.682,108
2025-01-16 00:15:00,171.609,171.766,171.426,171.586,51
2025-01-16 00:20:00,171.508,171.602,171.408,171.543,134
2025-01-16 00:25:00,171.378,171.53,171.194,171.413,141
2025-01-16 00:30:00,171.487,171.577,171.341,171.393,293
2025-01-16 00:35:00,171.288,171.449,171.089,171.319,237
2025-01-16 00:40:00,171.26,171.426,171.202,171.225,180
2025-01-16 00:45:00,171.03,171.16,170.991,171.108,164
2025-01-16 00:50:00,171.026,171.21,171.012,171.07,327
2025-01-16 00:55:00,171.01,171.126,170.93,170.997,313
2025-01-16 01:00:00,171.034,171.186,170.952,171.092,483
2025-01-16 01:05:00,171.098,171.286,170.992,171.01,440
2025-01-16 01:10:00,170.937,170.949,170.717,170.885,298
2025-01-16 01:15:00,170.992,171.168,170.891,171.003,292
2025-01-16 01:20:00,171.014,171.133,170.881,171.015,82
2025-01-16 01:25:00,171.193,171.303,170.995,171.102,225
2025-01-16 01:30:00,171.004,171.169,170.848,171.015,340
2025-01-16 01:35:00,171.04,171.112,170.992,171.062,272
2025-01-16 01:40:00,171.081,171.095,170.96,171.038,183
2025-01-16 01:45:00,171.097,171.151,170.935,171.091,429
2025-01-16 01:50:00,171.225,171.36,171.022,171.158,360
2025-01-16 01:55:00,171.325,171.459,171.123,171.184,224
2025-01-16 02:00:00,171.14,171.322,171.014,171.17,334
2025-01-16 02:05:00,171.003,171.23,170.987,171.075,160
2025-01-16 02:10:00,171.27,171.444,171.193,171.272,336
2025-01-16 02:15:00,171.282,171.436,171.155,171.234,72
2025-01-16 02:20:00,171.172,171.319,171.124,171.21,454
2025-01-16 02:25:00,171.089,171.247,171.008,171.11,125
2025-01-16 02:30:00,171.332,171.354,171.179,171.281,399
2025-01-16 02:35:00,171.299,171.418,171.098,171.293,240
2025-01-16 02:40:00,171.392,171.417,171.324,171.406,346
2025-01-16 02:45:00,171.428,171.535,171.404,171.44,462
2025-01-16 02:50:00,171.261,171.382,171.236,171.287,346
2025-01-16 02:55:00,171.374,171.516,171.237,171.301,168
2025-01-16 03:00:00,171.528,171.665,171.328,171.476,153
2025-01-16 03:05:00,171.412,171.569,171.254,171.423,291
2025-01-16 03:10:00,171.397,171.565,171.205,171.393,401
2025-01-16 03:15:00,171.482,171.534,171.354,171.436,286
2025-01-16 03:20:00,171.371,171.554,171.338,171.433,52
2025-01-16 03:25:00,171.42,171.51,171.328,171.445,358
2025-01-16 03:30:00,171.554,171.631,171.428,171.559,60
2025-01-16 03:35:00,171.649,171.75,171.498,171.575,246
2025-01-16 03:40:00,171.642,171.762,171.524,171.606,144
2025-01-16 03:45:00,171.569,171.804,171.407,171.65,96
2025-01-16 03:50:00,171.628,171.801,171.462,171.647,162
2025-01-16 03:55:00,171.813,171.972,171.724,171.771,104
2025-01-16 04:00:00,171.897,172.17,171.854,171.971,127
2025-01-16 04:05:00,171.948,172.185,171.906,172.012,100
2025-01-16 04:10:00,171.954,171.989,171.824,171.91,423
2025-01-16 04:15:00,171.905,172.085,171.769,172.03,188
2025-01-16 04:20:00,171.96,172.052,171.91,171.983,328
2025-01-16 04:25:00,172.031,172.182,172.004,172.055,348
2025-01-16 04:30:00,171.931,171.987,171.794,171.95,177
2025-01-16 04:35:00,172.027,172.067,171.897,172.008,133
2025-01-16 04:40:00,172.118,172.236,171.971,172.127,115
2025-01-16 04:45:00,172.059,172.083,171.968,172.003,172
2025-01-16 04:50:00,171.889,172.022,171.765,171.89,367
2025-01-16 04:55:00,171.903,172.026,171.81,171.956,283
2025-01-16 05:00:00,171.794,171.956,171.653,171.892,119
2025-01-16 05:05:00,171.686,171.868,171.457,171.648,494
2025-01-16 05:10:00,171.747,171.941,171.701,171.711,58
2025-01-16 05:15:00,171.501,171.535,171.443,171.517,247
2025-01-16 05:20:00,171.424,171.59,171.323,171.441,488
2025-01-16 05:25:00,171.494,171.596,171.321,171.479,100
2025-01-16 05:30:00,171.601,171.683,171.481,171.548,224
2025-01-16 05:35:00,171.505,171.644,171.269,171.453,498
2025-01-16 05:40:00,171.448,171.496,171.423,171.481,104
2025-01-16 05:45:00,171.275,171.449,171.082,171.332,94
2025-01-16 05:50:00,171.335,171.46,171.182,171.269,57
2025-01-16 05:55:00,171.174,171.274,170.943,171.118,150
2025-01-16 06:00:00,170.984,171.169,170.926,171.018,171
2025-01-16 06:05:00,171.092,171.207,170.942,171.122,290
2025-01-16 06:10:00,171.206,171.321,171.096,171.157,210
2025-01-16 06:15:00,171.053,171.098,170.99,171.073,290
2025-01-16 06:20:00,171.049,171.267,171.001,171.069,454
2025-01-16 06:25:00,171.034,171.137,170.982,171.076,115
2025-01-16 06:30:00,171.044,171.242,170.858,170.981,493
2025-01-16 06:35:00,170.992,171.186,170.746,170.902,210
2025-01-16 06:40:00,170.977,171.175,170.813,171.039,437
2025-01-16 06:45:00,171.113,171.154,171.001,171.065,261
2025-01-16 06:50:00,171.066,171.262,170.852,171.041,324
2025-01-16 06:55:00,170.966,171.108,170.955,171.002,405
2025-01-16 07:00:00,171.058,171.292,170.93,171.098,334
2025-01-16 07:05:00,171.048,171.151,170.935,171.107,82
2025-01-16 07:10:00,170.928,171.075,170.737,170.962,127
2025-01-16 07:15:00,170.911,171.04,170.779,170.903,443
2025-01-16 07:20:00,170.795,170.884,170.604,170.836,161
2025-01-16 07:25:00,170.762,170.892,170.572,170.705,241
2025-01-16 07:30:00,170.799,170.819,170.604,170.682,197
2025-01-16 07:35:00,170.592,170.638,170.533,170.596,178
2025-01-16 07:40:00,170.608,170.69,170.446,170.668,110
2025-01-16 07:45:00,170.643,170.687,170.507,170.619,400
2025-01-16 07:50:00,170.527,170.625,170.338,170.579,352
2025-01-16 07:55:00,170.566,170.668,170.404,170.557,266
2025-01-16 08:00:00,170.717,170.863,170.59,170.649,307
2025-01-16 08:05:00,170.765,170.873,170.524,170.654,344
2025-01-16 08:10:00,170.726,170.796,170.698,170.733,290
2025-01-16 08:15:00,170.592,170.771,170.488,170.64,219
2025-01-16 08:20:00,170.488,170.737,170.422,170.54,203
2025-01-16 08:25:00,170.598,170.715,170.492,170.571,401
2025-01-16 08:30:00,170.698,170.749,170.561,170.696,206
2025-01-16 08:35:00,170.71,170.847,170.458,170.643,364
2025-01-16 08:40:00,170.668,170.784,170.644,170.669,377
2025-01-16 08:45:00,170.626,170.697,170.53,170.647,80
2025-01-16 08:50:00,170.495,170.622,170.414,170.52,244
2025-01-16 08:55:00,170.484,170.644,170.368,170.542,379
2025-01-16 09:00:00,170.599,170.614,170.361,170.514,409
2025-01-16 09:05:00,170.486,170.616,170.319,170.493,397
2025-01-16 09:10:00,170.509,170.626,170.401,170.504,395
2025-01-16 09:15:00,170.474,170.54,170.393,170.465,347
2025-01-16 09:20:00,170.579,170.772,170.506,170.612,172
2025-01-16 09:25:00,170.7,170.887,170.6,170.762,61
2025-01-16 09:30:00,170.945,170.961,170.779,170.902,78
2025-01-16 09:35:00,170.95,171.078,170.775,170.895,334
2025-01-16 09:40:00,171.107,171.208,171.048,171.1,106
2025-01-16 09:45:00,171.081,171.117,170.954,171.103,315
2025-01-16 09:50:00,171.134,171.307,171.082,171.138,414
2025-01-16 09:55:00,171.145,171.219,170.901,171.07,241
2025-01-16 10:00:00,170.84,171.035,170.783,170.925,455
2025-01-16 10:05:00,170.831,171.082,170.787,170.886,483
2025-01-16 10:10:00,170.855,170.99,170.668,170.89,84
2025-01-16 10:15:00,170.822,170.88,170.796,170.829,445
2025-01-16 10:20:00,170.676,170.784,170.583,170.731,303
2025-01-16 10:25:00,170.808,170.874,170.688,170.739,53
2025-01-16 10:30:00,170.719,170.868,170.663,170.726,100
2025-01-16 10:35:00,170.827,170.924,170.753,170.895,479
2025-01-16 10:40:00,170.854,171.018,170.69,170.86,372
2025-01-16 10:45:00,170.913,170.93,170.716,170.844,344
2025-01-16 10:50:00,170.781,170.889,170.647,170.758,411
2025-01-16 10:55:00,170.782,170.875,170.56,170.634,423
2025-01-16 11:00:00,170.628,170.759,170.409,170.573,155
2025-01-16 11:05:00,170.542,170.67,170.46,170.556,420
2025-01-16 11:10:00,170.626,170.684,170.575,170.638,312
2025-01-16 11:15:00,170.495,170.717,170.369,170.6,104
2025-01-16 11:20:00,170.408,170.583,170.297,170.469,293
2025-01-16 11:25:00,170.416,170.566,170.324,170.419,235
2025-01-16 11:30:00,170.483,170.67,170.415,170.462,149
2025-01-16 11:35:00,170.535,170.716,170.408,170.58,73
2025-01-16 11:40:00,170.538,170.578,170.452,170.53,225
2025-01-16 11:45:00,170.411,170.632,170.31,170.442,127
2025-01-16 11:50:00,170.438,170.569,170.383,170.513,343
2025-01-16 11:55:00,170.496,170.533,170.296,170.463,281
2025-01-16 12:00:00,170.401,170.469,170.372,170.42,156
2025-01-16 12:05:00,170.342,170.367,170.129,170.323,366
2025-01-16 12:10:00,170.348,170.503,170.132,170.331,190
2025-01-16 12:15:00,170.211,170.337,170.057,170.187,296
2025-01-16 12:20:00,170.248,170.451,170.204,170.309,253
2025-01-16 12:25:00,170.19,170.427,170.027,170.257,359
2025-01-16 12:30:00,170.361,170.549,170.319,170.337,117
2025-01-16 12:35:00,170.476,170.666,170.354,170.477,266
2025-01-16 12:40:00,170.594,170.773,170.489,170.575,330
2025-01-16 12:45:00,170.617,170.656,170.523,170.625,198
2025-01-16 12:50:00,170.597,170.752,170.469,170.499,360
2025-01-16 12:55:00,170.722,170.857,170.49,170.67,495
2025-01-16 13:00:00,170.659,170.851,170.592,170.723,461
2025-01-16 13:05:00,170.729,170.853,170.616,170.693,227
2025-01-16 13:10:00,170.612,170.691,170.433,170.621,199
2025-01-16 13:15:00,170.682,170.8,170.642,170.714,485
2025-01-16 13:20:00,170.689,170.888,170.653,170.776,98
2025-01-16 13:25:00,170.87,171.026,170.75,170.832,183
2025-01-16 13:30:00,170.932,171.073,170.892,170.977,67
2025-01-16 13:35:00,170.916,171.134,170.874,170.987,160
2025-01-16 13:40:00,170.993,171.074,170.87,171.021,65
2025-01-16 13:45:00,170.986,171.18,170.829,171.009,448
2025-01-16 13:50:00,171.141,171.166,171.02,171.109,191
2025-01-16 13:55:00,171.333,171.497,171.293,171.305,229
2025-01-16 14:00:00,171.398,171.568,171.175,171.359,358
2025-01-16 14:05:00,171.354,171.593,171.191,171.436,367
2025-01-16 14:10:00,171.455,171.624,171.266,171.455,265
2025-01-16 14:15:00,171.432,171.602,171.353,171.462,345
2025-01-16 14:20:00,171.189,171.337,171.134,171.232,419
2025-01-16 14:25:00,171.093,171.376,170.918,171.178,103
2025-01-16 14:30:00,171.287,171.46,171.113,171.202,296
2025-01-16 14:35:00,171.375,171.484,171.183,171.32,218
2025-01-16 14:40:00,171.359,171.48,171.15,171.319,284
2025-01-16 14:45:00,171.226,171.41,171.11,171.204,50
2025-01-16 14:50:00,171.213,171.309,171.143,171.207,214
2025-01-16 14:55:00,171.165,171.307,171.078,171.136,249
2025-01-16 15:00:00,171.124,171.265,170.891,171.063,185
2025-01-16 15:05:00,171.046,171.098,170.912,171.061,478
2025-01-16 15:10:00,171.03,171.282,170.89,171.087,104
2025-01-16 15:15:00,171.173,171.239,171.055,171.164,284
2025-01-16 15:20:00,170.867,170.986,170.753,170.933,213
2025-01-16 15:25:00,171.117,171.134,170.97,171.088,334
2025-01-16 15:30:00,171.049,171.11,170.962,171.023,186
2025-01-16 15:35:00,171.019,171.125,170.961,171.02,388
2025-01-16 15:40:00,170.926,171.037,170.694,170.894,81
2025-01-16 15:45:00,170.913,171.041,170.897,170.921,134
2025-01-16 15:50:00,170.772,170.924,170.645,170.822,386
2025-01-16 15:55:00,170.794,170.889,170.65,170.813,266
2025-01-16 16:00:00,170.798,170.862,170.734,170.749,477
2025-01-16 16:05:00,170.801,170.965,170.753,170.805,400
2025-01-16 16:10:00,170.794,170.959,170.678,170.742,389
2025-01-16 16:15:00,170.543,170.638,170.408,170.555,204
2025-01-16 16:20:00,170.509,170.655,170.402,170.55,415
2025-01-16 16:25:00,170.408,170.456,170.303,170.443,69
2025-01-16 16:30:00,170.436,170.498,170.301,170.411,273
2025-01-16 16:35:00,170.381,170.499,170.231,170.458,449
2025-01-16 16:40:00,170.485,170.512,170.274,170.463,342
2025-01-16 16:45:00,170.543,170.665,170.369,170.55,466
2025-01-16 16:50:00,170.685,170.835,170.528,170.655,79
2025-01-16 16:55:00,170.687,170.813,170.531,170.609,273
2025-01-16 17:00:00,170.572,170.623,170.513,170.605,248
2025-01-16 17:05:00,170.612,170.661,170.472,170.55,203
2025-01-16 17:10:00,170.402,170.503,170.333,170.403,226
2025-01-16 17:15:00,170.613,170.738,170.526,170.56,231
2025-01-16 17:20:00,170.433,170.535,170.321,170.462,420
2025-01-16 17:25:00,170.553,170.718,170.537,170.588,480
2025-01-16 17:30:00,170.552,170.674,170.421,170.585,422
2025-01-16 17:35:00,170.444,170.53,170.273,170.444,386
2025-01-16 17:40:00,170.34,170.399,170.218,170.31,313
2025-01-16 17:45:00,170.165,170.313,169.966,170.25,98
2025-01-16 17:50:00,170.351,170.517,170.146,170.337,124
2025-01-16 17:55:00,170.245,170.329,170.188,170.255,232
2025-01-16 18:00:00,170.253,170.444,170.071,170.165,483
2025-01-16 18:05:00,169.917,169.933,169.843,169.886,460
2025-01-16 18:10:00,170.122,170.311,169.862,170.039,128
2025-01-16 18:15:00,170.169,170.283,169.923,170.028,451
2025-01-16 18:20:00,169.948,170.13,169.902,169.96,132
2025-01-16 18:25:00,170.044,170.146,169.96,170.065,216
2025-01-16 18:30:00,170.25,170.341,170.209,170.219,257
2025-01-16 18:35:00,170.116,170.14,169.988,170.113,310
2025-01-16 18:40:00,170.098,170.275,169.957,170.16,263
2025-01-16 18:45:00,170.268,170.368,170.254,170.282,404
2025-01-16 18:50:00,170.474,170.579,170.321,170.376,381
2025-01-16 18:55:00,170.448,170.674,170.315,170.486,350
2025-01-16 19:00:00,170.484,170.51,170.468,170.483,470
2025-01-16 19:05:00,170.416,170.453,170.269,170.389,61
2025-01-16 19:10:00,170.346,170.548,170.289,170.369,303
2025-01-16 19:15:00,170.512,170.697,170.408,170.514,469
2025-01-16 19:20:00,170.4,170.598,170.152,170.337,156
2025-01-16 19:25:00,170.471,170.617,170.326,170.427,161
2025-01-16 19:30:00,170.574,170.639,170.436,170.618,484
2025-01-16 19:35:00,170.712,170.738,170.558,170.717,112
2025-01-16 19:40:00,170.603,170.87,170.492,170.704,173
2025-01-16 19:45:00,170.826,170.841,170.729,170.826,117
2025-01-16 19:50:00,170.792,170.861,170.671,170.812,278
2025-01-16 19:55:00,170.926,171.104,170.894,170.929,320
2025-01-16 20:00:00,170.922,171.048,170.749,170.921,362
2025-01-16 20:05:00,170.983,171.151,170.803,170.977,420
2025-01-16 20:10:00,170.925,171.051,170.683,170.882,92
2025-01-16 20:15:00,171.034,171.224,170.841,170.972,236
2025-01-16 20:20:00,170.911,170.991,170.717,170.935,309
2025-01-16 20:25:00,170.871,170.895,170.728,170.821,159
2025-01-16 20:30:00,170.754,170.994,170.576,170.809,180
2025-01-16 20:35:00,170.951,171.006,170.85,170.961,362
2025-01-16 20:40:00,171.038,171.175,170.959,170.975,448
2025-01-16 20:45:00,170.916,170.942,170.905,170.924,353
2025-01-16 20:50:00,170.772,170.938,170.608,170.826,380
2025-01-16 20:55:00,170.797,170.885,170.621,170.738,433
2025-01-16 21:00:00,170.728,170.858,170.534,170.733,438
2025-01-16 21:05:00,170.63,170.736,170.536,170.598,263
2025-01-16 21:10:00,170.424,170.572,170.394,170.518,312
2025-01-16 21:15:00,170.658,170.87,170.487,170.672,440
2025-01-16 21:20:00,170.837,170.902,170.709,170.781,447
2025-01-16 21:25:00,170.744,170.934,170.655,170.776,288
2025-01-16 21:30:00,170.784,170.976,170.717,170.832,182
2025-01-16 21:35:00,170.961,171.035,170.933,170.947,421
2025-01-16 21:40:00,171.097,171.307,170.921,171.145,464
2025-01-16 21:45:00,171.008,171.142,170.94,171.022,498
2025-01-16 21:50:00,171.057,171.239,170.867,171.045,388
2025-01-16 21:55:00,171.0,171.043,170.912,170.977,75
2025-01-16 22:00:00,170.941,171.027,170.769,170.953,113
2025-01-16 22:05:00,171.042,171.231,171.01,171.033,198
2025-01-16 22:10:00,171.124,171.255,170.973,171.139,242
2025-01-16 22:15:00,171.255,171.405,171.076,171.285,203
2025-01-16 22:20:00,171.341,171.369,171.134,171.262,183
2025-01-16 22:25:00,171.265,171.451,171.194,171.288,173
2025-01-16 22:30:00,171.351,171.504,171.197,171.304,371
2025-01-16 22:35:00,171.456,171.491,171.313,171.393,428
2025-01-16 22:40:00,171.332,171.444,171.267,171.392,105
2025-01-16 22:45:00,171.338,171.411,171.178,171.341,387
2025-01-16 22:50:00,171.177,171.431,171.063,171.246,109
2025-01-16 22:55:00,171.063,171.433,170.91,171.243,230
2025-01-16 23:00:00,171.367,171.432,171.326,171.356,156
2025-01-16 23:05:00,171.324,171.396,171.069,171.232,163
2025-01-16 23:10:00,171.2,171.214,171.083,171.16,366
2025-01-16 23:15:00,171.079,171.165,170.944,171.046,149
2025-01-16 23:20:00,171.148,171.235,171.007,171.126,124
2025-01-16 23:25:00,171.204,171.374,171.108,171.225,174
2025-01-16 23:30:00,171.179,171.351,171.035,171.239,405
2025-01-16 23:35:00,171.036,171.163,170.841,171.018,337
2025-01-16 23:40:00,171.081,171.147,170.801,170.984,188
2025-01-16 23:45:00,171.03,171.167,170.943,170.986,202
2025-01-16 23:50:00,171.013,171.088,170.905,170.98,463
2025-01-16 23:55:00,171.081,171.2,170.938,171.065,457
2025-01-17 00:00:00,171.225,171.294,171.006,171.13,303
2025-01-17 00:05:00,171.059,171.252,170.941,171.126,490
2025-01-17 00:10:00,170.881,171.165,170.747,170.984,95
2025-01-17 00:15:00,170.967,171.035,170.799,170.965,236
2025-01-17 00:20:00,171.029,171.11,171.002,171.031,91
2025-01-17 00:25:00,170.724,170.811,170.666,170.778,488
2025-01-17 00:30:00,170.868,170.964,170.673,170.85,213
2025-01-17 00:35:00,170.844,171.031,170.721,170.864,89
2025-01-17 00:40:00,170.88,171.03,170.742,170.913,58
2025-01-17 00:45:00,170.931,170.952,170.726,170.916,121
2025-01-17 00:50:00,170.872,170.895,170.725,170.831,473
2025-01-17 00:55:00,170.907,170.987,170.829,170.922,110
2025-01-17 01:00:00,170.859,170.874,170.722,170.84,290
2025-01-17 01:05:00,170.893,171.115,170.794,170.936,59
2025-01-17 01:10:00,170.774,170.796,170.719,170.758,307
2025-01-17 01:15:00,170.677,170.763,170.514,170.707,198
2025-01-17 01:20:00,170.66,170.814,170.468,170.648,133
2025-01-17 01:25:00,170.603,170.75,170.52,170.627,445
2025-01-17 01:30:00,170.594,170.627,170.516,170.577,390
2025-01-17 01:35:00,170.682,170.695,170.51,170.648,428
2025-01-17 01:40:00,170.746,170.767,170.634,170.697,183
2025-01-17 01:45:00,170.664,170.91,170.638,170.727,481
2025-01-17 01:50:00,170.78,171.02,170.752,170.84,342
2025-01-17 01:55:00,170.624,170.803,170.55,170.608,282
2025-01-17 02:00:00,170.641,170.686,170.472,170.63,391
2025-01-17 02:05:00,170.608,170.787,170.436,170.647,338
2025-01-17 02:10:00,170.482,170.6,170.465,170.479,269
2025-01-17 02:15:00,170.469,170.592,170.348,170.475,496
2025-01-17 02:20:00,170.517,170.63,170.44,170.454,172
2025-01-17 02:25:00,170.436,170.569,170.38,170.442,270
2025-01-17 02:30:00,170.411,170.629,170.371,170.449,458
2025-01-17 02:35:00,170.23,170.489,170.149,170.36,128
2025-01-17 02:40:00,170.217,170.34,170.16,170.229,418
2025-01-17 02:45:00,170.102,170.186,169.902,170.139,218
2025-01-17 02:50:00,170.09,170.361,169.976,170.186,137
2025-01-17 02:55:00,170.338,170.471,170.16,170.338,366
2025-01-17 03:00:00,170.312,170.399,170.175,170.323,66
2025-01-17 03:05:00,170.288,170.386,170.106,170.368,127
2025-01-17 03:10:00,170.493,170.59,170.238,170.417,369
2025-01-17 03:15:00,170.494,170.604,170.234,170.428,131
2025-01-17 03:20:00,170.441,170.633,170.401,170.43,67
2025-01-17 03:25:00,170.622,170.644,170.494,170.566,257
2025-01-17 03:30:00,170.527,170.621,170.427,170.553,320
2025-01-17 03:35:00,170.567,170.58,170.307,170.469,90
2025-01-17 03:40:00,170.466,170.57,170.434,170.49,166
2025-01-17 03:45:00,170.582,170.712,170.445,170.572,119
2025-01-17 03:50:00,170.771,170.965,170.647,170.782,75
2025-01-17 03:55:00,170.771,170.795,170.545,170.737,74
2025-01-17 04:00:00,170.938,171.077,170.847,170.915,296
2025-01-17 04:05:00,170.73,170.881,170.628,170.718,259
2025-01-17 04:10:00,170.659,170.798,170.548,170.575,433
2025-01-17 04:15:00,170.424,170.667,170.327,170.516,267
2025-01-17 04:20:00,170.418,170.546,170.33,170.36,312
2025-01-17 04:25:00,170.35,170.477,170.279,170.386,201
2025-01-17 04:30:00,170.515,170.663,170.399,170.452,91
2025-01-17 04:35:00,170.41,170.596,170.386,170.451,307
2025-01-17 04:40:00,170.438,170.52,170.201,170.369,319
2025-01-17 04:45:00,170.442,170.622,170.338,170.442,89
2025-01-17 04:50:00,170.485,170.69,170.373,170.509,312
2025-01-17 04:55:00,170.633,170.708,170.481,170.583,434
2025-01-17 05:00:00,170.719,170.78,170.637,170.756,178
2025-01-17 05:05:00,170.894,170.905,170.673,170.798,116
2025-01-17 05:10:00,170.931,171.183,170.823,170.988,495
2025-01-17 05:15:00,170.914,170.988,170.747,170.835,400
2025-01-17 05:20:00,171.056,171.204,171.008,171.074,50
2025-01-17 05:25:00,171.033,171.098,170.968,171.051,379
2025-01-17 05:30:00,170.985,171.026,170.899,170.932,89
2025-01-17 05:35:00,170.953,171.092,170.826,170.914,415
2025-01-17 05:40:00,170.957,171.148,170.838,170.939,248
2025-01-17 05:45:00,170.857,170.907,170.672,170.815,197
2025-01-17 05:50:00,170.783,170.983,170.596,170.859,433
2025-01-17 05:55:00,170.972,171.112,170.79,170.917,52
2025-01-17 06:00:00,170.873,171.028,170.822,170.863,154
2025-01-17 06:05:00,171.028,171.128,170.851,170.904,429
2025-01-17 06:10:00,170.764,170.85,170.721,170.763,62
2025-01-17 06:15:00,170.568,170.632,170.55,170.565,120
2025-01-17 06:20:00,170.799,170.874,170.53,170.678,318
2025-01-17 06:25:00,170.743,170.877,170.472,170.66,110
2025-01-17 06:30:00,170.531,170.734,170.519,170.565,196
2025-01-17 06:35:00,170.724,170.861,170.666,170.756,278
2025-01-17 06:40:00,170.713,170.916,170.616,170.789,348
2025-01-17 06:45:00,170.849,170.997,170.631,170.813,171
2025-01-17 06:50:00,170.712,170.879,170.557,170.717,447
2025-01-17 06:55:00,170.721,170.896,170.655,170.732,336
2025-01-17 07:00:00,170.824,170.987,170.712,170.765,414
2025-01-17 07:05:00,170.817,170.941,170.691,170.743,326
2025-01-17 07:10:00,170.8,170.873,170.734,170.801,285
2025-01-17 07:15:00,170.835,170.895,170.667,170.843,365
2025-01-17 07:20:00,170.875,170.987,170.757,170.862,255
2025-01-17 07:25:00,170.779,170.849,170.732,170.781,241
2025-01-17 07:30:00,170.664,170.831,170.521,170.771,457
2025-01-17 07:35:00,170.594,170.705,170.455,170.637,220
2025-01-17 07:40:00,170.399,170.577,170.338,170.439,82
2025-01-17 07:45:00,170.462,170.514,170.303,170.461,440
2025-01-17 07:50:00,170.406,170.532,170.312,170.454,336
2025-01-17 07:55:00,170.682,170.903,170.482,170.719,399
2025-01-17 08:00:00,170.73,170.861,170.595,170.797,309
2025-01-17 08:05:00,171.002,171.112,170.828,170.955,139
2025-01-17 08:10:00,170.793,171.036,170.721,170.859,458
2025-01-17 08:15:00,170.74,170.867,170.573,170.731,323
2025-01-17 08:20:00,170.617,170.755,170.445,170.689,309
2025-01-17 08:25:00,170.799,170.972,170.572,170.734,318
2025-01-17 08:30:00,170.616,170.789,170.488,170.612,105
2025-01-17 08:35:00,170.637,170.727,170.58,170.702,157
2025-01-17 08:40:00,170.887,170.928,170.77,170.894,463
2025-01-17 08:45:00,170.895,170.912,170.765,170.839,141
2025-01-17 08:50:00,170.769,170.893,170.646,170.744,265
2025-01-17 08:55:00,170.641,170.836,170.537,170.608,81
2025-01-17 09:00:00,170.707,170.869,170.632,170.674,468
2025-01-17 09:05:00,170.582,170.765,170.503,170.664,383
2025-01-17 09:10:00,170.55,170.831,170.382,170.651,53
2025-01-17 09:15:00,170.617,170.793,170.492,170.603,182
2025-01-17 09:20:00,170.521,170.658,170.331,170.548,409
2025-01-17 09:25:00,170.536,170.692,170.382,170.53,393
2025-01-17 09:30:00,170.442,170.528,170.359,170.465,55
2025-01-17 09:35:00,170.643,170.819,170.398,170.516,253
2025-01-17 09:40:00,170.608,170.754,170.434,170.655,211
2025-01-17 09:45:00,170.687,170.769,170.661,170.754,421
2025-01-17 09:50:00,170.944,170.984,170.933,170.949,231
2025-01-17 09:55:00,171.118,171.228,170.958,171.133,287
2025-01-17 10:00:00,171.083,171.145,170.962,171.044,134
2025-01-17 10:05:00,171.022,171.145,170.676,170.865,172
2025-01-17 10:10:00,170.939,170.95,170.798,170.859,451
2025-01-17 10:15:00,170.882,170.977,170.709,170.92,176
2025-01-17 10:20:00,170.873,171.062,170.855,170.894,366
2025-01-17 10:25:00,171.1,171.133,170.989,171.122,213
2025-01-17 10:30:00,170.973,171.011,170.775,170.972,325
2025-01-17 10:35:00,170.864,170.906,170.776,170.863,168
2025-01-17 10:40:00,170.823,170.897,170.794,170.804,363
2025-01-17 10:45:00,170.753,170.848,170.711,170.825,465
2025-01-17 10:50:00,170.973,171.097,170.787,170.899,411
2025-01-17 10:55:00,170.911,170.985,170.802,170.879,269
2025-01-17 11:00:00,170.907,171.115,170.768,170.915,251
2025-01-17 11:05:00,170.94,170.955,170.772,170.87,240
2025-01-17 11:10:00,171.006,171.179,170.814,170.982,361
2025-01-17 11:15:00,171.024,171.209,170.865,171.027,199
2025-01-17 11:20:00,171.049,171.093,170.919,171.023,197
2025-01-17 11:25:00,170.927,171.081,170.801,170.975,263
2025-01-17 11:30:00,170.832,170.987,170.646,170.862,147
2025-01-17 11:35:00,170.817,171.009,170.727,170.892,370
2025-01-17 11:40:00,170.719,170.906,170.467,170.644,140
2025-01-17 11:45:00,170.563,170.606,170.508,170.587,285
2025-01-17 11:50:00,170.87,170.94,170.667,170.849,484
2025-01-17 11:55:00,170.829,170.942,170.714,170.83,70
2025-01-17 12:00:00,170.874,171.056,170.834,170.854,269
2025-01-17 12:05:00,170.866,170.917,170.693,170.815,485
2025-01-17 12:10:00,170.713,170.907,170.657,170.712,119
2025-01-17 12:15:00,170.667,170.686,170.55,170.654,454
2025-01-17 12:20:00,170.733,170.859,170.583,170.808,363
2025-01-17 12:25:00,170.73,170.968,170.646,170.784,393
2025-01-17 12:30:00,170.819,170.848,170.616,170.79,68
2025-01-17 12:35:00,170.915,170.971,170.762,170.837,390
2025-01-17 12:40:00,170.728,170.842,170.625,170.692,171
2025-01-17 12:45:00,170.581,170.666,170.51,170.634,162
2025-01-17 12:50:00,170.5,170.697,170.416,170.499,199
2025-01-17 12:55:00,170.556,170.69,170.383,170.483,443
2025-01-17 13:00:00,170.403,170.52,170.374,170.446,144
2025-01-17 13:05:00,170.66,170.788,170.421,170.589,497
2025-01-17 13:10:00,170.585,170.667,170.505,170.586,397
2025-01-17 13:15:00,170.687,170.88,170.534,170.735,327
2025-01-17 13:20:00,170.877,171.029,170.711,170.811,297
2025-01-17 13:25:00,170.789,171.027,170.612,170.903,148
2025-01-17 13:30:00,170.715,170.941,170.602,170.754,238
2025-01-17 13:35:00,170.863,170.876,170.609,170.798,386
2025-01-17 13:40:00,170.801,170.83,170.61,170.798,186
2025-01-17 13:45:00,170.89,171.033,170.674,170.843,97
2025-01-17 13:50:00,170.69,170.759,170.598,170.74,226
2025-01-17 13:55:00,170.745,170.854,170.626,170.768,312
2025-01-17 14:00:00,170.876,171.024,170.677,170.763,314
2025-01-17 14:05:00,170.62,170.676,170.408,170.584,384
2025-01-17 14:10:00,170.564,170.823,170.391,170.659,382
2025-01-17 14:15:00,170.603,170.675,170.454,170.599,178
2025-01-17 14:20:00,170.834,170.977,170.662,170.842,297
2025-01-17 14:25:00,171.027,171.087,170.951,171.022,330
2025-01-17 14:30:00,170.812,171.039,170.733,170.849,151
2025-01-17 14:35:00,170.799,170.93,170.696,170.858,412
2025-01-17 14:40:00,170.845,170.959,170.703,170.771,486
2025-01-17 14:45:00,170.779,170.864,170.642,170.777,128
2025-01-17 14:50:00,170.988,171.186,170.806,170.934,290
2025-01-17 14:55:00,170.941,170.979,170.905,170.932,186
2025-01-17 15:00:00,171.056,171.18,170.945,171.056,70
2025-01-17 15:05:00,170.921,170.998,170.787,170.927,493
2025-01-17 15:10:00,171.079,171.183,170.88,171.066,420
2025-01-17 15:15:00,171.089,171.118,171.006,171.092,233
2025-01-17 15:20:00,171.072,171.228,170.971,171.09,428
2025-01-17 15:25:00,170.902,170.962,170.774,170.929,201
2025-01-17 15:30:00,170.865,171.029,170.798,170.849,354
2025-01-17 15:35:00,170.727,170.775,170.595,170.745,264
2025-01-17 15:40:00,170.844,171.006,170.799,170.84,399
2025-01-17 15:45:00,170.773,170.901,170.668,170.733,292
2025-01-17 15:50:00,170.595,170.623,170.512,170.559,458
2025-01-17 15:55:00,170.604,170.745,170.578,170.601,286
2025-01-17 16:00:00,170.512,170.698,170.384,170.59,305
2025-01-17 16:05:00,170.774,170.954,170.633,170.712,129
2025-01-17 16:10:00,170.87,170.892,170.692,170.785,422
2025-01-17 16:15:00,170.671,170.682,170.571,170.642,413
2025-01-17 16:20:00,170.661,170.849,170.432,170.6,353
2025-01-17 16:25:00,170.596,170.699,170.514,170.583,441
2025-01-17 16:30:00,170.573,170.742,170.422,170.634,130
2025-01-17 16:35:00,170.764,170.903,170.751,170.765,128
2025-01-17 16:40:00,170.661,170.887,170.643,170.699,110
2025-01-17 16:45:00,170.603,170.649,170.457,170.574,388
2025-01-17 16:50:00,170.58,170.669,170.486,170.582,282
2025-01-17 16:55:00,170.64,170.693,170.535,170.55,139
2025-01-17 17:00:00,170.439,170.535,170.361,170.466,115
2025-01-17 17:05:00,170.352,170.572,170.226,170.47,259
2025-01-17 17:10:00,170.626,170.728,170.36,170.551,461
2025-01-17 17:15:00,170.504,170.603,170.434,170.519,125
2025-01-17 17:20:00,170.441,170.568,170.323,170.505,470
2025-01-17 17:25:00,170.346,170.57,170.249,170.379,63
2025-01-17 17:30:00,170.335,170.586,170.151,170.39,381
2025-01-17 17:35:00,170.389,170.434,170.325,170.35,155
2025-01-17 17:40:00,170.446,170.694,170.329,170.519,187
2025-01-17 17:45:00,170.342,170.449,170.275,170.401,457
2025-01-17 17:50:00,170.519,170.659,170.267,170.456,292
2025-01-17 17:55:00,170.181,170.268,170.009,170.254,283
2025-01-17 18:00:00,170.225,170.454,170.097,170.288,296
2025-01-17 18:05:00,170.306,170.39,170.165,170.339,155
2025-01-17 18:10:00,170.195,170.399,170.0,170.265,343
2025-01-17 18:15:00,170.489,170.672,170.276,170.442,113
2025-01-17 18:20:00,170.371,170.572,170.341,170.521,224
2025-01-17 18:25:00,170.387,170.503,170.347,170.386,76
2025-01-17 18:30:00,170.553,170.624,170.415,170.466,256
2025-01-17 18:35:00,170.261,170.347,170.17,170.231,198
2025-01-17 18:40:00,170.191,170.432,170.075,170.283,114
2025-01-17 18:45:00,170.312,170.52,170.209,170.365,192
2025-01-17 18:50:00,170.126,170.36,169.961,170.192,100
2025-01-17 18:55:00,170.173,170.328,170.009,170.119,94
2025-01-17 19:00:00,170.307,170.506,170.164,170.286,95
2025-01-17 19:05:00,170.193,170.313,170.013,170.224,423
2025-01-17 19:10:00,170.142,170.156,170.058,170.134,333
2025-01-17 19:15:00,170.188,170.333,170.041,170.231,285
2025-01-17 19:20:00,170.233,170.539,170.034,170.354,494
2025-01-17 19:25:00,170.291,170.34,170.249,170.284,105
2025-01-17 19:30:00,170.264,170.444,170.073,170.306,455
2025-01-17 19:35:00,170.338,170.367,170.185,170.304,78
2025-01-17 19:40:00,170.339,170.359,170.204,170.336,384
2025-01-17 19:45:00,170.441,170.473,170.315,170.426,308
2025-01-17 19:50:00,170.121,170.34,170.038,170.191,237
2025-01-17 19:55:00,170.255,170.323,170.115,170.181,57
2025-01-17 20:00:00,170.243,170.472,170.1,170.276,365
2025-01-17 20:05:00,170.352,170.452,170.302,170.335,492
2025-01-17 20:10:00,170.722,170.87,170.515,170.667,296
2025-01-17 20:15:00,170.777,170.937,170.75,170.79,226
2025-01-17 20:20:00,170.867,170.95,170.711,170.788,236
2025-01-17 20:25:00,170.81,170.904,170.583,170.745,354
2025-01-17 20:30:00,170.834,170.988,170.776,170.806,174
2025-01-17 20:35:00,170.711,170.812,170.697,170.73,254
2025-01-17 20:40:00,170.659,170.75,170.405,170.596,354
2025-01-17 20:45:00,170.613,170.766,170.404,170.598,264
2025-01-17 20:50:00,170.633,170.793,170.367,170.522,231
2025-01-17 20:55:00,170.669,170.861,170.56,170.645,427
2025-01-17 21:00:00,170.539,170.678,170.394,170.584,83
2025-01-17 21:05:00,170.648,170.782,170.593,170.655,473
2025-01-17 21:10:00,170.599,170.859,170.434,170.67,88
2025-01-17 21:15:00,170.674,170.756,170.58,170.697,273
2025-01-17 21:20:00,170.847,171.006,170.785,170.883,50
2025-01-17 21:25:00,170.873,171.014,170.762,170.866,498
2025-01-17 21:30:00,170.904,171.082,170.84,170.895,337
2025-01-17 21:35:00,170.889,171.101,170.733,170.907,343
2025-01-17 21:40:00,170.845,170.895,170.656,170.872,448
2025-01-17 21:45:00,170.814,170.826,170.67,170.802,457
2025-01-17 21:50:00,170.738,170.931,170.666,170.707,471
2025-01-17 21:55:00,170.597,170.645,170.566,170.578,259
2025-01-17 22:00:00,170.662,170.746,170.555,170.668,460
2025-01-17 22:05:00,170.532,170.689,170.449,170.539,335
2025-01-17 22:10:00,170.605,170.672,170.588,170.605,120
2025-01-17 22:15:00,170.818,170.94,170.725,170.844,97
2025-01-17 22:20:00,170.937,171.088,170.811,170.903,345
2025-01-17 22:25:00,171.017,171.062,170.837,171.007,161
2025-01-17 22:30:00,171.046,171.206,170.846,171.032,389
2025-01-17 22:35:00,170.995,171.023,170.934,170.959,204
2025-01-17 22:40:00,171.061,171.092,170.931,170.972,444
2025-01-17 22:45:00,171.143,171.369,171.1,171.2,69
2025-01-17 22:50:00,171.244,171.321,171.075,171.203,296
2025-01-17 22:55:00,171.264,171.4,171.095,171.252,413
2025-01-17 23:00:00,171.24,171.428,171.164,171.247,142
2025-01-17 23:05:00,171.268,171.297,171.125,171.198,476
2025-01-17 23:10:00,171.189,171.355,171.15,171.207,131
2025-01-17 23:15:00,171.256,171.426,171.124,171.228,457
2025-01-17 23:20:00,171.249,171.401,171.06,171.277,304
2025-01-17 23:25:00,171.277,171.41,171.182,171.232,61
2025-01-17 23:30:00,171.147,171.315,170.976,171.201,484
2025-01-17 23:35:00,171.271,171.323,171.165,171.256,99
2025-01-17 23:40:00,171.347,171.424,171.269,171.316,100
2025-01-17 23:45:00,171.472,171.643,171.291,171.479,155
2025-01-17 23:50:00,171.437,171.571,171.286,171.456,214
2025-01-17 23:55:00,171.439,171.499,171.353,171.436,241
2025-01-18 00:00:00,171.185,171.392,171.075,171.215,450
2025-01-18 00:05:00,171.156,171.232,171.14,171.162,441
2025-01-18 00:10:00,171.04,171.122,170.879,171.019,124
2025-01-18 00:15:00,171.092,171.265,171.065,171.133,320
2025-01-18 00:20:00,170.972,171.117,170.801,170.97,222
2025-01-18 00:25:00,170.905,171.083,170.783,170.89,229
2025-01-18 00:30:00,170.962,171.005,170.838,170.923,418
2025-01-18 00:35:00,170.578,170.746,170.526,170.611,416
2025-01-18 00:40:00,170.7,170.891,170.494,170.542,462
2025-01-18 00:45:00,170.397,170.621,170.238,170.445,148
2025-01-18 00:50:00,170.442,170.563,170.241,170.395,367
2025-01-18 00:55:00,170.244,170.45,170.107,170.347,127
2025-01-18 01:00:00,170.418,170.465,170.235,170.407,166
2025-01-18 01:05:00,170.707,170.803,170.51,170.606,463
2025-01-18 01:10:00,170.71,170.815,170.552,170.62,248
2025-01-18 01:15:00,170.695,170.879,170.449,170.631,336
2025-01-18 01:20:00,170.693,170.726,170.581,170.669,285
2025-01-18 01:25:00,170.679,170.746,170.479,170.637,94
2025-01-18 01:30:00,170.598,170.751,170.383,170.577,358
2025-01-18 01:35:00,170.6,170.825,170.474,170.691,231
2025-01-18 01:40:00,170.866,171.021,170.727,170.745,426
2025-01-18 01:45:00,170.731,170.8,170.623,170.653,84
2025-01-18 01:50:00,170.609,170.745,170.448,170.523,304
2025-01-18 01:55:00,170.489,170.597,170.451,170.513,240
2025-01-18 02:00:00,170.506,170.691,170.287,170.462,124
2025-01-18 02:05:00,170.345,170.583,170.19,170.418,477
2025-01-18 02:10:00,170.348,170.377,170.261,170.367,268
2025-01-18 02:15:00,170.257,170.447,170.113,170.327,292
2025-01-18 02:20:00,170.261,170.363,170.09,170.242,421
2025-01-18 02:25:00,170.082,170.294,169.935,170.146,380
2025-01-18 02:30:00,170.229,170.386,170.149,170.201,382
2025-01-18 02:35:00,170.149,170.271,169.987,170.199,475
2025-01-18 02:40:00,170.257,170.279,170.136,170.185,80
2025-01-18 02:45:00,170.033,170.198,169.977,170.085,386
2025-01-18 02:50:00,170.128,170.269,169.995,170.129,63
2025-01-18 02:55:00,170.312,170.502,170.209,170.286,446
2025-01-18 03:00:00,170.233,170.287,170.169,170.272,178
2025-01-18 03:05:00,170.34,170.512,170.237,170.347,406
2025-01-18 03:10:00,170.183,170.353,170.035,170.237,471
2025-01-18 03:15:00,170.176,170.351,170.111,170.152,124
2025-01-18 03:20:00,170.209,170.4,170.128,170.259,247
2025-01-18 03:25:00,170.463,170.624,170.362,170.41,222
2025-01-18 03:30:00,170.26,170.29,170.096,170.161,233
2025-01-18 03:35:00,170.058,170.187,169.834,170.011,418
2025-01-18 03:40:00,169.964,170.003,169.834,169.943,488
2025-01-18 03:45:00,169.699,169.854,169.541,169.788,72
2025-01-18 03:50:00,169.733,169.87,169.638,169.716,104
2025-01-18 03:55:00,169.618,169.783,169.483,169.679,376
2025-01-18 04:00:00,169.522,169.568,169.5,169.546,330
2025-01-18 04:05:00,169.603,169.644,169.427,169.479,204
2025-01-18 04:10:00,169.768,169.94,169.584,169.77,50
2025-01-18 04:15:00,169.981,170.113,169.925,169.957,176
2025-01-18 04:20:00,169.958,170.008,169.839,169.967,403
2025-01-18 04:25:00,169.971,170.109,169.813,170.095,162
2025-01-18 04:30:00,169.929,170.041,169.729,169.914,296
2025-01-18 04:35:00,169.641,169.848,169.557,169.783,144
2025-01-18 04:40:00,169.993,170.049,169.942,169.972,256
2025-01-18 04:45:00,169.931,170.077,169.843,169.958,119
2025-01-18 04:50:00,170.046,170.112,169.867,170.038,312
2025-01-18 04:55:00,170.096,170.142,169.944,170.073,205
2025-01-18 05:00:00,169.962,170.062,169.787,169.943,493
2025-01-18 05:05:00,169.999,170.073,169.785,169.963,268
2025-01-18 05:10:00,170.053,170.165,169.896,170.073,410
2025-01-18 05:15:00,170.075,170.15,169.881,170.087,333
2025-01-18 05:20:00,169.998,170.081,169.937,169.962,471
2025-01-18 05:25:00,169.897,170.056,169.686,169.847,333
2025-01-18 05:30:00,169.732,169.896,169.645,169.769,465
2025-01-18 05:35:00,169.923,170.04,169.829,169.956,488
2025-01-18 05:40:00,169.999,170.141,169.948,170.101,380
2025-01-18 05:45:00,169.897,170.092,169.886,169.945,289
2025-01-18 05:50:00,169.891,170.068,169.707,169.886,373
2025-01-18 05:55:00,169.707,169.787,169.575,169.73,239
2025-01-18 06:00:00,169.598,169.758,169.404,169.546,462
2025-01-18 06:05:00,169.695,169.725,169.514,169.691,132
2025-01-18 06:10:00,169.586,169.693,169.466,169.565,75
2025-01-18 06:15:00,169.728,169.824,169.543,169.645,457
2025-01-18 06:20:00,169.501,169.665,169.381,169.499,195
2025-01-18 06:25:00,169.555,169.732,169.455,169.499,139
2025-01-18 06:30:00,169.334,169.454,169.192,169.326,336
2025-01-18 06:35:00,169.229,169.332,169.105,169.2,155
2025-01-18 06:40:00,169.23,169.377,169.169,169.273,131
2025-01-18 06:45:00,169.408,169.506,169.301,169.397,409
2025-01-18 06:50:00,169.433,169.559,169.42,169.442,250
2025-01-18 06:55:00,169.477,169.683,169.279,169.512,264
2025-01-18 07:00:00,169.585,169.7,169.57,169.585,220
2025-01-18 07:05:00,169.63,169.776,169.556,169.621,66
2025-01-18 07:10:00,169.819,169.873,169.692,169.71,292
2025-01-18 07:15:00,169.604,169.644,169.43,169.633,213
2025-01-18 07:20:00,169.626,169.782,169.512,169.58,128
2025-01-18 07:25:00,169.722,169.788,169.522,169.732,253
2025-01-18 07:30:00,169.877,169.958,169.785,169.852,451
2025-01-18 07:35:00,169.921,170.092,169.76,169.953,52
2025-01-18 07:40:00,169.896,170.033,169.829,169.94,328
2025-01-18 07:45:00,169.939,170.076,169.786,169.88,450
2025-01-18 07:50:00,169.938,170.019,169.795,169.856,91
2025-01-18 07:55:00,169.857,169.93,169.748,169.875,122
2025-01-18 08:00:00,169.868,169.913,169.74,169.805,352
2025-01-18 08:05:00,169.795,169.893,169.749,169.871,418
2025-01-18 08:10:00,169.788,169.89,169.686,169.746,326
2025-01-18 08:15:00,169.656,169.836,169.539,169.703,251
2025-01-18 08:20:00,169.627,169.73,169.432,169.668,319
2025-01-18 08:25:00,169.643,169.735,169.454,169.641,87
2025-01-18 08:30:00,169.862,169.946,169.804,169.864,76
2025-01-18 08:35:00,169.936,170.161,169.771,170.005,137
2025-01-18 08:40:00,170.026,170.193,169.761,169.928,274
2025-01-18 08:45:00,169.955,170.157,169.814,170.048,370
2025-01-18 08:50:00,170.11,170.162,169.982,170.078,360
2025-01-18 08:55:00,170.039,170.107,169.93,170.074,223
2025-01-18 09:00:00,170.027,170.194,169.958,170.002,447
2025-01-18 09:05:00,169.985,170.024,169.815,169.897,50
2025-01-18 09:10:00,169.797,169.889,169.705,169.82,171
2025-01-18 09:15:00,169.753,169.923,169.558,169.799,258
2025-01-18 09:20:00,169.791,169.909,169.729,169.792,112
2025-01-18 09:25:00,169.715,169.865,169.483,169.669,379
2025-01-18 09:30:00,169.512,169.644,169.469,169.53,398
2025-01-18 09:35:00,169.604,169.707,169.462,169.621,98
2025-01-18 09:40:00,169.664,169.744,169.524,169.725,307
2025-01-18 09:45:00,169.768,169.808,169.618,169.736,163
2025-01-18 09:50:00,169.755,169.931,169.587,169.685,274
2025-01-18 09:55:00,169.374,169.607,169.22,169.451,398
2025-01-18 10:00:00,169.721,169.904,169.62,169.707,145
2025-01-18 10:05:00,169.691,169.904,169.527,169.736,426
2025-01-18 10:10:00,169.609,169.654,169.452,169.586,143
2025-01-18 10:15:00,169.349,169.596,169.232,169.462,270
2025-01-18 10:20:00,169.467,169.539,169.327,169.427,415
2025-01-18 10:25:00,169.453,169.546,169.31,169.487,382
2025-01-18 10:30:00,169.497,169.548,169.327,169.508,272
2025-01-18 10:35:00,169.389,169.618,169.204,169.422,366
2025-01-18 10:40:00,169.509,169.682,169.356,169.471,472
2025-01-18 10:45:00,169.423,169.553,169.223,169.464,209
2025-01-18 10:50:00,169.384,169.433,169.298,169.365,297
2025-01-18 10:55:00,169.397,169.542,169.206,169.446,231
2025-01-18 11:00:00,169.562,169.658,169.453,169.528,276
2025-01-18 11:05:00,169.526,169.642,169.461,169.579,386
2025-01-18 11:10:00,169.412,169.658,169.321,169.492,298
2025-01-18 11:15:00,169.534,169.607,169.349,169.479,160
2025-01-18 11:20:00,169.561,169.627,169.541,169.551,105
2025-01-18 11:25:00,169.61,169.726,169.586,169.636,179
2025-01-18 11:30:00,169.649,169.68,169.452,169.591,378
2025-01-18 11:35:00,169.486,169.648,169.448,169.476,76
2025-01-18 11:40:00,169.527,169.666,169.465,169.569,85
2025-01-18 11:45:00,169.553,169.672,169.352,169.53,203
2025-01-18 11:50:00,169.549,169.671,169.351,169.553,480
2025-01-18 11:55:00,169.646,169.674,169.391,169.535,84
2025-01-18 12:00:00,169.638,169.709,169.577,169.621,304
2025-01-18 12:05:00,169.493,169.76,169.45,169.621,231
2025-01-18 12:10:00,169.631,169.75,169.523,169.619,448
2025-01-18 12:15:00,169.671,169.832,169.557,169.624,151
2025-01-18 12:20:00,169.664,169.754,169.596,169.661,377
2025-01-18 12:25:00,169.792,169.815,169.717,169.739,319
2025-01-18 12:30:00,169.503,169.604,169.4,169.5,178
2025-01-18 12:35:00,169.345,169.587,169.229,169.391,440
2025-01-18 12:40:00,169.503,169.637,169.396,169.565,307
2025-01-18 12:45:00,169.595,169.698,169.458,169.537,266
2025-01-18 12:50:00,169.487,169.57,169.33,169.54,65
2025-01-18 12:55:00,169.736,169.806,169.644,169.76,491
2025-01-18 13:00:00,169.63,169.86,169.603,169.71,295
2025-01-18 13:05:00,169.517,169.669,169.36,169.576,403
2025-01-18 13:10:00,169.361,169.525,169.202,169.371,493
2025-01-18 13:15:00,169.571,169.661,169.457,169.48,386
2025-01-18 13:20:00,169.468,169.588,169.385,169.459,404
2025-01-18 13:25:00,169.653,169.853,169.396,169.594,264
2025-01-18 13:30:00,169.544,169.577,169.448,169.529,498
2025-01-18 13:35:00,169.381,169.512,169.216,169.386,491
2025-01-18 13:40:00,169.452,169.639,169.252,169.385,452
2025-01-18 13:45:00,169.413,169.584,169.342,169.436,293
2025-01-18 13:50:00,169.47,169.553,169.444,169.458,404
2025-01-18 13:55:00,169.562,169.685,169.457,169.533,110
2025-01-18 14:00:00,169.448,169.515,169.399,169.481,249
2025-01-18 14:05:00,169.448,169.482,169.217,169.39,467
2025-01-18 14:10:00,169.394,169.441,169.183,169.338,213
2025-01-18 14:15:00,169.366,169.504,169.222,169.445,78
2025-01-18 14:20:00,169.361,169.495,169.286,169.388,177
2025-01-18 14:25:00,169.254,169.437,169.08,169.284,416
2025-01-18 14:30:00,169.178,169.316,169.153,169.169,84
2025-01-18 14:35:00,168.996,169.307,168.926,169.123,282
2025-01-18 14:40:00,169.276,169.436,169.106,169.256,417
2025-01-18 14:45:00,169.216,169.271,169.067,169.247,101
2025-01-18 14:50:00,169.178,169.37,168.96,169.151,378
2025-01-18 14:55:00,169.008,169.142,168.936,169.018,257
2025-01-18 15:00:00,169.027,169.102,168.955,169.023,312
2025-01-18 15:05:00,169.115,169.247,168.925,169.147,67
2025-01-18 15:10:00,169.201,169.345,168.995,169.149,405
2025-01-18 15:15:00,169.204,169.366,168.983,169.182,494
2025-01-18 15:20:00,169.047,169.251,168.996,169.129,287
2025-01-18 15:25:00,169.219,169.259,168.973,169.157,181
2025-01-18 15:30:00,169.137,169.2,168.954,169.111,335
2025-01-18 15:35:00,169.05,169.218,168.87,169.079,293
2025-01-18 15:40:00,169.092,169.205,169.06,169.079,413
2025-01-18 15:45:00,169.138,169.329,169.002,169.109,374
2025-01-18 15:50:00,169.343,169.454,169.209,169.291,301
2025-01-18 15:55:00,169.331,169.398,169.226,169.32,312
2025-01-18 16:00:00,169.389,169.603,169.278,169.436,301
2025-01-18 16:05:00,169.38,169.511,169.319,169.401,383
2025-01-18 16:10:00,169.297,169.425,169.257,169.28,230
2025-01-18 16:15:00,169.326,169.437,169.238,169.395,443
2025-01-18 16:20:00,169.546,169.619,169.477,169.516,305
2025-01-18 16:25:00,169.138,169.374,169.111,169.268,214
2025-01-18 16:30:00,169.19,169.416,169.154,169.251,304
2025-01-18 16:35:00,169.238,169.369,169.093,169.314,394
2025-01-18 16:40:00,169.294,169.469,169.193,169.278,361
2025-01-18 16:45:00,169.299,169.384,169.203,169.338,142
2025-01-18 16:50:00,169.249,169.364,169.225,169.264,215
2025-01-18 16:55:00,169.17,169.362,169.024,169.204,273
2025-01-18 17:00:00,169.145,169.25,169.102,169.186,252
2025-01-18 17:05:00,169.141,169.315,169.109,169.143,315
2025-01-18 17:10:00,169.109,169.276,168.951,169.063,346
2025-01-18 17:15:00,169.021,169.271,168.932,169.081,87
2025-01-18 17:20:00,169.074,169.157,169.033,169.071,303
2025-01-18 17:25:00,169.177,169.22,169.015,169.128,216
2025-01-18 17:30:00,169.073,169.168,168.906,169.042,339
2025-01-18 17:35:00,168.838,168.987,168.742,168.944,438
2025-01-18 17:40:00,168.84,169.052,168.733,168.871,297
2025-01-18 17:45:00,168.888,168.925,168.773,168.79,463
2025-01-18 17:50:00,168.785,168.873,168.731,168.778,222
2025-01-18 17:55:00,169.101,169.211,168.849,169.037,299
2025-01-18 18:00:00,169.163,169.218,169.081,169.113,196
2025-01-18 18:05:00,169.015,169.213,168.91,169.08,285
2025-01-18 18:10:00,169.026,169.155,168.828,169.123,187
2025-01-18 18:15:00,169.044,169.146,168.889,169.086,443
2025-01-18 18:20:00,169.24,169.439,169.109,169.207,197
2025-01-18 18:25:00,169.148,169.341,169.0,169.13,258
2025-01-18 18:30:00,168.958,169.179,168.846,169.026,173
2025-01-18 18:35:00,168.954,169.185,168.795,169.028,279
2025-01-18 18:40:00,168.855,169.037,168.711,168.835,425
2025-01-18 18:45:00,168.831,168.872,168.789,168.837,446
2025-01-18 18:50:00,168.934,169.104,168.738,168.921,91
2025-01-18 18:55:00,168.997,169.232,168.867,169.079,139
2025-01-18 19:00:00,169.134,169.268,168.978,169.148,467
2025-01-18 19:05:00,169.126,169.248,169.039,169.128,422
2025-01-18 19:10:00,169.115,169.184,169.042,169.097,324
2025-01-18 19:15:00,169.169,169.301,169.024,169.141,494
2025-01-18 19:20:00,169.033,169.154,168.897,169.079,405
2025-01-18 19:25:00,169.014,169.159,168.95,169.006,114
2025-01-18 19:30:00,169.157,169.354,169.09,169.102,61
2025-01-18 19:35:00,168.984,169.014,168.863,168.941,92
2025-01-18 19:40:00,168.799,168.927,168.695,168.739,89
2025-01-18 19:45:00,168.695,168.878,168.576,168.712,269
2025-01-18 19:50:00,168.668,168.772,168.586,168.737,485
2025-01-18 19:55:00,168.599,168.661,168.348,168.541,173
2025-01-18 20:00:00,168.394,168.635,168.328,168.458,293
2025-01-18 20:05:00,168.272,168.367,168.249,168.303,235
2025-01-18 20:10:00,168.226,168.294,168.181,168.203,71
2025-01-18 20:15:00,168.211,168.31,168.047,168.143,493
2025-01-18 20:20:00,168.251,168.424,168.009,168.15,459
2025-01-18 20:25:00,168.157,168.235,168.057,168.125,52
2025-01-18 20:30:00,168.004,168.144,167.854,168.002,387
2025-01-18 20:35:00,168.108,168.17,168.024,168.114,221
2025-01-18 20:40:00,168.184,168.304,168.128,168.217,418
2025-01-18 20:45:00,168.05,168.218,167.908,168.125,149
2025-01-18 20:50:00,168.295,168.467,168.158,168.244,138
2025-01-18 20:55:00,168.289,168.473,168.074,168.262,106
2025-01-18 21:00:00,168.382,168.584,168.257,168.394,347
2025-01-18 21:05:00,168.392,168.536,168.298,168.374,362
2025-01-18 21:10:00,168.353,168.585,168.298,168.411,85
2025-01-18 21:15:00,168.447,168.499,168.279,168.412,366
2025-01-18 21:20:00,168.413,168.459,168.278,168.44,186
2025-01-18 21:25:00,168.353,168.459,168.272,168.399,328
2025-01-18 21:30:00,168.438,168.498,168.239,168.472,185
2025-01-18 21:35:00,168.422,168.498,168.26,168.426,263
2025-01-18 21:40:00,168.558,168.604,168.415,168.514,205
2025-01-18 21:45:00,168.268,168.406,168.089,168.362,141
2025-01-18 21:50:00,168.131,168.347,168.03,168.151,105
2025-01-18 21:55:00,168.253,168.438,168.094,168.274,394
2025-01-18 22:00:00,168.259,168.463,168.159,168.298,225
2025-01-18 22:05:00,168.498,168.598,168.326,168.502,182
2025-01-18 22:10:00,168.423,168.468,168.303,168.451,190
2025-01-18 22:15:00,168.608,168.749,168.498,168.568,239
2025-01-18 22:20:00,168.741,168.779,168.525,168.689,266
2025-01-18 22:25:00,168.747,168.911,168.509,168.667,181
2025-01-18 22:30:00,168.526,168.594,168.393,168.549,354
2025-01-18 22:35:00,168.502,168.628,168.454,168.508,404
2025-01-18 22:40:00,168.772,168.84,168.593,168.766,414
2025-01-18 22:45:00,168.889,168.968,168.628,168.807,117
2025-01-18 22:50:00,168.769,168.972,168.59,168.79,57
2025-01-18 22:55:00,168.77,168.901,168.641,168.72,465
2025-01-18 23:00:00,168.776,168.83,168.762,168.799,310
2025-01-18 23:05:00,168.753,168.839,168.619,168.802,149
2025-01-18 23:10:00,168.824,168.884,168.689,168.824,105
2025-01-18 23:15:00,168.806,168.923,168.737,168.779,68
2025-01-18 23:20:00,168.655,168.824,168.61,168.647,485
2025-01-18 23:25:00,168.829,168.929,168.729,168.823,384
2025-01-18 23:30:00,168.669,168.772,168.632,168.679,221
2025-01-18 23:35:00,168.758,168.836,168.571,168.773,124
2025-01-18 23:40:00,168.62,168.904,168.565,168.726,345
2025-01-18 23:45:00,168.787,168.98,168.626,168.744,448
2025-01-18 23:50:00,168.63,168.842,168.435,168.703,291
2025-01-18 23:55:00,168.615,168.845,168.438,168.661,197
2025-01-19 00:00:00,168.566,168.645,168.395,168.553,311
2025-01-19 00:05:00,168.451,168.529,168.403,168.458,117
2025-01-19 00:10:00,168.502,168.635,168.3,168.429,426
2025-01-19 00:15:00,168.562,168.597,168.368,168.539,55
2025-01-19 00:20:00,168.66,168.785,168.53,168.612,460
2025-01-19 00:25:00,168.654,168.759,168.609,168.625,269
2025-01-19 00:30:00,168.727,168.876,168.558,168.663,52
2025-01-19 00:35:00,168.577,168.653,168.457,168.626,334
2025-01-19 00:40:00,168.458,168.655,168.361,168.437,423
2025-01-19 00:45:00,168.422,168.57,168.298,168.452,229
2025-01-19 00:50:00,168.595,168.709,168.563,168.616,430
2025-01-19 00:55:00,168.522,168.6,168.407,168.538,231
2025-01-19 01:00:00,168.653,168.76,168.412,168.593,393
2025-01-19 01:05:00,168.399,168.503,168.337,168.418,368
2025-01-19 01:10:00,168.547,168.686,168.382,168.481,109
2025-01-19 01:15:00,168.414,168.496,168.331,168.452,138
2025-01-19 01:20:00,168.39,168.58,168.302,168.438,54
2025-01-19 01:25:00,168.553,168.728,168.401,168.538,406
2025-01-19 01:30:00,168.491,168.609,168.366,168.407,170
2025-01-19 01:35:00,168.44,168.512,168.35,168.493,489
2025-01-19 01:40:00,168.619,168.631,168.418,168.537,63
2025-01-19 01:45:00,168.446,168.561,168.261,168.503,186
2025-01-19 01:50:00,168.394,168.463,168.365,168.427,291
2025-01-19 01:55:00,168.457,168.524,168.377,168.483,299
2025-01-19 02:00:00,168.565,168.579,168.358,168.557,122
2025-01-19 02:05:00,168.657,168.815,168.469,168.697,227
2025-01-19 02:10:00,168.76,168.8,168.661,168.692,76
2025-01-19 02:15:00,168.794,168.965,168.698,168.748,409
2025-01-19 02:20:00,168.572,168.734,168.438,168.544,487
2025-01-19 02:25:00,168.582,168.633,168.52,168.551,58
2025-01-19 02:30:00,168.556,168.712,168.414,168.607,225
2025-01-19 02:35:00,168.539,168.639,168.283,168.47,51
2025-01-19 02:40:00,168.435,168.696,168.364,168.527,126
2025-01-19 02:45:00,168.628,168.749,168.436,168.612,60
2025-01-19 02:50:00,168.699,168.816,168.555,168.68,339
2025-01-19 02:55:00,168.82,168.985,168.766,168.822,457
2025-01-19 03:00:00,168.73,168.839,168.679,168.716,442
2025-01-19 03:05:00,168.947,169.052,168.755,168.845,323
2025-01-19 03:10:00,168.78,168.963,168.652,168.766,93
2025-01-19 03:15:00,168.843,168.98,168.598,168.779,222
2025-01-19 03:20:00,168.858,168.944,168.667,168.9,458
2025-01-19 03:25:00,168.748,168.77,168.65,168.709,101
2025-01-19 03:30:00,168.704,168.859,168.622,168.634,306
2025-01-19 03:35:00,168.675,168.82,168.555,168.639,293
2025-01-19 03:40:00,168.613,168.829,168.44,168.655,277
2025-01-19 03:45:00,168.716,168.732,168.652,168.716,197
2025-01-19 03:50:00,168.87,169.045,168.706,168.898,254
2025-01-19 03:55:00,168.902,169.049,168.839,168.899,287
2025-01-19 04:00:00,168.678,168.881,168.499,168.786,490
2025-01-19 04:05:00,168.722,168.9,168.553,168.815,307
2025-01-19 04:10:00,168.74,168.865,168.554,168.74,428
2025-01-19 04:15:00,168.578,168.745,168.509,168.634,190
2025-01-19 04:20:00,168.56,168.738,168.454,168.556,110
2025-01-19 04:25:00,168.465,168.618,168.273,168.5,106
2025-01-19 04:30:00,168.614,168.724,168.468,168.657,380
2025-01-19 04:35:00,168.66,168.787,168.43,168.546,429
2025-01-19 04:40:00,168.601,168.656,168.509,168.59,92
2025-01-19 04:45:00,168.644,168.718,168.604,168.665,299
2025-01-19 04:50:00,168.813,168.895,168.73,168.832,107
2025-01-19 04:55:00,168.907,169.023,168.816,168.882,412
2025-01-19 05:00:00,168.862,168.893,168.664,168.795,118
2025-01-19 05:05:00,168.834,168.862,168.736,168.83,420
2025-01-19 05:10:00,168.983,169.181,168.893,168.944,195
2025-01-19 05:15:00,168.991,169.137,168.76,168.932,442
2025-01-19 05:20:00,169.052,169.198,168.83,169.0,53
2025-01-19 05:25:00,168.977,169.045,168.928,169.031,499
2025-01-19 05:30:00,169.056,169.2,168.975,169.025,459
2025-01-19 05:35:00,168.949,169.079,168.838,168.974,444
2025-01-19 05:40:00,169.061,169.231,169.035,169.132,273
2025-01-19 05:45:00,169.122,169.267,169.025,169.167,355
2025-01-19 05:50:00,169.235,169.439,169.224,169.252,411
2025-01-19 05:55:00,169.257,169.312,169.11,169.294,326
2025-01-19 06:00:00,169.531,169.639,169.44,169.497,253
2025-01-19 06:05:00,169.566,169.712,169.538,169.648,263
2025-01-19 06:10:00,169.528,169.542,169.342,169.487,291
2025-01-19 06:15:00,169.494,169.652,169.367,169.513,356
2025-01-19 06:20:00,169.425,169.496,169.211,169.362,159
2025-01-19 06:25:00,169.257,169.374,169.129,169.257,110
2025-01-19 06:30:00,169.305,169.376,169.163,169.316,451
2025-01-19 06:35:00,169.422,169.5,169.238,169.469,197
2025-01-19 06:40:00,169.462,169.512,169.359,169.491,233
2025-01-19 06:45:00,169.506,169.721,169.405,169.571,223
2025-01-19 06:50:00,169.782,169.807,169.7,169.768,57
2025-01-19 06:55:00,169.759,169.818,169.551,169.734,115
2025-01-19 07:00:00,169.774,169.81,169.598,169.786,401
2025-01-19 07:05:00,169.588,169.791,169.551,169.736,125
2025-01-19 07:10:00,169.719,169.748,169.57,169.703,354
2025-01-19 07:15:00,169.68,169.814,169.549,169.609,196
2025-01-19 07:20:00,169.786,169.872,169.631,169.741,347
2025-01-19 07:25:00,170.035,170.09,169.855,169.993,227
2025-01-19 07:30:00,169.938,169.962,169.781,169.892,324
2025-01-19 07:35:00,169.795,169.833,169.637,169.79,265
2025-01-19 07:40:00,169.845,169.911,169.762,169.873,391
2025-01-19 07:45:00,169.838,169.978,169.699,169.832,471
2025-01-19 07:50:00,169.833,169.96,169.741,169.856,303
2025-01-19 07:55:00,169.905,169.965,169.789,169.928,357
2025-01-19 08:00:00,169.993,170.068,169.871,169.966,80
2025-01-19 08:05:00,169.905,170.165,169.733,169.979,265
2025-01-19 08:10:00,169.998,170.132,169.982,170.025,52
2025-01-19 08:15:00,169.985,170.14,169.865,169.914,153
2025-01-19 08:20:00,169.895,170.037,169.755,169.86,489
2025-01-19 08:25:00,169.926,170.045,169.689,169.869,158
2025-01-19 08:30:00,169.851,169.864,169.776,169.815,361
2025-01-19 08:35:00,169.761,169.853,169.66,169.754,71
2025-01-19 08:40:00,169.833,170.035,169.734,169.881,433
2025-01-19 08:45:00,169.895,170.058,169.673,169.863,410
2025-01-19 08:50:00,169.599,169.781,169.445,169.68,98
2025-01-19 08:55:00,169.742,169.937,169.625,169.768,143
2025-01-19 09:00:00,169.672,169.854,169.512,169.681,406
2025-01-19 09:05:00,169.756,169.791,169.585,169.756,128
2025-01-19 09:10:00,169.767,169.948,169.75,169.846,478
2025-01-19 09:15:00,169.898,169.968,169.731,169.93,101
2025-01-19 09:20:00,169.915,170.004,169.754,169.917,294
2025-01-19 09:25:00,170.088,170.24,169.873,169.997,96
2025-01-19 09:30:00,170.201,170.248,169.976,170.16,429
2025-01-19 09:35:00,170.042,170.184,169.85,170.084,395
2025-01-19 09:40:00,170.017,170.127,169.793,169.949,430
2025-01-19 09:45:00,170.004,170.033,169.982,170.018,92
2025-01-19 09:50:00,169.997,170.022,169.852,169.986,280
2025-01-19 09:55:00,169.928,170.016,169.858,169.962,298
2025-01-19 10:00:00,169.897,170.042,169.802,169.891,145
2025-01-19 10:05:00,170.018,170.119,169.83,170.014,304
2025-01-19 10:10:00,169.938,170.06,169.844,169.902,51
2025-01-19 10:15:00,170.065,170.254,169.973,170.009,208
2025-01-19 10:20:00,170.039,170.05,169.944,170.001,433
2025-01-19 10:25:00,170.108,170.253,169.92,170.142,355
2025-01-19 10:30:00,170.392,170.419,170.3,170.364,81
2025-01-19 10:35:00,170.366,170.509,170.198,170.313,152
2025-01-19 10:40:00,170.285,170.468,170.086,170.277,222
2025-01-19 10:45:00,170.104,170.204,170.05,170.158,446
2025-01-19 10:50:00,170.079,170.325,170.056,170.155,342
2025-01-19 10:55:00,170.158,170.252,170.015,170.126,114
2025-01-19 11:00:00,170.217,170.397,170.021,170.118,483
2025-01-19 11:05:00,170.079,170.192,170.032,170.102,183
2025-01-19 11:10:00,170.003,170.215,169.882,170.02,93
2025-01-19 11:15:00,169.792,169.883,169.666,169.78,101
2025-01-19 11:20:00,169.952,170.068,169.795,169.943,381
2025-01-19 11:25:00,169.745,169.928,169.703,169.736,495
2025-01-19 11:30:00,169.751,169.837,169.553,169.747,340
2025-01-19 11:35:00,169.752,169.781,169.576,169.711,426
2025-01-19 11:40:00,169.594,169.845,169.461,169.651,153
2025-01-19 11:45:00,169.577,169.695,169.528,169.621,422
2025-01-19 11:50:00,169.639,169.792,169.578,169.643,87
2025-01-19 11:55:00,169.749,169.956,169.628,169.805,317
2025-01-19 12:00:00,169.794,169.959,169.64,169.805,134
2025-01-19 12:05:00,169.692,169.945,169.547,169.748,424
2025-01-19 12:10:00,169.696,169.948,169.623,169.768,239
2025-01-19 12:15:00,169.612,169.766,169.535,169.624,337
2025-01-19 12:20:00,169.533,169.721,169.407,169.602,149
2025-01-19 12:25:00,169.758,169.948,169.59,169.741,85
2025-01-19 12:30:00,169.659,169.811,169.497,169.656,386
2025-01-19 12:35:00,169.52,169.559,169.315,169.494,392
2025-01-19 12:40:00,169.207,169.464,169.149,169.353,314
2025-01-19 12:45:00,169.409,169.605,169.396,169.414,471
2025-01-19 12:50:00,169.417,169.537,169.267,169.404,253
2025-01-19 12:55:00,169.434,169.617,169.345,169.468,350
2025-01-19 13:00:00,169.633,169.677,169.47,169.595,377
2025-01-19 13:05:00,169.367,169.437,169.308,169.406,286
2025-01-19 13:10:00,169.497,169.626,169.218,169.359,420
2025-01-19 13:15:00,169.461,169.611,169.337,169.468,485
2025-01-19 13:20:00,169.618,169.686,169.516,169.605,223
2025-01-19 13:25:00,169.53,169.843,169.372,169.672,411
2025-01-19 13:30:00,169.612,169.791,169.454,169.61,280
2025-01-19 13:35:00,169.555,169.739,169.406,169.547,413
2025-01-19 13:40:00,169.438,169.531,169.269,169.417,487
2025-01-19 13:45:00,169.543,169.681,169.35,169.564,130
2025-01-19 13:50:00,169.649,169.738,169.568,169.623,397
2025-01-19 13:55:00,169.627,169.695,169.425,169.559,152
2025-01-19 14:00:00,169.681,169.754,169.518,169.627,221
2025-01-19 14:05:00,169.615,169.733,169.418,169.625,66
2025-01-19 14:10:00,169.639,169.797,169.453,169.665,246
2025-01-19 14:15:00,169.692,169.827,169.587,169.706,128
2025-01-19 14:20:00,169.883,170.052,169.766,169.827,110
2025-01-19 14:25:00,169.82,169.836,169.723,169.808,290
2025-01-19 14:30:00,169.813,169.888,169.765,169.8,252
2025-01-19 14:35:00,169.886,170.045,169.81,169.872,414
2025-01-19 14:40:00,169.869,169.892,169.734,169.833,167
2025-01-19 14:45:00,169.767,169.904,169.704,169.721,449
2025-01-19 14:50:00,169.623,169.818,169.429,169.685,72
2025-01-19 14:55:00,169.514,169.634,169.421,169.517,144
2025-01-19 15:00:00,169.515,169.588,169.342,169.54,187
2025-01-19 15:05:00,169.413,169.528,169.251,169.422,96
2025-01-19 15:10:00,169.49,169.542,169.407,169.478,83
2025-01-19 15:15:00,169.37,169.484,169.325,169.394,172
2025-01-19 15:20:00,169.364,169.404,169.237,169.285,491
2025-01-19 15:25:00,169.24,169.329,169.141,169.203,91
2025-01-19 15:30:00,169.187,169.248,169.097,169.218,116
2025-01-19 15:35:00,169.125,169.167,168.991,169.115,466
2025-01-19 15:40:00,169.185,169.375,168.992,169.113,129
2025-01-19 15:45:00,169.149,169.316,169.046,169.168,329
2025-01-19 15:50:00,169.134,169.185,168.945,169.172,435
2025-01-19 15:55:00,169.425,169.54,169.259,169.403,402
2025-01-19 16:00:00,169.468,169.572,169.31,169.415,51
2025-01-19 16:05:00,169.627,169.827,169.481,169.538,316
2025-01-19 16:10:00,169.372,169.456,169.253,169.357,125
2025-01-19 16:15:00,169.351,169.366,169.289,169.333,186
2025-01-19 16:20:00,169.588,169.626,169.278,169.463,345
2025-01-19 16:25:00,169.543,169.707,169.497,169.514,462
2025-01-19 16:30:00,169.563,169.727,169.388,169.557,358
2025-01-19 16:35:00,169.704,169.776,169.548,169.663,362
2025-01-19 16:40:00,169.773,169.833,169.623,169.815,396
2025-01-19 16:45:00,169.744,169.833,169.654,169.812,184
2025-01-19 16:50:00,169.688,169.896,169.644,169.779,337
2025-01-19 16:55:00,169.832,169.902,169.593,169.778,488
2025-01-19 17:00:00,169.831,169.969,169.621,169.797,235
2025-01-19 17:05:00,169.824,169.988,169.67,169.792,352
2025-01-19 17:10:00,169.808,169.947,169.768,169.839,475
2025-01-19 17:15:00,169.587,169.694,169.483,169.585,372
2025-01-19 17:20:00,169.483,169.646,169.291,169.589,120
2025-01-19 17:25:00,169.644,169.723,169.515,169.666,126
2025-01-19 17:30:00,169.597,169.784,169.576,169.628,491
2025-01-19 17:35:00,169.763,169.935,169.613,169.767,220
