timestamp,open,high,low,close,volume
2025-01-02 09:00:00,149.97,150.03,149.916,150.0,231
2025-01-02 09:05:00,149.997,150.081,149.833,149.974,146
2025-01-02 09:10:00,150.058,150.109,149.984,150.045,432
2025-01-02 09:15:00,149.948,150.068,149.857,149.944,483
2025-01-02 09:20:00,149.941,149.993,149.801,149.885,229
2025-01-02 09:25:00,149.928,150.048,149.901,149.92,357
2025-01-02 09:30:00,150.08,150.216,149.862,150.015,368
2025-01-02 09:35:00,150.072,150.207,149.981,150.107,117
2025-01-02 09:40:00,150.099,150.195,150.028,150.107,250
2025-01-02 09:45:00,150.116,150.266,150.079,150.096,329
2025-01-02 09:50:00,150.127,150.274,150.007,150.114,370
2025-01-02 09:55:00,150.235,150.305,150.187,150.242,271
2025-01-02 10:00:00,150.331,150.435,150.316,150.365,303
2025-01-02 10:05:00,150.305,150.354,150.219,150.309,341
2025-01-02 10:10:00,150.212,150.229,150.107,150.205,371
2025-01-02 10:15:00,150.045,150.144,149.999,150.094,473
2025-01-02 10:20:00,150.011,150.142,149.851,150.091,244
2025-01-02 10:25:00,150.067,150.187,149.924,150.044,487
2025-01-02 10:30:00,150.051,150.088,149.905,150.052,116
2025-01-02 10:35:00,150.09,150.156,150.044,150.075,175
2025-01-02 10:40:00,149.953,150.085,149.907,149.981,436
2025-01-02 10:45:00,150.032,150.161,149.845,149.993,163
2025-01-02 10:50:00,150.075,150.159,149.95,150.001,208
2025-01-02 10:55:00,150.034,150.159,149.906,150.028,362
2025-01-02 11:00:00,150.058,150.253,149.969,150.103,106
2025-01-02 11:05:00,150.261,150.302,150.147,150.252,389
2025-01-02 11:10:00,150.41,150.495,150.276,150.357,417
2025-01-02 11:15:00,150.359,150.483,150.212,150.426,358
2025-01-02 11:20:00,150.533,150.551,150.39,150.449,139
2025-01-02 11:25:00,150.443,150.571,150.32,150.447,116
2025-01-02 11:30:00,150.454,150.51,150.392,150.426,371
2025-01-02 11:35:00,150.567,150.589,150.423,150.547,201
2025-01-02 11:40:00,150.452,150.603,150.376,150.471,404
2025-01-02 11:45:00,150.513,150.649,150.392,150.502,58
2025-01-02 11:50:00,150.529,150.656,150.516,150.567,276
2025-01-02 11:55:00,150.59,150.755,150.563,150.671,103
2025-01-02 12:00:00,150.704,150.73,150.692,150.705,190
2025-01-02 12:05:00,150.646,150.678,150.453,150.594,357
2025-01-02 12:10:00,150.608,150.699,150.562,150.61,224
2025-01-02 12:15:00,150.709,150.788,150.643,150.702,452
2025-01-02 12:20:00,150.644,150.735,150.559,150.682,295
2025-01-02 12:25:00,150.704,150.744,150.577,150.696,323
2025-01-02 12:30:00,150.745,150.878,150.657,150.796,295
2025-01-02 12:35:00,150.852,150.972,150.816,150.89,346
2025-01-02 12:40:00,150.82,150.869,150.797,150.857,379
2025-01-02 12:45:00,150.792,150.856,150.713,150.805,187
2025-01-02 12:50:00,150.658,150.8,150.519,150.718,447
2025-01-02 12:55:00,150.681,150.76,150.624,150.639,419
2025-01-02 13:00:00,150.693,150.765,150.606,150.67,216
2025-01-02 13:05:00,150.728,150.766,150.571,150.716,100
2025-01-02 13:10:00,150.791,150.884,150.754,150.771,88
2025-01-02 13:15:00,150.714,150.801,150.559,150.715,191
2025-01-02 13:20:00,150.816,150.906,150.714,150.82,210
2025-01-02 13:25:00,150.787,150.801,150.674,150.746,159
2025-01-02 13:30:00,150.729,150.794,150.665,150.734,287
2025-01-02 13:35:00,150.808,150.844,150.661,150.81,214
2025-01-02 13:40:00,150.697,150.776,150.656,150.755,205
2025-01-02 13:45:00,150.712,150.814,150.622,150.662,417
2025-01-02 13:50:00,150.495,150.549,150.417,150.504,126
2025-01-02 13:55:00,150.439,150.509,150.288,150.454,347
2025-01-02 14:00:00,150.443,150.474,150.397,150.457,67
2025-01-02 14:05:00,150.447,150.594,150.42,150.441,69
2025-01-02 14:10:00,150.369,150.444,150.32,150.372,281
2025-01-02 14:15:00,150.472,150.516,150.3,150.454,153
2025-01-02 14:20:00,150.449,150.529,150.369,150.504,408
2025-01-02 14:25:00,150.499,150.517,150.439,150.494,448
2025-01-02 14:30:00,150.554,150.664,150.384,150.544,296
2025-01-02 14:35:00,150.398,150.527,150.366,150.437,378
2025-01-02 14:40:00,150.402,150.496,150.314,150.423,305
2025-01-02 14:45:00,150.336,150.423,150.299,150.359,135
2025-01-02 14:50:00,150.329,150.494,150.249,150.337,181
2025-01-02 14:55:00,150.402,150.54,150.35,150.428,137
2025-01-02 15:00:00,150.589,150.726,150.486,150.534,219
2025-01-02 15:05:00,150.584,150.647,150.462,150.567,225
2025-01-02 15:10:00,150.492,150.656,150.448,150.542,144
2025-01-02 15:15:00,150.608,150.639,150.492,150.591,397
2025-01-02 15:20:00,150.51,150.541,150.452,150.497,375
2025-01-02 15:25:00,150.586,150.714,150.415,150.559,169
2025-01-02 15:30:00,150.462,150.547,150.438,150.52,454
2025-01-02 15:35:00,150.474,150.62,150.345,150.511,171
2025-01-02 15:40:00,150.447,150.554,150.394,150.459,201
2025-01-02 15:45:00,150.514,150.588,150.441,150.565,126
2025-01-02 15:50:00,150.551,150.631,150.473,150.602,266
2025-01-02 15:55:00,150.562,150.718,150.439,150.582,168
2025-01-02 16:00:00,150.724,150.746,150.688,150.729,396
2025-01-02 16:05:00,150.713,150.832,150.601,150.69,421
2025-01-02 16:10:00,150.485,150.666,150.339,150.557,271
2025-01-02 16:15:00,150.527,150.617,150.493,150.533,196
2025-01-02 16:20:00,150.478,150.627,150.378,150.524,283
2025-01-02 16:25:00,150.376,150.444,150.267,150.383,278
2025-01-02 16:30:00,150.42,150.576,150.333,150.358,381
2025-01-02 16:35:00,150.559,150.635,150.441,150.513,202
2025-01-02 16:40:00,150.552,150.574,150.439,150.529,108
2025-01-02 16:45:00,150.627,150.794,150.614,150.646,210
2025-01-02 16:50:00,150.765,150.809,150.685,150.778,232
2025-01-02 16:55:00,150.711,150.849,150.597,150.689,305
2025-01-02 17:00:00,150.71,150.858,150.641,150.704,330
2025-01-02 17:05:00,150.762,150.866,150.639,150.76,141
2025-01-02 17:10:00,150.722,150.836,150.686,150.704,139
2025-01-02 17:15:00,150.738,150.801,150.62,150.732,80
2025-01-02 17:20:00,150.682,150.881,150.53,150.726,78
2025-01-02 17:25:00,150.62,150.742,150.514,150.606,120
2025-01-02 17:30:00,150.655,150.678,150.544,150.581,428
2025-01-02 17:35:00,150.616,150.645,150.496,150.559,416
2025-01-02 17:40:00,150.61,150.657,150.495,150.566,314
2025-01-02 17:45:00,150.566,150.748,150.418,150.63,448
2025-01-02 17:50:00,150.67,150.703,150.595,150.605,396
2025-01-02 17:55:00,150.574,150.776,150.448,150.617,299
2025-01-02 18:00:00,150.447,150.6,150.366,150.48,358
2025-01-02 18:05:00,150.4,150.513,150.231,150.351,159
2025-01-02 18:10:00,150.431,150.53,150.372,150.404,265
2025-01-02 18:15:00,150.554,150.567,150.439,150.48,182
2025-01-02 18:20:00,150.457,150.618,150.351,150.476,75
2025-01-02 18:25:00,150.478,150.531,150.417,150.492,237
2025-01-02 18:30:00,150.247,150.451,150.171,150.298,441
2025-01-02 18:35:00,150.45,150.506,150.302,150.405,219
2025-01-02 18:40:00,150.461,150.513,150.421,150.477,457
2025-01-02 18:45:00,150.419,150.47,150.321,150.399,343
2025-01-02 18:50:00,150.351,150.424,150.232,150.39,469
2025-01-02 18:55:00,150.363,150.509,150.228,150.357,363
2025-01-02 19:00:00,150.481,150.559,150.429,150.453,411
2025-01-02 19:05:00,150.282,150.43,150.151,150.298,484
2025-01-02 19:10:00,150.209,150.291,150.112,150.158,132
2025-01-02 19:15:00,150.055,150.211,149.993,150.065,292
2025-01-02 19:20:00,149.94,150.008,149.87,149.979,499
2025-01-02 19:25:00,150.081,150.195,149.936,150.036,386
2025-01-02 19:30:00,150.032,150.093,149.895,150.061,298
2025-01-02 19:35:00,150.078,150.29,149.956,150.14,155
2025-01-02 19:40:00,150.209,150.28,150.087,150.209,328
2025-01-02 19:45:00,150.168,150.324,149.991,150.084,340
2025-01-02 19:50:00,150.295,150.432,150.151,150.242,203
2025-01-02 19:55:00,150.207,150.273,150.116,150.226,149
2025-01-02 20:00:00,150.183,150.253,150.102,150.146,425
2025-01-02 20:05:00,150.078,150.259,149.962,150.115,119
2025-01-02 20:10:00,150.142,150.205,149.99,150.157,213
2025-01-02 20:15:00,150.182,150.286,150.113,150.139,410
2025-01-02 20:20:00,150.175,150.208,149.994,150.146,357
2025-01-02 20:25:00,150.248,150.331,150.158,150.287,124
2025-01-02 20:30:00,150.208,150.35,150.162,150.252,164
2025-01-02 20:35:00,150.118,150.292,149.999,150.167,391
2025-01-02 20:40:00,150.131,150.2,150.02,150.1,211
2025-01-02 20:45:00,150.117,150.262,150.084,150.139,167
2025-01-02 20:50:00,150.157,150.308,150.021,150.136,485
2025-01-02 20:55:00,150.155,150.377,150.136,150.227,161
2025-01-02 21:00:00,150.21,150.249,150.112,150.234,181
2025-01-02 21:05:00,150.221,150.232,150.082,150.157,264
2025-01-02 21:10:00,150.134,150.223,150.053,150.108,413
2025-01-02 21:15:00,150.037,150.182,149.914,150.052,282
2025-01-02 21:20:00,150.082,150.135,149.904,150.053,188
2025-01-02 21:25:00,149.944,149.983,149.85,149.951,165
2025-01-02 21:30:00,149.807,149.931,149.672,149.831,427
2025-01-02 21:35:00,149.908,149.926,149.837,149.902,244
2025-01-02 21:40:00,149.716,149.8,149.676,149.756,362
2025-01-02 21:45:00,149.714,149.878,149.642,149.743,418
2025-01-02 21:50:00,149.723,149.848,149.692,149.75,220
2025-01-02 21:55:00,149.823,149.958,149.71,149.799,239
2025-01-02 22:00:00,149.936,149.947,149.823,149.882,134
2025-01-02 22:05:00,149.87,149.978,149.776,149.926,417
2025-01-02 22:10:00,149.801,149.878,149.733,149.79,54
2025-01-02 22:15:00,150.043,150.164,149.957,150.0,341
2025-01-02 22:20:00,150.041,150.202,149.953,150.108,442
2025-01-02 22:25:00,150.08,150.281,149.923,150.125,135
2025-01-02 22:30:00,150.151,150.258,150.101,150.141,347
2025-01-02 22:35:00,150.011,150.097,149.974,150.039,259
2025-01-02 22:40:00,149.833,149.923,149.777,149.87,263
2025-01-02 22:45:00,149.968,150.053,149.913,149.933,406
2025-01-02 22:50:00,149.91,149.942,149.735,149.887,417
2025-01-02 22:55:00,149.777,149.928,149.634,149.751,334
2025-01-02 23:00:00,149.716,149.792,149.604,149.706,214
2025-01-02 23:05:00,149.781,149.884,149.578,149.711,463
2025-01-02 23:10:00,149.527,149.624,149.4,149.555,392
2025-01-02 23:15:00,149.502,149.64,149.347,149.444,71
2025-01-02 23:20:00,149.507,149.61,149.338,149.424,351
2025-01-02 23:25:00,149.415,149.537,149.27,149.462,108
2025-01-02 23:30:00,149.312,149.407,149.145,149.304,209
2025-01-02 23:35:00,149.22,149.384,149.203,149.227,492
2025-01-02 23:40:00,149.209,149.374,149.055,149.24,230
2025-01-02 23:45:00,149.128,149.297,149.007,149.163,205
2025-01-02 23:50:00,149.183,149.254,149.061,149.206,135
2025-01-02 23:55:00,149.279,149.349,149.219,149.269,87
2025-01-03 00:00:00,149.244,149.359,149.207,149.287,142
2025-01-03 00:05:00,149.203,149.277,149.135,149.239,120
2025-01-03 00:10:00,149.039,149.196,148.89,149.14,448
2025-01-03 00:15:00,149.066,149.122,148.91,149.053,156
2025-01-03 00:20:00,149.094,149.169,148.938,149.11,347
2025-01-03 00:25:00,149.328,149.486,149.211,149.227,250
2025-01-03 00:30:00,149.305,149.409,149.154,149.369,369
2025-01-03 00:35:00,149.337,149.358,149.161,149.313,218
2025-01-03 00:40:00,149.311,149.469,149.259,149.337,174
2025-01-03 00:45:00,149.211,149.323,149.092,149.242,72
2025-01-03 00:50:00,149.243,149.369,149.215,149.264,66
2025-01-03 00:55:00,149.369,149.522,149.326,149.337,482
2025-01-03 01:00:00,149.303,149.407,149.235,149.33,90
2025-01-03 01:05:00,149.276,149.363,149.212,149.284,360
2025-01-03 01:10:00,149.164,149.239,149.036,149.179,439
2025-01-03 01:15:00,149.145,149.17,149.078,149.136,264
2025-01-03 01:20:00,149.103,149.157,149.083,149.135,53
2025-01-03 01:25:00,149.266,149.329,149.093,149.228,403
2025-01-03 01:30:00,149.289,149.364,149.18,149.263,386
2025-01-03 01:35:00,149.516,149.63,149.419,149.472,379
2025-01-03 01:40:00,149.535,149.649,149.413,149.485,287
2025-01-03 01:45:00,149.393,149.574,149.262,149.42,60
2025-01-03 01:50:00,149.31,149.402,149.172,149.329,320
2025-01-03 01:55:00,149.337,149.437,149.309,149.327,159
2025-01-03 02:00:00,149.333,149.366,149.203,149.327,110
2025-01-03 02:05:00,149.275,149.336,149.14,149.306,401
2025-01-03 02:10:00,149.236,149.281,149.099,149.261,213
2025-01-03 02:15:00,149.233,149.37,149.184,149.279,409
2025-01-03 02:20:00,149.274,149.466,149.221,149.306,372
2025-01-03 02:25:00,149.267,149.388,149.198,149.279,187
2025-01-03 02:30:00,149.212,149.295,149.097,149.262,103
2025-01-03 02:35:00,149.462,149.619,149.36,149.406,135
2025-01-03 02:40:00,149.416,149.497,149.372,149.438,384
2025-01-03 02:45:00,149.486,149.55,149.37,149.424,322
2025-01-03 02:50:00,149.516,149.618,149.484,149.527,495
2025-01-03 02:55:00,149.452,149.544,149.303,149.443,310
2025-01-03 03:00:00,149.417,149.525,149.278,149.458,238
2025-01-03 03:05:00,149.485,149.533,149.328,149.489,105
2025-01-03 03:10:00,149.436,149.468,149.39,149.443,153
2025-01-03 03:15:00,149.42,149.551,149.292,149.395,78
2025-01-03 03:20:00,149.397,149.541,149.34,149.383,339
2025-01-03 03:25:00,149.288,149.412,149.223,149.262,99
2025-01-03 03:30:00,149.296,149.386,149.201,149.263,253
2025-01-03 03:35:00,149.452,149.544,149.321,149.459,420
2025-01-03 03:40:00,149.489,149.586,149.453,149.513,192
2025-01-03 03:45:00,149.613,149.695,149.455,149.58,111
2025-01-03 03:50:00,149.565,149.586,149.499,149.542,104
2025-01-03 03:55:00,149.434,149.504,149.38,149.405,300
2025-01-03 04:00:00,149.491,149.625,149.381,149.484,341
2025-01-03 04:05:00,149.565,149.666,149.433,149.563,274
2025-01-03 04:10:00,149.363,149.522,149.313,149.352,429
2025-01-03 04:15:00,149.356,149.506,149.31,149.411,407
2025-01-03 04:20:00,149.343,149.377,149.229,149.365,171
2025-01-03 04:25:00,149.279,149.47,149.129,149.323,475
2025-01-03 04:30:00,149.266,149.474,149.155,149.356,84
2025-01-03 04:35:00,149.39,149.41,149.196,149.326,435
2025-01-03 04:40:00,149.368,149.381,149.213,149.281,195
2025-01-03 04:45:00,149.246,149.423,149.167,149.288,413
2025-01-03 04:50:00,149.37,149.427,149.299,149.335,127
2025-01-03 04:55:00,149.292,149.394,149.152,149.317,407
2025-01-03 05:00:00,149.191,149.262,149.104,149.218,60
2025-01-03 05:05:00,149.13,149.341,149.011,149.191,266
2025-01-03 05:10:00,149.21,149.352,149.029,149.188,236
2025-01-03 05:15:00,149.318,149.465,149.205,149.267,393
2025-01-03 05:20:00,149.352,149.433,149.315,149.344,428
2025-01-03 05:25:00,149.245,149.413,149.089,149.305,71
2025-01-03 05:30:00,149.351,149.467,149.337,149.413,68
2025-01-03 05:35:00,149.231,149.386,149.185,149.3,485
2025-01-03 05:40:00,149.262,149.327,149.094,149.24,367
2025-01-03 05:45:00,149.33,149.391,149.139,149.296,372
2025-01-03 05:50:00,149.368,149.538,149.274,149.428,400
2025-01-03 05:55:00,149.209,149.366,149.129,149.218,223
2025-01-03 06:00:00,149.076,149.26,149.035,149.165,116
2025-01-03 06:05:00,149.115,149.286,148.961,149.14,223
2025-01-03 06:10:00,148.971,149.092,148.833,149.003,407
2025-01-03 06:15:00,149.165,149.22,149.031,149.123,265
2025-01-03 06:20:00,149.14,149.163,149.016,149.113,484
2025-01-03 06:25:00,149.236,149.362,149.168,149.212,319
2025-01-03 06:30:00,149.22,149.383,149.138,149.256,106
2025-01-03 06:35:00,149.191,149.373,149.178,149.233,454
2025-01-03 06:40:00,149.306,149.436,149.261,149.277,362
2025-01-03 06:45:00,149.117,149.289,148.992,149.136,359
2025-01-03 06:50:00,149.258,149.314,149.199,149.218,332
2025-01-03 06:55:00,149.337,149.544,149.215,149.39,325
2025-01-03 07:00:00,149.428,149.447,149.409,149.424,152
2025-01-03 07:05:00,149.493,149.535,149.334,149.404,457
2025-01-03 07:10:00,149.41,149.519,149.334,149.428,441
2025-01-03 07:15:00,149.524,149.545,149.37,149.452,256
2025-01-03 07:20:00,149.298,149.4,149.265,149.357,224
2025-01-03 07:25:00,149.378,149.494,149.314,149.332,377
2025-01-03 07:30:00,149.493,149.604,149.335,149.442,491
2025-01-03 07:35:00,149.515,149.602,149.434,149.468,375
2025-01-03 07:40:00,149.339,149.474,149.299,149.353,235
2025-01-03 07:45:00,149.351,149.436,149.321,149.366,322
2025-01-03 07:50:00,149.379,149.411,149.19,149.289,456
2025-01-03 07:55:00,149.267,149.382,149.066,149.214,167
2025-01-03 08:00:00,149.229,149.351,149.162,149.239,399
2025-01-03 08:05:00,149.253,149.337,149.184,149.244,185
2025-01-03 08:10:00,149.311,149.442,149.206,149.348,240
2025-01-03 08:15:00,149.251,149.318,149.113,149.244,204
2025-01-03 08:20:00,149.203,149.28,149.177,149.232,67
2025-01-03 08:25:00,149.366,149.49,149.234,149.366,396
2025-01-03 08:30:00,149.341,149.47,149.104,149.263,224
2025-01-03 08:35:00,149.223,149.333,149.123,149.187,235
2025-01-03 08:40:00,149.327,149.356,149.143,149.297,119
2025-01-03 08:45:00,149.25,149.304,149.09,149.232,303
2025-01-03 08:50:00,149.289,149.339,149.186,149.312,132
2025-01-03 08:55:00,149.264,149.34,149.173,149.277,172
2025-01-03 09:00:00,149.3,149.346,149.251,149.273,396
2025-01-03 09:05:00,149.295,149.359,149.219,149.31,142
2025-01-03 09:10:00,149.341,149.478,149.265,149.302,362
2025-01-03 09:15:00,149.388,149.492,149.231,149.322,291
2025-01-03 09:20:00,149.232,149.395,149.126,149.247,370
2025-01-03 09:25:00,149.247,149.356,149.185,149.226,418
2025-01-03 09:30:00,149.037,149.165,148.959,149.14,370
2025-01-03 09:35:00,148.979,149.077,148.935,149.018,117
2025-01-03 09:40:00,149.065,149.194,148.952,149.081,213
2025-01-03 09:45:00,149.177,149.305,149.16,149.175,420
2025-01-03 09:50:00,149.135,149.228,148.986,149.168,95
2025-01-03 09:55:00,149.302,149.32,149.174,149.259,329
2025-01-03 10:00:00,149.083,149.204,149.044,149.151,366
2025-01-03 10:05:00,149.0,149.089,148.967,148.987,284
2025-01-03 10:10:00,148.819,148.962,148.717,148.806,418
2025-01-03 10:15:00,148.833,148.846,148.655,148.788,139
2025-01-03 10:20:00,148.726,148.932,148.616,148.797,156
2025-01-03 10:25:00,148.791,148.896,148.657,148.722,324
2025-01-03 10:30:00,148.747,148.922,148.677,148.815,484
2025-01-03 10:35:00,148.811,148.911,148.76,148.853,424
2025-01-03 10:40:00,148.762,148.932,148.722,148.838,179
2025-01-03 10:45:00,148.934,149.073,148.82,148.931,483
2025-01-03 10:50:00,148.896,149.034,148.792,148.947,478
2025-01-03 10:55:00,148.948,149.084,148.851,148.983,492
2025-01-03 11:00:00,149.055,149.156,149.023,149.056,267
2025-01-03 11:05:00,149.042,149.178,149.001,149.147,328
2025-01-03 11:10:00,149.21,149.278,149.078,149.264,283
2025-01-03 11:15:00,149.183,149.303,149.09,149.204,84
2025-01-03 11:20:00,149.046,149.206,148.918,149.097,213
2025-01-03 11:25:00,149.188,149.21,149.039,149.19,65
2025-01-03 11:30:00,149.283,149.335,149.258,149.313,167
2025-01-03 11:35:00,149.23,149.365,149.211,149.231,471
2025-01-03 11:40:00,149.422,149.539,149.27,149.419,296
2025-01-03 11:45:00,149.528,149.671,149.471,149.554,175
2025-01-03 11:50:00,149.568,149.723,149.465,149.547,252
2025-01-03 11:55:00,149.582,149.628,149.441,149.557,92
2025-01-03 12:00:00,149.525,149.613,149.412,149.573,116
2025-01-03 12:05:00,149.591,149.712,149.448,149.606,496
2025-01-03 12:10:00,149.692,149.733,149.611,149.638,107
2025-01-03 12:15:00,149.763,149.826,149.753,149.805,443
2025-01-03 12:20:00,149.758,149.785,149.601,149.77,107
2025-01-03 12:25:00,149.86,149.959,149.73,149.764,197
2025-01-03 12:30:00,149.884,149.918,149.785,149.87,482
2025-01-03 12:35:00,149.95,150.083,149.855,149.901,78
2025-01-03 12:40:00,149.882,149.966,149.842,149.912,263
2025-01-03 12:45:00,149.862,149.993,149.819,149.877,245
2025-01-03 12:50:00,149.888,150.0,149.778,149.872,121
2025-01-03 12:55:00,149.995,150.184,149.861,150.05,119
2025-01-03 13:00:00,149.944,150.038,149.789,149.988,379
2025-01-03 13:05:00,149.948,150.098,149.829,149.906,425
2025-01-03 13:10:00,149.951,150.092,149.817,149.919,118
2025-01-03 13:15:00,150.017,150.13,150.006,150.033,389
2025-01-03 13:20:00,149.972,150.113,149.897,149.925,193
2025-01-03 13:25:00,149.986,150.137,149.806,149.918,255
2025-01-03 13:30:00,149.959,150.074,149.812,149.945,423
2025-01-03 13:35:00,149.943,150.066,149.826,149.959,229
2025-01-03 13:40:00,149.828,150.017,149.698,149.872,155
2025-01-03 13:45:00,149.946,149.968,149.903,149.924,147
2025-01-03 13:50:00,149.881,149.922,149.843,149.901,392
2025-01-03 13:55:00,149.746,149.915,149.589,149.777,287
2025-01-03 14:00:00,149.75,149.826,149.685,149.779,399
2025-01-03 14:05:00,149.776,149.895,149.738,149.827,313
2025-01-03 14:10:00,149.804,149.909,149.637,149.776,262
2025-01-03 14:15:00,149.788,149.928,149.632,149.81,434
2025-01-03 14:20:00,149.859,149.879,149.754,149.838,372
2025-01-03 14:25:00,149.731,149.867,149.593,149.701,378
2025-01-03 14:30:00,149.724,149.757,149.653,149.694,355
2025-01-03 14:35:00,149.654,149.782,149.527,149.657,194
2025-01-03 14:40:00,149.666,149.778,149.552,149.653,417
2025-01-03 14:45:00,149.562,149.718,149.445,149.555,372
2025-01-03 14:50:00,149.638,149.763,149.567,149.656,197
2025-01-03 14:55:00,149.459,149.525,149.36,149.463,470
2025-01-03 15:00:00,149.515,149.577,149.491,149.544,369
2025-01-03 15:05:00,149.605,149.636,149.499,149.569,94
2025-01-03 15:10:00,149.709,149.742,149.591,149.678,457
2025-01-03 15:15:00,149.602,149.673,149.578,149.602,470
2025-01-03 15:20:00,149.677,149.809,149.584,149.636,270
2025-01-03 15:25:00,149.623,149.798,149.587,149.651,193
2025-01-03 15:30:00,149.562,149.702,149.413,149.555,397
2025-01-03 15:35:00,149.493,149.698,149.467,149.545,433
2025-01-03 15:40:00,149.625,149.662,149.581,149.602,135
2025-01-03 15:45:00,149.642,149.765,149.445,149.596,390
2025-01-03 15:50:00,149.55,149.655,149.365,149.483,208
2025-01-03 15:55:00,149.379,149.589,149.229,149.453,129
2025-01-03 16:00:00,149.446,149.59,149.399,149.466,85
2025-01-03 16:05:00,149.321,149.395,149.285,149.377,273
2025-01-03 16:10:00,149.477,149.601,149.351,149.488,291
2025-01-03 16:15:00,149.496,149.531,149.42,149.512,130
2025-01-03 16:20:00,149.507,149.627,149.441,149.519,245
2025-01-03 16:25:00,149.649,149.755,149.405,149.555,354
2025-01-03 16:30:00,149.468,149.549,149.336,149.511,463
2025-01-03 16:35:00,149.493,149.547,149.382,149.533,241
2025-01-03 16:40:00,149.686,149.728,149.571,149.586,360
2025-01-03 16:45:00,149.519,149.635,149.38,149.552,493
2025-01-03 16:50:00,149.579,149.735,149.49,149.543,307
2025-01-03 16:55:00,149.561,149.711,149.377,149.528,203
2025-01-03 17:00:00,149.6,149.758,149.491,149.593,351
2025-01-03 17:05:00,149.46,149.596,149.401,149.475,400
2025-01-03 17:10:00,149.434,149.585,149.368,149.391,180
2025-01-03 17:15:00,149.505,149.56,149.328,149.469,466
2025-01-03 17:20:00,149.411,149.511,149.251,149.449,483
2025-01-03 17:25:00,149.603,149.668,149.53,149.56,186
2025-01-03 17:30:00,149.56,149.598,149.341,149.487,235
2025-01-03 17:35:00,149.392,149.518,149.362,149.415,225
2025-01-03 17:40:00,149.277,149.366,149.13,149.322,466
2025-01-03 17:45:00,149.344,149.482,149.237,149.322,130
2025-01-03 17:50:00,149.48,149.522,149.353,149.443,478
2025-01-03 17:55:00,149.613,149.648,149.422,149.522,248
2025-01-03 18:00:00,149.437,149.565,149.363,149.44,337
2025-01-03 18:05:00,149.243,149.388,149.21,149.28,352
2025-01-03 18:10:00,149.319,149.368,149.177,149.327,413
2025-01-03 18:15:00,149.313,149.372,149.134,149.281,66
2025-01-03 18:20:00,149.256,149.367,149.225,149.333,306
2025-01-03 18:25:00,149.265,149.443,149.192,149.312,382
2025-01-03 18:30:00,149.514,149.55,149.339,149.459,273
2025-01-03 18:35:00,149.484,149.604,149.296,149.453,498
2025-01-03 18:40:00,149.4,149.546,149.23,149.384,267
2025-01-03 18:45:00,149.371,149.42,149.234,149.308,147
2025-01-03 18:50:00,149.288,149.391,149.159,149.292,151
2025-01-03 18:55:00,149.127,149.348,148.969,149.199,201
2025-01-03 19:00:00,149.347,149.447,149.261,149.317,404
2025-01-03 19:05:00,149.256,149.355,149.145,149.269,84
2025-01-03 19:10:00,149.215,149.303,149.075,149.204,57
2025-01-03 19:15:00,149.293,149.373,149.259,149.271,429
2025-01-03 19:20:00,149.151,149.261,149.012,149.18,381
2025-01-03 19:25:00,149.145,149.174,148.968,149.108,145
2025-01-03 19:30:00,149.188,149.231,149.102,149.176,255
2025-01-03 19:35:00,149.186,149.289,149.144,149.241,498
2025-01-03 19:40:00,149.345,149.46,149.269,149.35,218
2025-01-03 19:45:00,149.3,149.452,149.155,149.253,309
2025-01-03 19:50:00,149.244,149.409,149.146,149.252,151
2025-01-03 19:55:00,149.203,149.355,149.052,149.235,134
2025-01-03 20:00:00,149.335,149.39,149.282,149.322,473
2025-01-03 20:05:00,149.235,149.435,149.095,149.28,172
2025-01-03 20:10:00,149.329,149.423,149.285,149.325,459
2025-01-03 20:15:00,149.239,149.288,149.037,149.158,364
2025-01-03 20:20:00,149.153,149.276,149.027,149.208,206
2025-01-03 20:25:00,149.176,149.353,149.148,149.212,229
2025-01-03 20:30:00,149.031,149.257,148.884,149.104,487
2025-01-03 20:35:00,149.214,149.255,149.043,149.176,295
2025-01-03 20:40:00,149.202,149.341,149.108,149.199,235
2025-01-03 20:45:00,149.147,149.162,149.119,149.145,281
2025-01-03 20:50:00,149.249,149.303,149.208,149.243,310
2025-01-03 20:55:00,149.19,149.228,149.148,149.188,460
2025-01-03 21:00:00,148.986,149.125,148.888,148.988,461
2025-01-03 21:05:00,149.062,149.147,148.914,149.081,183
2025-01-03 21:10:00,149.178,149.211,149.083,149.145,110
2025-01-03 21:15:00,149.09,149.125,148.938,149.095,149
2025-01-03 21:20:00,149.06,149.189,148.956,149.029,373
2025-01-03 21:25:00,148.836,148.978,148.679,148.844,166
2025-01-03 21:30:00,148.698,148.886,148.636,148.728,210
2025-01-03 21:35:00,148.778,148.831,148.632,148.747,277
2025-01-03 21:40:00,148.802,148.886,148.713,148.836,385
2025-01-03 21:45:00,148.8,148.896,148.735,148.778,137
2025-01-03 21:50:00,148.795,148.902,148.708,148.76,247
2025-01-03 21:55:00,148.929,149.082,148.687,148.838,377
2025-01-03 22:00:00,148.865,148.96,148.714,148.845,272
2025-01-03 22:05:00,148.812,148.921,148.689,148.837,320
2025-01-03 22:10:00,148.722,148.85,148.662,148.705,239
2025-01-03 22:15:00,148.811,148.858,148.744,148.81,210
2025-01-03 22:20:00,148.911,149.015,148.814,148.889,422
2025-01-03 22:25:00,149.067,149.227,148.955,149.03,130
2025-01-03 22:30:00,148.97,149.07,148.831,149.044,119
2025-01-03 22:35:00,149.066,149.211,148.917,149.066,323
2025-01-03 22:40:00,149.073,149.182,148.935,149.075,144
2025-01-03 22:45:00,149.198,149.342,149.087,149.171,183
2025-01-03 22:50:00,149.082,149.128,148.923,149.105,477
2025-01-03 22:55:00,149.069,149.178,148.936,149.096,383
2025-01-03 23:00:00,149.007,149.151,148.869,149.051,389
2025-01-03 23:05:00,149.128,149.145,149.052,149.108,129
2025-01-03 23:10:00,148.986,149.088,148.901,148.964,268
2025-01-03 23:15:00,148.832,148.894,148.708,148.858,381
2025-01-03 23:20:00,148.889,149.023,148.758,148.878,376
2025-01-03 23:25:00,148.994,149.076,148.928,148.964,285
2025-01-03 23:30:00,148.899,148.981,148.85,148.879,147
2025-01-03 23:35:00,148.797,148.826,148.65,148.805,109
2025-01-03 23:40:00,148.91,148.941,148.699,148.841,169
2025-01-03 23:45:00,148.831,148.858,148.7,148.809,422
2025-01-03 23:50:00,148.869,148.967,148.818,148.866,417
2025-01-03 23:55:00,148.937,148.995,148.773,148.931,80
2025-01-04 00:00:00,148.919,149.082,148.883,148.934,438
2025-01-04 00:05:00,148.884,149.086,148.795,148.973,213
2025-01-04 00:10:00,148.888,148.988,148.826,148.925,144
2025-01-04 00:15:00,148.904,149.066,148.875,148.915,459
2025-01-04 00:20:00,149.038,149.125,148.899,149.013,324
2025-01-04 00:25:00,149.04,149.181,148.997,149.041,456
2025-01-04 00:30:00,149.07,149.151,149.018,149.071,451
2025-01-04 00:35:00,149.074,149.106,148.956,149.09,79
2025-01-04 00:40:00,149.054,149.129,148.915,149.071,87
2025-01-04 00:45:00,149.193,149.302,149.178,149.236,370
2025-01-04 00:50:00,149.276,149.358,149.183,149.275,166
2025-01-04 00:55:00,149.217,149.386,149.169,149.247,96
2025-01-04 01:00:00,149.202,149.281,149.116,149.245,81
2025-01-04 01:05:00,149.365,149.5,149.259,149.378,390
2025-01-04 01:10:00,149.313,149.471,149.194,149.322,338
2025-01-04 01:15:00,149.383,149.405,149.335,149.378,424
2025-01-04 01:20:00,149.413,149.521,149.3,149.471,188
2025-01-04 01:25:00,149.594,149.606,149.51,149.548,432
2025-01-04 01:30:00,149.513,149.523,149.409,149.502,194
2025-01-04 01:35:00,149.582,149.706,149.441,149.641,73
2025-01-04 01:40:00,149.634,149.814,149.611,149.671,442
2025-01-04 01:45:00,149.633,149.746,149.425,149.557,188
2025-01-04 01:50:00,149.67,149.804,149.625,149.662,351
2025-01-04 01:55:00,149.705,149.86,149.594,149.714,50
2025-01-04 02:00:00,149.785,149.878,149.752,149.786,147
2025-01-04 02:05:00,149.757,149.91,149.601,149.758,280
2025-01-04 02:10:00,149.693,149.848,149.602,149.746,245
2025-01-04 02:15:00,149.804,149.911,149.668,149.769,489
2025-01-04 02:20:00,149.854,150.011,149.714,149.921,404
2025-01-04 02:25:00,149.865,149.997,149.818,149.903,124
2025-01-04 02:30:00,150.018,150.029,149.808,149.952,107
2025-01-04 02:35:00,150.076,150.201,150.043,150.078,108
2025-01-04 02:40:00,150.075,150.167,149.916,150.011,232
2025-01-04 02:45:00,150.111,150.218,150.074,150.093,124
2025-01-04 02:50:00,150.073,150.199,149.956,150.167,100
2025-01-04 02:55:00,150.301,150.407,150.18,150.302,146
2025-01-04 03:00:00,150.318,150.414,150.205,150.339,267
2025-01-04 03:05:00,150.377,150.428,150.214,150.34,159
2025-01-04 03:10:00,150.391,150.462,150.245,150.305,482
2025-01-04 03:15:00,150.382,150.414,150.206,150.348,127
2025-01-04 03:20:00,150.438,150.461,150.28,150.38,197
2025-01-04 03:25:00,150.334,150.446,150.187,150.413,59
2025-01-04 03:30:00,150.416,150.571,150.396,150.43,215
2025-01-04 03:35:00,150.438,150.552,150.31,150.425,436
2025-01-04 03:40:00,150.397,150.461,150.368,150.387,454
2025-01-04 03:45:00,150.29,150.395,150.26,150.317,164
2025-01-04 03:50:00,150.266,150.339,150.222,150.239,67
2025-01-04 03:55:00,150.26,150.415,150.161,150.278,189
2025-01-04 04:00:00,150.264,150.348,150.225,150.271,399
2025-01-04 04:05:00,150.249,150.31,150.183,150.221,426
2025-01-04 04:10:00,150.284,150.421,150.218,150.286,210
2025-01-04 04:15:00,150.311,150.355,150.171,150.284,441
2025-01-04 04:20:00,150.331,150.346,150.256,150.278,374
2025-01-04 04:25:00,150.421,150.563,150.276,150.393,322
2025-01-04 04:30:00,150.446,150.529,150.319,150.394,112
2025-01-04 04:35:00,150.387,150.485,150.283,150.39,154
2025-01-04 04:40:00,150.432,150.461,150.355,150.397,471
2025-01-04 04:45:00,150.457,150.504,150.331,150.453,200
2025-01-04 04:50:00,150.577,150.729,150.457,150.546,282
2025-01-04 04:55:00,150.537,150.559,150.403,150.542,243
2025-01-04 05:00:00,150.486,150.551,150.39,150.487,109
2025-01-04 05:05:00,150.512,150.573,150.343,150.491,443
2025-01-04 05:10:00,150.501,150.589,150.362,150.419,123
2025-01-04 05:15:00,150.463,150.522,150.401,150.422,318
2025-01-04 05:20:00,150.658,150.779,150.456,150.591,165
2025-01-04 05:25:00,150.43,150.476,150.409,150.419,326
2025-01-04 05:30:00,150.433,150.474,150.237,150.392,346
2025-01-04 05:35:00,150.543,150.642,150.426,150.535,455
2025-01-04 05:40:00,150.434,150.556,150.41,150.483,346
2025-01-04 05:45:00,150.504,150.613,150.452,150.512,278
2025-01-04 05:50:00,150.563,150.638,150.506,150.543,414
2025-01-04 05:55:00,150.583,150.79,150.477,150.63,305
2025-01-04 06:00:00,150.495,150.627,150.356,150.571,61
2025-01-04 06:05:00,150.536,150.661,150.43,150.574,67
2025-01-04 06:10:00,150.658,150.751,150.534,150.612,368
2025-01-04 06:15:00,150.642,150.727,150.593,150.626,453
2025-01-04 06:20:00,150.694,150.711,150.637,150.698,239
2025-01-04 06:25:00,150.868,150.917,150.763,150.823,292
2025-01-04 06:30:00,150.835,150.919,150.728,150.888,153
2025-01-04 06:35:00,150.962,151.07,150.822,150.95,465
2025-01-04 06:40:00,151.044,151.07,150.889,151.052,50
2025-01-04 06:45:00,151.101,151.189,151.012,151.125,413
2025-01-04 06:50:00,151.01,151.134,150.884,150.98,135
2025-01-04 06:55:00,151.088,151.203,150.942,151.087,226
2025-01-04 07:00:00,151.014,151.098,150.985,151.039,158
2025-01-04 07:05:00,151.018,151.144,150.932,151.04,328
2025-01-04 07:10:00,150.953,151.116,150.927,151.019,156
2025-01-04 07:15:00,151.019,151.039,150.886,151.004,154
2025-01-04 07:20:00,151.109,151.177,150.999,151.084,340
2025-01-04 07:25:00,150.981,151.1,150.921,151.05,446
2025-01-04 07:30:00,150.865,150.927,150.813,150.893,179
2025-01-04 07:35:00,151.014,151.166,150.865,150.965,104
2025-01-04 07:40:00,151.013,151.045,150.87,150.908,225
2025-01-04 07:45:00,150.902,151.042,150.801,150.917,486
2025-01-04 07:50:00,150.896,150.949,150.745,150.87,406
2025-01-04 07:55:00,150.848,150.987,150.795,150.853,261
2025-01-04 08:00:00,150.871,150.945,150.855,150.889,136
2025-01-04 08:05:00,150.943,151.021,150.829,150.882,219
2025-01-04 08:10:00,151.077,151.181,150.88,151.029,210
2025-01-04 08:15:00,151.08,151.148,151.004,151.07,217
2025-01-04 08:20:00,151.071,151.095,150.898,150.978,470
2025-01-04 08:25:00,150.961,151.14,150.823,151.034,72
2025-01-04 08:30:00,150.807,150.942,150.77,150.831,74
2025-01-04 08:35:00,150.799,150.819,150.712,150.798,321
2025-01-04 08:40:00,150.868,150.996,150.833,150.888,468
2025-01-04 08:45:00,151.032,151.06,150.936,151.026,446
2025-01-04 08:50:00,151.025,151.168,150.928,151.108,135
2025-01-04 08:55:00,151.221,151.271,151.144,151.16,432
2025-01-04 09:00:00,151.361,151.519,151.256,151.289,262
2025-01-04 09:05:00,151.103,151.215,150.96,151.185,442
2025-01-04 09:10:00,151.207,151.26,151.156,151.237,164
2025-01-04 09:15:00,151.116,151.225,150.982,151.147,354
2025-01-04 09:20:00,151.162,151.209,151.004,151.191,164
2025-01-04 09:25:00,151.192,151.298,151.12,151.203,329
2025-01-04 09:30:00,151.309,151.467,151.191,151.339,254
2025-01-04 09:35:00,151.225,151.362,151.172,151.198,282
2025-01-04 09:40:00,151.162,151.216,151.103,151.17,265
2025-01-04 09:45:00,151.298,151.414,151.134,151.292,112
2025-01-04 09:50:00,151.35,151.458,151.172,151.315,378
2025-01-04 09:55:00,151.32,151.364,151.161,151.349,465
2025-01-04 10:00:00,151.459,151.585,151.392,151.482,488
2025-01-04 10:05:00,151.442,151.527,151.324,151.469,420
2025-01-04 10:10:00,151.398,151.478,151.351,151.436,462
2025-01-04 10:15:00,151.292,151.409,151.173,151.302,437
2025-01-04 10:20:00,151.195,151.237,151.07,151.219,250
2025-01-04 10:25:00,151.285,151.308,151.118,151.258,436
2025-01-04 10:30:00,151.245,151.312,151.14,151.274,404
2025-01-04 10:35:00,151.271,151.38,151.162,151.243,343
2025-01-04 10:40:00,151.095,151.269,150.957,151.173,431
2025-01-04 10:45:00,151.145,151.326,151.084,151.177,345
2025-01-04 10:50:00,151.159,151.292,151.068,151.211,383
2025-01-04 10:55:00,151.056,151.216,151.036,151.08,358
2025-01-04 11:00:00,151.21,151.285,151.124,151.252,56
2025-01-04 11:05:00,151.183,151.362,151.134,151.251,75
2025-01-04 11:10:00,151.298,151.49,151.226,151.355,97
2025-01-04 11:15:00,151.607,151.724,151.538,151.572,347
2025-01-04 11:20:00,151.606,151.703,151.453,151.542,246
2025-01-04 11:25:00,151.527,151.66,151.358,151.487,275
2025-01-04 11:30:00,151.531,151.602,151.376,151.537,144
2025-01-04 11:35:00,151.665,151.8,151.427,151.579,101
2025-01-04 11:40:00,151.516,151.543,151.376,151.49,123
2025-01-04 11:45:00,151.675,151.751,151.531,151.571,209
2025-01-04 11:50:00,151.501,151.644,151.435,151.52,446
2025-01-04 11:55:00,151.516,151.56,151.466,151.495,174
2025-01-04 12:00:00,151.447,151.505,151.311,151.49,189
2025-01-04 12:05:00,151.577,151.719,151.441,151.527,163
2025-01-04 12:10:00,151.623,151.683,151.493,151.595,157
2025-01-04 12:15:00,151.582,151.721,151.536,151.645,482
2025-01-04 12:20:00,151.742,151.901,151.588,151.721,108
2025-01-04 12:25:00,151.893,151.927,151.761,151.826,294
2025-01-04 12:30:00,151.809,151.893,151.657,151.766,58
2025-01-04 12:35:00,151.866,151.964,151.803,151.819,346
2025-01-04 12:40:00,151.948,152.016,151.842,151.979,54
2025-01-04 12:45:00,151.854,151.933,151.793,151.837,184
2025-01-04 12:50:00,151.942,152.073,151.848,151.969,337
2025-01-04 12:55:00,151.913,152.065,151.892,151.938,489
2025-01-04 13:00:00,151.808,151.847,151.793,151.828,476
2025-01-04 13:05:00,151.894,152.04,151.686,151.831,128
2025-01-04 13:10:00,151.808,151.934,151.754,151.826,133
2025-01-04 13:15:00,151.945,152.093,151.721,151.869,467
2025-01-04 13:20:00,151.765,151.963,151.727,151.865,248
2025-01-04 13:25:00,152.068,152.126,151.974,152.049,157
2025-01-04 13:30:00,152.143,152.18,152.05,152.128,123
2025-01-04 13:35:00,152.002,152.043,151.943,152.007,62
2025-01-04 13:40:00,151.954,152.143,151.879,152.025,484
2025-01-04 13:45:00,151.914,152.013,151.794,151.901,157
2025-01-04 13:50:00,151.943,151.954,151.822,151.906,165
2025-01-04 13:55:00,151.882,152.018,151.751,151.817,103
2025-01-04 14:00:00,151.815,151.923,151.685,151.822,454
2025-01-04 14:05:00,151.907,152.046,151.799,151.885,86
2025-01-04 14:10:00,151.992,152.015,151.936,151.993,238
2025-01-04 14:15:00,151.887,152.069,151.771,151.91,174
2025-01-04 14:20:00,151.795,151.938,151.785,151.826,311
2025-01-04 14:25:00,151.837,151.918,151.763,151.832,478
2025-01-04 14:30:00,151.854,151.94,151.73,151.853,396
2025-01-04 14:35:00,151.703,151.811,151.604,151.711,84
2025-01-04 14:40:00,151.72,151.846,151.659,151.725,452
2025-01-04 14:45:00,151.663,151.818,151.521,151.736,85
2025-01-04 14:50:00,151.786,151.873,151.744,151.771,304
2025-01-04 14:55:00,151.677,151.83,151.496,151.63,363
2025-01-04 15:00:00,151.602,151.807,151.562,151.655,470
2025-01-04 15:05:00,151.636,151.836,151.542,151.695,345
2025-01-04 15:10:00,151.664,151.729,151.621,151.656,265
2025-01-04 15:15:00,151.445,151.521,151.336,151.464,417
2025-01-04 15:20:00,151.585,151.627,151.449,151.52,323
2025-01-04 15:25:00,151.558,151.624,151.524,151.557,112
2025-01-04 15:30:00,151.541,151.692,151.406,151.47,465
2025-01-04 15:35:00,151.423,151.478,151.375,151.402,185
2025-01-04 15:40:00,151.361,151.447,151.23,151.382,200
2025-01-04 15:45:00,151.434,151.588,151.325,151.397,237
2025-01-04 15:50:00,151.327,151.447,151.311,151.334,173
2025-01-04 15:55:00,151.517,151.642,151.376,151.53,247
2025-01-04 16:00:00,151.459,151.554,151.35,151.459,327
2025-01-04 16:05:00,151.517,151.637,151.424,151.504,195
2025-01-04 16:10:00,151.528,151.551,151.459,151.5,461
2025-01-04 16:15:00,151.471,151.487,151.266,151.413,395
2025-01-04 16:20:00,151.321,151.397,151.308,151.36,154
2025-01-04 16:25:00,151.427,151.522,151.322,151.386,96
2025-01-04 16:30:00,151.353,151.523,151.277,151.423,454
2025-01-04 16:35:00,151.149,151.319,151.0,151.238,151
2025-01-04 16:40:00,151.292,151.468,151.175,151.311,384
2025-01-04 16:45:00,151.435,151.45,151.379,151.428,194
2025-01-04 16:50:00,151.31,151.422,151.274,151.362,224
2025-01-04 16:55:00,151.272,151.411,151.208,151.317,75
2025-01-04 17:00:00,151.264,151.297,151.202,151.244,228
2025-01-04 17:05:00,151.146,151.301,151.049,151.225,383
2025-01-04 17:10:00,151.295,151.4,151.156,151.368,385
2025-01-04 17:15:00,151.447,151.606,151.297,151.434,446
2025-01-04 17:20:00,151.337,151.503,151.224,151.359,487
2025-01-04 17:25:00,151.3,151.39,151.115,151.254,131
2025-01-04 17:30:00,151.337,151.461,151.182,151.272,169
2025-01-04 17:35:00,151.208,151.303,151.078,151.208,217
2025-01-04 17:40:00,151.237,151.338,151.095,151.222,423
2025-01-04 17:45:00,151.269,151.294,151.107,151.212,140
2025-01-04 17:50:00,151.376,151.419,151.231,151.301,170
2025-01-04 17:55:00,151.351,151.43,151.198,151.335,196
2025-01-04 18:00:00,151.298,151.459,151.161,151.311,167
2025-01-04 18:05:00,151.439,151.545,151.322,151.398,186
2025-01-04 18:10:00,151.379,151.395,151.355,151.374,252
2025-01-04 18:15:00,151.376,151.5,151.346,151.383,57
2025-01-04 18:20:00,151.37,151.444,151.328,151.432,54
2025-01-04 18:25:00,151.346,151.387,151.241,151.312,369
2025-01-04 18:30:00,151.402,151.449,151.292,151.359,474
2025-01-04 18:35:00,151.361,151.468,151.123,151.281,84
2025-01-04 18:40:00,151.213,151.298,151.152,151.171,233
2025-01-04 18:45:00,151.266,151.301,151.197,151.258,404
2025-01-04 18:50:00,151.242,151.324,151.176,151.299,71
2025-01-04 18:55:00,151.227,151.363,151.169,151.259,131
2025-01-04 19:00:00,151.26,151.356,151.123,151.335,316
2025-01-04 19:05:00,151.38,151.524,151.192,151.309,335
2025-01-04 19:10:00,151.296,151.308,151.163,151.279,148
2025-01-04 19:15:00,151.344,151.417,151.169,151.311,260
2025-01-04 19:20:00,151.304,151.358,151.155,151.334,435
2025-01-04 19:25:00,151.33,151.414,151.22,151.29,376
2025-01-04 19:30:00,151.147,151.255,150.99,151.188,484
2025-01-04 19:35:00,151.189,151.208,151.074,151.188,98
2025-01-04 19:40:00,151.158,151.272,151.08,151.145,213
2025-01-04 19:45:00,151.139,151.256,151.101,151.153,117
2025-01-04 19:50:00,151.284,151.41,151.187,151.23,229
2025-01-04 19:55:00,151.312,151.339,151.202,151.277,425
2025-01-04 20:00:00,151.269,151.342,151.149,151.283,472
2025-01-04 20:05:00,151.334,151.48,151.12,151.274,85
2025-01-04 20:10:00,151.328,151.433,151.213,151.312,71
2025-01-04 20:15:00,151.358,151.399,151.271,151.313,366
2025-01-04 20:20:00,151.346,151.475,151.203,151.384,309
2025-01-04 20:25:00,151.302,151.327,151.28,151.299,434
2025-01-04 20:30:00,151.395,151.52,151.237,151.383,458
2025-01-04 20:35:00,151.339,151.413,151.241,151.359,213
2025-01-04 20:40:00,151.425,151.544,151.388,151.422,324
2025-01-04 20:45:00,151.454,151.543,151.328,151.406,479
2025-01-04 20:50:00,151.401,151.538,151.277,151.416,329
2025-01-04 20:55:00,151.388,151.561,151.318,151.461,432
2025-01-04 21:00:00,151.49,151.603,151.361,151.492,470
2025-01-04 21:05:00,151.515,151.657,151.413,151.519,366
2025-01-04 21:10:00,151.573,151.594,151.441,151.575,271
2025-01-04 21:15:00,151.538,151.634,151.366,151.518,388
2025-01-04 21:20:00,151.557,151.643,151.364,151.516,303
2025-01-04 21:25:00,151.515,151.527,151.383,151.469,162
2025-01-04 21:30:00,151.606,151.686,151.493,151.572,66
2025-01-04 21:35:00,151.552,151.709,151.356,151.45,172
2025-01-04 21:40:00,151.401,151.571,151.325,151.422,168
2025-01-04 21:45:00,151.475,151.532,151.352,151.472,446
2025-01-04 21:50:00,151.299,151.397,151.195,151.329,179
2025-01-04 21:55:00,151.557,151.578,151.424,151.535,56
2025-01-04 22:00:00,151.513,151.546,151.445,151.503,280
2025-01-04 22:05:00,151.546,151.64,151.456,151.587,119
2025-01-04 22:10:00,151.547,151.697,151.393,151.567,323
2025-01-04 22:15:00,151.528,151.543,151.36,151.517,472
2025-01-04 22:20:00,151.534,151.732,151.403,151.591,479
2025-01-04 22:25:00,151.552,151.604,151.411,151.535,219
2025-01-04 22:30:00,151.545,151.731,151.508,151.58,435
2025-01-04 22:35:00,151.691,151.826,151.553,151.679,347
2025-01-04 22:40:00,151.7,151.739,151.689,151.707,194
2025-01-04 22:45:00,151.701,151.844,151.621,151.682,329
2025-01-04 22:50:00,151.689,151.836,151.614,151.654,95
2025-01-04 22:55:00,151.776,151.933,151.69,151.781,409
2025-01-04 23:00:00,151.84,151.959,151.816,151.876,53
2025-01-04 23:05:00,151.975,152.119,151.901,151.939,191
2025-01-04 23:10:00,152.053,152.111,152.018,152.044,200
2025-01-04 23:15:00,152.169,152.257,152.029,152.125,373
2025-01-04 23:20:00,152.067,152.206,152.014,152.099,87
2025-01-04 23:25:00,151.98,152.112,151.92,152.004,256
2025-01-04 23:30:00,151.966,152.046,151.949,151.96,376
2025-01-04 23:35:00,151.819,151.963,151.721,151.834,75
2025-01-04 23:40:00,151.885,151.943,151.641,151.769,152
2025-01-04 23:45:00,151.651,151.81,151.637,151.691,245
2025-01-04 23:50:00,151.669,151.74,151.635,151.675,128
2025-01-04 23:55:00,151.634,151.822,151.518,151.693,423
2025-01-05 00:00:00,151.821,151.863,151.744,151.757,181
2025-01-05 00:05:00,151.739,151.784,151.639,151.751,312
2025-01-05 00:10:00,151.854,151.886,151.686,151.842,296
2025-01-05 00:15:00,151.843,151.896,151.811,151.833,339
2025-01-05 00:20:00,151.769,151.838,151.691,151.76,429
2025-01-05 00:25:00,151.738,151.884,151.651,151.757,321
2025-01-05 00:30:00,151.782,151.811,151.688,151.77,484
2025-01-05 00:35:00,151.897,151.946,151.718,151.819,90
2025-01-05 00:40:00,151.855,151.982,151.722,151.832,319
2025-01-05 00:45:00,151.896,152.012,151.868,151.939,437
2025-01-05 00:50:00,151.971,152.065,151.826,152.031,321
2025-01-05 00:55:00,151.943,152.082,151.869,151.973,352
2025-01-05 01:00:00,151.867,152.011,151.716,151.909,413
2025-01-05 01:05:00,151.844,151.998,151.726,151.812,333
2025-01-05 01:10:00,151.778,151.933,151.633,151.804,125
2025-01-05 01:15:00,151.874,151.933,151.815,151.857,347
2025-01-05 01:20:00,151.77,151.821,151.62,151.779,52
2025-01-05 01:25:00,151.779,151.928,151.673,151.811,204
2025-01-05 01:30:00,151.79,151.921,151.64,151.758,70
2025-01-05 01:35:00,151.783,151.901,151.711,151.826,407
2025-01-05 01:40:00,151.831,151.906,151.674,151.807,94
2025-01-05 01:45:00,151.843,151.978,151.707,151.836,113
2025-01-05 01:50:00,152.005,152.017,151.883,151.979,263
2025-01-05 01:55:00,151.924,152.072,151.792,151.961,496
2025-01-05 02:00:00,151.95,152.002,151.811,151.954,131
2025-01-05 02:05:00,151.977,152.072,151.879,151.927,75
2025-01-05 02:10:00,152.012,152.039,151.941,151.988,445
2025-01-05 02:15:00,152.024,152.098,151.973,151.998,358
2025-01-05 02:20:00,152.119,152.13,151.964,152.087,292
2025-01-05 02:25:00,152.221,152.242,152.09,152.165,446
2025-01-05 02:30:00,152.241,152.375,152.156,152.18,179
2025-01-05 02:35:00,152.226,152.347,152.115,152.184,269
2025-01-05 02:40:00,152.099,152.176,151.995,152.142,437
2025-01-05 02:45:00,151.979,152.155,151.94,152.014,359
2025-01-05 02:50:00,152.147,152.18,152.11,152.145,67
2025-01-05 02:55:00,152.07,152.161,151.884,152.042,115
2025-01-05 03:00:00,151.998,152.124,151.941,152.065,258
2025-01-05 03:05:00,152.08,152.162,151.893,152.002,404
2025-01-05 03:10:00,151.888,152.004,151.781,151.916,384
2025-01-05 03:15:00,151.815,151.96,151.796,151.905,146
2025-01-05 03:20:00,151.833,151.934,151.754,151.831,212
2025-01-05 03:25:00,151.913,152.06,151.752,151.873,249
2025-01-05 03:30:00,151.934,152.104,151.778,151.95,281
2025-01-05 03:35:00,151.77,151.931,151.738,151.833,258
2025-01-05 03:40:00,151.794,151.902,151.702,151.818,147
2025-01-05 03:45:00,151.9,152.138,151.881,152.001,384
2025-01-05 03:50:00,151.946,152.06,151.79,151.971,489
2025-01-05 03:55:00,151.955,152.007,151.838,151.967,420
2025-01-05 04:00:00,152.056,152.074,151.934,152.029,115
2025-01-05 04:05:00,152.114,152.257,151.886,152.045,146
2025-01-05 04:10:00,151.937,152.089,151.847,151.987,419
2025-01-05 04:15:00,152.079,152.206,151.988,152.098,447
2025-01-05 04:20:00,152.162,152.307,152.041,152.211,203
2025-01-05 04:25:00,152.142,152.261,151.99,152.213,379
2025-01-05 04:30:00,152.245,152.268,152.157,152.241,432
2025-01-05 04:35:00,152.243,152.316,152.106,152.205,351
2025-01-05 04:40:00,152.083,152.183,151.993,152.079,384
2025-01-05 04:45:00,152.117,152.207,152.002,152.098,100
2025-01-05 04:50:00,152.017,152.133,151.966,152.027,406
2025-01-05 04:55:00,151.871,151.969,151.755,151.902,103
2025-01-05 05:00:00,151.886,151.923,151.841,151.879,191
2025-01-05 05:05:00,151.863,151.984,151.836,151.876,76
2025-01-05 05:10:00,151.891,151.934,151.856,151.888,263
2025-01-05 05:15:00,151.849,152.005,151.746,151.88,277
2025-01-05 05:20:00,151.846,151.882,151.717,151.86,478
2025-01-05 05:25:00,151.929,151.967,151.8,151.914,58
2025-01-05 05:30:00,151.875,151.972,151.775,151.881,82
2025-01-05 05:35:00,151.822,151.95,151.686,151.868,139
2025-01-05 05:40:00,151.891,151.999,151.863,151.877,375
2025-01-05 05:45:00,151.938,151.977,151.824,151.878,435
2025-01-05 05:50:00,152.003,152.073,151.982,151.993,148
2025-01-05 05:55:00,152.124,152.241,152.052,152.128,319
2025-01-05 06:00:00,152.119,152.227,152.042,152.11,429
2025-01-05 06:05:00,152.101,152.255,151.959,152.089,478
2025-01-05 06:10:00,152.019,152.225,151.87,152.074,113
2025-01-05 06:15:00,152.095,152.265,151.94,152.111,433
2025-01-05 06:20:00,152.061,152.169,151.982,152.135,171
2025-01-05 06:25:00,152.058,152.218,151.984,152.061,354
2025-01-05 06:30:00,152.052,152.129,152.016,152.052,264
2025-01-05 06:35:00,151.993,152.067,151.935,152.036,408
2025-01-05 06:40:00,152.127,152.201,152.076,152.111,190
2025-01-05 06:45:00,152.046,152.145,151.916,152.069,58
2025-01-05 06:50:00,151.945,152.078,151.84,151.977,248
2025-01-05 06:55:00,152.127,152.27,151.945,152.058,459
2025-01-05 07:00:00,152.243,152.336,152.094,152.173,58
2025-01-05 07:05:00,152.126,152.219,152.091,152.15,239
2025-01-05 07:10:00,152.087,152.26,151.997,152.112,295
2025-01-05 07:15:00,152.114,152.154,152.016,152.08,250
2025-01-05 07:20:00,152.169,152.349,152.06,152.199,153
2025-01-05 07:25:00,152.102,152.27,152.007,152.161,233
2025-01-05 07:30:00,152.08,152.093,152.04,152.072,333
2025-01-05 07:35:00,152.153,152.166,152.049,152.075,441
2025-01-05 07:40:00,151.858,151.914,151.741,151.885,79
2025-01-05 07:45:00,151.762,151.852,151.748,151.814,340
2025-01-05 07:50:00,151.885,152.013,151.845,151.861,473
2025-01-05 07:55:00,151.917,152.148,151.851,152.001,241
2025-01-05 08:00:00,152.037,152.052,151.84,151.909,299
2025-01-05 08:05:00,151.972,152.08,151.797,151.933,247
2025-01-05 08:10:00,152.081,152.179,152.033,152.046,53
2025-01-05 08:15:00,152.038,152.136,151.891,152.06,186
2025-01-05 08:20:00,152.104,152.2,152.07,152.106,145
2025-01-05 08:25:00,152.005,152.195,151.987,152.069,461
2025-01-05 08:30:00,152.088,152.227,151.84,151.993,359
2025-01-05 08:35:00,152.106,152.16,151.973,152.078,390
2025-01-05 08:40:00,152.058,152.183,152.024,152.09,318
2025-01-05 08:45:00,151.989,152.059,151.9,151.933,230
2025-01-05 08:50:00,152.078,152.206,151.932,151.982,485
2025-01-05 08:55:00,151.896,152.034,151.772,151.905,341
2025-01-05 09:00:00,151.778,151.916,151.648,151.785,241
2025-01-05 09:05:00,151.759,151.785,151.669,151.764,69
2025-01-05 09:10:00,151.679,151.737,151.574,151.698,168
2025-01-05 09:15:00,151.673,151.769,151.606,151.637,354
2025-01-05 09:20:00,151.656,151.791,151.52,151.689,431
2025-01-05 09:25:00,151.715,151.869,151.595,151.733,427
2025-01-05 09:30:00,151.707,151.83,151.693,151.717,375
2025-01-05 09:35:00,151.77,151.887,151.736,151.809,440
2025-01-05 09:40:00,151.732,151.921,151.601,151.768,359
2025-01-05 09:45:00,151.537,151.669,151.389,151.584,363
2025-01-05 09:50:00,151.552,151.642,151.328,151.487,426
2025-01-05 09:55:00,151.554,151.653,151.483,151.598,456
2025-01-05 10:00:00,151.433,151.696,151.359,151.568,225
2025-01-05 10:05:00,151.623,151.726,151.538,151.634,287
2025-01-05 10:10:00,151.603,151.745,151.547,151.609,234
2025-01-05 10:15:00,151.617,151.733,151.509,151.59,472
2025-01-05 10:20:00,151.664,151.822,151.533,151.612,176
2025-01-05 10:25:00,151.69,151.789,151.523,151.67,495
2025-01-05 10:30:00,151.587,151.836,151.563,151.684,120
2025-01-05 10:35:00,151.885,151.919,151.636,151.782,386
2025-01-05 10:40:00,151.859,152.002,151.698,151.748,76
2025-01-05 10:45:00,151.718,151.836,151.564,151.717,363
2025-01-05 10:50:00,151.729,151.876,151.718,151.778,451
2025-01-05 10:55:00,151.679,151.785,151.637,151.737,153
2025-01-05 11:00:00,151.802,151.926,151.711,151.757,68
2025-01-05 11:05:00,151.753,151.946,151.699,151.799,132
2025-01-05 11:10:00,151.791,151.885,151.662,151.793,174
2025-01-05 11:15:00,151.793,151.886,151.679,151.834,464
2025-01-05 11:20:00,151.839,152.001,151.792,151.874,221
2025-01-05 11:25:00,151.711,151.753,151.568,151.694,458
2025-01-05 11:30:00,151.737,151.796,151.658,151.778,325
2025-01-05 11:35:00,151.88,151.915,151.804,151.843,262
2025-01-05 11:40:00,151.842,151.887,151.773,151.814,284
2025-01-05 11:45:00,151.902,151.978,151.687,151.829,347
2025-01-05 11:50:00,151.923,152.008,151.875,151.909,248
2025-01-05 11:55:00,151.97,151.999,151.907,151.948,386
2025-01-05 12:00:00,151.843,151.948,151.719,151.875,141
2025-01-05 12:05:00,152.03,152.09,151.895,151.994,442
2025-01-05 12:10:00,152.104,152.13,152.017,152.032,416
2025-01-05 12:15:00,151.958,152.008,151.772,151.926,98
2025-01-05 12:20:00,151.917,152.067,151.857,151.921,50
2025-01-05 12:25:00,151.843,151.857,151.747,151.796,130
2025-01-05 12:30:00,151.83,151.934,151.72,151.803,374
2025-01-05 12:35:00,151.928,152.017,151.881,151.972,129
2025-01-05 12:40:00,152.002,152.012,151.758,151.915,307
2025-01-05 12:45:00,151.959,152.088,151.834,151.997,306
2025-01-05 12:50:00,151.967,152.105,151.909,151.961,412
2025-01-05 12:55:00,152.118,152.147,151.921,152.038,475
2025-01-05 13:00:00,151.913,152.003,151.83,151.925,413
2025-01-05 13:05:00,152.078,152.242,152.032,152.084,112
2025-01-05 13:10:00,152.134,152.273,152.024,152.059,54
2025-01-05 13:15:00,151.896,151.971,151.862,151.95,303
2025-01-05 13:20:00,151.999,152.039,151.916,151.952,466
2025-01-05 13:25:00,152.035,152.148,151.966,152.0,278
2025-01-05 13:30:00,151.983,152.141,151.818,151.92,115
2025-01-05 13:35:00,151.935,152.029,151.797,151.998,381
2025-01-05 13:40:00,152.035,152.188,151.946,152.105,256
2025-01-05 13:45:00,152.175,152.262,152.136,152.218,426
2025-01-05 13:50:00,152.316,152.457,152.176,152.25,283
2025-01-05 13:55:00,152.285,152.379,152.124,152.262,393
2025-01-05 14:00:00,152.347,152.39,152.197,152.326,354
2025-01-05 14:05:00,152.378,152.487,152.252,152.29,229
2025-01-05 14:10:00,152.337,152.499,152.194,152.35,127
2025-01-05 14:15:00,152.367,152.421,152.271,152.358,219
2025-01-05 14:20:00,152.524,152.64,152.345,152.444,495
2025-01-05 14:25:00,152.228,152.426,152.191,152.322,441
2025-01-05 14:30:00,152.4,152.479,152.289,152.348,380
2025-01-05 14:35:00,152.372,152.525,152.338,152.38,252
2025-01-05 14:40:00,152.34,152.407,152.172,152.328,129
2025-01-05 14:45:00,152.36,152.512,152.163,152.303,81
2025-01-05 14:50:00,152.288,152.436,152.198,152.285,429
2025-01-05 14:55:00,152.342,152.53,152.293,152.379,258
2025-01-05 15:00:00,152.57,152.639,152.422,152.543,462
2025-01-05 15:05:00,152.63,152.756,152.565,152.624,384
2025-01-05 15:10:00,152.64,152.73,152.617,152.681,492
2025-01-05 15:15:00,152.839,152.965,152.657,152.786,323
2025-01-05 15:20:00,152.75,152.781,152.54,152.7,470
2025-01-05 15:25:00,152.644,152.759,152.604,152.647,124
2025-01-05 15:30:00,152.607,152.692,152.582,152.606,346
2025-01-05 15:35:00,152.76,152.865,152.565,152.714,195
2025-01-05 15:40:00,152.759,152.772,152.597,152.692,408
2025-01-05 15:45:00,152.71,152.86,152.696,152.774,267
2025-01-05 15:50:00,152.733,152.769,152.723,152.75,353
2025-01-05 15:55:00,152.875,152.942,152.711,152.807,143
2025-01-05 16:00:00,152.858,152.965,152.706,152.85,266
2025-01-05 16:05:00,152.882,152.941,152.8,152.929,374
2025-01-05 16:10:00,152.948,153.078,152.737,152.839,415
2025-01-05 16:15:00,152.917,153.062,152.828,152.911,388
2025-01-05 16:20:00,152.914,153.089,152.895,152.957,187
2025-01-05 16:25:00,153.04,153.217,152.903,153.064,107
2025-01-05 16:30:00,152.995,153.085,152.884,152.937,178
2025-01-05 16:35:00,152.949,153.129,152.89,152.981,100
2025-01-05 16:40:00,152.96,153.105,152.845,152.876,216
2025-01-05 16:45:00,152.869,152.907,152.7,152.851,146
2025-01-05 16:50:00,152.87,153.107,152.822,152.999,460
2025-01-05 16:55:00,153.02,153.202,152.949,153.059,294
2025-01-05 17:00:00,152.923,153.078,152.795,153.0,282
2025-01-05 17:05:00,153.118,153.22,152.911,153.068,137
2025-01-05 17:10:00,153.106,153.136,153.041,153.057,447
2025-01-05 17:15:00,152.936,153.085,152.852,152.945,115
2025-01-05 17:20:00,152.971,153.044,152.914,152.985,420
2025-01-05 17:25:00,152.943,153.001,152.863,152.899,319
2025-01-05 17:30:00,152.818,152.892,152.74,152.831,72
2025-01-05 17:35:00,152.836,152.908,152.7,152.883,322
2025-01-05 17:40:00,152.954,153.039,152.912,152.945,253
2025-01-05 17:45:00,152.984,153.119,152.847,152.967,347
2025-01-05 17:50:00,152.949,152.983,152.857,152.961,216
2025-01-05 17:55:00,152.835,152.96,152.679,152.909,329
2025-01-05 18:00:00,152.962,152.975,152.91,152.933,365
2025-01-05 18:05:00,152.907,153.052,152.877,152.932,326
2025-01-05 18:10:00,152.957,152.98,152.773,152.903,69
2025-01-05 18:15:00,152.889,152.95,152.861,152.911,367
2025-01-05 18:20:00,152.889,153.03,152.743,153.012,233
2025-01-05 18:25:00,153.048,153.225,153.019,153.067,200
2025-01-05 18:30:00,152.99,153.079,152.948,152.965,116
2025-01-05 18:35:00,153.015,153.122,152.902,152.952,419
2025-01-05 18:40:00,152.792,152.86,152.754,152.837,299
2025-01-05 18:45:00,152.902,152.92,152.849,152.908,316
2025-01-05 18:50:00,152.865,152.922,152.707,152.866,294
2025-01-05 18:55:00,152.929,152.944,152.842,152.858,350
2025-01-05 19:00:00,153.03,153.042,152.856,153.014,492
2025-01-05 19:05:00,152.909,153.088,152.865,152.966,230
2025-01-05 19:10:00,153.029,153.177,152.95,153.026,321
2025-01-05 19:15:00,152.989,153.148,152.811,152.949,407
2025-01-05 19:20:00,152.83,152.994,152.751,152.836,61
2025-01-05 19:25:00,152.907,153.008,152.848,152.869,279
2025-01-05 19:30:00,152.73,152.878,152.666,152.774,142
2025-01-05 19:35:00,152.665,152.834,152.512,152.705,127
2025-01-05 19:40:00,152.848,152.885,152.658,152.8,255
2025-01-05 19:45:00,152.783,152.819,152.66,152.787,281
2025-01-05 19:50:00,152.799,152.9,152.651,152.79,429
2025-01-05 19:55:00,152.856,153.007,152.761,152.881,141
2025-01-05 20:00:00,152.939,152.964,152.77,152.912,341
2025-01-05 20:05:00,152.846,152.959,152.815,152.832,326
2025-01-05 20:10:00,152.805,152.924,152.76,152.775,413
2025-01-05 20:15:00,152.952,153.056,152.848,152.889,164
2025-01-05 20:20:00,152.824,152.916,152.81,152.846,258
2025-01-05 20:25:00,152.84,152.88,152.748,152.809,198
2025-01-05 20:30:00,152.898,153.005,152.696,152.855,265
2025-01-05 20:35:00,152.96,153.062,152.851,152.877,74
2025-01-05 20:40:00,152.989,153.123,152.911,152.946,79
2025-01-05 20:45:00,152.863,153.015,152.689,152.834,437
2025-01-05 20:50:00,152.993,153.052,152.844,152.945,464
2025-01-05 20:55:00,153.018,153.086,152.85,152.999,282
2025-01-05 21:00:00,152.969,153.117,152.828,153.022,357
2025-01-05 21:05:00,153.03,153.168,152.928,153.036,337
2025-01-05 21:10:00,152.89,153.034,152.746,152.897,359
2025-01-05 21:15:00,152.998,153.152,152.942,153.002,189
2025-01-05 21:20:00,152.937,153.108,152.874,152.982,379
2025-01-05 21:25:00,152.891,152.982,152.881,152.919,444
2025-01-05 21:30:00,152.839,152.973,152.721,152.865,488
2025-01-05 21:35:00,152.72,152.914,152.588,152.765,290
2025-01-05 21:40:00,152.793,152.898,152.663,152.752,200
2025-01-05 21:45:00,152.777,152.807,152.71,152.783,366
2025-01-05 21:50:00,152.728,152.822,152.593,152.725,377
2025-01-05 21:55:00,152.609,152.665,152.462,152.632,285
2025-01-05 22:00:00,152.553,152.607,152.54,152.581,364
2025-01-05 22:05:00,152.572,152.696,152.489,152.611,435
2025-01-05 22:10:00,152.661,152.777,152.585,152.629,359
2025-01-05 22:15:00,152.696,152.861,152.621,152.727,71
2025-01-05 22:20:00,152.772,152.873,152.621,152.765,84
2025-01-05 22:25:00,152.925,153.043,152.818,152.953,141
2025-01-05 22:30:00,152.754,152.838,152.662,152.789,157
2025-01-05 22:35:00,152.833,152.987,152.621,152.777,366
2025-01-05 22:40:00,152.816,152.844,152.747,152.801,262
2025-01-05 22:45:00,152.799,152.931,152.717,152.81,182
2025-01-05 22:50:00,152.838,152.94,152.807,152.84,242
2025-01-05 22:55:00,152.618,152.721,152.544,152.696,201
2025-01-05 23:00:00,152.606,152.715,152.492,152.631,364
2025-01-05 23:05:00,152.647,152.815,152.603,152.701,94
2025-01-05 23:10:00,152.772,152.801,152.588,152.743,492
2025-01-05 23:15:00,152.841,152.902,152.712,152.798,281
2025-01-05 23:20:00,152.636,152.784,152.607,152.653,61
2025-01-05 23:25:00,152.612,152.751,152.456,152.582,431
2025-01-05 23:30:00,152.43,152.656,152.311,152.496,254
2025-01-05 23:35:00,152.578,152.617,152.422,152.512,243
2025-01-05 23:40:00,152.514,152.652,152.343,152.493,495
2025-01-05 23:45:00,152.551,152.685,152.449,152.511,131
2025-01-05 23:50:00,152.364,152.513,152.209,152.38,63
2025-01-05 23:55:00,152.236,152.42,152.191,152.264,260
2025-01-06 00:00:00,152.298,152.417,152.248,152.28,358
2025-01-06 00:05:00,152.337,152.494,152.17,152.316,263
2025-01-06 00:10:00,152.344,152.526,152.268,152.38,96
2025-01-06 00:15:00,152.293,152.362,152.133,152.251,431
2025-01-06 00:20:00,152.259,152.297,152.181,152.2,203
2025-01-06 00:25:00,152.332,152.475,152.24,152.308,187
2025-01-06 00:30:00,152.469,152.548,152.307,152.351,83
2025-01-06 00:35:00,152.265,152.418,152.207,152.219,195
2025-01-06 00:40:00,152.22,152.258,152.165,152.184,408
2025-01-06 00:45:00,152.314,152.429,152.173,152.296,126
2025-01-06 00:50:00,152.285,152.368,152.19,152.322,412
2025-01-06 00:55:00,152.364,152.462,152.249,152.351,149
2025-01-06 01:00:00,152.464,152.587,152.254,152.395,179
2025-01-06 01:05:00,152.406,152.419,152.273,152.361,249
2025-01-06 01:10:00,152.271,152.451,152.227,152.302,128
2025-01-06 01:15:00,152.269,152.337,152.114,152.296,253
2025-01-06 01:20:00,152.26,152.282,152.123,152.228,150
2025-01-06 01:25:00,152.233,152.301,152.167,152.241,131
2025-01-06 01:30:00,152.275,152.465,152.233,152.341,316
2025-01-06 01:35:00,152.453,152.467,152.282,152.429,129
2025-01-06 01:40:00,152.472,152.651,152.437,152.508,145
2025-01-06 01:45:00,152.422,152.537,152.409,152.481,161
2025-01-06 01:50:00,152.443,152.644,152.328,152.53,121
2025-01-06 01:55:00,152.528,152.54,152.371,152.481,256
2025-01-06 02:00:00,152.461,152.677,152.413,152.552,232
2025-01-06 02:05:00,152.536,152.625,152.39,152.556,199
2025-01-06 02:10:00,152.791,152.804,152.646,152.767,368
2025-01-06 02:15:00,152.772,152.786,152.682,152.737,80
2025-01-06 02:20:00,152.592,152.657,152.574,152.612,80
2025-01-06 02:25:00,152.618,152.636,152.546,152.562,282
2025-01-06 02:30:00,152.615,152.668,152.551,152.581,319
2025-01-06 02:35:00,152.704,152.726,152.656,152.709,382
2025-01-06 02:40:00,152.694,152.824,152.502,152.617,417
2025-01-06 02:45:00,152.73,152.801,152.699,152.786,369
2025-01-06 02:50:00,152.759,152.859,152.7,152.74,468
2025-01-06 02:55:00,152.847,152.934,152.774,152.842,358
2025-01-06 03:00:00,152.932,152.942,152.836,152.906,339
2025-01-06 03:05:00,152.863,152.961,152.738,152.936,301
2025-01-06 03:10:00,152.886,152.946,152.769,152.893,274
2025-01-06 03:15:00,152.797,152.983,152.71,152.856,384
2025-01-06 03:20:00,152.866,152.958,152.842,152.88,388
2025-01-06 03:25:00,152.901,152.96,152.806,152.909,248
2025-01-06 03:30:00,152.918,153.067,152.8,152.899,143
2025-01-06 03:35:00,152.983,153.065,152.863,152.935,471
2025-01-06 03:40:00,152.91,152.998,152.841,152.954,450
2025-01-06 03:45:00,152.97,153.023,152.807,152.895,307
2025-01-06 03:50:00,152.87,152.931,152.627,152.777,170
2025-01-06 03:55:00,152.808,152.963,152.718,152.811,430
2025-01-06 04:00:00,152.717,152.754,152.57,152.695,132
2025-01-06 04:05:00,152.728,152.834,152.715,152.797,347
2025-01-06 04:10:00,152.788,152.905,152.593,152.725,344
2025-01-06 04:15:00,152.609,152.663,152.542,152.598,186
2025-01-06 04:20:00,152.504,152.688,152.464,152.582,385
2025-01-06 04:25:00,152.627,152.786,152.504,152.63,172
2025-01-06 04:30:00,152.579,152.625,152.427,152.556,319
2025-01-06 04:35:00,152.638,152.709,152.529,152.602,121
2025-01-06 04:40:00,152.612,152.649,152.536,152.637,447
2025-01-06 04:45:00,152.62,152.73,152.478,152.582,298
2025-01-06 04:50:00,152.567,152.673,152.543,152.583,498
2025-01-06 04:55:00,152.664,152.679,152.487,152.617,416
2025-01-06 05:00:00,152.564,152.615,152.488,152.597,264
2025-01-06 05:05:00,152.752,152.849,152.722,152.75,210
2025-01-06 05:10:00,152.759,152.952,152.601,152.808,296
2025-01-06 05:15:00,152.802,152.931,152.634,152.784,397
2025-01-06 05:20:00,152.851,152.87,152.709,152.837,315
2025-01-06 05:25:00,152.715,152.735,152.622,152.698,389
2025-01-06 05:30:00,152.794,152.939,152.646,152.817,164
2025-01-06 05:35:00,152.754,152.84,152.587,152.705,417
2025-01-06 05:40:00,152.834,152.848,152.719,152.779,117
2025-01-06 05:45:00,152.776,152.867,152.634,152.778,433
2025-01-06 05:50:00,152.768,152.897,152.683,152.754,437
2025-01-06 05:55:00,152.867,152.945,152.783,152.808,246
2025-01-06 06:00:00,152.665,152.77,152.581,152.759,363
2025-01-06 06:05:00,152.751,152.923,152.594,152.769,469
2025-01-06 06:10:00,152.612,152.818,152.597,152.666,242
2025-01-06 06:15:00,152.582,152.724,152.524,152.618,245
2025-01-06 06:20:00,152.607,152.753,152.528,152.589,358
2025-01-06 06:25:00,152.641,152.768,152.423,152.565,106
2025-01-06 06:30:00,152.562,152.63,152.397,152.536,124
2025-01-06 06:35:00,152.563,152.598,152.481,152.495,411
2025-01-06 06:40:00,152.314,152.466,152.216,152.406,210
2025-01-06 06:45:00,152.486,152.648,152.367,152.497,299
2025-01-06 06:50:00,152.515,152.618,152.366,152.478,447
2025-01-06 06:55:00,152.284,152.459,152.135,152.345,291
2025-01-06 07:00:00,152.323,152.374,152.219,152.334,236
2025-01-06 07:05:00,152.247,152.283,152.099,152.234,281
2025-01-06 07:10:00,152.503,152.623,152.372,152.437,51
2025-01-06 07:15:00,152.383,152.467,152.225,152.39,418
2025-01-06 07:20:00,152.175,152.319,152.139,152.268,118
2025-01-06 07:25:00,152.357,152.405,152.286,152.327,146
2025-01-06 07:30:00,152.283,152.377,152.155,152.263,127
2025-01-06 07:35:00,152.181,152.333,152.021,152.2,264
2025-01-06 07:40:00,152.33,152.438,152.251,152.358,441
2025-01-06 07:45:00,152.634,152.697,152.587,152.632,464
2025-01-06 07:50:00,152.644,152.722,152.468,152.603,84
2025-01-06 07:55:00,152.634,152.792,152.621,152.646,52
2025-01-06 08:00:00,152.616,152.797,152.487,152.648,444
2025-01-06 08:05:00,152.711,152.785,152.517,152.632,474
2025-01-06 08:10:00,152.591,152.743,152.449,152.605,171
2025-01-06 08:15:00,152.58,152.652,152.559,152.622,473
2025-01-06 08:20:00,152.609,152.767,152.579,152.64,433
2025-01-06 08:25:00,152.733,152.897,152.593,152.757,496
2025-01-06 08:30:00,152.877,153.023,152.716,152.827,252
2025-01-06 08:35:00,152.803,152.864,152.659,152.825,243
2025-01-06 08:40:00,152.821,152.91,152.72,152.758,56
2025-01-06 08:45:00,152.706,152.812,152.604,152.74,480
2025-01-06 08:50:00,152.722,152.804,152.645,152.712,418
2025-01-06 08:55:00,152.745,152.862,152.623,152.746,475
2025-01-06 09:00:00,152.72,152.877,152.601,152.739,157
2025-01-06 09:05:00,152.656,152.717,152.494,152.598,359
2025-01-06 09:10:00,152.512,152.656,152.445,152.507,447
2025-01-06 09:15:00,152.617,152.827,152.526,152.673,82
2025-01-06 09:20:00,152.741,152.9,152.567,152.664,175
2025-01-06 09:25:00,152.787,152.858,152.684,152.738,345
2025-01-06 09:30:00,152.698,152.864,152.583,152.748,243
2025-01-06 09:35:00,152.689,152.813,152.629,152.737,245
2025-01-06 09:40:00,152.762,152.837,152.727,152.785,383
2025-01-06 09:45:00,152.709,152.858,152.674,152.778,330
2025-01-06 09:50:00,152.893,153.021,152.818,152.889,498
2025-01-06 09:55:00,152.826,152.977,152.725,152.833,486
2025-01-06 10:00:00,152.802,152.871,152.671,152.79,294
2025-01-06 10:05:00,152.711,152.824,152.621,152.752,109
2025-01-06 10:10:00,152.648,152.845,152.582,152.753,70
2025-01-06 10:15:00,152.703,152.84,152.535,152.675,276
2025-01-06 10:20:00,152.758,152.844,152.686,152.73,74
2025-01-06 10:25:00,152.669,152.718,152.55,152.675,144
2025-01-06 10:30:00,152.546,152.615,152.408,152.563,62
2025-01-06 10:35:00,152.77,152.799,152.574,152.733,92
2025-01-06 10:40:00,152.788,152.911,152.638,152.735,140
2025-01-06 10:45:00,152.714,152.799,152.619,152.676,447
2025-01-06 10:50:00,152.753,152.86,152.6,152.722,82
2025-01-06 10:55:00,152.776,152.913,152.734,152.779,284
2025-01-06 11:00:00,152.626,152.745,152.493,152.645,369
2025-01-06 11:05:00,152.689,152.793,152.601,152.751,165
2025-01-06 11:10:00,152.797,152.855,152.638,152.756,339
2025-01-06 11:15:00,152.71,152.796,152.583,152.719,254
2025-01-06 11:20:00,152.887,152.995,152.804,152.849,128
2025-01-06 11:25:00,152.96,152.997,152.81,152.906,165
2025-01-06 11:30:00,153.012,153.104,152.802,152.958,369
2025-01-06 11:35:00,152.845,153.051,152.831,152.923,61
2025-01-06 11:40:00,152.973,153.051,152.769,152.924,399
2025-01-06 11:45:00,153.017,153.112,152.832,152.954,250
2025-01-06 11:50:00,152.966,153.09,152.883,152.931,315
2025-01-06 11:55:00,152.777,152.925,152.616,152.773,78
2025-01-06 12:00:00,152.862,152.907,152.688,152.833,248
2025-01-06 12:05:00,152.827,152.928,152.675,152.831,307
2025-01-06 12:10:00,152.769,152.905,152.607,152.757,402
2025-01-06 12:15:00,152.838,152.862,152.662,152.765,399
2025-01-06 12:20:00,152.744,152.921,152.686,152.77,127
2025-01-06 12:25:00,152.738,152.911,152.605,152.771,261
2025-01-06 12:30:00,152.684,152.841,152.66,152.689,98
2025-01-06 12:35:00,152.732,152.857,152.692,152.716,279
2025-01-06 12:40:00,152.744,152.854,152.678,152.759,235
2025-01-06 12:45:00,152.945,152.968,152.863,152.917,495
2025-01-06 12:50:00,153.002,153.148,152.904,152.95,426
2025-01-06 12:55:00,152.818,152.911,152.664,152.804,384
2025-01-06 13:00:00,152.764,152.853,152.703,152.768,361
2025-01-06 13:05:00,152.867,152.97,152.783,152.847,274
2025-01-06 13:10:00,152.7,152.849,152.545,152.705,404
2025-01-06 13:15:00,152.579,152.663,152.439,152.547,68
2025-01-06 13:20:00,152.518,152.605,152.502,152.572,182
2025-01-06 13:25:00,152.584,152.711,152.463,152.627,310
2025-01-06 13:30:00,152.667,152.714,152.531,152.696,333
2025-01-06 13:35:00,152.744,152.906,152.643,152.759,142
2025-01-06 13:40:00,152.928,152.97,152.822,152.951,210
2025-01-06 13:45:00,152.949,153.097,152.793,152.975,324
2025-01-06 13:50:00,153.047,153.131,152.915,153.037,105
2025-01-06 13:55:00,153.184,153.282,153.063,153.167,349
2025-01-06 14:00:00,153.159,153.18,153.084,153.152,390
2025-01-06 14:05:00,153.145,153.314,153.085,153.165,428
2025-01-06 14:10:00,153.034,153.098,152.98,153.003,440
2025-01-06 14:15:00,153.045,153.181,152.965,153.015,283
2025-01-06 14:20:00,153.05,153.074,152.971,153.061,419
2025-01-06 14:25:00,153.079,153.235,152.961,153.131,126
2025-01-06 14:30:00,153.051,153.21,152.946,153.082,76
2025-01-06 14:35:00,152.969,153.015,152.916,152.964,217
2025-01-06 14:40:00,153.048,153.195,152.967,153.013,294
2025-01-06 14:45:00,152.923,153.063,152.764,152.869,189
2025-01-06 14:50:00,152.899,152.987,152.706,152.848,396
2025-01-06 14:55:00,152.949,153.059,152.839,152.895,429
2025-01-06 15:00:00,152.893,152.905,152.797,152.829,452
2025-01-06 15:05:00,152.761,152.807,152.741,152.759,266
2025-01-06 15:10:00,152.741,152.84,152.692,152.737,259
2025-01-06 15:15:00,152.726,152.866,152.572,152.764,62
2025-01-06 15:20:00,152.868,152.991,152.693,152.834,261
2025-01-06 15:25:00,152.798,152.942,152.59,152.733,327
2025-01-06 15:30:00,152.869,152.994,152.686,152.799,93
2025-01-06 15:35:00,152.726,152.778,152.652,152.736,63
2025-01-06 15:40:00,152.765,152.789,152.707,152.723,465
2025-01-06 15:45:00,152.574,152.69,152.496,152.592,56
2025-01-06 15:50:00,152.585,152.604,152.454,152.571,314
2025-01-06 15:55:00,152.59,152.746,152.478,152.593,160
2025-01-06 16:00:00,152.559,152.606,152.501,152.575,120
2025-01-06 16:05:00,152.68,152.828,152.504,152.638,396
2025-01-06 16:10:00,152.666,152.745,152.53,152.597,443
2025-01-06 16:15:00,152.578,152.661,152.518,152.553,60
2025-01-06 16:20:00,152.504,152.559,152.342,152.485,419
2025-01-06 16:25:00,152.503,152.625,152.403,152.585,129
2025-01-06 16:30:00,152.504,152.623,152.482,152.539,139
2025-01-06 16:35:00,152.597,152.643,152.554,152.594,169
2025-01-06 16:40:00,152.475,152.695,152.335,152.536,100
2025-01-06 16:45:00,152.614,152.695,152.578,152.617,227
2025-01-06 16:50:00,152.623,152.773,152.555,152.665,355
2025-01-06 16:55:00,152.666,152.72,152.548,152.703,319
2025-01-06 17:00:00,152.65,152.68,152.558,152.609,93
2025-01-06 17:05:00,152.743,152.832,152.553,152.706,331
2025-01-06 17:10:00,152.708,152.892,152.653,152.741,386
2025-01-06 17:15:00,152.756,152.921,152.626,152.801,227
2025-01-06 17:20:00,152.696,152.829,152.672,152.756,148
2025-01-06 17:25:00,152.768,152.804,152.614,152.772,261
2025-01-06 17:30:00,152.672,152.81,152.568,152.677,256
2025-01-06 17:35:00,152.625,152.653,152.533,152.632,96
2025-01-06 17:40:00,152.619,152.742,152.536,152.602,175
2025-01-06 17:45:00,152.699,152.776,152.673,152.726,154
2025-01-06 17:50:00,152.621,152.714,152.537,152.668,414
2025-01-06 17:55:00,152.704,152.824,152.58,152.704,453
2025-01-06 18:00:00,152.64,152.65,152.484,152.637,374
2025-01-06 18:05:00,152.586,152.687,152.466,152.579,287
2025-01-06 18:10:00,152.627,152.697,152.478,152.64,123
2025-01-06 18:15:00,152.594,152.739,152.555,152.587,469
2025-01-06 18:20:00,152.72,152.92,152.574,152.768,413
2025-01-06 18:25:00,152.797,152.969,152.703,152.839,323
2025-01-06 18:30:00,152.691,152.82,152.527,152.669,418
2025-01-06 18:35:00,152.608,152.743,152.435,152.576,215
2025-01-06 18:40:00,152.472,152.595,152.351,152.448,146
2025-01-06 18:45:00,152.526,152.635,152.499,152.564,479
2025-01-06 18:50:00,152.742,152.865,152.495,152.649,235
2025-01-06 18:55:00,152.667,152.763,152.573,152.655,412
2025-01-06 19:00:00,152.701,152.819,152.512,152.655,341
2025-01-06 19:05:00,152.676,152.76,152.661,152.692,76
2025-01-06 19:10:00,152.839,152.981,152.735,152.817,466
2025-01-06 19:15:00,152.78,152.884,152.632,152.853,283
2025-01-06 19:20:00,152.952,153.085,152.881,152.898,210
2025-01-06 19:25:00,152.918,153.065,152.822,152.909,457
2025-01-06 19:30:00,152.793,152.903,152.689,152.837,244
2025-01-06 19:35:00,152.686,152.805,152.634,152.736,259
2025-01-06 19:40:00,152.556,152.681,152.417,152.525,369
2025-01-06 19:45:00,152.452,152.547,152.32,152.517,81
2025-01-06 19:50:00,152.642,152.742,152.507,152.64,401
2025-01-06 19:55:00,152.559,152.724,152.411,152.614,393
2025-01-06 20:00:00,152.681,152.793,152.666,152.701,461
2025-01-06 20:05:00,152.584,152.622,152.447,152.603,340
2025-01-06 20:10:00,152.584,152.729,152.559,152.583,221
2025-01-06 20:15:00,152.536,152.728,152.487,152.574,417
2025-01-06 20:20:00,152.675,152.743,152.547,152.652,50
2025-01-06 20:25:00,152.626,152.698,152.492,152.635,164
2025-01-06 20:30:00,152.715,152.879,152.564,152.765,139
2025-01-06 20:35:00,152.765,152.91,152.637,152.743,240
2025-01-06 20:40:00,152.724,152.779,152.668,152.701,361
2025-01-06 20:45:00,152.809,152.859,152.773,152.79,248
2025-01-06 20:50:00,152.622,152.71,152.494,152.651,334
2025-01-06 20:55:00,152.731,152.863,152.603,152.763,86
2025-01-06 21:00:00,152.888,153.004,152.68,152.839,441
2025-01-06 21:05:00,152.853,152.921,152.827,152.851,337
2025-01-06 21:10:00,153.036,153.098,152.876,152.983,283
2025-01-06 21:15:00,152.976,153.062,152.922,152.957,66
2025-01-06 21:20:00,152.837,152.93,152.717,152.87,373
2025-01-06 21:25:00,152.805,152.914,152.76,152.809,109
2025-01-06 21:30:00,152.883,153.006,152.727,152.881,98
2025-01-06 21:35:00,152.778,152.902,152.63,152.862,249
2025-01-06 21:40:00,152.897,152.983,152.826,152.95,465
2025-01-06 21:45:00,153.117,153.21,153.015,153.172,303
2025-01-06 21:50:00,153.062,153.114,153.019,153.083,261
2025-01-06 21:55:00,153.174,153.192,153.027,153.168,354
2025-01-06 22:00:00,153.259,153.36,153.107,153.283,384
2025-01-06 22:05:00,153.467,153.521,153.309,153.433,377
2025-01-06 22:10:00,153.373,153.422,153.302,153.386,196
2025-01-06 22:15:00,153.416,153.485,153.342,153.399,359
2025-01-06 22:20:00,153.484,153.638,153.443,153.495,53
2025-01-06 22:25:00,153.633,153.699,153.519,153.624,178
2025-01-06 22:30:00,153.485,153.702,153.35,153.58,168
2025-01-06 22:35:00,153.656,153.81,153.475,153.627,465
2025-01-06 22:40:00,153.574,153.711,153.489,153.55,325
2025-01-06 22:45:00,153.502,153.553,153.435,153.474,369
2025-01-06 22:50:00,153.607,153.624,153.382,153.528,188
2025-01-06 22:55:00,153.485,153.622,153.375,153.467,484
2025-01-06 23:00:00,153.385,153.497,153.35,153.419,353
2025-01-06 23:05:00,153.293,153.477,153.224,153.35,327
2025-01-06 23:10:00,153.472,153.562,153.25,153.344,403
2025-01-06 23:15:00,153.15,153.385,153.136,153.231,299
2025-01-06 23:20:00,153.206,153.393,153.177,153.254,174
2025-01-06 23:25:00,153.385,153.401,153.342,153.352,155
2025-01-06 23:30:00,153.321,153.443,153.195,153.369,274
2025-01-06 23:35:00,153.456,153.521,153.406,153.455,453
2025-01-06 23:40:00,153.575,153.648,153.474,153.56,294
2025-01-06 23:45:00,153.585,153.699,153.505,153.571,82
2025-01-06 23:50:00,153.416,153.536,153.347,153.47,343
2025-01-06 23:55:00,153.475,153.542,153.364,153.438,387
2025-01-07 00:00:00,153.526,153.615,153.345,153.484,494
2025-01-07 00:05:00,153.423,153.507,153.265,153.41,238
2025-01-07 00:10:00,153.416,153.517,153.362,153.389,203
2025-01-07 00:15:00,153.237,153.382,153.086,153.253,179
2025-01-07 00:20:00,153.349,153.433,153.286,153.344,203
2025-01-07 00:25:00,153.294,153.436,153.202,153.299,489
2025-01-07 00:30:00,153.347,153.476,153.208,153.358,459
2025-01-07 00:35:00,153.537,153.603,153.501,153.547,451
2025-01-07 00:40:00,153.805,153.961,153.598,153.744,426
2025-01-07 00:45:00,153.564,153.723,153.413,153.593,473
2025-01-07 00:50:00,153.517,153.654,153.376,153.489,150
2025-01-07 00:55:00,153.419,153.493,153.403,153.421,359
2025-01-07 01:00:00,153.394,153.493,153.382,153.439,371
2025-01-07 01:05:00,153.368,153.403,153.225,153.368,175
2025-01-07 01:10:00,153.306,153.468,153.237,153.317,348
2025-01-07 01:15:00,153.339,153.498,153.281,153.353,58
2025-01-07 01:20:00,153.386,153.551,153.268,153.423,345
2025-01-07 01:25:00,153.426,153.517,153.331,153.427,106
2025-01-07 01:30:00,153.437,153.542,153.413,153.431,450
2025-01-07 01:35:00,153.603,153.647,153.479,153.55,327
2025-01-07 01:40:00,153.588,153.699,153.514,153.622,413
2025-01-07 01:45:00,153.636,153.766,153.514,153.603,446
2025-01-07 01:50:00,153.405,153.563,153.33,153.401,453
2025-01-07 01:55:00,153.493,153.51,153.409,153.454,443
2025-01-07 02:00:00,153.51,153.563,153.318,153.47,310
2025-01-07 02:05:00,153.42,153.576,153.305,153.512,107
2025-01-07 02:10:00,153.469,153.49,153.329,153.469,81
2025-01-07 02:15:00,153.438,153.512,153.248,153.386,276
2025-01-07 02:20:00,153.306,153.422,153.22,153.304,455
2025-01-07 02:25:00,153.369,153.457,153.278,153.373,358
2025-01-07 02:30:00,153.499,153.595,153.4,153.481,195
2025-01-07 02:35:00,153.547,153.582,153.356,153.502,331
2025-01-07 02:40:00,153.519,153.639,153.508,153.537,103
2025-01-07 02:45:00,153.583,153.689,153.445,153.574,391
2025-01-07 02:50:00,153.545,153.662,153.434,153.555,396
2025-01-07 02:55:00,153.726,153.743,153.555,153.695,452
2025-01-07 03:00:00,153.69,153.817,153.576,153.663,256
2025-01-07 03:05:00,153.761,153.899,153.657,153.762,342
2025-01-07 03:10:00,153.8,153.851,153.699,153.816,246
2025-01-07 03:15:00,153.727,153.787,153.702,153.727,426
2025-01-07 03:20:00,153.653,153.746,153.504,153.65,480
2025-01-07 03:25:00,153.635,153.723,153.495,153.634,418
2025-01-07 03:30:00,153.65,153.779,153.603,153.646,484
2025-01-07 03:35:00,153.496,153.633,153.328,153.446,456
2025-01-07 03:40:00,153.355,153.456,153.208,153.387,138
2025-01-07 03:45:00,153.382,153.437,153.348,153.387,341
2025-01-07 03:50:00,153.363,153.431,153.294,153.404,278
2025-01-07 03:55:00,153.448,153.571,153.348,153.412,135
2025-01-07 04:00:00,153.448,153.5,153.288,153.395,169
2025-01-07 04:05:00,153.446,153.498,153.366,153.437,161
2025-01-07 04:10:00,153.469,153.598,153.247,153.393,312
2025-01-07 04:15:00,153.329,153.5,153.258,153.387,362
2025-01-07 04:20:00,153.241,153.348,153.153,153.269,485
2025-01-07 04:25:00,153.263,153.36,153.143,153.274,115
2025-01-07 04:30:00,153.324,153.431,153.2,153.259,479
2025-01-07 04:35:00,153.227,153.304,153.144,153.206,424
2025-01-07 04:40:00,153.196,153.249,153.038,153.166,54
2025-01-07 04:45:00,153.105,153.19,153.036,153.155,247
2025-01-07 04:50:00,153.204,153.299,153.04,153.191,165
2025-01-07 04:55:00,153.192,153.222,153.145,153.168,63
2025-01-07 05:00:00,153.3,153.321,153.19,153.278,343
2025-01-07 05:05:00,153.273,153.429,153.221,153.261,121
2025-01-07 05:10:00,153.223,153.379,153.093,153.237,80
2025-01-07 05:15:00,153.251,153.375,153.239,153.286,159
2025-01-07 05:20:00,153.184,153.223,153.171,153.212,184
2025-01-07 05:25:00,153.271,153.345,153.26,153.324,423
2025-01-07 05:30:00,153.437,153.555,153.339,153.433,282
2025-01-07 05:35:00,153.549,153.681,153.495,153.513,459
2025-01-07 05:40:00,153.588,153.675,153.544,153.618,62
2025-01-07 05:45:00,153.701,153.753,153.587,153.605,499
2025-01-07 05:50:00,153.654,153.813,153.587,153.643,57
2025-01-07 05:55:00,153.722,153.754,153.57,153.714,203
2025-01-07 06:00:00,153.772,153.886,153.671,153.755,328
2025-01-07 06:05:00,153.748,153.809,153.68,153.773,132
2025-01-07 06:10:00,153.844,153.93,153.74,153.858,76
2025-01-07 06:15:00,153.851,153.889,153.76,153.818,498
2025-01-07 06:20:00,153.846,153.992,153.696,153.852,100
2025-01-07 06:25:00,153.824,153.951,153.753,153.817,459
2025-01-07 06:30:00,153.849,153.9,153.777,153.802,344
2025-01-07 06:35:00,153.667,153.842,153.588,153.726,433
2025-01-07 06:40:00,153.8,153.836,153.72,153.78,410
2025-01-07 06:45:00,153.767,153.839,153.67,153.73,430
2025-01-07 06:50:00,153.765,153.882,153.663,153.695,298
2025-01-07 06:55:00,153.886,153.923,153.643,153.751,391
2025-01-07 07:00:00,153.703,153.828,153.664,153.722,328
2025-01-07 07:05:00,153.685,153.823,153.583,153.693,336
2025-01-07 07:10:00,153.557,153.737,153.472,153.621,467
2025-01-07 07:15:00,153.65,153.763,153.523,153.631,276
2025-01-07 07:20:00,153.671,153.837,153.611,153.686,492
2025-01-07 07:25:00,153.786,153.89,153.695,153.845,72
2025-01-07 07:30:00,153.835,153.93,153.794,153.85,475
2025-01-07 07:35:00,153.724,153.87,153.573,153.75,63
2025-01-07 07:40:00,153.735,153.891,153.678,153.74,418
2025-01-07 07:45:00,153.749,153.792,153.589,153.723,497
2025-01-07 07:50:00,153.724,153.769,153.578,153.695,139
2025-01-07 07:55:00,153.759,153.886,153.604,153.804,307
2025-01-07 08:00:00,153.905,154.002,153.887,153.925,434
2025-01-07 08:05:00,153.858,154.029,153.847,153.909,190
2025-01-07 08:10:00,153.884,154.023,153.711,153.86,149
2025-01-07 08:15:00,153.846,153.894,153.693,153.836,172
2025-01-07 08:20:00,153.913,154.04,153.761,153.902,290
2025-01-07 08:25:00,153.727,153.762,153.676,153.746,170
2025-01-07 08:30:00,153.897,154.005,153.797,153.871,451
2025-01-07 08:35:00,153.977,154.076,153.919,153.959,214
2025-01-07 08:40:00,153.966,154.064,153.909,153.981,189
2025-01-07 08:45:00,153.939,154.086,153.884,153.982,437
2025-01-07 08:50:00,154.018,154.166,153.996,154.056,52
2025-01-07 08:55:00,154.019,154.086,153.881,154.041,56
2025-01-07 09:00:00,154.098,154.216,153.878,154.029,281
2025-01-07 09:05:00,153.947,154.09,153.813,153.958,449
2025-01-07 09:10:00,153.894,153.904,153.82,153.88,50
2025-01-07 09:15:00,154.026,154.065,153.918,154.023,51
2025-01-07 09:20:00,154.066,154.207,153.926,154.105,350
2025-01-07 09:25:00,154.055,154.212,153.953,154.088,492
2025-01-07 09:30:00,154.117,154.204,154.088,154.111,224
2025-01-07 09:35:00,154.102,154.27,153.973,154.123,477
2025-01-07 09:40:00,154.045,154.168,153.926,154.046,176
2025-01-07 09:45:00,153.857,153.965,153.697,153.856,183
2025-01-07 09:50:00,153.714,153.768,153.616,153.723,226
2025-01-07 09:55:00,153.711,153.845,153.593,153.705,186
2025-01-07 10:00:00,153.716,153.773,153.664,153.732,182
2025-01-07 10:05:00,153.695,153.823,153.67,153.685,92
2025-01-07 10:10:00,153.825,153.897,153.749,153.813,330
2025-01-07 10:15:00,153.9,154.054,153.818,153.891,291
2025-01-07 10:20:00,153.794,153.97,153.643,153.835,447
2025-01-07 10:25:00,153.989,154.04,153.731,153.88,54
2025-01-07 10:30:00,153.782,153.889,153.731,153.776,174
2025-01-07 10:35:00,153.674,153.715,153.538,153.649,361
2025-01-07 10:40:00,153.525,153.552,153.465,153.505,496
2025-01-07 10:45:00,153.503,153.586,153.468,153.538,445
2025-01-07 10:50:00,153.411,153.509,153.321,153.418,460
2025-01-07 10:55:00,153.513,153.593,153.472,153.527,489
2025-01-07 11:00:00,153.611,153.732,153.559,153.604,170
2025-01-07 11:05:00,153.579,153.71,153.527,153.538,175
2025-01-07 11:10:00,153.535,153.647,153.369,153.481,384
2025-01-07 11:15:00,153.579,153.631,153.381,153.5,294
2025-01-07 11:20:00,153.408,153.542,153.398,153.409,128
2025-01-07 11:25:00,153.331,153.349,153.259,153.325,433
2025-01-07 11:30:00,153.416,153.529,153.279,153.412,94
2025-01-07 11:35:00,153.507,153.613,153.379,153.519,128
2025-01-07 11:40:00,153.578,153.679,153.445,153.621,306
2025-01-07 11:45:00,153.442,153.527,153.35,153.504,92
2025-01-07 11:50:00,153.41,153.531,153.358,153.392,143
2025-01-07 11:55:00,153.29,153.416,153.137,153.3,494
2025-01-07 12:00:00,153.239,153.328,153.067,153.203,71
2025-01-07 12:05:00,153.052,153.211,152.989,153.097,126
2025-01-07 12:10:00,152.937,153.046,152.782,153.017,492
2025-01-07 12:15:00,152.869,152.951,152.846,152.895,103
2025-01-07 12:20:00,152.984,153.057,152.811,152.909,419
2025-01-07 12:25:00,152.938,153.044,152.821,152.879,291
2025-01-07 12:30:00,152.826,153.02,152.69,152.894,141
2025-01-07 12:35:00,152.824,152.972,152.764,152.851,347
2025-01-07 12:40:00,152.791,152.814,152.694,152.791,130
2025-01-07 12:45:00,152.918,152.955,152.847,152.896,123
2025-01-07 12:50:00,152.967,153.085,152.837,152.946,426
2025-01-07 12:55:00,153.009,153.198,152.939,153.048,348
2025-01-07 13:00:00,153.116,153.284,153.027,153.164,135
2025-01-07 13:05:00,153.077,153.264,153.03,153.135,82
2025-01-07 13:10:00,153.287,153.423,153.235,153.26,421
2025-01-07 13:15:00,153.106,153.13,153.027,153.071,489
2025-01-07 13:20:00,153.23,153.349,153.04,153.19,203
2025-01-07 13:25:00,153.27,153.407,153.25,153.285,432
2025-01-07 13:30:00,153.253,153.398,153.102,153.295,257
2025-01-07 13:35:00,153.278,153.463,153.145,153.306,422
2025-01-07 13:40:00,153.288,153.376,153.151,153.257,98
2025-01-07 13:45:00,153.329,153.377,153.313,153.343,479
2025-01-07 13:50:00,153.228,153.363,153.161,153.281,215
2025-01-07 13:55:00,153.352,153.468,153.27,153.341,402
2025-01-07 14:00:00,153.384,153.401,153.249,153.343,301
2025-01-07 14:05:00,153.321,153.384,153.225,153.35,409
2025-01-07 14:10:00,153.226,153.363,153.079,153.264,487
2025-01-07 14:15:00,153.175,153.25,153.06,153.178,399
2025-01-07 14:20:00,153.161,153.175,153.019,153.133,117
2025-01-07 14:25:00,153.137,153.214,153.016,153.162,482
2025-01-07 14:30:00,153.125,153.259,153.013,153.127,133
2025-01-07 14:35:00,153.127,153.194,153.086,153.113,56
2025-01-07 14:40:00,153.114,153.179,152.996,153.026,202
2025-01-07 14:45:00,153.134,153.164,152.946,153.088,410
2025-01-07 14:50:00,153.064,153.201,152.942,153.023,57
2025-01-07 14:55:00,152.852,152.89,152.824,152.835,183
2025-01-07 15:00:00,152.864,152.984,152.736,152.917,396
2025-01-07 15:05:00,153.067,153.182,152.953,153.039,415
2025-01-07 15:10:00,152.832,152.893,152.718,152.88,87
2025-01-07 15:15:00,152.882,152.937,152.766,152.835,109
2025-01-07 15:20:00,153.014,153.065,152.922,152.997,489
2025-01-07 15:25:00,153.097,153.246,152.959,153.08,178
2025-01-07 15:30:00,153.359,153.404,153.101,153.233,428
2025-01-07 15:35:00,153.175,153.306,153.018,153.202,166
2025-01-07 15:40:00,153.008,153.098,152.894,153.075,127
2025-01-07 15:45:00,153.227,153.316,153.076,153.213,53
2025-01-07 15:50:00,153.116,153.193,152.988,153.15,272
2025-01-07 15:55:00,153.298,153.501,153.281,153.367,179
2025-01-07 16:00:00,153.334,153.478,153.152,153.294,327
2025-01-07 16:05:00,153.297,153.414,153.203,153.303,150
2025-01-07 16:10:00,153.318,153.39,153.239,153.277,314
2025-01-07 16:15:00,153.343,153.502,153.266,153.329,130
2025-01-07 16:20:00,153.33,153.431,153.215,153.279,338
2025-01-07 16:25:00,153.336,153.442,153.258,153.364,405
2025-01-07 16:30:00,153.391,153.537,153.335,153.43,364
2025-01-07 16:35:00,153.515,153.634,153.466,153.524,309
2025-01-07 16:40:00,153.4,153.551,153.324,153.382,241
2025-01-07 16:45:00,153.469,153.545,153.286,153.416,247
2025-01-07 16:50:00,153.455,153.555,153.405,153.47,287
2025-01-07 16:55:00,153.546,153.662,153.472,153.542,416
2025-01-07 17:00:00,153.553,153.603,153.52,153.537,215
2025-01-07 17:05:00,153.566,153.672,153.431,153.606,273
2025-01-07 17:10:00,153.447,153.613,153.324,153.486,135
2025-01-07 17:15:00,153.53,153.686,153.376,153.557,422
2025-01-07 17:20:00,153.55,153.622,153.529,153.548,159
2025-01-07 17:25:00,153.52,153.626,153.39,153.528,235
2025-01-07 17:30:00,153.446,153.597,153.267,153.424,217
2025-01-07 17:35:00,153.448,153.54,153.336,153.452,423
2025-01-07 17:40:00,153.62,153.693,153.589,153.606,193
2025-01-07 17:45:00,153.729,153.787,153.583,153.721,90
2025-01-07 17:50:00,153.809,153.846,153.676,153.806,182
2025-01-07 17:55:00,153.757,153.819,153.726,153.791,295
2025-01-07 18:00:00,153.984,154.121,153.937,153.968,366
2025-01-07 18:05:00,154.039,154.197,153.909,154.025,259
2025-01-07 18:10:00,154.068,154.213,153.817,153.964,249
2025-01-07 18:15:00,153.991,154.024,153.895,154.008,191
2025-01-07 18:20:00,153.873,153.971,153.714,153.886,460
2025-01-07 18:25:00,153.942,154.104,153.893,153.954,136
2025-01-07 18:30:00,153.958,154.087,153.792,153.948,76
2025-01-07 18:35:00,154.076,154.104,154.046,154.061,406
2025-01-07 18:40:00,154.089,154.107,153.918,154.066,392
2025-01-07 18:45:00,153.992,154.054,153.889,153.985,439
2025-01-07 18:50:00,153.925,154.077,153.843,153.986,60
2025-01-07 18:55:00,153.961,154.007,153.905,153.949,339
2025-01-07 19:00:00,153.882,153.904,153.78,153.828,107
2025-01-07 19:05:00,153.987,154.04,153.823,153.945,326
2025-01-07 19:10:00,154.022,154.124,153.834,153.952,308
2025-01-07 19:15:00,153.964,154.05,153.862,153.976,361
2025-01-07 19:20:00,154.002,154.031,153.857,153.996,284
2025-01-07 19:25:00,153.972,154.117,153.891,153.983,190
2025-01-07 19:30:00,154.009,154.074,153.945,154.053,395
2025-01-07 19:35:00,154.154,154.228,153.986,154.116,170
2025-01-07 19:40:00,154.102,154.194,154.052,154.096,229
2025-01-07 19:45:00,154.108,154.179,154.01,154.068,332
2025-01-07 19:50:00,153.971,154.044,153.915,153.98,118
2025-01-07 19:55:00,154.03,154.044,153.96,153.999,174
2025-01-07 20:00:00,153.946,154.1,153.906,153.917,287
2025-01-07 20:05:00,153.841,153.969,153.815,153.869,274
2025-01-07 20:10:00,154.037,154.169,153.866,154.017,330
2025-01-07 20:15:00,153.946,154.07,153.846,153.921,227
2025-01-07 20:20:00,153.807,153.891,153.757,153.845,183
2025-01-07 20:25:00,153.772,153.789,153.663,153.707,59
2025-01-07 20:30:00,153.941,154.065,153.791,153.902,100
2025-01-07 20:35:00,153.805,154.059,153.752,153.912,377
2025-01-07 20:40:00,153.864,153.941,153.708,153.885,422
2025-01-07 20:45:00,153.93,153.991,153.794,153.966,64
2025-01-07 20:50:00,153.92,154.033,153.893,153.919,375
2025-01-07 20:55:00,153.919,153.972,153.865,153.955,432
2025-01-07 21:00:00,153.934,154.053,153.755,153.912,351
2025-01-07 21:05:00,153.587,153.783,153.493,153.659,176
2025-01-07 21:10:00,153.542,153.686,153.48,153.565,455
2025-01-07 21:15:00,153.579,153.697,153.299,153.439,289
2025-01-07 21:20:00,153.437,153.488,153.321,153.447,267
2025-01-07 21:25:00,153.33,153.432,153.225,153.345,96
2025-01-07 21:30:00,153.39,153.461,153.27,153.382,79
2025-01-07 21:35:00,153.405,153.562,153.337,153.402,226
2025-01-07 21:40:00,153.373,153.503,153.254,153.388,339
2025-01-07 21:45:00,153.152,153.273,153.112,153.166,438
2025-01-07 21:50:00,153.233,153.364,153.194,153.243,496
2025-01-07 21:55:00,153.218,153.319,153.149,153.249,312
2025-01-07 22:00:00,153.262,153.416,153.195,153.216,114
2025-01-07 22:05:00,153.354,153.418,153.238,153.312,173
2025-01-07 22:10:00,153.402,153.546,153.366,153.388,478
2025-01-07 22:15:00,153.305,153.378,153.202,153.339,462
2025-01-07 22:20:00,153.4,153.45,153.375,153.416,182
2025-01-07 22:25:00,153.353,153.495,153.285,153.386,378
2025-01-07 22:30:00,153.249,153.322,153.208,153.299,479
2025-01-07 22:35:00,153.319,153.476,153.189,153.267,171
2025-01-07 22:40:00,153.302,153.326,153.132,153.288,131
2025-01-07 22:45:00,153.354,153.39,153.322,153.373,450
2025-01-07 22:50:00,153.429,153.49,153.286,153.415,465
2025-01-07 22:55:00,153.405,153.433,153.255,153.423,441
2025-01-07 23:00:00,153.433,153.557,153.288,153.416,420
2025-01-07 23:05:00,153.511,153.652,153.398,153.51,330
2025-01-07 23:10:00,153.602,153.641,153.515,153.575,373
2025-01-07 23:15:00,153.595,153.776,153.539,153.624,461
2025-01-07 23:20:00,153.67,153.802,153.55,153.686,493
2025-01-07 23:25:00,153.657,153.706,153.588,153.68,129
2025-01-07 23:30:00,153.556,153.625,153.503,153.575,165
2025-01-07 23:35:00,153.59,153.735,153.507,153.6,250
2025-01-07 23:40:00,153.59,153.664,153.456,153.622,244
2025-01-07 23:45:00,153.514,153.642,153.359,153.492,278
2025-01-07 23:50:00,153.58,153.721,153.51,153.552,446
2025-01-07 23:55:00,153.432,153.464,153.396,153.44,329
2025-01-08 00:00:00,153.385,153.545,153.243,153.388,332
2025-01-08 00:05:00,153.368,153.389,153.201,153.353,99
2025-01-08 00:10:00,153.411,153.486,153.309,153.328,180
2025-01-08 00:15:00,153.342,153.503,153.283,153.348,495
2025-01-08 00:20:00,153.256,153.385,153.222,153.254,286
2025-01-08 00:25:00,153.273,153.416,153.161,153.272,440
2025-01-08 00:30:00,153.269,153.34,153.131,153.221,431
2025-01-08 00:35:00,153.177,153.207,153.096,153.188,371
2025-01-08 00:40:00,152.99,153.104,152.884,153.047,235
2025-01-08 00:45:00,152.989,153.075,152.895,152.988,63
2025-01-08 00:50:00,153.052,153.11,152.961,153.042,469
2025-01-08 00:55:00,153.088,153.157,152.898,153.025,351
2025-01-08 01:00:00,152.874,153.044,152.831,152.934,240
2025-01-08 01:05:00,152.917,152.983,152.727,152.884,312
2025-01-08 01:10:00,152.885,153.021,152.703,152.856,474
2025-01-08 01:15:00,152.725,152.852,152.659,152.701,91
2025-01-08 01:20:00,152.616,152.8,152.589,152.645,422
2025-01-08 01:25:00,152.713,152.787,152.647,152.728,339
2025-01-08 01:30:00,152.754,152.947,152.613,152.791,239
2025-01-08 01:35:00,152.729,152.925,152.715,152.78,420
2025-01-08 01:40:00,152.838,152.929,152.725,152.79,406
2025-01-08 01:45:00,152.686,152.728,152.624,152.674,109
2025-01-08 01:50:00,152.536,152.686,152.421,152.543,100
2025-01-08 01:55:00,152.392,152.482,152.313,152.363,174
2025-01-08 02:00:00,152.33,152.511,152.209,152.358,180
2025-01-08 02:05:00,152.445,152.565,152.365,152.4,233
2025-01-08 02:10:00,152.37,152.476,152.281,152.431,477
2025-01-08 02:15:00,152.399,152.516,152.275,152.42,229
2025-01-08 02:20:00,152.347,152.483,152.145,152.285,366
2025-01-08 02:25:00,152.389,152.493,152.306,152.388,192
2025-01-08 02:30:00,152.36,152.448,152.244,152.361,168
2025-01-08 02:35:00,152.297,152.356,152.142,152.344,405
2025-01-08 02:40:00,152.23,152.377,152.145,152.242,311
2025-01-08 02:45:00,152.278,152.317,152.257,152.301,160
2025-01-08 02:50:00,152.164,152.182,152.047,152.146,127
2025-01-08 02:55:00,152.055,152.097,151.941,152.077,469
2025-01-08 03:00:00,152.218,152.369,152.089,152.178,443
2025-01-08 03:05:00,152.145,152.172,152.037,152.153,201
2025-01-08 03:10:00,152.094,152.218,152.0,152.097,342
2025-01-08 03:15:00,151.955,152.113,151.843,151.951,227
2025-01-08 03:20:00,151.997,152.06,151.875,152.018,227
2025-01-08 03:25:00,151.963,152.029,151.917,151.966,159
2025-01-08 03:30:00,151.893,152.009,151.815,151.906,65
2025-01-08 03:35:00,151.913,152.031,151.791,151.917,288
2025-01-08 03:40:00,151.958,152.107,151.842,151.951,62
2025-01-08 03:45:00,151.98,152.028,151.901,151.998,271
2025-01-08 03:50:00,151.99,152.137,151.923,151.937,295
2025-01-08 03:55:00,152.114,152.128,151.92,152.056,227
2025-01-08 04:00:00,152.115,152.286,151.98,152.132,449
2025-01-08 04:05:00,152.137,152.221,151.974,152.085,279
2025-01-08 04:10:00,152.009,152.078,151.88,152.057,378
2025-01-08 04:15:00,152.096,152.24,151.858,151.998,217
2025-01-08 04:20:00,152.183,152.225,152.145,152.167,326
2025-01-08 04:25:00,151.971,152.232,151.821,152.088,216
2025-01-08 04:30:00,152.101,152.277,152.038,152.182,161
2025-01-08 04:35:00,152.118,152.215,152.032,152.097,363
2025-01-08 04:40:00,152.14,152.28,152.11,152.151,76
2025-01-08 04:45:00,152.224,152.297,152.107,152.216,261
2025-01-08 04:50:00,152.412,152.532,152.23,152.349,462
2025-01-08 04:55:00,152.258,152.283,152.101,152.237,115
2025-01-08 05:00:00,152.159,152.222,152.041,152.164,84
2025-01-08 05:05:00,152.029,152.105,151.882,152.044,55
2025-01-08 05:10:00,152.094,152.163,151.963,152.05,274
2025-01-08 05:15:00,152.086,152.176,152.037,152.055,447
2025-01-08 05:20:00,152.13,152.217,152.074,152.089,81
2025-01-08 05:25:00,152.049,152.14,151.969,152.052,405
2025-01-08 05:30:00,152.152,152.303,152.062,152.166,354
2025-01-08 05:35:00,152.2,152.242,152.02,152.134,340
2025-01-08 05:40:00,152.262,152.433,152.132,152.286,243
2025-01-08 05:45:00,152.169,152.282,152.088,152.249,148
2025-01-08 05:50:00,152.364,152.468,152.184,152.324,387
2025-01-08 05:55:00,152.297,152.332,152.176,152.305,302
2025-01-08 06:00:00,152.34,152.475,152.301,152.373,385
2025-01-08 06:05:00,152.539,152.664,152.514,152.565,368
2025-01-08 06:10:00,152.597,152.691,152.461,152.569,112
2025-01-08 06:15:00,152.602,152.757,152.547,152.658,132
2025-01-08 06:20:00,152.576,152.782,152.451,152.631,55
2025-01-08 06:25:00,152.684,152.709,152.644,152.66,223
2025-01-08 06:30:00,152.364,152.561,152.215,152.415,208
2025-01-08 06:35:00,152.286,152.444,152.185,152.273,326
2025-01-08 06:40:00,152.294,152.461,152.231,152.311,481
2025-01-08 06:45:00,152.356,152.412,152.256,152.39,259
2025-01-08 06:50:00,152.395,152.54,152.202,152.346,147
2025-01-08 06:55:00,152.243,152.346,152.113,152.245,285
2025-01-08 07:00:00,152.182,152.304,152.153,152.164,119
2025-01-08 07:05:00,152.196,152.322,152.125,152.185,311
2025-01-08 07:10:00,152.233,152.393,152.17,152.224,252
2025-01-08 07:15:00,152.146,152.257,152.07,152.202,378
2025-01-08 07:20:00,152.084,152.274,152.032,152.132,385
2025-01-08 07:25:00,152.086,152.171,151.922,152.063,393
2025-01-08 07:30:00,152.086,152.248,152.039,152.132,318
2025-01-08 07:35:00,151.943,152.09,151.754,151.88,147
2025-01-08 07:40:00,152.03,152.12,151.94,151.969,85
2025-01-08 07:45:00,151.92,152.035,151.729,151.866,402
2025-01-08 07:50:00,151.828,151.928,151.814,151.836,470
2025-01-08 07:55:00,151.866,152.019,151.837,151.935,81
2025-01-08 08:00:00,151.832,151.934,151.696,151.826,397
2025-01-08 08:05:00,151.963,152.067,151.848,151.989,282
2025-01-08 08:10:00,151.91,152.094,151.875,151.958,423
2025-01-08 08:15:00,152.049,152.108,151.979,152.058,138
2025-01-08 08:20:00,151.964,151.978,151.837,151.956,81
2025-01-08 08:25:00,151.917,152.027,151.887,151.946,194
2025-01-08 08:30:00,151.853,152.027,151.843,151.89,408
2025-01-08 08:35:00,151.667,151.855,151.509,151.752,284
2025-01-08 08:40:00,151.613,151.802,151.576,151.733,394
2025-01-08 08:45:00,151.678,151.71,151.547,151.666,167
2025-01-08 08:50:00,151.642,151.725,151.504,151.578,262
2025-01-08 08:55:00,151.638,151.668,151.539,151.608,110
2025-01-08 09:00:00,151.587,151.636,151.435,151.567,57
2025-01-08 09:05:00,151.581,151.672,151.532,151.637,449
2025-01-08 09:10:00,151.573,151.694,151.538,151.614,194
2025-01-08 09:15:00,151.711,151.724,151.53,151.609,130
2025-01-08 09:20:00,151.746,151.763,151.557,151.695,285
2025-01-08 09:25:00,151.656,151.788,151.623,151.676,163
2025-01-08 09:30:00,151.734,151.787,151.583,151.706,53
2025-01-08 09:35:00,151.852,151.98,151.748,151.767,199
2025-01-08 09:40:00,151.751,151.834,151.652,151.77,327
2025-01-08 09:45:00,151.686,151.779,151.569,151.656,196
2025-01-08 09:50:00,151.615,151.747,151.468,151.672,76
2025-01-08 09:55:00,151.771,151.938,151.637,151.803,317
2025-01-08 10:00:00,151.814,151.966,151.708,151.761,249
2025-01-08 10:05:00,151.85,151.903,151.732,151.809,461
2025-01-08 10:10:00,151.721,151.913,151.577,151.755,441
2025-01-08 10:15:00,151.597,151.715,151.563,151.672,150
2025-01-08 10:20:00,151.519,151.738,151.422,151.601,76
2025-01-08 10:25:00,151.621,151.768,151.536,151.661,359
2025-01-08 10:30:00,151.636,151.778,151.602,151.692,76
2025-01-08 10:35:00,151.71,151.732,151.639,151.679,95
2025-01-08 10:40:00,151.736,151.752,151.621,151.701,478
2025-01-08 10:45:00,151.726,151.864,151.619,151.715,414
2025-01-08 10:50:00,151.845,151.866,151.685,151.809,362
2025-01-08 10:55:00,151.767,151.885,151.675,151.82,310
2025-01-08 11:00:00,151.822,152.006,151.677,151.85,453
2025-01-08 11:05:00,151.777,151.957,151.649,151.805,449
2025-01-08 11:10:00,151.752,151.774,151.59,151.721,246
2025-01-08 11:15:00,151.899,151.943,151.784,151.885,326
2025-01-08 11:20:00,151.864,151.926,151.816,151.893,398
2025-01-08 11:25:00,151.889,152.027,151.825,151.885,422
2025-01-08 11:30:00,151.851,151.967,151.758,151.835,490
2025-01-08 11:35:00,151.871,151.882,151.708,151.867,367
2025-01-08 11:40:00,151.823,151.958,151.672,151.773,351
2025-01-08 11:45:00,151.772,151.803,151.621,151.774,286
2025-01-08 11:50:00,151.679,151.817,151.572,151.745,405
2025-01-08 11:55:00,151.747,151.879,151.715,151.781,164
2025-01-08 12:00:00,151.779,151.842,151.59,151.75,98
2025-01-08 12:05:00,151.675,151.764,151.607,151.724,371
2025-01-08 12:10:00,151.751,151.825,151.58,151.714,202
2025-01-08 12:15:00,151.726,151.825,151.628,151.721,242
2025-01-08 12:20:00,151.691,151.77,151.533,151.722,147
2025-01-08 12:25:00,151.725,151.874,151.683,151.758,434
2025-01-08 12:30:00,151.814,151.868,151.736,151.833,356
2025-01-08 12:35:00,151.824,151.861,151.71,151.835,93
2025-01-08 12:40:00,151.689,151.838,151.662,151.751,271
2025-01-08 12:45:00,151.706,151.814,151.53,151.69,427
2025-01-08 12:50:00,151.604,151.739,151.481,151.602,499
2025-01-08 12:55:00,151.419,151.556,151.282,151.438,160
2025-01-08 13:00:00,151.303,151.502,151.168,151.391,129
2025-01-08 13:05:00,151.376,151.469,151.288,151.327,210
2025-01-08 13:10:00,151.363,151.456,151.214,151.357,467
2025-01-08 13:15:00,151.402,151.431,151.36,151.395,247
2025-01-08 13:20:00,151.548,151.678,151.347,151.464,227
2025-01-08 13:25:00,151.437,151.563,151.326,151.44,438
2025-01-08 13:30:00,151.532,151.705,151.506,151.545,326
2025-01-08 13:35:00,151.596,151.719,151.54,151.627,376
2025-01-08 13:40:00,151.498,151.675,151.485,151.554,423
2025-01-08 13:45:00,151.597,151.745,151.408,151.552,321
2025-01-08 13:50:00,151.618,151.747,151.585,151.657,267
2025-01-08 13:55:00,151.436,151.523,151.332,151.46,375
2025-01-08 14:00:00,151.531,151.564,151.439,151.462,467
2025-01-08 14:05:00,151.486,151.629,151.339,151.503,379
2025-01-08 14:10:00,151.54,151.676,151.375,151.531,220
2025-01-08 14:15:00,151.42,151.582,151.409,151.451,496
2025-01-08 14:20:00,151.397,151.438,151.334,151.416,145
2025-01-08 14:25:00,151.416,151.557,151.273,151.354,246
2025-01-08 14:30:00,151.339,151.459,151.326,151.367,143
2025-01-08 14:35:00,151.318,151.454,151.171,151.305,142
2025-01-08 14:40:00,151.231,151.263,151.144,151.227,296
2025-01-08 14:45:00,151.214,151.278,151.053,151.209,433
2025-01-08 14:50:00,151.264,151.316,151.027,151.187,106
2025-01-08 14:55:00,151.271,151.382,151.17,151.278,204
2025-01-08 15:00:00,151.448,151.47,151.209,151.364,272
2025-01-08 15:05:00,151.446,151.569,151.353,151.435,495
2025-01-08 15:10:00,151.434,151.508,151.331,151.445,478
2025-01-08 15:15:00,151.451,151.484,151.287,151.383,83
2025-01-08 15:20:00,151.262,151.423,151.213,151.267,272
2025-01-08 15:25:00,151.223,151.278,151.09,151.191,475
2025-01-08 15:30:00,151.076,151.148,150.988,151.129,343
2025-01-08 15:35:00,151.117,151.182,150.985,151.105,270
2025-01-08 15:40:00,151.167,151.195,151.029,151.148,73
2025-01-08 15:45:00,151.135,151.284,150.913,151.061,204
2025-01-08 15:50:00,151.012,151.164,150.884,150.987,291
2025-01-08 15:55:00,151.051,151.14,151.004,151.038,329
2025-01-08 16:00:00,151.074,151.144,150.997,151.063,379
2025-01-08 16:05:00,151.157,151.293,151.066,151.181,97
2025-01-08 16:10:00,151.226,151.3,151.05,151.198,417
2025-01-08 16:15:00,151.111,151.159,151.07,151.106,141
2025-01-08 16:20:00,151.199,151.226,151.044,151.198,477
2025-01-08 16:25:00,151.169,151.371,151.099,151.31,282
2025-01-08 16:30:00,151.393,151.483,151.355,151.377,499
2025-01-08 16:35:00,151.295,151.382,151.238,151.309,281
2025-01-08 16:40:00,151.353,151.413,151.196,151.332,420
2025-01-08 16:45:00,151.359,151.382,151.196,151.344,338
2025-01-08 16:50:00,151.018,151.102,150.863,151.05,156
2025-01-08 16:55:00,150.918,150.984,150.877,150.897,380
2025-01-08 17:00:00,150.954,150.995,150.902,150.923,67
2025-01-08 17:05:00,151.107,151.252,150.951,151.107,414
2025-01-08 17:10:00,151.058,151.121,150.977,151.045,228
2025-01-08 17:15:00,151.038,151.149,150.915,151.095,488
2025-01-08 17:20:00,151.147,151.237,151.078,151.131,409
2025-01-08 17:25:00,151.153,151.398,151.013,151.249,51
2025-01-08 17:30:00,151.282,151.404,151.139,151.31,224
2025-01-08 17:35:00,151.48,151.624,151.352,151.457,444
2025-01-08 17:40:00,151.458,151.653,151.436,151.526,203
2025-01-08 17:45:00,151.493,151.556,151.45,151.497,258
2025-01-08 17:50:00,151.468,151.524,151.328,151.481,238
2025-01-08 17:55:00,151.407,151.499,151.279,151.422,487
2025-01-08 18:00:00,151.41,151.538,151.312,151.491,130
2025-01-08 18:05:00,151.603,151.642,151.537,151.572,331
2025-01-08 18:10:00,151.661,151.682,151.458,151.616,422
2025-01-08 18:15:00,151.669,151.85,151.518,151.701,497
2025-01-08 18:20:00,151.701,151.799,151.657,151.679,237
2025-01-08 18:25:00,151.737,151.869,151.585,151.764,464
2025-01-08 18:30:00,151.712,151.794,151.622,151.749,466
2025-01-08 18:35:00,151.77,151.89,151.71,151.81,174
2025-01-08 18:40:00,151.906,151.984,151.862,151.91,375
2025-01-08 18:45:00,151.81,151.851,151.791,151.802,350
2025-01-08 18:50:00,151.766,151.846,151.609,151.811,426
2025-01-08 18:55:00,151.921,152.066,151.811,151.854,208
2025-01-08 19:00:00,151.778,151.854,151.664,151.783,83
2025-01-08 19:05:00,151.896,152.0,151.737,151.87,190
2025-01-08 19:10:00,151.799,151.914,151.719,151.777,215
2025-01-08 19:15:00,151.915,151.942,151.85,151.924,479
2025-01-08 19:20:00,151.897,151.914,151.78,151.87,199
2025-01-08 19:25:00,151.93,152.066,151.762,151.864,458
2025-01-08 19:30:00,151.936,152.125,151.925,151.971,160
2025-01-08 19:35:00,151.982,152.08,151.952,151.972,101
2025-01-08 19:40:00,151.948,152.06,151.911,151.962,466
2025-01-08 19:45:00,152.052,152.16,151.934,152.006,426
2025-01-08 19:50:00,152.085,152.254,151.981,152.115,299
2025-01-08 19:55:00,152.04,152.088,151.956,152.034,442
2025-01-08 20:00:00,151.993,152.161,151.859,152.011,466
2025-01-08 20:05:00,152.111,152.164,151.985,152.083,270
2025-01-08 20:10:00,152.119,152.258,152.024,152.073,300
2025-01-08 20:15:00,152.182,152.278,152.037,152.124,135
2025-01-08 20:20:00,152.229,152.269,152.145,152.189,298
2025-01-08 20:25:00,152.041,152.121,151.928,152.103,311
2025-01-08 20:30:00,152.149,152.166,152.079,152.15,99
2025-01-08 20:35:00,152.193,152.251,152.014,152.16,54
2025-01-08 20:40:00,152.027,152.07,151.932,152.035,73
2025-01-08 20:45:00,151.973,152.106,151.919,151.948,85
2025-01-08 20:50:00,152.057,152.122,151.905,152.083,77
2025-01-08 20:55:00,151.994,152.136,151.9,152.068,172
2025-01-08 21:00:00,152.08,152.199,152.003,152.055,330
2025-01-08 21:05:00,152.09,152.222,151.902,152.034,55
2025-01-08 21:10:00,152.093,152.226,152.07,152.141,80
2025-01-08 21:15:00,152.089,152.157,152.058,152.091,497
2025-01-08 21:20:00,151.957,152.11,151.93,151.944,242
2025-01-08 21:25:00,151.967,152.108,151.948,152.018,354
2025-01-08 21:30:00,152.087,152.197,152.012,152.043,61
2025-01-08 21:35:00,151.986,152.064,151.845,151.976,157
2025-01-08 21:40:00,151.975,152.049,151.874,151.942,218
2025-01-08 21:45:00,152.034,152.056,151.99,152.02,238
2025-01-08 21:50:00,151.937,152.085,151.821,151.966,346
2025-01-08 21:55:00,152.077,152.163,151.95,152.102,237
2025-01-08 22:00:00,152.148,152.306,152.065,152.147,218
2025-01-08 22:05:00,152.217,152.359,152.063,152.174,440
2025-01-08 22:10:00,152.117,152.233,151.981,152.151,384
2025-01-08 22:15:00,152.169,152.319,151.921,152.079,104
2025-01-08 22:20:00,152.146,152.272,152.031,152.164,293
2025-01-08 22:25:00,152.328,152.486,152.306,152.35,496
2025-01-08 22:30:00,152.276,152.343,152.139,152.265,430
2025-01-08 22:35:00,152.307,152.324,152.268,152.281,361
2025-01-08 22:40:00,152.165,152.318,152.13,152.284,385
2025-01-08 22:45:00,152.239,152.33,152.127,152.208,255
2025-01-08 22:50:00,152.229,152.328,152.165,152.191,362
2025-01-08 22:55:00,152.189,152.365,152.097,152.281,457
2025-01-08 23:00:00,152.323,152.465,152.303,152.344,304
2025-01-08 23:05:00,152.375,152.466,152.302,152.346,472
2025-01-08 23:10:00,152.324,152.474,152.2,152.355,443
2025-01-08 23:15:00,152.505,152.573,152.418,152.496,207
2025-01-08 23:20:00,152.465,152.609,152.383,152.493,59
2025-01-08 23:25:00,152.535,152.612,152.335,152.476,154
2025-01-08 23:30:00,152.437,152.475,152.295,152.392,312
2025-01-08 23:35:00,152.475,152.563,152.361,152.428,406
2025-01-08 23:40:00,152.397,152.513,152.348,152.413,314
2025-01-08 23:45:00,152.5,152.556,152.475,152.492,122
2025-01-08 23:50:00,152.446,152.59,152.359,152.535,406
2025-01-08 23:55:00,152.541,152.693,152.454,152.555,150
2025-01-09 00:00:00,152.749,152.859,152.725,152.736,332
2025-01-09 00:05:00,152.743,152.919,152.607,152.787,298
2025-01-09 00:10:00,152.934,153.059,152.792,152.921,323
2025-01-09 00:15:00,152.898,153.047,152.873,152.989,194
2025-01-09 00:20:00,153.167,153.263,153.06,153.115,365
2025-01-09 00:25:00,153.179,153.261,153.151,153.168,194
2025-01-09 00:30:00,153.041,153.179,152.964,153.062,165
2025-01-09 00:35:00,153.157,153.219,153.037,153.139,344
2025-01-09 00:40:00,152.893,153.101,152.847,152.959,273
2025-01-09 00:45:00,152.951,153.029,152.898,152.979,212
2025-01-09 00:50:00,152.915,153.015,152.788,152.913,365
2025-01-09 00:55:00,152.925,152.974,152.83,152.893,297
2025-01-09 01:00:00,152.92,152.984,152.83,152.85,116
2025-01-09 01:05:00,152.805,152.911,152.751,152.849,404
2025-01-09 01:10:00,152.97,153.095,152.891,152.964,165
2025-01-09 01:15:00,153.03,153.175,152.936,153.083,115
2025-01-09 01:20:00,152.986,153.028,152.916,152.971,394
2025-01-09 01:25:00,152.989,153.067,152.944,152.979,58
2025-01-09 01:30:00,153.053,153.124,152.95,152.99,355
2025-01-09 01:35:00,152.851,153.024,152.81,152.926,157
2025-01-09 01:40:00,152.868,152.896,152.687,152.845,443
2025-01-09 01:45:00,152.85,152.99,152.759,152.877,376
2025-01-09 01:50:00,152.773,152.906,152.63,152.83,148
2025-01-09 01:55:00,152.706,152.832,152.646,152.686,104
2025-01-09 02:00:00,152.704,152.835,152.618,152.759,429
2025-01-09 02:05:00,152.686,152.82,152.537,152.69,435
2025-01-09 02:10:00,152.693,152.798,152.575,152.624,156
2025-01-09 02:15:00,152.543,152.664,152.414,152.601,476
2025-01-09 02:20:00,152.617,152.647,152.507,152.613,179
2025-01-09 02:25:00,152.717,152.81,152.684,152.737,406
2025-01-09 02:30:00,152.82,152.855,152.684,152.803,234
2025-01-09 02:35:00,152.753,152.841,152.631,152.82,272
2025-01-09 02:40:00,152.86,152.937,152.727,152.869,104
2025-01-09 02:45:00,152.89,152.919,152.725,152.865,90
2025-01-09 02:50:00,152.796,152.879,152.714,152.821,380
2025-01-09 02:55:00,152.858,152.945,152.727,152.846,296
2025-01-09 03:00:00,152.944,153.091,152.749,152.877,312
2025-01-09 03:05:00,152.953,153.068,152.885,152.928,495
2025-01-09 03:10:00,153.059,153.202,152.939,153.005,77
2025-01-09 03:15:00,153.028,153.072,152.965,153.053,238
2025-01-09 03:20:00,153.194,153.313,153.062,153.199,244
2025-01-09 03:25:00,153.469,153.49,153.406,153.43,202
2025-01-09 03:30:00,153.37,153.517,153.231,153.404,426
2025-01-09 03:35:00,153.424,153.492,153.407,153.418,152
2025-01-09 03:40:00,153.502,153.611,153.358,153.472,446
2025-01-09 03:45:00,153.551,153.634,153.399,153.516,360
2025-01-09 03:50:00,153.574,153.675,153.428,153.598,271
2025-01-09 03:55:00,153.597,153.751,153.462,153.57,489
2025-01-09 04:00:00,153.614,153.778,153.584,153.626,204
2025-01-09 04:05:00,153.607,153.703,153.506,153.59,170
2025-01-09 04:10:00,153.849,153.947,153.746,153.834,474
2025-01-09 04:15:00,153.572,153.669,153.515,153.581,191
2025-01-09 04:20:00,153.766,153.78,153.615,153.67,281
2025-01-09 04:25:00,153.933,154.043,153.781,153.873,114
2025-01-09 04:30:00,153.822,153.968,153.652,153.773,440
2025-01-09 04:35:00,153.753,153.773,153.52,153.68,175
2025-01-09 04:40:00,153.641,153.796,153.606,153.666,484
2025-01-09 04:45:00,153.633,153.826,153.572,153.698,294
2025-01-09 04:50:00,153.59,153.78,153.5,153.637,389
2025-01-09 04:55:00,153.741,153.884,153.67,153.735,480
2025-01-09 05:00:00,153.707,153.815,153.663,153.697,226
2025-01-09 05:05:00,153.638,153.683,153.571,153.597,215
2025-01-09 05:10:00,153.578,153.701,153.494,153.582,68
2025-01-09 05:15:00,153.669,153.718,153.555,153.639,403
2025-01-09 05:20:00,153.651,153.769,153.499,153.65,149
2025-01-09 05:25:00,153.845,153.875,153.65,153.773,246
2025-01-09 05:30:00,153.889,154.023,153.707,153.835,490
2025-01-09 05:35:00,153.738,153.76,153.694,153.723,83
2025-01-09 05:40:00,153.753,153.863,153.607,153.745,287
2025-01-09 05:45:00,153.609,153.762,153.528,153.638,170
2025-01-09 05:50:00,153.418,153.504,153.396,153.429,366
2025-01-09 05:55:00,153.456,153.611,153.394,153.426,405
2025-01-09 06:00:00,153.394,153.462,153.284,153.32,461
2025-01-09 06:05:00,153.289,153.345,153.151,153.219,378
2025-01-09 06:10:00,153.272,153.408,153.167,153.267,432
2025-01-09 06:15:00,153.389,153.415,153.27,153.351,65
2025-01-09 06:20:00,153.396,153.476,153.21,153.336,62
2025-01-09 06:25:00,153.293,153.503,153.171,153.362,408
2025-01-09 06:30:00,153.466,153.617,153.295,153.402,195
2025-01-09 06:35:00,153.345,153.38,153.263,153.355,323
2025-01-09 06:40:00,153.317,153.472,153.209,153.317,493
2025-01-09 06:45:00,153.484,153.503,153.362,153.461,285
2025-01-09 06:50:00,153.385,153.439,153.24,153.419,260
2025-01-09 06:55:00,153.432,153.485,153.342,153.424,256
2025-01-09 07:00:00,153.533,153.581,153.393,153.491,67
2025-01-09 07:05:00,153.381,153.408,153.228,153.366,438
2025-01-09 07:10:00,153.233,153.33,153.11,153.248,411
2025-01-09 07:15:00,153.292,153.416,153.152,153.27,204
2025-01-09 07:20:00,153.256,153.389,153.165,153.247,282
2025-01-09 07:25:00,153.346,153.497,153.276,153.351,172
2025-01-09 07:30:00,153.506,153.597,153.356,153.396,431
2025-01-09 07:35:00,153.444,153.52,153.316,153.42,302
2025-01-09 07:40:00,153.357,153.371,153.28,153.343,272
2025-01-09 07:45:00,153.277,153.447,153.174,153.352,424
2025-01-09 07:50:00,153.24,153.374,153.081,153.231,210
2025-01-09 07:55:00,153.258,153.349,153.188,153.219,466
2025-01-09 08:00:00,153.084,153.221,152.931,153.123,185
2025-01-09 08:05:00,153.102,153.122,153.007,153.096,378
2025-01-09 08:10:00,153.113,153.215,153.098,153.111,430
2025-01-09 08:15:00,153.186,153.199,153.064,153.17,488
2025-01-09 08:20:00,153.117,153.218,153.049,153.134,480
2025-01-09 08:25:00,153.155,153.194,153.037,153.18,143
2025-01-09 08:30:00,153.13,153.178,153.011,153.102,375
2025-01-09 08:35:00,153.202,153.349,153.088,153.21,232
2025-01-09 08:40:00,153.094,153.316,152.996,153.162,168
2025-01-09 08:45:00,153.116,153.182,152.969,153.137,326
2025-01-09 08:50:00,153.158,153.223,153.021,153.14,192
2025-01-09 08:55:00,153.232,153.35,153.183,153.213,420
2025-01-09 09:00:00,153.132,153.203,152.981,153.148,275
2025-01-09 09:05:00,153.133,153.227,153.037,153.125,97
2025-01-09 09:10:00,153.101,153.257,152.986,153.158,301
2025-01-09 09:15:00,153.173,153.341,153.103,153.19,168
2025-01-09 09:20:00,153.133,153.237,153.104,153.225,442
2025-01-09 09:25:00,153.241,153.331,153.093,153.247,460
2025-01-09 09:30:00,153.348,153.422,153.298,153.379,284
2025-01-09 09:35:00,153.261,153.43,153.194,153.299,65
2025-01-09 09:40:00,153.228,153.373,153.086,153.273,270
2025-01-09 09:45:00,153.177,153.258,153.129,153.176,264
2025-01-09 09:50:00,153.165,153.308,153.149,153.167,171
2025-01-09 09:55:00,153.303,153.377,153.198,153.276,219
2025-01-09 10:00:00,153.349,153.385,153.27,153.363,420
2025-01-09 10:05:00,153.292,153.392,153.23,153.322,138
2025-01-09 10:10:00,153.281,153.321,153.237,153.262,456
2025-01-09 10:15:00,153.278,153.42,153.171,153.279,222
2025-01-09 10:20:00,153.332,153.472,153.172,153.299,118
2025-01-09 10:25:00,153.312,153.447,153.127,153.282,454
2025-01-09 10:30:00,153.158,153.328,153.061,153.189,129
2025-01-09 10:35:00,153.256,153.276,153.119,153.226,157
2025-01-09 10:40:00,153.291,153.411,153.162,153.285,239
2025-01-09 10:45:00,153.254,153.357,153.188,153.317,284
2025-01-09 10:50:00,153.495,153.559,153.375,153.525,290
2025-01-09 10:55:00,153.537,153.709,153.494,153.572,71
2025-01-09 11:00:00,153.686,153.712,153.59,153.639,101
2025-01-09 11:05:00,153.68,153.752,153.503,153.66,280
2025-01-09 11:10:00,153.713,153.84,153.682,153.72,422
2025-01-09 11:15:00,153.663,153.817,153.524,153.658,171
2025-01-09 11:20:00,153.629,153.668,153.583,153.607,115
2025-01-09 11:25:00,153.533,153.671,153.482,153.627,396
2025-01-09 11:30:00,153.645,153.661,153.6,153.614,52
2025-01-09 11:35:00,153.653,153.805,153.549,153.664,344
2025-01-09 11:40:00,153.587,153.762,153.473,153.613,385
2025-01-09 11:45:00,153.59,153.719,153.493,153.522,293
2025-01-09 11:50:00,153.598,153.694,153.544,153.555,64
2025-01-09 11:55:00,153.472,153.656,153.43,153.504,363
2025-01-09 12:00:00,153.501,153.579,153.369,153.491,111
2025-01-09 12:05:00,153.523,153.543,153.477,153.515,220
2025-01-09 12:10:00,153.565,153.609,153.523,153.556,440
2025-01-09 12:15:00,153.557,153.683,153.455,153.53,399
2025-01-09 12:20:00,153.594,153.658,153.441,153.527,243
2025-01-09 12:25:00,153.473,153.49,153.324,153.437,335
2025-01-09 12:30:00,153.602,153.643,153.359,153.517,309
2025-01-09 12:35:00,153.416,153.547,153.259,153.43,357
2025-01-09 12:40:00,153.385,153.474,153.255,153.376,65
2025-01-09 12:45:00,153.249,153.34,153.09,153.22,492
2025-01-09 12:50:00,153.091,153.265,153.042,153.155,310
2025-01-09 12:55:00,153.07,153.183,153.004,153.09,288
2025-01-09 13:00:00,153.104,153.235,152.993,153.146,322
2025-01-09 13:05:00,153.2,153.242,153.125,153.227,372
2025-01-09 13:10:00,153.293,153.345,153.202,153.32,483
2025-01-09 13:15:00,153.201,153.353,153.165,153.233,293
2025-01-09 13:20:00,153.306,153.336,153.23,153.281,277
2025-01-09 13:25:00,153.331,153.451,153.287,153.331,89
2025-01-09 13:30:00,153.292,153.443,153.136,153.337,226
2025-01-09 13:35:00,153.318,153.445,153.23,153.35,358
2025-01-09 13:40:00,153.334,153.408,153.209,153.384,359
2025-01-09 13:45:00,153.473,153.486,153.232,153.372,63
2025-01-09 13:50:00,153.489,153.623,153.329,153.488,374
2025-01-09 13:55:00,153.474,153.621,153.32,153.464,313
2025-01-09 14:00:00,153.631,153.725,153.503,153.651,303
2025-01-09 14:05:00,153.563,153.713,153.458,153.605,443
2025-01-09 14:10:00,153.5,153.557,153.415,153.541,289
2025-01-09 14:15:00,153.352,153.419,153.311,153.341,343
2025-01-09 14:20:00,153.39,153.536,153.251,153.34,145
2025-01-09 14:25:00,153.456,153.538,153.322,153.497,94
2025-01-09 14:30:00,153.433,153.583,153.376,153.425,290
2025-01-09 14:35:00,153.321,153.391,153.171,153.38,214
2025-01-09 14:40:00,153.333,153.482,153.264,153.279,195
2025-01-09 14:45:00,153.306,153.441,153.226,153.259,310
2025-01-09 14:50:00,153.34,153.404,153.308,153.339,253
2025-01-09 14:55:00,153.327,153.345,153.189,153.264,86
2025-01-09 15:00:00,153.236,153.268,153.14,153.219,314
2025-01-09 15:05:00,153.201,153.45,153.137,153.301,457
2025-01-09 15:10:00,153.456,153.519,153.379,153.422,183
2025-01-09 15:15:00,153.51,153.612,153.434,153.537,442
2025-01-09 15:20:00,153.433,153.514,153.363,153.485,233
2025-01-09 15:25:00,153.506,153.664,153.419,153.487,381
2025-01-09 15:30:00,153.546,153.703,153.43,153.547,113
2025-01-09 15:35:00,153.594,153.673,153.433,153.499,266
2025-01-09 15:40:00,153.549,153.667,153.427,153.552,400
2025-01-09 15:45:00,153.511,153.582,153.473,153.536,282
2025-01-09 15:50:00,153.546,153.646,153.447,153.551,195
2025-01-09 15:55:00,153.413,153.606,153.326,153.454,246
2025-01-09 16:00:00,153.501,153.56,153.403,153.497,471
2025-01-09 16:05:00,153.612,153.648,153.442,153.574,117
2025-01-09 16:10:00,153.496,153.66,153.383,153.524,352
2025-01-09 16:15:00,153.525,153.576,153.513,153.553,268
2025-01-09 16:20:00,153.64,153.707,153.531,153.594,467
2025-01-09 16:25:00,153.778,153.832,153.569,153.719,204
2025-01-09 16:30:00,153.841,153.893,153.82,153.868,216
2025-01-09 16:35:00,153.768,153.896,153.716,153.751,383
2025-01-09 16:40:00,153.795,153.832,153.606,153.762,271
2025-01-09 16:45:00,153.56,153.637,153.538,153.584,476
2025-01-09 16:50:00,153.526,153.694,153.405,153.588,61
2025-01-09 16:55:00,153.558,153.681,153.441,153.58,222
2025-01-09 17:00:00,153.546,153.611,153.416,153.576,105
2025-01-09 17:05:00,153.661,153.818,153.509,153.693,55
2025-01-09 17:10:00,153.608,153.847,153.514,153.69,219
2025-01-09 17:15:00,153.53,153.622,153.402,153.557,215
2025-01-09 17:20:00,153.583,153.625,153.436,153.508,466
2025-01-09 17:25:00,153.457,153.631,153.356,153.48,416
2025-01-09 17:30:00,153.625,153.755,153.56,153.593,102
2025-01-09 17:35:00,153.739,153.792,153.638,153.733,71
2025-01-09 17:40:00,153.665,153.761,153.595,153.679,176
2025-01-09 17:45:00,153.35,153.47,153.244,153.433,383
2025-01-09 17:50:00,153.428,153.496,153.292,153.398,353
2025-01-09 17:55:00,153.628,153.646,153.363,153.507,276
2025-01-09 18:00:00,153.496,153.625,153.343,153.563,391
2025-01-09 18:05:00,153.617,153.657,153.461,153.646,102
2025-01-09 18:10:00,153.752,153.879,153.684,153.775,269
2025-01-09 18:15:00,153.81,153.833,153.704,153.809,238
2025-01-09 18:20:00,153.658,153.805,153.516,153.681,246
2025-01-09 18:25:00,153.99,154.005,153.864,153.933,329
2025-01-09 18:30:00,153.977,154.027,153.862,153.956,421
2025-01-09 18:35:00,153.913,154.06,153.896,153.917,407
2025-01-09 18:40:00,153.913,154.102,153.902,153.974,109
2025-01-09 18:45:00,153.939,153.982,153.791,153.925,386
2025-01-09 18:50:00,153.852,153.872,153.714,153.837,178
2025-01-09 18:55:00,153.996,154.078,153.894,153.962,290
2025-01-09 19:00:00,153.85,154.041,153.797,153.899,52
2025-01-09 19:05:00,153.893,154.032,153.775,153.926,481
2025-01-09 19:10:00,154.057,154.212,153.96,154.014,490
2025-01-09 19:15:00,153.87,153.987,153.773,153.838,462
2025-01-09 19:20:00,153.82,153.87,153.675,153.844,380
2025-01-09 19:25:00,153.725,153.749,153.588,153.739,198
2025-01-09 19:30:00,153.879,153.931,153.768,153.828,120
2025-01-09 19:35:00,153.78,153.907,153.623,153.785,404
2025-01-09 19:40:00,153.906,153.964,153.854,153.91,463
2025-01-09 19:45:00,153.943,154.053,153.847,153.967,366
2025-01-09 19:50:00,154.064,154.131,153.934,154.055,384
2025-01-09 19:55:00,154.09,154.232,153.928,154.042,57
2025-01-09 20:00:00,154.059,154.095,154.02,154.07,58
2025-01-09 20:05:00,154.094,154.168,154.021,154.085,364
2025-01-09 20:10:00,153.948,154.162,153.844,154.046,371
2025-01-09 20:15:00,153.977,153.995,153.944,153.969,454
2025-01-09 20:20:00,154.057,154.13,153.962,154.004,187
2025-01-09 20:25:00,153.874,153.951,153.737,153.862,443
2025-01-09 20:30:00,153.856,153.92,153.806,153.868,120
2025-01-09 20:35:00,154.036,154.056,153.986,154.035,271
2025-01-09 20:40:00,154.137,154.184,153.973,154.121,267
2025-01-09 20:45:00,154.184,154.224,154.041,154.199,204
2025-01-09 20:50:00,154.295,154.347,154.187,154.263,247
2025-01-09 20:55:00,154.187,154.343,154.05,154.201,459
2025-01-09 21:00:00,154.137,154.198,154.117,154.164,218
2025-01-09 21:05:00,154.287,154.44,154.214,154.238,171
2025-01-09 21:10:00,154.132,154.226,154.084,154.109,226
2025-01-09 21:15:00,154.18,154.264,154.161,154.188,149
2025-01-09 21:20:00,154.276,154.33,154.155,154.203,362
2025-01-09 21:25:00,154.347,154.421,154.229,154.406,129
2025-01-09 21:30:00,154.285,154.42,154.262,154.324,270
2025-01-09 21:35:00,154.241,154.295,154.157,154.267,218
2025-01-09 21:40:00,154.39,154.41,154.222,154.381,194
2025-01-09 21:45:00,154.528,154.641,154.361,154.437,238
2025-01-09 21:50:00,154.33,154.424,154.249,154.394,361
2025-01-09 21:55:00,154.579,154.694,154.516,154.545,178
2025-01-09 22:00:00,154.665,154.783,154.572,154.743,352
2025-01-09 22:05:00,154.705,154.804,154.69,154.71,277
2025-01-09 22:10:00,154.67,154.824,154.577,154.634,332
2025-01-09 22:15:00,154.554,154.677,154.479,154.528,215
2025-01-09 22:20:00,154.533,154.629,154.403,154.57,110
2025-01-09 22:25:00,154.43,154.563,154.387,154.503,390
2025-01-09 22:30:00,154.453,154.568,154.335,154.462,345
2025-01-09 22:35:00,154.44,154.5,154.297,154.439,466
2025-01-09 22:40:00,154.296,154.483,154.158,154.329,188
2025-01-09 22:45:00,154.337,154.511,154.19,154.356,307
2025-01-09 22:50:00,154.355,154.448,154.258,154.336,213
2025-01-09 22:55:00,154.178,154.352,154.116,154.256,61
2025-01-09 23:00:00,154.12,154.217,153.999,154.138,411
2025-01-09 23:05:00,154.354,154.486,154.132,154.29,126
2025-01-09 23:10:00,154.327,154.363,154.23,154.284,215
2025-01-09 23:15:00,154.224,154.305,154.176,154.208,454
2025-01-09 23:20:00,154.291,154.374,154.132,154.225,86
2025-01-09 23:25:00,154.308,154.396,154.204,154.281,430
2025-01-09 23:30:00,154.21,154.319,154.183,154.215,51
2025-01-09 23:35:00,154.41,154.485,154.357,154.379,219
2025-01-09 23:40:00,154.394,154.524,154.318,154.375,350
2025-01-09 23:45:00,154.263,154.393,154.218,154.303,482
2025-01-09 23:50:00,154.477,154.5,154.42,154.44,115
2025-01-09 23:55:00,154.448,154.509,154.346,154.466,397
2025-01-10 00:00:00,154.424,154.633,154.352,154.541,256
2025-01-10 00:05:00,154.658,154.811,154.57,154.617,146
2025-01-10 00:10:00,154.671,154.776,154.52,154.626,115
2025-01-10 00:15:00,154.558,154.587,154.487,154.561,394
2025-01-10 00:20:00,154.603,154.649,154.502,154.555,223
2025-01-10 00:25:00,154.66,154.681,154.512,154.568,171
2025-01-10 00:30:00,154.443,154.474,154.378,154.426,121
2025-01-10 00:35:00,154.629,154.74,154.463,154.619,66
2025-01-10 00:40:00,154.68,154.835,154.538,154.579,447
2025-01-10 00:45:00,154.501,154.656,154.399,154.529,433
2025-01-10 00:50:00,154.602,154.688,154.471,154.612,142
2025-01-10 00:55:00,154.581,154.716,154.448,154.612,434
2025-01-10 01:00:00,154.74,154.819,154.532,154.688,79
2025-01-10 01:05:00,154.701,154.884,154.598,154.753,140
2025-01-10 01:10:00,154.714,154.764,154.58,154.747,184
2025-01-10 01:15:00,154.712,154.773,154.623,154.746,354
2025-01-10 01:20:00,154.813,154.893,154.713,154.76,179
2025-01-10 01:25:00,154.696,154.735,154.617,154.691,298
2025-01-10 01:30:00,154.567,154.75,154.413,154.609,59
2025-01-10 01:35:00,154.643,154.702,154.487,154.671,433
2025-01-10 01:40:00,154.713,154.789,154.682,154.761,262
2025-01-10 01:45:00,154.729,154.803,154.677,154.78,185
2025-01-10 01:50:00,154.652,154.781,154.514,154.617,463
2025-01-10 01:55:00,154.494,154.658,154.426,154.524,83
2025-01-10 02:00:00,154.559,154.577,154.46,154.52,63
2025-01-10 02:05:00,154.54,154.58,154.4,154.517,283
2025-01-10 02:10:00,154.537,154.571,154.399,154.516,200
2025-01-10 02:15:00,154.496,154.519,154.442,154.476,109
2025-01-10 02:20:00,154.4,154.475,154.357,154.4,71
2025-01-10 02:25:00,154.433,154.566,154.308,154.4,54
2025-01-10 02:30:00,154.321,154.45,154.275,154.348,181
2025-01-10 02:35:00,154.265,154.369,154.161,154.275,403
2025-01-10 02:40:00,154.26,154.304,154.127,154.247,205
2025-01-10 02:45:00,154.24,154.253,154.122,154.241,362
2025-01-10 02:50:00,154.049,154.18,153.937,153.997,419
2025-01-10 02:55:00,153.94,153.999,153.864,153.902,351
2025-01-10 03:00:00,154.001,154.063,153.881,154.014,335
2025-01-10 03:05:00,154.048,154.139,154.003,154.044,261
2025-01-10 03:10:00,154.131,154.202,154.102,154.154,301
2025-01-10 03:15:00,154.054,154.204,154.041,154.109,81
2025-01-10 03:20:00,154.153,154.234,154.084,154.104,303
2025-01-10 03:25:00,154.185,154.203,154.007,154.13,203
2025-01-10 03:30:00,154.141,154.289,153.953,154.072,289
2025-01-10 03:35:00,153.922,154.068,153.804,153.993,209
2025-01-10 03:40:00,154.042,154.263,154.016,154.105,388
2025-01-10 03:45:00,154.037,154.085,153.99,154.062,326
2025-01-10 03:50:00,154.104,154.121,153.958,154.062,461
2025-01-10 03:55:00,154.0,154.127,153.938,153.971,362
2025-01-10 04:00:00,153.998,154.11,153.932,154.063,259
2025-01-10 04:05:00,154.027,154.089,153.876,154.037,439
2025-01-10 04:10:00,154.001,154.114,153.914,153.998,475
2025-01-10 04:15:00,153.926,154.063,153.881,153.921,413
2025-01-10 04:20:00,154.068,154.13,153.861,154.02,383
2025-01-10 04:25:00,153.968,154.04,153.844,153.999,158
2025-01-10 04:30:00,153.793,153.911,153.664,153.879,90
2025-01-10 04:35:00,153.953,153.994,153.846,153.881,149
2025-01-10 04:40:00,153.81,153.872,153.738,153.81,146
2025-01-10 04:45:00,153.886,154.032,153.776,153.889,393
2025-01-10 04:50:00,153.817,153.906,153.706,153.83,426
2025-01-10 04:55:00,153.707,153.755,153.576,153.703,338
2025-01-10 05:00:00,153.732,153.751,153.607,153.714,229
2025-01-10 05:05:00,153.708,153.827,153.619,153.696,350
2025-01-10 05:10:00,153.831,153.981,153.749,153.814,496
2025-01-10 05:15:00,153.748,153.806,153.575,153.734,63
2025-01-10 05:20:00,153.882,154.007,153.743,153.821,277
2025-01-10 05:25:00,153.919,154.071,153.811,153.92,83
2025-01-10 05:30:00,153.962,154.023,153.816,153.947,178
2025-01-10 05:35:00,153.929,154.016,153.829,153.929,301
2025-01-10 05:40:00,153.872,154.018,153.773,153.896,450
2025-01-10 05:45:00,153.866,153.933,153.776,153.871,59
2025-01-10 05:50:00,153.811,153.871,153.705,153.776,222
2025-01-10 05:55:00,153.838,153.947,153.752,153.827,295
2025-01-10 06:00:00,153.81,153.905,153.708,153.804,301
2025-01-10 06:05:00,153.947,154.091,153.852,153.905,482
2025-01-10 06:10:00,153.923,153.994,153.862,153.887,62
2025-01-10 06:15:00,153.895,153.984,153.839,153.915,366
2025-01-10 06:20:00,153.909,154.069,153.779,153.917,355
2025-01-10 06:25:00,154.047,154.073,153.943,153.987,413
2025-01-10 06:30:00,154.003,154.077,153.925,154.014,132
2025-01-10 06:35:00,153.966,154.096,153.835,153.968,299
2025-01-10 06:40:00,154.074,154.115,153.996,154.03,459
2025-01-10 06:45:00,154.04,154.183,153.879,154.008,385
2025-01-10 06:50:00,154.13,154.223,154.001,154.1,431
2025-01-10 06:55:00,153.977,154.132,153.858,154.034,134
2025-01-10 07:00:00,154.047,154.179,153.88,154.032,254
2025-01-10 07:05:00,154.033,154.21,153.998,154.063,303
2025-01-10 07:10:00,154.191,154.334,154.076,154.191,486
2025-01-10 07:15:00,154.002,154.081,153.919,154.015,267
2025-01-10 07:20:00,154.025,154.181,153.921,154.033,86
2025-01-10 07:25:00,154.017,154.155,153.911,153.986,237
2025-01-10 07:30:00,154.053,154.167,153.929,154.099,254
2025-01-10 07:35:00,154.163,154.211,154.103,154.185,401
2025-01-10 07:40:00,154.214,154.225,154.019,154.178,446
2025-01-10 07:45:00,154.282,154.392,154.237,154.273,151
2025-01-10 07:50:00,154.175,154.228,154.086,154.173,364
2025-01-10 07:55:00,154.083,154.147,153.933,154.083,227
2025-01-10 08:00:00,154.094,154.109,153.967,154.087,400
2025-01-10 08:05:00,154.079,154.164,153.982,154.056,436
2025-01-10 08:10:00,154.324,154.409,154.145,154.303,494
2025-01-10 08:15:00,154.29,154.447,154.257,154.284,75
2025-01-10 08:20:00,154.285,154.403,154.178,154.279,170
2025-01-10 08:25:00,154.228,154.35,154.178,154.242,78
2025-01-10 08:30:00,154.141,154.231,154.064,154.124,460
2025-01-10 08:35:00,154.165,154.322,154.035,154.182,372
2025-01-10 08:40:00,154.272,154.407,154.11,154.224,344
2025-01-10 08:45:00,154.23,154.298,154.078,154.261,388
2025-01-10 08:50:00,154.194,154.249,154.093,154.161,254
2025-01-10 08:55:00,154.193,154.218,154.063,154.203,475
2025-01-10 09:00:00,154.331,154.427,154.221,154.283,92
2025-01-10 09:05:00,154.341,154.406,154.188,154.27,326
2025-01-10 09:10:00,154.196,154.334,154.159,154.198,203
2025-01-10 09:15:00,154.185,154.248,154.151,154.228,338
2025-01-10 09:20:00,154.332,154.437,154.206,154.253,126
2025-01-10 09:25:00,154.299,154.347,154.241,154.27,491
2025-01-10 09:30:00,154.231,154.249,154.062,154.207,346
2025-01-10 09:35:00,154.181,154.271,154.084,154.168,88
2025-01-10 09:40:00,154.093,154.124,153.918,154.027,177
2025-01-10 09:45:00,153.991,154.099,153.902,154.034,130
2025-01-10 09:50:00,153.958,154.035,153.853,153.951,434
2025-01-10 09:55:00,153.854,154.015,153.819,153.906,410
2025-01-10 10:00:00,153.81,153.957,153.683,153.773,206
2025-01-10 10:05:00,153.773,153.909,153.702,153.74,392
2025-01-10 10:10:00,153.653,153.713,153.593,153.649,324
2025-01-10 10:15:00,153.741,153.83,153.672,153.728,299
2025-01-10 10:20:00,153.752,153.859,153.7,153.742,231
2025-01-10 10:25:00,153.73,153.868,153.593,153.747,229
2025-01-10 10:30:00,153.707,153.874,153.568,153.758,222
2025-01-10 10:35:00,153.662,153.764,153.524,153.655,443
2025-01-10 10:40:00,153.725,153.806,153.664,153.723,186
2025-01-10 10:45:00,153.587,153.665,153.435,153.636,78
2025-01-10 10:50:00,153.708,153.795,153.593,153.674,174
2025-01-10 10:55:00,153.784,153.841,153.644,153.734,50
2025-01-10 11:00:00,153.806,153.981,153.71,153.844,387
2025-01-10 11:05:00,153.836,153.881,153.647,153.77,445
2025-01-10 11:10:00,153.791,153.854,153.684,153.763,447
2025-01-10 11:15:00,153.867,153.988,153.713,153.817,315
2025-01-10 11:20:00,153.751,153.906,153.688,153.772,181
2025-01-10 11:25:00,153.685,153.755,153.657,153.743,67
2025-01-10 11:30:00,153.631,153.749,153.557,153.628,194
2025-01-10 11:35:00,153.613,153.777,153.593,153.66,237
2025-01-10 11:40:00,153.661,153.76,153.462,153.607,114
2025-01-10 11:45:00,153.609,153.76,153.585,153.607,84
2025-01-10 11:50:00,153.686,153.722,153.529,153.647,250
2025-01-10 11:55:00,153.465,153.711,153.43,153.591,376
2025-01-10 12:00:00,153.597,153.622,153.494,153.596,233
2025-01-10 12:05:00,153.617,153.719,153.554,153.574,404
2025-01-10 12:10:00,153.639,153.78,153.56,153.614,456
2025-01-10 12:15:00,153.704,153.791,153.573,153.638,56
2025-01-10 12:20:00,153.649,153.831,153.494,153.677,65
2025-01-10 12:25:00,153.709,153.737,153.602,153.716,216
2025-01-10 12:30:00,153.806,153.957,153.679,153.826,102
2025-01-10 12:35:00,153.721,153.854,153.686,153.731,79
2025-01-10 12:40:00,153.724,153.861,153.594,153.672,183
2025-01-10 12:45:00,153.583,153.622,153.489,153.595,339
2025-01-10 12:50:00,153.534,153.71,153.455,153.585,484
2025-01-10 12:55:00,153.423,153.586,153.377,153.456,376
2025-01-10 13:00:00,153.453,153.544,153.395,153.463,403
2025-01-10 13:05:00,153.543,153.663,153.519,153.53,385
2025-01-10 13:10:00,153.414,153.582,153.342,153.495,83
2025-01-10 13:15:00,153.537,153.65,153.473,153.555,215
2025-01-10 13:20:00,153.722,153.841,153.689,153.7,485
2025-01-10 13:25:00,153.687,153.777,153.519,153.653,242
2025-01-10 13:30:00,153.769,153.882,153.597,153.643,80
2025-01-10 13:35:00,153.872,153.966,153.829,153.842,100
2025-01-10 13:40:00,153.945,154.005,153.777,153.921,261
2025-01-10 13:45:00,153.937,154.037,153.824,153.981,130
2025-01-10 13:50:00,153.8,153.908,153.723,153.815,459
2025-01-10 13:55:00,153.676,153.815,153.576,153.716,353
2025-01-10 14:00:00,153.65,153.84,153.638,153.754,494
2025-01-10 14:05:00,153.749,153.923,153.732,153.767,461
2025-01-10 14:10:00,153.915,154.024,153.863,153.895,129
2025-01-10 14:15:00,153.992,154.018,153.786,153.943,450
2025-01-10 14:20:00,154.028,154.106,153.952,154.016,103
2025-01-10 14:25:00,153.95,154.079,153.896,153.987,394
2025-01-10 14:30:00,153.859,153.949,153.785,153.881,156
2025-01-10 14:35:00,153.837,153.924,153.66,153.773,89
2025-01-10 14:40:00,153.732,153.823,153.649,153.781,76
2025-01-10 14:45:00,153.799,153.895,153.738,153.781,410
2025-01-10 14:50:00,153.611,153.9,153.5,153.744,130
2025-01-10 14:55:00,153.718,153.825,153.668,153.685,208
2025-01-10 15:00:00,153.66,153.883,153.569,153.736,259
2025-01-10 15:05:00,153.691,153.845,153.678,153.764,494
2025-01-10 15:10:00,153.951,153.973,153.897,153.918,128
2025-01-10 15:15:00,153.901,154.079,153.815,153.929,410
2025-01-10 15:20:00,153.814,153.878,153.804,153.844,463
2025-01-10 15:25:00,153.72,153.838,153.683,153.807,83
2025-01-10 15:30:00,153.619,153.735,153.507,153.685,373
2025-01-10 15:35:00,153.731,153.776,153.589,153.698,157
2025-01-10 15:40:00,153.776,153.907,153.66,153.757,133
2025-01-10 15:45:00,153.705,153.76,153.649,153.734,457
2025-01-10 15:50:00,153.837,153.908,153.689,153.844,448
2025-01-10 15:55:00,153.983,154.14,153.839,153.907,387
2025-01-10 16:00:00,153.988,154.091,153.928,154.071,295
2025-01-10 16:05:00,154.202,154.282,154.107,154.202,349
2025-01-10 16:10:00,154.08,154.232,153.983,154.129,428
2025-01-10 16:15:00,154.222,154.251,154.061,154.218,368
2025-01-10 16:20:00,154.091,154.313,154.065,154.158,239
2025-01-10 16:25:00,154.105,154.221,154.005,154.181,112
2025-01-10 16:30:00,154.057,154.248,153.922,154.121,462
2025-01-10 16:35:00,153.989,154.148,153.896,153.944,238
2025-01-10 16:40:00,153.831,153.862,153.728,153.838,111
2025-01-10 16:45:00,154.027,154.136,153.855,154.0,184
2025-01-10 16:50:00,154.274,154.431,154.133,154.227,357
2025-01-10 16:55:00,154.161,154.226,154.109,154.126,334
2025-01-10 17:00:00,154.145,154.279,154.116,154.138,469
2025-01-10 17:05:00,154.014,154.041,153.852,154.0,196
2025-01-10 17:10:00,154.008,154.019,153.93,153.983,123
2025-01-10 17:15:00,154.059,154.126,153.9,154.03,435
2025-01-10 17:20:00,153.87,153.923,153.733,153.907,273
2025-01-10 17:25:00,153.946,154.045,153.816,153.925,353
2025-01-10 17:30:00,153.875,154.026,153.762,153.896,349
2025-01-10 17:35:00,153.979,154.078,153.773,153.924,235
2025-01-10 17:40:00,153.822,153.953,153.719,153.839,303
2025-01-10 17:45:00,153.85,153.989,153.838,153.889,290
2025-01-10 17:50:00,153.867,153.931,153.799,153.897,116
2025-01-10 17:55:00,153.787,153.887,153.658,153.817,239
2025-01-10 18:00:00,153.817,153.913,153.69,153.833,348
2025-01-10 18:05:00,153.917,153.972,153.758,153.869,373
2025-01-10 18:10:00,153.866,153.915,153.773,153.826,271
2025-01-10 18:15:00,153.861,153.912,153.836,153.879,207
2025-01-10 18:20:00,154.011,154.073,153.892,153.922,451
2025-01-10 18:25:00,153.832,153.929,153.723,153.817,440
2025-01-10 18:30:00,153.759,153.847,153.608,153.829,326
2025-01-10 18:35:00,153.721,153.845,153.639,153.748,105
2025-01-10 18:40:00,153.629,153.846,153.527,153.697,186
2025-01-10 18:45:00,153.702,153.916,153.664,153.759,78
2025-01-10 18:50:00,153.754,153.876,153.583,153.739,158
2025-01-10 18:55:00,153.857,154.027,153.771,153.909,52
2025-01-10 19:00:00,153.822,153.964,153.766,153.804,72
2025-01-10 19:05:00,153.892,153.913,153.724,153.809,288
2025-01-10 19:10:00,153.834,153.984,153.786,153.868,488
2025-01-10 19:15:00,153.774,153.858,153.728,153.747,202
2025-01-10 19:20:00,153.778,153.826,153.653,153.763,364
2025-01-10 19:25:00,153.757,153.82,153.621,153.81,234
2025-01-10 19:30:00,153.857,154.05,153.724,153.938,222
2025-01-10 19:35:00,153.859,153.972,153.793,153.863,141
2025-01-10 19:40:00,153.721,153.831,153.705,153.766,475
2025-01-10 19:45:00,153.759,153.954,153.73,153.824,151
2025-01-10 19:50:00,153.797,153.873,153.634,153.753,245
2025-01-10 19:55:00,153.716,153.851,153.631,153.823,201
2025-01-10 20:00:00,153.824,153.889,153.672,153.814,340
2025-01-10 20:05:00,153.951,154.12,153.901,153.977,296
2025-01-10 20:10:00,153.935,154.084,153.796,153.901,438
2025-01-10 20:15:00,153.906,153.954,153.848,153.927,492
2025-01-10 20:20:00,154.021,154.141,153.972,153.982,301
2025-01-10 20:25:00,153.946,154.029,153.803,153.909,461
2025-01-10 20:30:00,153.964,154.071,153.787,153.927,423
2025-01-10 20:35:00,154.043,154.053,154.012,154.03,169
2025-01-10 20:40:00,153.799,154.024,153.73,153.885,177
2025-01-10 20:45:00,153.958,154.097,153.749,153.9,265
2025-01-10 20:50:00,153.824,153.856,153.711,153.818,464
2025-01-10 20:55:00,153.804,153.864,153.72,153.796,278
2025-01-10 21:00:00,153.603,153.706,153.545,153.629,396
2025-01-10 21:05:00,153.671,153.729,153.643,153.698,367
2025-01-10 21:10:00,153.598,153.651,153.545,153.607,342
2025-01-10 21:15:00,153.767,153.783,153.691,153.758,172
2025-01-10 21:20:00,153.891,153.998,153.668,153.811,75
2025-01-10 21:25:00,153.827,153.988,153.724,153.901,86
2025-01-10 21:30:00,153.791,153.854,153.647,153.822,277
2025-01-10 21:35:00,153.921,154.012,153.741,153.853,53
2025-01-10 21:40:00,153.828,153.844,153.812,153.827,178
2025-01-10 21:45:00,153.88,153.984,153.859,153.894,114
2025-01-10 21:50:00,153.893,154.083,153.85,153.967,125
2025-01-10 21:55:00,153.773,153.917,153.743,153.762,50
2025-01-10 22:00:00,153.87,153.974,153.732,153.91,477
2025-01-10 22:05:00,153.9,153.985,153.802,153.867,395
2025-01-10 22:10:00,153.895,154.011,153.803,153.91,323
2025-01-10 22:15:00,153.987,154.015,153.865,153.971,334
2025-01-10 22:20:00,153.984,154.13,153.846,153.954,380
2025-01-10 22:25:00,153.976,153.988,153.844,153.949,337
2025-01-10 22:30:00,153.888,153.926,153.837,153.887,127
2025-01-10 22:35:00,153.92,153.978,153.848,153.897,109
2025-01-10 22:40:00,153.919,153.931,153.874,153.91,380
2025-01-10 22:45:00,153.788,153.827,153.746,153.803,217
2025-01-10 22:50:00,153.596,153.855,153.545,153.703,286
2025-01-10 22:55:00,153.6,153.724,153.562,153.608,111
2025-01-10 23:00:00,153.567,153.701,153.491,153.523,127
2025-01-10 23:05:00,153.585,153.683,153.383,153.512,291
2025-01-10 23:10:00,153.541,153.662,153.47,153.517,412
2025-01-10 23:15:00,153.356,153.56,153.306,153.431,91
2025-01-10 23:20:00,153.319,153.481,153.307,153.382,261
2025-01-10 23:25:00,153.343,153.484,153.19,153.328,294
2025-01-10 23:30:00,153.229,153.345,153.094,153.246,464
2025-01-10 23:35:00,153.27,153.408,153.146,153.297,108
2025-01-10 23:40:00,153.438,153.545,153.242,153.365,146
2025-01-10 23:45:00,153.336,153.405,153.209,153.326,496
2025-01-10 23:50:00,153.297,153.48,153.274,153.345,162
2025-01-10 23:55:00,153.369,153.514,153.318,153.346,295
2025-01-11 00:00:00,153.244,153.364,153.114,153.234,340
2025-01-11 00:05:00,153.072,153.165,152.929,153.063,131
2025-01-11 00:10:00,152.979,153.17,152.93,153.027,432
2025-01-11 00:15:00,152.988,153.0,152.969,152.98,468
2025-01-11 00:20:00,152.99,153.143,152.764,152.919,416
2025-01-11 00:25:00,152.931,153.089,152.919,153.01,398
2025-01-11 00:30:00,153.063,153.126,153.052,153.08,355
2025-01-11 00:35:00,153.225,153.321,153.09,153.22,492
2025-01-11 00:40:00,153.301,153.409,153.246,153.281,170
2025-01-11 00:45:00,153.194,153.209,153.039,153.148,317
2025-01-11 00:50:00,153.155,153.271,153.075,153.135,245
2025-01-11 00:55:00,153.227,153.304,153.077,153.261,309
2025-01-11 01:00:00,153.151,153.193,153.035,153.163,203
2025-01-11 01:05:00,153.285,153.31,153.187,153.26,177
2025-01-11 01:10:00,153.172,153.328,153.038,153.204,166
2025-01-11 01:15:00,153.392,153.495,153.248,153.397,139
2025-01-11 01:20:00,153.294,153.381,153.226,153.287,363
2025-01-11 01:25:00,153.318,153.34,153.2,153.271,318
2025-01-11 01:30:00,153.264,153.288,153.138,153.238,494
2025-01-11 01:35:00,153.203,153.293,153.101,153.147,424
2025-01-11 01:40:00,152.971,153.071,152.917,153.047,360
2025-01-11 01:45:00,153.022,153.134,152.999,153.015,141
2025-01-11 01:50:00,152.988,153.081,152.87,153.015,459
2025-01-11 01:55:00,152.985,153.153,152.825,153.025,465
2025-01-11 02:00:00,153.136,153.224,153.12,153.151,438
2025-01-11 02:05:00,153.271,153.337,153.212,153.228,419
2025-01-11 02:10:00,153.291,153.326,153.268,153.301,151
2025-01-11 02:15:00,153.076,153.151,153.017,153.063,79
2025-01-11 02:20:00,153.011,153.113,152.947,153.029,55
2025-01-11 02:25:00,153.113,153.268,152.996,153.09,331
2025-01-11 02:30:00,153.137,153.184,152.954,153.11,493
2025-01-11 02:35:00,153.116,153.245,153.078,153.131,185
2025-01-11 02:40:00,153.178,153.296,153.132,153.199,495
2025-01-11 02:45:00,153.16,153.198,153.016,153.156,146
2025-01-11 02:50:00,153.109,153.192,152.979,153.14,353
2025-01-11 02:55:00,153.136,153.278,153.108,153.12,320
2025-01-11 03:00:00,153.182,153.283,153.056,153.174,188
2025-01-11 03:05:00,153.135,153.161,153.039,153.07,255
2025-01-11 03:10:00,153.133,153.224,153.083,153.104,330
2025-01-11 03:15:00,153.085,153.286,152.944,153.13,133
2025-01-11 03:20:00,153.095,153.107,152.963,153.057,251
2025-01-11 03:25:00,153.015,153.071,152.827,152.981,140
2025-01-11 03:30:00,152.954,153.152,152.902,153.003,59
2025-01-11 03:35:00,153.013,153.058,152.871,152.961,317
2025-01-11 03:40:00,153.053,153.093,152.874,153.015,498
2025-01-11 03:45:00,152.909,152.97,152.867,152.957,116
2025-01-11 03:50:00,152.945,153.088,152.894,152.97,375
2025-01-11 03:55:00,152.963,153.005,152.851,152.985,398
2025-01-11 04:00:00,152.9,152.998,152.856,152.935,104
2025-01-11 04:05:00,153.018,153.032,152.908,153.02,136
2025-01-11 04:10:00,153.13,153.146,152.929,153.061,283
2025-01-11 04:15:00,153.214,153.269,152.989,153.13,82
2025-01-11 04:20:00,153.275,153.409,153.122,153.305,151
2025-01-11 04:25:00,153.257,153.293,153.207,153.264,252
2025-01-11 04:30:00,153.245,153.371,153.121,153.228,436
2025-01-11 04:35:00,153.216,153.361,153.112,153.176,213
2025-01-11 04:40:00,153.122,153.295,152.967,153.138,483
2025-01-11 04:45:00,153.122,153.166,152.998,153.118,99
2025-01-11 04:50:00,153.151,153.275,152.999,153.129,109
2025-01-11 04:55:00,153.202,153.311,152.996,153.144,189
2025-01-11 05:00:00,153.153,153.165,153.106,153.153,362
2025-01-11 05:05:00,153.252,153.302,153.162,153.273,203
2025-01-11 05:10:00,153.198,153.306,153.18,153.219,141
2025-01-11 05:15:00,153.295,153.463,153.196,153.343,138
2025-01-11 05:20:00,153.192,153.22,153.066,153.201,113
2025-01-11 05:25:00,153.295,153.345,153.176,153.266,110
2025-01-11 05:30:00,153.164,153.191,153.096,153.154,131
2025-01-11 05:35:00,153.287,153.379,153.082,153.219,328
2025-01-11 05:40:00,153.301,153.434,153.178,153.233,133
2025-01-11 05:45:00,153.309,153.451,153.212,153.302,304
2025-01-11 05:50:00,153.254,153.306,153.126,153.266,347
2025-01-11 05:55:00,153.338,153.493,153.138,153.294,101
2025-01-11 06:00:00,153.173,153.243,153.064,153.183,248
2025-01-11 06:05:00,153.353,153.416,153.118,153.276,203
2025-01-11 06:10:00,153.208,153.268,153.049,153.195,267
2025-01-11 06:15:00,153.307,153.458,153.197,153.251,60
2025-01-11 06:20:00,153.17,153.254,153.158,153.189,468
2025-01-11 06:25:00,153.204,153.242,153.074,153.206,240
2025-01-11 06:30:00,152.994,153.241,152.963,153.086,93
2025-01-11 06:35:00,153.185,153.292,153.08,153.121,412
2025-01-11 06:40:00,153.163,153.242,153.066,153.181,499
2025-01-11 06:45:00,153.209,153.257,153.171,153.188,441
2025-01-11 06:50:00,153.213,153.308,153.107,153.245,351
2025-01-11 06:55:00,153.164,153.282,153.147,153.243,236
2025-01-11 07:00:00,153.055,153.206,152.929,153.122,245
2025-01-11 07:05:00,153.132,153.249,152.995,153.085,176
2025-01-11 07:10:00,153.063,153.202,152.897,153.025,215
2025-01-11 07:15:00,152.845,152.915,152.823,152.897,268
2025-01-11 07:20:00,152.817,153.005,152.741,152.852,157
2025-01-11 07:25:00,152.903,152.992,152.821,152.904,234
2025-01-11 07:30:00,153.033,153.096,152.875,153.015,301
2025-01-11 07:35:00,153.133,153.277,153.0,153.063,169
2025-01-11 07:40:00,153.071,153.178,152.968,153.079,248
2025-01-11 07:45:00,152.991,153.08,152.942,153.034,51
2025-01-11 07:50:00,152.954,153.097,152.941,152.99,309
2025-01-11 07:55:00,153.096,153.2,152.918,153.039,266
2025-01-11 08:00:00,153.101,153.155,153.013,153.085,256
2025-01-11 08:05:00,153.148,153.236,153.015,153.117,409
2025-01-11 08:10:00,153.267,153.321,153.146,153.246,100
2025-01-11 08:15:00,153.375,153.438,153.35,153.383,63
2025-01-11 08:20:00,153.3,153.437,153.288,153.322,267
2025-01-11 08:25:00,153.369,153.487,153.335,153.406,239
2025-01-11 08:30:00,153.432,153.574,153.364,153.401,122
2025-01-11 08:35:00,153.473,153.533,153.419,153.448,334
2025-01-11 08:40:00,153.416,153.503,153.304,153.402,122
2025-01-11 08:45:00,153.399,153.42,153.302,153.365,436
2025-01-11 08:50:00,153.394,153.436,153.363,153.407,380
2025-01-11 08:55:00,153.242,153.411,153.152,153.264,421
2025-01-11 09:00:00,153.404,153.562,153.281,153.338,428
2025-01-11 09:05:00,153.35,153.457,153.194,153.331,487
2025-01-11 09:10:00,153.382,153.543,153.319,153.384,379
2025-01-11 09:15:00,153.451,153.498,153.292,153.384,186
2025-01-11 09:20:00,153.376,153.491,153.232,153.369,391
2025-01-11 09:25:00,153.501,153.582,153.409,153.472,207
2025-01-11 09:30:00,153.676,153.771,153.563,153.595,73
2025-01-11 09:35:00,153.611,153.739,153.46,153.593,300
2025-01-11 09:40:00,153.497,153.599,153.457,153.499,200
2025-01-11 09:45:00,153.502,153.693,153.49,153.592,471
2025-01-11 09:50:00,153.53,153.68,153.459,153.606,373
2025-01-11 09:55:00,153.523,153.641,153.509,153.539,125
2025-01-11 10:00:00,153.606,153.761,153.524,153.57,88
2025-01-11 10:05:00,153.697,153.721,153.619,153.698,131
2025-01-11 10:10:00,153.59,153.656,153.559,153.59,312
2025-01-11 10:15:00,153.628,153.734,153.54,153.584,411
2025-01-11 10:20:00,153.627,153.756,153.59,153.603,388
2025-01-11 10:25:00,153.452,153.524,153.294,153.459,160
2025-01-11 10:30:00,153.496,153.682,153.337,153.535,114
2025-01-11 10:35:00,153.477,153.616,153.458,153.525,383
2025-01-11 10:40:00,153.74,153.848,153.634,153.713,493
2025-01-11 10:45:00,153.67,153.732,153.655,153.678,295
2025-01-11 10:50:00,153.751,153.779,153.712,153.767,405
2025-01-11 10:55:00,153.65,153.706,153.601,153.67,273
2025-01-11 11:00:00,153.749,153.797,153.625,153.68,131
2025-01-11 11:05:00,153.634,153.7,153.503,153.647,106
2025-01-11 11:10:00,153.643,153.654,153.485,153.527,169
2025-01-11 11:15:00,153.454,153.563,153.426,153.452,185
2025-01-11 11:20:00,153.392,153.479,153.363,153.441,392
2025-01-11 11:25:00,153.436,153.5,153.351,153.472,245
2025-01-11 11:30:00,153.46,153.618,153.388,153.453,237
2025-01-11 11:35:00,153.399,153.498,153.261,153.397,338
2025-01-11 11:40:00,153.29,153.363,153.226,153.309,154
2025-01-11 11:45:00,153.217,153.234,153.157,153.17,362
2025-01-11 11:50:00,153.257,153.407,153.125,153.234,336
2025-01-11 11:55:00,153.159,153.387,153.115,153.271,247
2025-01-11 12:00:00,153.344,153.503,153.251,153.283,464
2025-01-11 12:05:00,153.289,153.334,153.149,153.274,265
2025-01-11 12:10:00,153.387,153.503,153.197,153.324,176
2025-01-11 12:15:00,153.391,153.442,153.255,153.356,248
2025-01-11 12:20:00,153.275,153.364,153.236,153.27,150
2025-01-11 12:25:00,153.245,153.324,153.139,153.264,333
2025-01-11 12:30:00,153.367,153.424,153.223,153.382,113
2025-01-11 12:35:00,153.354,153.54,153.243,153.389,302
2025-01-11 12:40:00,153.4,153.465,153.339,153.392,216
2025-01-11 12:45:00,153.395,153.527,153.331,153.348,148
2025-01-11 12:50:00,153.454,153.482,153.384,153.457,96
2025-01-11 12:55:00,153.334,153.472,153.213,153.372,288
2025-01-11 13:00:00,153.284,153.357,153.179,153.272,70
2025-01-11 13:05:00,153.229,153.416,153.205,153.273,414
2025-01-11 13:10:00,153.159,153.333,153.042,153.22,462
2025-01-11 13:15:00,152.991,153.038,152.831,153.007,126
2025-01-11 13:20:00,152.863,152.91,152.743,152.839,94
2025-01-11 13:25:00,152.978,153.117,152.926,152.961,134
2025-01-11 13:30:00,152.651,152.807,152.57,152.698,89
2025-01-11 13:35:00,152.853,152.9,152.753,152.788,265
2025-01-11 13:40:00,152.782,152.87,152.631,152.759,403
2025-01-11 13:45:00,152.843,152.868,152.67,152.812,152
2025-01-11 13:50:00,152.961,153.035,152.928,152.939,317
2025-01-11 13:55:00,152.984,153.061,152.966,152.987,185
2025-01-11 14:00:00,153.006,153.15,152.906,153.076,280
2025-01-11 14:05:00,153.249,153.395,153.186,153.2,353
2025-01-11 14:10:00,153.055,153.25,152.934,153.14,187
2025-01-11 14:15:00,153.219,153.305,153.056,153.197,265
2025-01-11 14:20:00,153.156,153.286,153.075,153.143,99
2025-01-11 14:25:00,153.298,153.457,153.237,153.251,258
2025-01-11 14:30:00,153.128,153.175,153.105,153.143,136
2025-01-11 14:35:00,153.003,153.023,152.872,153.005,247
2025-01-11 14:40:00,152.961,153.086,152.885,152.971,201
2025-01-11 14:45:00,152.875,152.968,152.71,152.845,262
2025-01-11 14:50:00,152.846,152.953,152.653,152.8,305
2025-01-11 14:55:00,152.811,152.931,152.724,152.805,400
2025-01-11 15:00:00,152.917,153.003,152.78,152.819,151
2025-01-11 15:05:00,152.899,153.031,152.804,152.831,151
2025-01-11 15:10:00,152.833,152.85,152.722,152.778,128
2025-01-11 15:15:00,152.634,152.663,152.568,152.647,172
2025-01-11 15:20:00,152.776,152.933,152.653,152.719,430
2025-01-11 15:25:00,152.733,152.781,152.598,152.722,419
2025-01-11 15:30:00,152.831,152.964,152.699,152.8,173
2025-01-11 15:35:00,152.9,152.969,152.827,152.937,101
2025-01-11 15:40:00,153.275,153.287,153.053,153.207,214
2025-01-11 15:45:00,153.209,153.351,153.146,153.264,338
2025-01-11 15:50:00,153.061,153.251,152.933,153.116,416
2025-01-11 15:55:00,153.008,153.161,152.866,153.01,224
2025-01-11 16:00:00,152.868,153.008,152.853,152.945,472
2025-01-11 16:05:00,152.799,152.964,152.673,152.908,367
2025-01-11 16:10:00,152.931,153.061,152.88,152.927,67
2025-01-11 16:15:00,152.999,153.123,152.93,153.038,417
2025-01-11 16:20:00,153.159,153.328,153.136,153.173,345
2025-01-11 16:25:00,153.13,153.289,153.091,153.129,456
2025-01-11 16:30:00,153.159,153.256,153.136,153.169,349
2025-01-11 16:35:00,153.113,153.218,153.02,153.088,95
2025-01-11 16:40:00,153.183,153.196,153.072,153.143,389
2025-01-11 16:45:00,153.177,153.333,153.129,153.18,350
2025-01-11 16:50:00,153.145,153.201,153.077,153.12,270
2025-01-11 16:55:00,153.133,153.263,153.069,153.117,205
2025-01-11 17:00:00,153.052,153.154,152.968,153.011,473
2025-01-11 17:05:00,152.879,152.953,152.859,152.885,447
2025-01-11 17:10:00,152.931,153.063,152.867,152.9,164
2025-01-11 17:15:00,152.864,152.965,152.722,152.88,140
2025-01-11 17:20:00,152.904,152.944,152.801,152.871,85
2025-01-11 17:25:00,152.837,152.956,152.703,152.861,365
2025-01-11 17:30:00,152.793,152.83,152.655,152.772,161
2025-01-11 17:35:00,152.791,152.905,152.659,152.765,259
2025-01-11 17:40:00,152.791,152.93,152.666,152.742,308
2025-01-11 17:45:00,152.689,152.827,152.575,152.712,370
2025-01-11 17:50:00,152.695,152.822,152.624,152.696,444
2025-01-11 17:55:00,152.88,152.973,152.704,152.767,185
2025-01-11 18:00:00,152.874,152.953,152.785,152.825,307
2025-01-11 18:05:00,152.867,152.993,152.763,152.866,64
2025-01-11 18:10:00,152.907,153.022,152.823,152.938,72
2025-01-11 18:15:00,153.008,153.031,152.793,152.941,108
2025-01-11 18:20:00,152.988,153.06,152.832,152.917,145
2025-01-11 18:25:00,152.897,152.951,152.762,152.905,324
2025-01-11 18:30:00,152.965,153.022,152.856,152.941,414
2025-01-11 18:35:00,152.951,153.077,152.792,152.908,345
2025-01-11 18:40:00,152.882,152.997,152.737,152.911,166
2025-01-11 18:45:00,152.892,153.076,152.821,152.927,344
2025-01-11 18:50:00,152.9,153.094,152.858,152.987,282
2025-01-11 18:55:00,153.034,153.169,152.97,153.02,316
2025-01-11 19:00:00,152.935,153.12,152.835,153.007,284
2025-01-11 19:05:00,152.966,153.123,152.87,152.946,225
2025-01-11 19:10:00,152.857,152.963,152.814,152.864,81
2025-01-11 19:15:00,152.951,153.022,152.919,153.009,294
2025-01-11 19:20:00,152.86,152.871,152.647,152.793,345
2025-01-11 19:25:00,152.821,152.975,152.629,152.786,450
2025-01-11 19:30:00,152.821,152.977,152.762,152.814,117
2025-01-11 19:35:00,152.825,152.892,152.74,152.864,348
2025-01-11 19:40:00,152.825,152.874,152.801,152.835,403
2025-01-11 19:45:00,152.671,152.818,152.538,152.714,192
2025-01-11 19:50:00,152.68,152.805,152.586,152.675,257
2025-01-11 19:55:00,152.629,152.719,152.561,152.642,244
2025-01-11 20:00:00,152.557,152.761,152.456,152.638,335
2025-01-11 20:05:00,152.666,152.742,152.58,152.666,424
2025-01-11 20:10:00,152.633,152.684,152.555,152.638,436
2025-01-11 20:15:00,152.57,152.719,152.424,152.589,354
2025-01-11 20:20:00,152.603,152.639,152.453,152.579,143
2025-01-11 20:25:00,152.616,152.642,152.419,152.573,159
2025-01-11 20:30:00,152.713,152.781,152.596,152.744,360
2025-01-11 20:35:00,152.697,152.752,152.61,152.693,211
2025-01-11 20:40:00,152.707,152.85,152.659,152.693,485
2025-01-11 20:45:00,152.638,152.661,152.604,152.637,402
2025-01-11 20:50:00,152.74,152.853,152.577,152.735,250
2025-01-11 20:55:00,152.752,152.937,152.646,152.807,328
2025-01-11 21:00:00,152.663,152.814,152.574,152.657,353
2025-01-11 21:05:00,152.531,152.663,152.444,152.572,226
2025-01-11 21:10:00,152.565,152.665,152.484,152.562,142
2025-01-11 21:15:00,152.619,152.703,152.485,152.619,460
2025-01-11 21:20:00,152.708,152.853,152.582,152.667,449
2025-01-11 21:25:00,152.669,152.792,152.629,152.733,451
2025-01-11 21:30:00,152.743,152.836,152.628,152.708,214
2025-01-11 21:35:00,152.654,152.765,152.503,152.686,368
2025-01-11 21:40:00,152.682,152.771,152.6,152.64,281
2025-01-11 21:45:00,152.605,152.738,152.515,152.612,114
2025-01-11 21:50:00,152.704,152.811,152.617,152.701,191
2025-01-11 21:55:00,152.707,152.766,152.586,152.68,258
2025-01-11 22:00:00,152.727,152.791,152.674,152.713,436
2025-01-11 22:05:00,152.569,152.608,152.455,152.548,85
2025-01-11 22:10:00,152.496,152.676,152.377,152.528,488
2025-01-11 22:15:00,152.615,152.64,152.517,152.626,107
2025-01-11 22:20:00,152.573,152.597,152.469,152.574,201
2025-01-11 22:25:00,152.467,152.558,152.394,152.476,316
2025-01-11 22:30:00,152.541,152.671,152.397,152.508,299
2025-01-11 22:35:00,152.368,152.418,152.246,152.383,354
2025-01-11 22:40:00,152.249,152.412,152.153,152.289,343
2025-01-11 22:45:00,152.366,152.439,152.21,152.377,57
2025-01-11 22:50:00,152.286,152.329,152.23,152.298,72
2025-01-11 22:55:00,152.281,152.417,152.219,152.283,206
2025-01-11 23:00:00,152.464,152.517,152.311,152.456,345
2025-01-11 23:05:00,152.502,152.658,152.361,152.502,203
2025-01-11 23:10:00,152.474,152.496,152.349,152.474,130
2025-01-11 23:15:00,152.512,152.548,152.44,152.485,234
2025-01-11 23:20:00,152.422,152.525,152.269,152.363,234
2025-01-11 23:25:00,152.451,152.56,152.403,152.416,258
2025-01-11 23:30:00,152.368,152.407,152.225,152.373,421
2025-01-11 23:35:00,152.371,152.456,152.277,152.375,410
2025-01-11 23:40:00,152.409,152.54,152.358,152.415,456
2025-01-11 23:45:00,152.304,152.531,152.189,152.382,429
2025-01-11 23:50:00,152.227,152.294,152.106,152.283,379
2025-01-11 23:55:00,152.268,152.296,152.18,152.284,428
2025-01-12 00:00:00,152.418,152.438,152.251,152.379,163
2025-01-12 00:05:00,152.213,152.318,152.176,152.26,133
2025-01-12 00:10:00,152.185,152.285,152.131,152.22,226
2025-01-12 00:15:00,152.266,152.294,152.091,152.195,374
2025-01-12 00:20:00,152.31,152.47,152.16,152.347,245
2025-01-12 00:25:00,152.392,152.426,152.243,152.378,206
2025-01-12 00:30:00,152.231,152.429,152.213,152.269,330
2025-01-12 00:35:00,152.234,152.281,152.142,152.18,481
2025-01-12 00:40:00,152.197,152.327,152.155,152.188,160
2025-01-12 00:45:00,152.022,152.154,151.927,152.09,373
2025-01-12 00:50:00,152.117,152.265,152.067,152.115,434
2025-01-12 00:55:00,152.033,152.204,151.988,152.072,345
2025-01-12 01:00:00,151.964,151.995,151.934,151.973,157
2025-01-12 01:05:00,151.874,152.089,151.75,151.94,464
2025-01-12 01:10:00,151.928,152.071,151.812,151.921,464
2025-01-12 01:15:00,151.958,152.06,151.813,151.937,428
2025-01-12 01:20:00,152.09,152.216,151.951,152.074,435
2025-01-12 01:25:00,152.261,152.378,152.115,152.233,236
2025-01-12 01:30:00,152.181,152.213,152.074,152.192,79
2025-01-12 01:35:00,152.091,152.148,151.964,152.056,135
2025-01-12 01:40:00,152.049,152.203,151.99,152.048,75
2025-01-12 01:45:00,152.041,152.162,151.878,152.012,446
2025-01-12 01:50:00,152.048,152.218,152.019,152.063,444
2025-01-12 01:55:00,152.056,152.083,151.921,152.022,211
2025-01-12 02:00:00,151.94,152.069,151.809,151.986,468
2025-01-12 02:05:00,152.098,152.246,151.959,152.071,121
2025-01-12 02:10:00,151.98,152.089,151.9,152.024,347
2025-01-12 02:15:00,152.031,152.164,151.954,152.001,144
2025-01-12 02:20:00,152.184,152.331,152.027,152.151,127
2025-01-12 02:25:00,152.293,152.339,152.266,152.288,98
2025-01-12 02:30:00,152.347,152.482,152.264,152.279,468
2025-01-12 02:35:00,152.345,152.359,152.181,152.289,135
2025-01-12 02:40:00,152.412,152.553,152.211,152.338,472
2025-01-12 02:45:00,152.325,152.451,152.279,152.35,300
2025-01-12 02:50:00,152.324,152.424,152.135,152.271,133
2025-01-12 02:55:00,152.252,152.403,152.189,152.279,249
2025-01-12 03:00:00,152.306,152.365,152.182,152.316,469
2025-01-12 03:05:00,152.499,152.614,152.418,152.521,133
2025-01-12 03:10:00,152.494,152.584,152.347,152.456,61
2025-01-12 03:15:00,152.323,152.413,152.217,152.341,499
2025-01-12 03:20:00,152.267,152.33,152.154,152.281,122
2025-01-12 03:25:00,152.142,152.17,152.116,152.156,127
2025-01-12 03:30:00,152.197,152.346,152.076,152.161,267
2025-01-12 03:35:00,152.101,152.22,151.928,152.078,65
2025-01-12 03:40:00,152.097,152.179,151.954,152.109,139
2025-01-12 03:45:00,152.22,152.349,152.106,152.156,160
2025-01-12 03:50:00,152.126,152.244,152.031,152.124,203
2025-01-12 03:55:00,152.166,152.273,152.091,152.192,491
2025-01-12 04:00:00,152.3,152.369,152.155,152.283,231
2025-01-12 04:05:00,152.056,152.117,151.942,152.083,87
2025-01-12 04:10:00,152.023,152.121,151.98,152.067,204
2025-01-12 04:15:00,152.038,152.114,152.024,152.075,244
2025-01-12 04:20:00,152.055,152.11,151.899,152.059,388
2025-01-12 04:25:00,152.09,152.182,152.041,152.071,133
2025-01-12 04:30:00,152.032,152.18,151.952,152.0,52
2025-01-12 04:35:00,151.797,152.025,151.723,151.872,213
2025-01-12 04:40:00,151.874,151.913,151.771,151.871,105
2025-01-12 04:45:00,151.861,151.974,151.68,151.8,270
2025-01-12 04:50:00,151.84,151.95,151.696,151.775,291
2025-01-12 04:55:00,151.904,152.027,151.741,151.896,444
2025-01-12 05:00:00,151.954,152.062,151.919,151.994,378
2025-01-12 05:05:00,151.822,151.915,151.725,151.859,451
2025-01-12 05:10:00,151.86,151.986,151.795,151.828,233
2025-01-12 05:15:00,151.851,151.997,151.741,151.897,208
2025-01-12 05:20:00,152.155,152.294,152.052,152.167,198
2025-01-12 05:25:00,152.162,152.204,152.061,152.149,204
2025-01-12 05:30:00,152.095,152.155,151.964,152.086,245
2025-01-12 05:35:00,152.184,152.248,152.145,152.2,483
2025-01-12 05:40:00,152.206,152.255,152.146,152.233,155
2025-01-12 05:45:00,152.211,152.321,152.135,152.186,301
2025-01-12 05:50:00,152.109,152.174,151.985,152.147,453
2025-01-12 05:55:00,152.198,152.335,152.139,152.235,95
2025-01-12 06:00:00,152.237,152.32,152.175,152.209,108
2025-01-12 06:05:00,152.15,152.278,152.003,152.135,472
2025-01-12 06:10:00,152.228,152.276,152.067,152.132,467
2025-01-12 06:15:00,152.137,152.242,152.018,152.119,176
2025-01-12 06:20:00,152.115,152.19,151.937,152.085,101
2025-01-12 06:25:00,152.232,152.379,152.066,152.207,68
2025-01-12 06:30:00,152.422,152.512,152.347,152.361,189
2025-01-12 06:35:00,152.273,152.374,152.221,152.273,181
2025-01-12 06:40:00,152.273,152.396,152.221,152.303,132
2025-01-12 06:45:00,152.244,152.344,152.137,152.219,56
2025-01-12 06:50:00,152.192,152.308,152.003,152.134,336
2025-01-12 06:55:00,152.347,152.443,152.236,152.314,423
2025-01-12 07:00:00,152.371,152.494,152.325,152.35,89
2025-01-12 07:05:00,152.33,152.494,152.24,152.363,204
2025-01-12 07:10:00,152.446,152.591,152.432,152.453,401
2025-01-12 07:15:00,152.441,152.497,152.304,152.434,56
2025-01-12 07:20:00,152.418,152.495,152.227,152.375,377
2025-01-12 07:25:00,152.165,152.35,152.033,152.206,450
2025-01-12 07:30:00,152.17,152.248,152.061,152.162,133
2025-01-12 07:35:00,152.031,152.123,151.891,152.063,158
2025-01-12 07:40:00,152.076,152.135,152.023,152.109,247
2025-01-12 07:45:00,152.101,152.152,151.947,152.083,117
2025-01-12 07:50:00,151.979,152.153,151.967,152.046,482
2025-01-12 07:55:00,152.15,152.309,152.124,152.165,167
2025-01-12 08:00:00,151.964,152.148,151.808,152.039,67
2025-01-12 08:05:00,152.039,152.089,152.005,152.029,241
2025-01-12 08:10:00,152.092,152.221,151.918,152.07,303
2025-01-12 08:15:00,152.089,152.138,151.931,152.116,464
2025-01-12 08:20:00,152.188,152.319,152.019,152.172,236
2025-01-12 08:25:00,152.198,152.257,152.102,152.188,399
2025-01-12 08:30:00,152.109,152.262,152.03,152.055,439
2025-01-12 08:35:00,152.062,152.164,151.957,151.987,405
2025-01-12 08:40:00,151.96,151.981,151.873,151.917,69
2025-01-12 08:45:00,152.002,152.073,151.906,151.954,484
2025-01-12 08:50:00,152.098,152.172,151.965,152.071,485
2025-01-12 08:55:00,152.148,152.312,152.121,152.155,120
2025-01-12 09:00:00,152.277,152.392,152.063,152.217,268
2025-01-12 09:05:00,152.294,152.389,152.148,152.265,145
2025-01-12 09:10:00,152.229,152.285,152.132,152.2,109
2025-01-12 09:15:00,152.061,152.224,151.953,152.113,451
2025-01-12 09:20:00,152.085,152.27,152.071,152.123,166
2025-01-12 09:25:00,152.275,152.407,152.175,152.273,164
2025-01-12 09:30:00,152.307,152.383,152.198,152.36,58
2025-01-12 09:35:00,152.534,152.655,152.343,152.487,471
2025-01-12 09:40:00,152.677,152.79,152.56,152.636,61
2025-01-12 09:45:00,152.818,152.968,152.722,152.839,154
2025-01-12 09:50:00,152.789,152.867,152.675,152.817,284
2025-01-12 09:55:00,152.9,152.96,152.797,152.827,467
2025-01-12 10:00:00,152.936,152.979,152.816,152.927,362
2025-01-12 10:05:00,152.857,152.873,152.768,152.838,369
2025-01-12 10:10:00,152.901,152.931,152.769,152.834,74
2025-01-12 10:15:00,152.895,152.979,152.826,152.886,294
2025-01-12 10:20:00,152.848,152.895,152.658,152.804,50
2025-01-12 10:25:00,152.765,152.866,152.689,152.821,367
2025-01-12 10:30:00,152.752,152.794,152.615,152.751,275
2025-01-12 10:35:00,152.612,152.723,152.465,152.636,309
2025-01-12 10:40:00,152.65,152.779,152.603,152.621,397
2025-01-12 10:45:00,152.642,152.684,152.608,152.642,334
2025-01-12 10:50:00,152.58,152.637,152.415,152.533,75
2025-01-12 10:55:00,152.516,152.6,152.447,152.519,243
2025-01-12 11:00:00,152.505,152.541,152.442,152.474,336
2025-01-12 11:05:00,152.491,152.531,152.357,152.512,445
2025-01-12 11:10:00,152.64,152.694,152.534,152.64,434
2025-01-12 11:15:00,152.726,152.788,152.623,152.718,152
2025-01-12 11:20:00,152.868,152.948,152.791,152.859,331
2025-01-12 11:25:00,152.873,152.982,152.818,152.835,408
2025-01-12 11:30:00,152.917,152.987,152.893,152.926,179
2025-01-12 11:35:00,152.98,153.121,152.962,153.009,133
2025-01-12 11:40:00,153.153,153.213,153.019,153.131,196
2025-01-12 11:45:00,153.053,153.118,152.988,153.068,325
2025-01-12 11:50:00,152.937,153.019,152.861,152.992,314
2025-01-12 11:55:00,153.213,153.345,153.082,153.106,493
2025-01-12 12:00:00,153.218,153.307,153.147,153.183,439
2025-01-12 12:05:00,153.064,153.239,152.989,153.128,51
2025-01-12 12:10:00,153.047,153.161,152.995,153.061,453
2025-01-12 12:15:00,153.064,153.207,153.026,153.086,111
2025-01-12 12:20:00,153.152,153.218,152.997,153.124,167
2025-01-12 12:25:00,153.075,153.221,152.927,153.128,442
2025-01-12 12:30:00,153.255,153.382,153.137,153.256,345
2025-01-12 12:35:00,153.202,153.328,153.135,153.315,115
2025-01-12 12:40:00,153.375,153.433,153.212,153.369,383
2025-01-12 12:45:00,153.358,153.383,153.322,153.341,122
2025-01-12 12:50:00,153.249,153.284,153.172,153.239,296
2025-01-12 12:55:00,153.283,153.405,153.214,153.234,66
2025-01-12 13:00:00,153.385,153.417,153.286,153.341,235
2025-01-12 13:05:00,153.34,153.454,153.224,153.336,272
2025-01-12 13:10:00,153.416,153.542,153.27,153.378,363
2025-01-12 13:15:00,153.347,153.404,153.238,153.308,288
2025-01-12 13:20:00,153.342,153.423,153.304,153.324,364
2025-01-12 13:25:00,153.41,153.518,153.376,153.387,312
2025-01-12 13:30:00,153.393,153.442,153.352,153.417,70
2025-01-12 13:35:00,153.497,153.616,153.38,153.486,121
2025-01-12 13:40:00,153.444,153.577,153.387,153.444,85
2025-01-12 13:45:00,153.381,153.521,153.352,153.366,149
2025-01-12 13:50:00,153.284,153.386,153.208,153.292,232
2025-01-12 13:55:00,153.293,153.341,153.101,153.255,50
2025-01-12 14:00:00,153.263,153.315,153.166,153.265,168
2025-01-12 14:05:00,153.206,153.307,153.182,153.209,460
2025-01-12 14:10:00,153.143,153.299,153.082,153.135,256
2025-01-12 14:15:00,153.009,153.1,152.914,153.03,328
2025-01-12 14:20:00,152.994,153.053,152.806,152.966,494
2025-01-12 14:25:00,153.071,153.205,152.988,153.118,65
2025-01-12 14:30:00,153.263,153.371,153.211,153.253,147
2025-01-12 14:35:00,153.391,153.461,153.301,153.404,179
2025-01-12 14:40:00,153.399,153.482,153.384,153.443,188
2025-01-12 14:45:00,153.593,153.671,153.452,153.612,254
2025-01-12 14:50:00,153.552,153.583,153.397,153.521,146
2025-01-12 14:55:00,153.504,153.687,153.462,153.528,452
2025-01-12 15:00:00,153.677,153.732,153.538,153.604,110
2025-01-12 15:05:00,153.563,153.674,153.455,153.509,336
2025-01-12 15:10:00,153.5,153.655,153.456,153.49,76
2025-01-12 15:15:00,153.646,153.785,153.582,153.622,477
2025-01-12 15:20:00,153.733,153.851,153.663,153.732,321
2025-01-12 15:25:00,153.652,153.75,153.632,153.689,267
2025-01-12 15:30:00,153.68,153.746,153.57,153.68,153
2025-01-12 15:35:00,153.728,153.78,153.68,153.706,232
2025-01-12 15:40:00,153.641,153.808,153.629,153.663,142
2025-01-12 15:45:00,153.553,153.712,153.423,153.608,376
2025-01-12 15:50:00,153.581,153.788,153.5,153.636,103
2025-01-12 15:55:00,153.58,153.635,153.429,153.549,339
2025-01-12 16:00:00,153.483,153.567,153.427,153.467,144
2025-01-12 16:05:00,153.643,153.691,153.537,153.616,70
2025-01-12 16:10:00,153.673,153.781,153.598,153.611,273
2025-01-12 16:15:00,153.808,153.938,153.688,153.79,110
2025-01-12 16:20:00,153.783,153.91,153.715,153.796,52
2025-01-12 16:25:00,153.799,153.952,153.696,153.828,122
2025-01-12 16:30:00,153.909,154.037,153.791,153.927,438
2025-01-12 16:35:00,154.021,154.104,153.915,153.976,221
2025-01-12 16:40:00,154.013,154.09,153.893,154.04,251
2025-01-12 16:45:00,154.118,154.271,153.961,154.076,331
2025-01-12 16:50:00,154.041,154.143,154.001,154.012,249
2025-01-12 16:55:00,154.017,154.096,153.933,154.06,75
2025-01-12 17:00:00,154.035,154.108,153.95,154.013,394
2025-01-12 17:05:00,154.154,154.197,154.063,154.17,433
2025-01-12 17:10:00,154.197,154.261,154.05,154.203,251
2025-01-12 17:15:00,154.155,154.3,154.006,154.119,329
2025-01-12 17:20:00,154.128,154.172,154.022,154.147,68
2025-01-12 17:25:00,154.287,154.381,154.085,154.234,445
2025-01-12 17:30:00,154.276,154.337,154.253,154.325,140
2025-01-12 17:35:00,154.226,154.344,154.143,154.203,122
2025-01-12 17:40:00,154.14,154.286,154.118,154.14,284
2025-01-12 17:45:00,154.19,154.253,154.033,154.202,120
2025-01-12 17:50:00,154.259,154.354,154.227,154.248,299
2025-01-12 17:55:00,154.273,154.298,154.165,154.279,228
2025-01-12 18:00:00,154.23,154.348,154.091,154.214,199
2025-01-12 18:05:00,154.184,154.228,154.027,154.198,152
2025-01-12 18:10:00,154.235,154.366,154.086,154.166,489
2025-01-12 18:15:00,153.992,154.11,153.867,154.04,139
2025-01-12 18:20:00,153.934,154.106,153.837,153.96,434
2025-01-12 18:25:00,154.001,154.104,153.948,154.048,225
2025-01-12 18:30:00,154.043,154.112,153.992,154.015,446
2025-01-12 18:35:00,154.031,154.072,153.872,154.038,174
2025-01-12 18:40:00,154.054,154.167,153.941,153.987,364
2025-01-12 18:45:00,154.004,154.096,153.938,154.021,115
2025-01-12 18:50:00,154.035,154.13,153.892,153.985,429
2025-01-12 18:55:00,153.936,154.064,153.847,153.918,318
2025-01-12 19:00:00,153.878,153.939,153.678,153.826,70
2025-01-12 19:05:00,153.943,154.084,153.855,153.948,391
2025-01-12 19:10:00,153.836,153.912,153.657,153.809,217
2025-01-12 19:15:00,153.689,153.785,153.572,153.709,268
2025-01-12 19:20:00,153.693,153.714,153.624,153.686,58
2025-01-12 19:25:00,153.635,153.75,153.562,153.677,375
2025-01-12 19:30:00,153.601,153.658,153.508,153.613,119
2025-01-12 19:35:00,153.796,153.809,153.681,153.75,211
2025-01-12 19:40:00,153.853,153.963,153.716,153.852,387
2025-01-12 19:45:00,153.714,153.774,153.692,153.72,345
2025-01-12 19:50:00,153.869,153.96,153.811,153.843,147
2025-01-12 19:55:00,153.942,153.997,153.77,153.874,492
2025-01-12 20:00:00,153.803,153.958,153.776,153.791,387
2025-01-12 20:05:00,153.846,153.971,153.757,153.872,367
2025-01-12 20:10:00,153.976,154.052,153.886,153.949,264
2025-01-12 20:15:00,153.812,153.955,153.691,153.874,80
2025-01-12 20:20:00,153.758,153.89,153.738,153.756,167
2025-01-12 20:25:00,153.744,153.79,153.572,153.72,468
2025-01-12 20:30:00,153.729,153.781,153.615,153.736,119
2025-01-12 20:35:00,153.554,153.603,153.523,153.582,62
2025-01-12 20:40:00,153.656,153.731,153.555,153.662,105
2025-01-12 20:45:00,153.707,153.752,153.613,153.681,253
2025-01-12 20:50:00,153.758,153.902,153.688,153.709,60
2025-01-12 20:55:00,153.7,153.804,153.668,153.707,155
2025-01-12 21:00:00,153.693,153.752,153.573,153.667,302
2025-01-12 21:05:00,153.693,153.756,153.521,153.654,390
2025-01-12 21:10:00,153.66,153.734,153.547,153.618,343
2025-01-12 21:15:00,153.505,153.643,153.37,153.591,55
2025-01-12 21:20:00,153.623,153.777,153.533,153.647,493
2025-01-12 21:25:00,153.674,153.771,153.649,153.678,51
2025-01-12 21:30:00,153.655,153.709,153.502,153.631,272
2025-01-12 21:35:00,153.811,153.877,153.717,153.771,150
2025-01-12 21:40:00,153.852,153.987,153.671,153.817,471
2025-01-12 21:45:00,153.779,153.903,153.695,153.755,285
2025-01-12 21:50:00,153.679,153.736,153.586,153.695,328
2025-01-12 21:55:00,153.659,153.731,153.594,153.675,433
2025-01-12 22:00:00,153.689,153.748,153.673,153.725,175
2025-01-12 22:05:00,153.575,153.61,153.48,153.571,359
2025-01-12 22:10:00,153.549,153.64,153.533,153.547,267
2025-01-12 22:15:00,153.655,153.672,153.546,153.588,381
2025-01-12 22:20:00,153.618,153.715,153.465,153.595,424
2025-01-12 22:25:00,153.508,153.611,153.39,153.495,373
2025-01-12 22:30:00,153.355,153.418,153.2,153.397,449
2025-01-12 22:35:00,153.363,153.438,153.297,153.381,330
2025-01-12 22:40:00,153.429,153.535,153.343,153.415,323
2025-01-12 22:45:00,153.495,153.534,153.379,153.492,374
2025-01-12 22:50:00,153.513,153.589,153.482,153.56,317
2025-01-12 22:55:00,153.596,153.661,153.499,153.584,144
2025-01-12 23:00:00,153.637,153.781,153.457,153.595,164
2025-01-12 23:05:00,153.539,153.588,153.454,153.505,373
2025-01-12 23:10:00,153.558,153.662,153.516,153.555,253
2025-01-12 23:15:00,153.477,153.593,153.453,153.497,142
2025-01-12 23:20:00,153.421,153.497,153.377,153.415,145
2025-01-12 23:25:00,153.461,153.69,153.407,153.533,468
2025-01-12 23:30:00,153.566,153.597,153.411,153.528,438
2025-01-12 23:35:00,153.444,153.514,153.389,153.441,408
2025-01-12 23:40:00,153.443,153.619,153.389,153.481,78
2025-01-12 23:45:00,153.38,153.566,153.23,153.417,74
2025-01-12 23:50:00,153.457,153.522,153.373,153.438,127
2025-01-12 23:55:00,153.493,153.541,153.357,153.471,167
2025-01-13 00:00:00,153.381,153.487,153.259,153.395,83
2025-01-13 00:05:00,153.377,153.457,153.288,153.417,240
2025-01-13 00:10:00,153.309,153.33,153.231,153.27,343
2025-01-13 00:15:00,153.29,153.382,153.188,153.302,69
2025-01-13 00:20:00,153.241,153.301,153.134,153.173,234
2025-01-13 00:25:00,152.984,153.218,152.858,153.087,235
2025-01-13 00:30:00,153.185,153.265,153.025,153.167,85
2025-01-13 00:35:00,153.216,153.253,152.958,153.099,381
2025-01-13 00:40:00,153.064,153.187,152.919,153.119,106
2025-01-13 00:45:00,153.186,153.296,153.133,153.171,410
2025-01-13 00:50:00,153.175,153.326,153.078,153.175,453
2025-01-13 00:55:00,153.373,153.457,153.266,153.282,272
2025-01-13 01:00:00,153.368,153.536,153.315,153.396,69
2025-01-13 01:05:00,153.486,153.548,153.36,153.507,424
2025-01-13 01:10:00,153.502,153.662,153.425,153.504,256
2025-01-13 01:15:00,153.76,153.924,153.627,153.782,142
2025-01-13 01:20:00,153.912,154.029,153.814,153.866,68
2025-01-13 01:25:00,153.82,153.964,153.719,153.765,419
2025-01-13 01:30:00,153.842,153.907,153.749,153.845,375
2025-01-13 01:35:00,153.81,153.963,153.685,153.756,365
2025-01-13 01:40:00,153.527,153.691,153.457,153.558,135
2025-01-13 01:45:00,153.506,153.584,153.374,153.509,297
2025-01-13 01:50:00,153.466,153.571,153.429,153.492,145
2025-01-13 01:55:00,153.446,153.541,153.354,153.489,489
2025-01-13 02:00:00,153.593,153.755,153.469,153.605,183
2025-01-13 02:05:00,153.629,153.708,153.5,153.546,74
2025-01-13 02:10:00,153.492,153.548,153.364,153.487,264
2025-01-13 02:15:00,153.391,153.498,153.313,153.477,417
2025-01-13 02:20:00,153.506,153.622,153.398,153.444,142
2025-01-13 02:25:00,153.369,153.475,153.311,153.379,342
2025-01-13 02:30:00,153.589,153.637,153.423,153.498,475
2025-01-13 02:35:00,153.583,153.678,153.423,153.517,433
2025-01-13 02:40:00,153.47,153.588,153.404,153.491,138
2025-01-13 02:45:00,153.371,153.458,153.351,153.395,394
2025-01-13 02:50:00,153.521,153.549,153.372,153.522,419
2025-01-13 02:55:00,153.499,153.616,153.307,153.442,462
2025-01-13 03:00:00,153.475,153.657,153.437,153.507,396
2025-01-13 03:05:00,153.551,153.676,153.399,153.542,79
2025-01-13 03:10:00,153.564,153.685,153.525,153.578,408
2025-01-13 03:15:00,153.625,153.785,153.514,153.656,282
2025-01-13 03:20:00,153.686,153.761,153.67,153.737,494
2025-01-13 03:25:00,153.732,153.816,153.599,153.753,88
2025-01-13 03:30:00,153.792,153.934,153.672,153.819,83
2025-01-13 03:35:00,153.725,153.869,153.597,153.708,105
2025-01-13 03:40:00,153.657,153.764,153.561,153.742,237
2025-01-13 03:45:00,153.945,154.053,153.82,153.904,252
2025-01-13 03:50:00,153.906,153.976,153.808,153.941,228
2025-01-13 03:55:00,153.876,153.923,153.84,153.897,234
2025-01-13 04:00:00,153.798,153.946,153.723,153.83,464
2025-01-13 04:05:00,153.833,153.953,153.796,153.831,408
2025-01-13 04:10:00,153.985,154.073,153.863,153.913,382
2025-01-13 04:15:00,153.836,153.955,153.726,153.923,377
2025-01-13 04:20:00,153.945,153.983,153.863,153.907,67
2025-01-13 04:25:00,153.958,153.972,153.874,153.95,281
2025-01-13 04:30:00,153.865,153.995,153.802,153.865,271
2025-01-13 04:35:00,153.936,153.997,153.899,153.953,56
2025-01-13 04:40:00,153.872,153.958,153.816,153.871,60
2025-01-13 04:45:00,153.956,154.048,153.896,153.979,288
2025-01-13 04:50:00,154.078,154.149,153.914,154.07,263
2025-01-13 04:55:00,153.859,153.999,153.804,153.925,121
2025-01-13 05:00:00,154.045,154.169,153.935,153.994,224
2025-01-13 05:05:00,153.968,154.14,153.835,154.027,291
2025-01-13 05:10:00,154.197,154.35,154.12,154.155,89
2025-01-13 05:15:00,154.127,154.188,153.977,154.111,188
2025-01-13 05:20:00,154.04,154.143,153.906,154.052,124
2025-01-13 05:25:00,154.156,154.237,154.017,154.208,179
2025-01-13 05:30:00,154.434,154.467,154.172,154.329,343
2025-01-13 05:35:00,154.186,154.305,154.094,154.266,396
2025-01-13 05:40:00,154.386,154.47,154.182,154.278,155
2025-01-13 05:45:00,154.264,154.416,154.111,154.241,343
2025-01-13 05:50:00,154.329,154.488,154.305,154.322,430
2025-01-13 05:55:00,154.294,154.447,154.275,154.327,182
2025-01-13 06:00:00,154.415,154.481,154.351,154.459,168
2025-01-13 06:05:00,154.247,154.346,154.142,154.3,382
2025-01-13 06:10:00,154.449,154.533,154.31,154.432,120
2025-01-13 06:15:00,154.348,154.582,154.317,154.439,223
2025-01-13 06:20:00,154.467,154.505,154.423,154.455,92
2025-01-13 06:25:00,154.281,154.434,154.215,154.279,155
2025-01-13 06:30:00,154.331,154.474,154.166,154.31,98
2025-01-13 06:35:00,154.245,154.294,154.042,154.168,117
2025-01-13 06:40:00,154.354,154.505,154.186,154.335,166
2025-01-13 06:45:00,154.19,154.265,154.142,154.202,462
2025-01-13 06:50:00,154.178,154.292,154.047,154.14,494
2025-01-13 06:55:00,154.163,154.27,154.014,154.096,118
2025-01-13 07:00:00,154.226,154.353,153.989,154.145,410
2025-01-13 07:05:00,154.212,154.369,154.081,154.24,133
2025-01-13 07:10:00,154.295,154.326,154.148,154.287,150
2025-01-13 07:15:00,154.211,154.332,154.139,154.214,457
2025-01-13 07:20:00,154.144,154.188,154.008,154.14,226
2025-01-13 07:25:00,154.042,154.147,153.963,154.027,332
2025-01-13 07:30:00,154.093,154.207,153.906,154.053,139
2025-01-13 07:35:00,153.998,154.136,153.924,154.007,87
2025-01-13 07:40:00,154.138,154.269,154.073,154.141,230
2025-01-13 07:45:00,154.037,154.184,153.967,154.047,369
2025-01-13 07:50:00,153.807,153.93,153.689,153.831,171
2025-01-13 07:55:00,153.733,153.888,153.654,153.817,245
2025-01-13 08:00:00,153.825,153.956,153.678,153.828,367
2025-01-13 08:05:00,154.089,154.223,153.912,153.986,461
2025-01-13 08:10:00,153.889,153.979,153.825,153.908,450
2025-01-13 08:15:00,153.673,153.833,153.603,153.682,441
2025-01-13 08:20:00,153.755,153.877,153.636,153.78,353
2025-01-13 08:25:00,153.766,153.854,153.718,153.775,213
2025-01-13 08:30:00,153.682,153.711,153.611,153.645,459
2025-01-13 08:35:00,153.592,153.648,153.522,153.581,73
2025-01-13 08:40:00,153.618,153.647,153.46,153.519,461
2025-01-13 08:45:00,153.501,153.628,153.317,153.476,119
2025-01-13 08:50:00,153.447,153.558,153.291,153.396,403
2025-01-13 08:55:00,153.383,153.468,153.323,153.362,371
2025-01-13 09:00:00,153.337,153.499,153.303,153.343,183
2025-01-13 09:05:00,153.367,153.428,153.254,153.415,178
2025-01-13 09:10:00,153.338,153.431,153.206,153.385,371
2025-01-13 09:15:00,153.439,153.578,153.352,153.434,223
2025-01-13 09:20:00,153.578,153.711,153.504,153.539,326
2025-01-13 09:25:00,153.363,153.472,153.231,153.414,85
2025-01-13 09:30:00,153.386,153.491,153.291,153.447,307
2025-01-13 09:35:00,153.353,153.458,153.199,153.377,444
2025-01-13 09:40:00,153.349,153.411,153.334,153.372,435
2025-01-13 09:45:00,153.369,153.432,153.356,153.389,426
2025-01-13 09:50:00,153.255,153.355,153.142,153.271,56
2025-01-13 09:55:00,153.426,153.467,153.326,153.401,478
2025-01-13 10:00:00,153.489,153.522,153.437,153.478,344
2025-01-13 10:05:00,153.598,153.65,153.544,153.588,298
2025-01-13 10:10:00,153.542,153.686,153.442,153.53,451
2025-01-13 10:15:00,153.488,153.599,153.429,153.499,225
2025-01-13 10:20:00,153.431,153.52,153.377,153.407,207
2025-01-13 10:25:00,153.404,153.549,153.281,153.415,333
2025-01-13 10:30:00,153.347,153.481,153.276,153.362,236
2025-01-13 10:35:00,153.441,153.484,153.317,153.4,395
2025-01-13 10:40:00,153.457,153.588,153.434,153.462,312
2025-01-13 10:45:00,153.47,153.562,153.344,153.473,158
2025-01-13 10:50:00,153.536,153.65,153.393,153.527,100
2025-01-13 10:55:00,153.41,153.445,153.291,153.429,304
2025-01-13 11:00:00,153.599,153.67,153.515,153.589,277
2025-01-13 11:05:00,153.419,153.614,153.356,153.471,265
2025-01-13 11:10:00,153.431,153.54,153.322,153.414,448
2025-01-13 11:15:00,153.454,153.598,153.336,153.502,241
2025-01-13 11:20:00,153.463,153.56,153.326,153.516,70
2025-01-13 11:25:00,153.541,153.554,153.37,153.498,138
2025-01-13 11:30:00,153.543,153.58,153.383,153.521,424
2025-01-13 11:35:00,153.57,153.704,153.456,153.575,400
2025-01-13 11:40:00,153.543,153.656,153.416,153.547,140
2025-01-13 11:45:00,153.61,153.67,153.488,153.635,215
2025-01-13 11:50:00,153.491,153.574,153.433,153.535,462
2025-01-13 11:55:00,153.592,153.626,153.506,153.591,58
2025-01-13 12:00:00,153.653,153.78,153.515,153.616,408
2025-01-13 12:05:00,153.632,153.754,153.549,153.617,170
2025-01-13 12:10:00,153.674,153.829,153.511,153.602,475
2025-01-13 12:15:00,153.57,153.731,153.49,153.586,148
2025-01-13 12:20:00,153.681,153.789,153.569,153.714,81
2025-01-13 12:25:00,153.6,153.755,153.468,153.59,485
2025-01-13 12:30:00,153.659,153.821,153.527,153.732,447
2025-01-13 12:35:00,153.805,153.848,153.719,153.798,160
2025-01-13 12:40:00,153.771,153.892,153.618,153.827,180
2025-01-13 12:45:00,153.764,153.845,153.645,153.783,383
2025-01-13 12:50:00,153.814,153.877,153.732,153.779,57
2025-01-13 12:55:00,153.802,153.852,153.781,153.837,323
2025-01-13 13:00:00,153.839,153.944,153.786,153.801,255
2025-01-13 13:05:00,153.769,153.924,153.637,153.77,489
2025-01-13 13:10:00,153.614,153.76,153.468,153.678,147
2025-01-13 13:15:00,153.752,153.87,153.724,153.773,122
2025-01-13 13:20:00,153.824,153.936,153.781,153.845,235
2025-01-13 13:25:00,153.848,153.964,153.726,153.857,280
2025-01-13 13:30:00,153.824,153.879,153.677,153.796,396
2025-01-13 13:35:00,153.802,153.834,153.742,153.803,86
2025-01-13 13:40:00,153.682,153.716,153.565,153.693,395
2025-01-13 13:45:00,153.572,153.732,153.421,153.6,353
2025-01-13 13:50:00,153.609,153.735,153.507,153.666,139
2025-01-13 13:55:00,153.8,153.839,153.73,153.785,90
2025-01-13 14:00:00,153.806,153.87,153.644,153.773,114
2025-01-13 14:05:00,153.867,154.023,153.817,153.832,133
2025-01-13 14:10:00,153.996,154.138,153.909,153.958,286
2025-01-13 14:15:00,153.743,153.871,153.64,153.792,186
2025-01-13 14:20:00,153.777,153.835,153.74,153.801,58
2025-01-13 14:25:00,153.967,154.023,153.887,153.956,484
2025-01-13 14:30:00,153.995,154.035,153.851,153.96,58
2025-01-13 14:35:00,153.736,153.919,153.665,153.779,81
2025-01-13 14:40:00,153.842,153.873,153.69,153.814,175
2025-01-13 14:45:00,153.724,153.847,153.654,153.757,78
2025-01-13 14:50:00,153.72,153.931,153.675,153.781,55
2025-01-13 14:55:00,153.769,153.877,153.685,153.823,207
2025-01-13 15:00:00,153.956,154.068,153.865,153.883,202
2025-01-13 15:05:00,153.989,154.015,153.924,153.968,451
2025-01-13 15:10:00,154.01,154.051,153.924,154.015,123
2025-01-13 15:15:00,154.097,154.23,153.892,154.049,108
2025-01-13 15:20:00,154.108,154.268,154.055,154.124,128
2025-01-13 15:25:00,154.151,154.177,153.993,154.107,468
2025-01-13 15:30:00,154.138,154.257,154.092,154.165,395
2025-01-13 15:35:00,154.08,154.103,154.066,154.078,365
2025-01-13 15:40:00,154.293,154.441,154.099,154.234,242
2025-01-13 15:45:00,154.214,154.248,154.131,154.186,424
2025-01-13 15:50:00,154.115,154.266,154.097,154.191,194
2025-01-13 15:55:00,154.356,154.421,154.197,154.258,117
2025-01-13 16:00:00,154.265,154.35,154.145,154.291,107
2025-01-13 16:05:00,154.273,154.337,154.116,154.238,378
2025-01-13 16:10:00,154.124,154.291,154.077,154.205,51
2025-01-13 16:15:00,154.275,154.386,154.104,154.211,399
2025-01-13 16:20:00,154.169,154.282,154.114,154.174,483
2025-01-13 16:25:00,154.032,154.185,154.007,154.054,317
2025-01-13 16:30:00,154.049,154.195,153.909,154.048,264
2025-01-13 16:35:00,154.02,154.171,153.926,154.013,266
2025-01-13 16:40:00,154.0,154.034,153.986,154.005,74
2025-01-13 16:45:00,153.923,154.135,153.799,153.981,83
2025-01-13 16:50:00,153.958,153.992,153.873,153.96,286
2025-01-13 16:55:00,153.942,154.013,153.826,153.976,270
2025-01-13 17:00:00,153.888,153.914,153.81,153.863,357
2025-01-13 17:05:00,153.975,154.007,153.92,153.942,406
2025-01-13 17:10:00,154.109,154.144,153.983,154.112,436
2025-01-13 17:15:00,154.175,154.282,153.987,154.128,273
2025-01-13 17:20:00,154.147,154.297,154.051,154.11,76
2025-01-13 17:25:00,154.024,154.069,153.939,154.031,153
2025-01-13 17:30:00,153.908,154.05,153.886,153.923,96
2025-01-13 17:35:00,153.94,154.07,153.896,153.961,312
2025-01-13 17:40:00,153.844,153.879,153.753,153.845,244
2025-01-13 17:45:00,153.994,154.057,153.837,153.957,250
2025-01-13 17:50:00,153.981,154.049,153.92,154.001,359
2025-01-13 17:55:00,154.103,154.133,153.97,154.111,301
2025-01-13 18:00:00,153.956,154.048,153.824,154.036,366
2025-01-13 18:05:00,154.095,154.123,154.009,154.07,159
2025-01-13 18:10:00,153.997,154.234,153.875,154.111,370
2025-01-13 18:15:00,153.91,154.116,153.789,153.961,314
2025-01-13 18:20:00,153.973,154.016,153.827,153.985,113
2025-01-13 18:25:00,154.101,154.158,153.936,154.042,363
2025-01-13 18:30:00,153.961,154.083,153.804,153.931,310
2025-01-13 18:35:00,154.003,154.048,153.941,154.005,461
2025-01-13 18:40:00,154.007,154.139,153.797,153.927,404
2025-01-13 18:45:00,153.926,153.949,153.831,153.931,145
2025-01-13 18:50:00,153.984,154.032,153.92,154.007,316
2025-01-13 18:55:00,154.023,154.128,153.905,154.025,161
2025-01-13 19:00:00,154.075,154.155,154.038,154.066,260
2025-01-13 19:05:00,153.995,154.196,153.934,154.041,355
2025-01-13 19:10:00,154.161,154.276,154.032,154.111,311
2025-01-13 19:15:00,154.217,154.347,154.12,154.247,302
2025-01-13 19:20:00,153.992,154.091,153.916,154.08,337
2025-01-13 19:25:00,154.115,154.136,154.01,154.094,334
2025-01-13 19:30:00,153.905,154.075,153.779,153.952,186
2025-01-13 19:35:00,153.895,153.935,153.727,153.885,437
2025-01-13 19:40:00,153.884,153.96,153.812,153.903,146
2025-01-13 19:45:00,153.917,154.0,153.846,153.877,429
2025-01-13 19:50:00,153.968,153.994,153.879,153.945,475
2025-01-13 19:55:00,153.958,154.056,153.813,153.978,208
2025-01-13 20:00:00,154.126,154.273,154.004,154.14,395
2025-01-13 20:05:00,154.131,154.218,154.082,154.119,124
2025-01-13 20:10:00,154.047,154.091,153.921,154.034,243
2025-01-13 20:15:00,154.105,154.159,154.06,154.077,97
2025-01-13 20:20:00,153.94,154.036,153.833,153.959,330
2025-01-13 20:25:00,153.828,153.987,153.655,153.796,337
2025-01-13 20:30:00,153.592,153.78,153.562,153.674,451
2025-01-13 20:35:00,153.744,153.866,153.724,153.738,485
2025-01-13 20:40:00,153.922,154.026,153.762,153.908,70
2025-01-13 20:45:00,153.942,153.976,153.821,153.888,246
2025-01-13 20:50:00,153.98,154.129,153.898,153.917,55
2025-01-13 20:55:00,153.854,153.872,153.834,153.861,446
2025-01-13 21:00:00,154.118,154.213,153.976,154.07,375
2025-01-13 21:05:00,154.087,154.154,154.048,154.063,349
2025-01-13 21:10:00,153.926,154.081,153.849,153.968,252
2025-01-13 21:15:00,153.98,154.105,153.884,153.98,76
2025-01-13 21:20:00,153.992,154.105,153.838,153.979,322
2025-01-13 21:25:00,154.058,154.194,153.892,154.037,258
2025-01-13 21:30:00,154.04,154.222,154.017,154.112,380
2025-01-13 21:35:00,154.156,154.254,154.14,154.165,429
2025-01-13 21:40:00,154.215,154.377,154.094,154.249,396
2025-01-13 21:45:00,154.22,154.296,154.119,154.152,203
2025-01-13 21:50:00,154.039,154.153,154.021,154.035,482
2025-01-13 21:55:00,154.066,154.204,153.874,154.029,93
2025-01-13 22:00:00,154.133,154.191,154.035,154.065,300
2025-01-13 22:05:00,154.026,154.198,153.894,154.048,401
2025-01-13 22:10:00,154.037,154.114,153.958,154.023,274
2025-01-13 22:15:00,154.073,154.166,153.933,154.075,191
2025-01-13 22:20:00,154.062,154.173,154.026,154.115,421
2025-01-13 22:25:00,154.024,154.12,153.898,154.075,199
2025-01-13 22:30:00,154.052,154.133,153.86,154.005,135
2025-01-13 22:35:00,154.032,154.081,153.999,154.056,197
2025-01-13 22:40:00,154.035,154.158,153.908,153.997,74
2025-01-13 22:45:00,153.986,154.064,153.924,153.98,418
2025-01-13 22:50:00,154.021,154.062,153.914,153.965,313
2025-01-13 22:55:00,153.935,154.096,153.843,153.952,269
2025-01-13 23:00:00,153.897,154.001,153.839,153.909,281
2025-01-13 23:05:00,153.966,154.12,153.807,153.997,371
2025-01-13 23:10:00,154.007,154.13,153.936,153.993,332
2025-01-13 23:15:00,153.973,154.089,153.872,153.92,175
2025-01-13 23:20:00,153.953,154.078,153.918,153.961,279
2025-01-13 23:25:00,153.973,154.049,153.818,153.943,144
2025-01-13 23:30:00,153.909,153.97,153.795,153.885,65
2025-01-13 23:35:00,153.738,153.9,153.597,153.778,203
2025-01-13 23:40:00,153.827,153.95,153.788,153.849,335
2025-01-13 23:45:00,153.858,153.913,153.804,153.851,118
2025-01-13 23:50:00,153.792,153.941,153.715,153.805,382
2025-01-13 23:55:00,153.912,153.979,153.821,153.871,354
2025-01-14 00:00:00,153.944,153.99,153.909,153.956,201
2025-01-14 00:05:00,153.898,153.909,153.872,153.886,57
2025-01-14 00:10:00,153.901,153.989,153.82,153.933,351
2025-01-14 00:15:00,153.889,153.943,153.773,153.846,436
2025-01-14 00:20:00,153.826,153.906,153.788,153.813,184
2025-01-14 00:25:00,153.84,153.91,153.797,153.871,300
2025-01-14 00:30:00,153.937,154.064,153.768,153.867,431
2025-01-14 00:35:00,153.853,153.975,153.649,153.807,475
2025-01-14 00:40:00,153.908,153.984,153.864,153.925,236
2025-01-14 00:45:00,153.971,154.005,153.821,153.994,93
2025-01-14 00:50:00,153.869,153.991,153.82,153.889,450
2025-01-14 00:55:00,153.97,154.021,153.857,153.988,376
2025-01-14 01:00:00,153.998,154.114,153.845,153.99,216
2025-01-14 01:05:00,154.075,154.217,154.058,154.068,81
2025-01-14 01:10:00,153.953,154.092,153.839,154.013,166
2025-01-14 01:15:00,154.15,154.199,154.002,154.096,81
2025-01-14 01:20:00,154.263,154.36,154.224,154.277,57
2025-01-14 01:25:00,154.354,154.425,154.245,154.376,210
2025-01-14 01:30:00,154.322,154.406,154.151,154.287,422
2025-01-14 01:35:00,154.253,154.317,154.112,154.224,447
2025-01-14 01:40:00,154.227,154.272,154.09,154.164,438
2025-01-14 01:45:00,154.185,154.258,154.13,154.223,379
2025-01-14 01:50:00,154.163,154.213,154.04,154.201,474
2025-01-14 01:55:00,154.237,154.281,154.175,154.204,243
2025-01-14 02:00:00,154.195,154.295,154.104,154.195,139
2025-01-14 02:05:00,154.286,154.381,154.259,154.296,133
2025-01-14 02:10:00,154.26,154.362,154.217,154.26,197
2025-01-14 02:15:00,154.257,154.441,154.237,154.319,349
2025-01-14 02:20:00,154.266,154.443,154.2,154.349,423
2025-01-14 02:25:00,154.388,154.5,154.298,154.399,109
2025-01-14 02:30:00,154.427,154.554,154.366,154.392,459
2025-01-14 02:35:00,154.321,154.502,154.219,154.382,164
2025-01-14 02:40:00,154.407,154.518,154.285,154.389,369
2025-01-14 02:45:00,154.438,154.513,154.293,154.448,499
2025-01-14 02:50:00,154.389,154.509,154.352,154.398,74
2025-01-14 02:55:00,154.222,154.366,154.085,154.188,478
2025-01-14 03:00:00,154.058,154.104,153.939,154.091,162
2025-01-14 03:05:00,154.173,154.283,154.08,154.14,334
2025-01-14 03:10:00,154.259,154.379,154.19,154.219,359
2025-01-14 03:15:00,154.448,154.517,154.383,154.4,124
2025-01-14 03:20:00,154.586,154.624,154.558,154.572,428
2025-01-14 03:25:00,154.305,154.492,154.147,154.388,465
2025-01-14 03:30:00,154.278,154.449,154.148,154.342,201
2025-01-14 03:35:00,154.389,154.409,154.277,154.397,64
2025-01-14 03:40:00,154.271,154.414,154.147,154.297,245
2025-01-14 03:45:00,154.368,154.475,154.3,154.455,489
2025-01-14 03:50:00,154.451,154.639,154.322,154.494,189
2025-01-14 03:55:00,154.468,154.573,154.416,154.547,111
2025-01-14 04:00:00,154.588,154.609,154.551,154.592,73
2025-01-14 04:05:00,154.717,154.75,154.616,154.71,477
2025-01-14 04:10:00,154.718,154.868,154.607,154.73,192
2025-01-14 04:15:00,154.56,154.682,154.511,154.615,234
2025-01-14 04:20:00,154.746,154.809,154.605,154.734,403
2025-01-14 04:25:00,154.775,154.837,154.647,154.779,358
2025-01-14 04:30:00,154.836,154.872,154.743,154.824,399
2025-01-14 04:35:00,154.781,154.94,154.698,154.83,90
2025-01-14 04:40:00,154.848,154.889,154.672,154.809,257
2025-01-14 04:45:00,154.838,154.951,154.685,154.816,420
2025-01-14 04:50:00,154.725,154.905,154.662,154.748,391
2025-01-14 04:55:00,154.813,154.899,154.655,154.804,429
2025-01-14 05:00:00,154.727,154.771,154.625,154.699,174
2025-01-14 05:05:00,154.744,154.932,154.678,154.781,159
2025-01-14 05:10:00,154.953,155.032,154.834,154.94,227
2025-01-14 05:15:00,155.088,155.134,154.938,155.078,323
2025-01-14 05:20:00,155.194,155.244,155.033,155.179,259
2025-01-14 05:25:00,154.915,155.07,154.882,155.057,354
2025-01-14 05:30:00,155.066,155.221,154.903,155.053,186
2025-01-14 05:35:00,155.052,155.266,154.997,155.129,211
2025-01-14 05:40:00,155.12,155.237,154.997,155.137,84
2025-01-14 05:45:00,155.209,155.287,155.137,155.152,61
2025-01-14 05:50:00,155.154,155.305,155.006,155.182,267
2025-01-14 05:55:00,155.206,155.229,155.093,155.136,286
2025-01-14 06:00:00,155.079,155.107,154.895,155.031,334
2025-01-14 06:05:00,155.122,155.149,155.05,155.11,160
2025-01-14 06:10:00,155.118,155.183,155.081,155.125,369
2025-01-14 06:15:00,155.239,155.392,155.128,155.237,407
2025-01-14 06:20:00,155.289,155.37,155.198,155.242,448
2025-01-14 06:25:00,155.258,155.38,155.151,155.21,445
2025-01-14 06:30:00,155.186,155.35,155.139,155.201,142
2025-01-14 06:35:00,155.096,155.24,154.941,155.112,121
2025-01-14 06:40:00,155.147,155.301,155.069,155.087,351
2025-01-14 06:45:00,155.034,155.174,155.0,155.032,323
2025-01-14 06:50:00,155.102,155.244,155.04,155.124,200
2025-01-14 06:55:00,155.044,155.135,154.899,155.089,365
2025-01-14 07:00:00,155.073,155.131,154.924,155.083,372
2025-01-14 07:05:00,155.164,155.293,154.961,155.091,376
2025-01-14 07:10:00,155.396,155.442,155.226,155.371,255
2025-01-14 07:15:00,155.365,155.4,155.317,155.332,324
2025-01-14 07:20:00,155.177,155.364,155.141,155.23,94
2025-01-14 07:25:00,155.268,155.378,155.158,155.245,104
2025-01-14 07:30:00,155.246,155.389,155.104,155.275,281
2025-01-14 07:35:00,155.263,155.293,155.083,155.242,68
2025-01-14 07:40:00,155.169,155.299,155.087,155.15,433
2025-01-14 07:45:00,155.19,155.337,155.086,155.185,356
2025-01-14 07:50:00,155.333,155.424,155.273,155.289,116
2025-01-14 07:55:00,155.443,155.472,155.315,155.405,188
2025-01-14 08:00:00,155.432,155.57,155.39,155.472,201
2025-01-14 08:05:00,155.417,155.551,155.325,155.389,431
2025-01-14 08:10:00,155.35,155.442,155.227,155.315,219
2025-01-14 08:15:00,155.348,155.383,155.22,155.34,67
2025-01-14 08:20:00,155.371,155.407,155.3,155.366,440
2025-01-14 08:25:00,155.25,155.299,155.117,155.213,217
2025-01-14 08:30:00,155.308,155.346,155.173,155.303,226
2025-01-14 08:35:00,155.465,155.534,155.312,155.38,349
2025-01-14 08:40:00,155.363,155.513,155.155,155.307,61
2025-01-14 08:45:00,155.308,155.332,155.254,155.277,378
2025-01-14 08:50:00,154.976,155.151,154.818,155.022,118
2025-01-14 08:55:00,155.041,155.146,155.0,155.048,71
2025-01-14 09:00:00,155.116,155.202,154.934,155.08,95
2025-01-14 09:05:00,155.102,155.221,155.016,155.126,412
2025-01-14 09:10:00,155.028,155.099,154.908,155.081,414
2025-01-14 09:15:00,155.051,155.124,154.952,155.099,386
2025-01-14 09:20:00,155.24,155.29,155.16,155.229,428
2025-01-14 09:25:00,155.238,155.386,155.16,155.207,405
2025-01-14 09:30:00,155.03,155.109,154.928,155.073,195
2025-01-14 09:35:00,155.119,155.26,155.039,155.138,402
2025-01-14 09:40:00,155.121,155.233,155.109,155.158,123
2025-01-14 09:45:00,155.171,155.308,155.023,155.142,249
2025-01-14 09:50:00,155.202,155.3,155.073,155.141,135
2025-01-14 09:55:00,155.199,155.336,155.042,155.161,286
2025-01-14 10:00:00,155.165,155.319,155.149,155.165,219
2025-01-14 10:05:00,155.269,155.311,155.114,155.281,61
2025-01-14 10:10:00,155.213,155.397,155.063,155.271,387
2025-01-14 10:15:00,155.086,155.234,155.03,155.067,408
2025-01-14 10:20:00,155.054,155.173,154.922,155.034,482
2025-01-14 10:25:00,155.077,155.27,154.994,155.13,493
2025-01-14 10:30:00,155.137,155.205,155.049,155.102,295
2025-01-14 10:35:00,155.129,155.309,154.996,155.154,71
2025-01-14 10:40:00,155.002,155.168,154.868,155.059,143
2025-01-14 10:45:00,155.16,155.3,155.055,155.133,68
2025-01-14 10:50:00,155.21,155.343,155.134,155.188,205
2025-01-14 10:55:00,155.22,155.252,155.06,155.202,141
2025-01-14 11:00:00,155.13,155.194,154.963,155.099,460
2025-01-14 11:05:00,154.824,154.979,154.729,154.842,363
2025-01-14 11:10:00,154.842,154.984,154.693,154.775,143
2025-01-14 11:15:00,154.805,154.831,154.741,154.811,182
2025-01-14 11:20:00,154.577,154.691,154.415,154.528,491
2025-01-14 11:25:00,154.366,154.49,154.347,154.39,453
2025-01-14 11:30:00,154.27,154.448,154.199,154.31,245
2025-01-14 11:35:00,154.388,154.538,154.337,154.393,474
2025-01-14 11:40:00,154.368,154.405,154.246,154.363,404
2025-01-14 11:45:00,154.381,154.55,154.267,154.409,153
2025-01-14 11:50:00,154.347,154.447,154.318,154.35,107
2025-01-14 11:55:00,154.241,154.37,154.188,154.282,74
2025-01-14 12:00:00,154.368,154.476,154.308,154.419,139
2025-01-14 12:05:00,154.399,154.613,154.315,154.494,427
2025-01-14 12:10:00,154.458,154.623,154.428,154.523,484
2025-01-14 12:15:00,154.444,154.492,154.339,154.459,52
2025-01-14 12:20:00,154.594,154.644,154.538,154.58,451
2025-01-14 12:25:00,154.709,154.856,154.604,154.685,395
2025-01-14 12:30:00,154.729,154.862,154.676,154.703,353
2025-01-14 12:35:00,154.78,154.862,154.72,154.754,165
2025-01-14 12:40:00,154.818,154.92,154.724,154.81,106
2025-01-14 12:45:00,154.844,154.926,154.801,154.842,252
2025-01-14 12:50:00,154.718,154.821,154.611,154.764,211
2025-01-14 12:55:00,154.726,154.917,154.615,154.782,454
2025-01-14 13:00:00,154.813,154.93,154.705,154.784,482
2025-01-14 13:05:00,154.845,154.855,154.635,154.771,188
2025-01-14 13:10:00,154.712,154.775,154.658,154.758,61
2025-01-14 13:15:00,154.776,154.842,154.658,154.776,135
2025-01-14 13:20:00,154.797,154.855,154.66,154.838,262
2025-01-14 13:25:00,154.841,154.985,154.701,154.804,452
2025-01-14 13:30:00,154.897,155.016,154.789,154.888,469
2025-01-14 13:35:00,154.759,154.773,154.616,154.744,404
2025-01-14 13:40:00,154.794,154.918,154.702,154.77,317
2025-01-14 13:45:00,154.658,154.849,154.634,154.743,86
2025-01-14 13:50:00,154.757,154.823,154.634,154.692,354
2025-01-14 13:55:00,154.769,154.846,154.586,154.693,255
2025-01-14 14:00:00,154.72,154.879,154.68,154.714,251
2025-01-14 14:05:00,154.651,154.766,154.462,154.598,401
2025-01-14 14:10:00,154.534,154.609,154.446,154.53,390
2025-01-14 14:15:00,154.54,154.616,154.494,154.549,261
2025-01-14 14:20:00,154.709,154.729,154.542,154.653,139
2025-01-14 14:25:00,154.496,154.58,154.341,154.501,100
2025-01-14 14:30:00,154.641,154.741,154.502,154.615,282
2025-01-14 14:35:00,154.634,154.79,154.375,154.533,254
2025-01-14 14:40:00,154.365,154.421,154.297,154.387,251
2025-01-14 14:45:00,154.403,154.477,154.341,154.448,484
2025-01-14 14:50:00,154.494,154.55,154.38,154.47,363
2025-01-14 14:55:00,154.428,154.525,154.395,154.46,66
2025-01-14 15:00:00,154.361,154.524,154.248,154.37,432
2025-01-14 15:05:00,154.22,154.28,154.155,154.263,241
2025-01-14 15:10:00,154.287,154.424,154.222,154.265,224
2025-01-14 15:15:00,154.195,154.267,154.038,154.131,146
2025-01-14 15:20:00,154.087,154.201,154.068,154.09,341
2025-01-14 15:25:00,154.135,154.225,154.045,154.098,376
2025-01-14 15:30:00,154.02,154.084,153.998,154.009,191
2025-01-14 15:35:00,154.083,154.156,153.991,154.013,89
2025-01-14 15:40:00,154.069,154.126,153.877,153.974,82
2025-01-14 15:45:00,153.886,154.019,153.763,153.897,75
2025-01-14 15:50:00,153.879,153.94,153.799,153.824,499
2025-01-14 15:55:00,153.853,153.971,153.79,153.844,402
2025-01-14 16:00:00,153.831,154.047,153.743,153.895,256
2025-01-14 16:05:00,153.823,153.981,153.691,153.822,61
2025-01-14 16:10:00,153.883,154.019,153.771,153.894,351
2025-01-14 16:15:00,153.96,154.013,153.877,153.988,167
2025-01-14 16:20:00,154.068,154.132,153.903,154.035,252
2025-01-14 16:25:00,154.127,154.161,153.992,154.076,484
2025-01-14 16:30:00,153.906,154.038,153.785,153.94,246
2025-01-14 16:35:00,153.956,153.991,153.855,153.941,194
2025-01-14 16:40:00,154.139,154.295,153.983,154.104,403
2025-01-14 16:45:00,154.09,154.102,153.898,153.998,259
2025-01-14 16:50:00,154.186,154.228,154.015,154.14,411
2025-01-14 16:55:00,154.168,154.195,153.981,154.112,298
2025-01-14 17:00:00,154.146,154.289,154.056,154.165,339
2025-01-14 17:05:00,154.209,154.368,154.056,154.179,454
2025-01-14 17:10:00,154.33,154.355,154.176,154.33,121
2025-01-14 17:15:00,154.3,154.418,154.262,154.304,294
2025-01-14 17:20:00,154.365,154.445,154.212,154.34,421
2025-01-14 17:25:00,154.464,154.494,154.307,154.425,324
2025-01-14 17:30:00,154.34,154.477,154.211,154.445,194
2025-01-14 17:35:00,154.465,154.487,154.321,154.428,61
2025-01-14 17:40:00,154.468,154.59,154.382,154.403,138
2025-01-14 17:45:00,154.34,154.394,154.296,154.347,413
2025-01-14 17:50:00,154.355,154.41,154.273,154.356,120
2025-01-14 17:55:00,154.37,154.456,154.234,154.345,144
2025-01-14 18:00:00,154.401,154.491,154.339,154.398,487
2025-01-14 18:05:00,154.444,154.573,154.325,154.44,376
2025-01-14 18:10:00,154.533,154.574,154.335,154.494,424
2025-01-14 18:15:00,154.44,154.51,154.381,154.457,123
2025-01-14 18:20:00,154.423,154.565,154.352,154.441,348
2025-01-14 18:25:00,154.591,154.623,154.514,154.578,313
2025-01-14 18:30:00,154.631,154.728,154.506,154.607,476
2025-01-14 18:35:00,154.658,154.688,154.623,154.676,238
2025-01-14 18:40:00,154.615,154.773,154.46,154.551,443
2025-01-14 18:45:00,154.621,154.686,154.533,154.617,97
2025-01-14 18:50:00,154.61,154.77,154.449,154.599,69
2025-01-14 18:55:00,154.66,154.745,154.493,154.637,146
2025-01-14 19:00:00,154.618,154.755,154.512,154.623,78
2025-01-14 19:05:00,154.727,154.758,154.618,154.722,354
2025-01-14 19:10:00,154.643,154.69,154.601,154.636,306
2025-01-14 19:15:00,154.786,154.84,154.678,154.7,263
2025-01-14 19:20:00,154.781,154.872,154.673,154.81,430
2025-01-14 19:25:00,154.779,154.899,154.703,154.758,327
2025-01-14 19:30:00,154.854,154.884,154.658,154.79,247
2025-01-14 19:35:00,154.751,154.764,154.677,154.749,203
2025-01-14 19:40:00,154.733,154.825,154.717,154.759,464
2025-01-14 19:45:00,154.706,154.823,154.571,154.694,322
2025-01-14 19:50:00,154.605,154.662,154.559,154.588,187
2025-01-14 19:55:00,154.516,154.714,154.425,154.615,342
2025-01-14 20:00:00,154.601,154.671,154.456,154.591,477
2025-01-14 20:05:00,154.656,154.72,154.576,154.65,290
2025-01-14 20:10:00,154.803,154.953,154.62,154.751,278
2025-01-14 20:15:00,154.892,154.951,154.762,154.917,189
2025-01-14 20:20:00,154.816,154.959,154.778,154.839,462
2025-01-14 20:25:00,155.0,155.14,154.844,154.927,64
2025-01-14 20:30:00,154.938,154.949,154.886,154.901,387
2025-01-14 20:35:00,154.991,155.045,154.928,154.979,257
2025-01-14 20:40:00,154.962,155.054,154.846,154.968,57
2025-01-14 20:45:00,155.002,155.124,154.909,155.027,409
2025-01-14 20:50:00,155.051,155.134,154.986,155.047,321
2025-01-14 20:55:00,155.198,155.256,155.09,155.126,402
2025-01-14 21:00:00,155.189,155.351,155.166,155.205,94
2025-01-14 21:05:00,155.238,155.33,155.114,155.171,457
2025-01-14 21:10:00,155.24,155.323,155.155,155.241,239
2025-01-14 21:15:00,155.275,155.369,155.217,155.336,80
2025-01-14 21:20:00,155.426,155.44,155.353,155.382,372
2025-01-14 21:25:00,155.299,155.36,155.262,155.295,284
2025-01-14 21:30:00,155.41,155.558,155.359,155.397,473
2025-01-14 21:35:00,155.326,155.466,155.26,155.361,188
2025-01-14 21:40:00,155.44,155.49,155.268,155.414,133
2025-01-14 21:45:00,155.343,155.455,155.26,155.392,331
2025-01-14 21:50:00,155.3,155.359,155.229,155.288,349
2025-01-14 21:55:00,155.192,155.295,155.037,155.085,404
2025-01-14 22:00:00,155.068,155.216,154.913,155.166,303
2025-01-14 22:05:00,155.408,155.501,155.285,155.331,104
2025-01-14 22:10:00,155.34,155.368,155.263,155.309,193
2025-01-14 22:15:00,155.424,155.571,155.235,155.382,425
2025-01-14 22:20:00,155.525,155.618,155.459,155.511,329
2025-01-14 22:25:00,155.456,155.641,155.387,155.503,286
2025-01-14 22:30:00,155.429,155.47,155.399,155.419,380
2025-01-14 22:35:00,155.344,155.461,155.315,155.344,468
2025-01-14 22:40:00,155.492,155.562,155.368,155.484,245
2025-01-14 22:45:00,155.537,155.652,155.491,155.569,129
2025-01-14 22:50:00,155.756,155.855,155.593,155.687,493
2025-01-14 22:55:00,155.625,155.72,155.488,155.622,443
2025-01-14 23:00:00,155.654,155.797,155.473,155.616,378
2025-01-14 23:05:00,155.454,155.614,155.326,155.565,321
2025-01-14 23:10:00,155.704,155.856,155.56,155.65,355
2025-01-14 23:15:00,155.907,156.009,155.806,155.869,495
2025-01-14 23:20:00,155.892,155.991,155.812,155.885,372
2025-01-14 23:25:00,156.082,156.159,156.037,156.049,126
2025-01-14 23:30:00,156.056,156.167,155.969,156.043,493
2025-01-14 23:35:00,156.039,156.136,155.932,156.063,84
2025-01-14 23:40:00,156.19,156.241,155.978,156.108,257
2025-01-14 23:45:00,155.942,156.062,155.797,155.958,371
2025-01-14 23:50:00,156.046,156.105,155.891,156.031,289
2025-01-14 23:55:00,155.923,156.039,155.893,155.972,248
2025-01-15 00:00:00,156.026,156.078,155.91,155.939,151
2025-01-15 00:05:00,155.957,156.054,155.885,155.899,314
2025-01-15 00:10:00,155.971,156.066,155.905,155.972,204
2025-01-15 00:15:00,156.07,156.17,155.912,156.084,380
2025-01-15 00:20:00,156.22,156.304,156.094,156.19,208
2025-01-15 00:25:00,156.112,156.134,155.985,156.111,431
2025-01-15 00:30:00,156.146,156.18,156.011,156.045,206
2025-01-15 00:35:00,155.993,156.166,155.943,156.022,159
2025-01-15 00:40:00,155.94,156.043,155.808,156.005,316
2025-01-15 00:45:00,155.96,156.073,155.875,156.018,137
2025-01-15 00:50:00,155.99,156.169,155.845,156.027,365
2025-01-15 00:55:00,156.139,156.178,156.031,156.094,317
2025-01-15 01:00:00,156.024,156.147,155.969,156.033,483
2025-01-15 01:05:00,155.928,156.042,155.898,155.919,440
2025-01-15 01:10:00,155.982,156.136,155.875,155.94,246
2025-01-15 01:15:00,155.748,155.91,155.589,155.774,166
2025-01-15 01:20:00,155.928,156.074,155.852,155.92,320
2025-01-15 01:25:00,156.002,156.204,155.889,156.061,238
2025-01-15 01:30:00,156.026,156.091,155.989,156.053,272
2025-01-15 01:35:00,156.043,156.129,155.912,156.031,467
2025-01-15 01:40:00,155.855,155.95,155.812,155.844,130
2025-01-15 01:45:00,155.913,156.04,155.827,155.904,124
2025-01-15 01:50:00,155.922,156.022,155.762,155.92,371
2025-01-15 01:55:00,155.754,155.827,155.708,155.806,89
2025-01-15 02:00:00,156.001,156.022,155.863,155.966,384
2025-01-15 02:05:00,155.944,156.058,155.88,155.946,430
2025-01-15 02:10:00,156.018,156.053,155.823,155.956,381
2025-01-15 02:15:00,155.979,156.076,155.857,156.028,453
2025-01-15 02:20:00,156.008,156.113,155.963,156.027,446
2025-01-15 02:25:00,155.89,155.935,155.834,155.916,415
2025-01-15 02:30:00,155.883,155.958,155.803,155.845,352
2025-01-15 02:35:00,155.883,156.007,155.843,155.912,205
2025-01-15 02:40:00,155.714,155.725,155.594,155.686,493
2025-01-15 02:45:00,155.62,155.754,155.515,155.66,421
2025-01-15 02:50:00,155.686,155.783,155.519,155.666,295
2025-01-15 02:55:00,155.724,155.826,155.522,155.661,269
2025-01-15 03:00:00,155.633,155.82,155.499,155.681,135
2025-01-15 03:05:00,155.539,155.595,155.497,155.536,91
2025-01-15 03:10:00,155.464,155.554,155.418,155.531,82
2025-01-15 03:15:00,155.569,155.614,155.406,155.555,496
2025-01-15 03:20:00,155.545,155.56,155.412,155.522,179
2025-01-15 03:25:00,155.415,155.476,155.314,155.37,155
2025-01-15 03:30:00,155.326,155.444,155.279,155.322,57
2025-01-15 03:35:00,155.269,155.431,155.124,155.343,307
2025-01-15 03:40:00,155.313,155.348,155.212,155.286,401
2025-01-15 03:45:00,155.158,155.352,155.12,155.225,292
2025-01-15 03:50:00,155.249,155.294,155.201,155.277,332
2025-01-15 03:55:00,155.311,155.409,155.096,155.248,450
2025-01-15 04:00:00,155.292,155.341,155.172,155.308,83
2025-01-15 04:05:00,155.464,155.545,155.356,155.499,288
2025-01-15 04:10:00,155.437,155.566,155.378,155.432,149
2025-01-15 04:15:00,155.394,155.487,155.237,155.407,453
2025-01-15 04:20:00,155.42,155.485,155.395,155.413,289
2025-01-15 04:25:00,155.344,155.372,155.247,155.345,269
2025-01-15 04:30:00,155.367,155.503,155.218,155.34,456
2025-01-15 04:35:00,155.455,155.613,155.44,155.47,275
2025-01-15 04:40:00,155.459,155.566,155.382,155.414,319
2025-01-15 04:45:00,155.389,155.554,155.283,155.439,434
2025-01-15 04:50:00,155.425,155.576,155.321,155.413,356
2025-01-15 04:55:00,155.616,155.697,155.604,155.63,300
2025-01-15 05:00:00,155.724,155.903,155.589,155.774,499
2025-01-15 05:05:00,155.798,155.965,155.727,155.831,474
2025-01-15 05:10:00,156.04,156.101,155.832,155.99,57
2025-01-15 05:15:00,155.956,156.048,155.867,155.973,325
2025-01-15 05:20:00,156.009,156.067,155.913,155.993,65
2025-01-15 05:25:00,155.865,156.0,155.714,155.855,464
2025-01-15 05:30:00,155.854,155.996,155.781,155.91,254
2025-01-15 05:35:00,155.896,155.94,155.695,155.843,210
2025-01-15 05:40:00,155.849,155.996,155.804,155.898,259
2025-01-15 05:45:00,156.041,156.174,155.844,156.001,473
2025-01-15 05:50:00,156.002,156.152,155.991,156.022,334
2025-01-15 05:55:00,155.837,155.998,155.796,155.856,424
2025-01-15 06:00:00,155.791,155.851,155.74,155.783,496
2025-01-15 06:05:00,155.839,155.889,155.698,155.784,404
2025-01-15 06:10:00,155.735,155.931,155.592,155.774,201
2025-01-15 06:15:00,155.761,155.879,155.685,155.765,326
2025-01-15 06:20:00,155.77,155.909,155.713,155.752,183
2025-01-15 06:25:00,155.702,155.769,155.588,155.661,409
2025-01-15 06:30:00,155.587,155.652,155.436,155.635,320
2025-01-15 06:35:00,155.718,155.859,155.645,155.725,279
2025-01-15 06:40:00,155.687,155.717,155.636,155.691,449
2025-01-15 06:45:00,155.709,155.785,155.503,155.663,271
2025-01-15 06:50:00,155.671,155.819,155.633,155.748,339
2025-01-15 06:55:00,155.786,155.811,155.723,155.776,214
2025-01-15 07:00:00,155.814,155.973,155.652,155.8,212
2025-01-15 07:05:00,155.702,155.92,155.636,155.767,445
2025-01-15 07:10:00,155.761,155.818,155.606,155.733,325
2025-01-15 07:15:00,155.626,155.791,155.586,155.651,356
2025-01-15 07:20:00,155.646,155.742,155.561,155.615,114
2025-01-15 07:25:00,155.706,155.816,155.539,155.689,468
2025-01-15 07:30:00,155.657,155.845,155.606,155.705,148
2025-01-15 07:35:00,155.691,155.745,155.524,155.676,379
2025-01-15 07:40:00,155.645,155.702,155.602,155.651,360
2025-01-15 07:45:00,155.647,155.758,155.509,155.643,229
2025-01-15 07:50:00,155.599,155.665,155.533,155.633,316
2025-01-15 07:55:00,155.509,155.584,155.333,155.481,318
2025-01-15 08:00:00,155.536,155.596,155.342,155.501,260
2025-01-15 08:05:00,155.553,155.663,155.472,155.573,70
2025-01-15 08:10:00,155.672,155.805,155.503,155.659,206
2025-01-15 08:15:00,155.672,155.774,155.506,155.659,353
2025-01-15 08:20:00,155.715,155.769,155.571,155.719,161
2025-01-15 08:25:00,155.686,155.735,155.638,155.72,340
2025-01-15 08:30:00,155.725,155.807,155.611,155.706,447
2025-01-15 08:35:00,155.604,155.707,155.573,155.63,490
2025-01-15 08:40:00,155.677,155.824,155.621,155.663,289
2025-01-15 08:45:00,155.601,155.766,155.541,155.628,407
2025-01-15 08:50:00,155.649,155.697,155.515,155.627,221
2025-01-15 08:55:00,155.602,155.623,155.431,155.58,116
2025-01-15 09:00:00,155.453,155.547,155.441,155.466,217
2025-01-15 09:05:00,155.416,155.455,155.353,155.444,264
2025-01-15 09:10:00,155.327,155.473,155.203,155.283,151
2025-01-15 09:15:00,155.145,155.204,155.072,155.146,492
2025-01-15 09:20:00,155.01,155.15,154.968,155.037,479
2025-01-15 09:25:00,154.957,155.096,154.894,154.998,487
2025-01-15 09:30:00,155.071,155.216,155.046,155.102,473
2025-01-15 09:35:00,155.065,155.188,154.913,155.093,463
2025-01-15 09:40:00,155.056,155.226,154.909,155.066,308
2025-01-15 09:45:00,154.908,154.971,154.807,154.939,99
2025-01-15 09:50:00,155.076,155.254,155.037,155.117,185
2025-01-15 09:55:00,155.129,155.3,155.016,155.186,425
2025-01-15 10:00:00,155.181,155.275,155.038,155.148,356
2025-01-15 10:05:00,155.112,155.274,155.069,155.121,220
2025-01-15 10:10:00,155.133,155.167,154.978,155.095,118
2025-01-15 10:15:00,154.942,155.016,154.819,154.945,329
2025-01-15 10:20:00,154.95,155.115,154.89,154.983,444
2025-01-15 10:25:00,154.998,155.095,154.798,154.946,404
2025-01-15 10:30:00,154.934,155.038,154.858,154.939,345
2025-01-15 10:35:00,154.88,154.978,154.77,154.883,199
2025-01-15 10:40:00,154.916,155.06,154.782,154.875,459
2025-01-15 10:45:00,154.989,155.039,154.822,154.894,78
2025-01-15 10:50:00,154.902,155.048,154.714,154.838,98
2025-01-15 10:55:00,154.649,154.732,154.609,154.714,356
2025-01-15 11:00:00,154.665,154.852,154.602,154.7,161
2025-01-15 11:05:00,154.673,154.877,154.653,154.741,449
2025-01-15 11:10:00,154.926,155.071,154.74,154.852,77
2025-01-15 11:15:00,154.995,155.02,154.836,154.981,120
2025-01-15 11:20:00,155.005,155.138,154.942,155.028,146
2025-01-15 11:25:00,155.06,155.092,154.914,155.078,291
2025-01-15 11:30:00,155.233,155.258,155.212,155.224,299
2025-01-15 11:35:00,155.251,155.365,155.094,155.269,454
2025-01-15 11:40:00,155.317,155.387,155.259,155.356,306
2025-01-15 11:45:00,155.359,155.519,155.169,155.315,316
2025-01-15 11:50:00,155.305,155.429,155.256,155.325,301
2025-01-15 11:55:00,155.284,155.359,155.14,155.232,168
2025-01-15 12:00:00,155.264,155.4,155.192,155.24,403
2025-01-15 12:05:00,155.304,155.42,155.277,155.288,91
2025-01-15 12:10:00,155.194,155.273,155.066,155.162,208
2025-01-15 12:15:00,155.111,155.178,155.044,155.131,79
2025-01-15 12:20:00,155.134,155.254,155.084,155.15,248
2025-01-15 12:25:00,155.087,155.203,155.001,155.093,212
2025-01-15 12:30:00,155.122,155.205,155.001,155.124,99
2025-01-15 12:35:00,155.336,155.453,155.229,155.284,85
2025-01-15 12:40:00,155.268,155.367,155.119,155.265,165
2025-01-15 12:45:00,155.345,155.489,155.248,155.389,406
2025-01-15 12:50:00,155.439,155.552,155.414,155.49,367
2025-01-15 12:55:00,155.429,155.553,155.381,155.425,88
2025-01-15 13:00:00,155.57,155.613,155.503,155.598,81
2025-01-15 13:05:00,155.656,155.75,155.598,155.66,499
2025-01-15 13:10:00,155.653,155.702,155.516,155.612,67
2025-01-15 13:15:00,155.59,155.665,155.532,155.594,398
2025-01-15 13:20:00,155.55,155.675,155.381,155.511,90
2025-01-15 13:25:00,155.472,155.551,155.3,155.449,105
2025-01-15 13:30:00,155.485,155.541,155.389,155.468,336
2025-01-15 13:35:00,155.369,155.42,155.303,155.361,237
2025-01-15 13:40:00,155.413,155.498,155.357,155.431,229
2025-01-15 13:45:00,155.404,155.551,155.205,155.348,404
2025-01-15 13:50:00,155.124,155.304,155.022,155.166,134
2025-01-15 13:55:00,155.067,155.197,154.936,155.108,486
2025-01-15 14:00:00,155.188,155.342,155.026,155.167,484
2025-01-15 14:05:00,155.087,155.25,155.073,155.105,497
2025-01-15 14:10:00,154.956,155.042,154.8,155.002,430
2025-01-15 14:15:00,154.971,155.094,154.797,154.863,237
2025-01-15 14:20:00,154.878,154.906,154.809,154.869,402
2025-01-15 14:25:00,154.87,154.976,154.736,154.862,351
2025-01-15 14:30:00,154.704,154.905,154.594,154.762,329
2025-01-15 14:35:00,154.6,154.74,154.507,154.721,461
2025-01-15 14:40:00,154.699,154.709,154.582,154.674,329
2025-01-15 14:45:00,154.923,154.99,154.839,154.864,377
2025-01-15 14:50:00,154.908,155.058,154.843,154.873,94
2025-01-15 14:55:00,154.725,154.941,154.673,154.791,401
2025-01-15 15:00:00,154.947,155.073,154.788,154.972,276
2025-01-15 15:05:00,155.003,155.149,154.826,154.982,493
2025-01-15 15:10:00,154.963,155.034,154.903,154.992,55
2025-01-15 15:15:00,154.994,155.076,154.846,155.054,496
2025-01-15 15:20:00,155.106,155.239,155.09,155.108,474
2025-01-15 15:25:00,155.079,155.173,154.938,155.086,188
2025-01-15 15:30:00,155.015,155.06,154.823,154.982,345
2025-01-15 15:35:00,154.935,155.005,154.813,154.871,226
2025-01-15 15:40:00,154.915,155.005,154.825,154.949,418
2025-01-15 15:45:00,154.871,154.93,154.759,154.878,211
2025-01-15 15:50:00,154.875,155.043,154.775,154.892,368
2025-01-15 15:55:00,154.882,154.902,154.705,154.833,104
2025-01-15 16:00:00,154.926,154.987,154.776,154.899,158
2025-01-15 16:05:00,154.904,155.046,154.815,154.888,360
2025-01-15 16:10:00,154.965,155.039,154.856,155.001,494
2025-01-15 16:15:00,155.07,155.185,154.956,155.071,334
2025-01-15 16:20:00,155.033,155.2,154.883,155.07,412
2025-01-15 16:25:00,155.067,155.201,155.04,155.123,83
2025-01-15 16:30:00,154.971,154.986,154.933,154.971,231
2025-01-15 16:35:00,154.949,155.008,154.927,154.946,482
2025-01-15 16:40:00,154.819,155.008,154.684,154.876,72
2025-01-15 16:45:00,154.85,154.967,154.776,154.789,307
2025-01-15 16:50:00,154.866,154.877,154.702,154.859,273
2025-01-15 16:55:00,155.036,155.121,154.819,154.963,454
2025-01-15 17:00:00,154.959,155.005,154.889,154.995,118
2025-01-15 17:05:00,154.959,155.066,154.874,154.997,108
2025-01-15 17:10:00,154.919,155.07,154.879,154.917,392
2025-01-15 17:15:00,155.01,155.048,154.872,154.981,106
2025-01-15 17:20:00,154.988,155.088,154.926,155.052,453
2025-01-15 17:25:00,155.045,155.104,154.885,154.973,364
2025-01-15 17:30:00,154.921,155.026,154.815,154.925,196
2025-01-15 17:35:00,154.988,155.077,154.924,154.965,50
2025-01-15 17:40:00,155.038,155.049,154.881,155.031,312
2025-01-15 17:45:00,154.947,154.997,154.789,154.924,383
2025-01-15 17:50:00,155.232,155.262,155.154,155.215,285
2025-01-15 17:55:00,154.991,155.162,154.938,155.064,89
2025-01-15 18:00:00,154.857,155.038,154.729,154.884,109
2025-01-15 18:05:00,154.832,154.894,154.758,154.856,245
2025-01-15 18:10:00,154.928,155.004,154.865,154.921,467
2025-01-15 18:15:00,154.895,154.943,154.782,154.836,247
2025-01-15 18:20:00,154.706,154.827,154.568,154.73,368
2025-01-15 18:25:00,154.807,154.967,154.774,154.829,387
2025-01-15 18:30:00,154.737,154.811,154.628,154.781,242
2025-01-15 18:35:00,154.894,154.997,154.834,154.897,198
2025-01-15 18:40:00,154.893,155.049,154.761,154.885,307
2025-01-15 18:45:00,154.888,154.924,154.797,154.873,464
2025-01-15 18:50:00,154.821,154.967,154.797,154.916,66
2025-01-15 18:55:00,154.901,154.967,154.764,154.91,422
2025-01-15 19:00:00,154.853,154.934,154.697,154.871,482
2025-01-15 19:05:00,154.978,154.999,154.794,154.92,298
2025-01-15 19:10:00,154.896,154.911,154.794,154.827,441
2025-01-15 19:15:00,154.779,154.904,154.755,154.767,448
2025-01-15 19:20:00,154.792,154.903,154.715,154.746,347
2025-01-15 19:25:00,154.719,154.783,154.54,154.612,497
2025-01-15 19:30:00,154.671,154.715,154.565,154.64,257
2025-01-15 19:35:00,154.608,154.67,154.52,154.597,259
2025-01-15 19:40:00,154.666,154.756,154.561,154.612,371
2025-01-15 19:45:00,154.533,154.648,154.391,154.556,223
2025-01-15 19:50:00,154.516,154.617,154.486,154.558,398
2025-01-15 19:55:00,154.514,154.638,154.485,154.537,276
2025-01-15 20:00:00,154.53,154.64,154.464,154.542,287
2025-01-15 20:05:00,154.597,154.626,154.551,154.563,435
2025-01-15 20:10:00,154.567,154.677,154.403,154.533,237
2025-01-15 20:15:00,154.59,154.671,154.38,154.507,375
2025-01-15 20:20:00,154.446,154.551,154.407,154.478,116
2025-01-15 20:25:00,154.467,154.641,154.386,154.495,316
2025-01-15 20:30:00,154.471,154.549,154.305,154.404,380
2025-01-15 20:35:00,154.29,154.43,154.259,154.292,151
2025-01-15 20:40:00,154.417,154.454,154.397,154.417,248
2025-01-15 20:45:00,154.433,154.554,154.367,154.434,177
2025-01-15 20:50:00,154.537,154.65,154.444,154.523,118
2025-01-15 20:55:00,154.452,154.627,154.38,154.469,370
2025-01-15 21:00:00,154.384,154.482,154.266,154.402,431
2025-01-15 21:05:00,154.419,154.538,154.391,154.416,351
2025-01-15 21:10:00,154.46,154.631,154.325,154.503,459
2025-01-15 21:15:00,154.578,154.625,154.408,154.529,242
2025-01-15 21:20:00,154.619,154.775,154.463,154.643,473
2025-01-15 21:25:00,154.737,154.789,154.557,154.716,432
2025-01-15 21:30:00,154.861,154.918,154.763,154.833,359
2025-01-15 21:35:00,154.799,154.992,154.776,154.872,141
2025-01-15 21:40:00,154.858,154.982,154.64,154.794,319
2025-01-15 21:45:00,154.758,154.903,154.739,154.768,108
2025-01-15 21:50:00,154.987,155.073,154.897,154.931,252
2025-01-15 21:55:00,154.962,155.023,154.9,154.982,169
2025-01-15 22:00:00,155.025,155.06,154.969,155.036,453
2025-01-15 22:05:00,155.057,155.086,154.969,155.042,404
2025-01-15 22:10:00,155.145,155.239,155.036,155.149,152
2025-01-15 22:15:00,155.32,155.349,155.17,155.289,188
2025-01-15 22:20:00,155.413,155.514,155.303,155.376,124
2025-01-15 22:25:00,155.336,155.494,155.203,155.282,249
2025-01-15 22:30:00,155.343,155.409,155.208,155.356,496
2025-01-15 22:35:00,155.373,155.527,155.215,155.328,211
2025-01-15 22:40:00,155.359,155.487,155.229,155.36,171
2025-01-15 22:45:00,155.42,155.473,155.359,155.393,133
2025-01-15 22:50:00,155.275,155.346,155.171,155.282,266
2025-01-15 22:55:00,155.32,155.417,155.26,155.309,368
2025-01-15 23:00:00,155.358,155.418,155.238,155.345,166
2025-01-15 23:05:00,155.309,155.422,155.151,155.336,338
2025-01-15 23:10:00,155.364,155.49,155.293,155.376,258
2025-01-15 23:15:00,155.331,155.35,155.277,155.331,287
2025-01-15 23:20:00,155.203,155.22,155.039,155.183,498
2025-01-15 23:25:00,155.15,155.281,155.045,155.105,234
2025-01-15 23:30:00,155.197,155.274,155.03,155.165,372
2025-01-15 23:35:00,155.212,155.35,155.116,155.258,270
2025-01-15 23:40:00,155.155,155.26,155.126,155.205,65
2025-01-15 23:45:00,155.24,155.347,155.087,155.261,453
2025-01-15 23:50:00,155.177,155.348,155.023,155.242,127
2025-01-15 23:55:00,155.249,155.42,155.11,155.3,425
2025-01-16 00:00:00,155.318,155.371,155.29,155.321,423
2025-01-16 00:05:00,155.38,155.426,155.344,155.357,98
2025-01-16 00:10:00,155.413,155.544,155.32,155.389,235
2025-01-16 00:15:00,155.322,155.382,155.166,155.314,158
2025-01-16 00:20:00,155.272,155.363,155.149,155.268,119
2025-01-16 00:25:00,155.336,155.448,155.263,155.314,158
2025-01-16 00:30:00,155.241,155.336,155.088,155.175,169
2025-01-16 00:35:00,155.11,155.133,155.004,155.101,70
2025-01-16 00:40:00,155.208,155.34,155.064,155.176,146
2025-01-16 00:45:00,155.094,155.132,155.008,155.092,303
2025-01-16 00:50:00,155.074,155.262,155.051,155.127,84
2025-01-16 00:55:00,155.176,155.235,155.032,155.169,84
2025-01-16 01:00:00,155.057,155.201,154.916,155.055,304
2025-01-16 01:05:00,155.024,155.078,154.972,155.006,241
2025-01-16 01:10:00,155.12,155.256,155.004,155.097,115
2025-01-16 01:15:00,155.049,155.105,155.023,155.069,422
2025-01-16 01:20:00,155.01,155.162,154.88,155.061,364
2025-01-16 01:25:00,154.942,155.055,154.86,154.92,152
2025-01-16 01:30:00,154.82,154.961,154.697,154.826,322
2025-01-16 01:35:00,154.816,154.912,154.711,154.772,113
2025-01-16 01:40:00,154.88,154.975,154.742,154.893,215
2025-01-16 01:45:00,154.976,155.003,154.948,154.972,262
2025-01-16 01:50:00,154.915,155.06,154.793,154.965,93
2025-01-16 01:55:00,154.953,154.989,154.924,154.948,101
2025-01-16 02:00:00,155.02,155.044,154.936,155.012,401
2025-01-16 02:05:00,154.93,154.992,154.902,154.919,287
2025-01-16 02:10:00,154.921,154.964,154.779,154.896,384
2025-01-16 02:15:00,155.06,155.182,154.931,155.034,110
2025-01-16 02:20:00,154.846,154.894,154.81,154.865,489
2025-01-16 02:25:00,154.865,154.908,154.77,154.832,56
2025-01-16 02:30:00,154.987,155.089,154.917,154.979,75
2025-01-16 02:35:00,155.015,155.034,154.875,154.968,345
2025-01-16 02:40:00,154.927,154.975,154.871,154.904,362
2025-01-16 02:45:00,154.893,154.952,154.737,154.93,140
2025-01-16 02:50:00,155.155,155.243,155.014,155.063,424
2025-01-16 02:55:00,154.985,155.126,154.876,155.019,478
2025-01-16 03:00:00,155.084,155.176,155.0,155.068,362
2025-01-16 03:05:00,155.006,155.073,154.895,154.972,420
2025-01-16 03:10:00,154.838,155.049,154.732,154.901,165
2025-01-16 03:15:00,154.887,154.987,154.812,154.883,472
2025-01-16 03:20:00,154.895,155.062,154.866,154.927,284
2025-01-16 03:25:00,154.769,154.952,154.644,154.801,367
2025-01-16 03:30:00,154.807,154.848,154.6,154.731,375
2025-01-16 03:35:00,154.673,154.745,154.545,154.68,419
2025-01-16 03:40:00,154.656,154.715,154.529,154.68,252
2025-01-16 03:45:00,154.588,154.827,154.502,154.685,181
2025-01-16 03:50:00,154.52,154.581,154.431,154.542,483
2025-01-16 03:55:00,154.389,154.525,154.331,154.46,65
2025-01-16 04:00:00,154.391,154.459,154.308,154.398,200
2025-01-16 04:05:00,154.65,154.699,154.561,154.646,499
2025-01-16 04:10:00,154.785,154.899,154.632,154.743,436
2025-01-16 04:15:00,154.745,154.84,154.642,154.718,456
2025-01-16 04:20:00,154.643,154.793,154.481,154.63,244
2025-01-16 04:25:00,154.732,154.878,154.542,154.698,82
2025-01-16 04:30:00,154.748,154.883,154.658,154.763,428
2025-01-16 04:35:00,154.707,154.773,154.562,154.695,404
2025-01-16 04:40:00,154.576,154.711,154.519,154.577,263
2025-01-16 04:45:00,154.697,154.813,154.582,154.687,214
2025-01-16 04:50:00,154.674,154.819,154.651,154.671,263
2025-01-16 04:55:00,154.778,154.948,154.63,154.801,285
2025-01-16 05:00:00,154.95,154.981,154.821,154.899,302
2025-01-16 05:05:00,154.841,154.94,154.796,154.882,302
2025-01-16 05:10:00,154.835,154.865,154.698,154.776,447
2025-01-16 05:15:00,154.71,154.753,154.605,154.67,63
2025-01-16 05:20:00,154.791,154.945,154.648,154.791,365
2025-01-16 05:25:00,154.813,154.952,154.694,154.795,345
2025-01-16 05:30:00,154.875,155.026,154.792,154.845,171
2025-01-16 05:35:00,155.075,155.218,154.928,155.075,150
2025-01-16 05:40:00,155.07,155.114,154.926,155.061,459
2025-01-16 05:45:00,154.993,155.05,154.931,155.002,157
2025-01-16 05:50:00,154.922,154.988,154.812,154.935,387
2025-01-16 05:55:00,155.026,155.075,154.954,155.018,362
2025-01-16 06:00:00,155.014,155.151,154.864,155.044,112
2025-01-16 06:05:00,155.05,155.196,154.92,155.091,111
2025-01-16 06:10:00,154.978,155.119,154.953,155.036,225
2025-01-16 06:15:00,155.025,155.141,154.925,155.063,267
2025-01-16 06:20:00,155.063,155.107,155.002,155.055,382
2025-01-16 06:25:00,154.971,155.087,154.93,154.967,461
2025-01-16 06:30:00,155.097,155.149,154.947,155.128,476
2025-01-16 06:35:00,155.118,155.138,155.064,155.081,364
2025-01-16 06:40:00,155.136,155.222,155.123,155.147,469
2025-01-16 06:45:00,155.177,155.244,155.126,155.23,454
2025-01-16 06:50:00,155.496,155.58,155.239,155.346,458
2025-01-16 06:55:00,155.391,155.512,155.203,155.347,262
2025-01-16 07:00:00,155.368,155.492,155.2,155.281,306
2025-01-16 07:05:00,155.248,155.311,155.168,155.246,291
2025-01-16 07:10:00,155.258,155.367,155.209,155.282,208
2025-01-16 07:15:00,155.124,155.25,155.039,155.131,177
2025-01-16 07:20:00,155.004,155.166,154.869,155.077,114
2025-01-16 07:25:00,155.243,155.334,155.07,155.198,232
2025-01-16 07:30:00,155.142,155.225,155.063,155.134,124
2025-01-16 07:35:00,155.258,155.273,155.237,155.258,390
2025-01-16 07:40:00,155.237,155.339,155.22,155.232,439
2025-01-16 07:45:00,155.289,155.305,155.076,155.205,293
2025-01-16 07:50:00,155.126,155.218,155.068,155.127,154
2025-01-16 07:55:00,154.94,154.973,154.853,154.93,396
2025-01-16 08:00:00,154.907,154.997,154.772,154.911,255
2025-01-16 08:05:00,154.849,154.925,154.691,154.853,144
2025-01-16 08:10:00,154.886,154.934,154.786,154.863,86
2025-01-16 08:15:00,154.783,154.897,154.743,154.821,412
2025-01-16 08:20:00,154.82,154.848,154.738,154.787,472
2025-01-16 08:25:00,154.785,154.928,154.555,154.707,196
2025-01-16 08:30:00,154.859,154.894,154.707,154.803,149
2025-01-16 08:35:00,154.798,155.053,154.691,154.9,434
2025-01-16 08:40:00,154.932,155.034,154.833,154.933,187
2025-01-16 08:45:00,155.003,155.037,154.82,154.929,189
2025-01-16 08:50:00,154.989,155.073,154.842,154.973,203
2025-01-16 08:55:00,154.925,155.073,154.905,154.938,192
2025-01-16 09:00:00,154.848,154.923,154.712,154.897,230
2025-01-16 09:05:00,154.791,154.888,154.649,154.836,240
2025-01-16 09:10:00,154.734,154.86,154.615,154.706,195
2025-01-16 09:15:00,154.632,154.773,154.516,154.638,323
2025-01-16 09:20:00,154.794,154.816,154.631,154.743,65
2025-01-16 09:25:00,154.732,154.779,154.695,154.727,361
2025-01-16 09:30:00,154.783,154.865,154.743,154.788,62
2025-01-16 09:35:00,154.838,154.877,154.716,154.808,364
2025-01-16 09:40:00,154.939,155.05,154.857,154.876,212
2025-01-16 09:45:00,154.835,154.906,154.648,154.756,140
2025-01-16 09:50:00,154.746,154.83,154.708,154.722,210
2025-01-16 09:55:00,154.679,154.841,154.528,154.691,402
2025-01-16 10:00:00,154.837,154.927,154.808,154.857,353
2025-01-16 10:05:00,154.981,155.101,154.88,154.913,161
2025-01-16 10:10:00,155.036,155.166,154.824,154.967,442
2025-01-16 10:15:00,154.937,155.089,154.802,154.951,272
2025-01-16 10:20:00,155.062,155.218,154.989,155.084,350
2025-01-16 10:25:00,155.078,155.148,155.014,155.133,328
2025-01-16 10:30:00,155.117,155.295,155.038,155.193,94
2025-01-16 10:35:00,155.123,155.199,155.042,155.168,398
2025-01-16 10:40:00,155.039,155.122,155.0,155.089,128
2025-01-16 10:45:00,155.06,155.189,155.019,155.097,246
2025-01-16 10:50:00,155.297,155.4,155.114,155.217,180
2025-01-16 10:55:00,155.193,155.347,155.047,155.129,262
2025-01-16 11:00:00,155.041,155.152,154.895,155.078,93
2025-01-16 11:05:00,155.081,155.124,154.883,155.001,407
2025-01-16 11:10:00,154.925,154.998,154.868,154.933,210
2025-01-16 11:15:00,154.986,155.04,154.832,154.948,148
2025-01-16 11:20:00,155.0,155.089,154.843,155.029,388
2025-01-16 11:25:00,154.895,155.023,154.791,154.873,119
2025-01-16 11:30:00,154.864,154.92,154.697,154.83,272
2025-01-16 11:35:00,154.795,154.816,154.692,154.781,231
2025-01-16 11:40:00,154.806,154.923,154.705,154.869,232
2025-01-16 11:45:00,154.959,155.088,154.819,154.94,209
2025-01-16 11:50:00,155.004,155.121,154.905,154.94,470
2025-01-16 11:55:00,154.953,155.106,154.832,154.946,347
2025-01-16 12:00:00,154.878,154.963,154.867,154.919,479
2025-01-16 12:05:00,154.761,154.835,154.63,154.788,137
2025-01-16 12:10:00,154.871,154.947,154.764,154.853,379
2025-01-16 12:15:00,155.042,155.171,154.954,155.003,281
2025-01-16 12:20:00,155.002,155.119,154.926,155.094,293
2025-01-16 12:25:00,155.15,155.317,155.078,155.17,130
2025-01-16 12:30:00,155.081,155.213,155.061,155.099,446
2025-01-16 12:35:00,155.001,155.097,154.855,155.048,347
2025-01-16 12:40:00,155.026,155.047,154.954,155.001,450
2025-01-16 12:45:00,155.078,155.234,154.964,155.09,194
2025-01-16 12:50:00,155.104,155.19,154.971,155.113,69
2025-01-16 12:55:00,155.143,155.163,154.911,155.045,159
2025-01-16 13:00:00,155.14,155.183,154.946,155.105,183
2025-01-16 13:05:00,155.082,155.138,154.925,155.118,88
2025-01-16 13:10:00,155.014,155.206,154.854,155.067,227
2025-01-16 13:15:00,155.03,155.051,154.882,155.01,323
2025-01-16 13:20:00,154.832,155.069,154.734,154.923,434
2025-01-16 13:25:00,154.904,154.959,154.732,154.8,402
2025-01-16 13:30:00,154.766,154.905,154.601,154.688,88
2025-01-16 13:35:00,154.746,154.889,154.66,154.746,407
2025-01-16 13:40:00,154.743,154.846,154.608,154.746,167
2025-01-16 13:45:00,154.854,154.925,154.808,154.82,151
2025-01-16 13:50:00,154.992,155.057,154.817,154.95,456
2025-01-16 13:55:00,154.96,155.174,154.931,155.016,352
2025-01-16 14:00:00,154.915,154.98,154.774,154.936,169
2025-01-16 14:05:00,154.949,155.054,154.734,154.893,388
2025-01-16 14:10:00,154.972,154.995,154.834,154.949,465
2025-01-16 14:15:00,154.93,155.116,154.812,154.97,297
2025-01-16 14:20:00,154.964,155.088,154.927,154.965,456
2025-01-16 14:25:00,154.892,154.972,154.807,154.898,250
2025-01-16 14:30:00,154.862,154.883,154.814,154.848,152
2025-01-16 14:35:00,154.755,154.873,154.611,154.719,380
2025-01-16 14:40:00,154.658,154.829,154.512,154.686,190
2025-01-16 14:45:00,154.68,154.831,154.549,154.621,151
2025-01-16 14:50:00,154.447,154.594,154.32,154.514,413
2025-01-16 14:55:00,154.383,154.469,154.368,154.441,346
2025-01-16 15:00:00,154.412,154.55,154.322,154.406,394
2025-01-16 15:05:00,154.465,154.527,154.386,154.467,439
2025-01-16 15:10:00,154.534,154.613,154.405,154.429,296
2025-01-16 15:15:00,154.359,154.523,154.31,154.404,138
2025-01-16 15:20:00,154.399,154.515,154.303,154.398,167
2025-01-16 15:25:00,154.317,154.449,154.19,154.268,159
2025-01-16 15:30:00,154.277,154.41,154.167,154.284,403
2025-01-16 15:35:00,154.275,154.352,154.195,154.274,346
2025-01-16 15:40:00,154.324,154.437,154.313,154.358,486
2025-01-16 15:45:00,154.256,154.383,154.237,154.319,268
2025-01-16 15:50:00,154.286,154.384,154.186,154.267,388
2025-01-16 15:55:00,154.225,154.326,154.213,154.229,415
2025-01-16 16:00:00,154.303,154.343,154.246,154.277,246
2025-01-16 16:05:00,154.443,154.487,154.317,154.405,459
2025-01-16 16:10:00,154.323,154.38,154.289,154.355,272
2025-01-16 16:15:00,154.183,154.339,154.168,154.178,169
2025-01-16 16:20:00,154.022,154.192,153.909,154.073,434
2025-01-16 16:25:00,154.232,154.264,154.048,154.152,183
2025-01-16 16:30:00,154.006,154.095,153.876,154.041,379
2025-01-16 16:35:00,153.998,154.037,153.952,154.025,174
2025-01-16 16:40:00,154.052,154.106,154.021,154.038,100
2025-01-16 16:45:00,154.077,154.246,153.965,154.101,203
2025-01-16 16:50:00,154.222,154.314,154.102,154.186,284
2025-01-16 16:55:00,154.12,154.268,153.961,154.124,70
2025-01-16 17:00:00,154.079,154.11,154.021,154.078,386
2025-01-16 17:05:00,154.1,154.144,153.978,154.134,63
2025-01-16 17:10:00,154.054,154.124,153.997,154.088,491
2025-01-16 17:15:00,154.049,154.192,153.885,154.014,284
2025-01-16 17:20:00,154.037,154.081,153.941,153.956,354
2025-01-16 17:25:00,153.881,153.903,153.769,153.886,316
2025-01-16 17:30:00,153.818,153.885,153.786,153.855,315
2025-01-16 17:35:00,153.89,153.942,153.832,153.888,142
2025-01-16 17:40:00,153.661,153.856,153.537,153.708,53
2025-01-16 17:45:00,153.561,153.61,153.482,153.581,80
2025-01-16 17:50:00,153.589,153.769,153.45,153.621,193
2025-01-16 17:55:00,153.761,153.887,153.65,153.748,70
2025-01-16 18:00:00,153.741,153.786,153.592,153.727,145
2025-01-16 18:05:00,153.789,153.848,153.654,153.746,108
2025-01-16 18:10:00,153.718,153.907,153.63,153.765,336
2025-01-16 18:15:00,153.754,153.861,153.59,153.705,103
2025-01-16 18:20:00,153.58,153.623,153.506,153.578,225
2025-01-16 18:25:00,153.556,153.717,153.539,153.566,103
2025-01-16 18:30:00,153.376,153.533,153.304,153.383,254
2025-01-16 18:35:00,153.313,153.478,153.286,153.336,202
2025-01-16 18:40:00,153.302,153.429,153.22,153.318,358
2025-01-16 18:45:00,153.485,153.519,153.343,153.463,209
2025-01-16 18:50:00,153.456,153.579,153.379,153.498,438
2025-01-16 18:55:00,153.408,153.49,153.293,153.387,403
2025-01-16 19:00:00,153.306,153.391,153.264,153.324,282
2025-01-16 19:05:00,153.353,153.384,153.301,153.325,89
2025-01-16 19:10:00,153.341,153.486,153.255,153.345,197
2025-01-16 19:15:00,153.516,153.605,153.5,153.528,202
2025-01-16 19:20:00,153.525,153.677,153.381,153.489,205
2025-01-16 19:25:00,153.623,153.696,153.505,153.627,484
2025-01-16 19:30:00,153.698,153.827,153.634,153.755,104
2025-01-16 19:35:00,153.732,153.81,153.566,153.708,74
2025-01-16 19:40:00,153.7,153.723,153.605,153.665,493
2025-01-16 19:45:00,153.69,153.735,153.549,153.684,187
2025-01-16 19:50:00,153.646,153.818,153.629,153.679,467
2025-01-16 19:55:00,153.609,153.724,153.487,153.62,490
2025-01-16 20:00:00,153.616,153.722,153.528,153.548,128
2025-01-16 20:05:00,153.384,153.474,153.36,153.393,232
2025-01-16 20:10:00,153.371,153.534,153.335,153.39,142
2025-01-16 20:15:00,153.522,153.645,153.476,153.513,467
2025-01-16 20:20:00,153.471,153.653,153.332,153.501,263
2025-01-16 20:25:00,153.53,153.603,153.473,153.517,182
2025-01-16 20:30:00,153.529,153.625,153.477,153.574,263
2025-01-16 20:35:00,153.571,153.679,153.532,153.642,164
2025-01-16 20:40:00,153.696,153.711,153.542,153.681,437
2025-01-16 20:45:00,153.613,153.754,153.576,153.614,497
2025-01-16 20:50:00,153.731,153.783,153.67,153.709,466
2025-01-16 20:55:00,153.765,153.888,153.581,153.729,220
2025-01-16 21:00:00,153.775,153.835,153.582,153.712,219
2025-01-16 21:05:00,153.76,153.816,153.672,153.728,57
2025-01-16 21:10:00,153.731,153.847,153.669,153.779,249
2025-01-16 21:15:00,153.89,154.016,153.861,153.905,363
2025-01-16 21:20:00,154.058,154.189,153.918,153.999,430
2025-01-16 21:25:00,154.103,154.206,154.082,154.103,415
2025-01-16 21:30:00,154.031,154.172,153.953,154.027,395
2025-01-16 21:35:00,154.093,154.153,153.927,154.019,240
2025-01-16 21:40:00,154.145,154.271,154.001,154.119,319
2025-01-16 21:45:00,154.067,154.22,154.008,154.077,281
2025-01-16 21:50:00,154.05,154.124,153.948,154.015,373
2025-01-16 21:55:00,153.973,154.179,153.929,154.028,377
2025-01-16 22:00:00,154.09,154.13,154.006,154.064,497
2025-01-16 22:05:00,154.032,154.188,153.847,153.992,424
2025-01-16 22:10:00,154.111,154.188,153.984,154.056,165
2025-01-16 22:15:00,153.985,154.141,153.819,153.94,356
2025-01-16 22:20:00,153.897,154.009,153.724,153.87,69
2025-01-16 22:25:00,153.814,153.918,153.69,153.809,196
2025-01-16 22:30:00,153.796,153.96,153.667,153.802,303
2025-01-16 22:35:00,153.857,153.89,153.817,153.848,244
2025-01-16 22:40:00,153.824,153.967,153.715,153.874,262
2025-01-16 22:45:00,153.969,153.982,153.87,153.937,154
2025-01-16 22:50:00,154.017,154.163,153.905,154.023,112
2025-01-16 22:55:00,154.108,154.258,153.906,154.055,157
2025-01-16 23:00:00,154.097,154.256,154.024,154.087,330
2025-01-16 23:05:00,154.119,154.27,154.003,154.161,133
2025-01-16 23:10:00,154.125,154.249,154.025,154.108,75
2025-01-16 23:15:00,154.09,154.173,153.977,154.077,478
2025-01-16 23:20:00,153.993,154.084,153.805,153.963,122
2025-01-16 23:25:00,154.144,154.171,154.055,154.109,206
2025-01-16 23:30:00,153.961,154.116,153.844,154.012,157
2025-01-16 23:35:00,154.094,154.244,153.916,153.998,416
2025-01-16 23:40:00,154.007,154.158,153.843,153.963,444
2025-01-16 23:45:00,153.901,153.963,153.858,153.885,256
2025-01-16 23:50:00,153.812,153.934,153.779,153.834,245
2025-01-16 23:55:00,153.688,153.765,153.671,153.705,72
2025-01-17 00:00:00,153.76,153.848,153.624,153.78,385
2025-01-17 00:05:00,153.892,154.006,153.7,153.834,348
2025-01-17 00:10:00,153.844,153.997,153.805,153.834,81
2025-01-17 00:15:00,153.91,154.069,153.88,153.928,233
2025-01-17 00:20:00,153.902,153.983,153.739,153.882,54
2025-01-17 00:25:00,153.844,153.961,153.686,153.893,309
2025-01-17 00:30:00,153.904,154.022,153.877,153.909,94
2025-01-17 00:35:00,153.821,153.984,153.724,153.844,420
2025-01-17 00:40:00,153.76,153.85,153.686,153.8,300
2025-01-17 00:45:00,153.652,153.768,153.623,153.665,489
2025-01-17 00:50:00,153.44,153.615,153.326,153.487,135
2025-01-17 00:55:00,153.599,153.638,153.5,153.535,250
2025-01-17 01:00:00,153.563,153.665,153.403,153.554,353
2025-01-17 01:05:00,153.585,153.758,153.566,153.621,169
2025-01-17 01:10:00,153.633,153.651,153.481,153.627,180
2025-01-17 01:15:00,153.618,153.758,153.6,153.665,85
2025-01-17 01:20:00,153.667,153.771,153.563,153.603,490
2025-01-17 01:25:00,153.733,153.866,153.585,153.751,362
2025-01-17 01:30:00,153.815,153.877,153.674,153.793,485
2025-01-17 01:35:00,153.931,154.019,153.888,153.931,322
2025-01-17 01:40:00,153.781,153.856,153.709,153.781,105
2025-01-17 01:45:00,153.891,153.947,153.8,153.878,474
2025-01-17 01:50:00,153.798,153.848,153.778,153.801,54
2025-01-17 01:55:00,153.719,153.819,153.583,153.747,283
2025-01-17 02:00:00,153.713,153.731,153.61,153.702,64
2025-01-17 02:05:00,153.575,153.72,153.431,153.581,219
2025-01-17 02:10:00,153.661,153.8,153.559,153.657,112
2025-01-17 02:15:00,153.717,153.862,153.632,153.689,235
2025-01-17 02:20:00,153.59,153.694,153.525,153.596,353
2025-01-17 02:25:00,153.659,153.674,153.516,153.615,402
2025-01-17 02:30:00,153.748,153.767,153.647,153.697,445
2025-01-17 02:35:00,153.76,153.837,153.596,153.751,162
2025-01-17 02:40:00,153.867,154.011,153.819,153.902,315
2025-01-17 02:45:00,153.904,154.108,153.825,153.954,367
2025-01-17 02:50:00,153.918,154.044,153.805,153.887,446
2025-01-17 02:55:00,153.977,154.125,153.78,153.908,380
2025-01-17 03:00:00,153.864,154.005,153.779,153.89,438
2025-01-17 03:05:00,153.669,153.733,153.606,153.708,168
2025-01-17 03:10:00,153.773,153.824,153.659,153.8,151
2025-01-17 03:15:00,153.956,154.095,153.821,153.979,419
2025-01-17 03:20:00,154.0,154.137,153.949,153.962,177
2025-01-17 03:25:00,154.007,154.142,153.895,153.969,266
2025-01-17 03:30:00,154.065,154.098,153.953,154.042,219
2025-01-17 03:35:00,154.14,154.175,154.075,154.104,426
2025-01-17 03:40:00,154.122,154.343,154.111,154.187,429
2025-01-17 03:45:00,154.149,154.209,154.069,154.155,53
2025-01-17 03:50:00,154.037,154.071,153.923,154.045,373
2025-01-17 03:55:00,154.015,154.226,153.895,154.076,495
2025-01-17 04:00:00,154.017,154.097,153.87,153.965,80
2025-01-17 04:05:00,153.813,153.926,153.793,153.826,412
2025-01-17 04:10:00,153.722,153.889,153.701,153.768,308
2025-01-17 04:15:00,153.848,153.956,153.738,153.804,332
2025-01-17 04:20:00,153.705,153.767,153.606,153.699,270
2025-01-17 04:25:00,153.695,153.802,153.613,153.7,114
2025-01-17 04:30:00,153.732,153.846,153.666,153.691,295
2025-01-17 04:35:00,153.56,153.625,153.483,153.537,96
2025-01-17 04:40:00,153.529,153.652,153.505,153.55,364
2025-01-17 04:45:00,153.403,153.504,153.265,153.442,101
2025-01-17 04:50:00,153.55,153.563,153.396,153.454,226
2025-01-17 04:55:00,153.559,153.609,153.505,153.537,431
2025-01-17 05:00:00,153.542,153.643,153.436,153.533,108
2025-01-17 05:05:00,153.445,153.611,153.339,153.463,362
2025-01-17 05:10:00,153.245,153.392,153.094,153.252,428
2025-01-17 05:15:00,153.284,153.394,153.208,153.33,141
2025-01-17 05:20:00,153.261,153.359,153.131,153.27,111
2025-01-17 05:25:00,153.287,153.448,153.154,153.291,68
2025-01-17 05:30:00,153.369,153.385,153.253,153.349,104
2025-01-17 05:35:00,153.384,153.525,153.278,153.433,99
2025-01-17 05:40:00,153.428,153.522,153.382,153.436,192
2025-01-17 05:45:00,153.417,153.516,153.372,153.412,54
2025-01-17 05:50:00,153.282,153.311,153.169,153.267,103
2025-01-17 05:55:00,153.195,153.266,153.041,153.168,480
2025-01-17 06:00:00,152.988,153.151,152.838,153.006,414
2025-01-17 06:05:00,152.967,153.054,152.828,152.95,497
2025-01-17 06:10:00,152.854,152.926,152.758,152.873,55
2025-01-17 06:15:00,152.913,152.925,152.784,152.909,456
2025-01-17 06:20:00,152.941,153.042,152.851,152.974,189
2025-01-17 06:25:00,152.989,153.059,152.919,152.937,426
2025-01-17 06:30:00,152.828,152.86,152.719,152.844,450
2025-01-17 06:35:00,152.872,152.953,152.821,152.855,365
2025-01-17 06:40:00,152.803,152.87,152.765,152.811,151
2025-01-17 06:45:00,152.756,152.941,152.688,152.844,298
2025-01-17 06:50:00,152.9,153.077,152.828,152.957,471
2025-01-17 06:55:00,153.164,153.288,153.022,153.14,74
2025-01-17 07:00:00,153.104,153.182,152.914,153.021,150
2025-01-17 07:05:00,152.868,152.957,152.729,152.878,400
2025-01-17 07:10:00,152.799,152.891,152.682,152.831,274
2025-01-17 07:15:00,152.908,153.002,152.755,152.851,351
2025-01-17 07:20:00,152.812,152.862,152.674,152.795,79
2025-01-17 07:25:00,152.855,152.98,152.832,152.9,118
2025-01-17 07:30:00,152.903,153.061,152.837,152.877,159
2025-01-17 07:35:00,152.83,152.842,152.684,152.828,481
2025-01-17 07:40:00,152.962,153.011,152.849,152.919,384
2025-01-17 07:45:00,152.833,152.979,152.687,152.867,494
2025-01-17 07:50:00,152.905,153.093,152.818,152.961,176
2025-01-17 07:55:00,152.731,152.876,152.64,152.76,323
2025-01-17 08:00:00,152.837,152.988,152.823,152.854,405
2025-01-17 08:05:00,152.747,152.841,152.627,152.791,371
2025-01-17 08:10:00,152.983,153.111,152.817,152.898,248
2025-01-17 08:15:00,152.947,153.002,152.794,152.946,466
2025-01-17 08:20:00,152.916,153.054,152.865,152.899,182
2025-01-17 08:25:00,152.709,152.796,152.6,152.716,54
2025-01-17 08:30:00,152.632,152.741,152.597,152.7,78
2025-01-17 08:35:00,152.733,152.793,152.587,152.749,281
2025-01-17 08:40:00,152.56,152.691,152.438,152.562,275
2025-01-17 08:45:00,152.495,152.562,152.408,152.514,439
2025-01-17 08:50:00,152.521,152.592,152.437,152.549,278
2025-01-17 08:55:00,152.748,152.861,152.553,152.668,273
2025-01-17 09:00:00,152.765,152.863,152.664,152.741,382
2025-01-17 09:05:00,152.652,152.85,152.508,152.694,81
2025-01-17 09:10:00,152.809,152.844,152.646,152.731,471
2025-01-17 09:15:00,152.78,152.846,152.719,152.829,489
2025-01-17 09:20:00,152.989,153.142,152.895,152.949,251
2025-01-17 09:25:00,153.126,153.148,152.971,153.02,225
2025-01-17 09:30:00,153.091,153.25,153.007,153.047,81
2025-01-17 09:35:00,153.064,153.197,152.893,153.036,212
2025-01-17 09:40:00,153.057,153.233,152.922,153.124,184
2025-01-17 09:45:00,153.06,153.176,152.891,153.016,138
2025-01-17 09:50:00,153.05,153.093,152.865,152.999,358
2025-01-17 09:55:00,153.08,153.189,152.956,153.085,197
2025-01-17 10:00:00,153.138,153.276,152.99,153.171,338
2025-01-17 10:05:00,153.325,153.369,153.174,153.245,253
2025-01-17 10:10:00,153.181,153.343,153.072,153.207,340
2025-01-17 10:15:00,153.256,153.31,153.119,153.255,298
2025-01-17 10:20:00,153.268,153.302,153.139,153.286,131
2025-01-17 10:25:00,153.349,153.505,153.216,153.331,457
2025-01-17 10:30:00,153.36,153.518,153.27,153.36,158
2025-01-17 10:35:00,153.29,153.395,153.171,153.295,215
2025-01-17 10:40:00,153.322,153.445,153.252,153.353,442
2025-01-17 10:45:00,153.146,153.209,153.019,153.171,280
2025-01-17 10:50:00,153.098,153.159,153.049,153.129,359
2025-01-17 10:55:00,153.229,153.372,153.005,153.152,192
2025-01-17 11:00:00,153.379,153.473,153.257,153.353,358
2025-01-17 11:05:00,153.473,153.502,153.286,153.413,344
2025-01-17 11:10:00,153.4,153.464,153.346,153.43,390
2025-01-17 11:15:00,153.328,153.438,153.31,153.37,274
2025-01-17 11:20:00,153.321,153.463,153.252,153.404,379
2025-01-17 11:25:00,153.388,153.441,153.309,153.382,354
2025-01-17 11:30:00,153.378,153.474,153.354,153.422,72
2025-01-17 11:35:00,153.263,153.499,153.173,153.366,160
2025-01-17 11:40:00,153.321,153.452,153.179,153.297,302
2025-01-17 11:45:00,153.284,153.431,153.119,153.25,203
2025-01-17 11:50:00,153.266,153.396,153.144,153.253,282
2025-01-17 11:55:00,153.275,153.416,153.223,153.331,266
2025-01-17 12:00:00,153.395,153.579,153.276,153.433,105
2025-01-17 12:05:00,153.454,153.502,153.389,153.476,493
2025-01-17 12:10:00,153.487,153.511,153.436,153.478,101
2025-01-17 12:15:00,153.172,153.334,153.135,153.263,92
2025-01-17 12:20:00,153.13,153.207,152.983,153.101,137
2025-01-17 12:25:00,153.17,153.329,153.1,153.16,327
2025-01-17 12:30:00,153.186,153.278,153.021,153.178,176
2025-01-17 12:35:00,153.11,153.204,153.051,153.118,430
2025-01-17 12:40:00,153.061,153.212,153.015,153.027,390
2025-01-17 12:45:00,152.966,153.069,152.827,152.968,234
2025-01-17 12:50:00,153.061,153.099,153.013,153.035,294
2025-01-17 12:55:00,152.823,152.88,152.72,152.844,220
2025-01-17 13:00:00,152.679,152.825,152.62,152.757,499
2025-01-17 13:05:00,152.589,152.79,152.443,152.655,327
2025-01-17 13:10:00,152.754,152.924,152.692,152.787,482
2025-01-17 13:15:00,152.693,152.897,152.603,152.755,330
2025-01-17 13:20:00,152.83,152.932,152.741,152.855,244
2025-01-17 13:25:00,152.827,153.026,152.678,152.899,329
2025-01-17 13:30:00,152.748,152.924,152.65,152.777,153
2025-01-17 13:35:00,152.719,152.87,152.535,152.678,71
2025-01-17 13:40:00,152.694,152.774,152.576,152.703,71
2025-01-17 13:45:00,152.699,152.859,152.604,152.636,219
2025-01-17 13:50:00,152.629,152.723,152.576,152.596,164
2025-01-17 13:55:00,152.731,152.764,152.633,152.676,370
2025-01-17 14:00:00,152.602,152.802,152.473,152.646,284
2025-01-17 14:05:00,152.702,152.75,152.532,152.666,305
2025-01-17 14:10:00,152.801,152.815,152.643,152.754,448
2025-01-17 14:15:00,152.872,152.936,152.75,152.817,370
2025-01-17 14:20:00,152.734,152.906,152.653,152.78,406
2025-01-17 14:25:00,152.823,152.904,152.698,152.87,81
2025-01-17 14:30:00,152.734,152.814,152.642,152.769,446
2025-01-17 14:35:00,152.899,152.926,152.833,152.899,59
2025-01-17 14:40:00,152.825,152.893,152.683,152.835,128
2025-01-17 14:45:00,152.844,152.938,152.721,152.88,96
2025-01-17 14:50:00,152.938,153.044,152.8,152.917,389
2025-01-17 14:55:00,152.87,153.042,152.749,152.924,434
2025-01-17 15:00:00,152.702,152.737,152.598,152.689,190
2025-01-17 15:05:00,152.714,152.813,152.637,152.719,342
2025-01-17 15:10:00,152.656,152.724,152.575,152.662,297
2025-01-17 15:15:00,152.618,152.672,152.577,152.594,381
2025-01-17 15:20:00,152.43,152.52,152.354,152.48,197
2025-01-17 15:25:00,152.569,152.641,152.445,152.591,285
2025-01-17 15:30:00,152.544,152.56,152.464,152.51,418
2025-01-17 15:35:00,152.467,152.538,152.444,152.493,279
2025-01-17 15:40:00,152.635,152.729,152.559,152.586,55
2025-01-17 15:45:00,152.56,152.58,152.405,152.547,235
2025-01-17 15:50:00,152.525,152.698,152.406,152.55,138
2025-01-17 15:55:00,152.579,152.735,152.528,152.568,218
2025-01-17 16:00:00,152.55,152.674,152.46,152.599,447
2025-01-17 16:05:00,152.584,152.757,152.514,152.616,246
2025-01-17 16:10:00,152.435,152.568,152.394,152.42,281
2025-01-17 16:15:00,152.509,152.604,152.476,152.497,353
2025-01-17 16:20:00,152.33,152.449,152.249,152.395,267
2025-01-17 16:25:00,152.412,152.485,152.27,152.412,104
2025-01-17 16:30:00,152.451,152.505,152.295,152.433,477
2025-01-17 16:35:00,152.529,152.564,152.465,152.485,345
2025-01-17 16:40:00,152.62,152.69,152.58,152.598,460
2025-01-17 16:45:00,152.686,152.722,152.54,152.656,372
2025-01-17 16:50:00,152.583,152.699,152.454,152.637,67
2025-01-17 16:55:00,152.692,152.736,152.557,152.68,192
2025-01-17 17:00:00,152.703,152.72,152.631,152.695,354
2025-01-17 17:05:00,152.856,152.9,152.729,152.801,464
2025-01-17 17:10:00,152.887,153.03,152.756,152.883,99
2025-01-17 17:15:00,152.825,152.88,152.692,152.828,461
2025-01-17 17:20:00,152.708,152.788,152.676,152.727,453
2025-01-17 17:25:00,152.617,152.734,152.488,152.574,427
2025-01-17 17:30:00,152.455,152.532,152.392,152.436,242
2025-01-17 17:35:00,152.436,152.481,152.37,152.41,121
2025-01-17 17:40:00,152.4,152.503,152.302,152.457,171
2025-01-17 17:45:00,152.357,152.398,152.321,152.358,120
2025-01-17 17:50:00,152.285,152.417,152.165,152.279,236
2025-01-17 17:55:00,152.364,152.508,152.283,152.32,435
2025-01-17 18:00:00,152.336,152.373,152.221,152.313,196
2025-01-17 18:05:00,152.379,152.455,152.278,152.395,389
2025-01-17 18:10:00,152.415,152.439,152.343,152.386,441
2025-01-17 18:15:00,152.43,152.619,152.382,152.502,64
2025-01-17 18:20:00,152.439,152.631,152.284,152.522,312
2025-01-17 18:25:00,152.6,152.748,152.457,152.569,249
2025-01-17 18:30:00,152.587,152.65,152.421,152.579,333
2025-01-17 18:35:00,152.456,152.599,152.309,152.466,424
2025-01-17 18:40:00,152.426,152.514,152.323,152.437,379
2025-01-17 18:45:00,152.436,152.497,152.278,152.35,79
2025-01-17 18:50:00,152.139,152.219,152.073,152.19,409
2025-01-17 18:55:00,152.098,152.201,152.013,152.117,287
2025-01-17 19:00:00,152.192,152.263,152.071,152.191,456
2025-01-17 19:05:00,152.322,152.437,152.262,152.275,282
2025-01-17 19:10:00,152.277,152.365,152.116,152.246,428
2025-01-17 19:15:00,152.223,152.262,152.127,152.235,413
2025-01-17 19:20:00,152.362,152.408,152.255,152.36,334
2025-01-17 19:25:00,152.41,152.495,152.316,152.367,415
2025-01-17 19:30:00,152.228,152.374,152.096,152.235,399
2025-01-17 19:35:00,152.157,152.364,152.058,152.213,97
2025-01-17 19:40:00,152.119,152.15,152.019,152.138,224
2025-01-17 19:45:00,152.092,152.242,152.025,152.103,442
2025-01-17 19:50:00,152.107,152.242,151.962,152.081,131
2025-01-17 19:55:00,152.018,152.174,151.991,152.066,278
2025-01-17 20:00:00,152.14,152.198,152.076,152.094,377
2025-01-17 20:05:00,152.178,152.302,152.014,152.165,373
2025-01-17 20:10:00,152.207,152.372,152.192,152.233,265
2025-01-17 20:15:00,152.277,152.389,152.136,152.253,118
2025-01-17 20:20:00,152.29,152.372,152.151,152.216,445
2025-01-17 20:25:00,152.137,152.294,152.004,152.119,486
2025-01-17 20:30:00,152.057,152.2,151.981,152.009,350
2025-01-17 20:35:00,151.967,152.148,151.87,152.031,114
2025-01-17 20:40:00,151.98,152.189,151.876,152.033,402
2025-01-17 20:45:00,151.95,152.03,151.886,151.95,149
2025-01-17 20:50:00,152.001,152.065,151.975,152.0,112
2025-01-17 20:55:00,152.027,152.141,151.979,151.992,97
2025-01-17 21:00:00,151.896,151.92,151.855,151.902,195
2025-01-17 21:05:00,151.919,151.946,151.843,151.864,230
2025-01-17 21:10:00,152.052,152.169,151.941,152.003,297
2025-01-17 21:15:00,152.017,152.214,151.96,152.075,407
2025-01-17 21:20:00,152.056,152.19,151.902,152.056,220
2025-01-17 21:25:00,152.194,152.282,152.003,152.085,281
2025-01-17 21:30:00,152.065,152.152,151.995,152.089,219
2025-01-17 21:35:00,152.142,152.225,152.076,152.119,98
2025-01-17 21:40:00,152.144,152.178,151.957,152.092,193
2025-01-17 21:45:00,152.211,152.231,152.119,152.186,179
2025-01-17 21:50:00,152.221,152.275,152.207,152.244,152
2025-01-17 21:55:00,152.168,152.289,152.157,152.175,235
2025-01-17 22:00:00,152.128,152.155,152.098,152.111,431
2025-01-17 22:05:00,152.092,152.223,152.076,152.111,356
2025-01-17 22:10:00,152.368,152.528,152.241,152.312,407
2025-01-17 22:15:00,152.312,152.444,152.262,152.305,120
2025-01-17 22:20:00,152.324,152.456,152.184,152.28,252
2025-01-17 22:25:00,152.195,152.284,152.153,152.208,437
2025-01-17 22:30:00,152.523,152.591,152.369,152.424,401
2025-01-17 22:35:00,152.368,152.379,152.224,152.363,55
2025-01-17 22:40:00,152.479,152.543,152.37,152.471,78
2025-01-17 22:45:00,152.448,152.558,152.385,152.444,301
2025-01-17 22:50:00,152.333,152.482,152.284,152.413,357
2025-01-17 22:55:00,152.34,152.393,152.298,152.33,252
2025-01-17 23:00:00,152.291,152.499,152.199,152.374,242
2025-01-17 23:05:00,152.429,152.515,152.341,152.422,83
2025-01-17 23:10:00,152.6,152.681,152.486,152.554,204
2025-01-17 23:15:00,152.549,152.65,152.414,152.487,117
2025-01-17 23:20:00,152.45,152.557,152.332,152.459,97
2025-01-17 23:25:00,152.388,152.574,152.306,152.424,474
2025-01-17 23:30:00,152.49,152.528,152.446,152.476,423
2025-01-17 23:35:00,152.418,152.52,152.32,152.422,142
2025-01-17 23:40:00,152.441,152.61,152.381,152.457,258
2025-01-17 23:45:00,152.49,152.646,152.459,152.535,459
2025-01-17 23:50:00,152.644,152.783,152.588,152.612,367
2025-01-17 23:55:00,152.542,152.653,152.515,152.556,246
2025-01-18 00:00:00,152.612,152.704,152.569,152.604,185
2025-01-18 00:05:00,152.48,152.492,152.32,152.47,280
2025-01-18 00:10:00,152.384,152.498,152.281,152.371,474
2025-01-18 00:15:00,152.104,152.257,151.968,152.121,215
2025-01-18 00:20:00,152.109,152.203,151.961,152.1,128
2025-01-18 00:25:00,152.023,152.163,151.886,151.989,395
2025-01-18 00:30:00,151.892,151.996,151.839,151.92,215
2025-01-18 00:35:00,151.913,151.999,151.726,151.858,256
2025-01-18 00:40:00,151.838,151.932,151.711,151.775,238
2025-01-18 00:45:00,151.795,151.873,151.691,151.854,429
2025-01-18 00:50:00,151.856,151.882,151.776,151.81,363
2025-01-18 00:55:00,151.937,152.001,151.785,151.921,317
2025-01-18 01:00:00,151.895,152.049,151.866,151.947,480
2025-01-18 01:05:00,151.959,152.022,151.849,151.997,260
2025-01-18 01:10:00,152.112,152.195,151.916,152.013,495
2025-01-18 01:15:00,151.817,151.979,151.731,151.891,425
2025-01-18 01:20:00,151.929,151.967,151.86,151.948,179
2025-01-18 01:25:00,152.113,152.173,152.02,152.068,453
2025-01-18 01:30:00,152.009,152.212,151.909,152.065,420
2025-01-18 01:35:00,152.169,152.306,152.058,152.214,370
2025-01-18 01:40:00,152.096,152.274,151.95,152.219,149
2025-01-18 01:45:00,152.117,152.29,152.032,152.201,72
2025-01-18 01:50:00,152.267,152.35,152.188,152.264,416
2025-01-18 01:55:00,152.524,152.539,152.458,152.515,266
2025-01-18 02:00:00,152.659,152.809,152.491,152.622,390
2025-01-18 02:05:00,152.586,152.662,152.431,152.605,271
2025-01-18 02:10:00,152.724,152.83,152.601,152.739,432
2025-01-18 02:15:00,152.82,152.911,152.693,152.779,340
2025-01-18 02:20:00,152.718,152.864,152.645,152.714,134
2025-01-18 02:25:00,152.574,152.703,152.469,152.636,245
2025-01-18 02:30:00,152.524,152.6,152.457,152.476,277
2025-01-18 02:35:00,152.558,152.577,152.461,152.547,454
2025-01-18 02:40:00,152.509,152.68,152.381,152.548,197
2025-01-18 02:45:00,152.51,152.626,152.339,152.485,138
2025-01-18 02:50:00,152.591,152.612,152.46,152.531,428
2025-01-18 02:55:00,152.573,152.649,152.456,152.517,97
2025-01-18 03:00:00,152.454,152.615,152.333,152.476,313
2025-01-18 03:05:00,152.449,152.606,152.305,152.449,425
2025-01-18 03:10:00,152.375,152.467,152.33,152.433,469
2025-01-18 03:15:00,152.345,152.389,152.204,152.351,231
2025-01-18 03:20:00,152.372,152.538,152.257,152.395,233
2025-01-18 03:25:00,152.329,152.475,152.241,152.355,192
2025-01-18 03:30:00,152.422,152.543,152.354,152.406,168
2025-01-18 03:35:00,152.368,152.517,152.249,152.401,349
2025-01-18 03:40:00,152.377,152.429,152.273,152.394,64
2025-01-18 03:45:00,152.44,152.557,152.388,152.406,84
2025-01-18 03:50:00,152.352,152.417,152.299,152.366,491
2025-01-18 03:55:00,152.421,152.523,152.355,152.429,362
2025-01-18 04:00:00,152.432,152.552,152.409,152.54,471
2025-01-18 04:05:00,152.755,152.783,152.629,152.729,237
2025-01-18 04:10:00,152.721,152.742,152.572,152.675,287
2025-01-18 04:15:00,152.791,152.847,152.741,152.786,56
2025-01-18 04:20:00,152.906,152.99,152.833,152.886,434
2025-01-18 04:25:00,153.11,153.141,153.005,153.059,203
2025-01-18 04:30:00,153.151,153.263,153.044,153.159,312
2025-01-18 04:35:00,153.112,153.17,152.957,153.055,165
2025-01-18 04:40:00,152.977,153.139,152.911,153.0,277
2025-01-18 04:45:00,152.886,153.003,152.692,152.835,211
2025-01-18 04:50:00,152.841,152.89,152.765,152.877,435
2025-01-18 04:55:00,152.906,152.995,152.86,152.89,477
2025-01-18 05:00:00,152.714,152.831,152.594,152.743,148
2025-01-18 05:05:00,152.847,152.859,152.756,152.812,277
2025-01-18 05:10:00,152.756,152.932,152.725,152.772,67
2025-01-18 05:15:00,152.833,152.967,152.716,152.803,294
2025-01-18 05:20:00,152.818,152.88,152.615,152.744,456
2025-01-18 05:25:00,152.777,152.88,152.705,152.774,241
2025-01-18 05:30:00,152.988,153.141,152.932,152.971,129
2025-01-18 05:35:00,152.92,153.048,152.843,152.94,372
2025-01-18 05:40:00,153.036,153.138,152.935,153.07,149
2025-01-18 05:45:00,153.215,153.298,153.094,153.16,100
2025-01-18 05:50:00,153.17,153.319,153.021,153.181,332
2025-01-18 05:55:00,152.988,153.043,152.846,153.008,102
2025-01-18 06:00:00,152.957,153.041,152.81,152.951,468
2025-01-18 06:05:00,152.984,153.104,152.965,153.037,193
2025-01-18 06:10:00,153.111,153.219,153.035,153.159,240
2025-01-18 06:15:00,153.13,153.257,153.083,153.1,225
2025-01-18 06:20:00,153.046,153.118,152.898,153.012,258
2025-01-18 06:25:00,153.005,153.155,152.864,153.007,363
2025-01-18 06:30:00,153.084,153.107,152.945,153.092,192
2025-01-18 06:35:00,153.068,153.114,153.034,153.069,293
2025-01-18 06:40:00,153.058,153.183,152.976,153.044,399
2025-01-18 06:45:00,153.072,153.223,152.91,153.05,240
2025-01-18 06:50:00,152.902,153.004,152.738,152.883,495
2025-01-18 06:55:00,153.002,153.092,152.855,152.939,379
2025-01-18 07:00:00,152.901,153.012,152.798,152.895,417
2025-01-18 07:05:00,152.874,152.971,152.763,152.87,296
2025-01-18 07:10:00,152.916,153.062,152.823,152.977,420
2025-01-18 07:15:00,152.974,153.056,152.854,152.988,308
2025-01-18 07:20:00,152.947,153.043,152.882,152.972,328
2025-01-18 07:25:00,153.03,153.177,152.964,153.004,456
2025-01-18 07:30:00,153.094,153.184,152.963,153.112,124
2025-01-18 07:35:00,153.162,153.256,153.008,153.193,317
2025-01-18 07:40:00,153.244,153.285,153.107,153.183,431
2025-01-18 07:45:00,153.072,153.15,152.975,153.118,316
2025-01-18 07:50:00,153.066,153.226,153.016,153.104,166
2025-01-18 07:55:00,153.16,153.267,153.002,153.194,418
2025-01-18 08:00:00,153.32,153.464,153.239,153.279,100
2025-01-18 08:05:00,153.22,153.266,153.106,153.179,471
2025-01-18 08:10:00,153.329,153.343,153.184,153.268,293
2025-01-18 08:15:00,153.325,153.433,153.266,153.297,327
2025-01-18 08:20:00,153.391,153.523,153.377,153.425,182
2025-01-18 08:25:00,153.501,153.58,153.441,153.482,95
2025-01-18 08:30:00,153.52,153.563,153.454,153.546,102
2025-01-18 08:35:00,153.547,153.58,153.429,153.524,346
2025-01-18 08:40:00,153.394,153.44,153.351,153.425,446
2025-01-18 08:45:00,153.442,153.52,153.282,153.393,207
2025-01-18 08:50:00,153.446,153.494,153.388,153.48,392
2025-01-18 08:55:00,153.553,153.617,153.429,153.531,160
2025-01-18 09:00:00,153.42,153.501,153.356,153.443,56
2025-01-18 09:05:00,153.333,153.54,153.247,153.39,254
2025-01-18 09:10:00,153.319,153.413,153.238,153.353,345
2025-01-18 09:15:00,153.412,153.439,153.354,153.406,243
2025-01-18 09:20:00,153.353,153.488,153.246,153.385,255
2025-01-18 09:25:00,153.31,153.465,153.27,153.326,68
2025-01-18 09:30:00,153.2,153.391,153.095,153.239,430
2025-01-18 09:35:00,153.356,153.507,153.177,153.254,257
2025-01-18 09:40:00,153.269,153.395,153.257,153.365,60
2025-01-18 09:45:00,153.345,153.378,153.192,153.361,64
2025-01-18 09:50:00,153.5,153.647,153.387,153.475,292
2025-01-18 09:55:00,153.472,153.58,153.366,153.425,132
2025-01-18 10:00:00,153.453,153.557,153.389,153.417,177
2025-01-18 10:05:00,153.443,153.537,153.282,153.408,307
2025-01-18 10:10:00,153.369,153.472,153.309,153.351,482
2025-01-18 10:15:00,153.27,153.334,153.163,153.302,175
2025-01-18 10:20:00,153.239,153.375,153.097,153.243,260
2025-01-18 10:25:00,153.265,153.406,153.249,153.356,80
2025-01-18 10:30:00,153.304,153.408,153.144,153.338,498
2025-01-18 10:35:00,153.437,153.476,153.379,153.461,390
2025-01-18 10:40:00,153.509,153.645,153.382,153.483,463
2025-01-18 10:45:00,153.539,153.669,153.36,153.486,206
2025-01-18 10:50:00,153.489,153.626,153.342,153.545,227
2025-01-18 10:55:00,153.444,153.602,153.421,153.468,303
2025-01-18 11:00:00,153.452,153.555,153.366,153.446,163
2025-01-18 11:05:00,153.608,153.648,153.528,153.602,358
2025-01-18 11:10:00,153.581,153.681,153.5,153.606,376
2025-01-18 11:15:00,153.623,153.767,153.572,153.602,119
2025-01-18 11:20:00,153.43,153.598,153.419,153.496,379
2025-01-18 11:25:00,153.483,153.601,153.421,153.495,163
2025-01-18 11:30:00,153.569,153.586,153.374,153.521,351
2025-01-18 11:35:00,153.528,153.687,153.402,153.478,314
2025-01-18 11:40:00,153.404,153.437,153.251,153.376,324
2025-01-18 11:45:00,153.424,153.523,153.284,153.435,129
2025-01-18 11:50:00,153.417,153.44,153.365,153.415,445
2025-01-18 11:55:00,153.368,153.496,153.302,153.407,443
2025-01-18 12:00:00,153.432,153.485,153.376,153.408,397
2025-01-18 12:05:00,153.377,153.523,153.218,153.408,111
2025-01-18 12:10:00,153.472,153.623,153.394,153.464,309
2025-01-18 12:15:00,153.38,153.431,153.26,153.407,345
2025-01-18 12:20:00,153.441,153.509,153.425,153.447,288
2025-01-18 12:25:00,153.436,153.49,153.307,153.448,266
2025-01-18 12:30:00,153.374,153.395,153.318,153.365,374
2025-01-18 12:35:00,153.202,153.231,153.047,153.2,136
2025-01-18 12:40:00,153.11,153.151,152.987,153.062,64
2025-01-18 12:45:00,153.186,153.205,153.13,153.192,59
2025-01-18 12:50:00,153.21,153.348,153.188,153.241,203
2025-01-18 12:55:00,153.328,153.455,153.264,153.369,78
2025-01-18 13:00:00,153.306,153.394,153.171,153.315,197
2025-01-18 13:05:00,153.176,153.32,153.107,153.221,436
2025-01-18 13:10:00,153.076,153.103,153.042,153.053,331
2025-01-18 13:15:00,153.04,153.103,152.887,153.032,118
2025-01-18 13:20:00,153.173,153.284,153.009,153.155,478
2025-01-18 13:25:00,153.244,153.343,153.113,153.281,347
2025-01-18 13:30:00,153.154,153.203,153.119,153.18,197
2025-01-18 13:35:00,153.247,153.345,153.064,153.196,404
2025-01-18 13:40:00,153.17,153.377,153.131,153.237,247
2025-01-18 13:45:00,153.139,153.187,153.018,153.139,213
2025-01-18 13:50:00,153.154,153.218,153.039,153.093,108
2025-01-18 13:55:00,153.137,153.255,153.03,153.144,410
2025-01-18 14:00:00,153.196,153.373,153.104,153.223,166
2025-01-18 14:05:00,153.139,153.294,152.985,153.237,67
2025-01-18 14:10:00,153.261,153.299,153.114,153.269,235
2025-01-18 14:15:00,153.227,153.266,153.114,153.236,76
2025-01-18 14:20:00,153.277,153.322,153.181,153.248,296
2025-01-18 14:25:00,153.148,153.242,153.081,153.109,377
2025-01-18 14:30:00,153.169,153.335,153.039,153.206,388
2025-01-18 14:35:00,153.325,153.409,153.228,153.296,444
2025-01-18 14:40:00,153.322,153.426,153.311,153.35,72
2025-01-18 14:45:00,153.338,153.378,153.282,153.351,488
2025-01-18 14:50:00,153.317,153.388,153.18,153.319,319
2025-01-18 14:55:00,153.33,153.477,153.162,153.259,129
2025-01-18 15:00:00,153.285,153.371,153.107,153.243,60
2025-01-18 15:05:00,153.213,153.241,153.09,153.215,474
2025-01-18 15:10:00,153.301,153.344,153.276,153.317,253
2025-01-18 15:15:00,153.226,153.382,153.168,153.191,180
2025-01-18 15:20:00,153.256,153.41,153.103,153.282,246
2025-01-18 15:25:00,153.32,153.416,153.2,153.341,441
2025-01-18 15:30:00,153.376,153.409,153.182,153.331,286
2025-01-18 15:35:00,153.201,153.238,153.133,153.208,413
2025-01-18 15:40:00,153.189,153.278,153.123,153.179,352
2025-01-18 15:45:00,153.226,153.282,153.053,153.137,218
2025-01-18 15:50:00,152.988,153.139,152.966,152.986,402
2025-01-18 15:55:00,152.842,152.992,152.673,152.833,112
2025-01-18 16:00:00,153.017,153.094,152.895,152.973,427
2025-01-18 16:05:00,153.021,153.2,152.91,153.056,310
2025-01-18 16:10:00,152.932,153.05,152.913,152.93,469
2025-01-18 16:15:00,152.832,152.931,152.679,152.832,411
2025-01-18 16:20:00,152.796,152.897,152.697,152.85,146
2025-01-18 16:25:00,152.896,153.059,152.791,152.909,65
2025-01-18 16:30:00,152.935,153.085,152.811,152.949,374
2025-01-18 16:35:00,152.885,152.93,152.783,152.878,133
2025-01-18 16:40:00,152.803,152.962,152.715,152.773,326
2025-01-18 16:45:00,152.697,152.819,152.578,152.695,321
2025-01-18 16:50:00,152.809,152.954,152.65,152.745,135
2025-01-18 16:55:00,152.812,152.899,152.66,152.811,232
2025-01-18 17:00:00,152.767,152.907,152.613,152.693,224
2025-01-18 17:05:00,152.693,152.829,152.551,152.69,338
2025-01-18 17:10:00,152.754,152.848,152.583,152.716,167
2025-01-18 17:15:00,152.758,152.898,152.672,152.748,150
2025-01-18 17:20:00,152.599,152.757,152.44,152.583,105
2025-01-18 17:25:00,152.438,152.604,152.371,152.447,268
2025-01-18 17:30:00,152.625,152.717,152.44,152.535,102
2025-01-18 17:35:00,152.538,152.651,152.466,152.582,311
2025-01-18 17:40:00,152.566,152.692,152.474,152.541,242
2025-01-18 17:45:00,152.464,152.588,152.378,152.436,392
2025-01-18 17:50:00,152.397,152.51,152.285,152.415,485
2025-01-18 17:55:00,152.379,152.411,152.347,152.387,179
2025-01-18 18:00:00,152.301,152.494,152.215,152.342,137
2025-01-18 18:05:00,152.194,152.371,152.175,152.246,315
2025-01-18 18:10:00,151.998,152.129,151.929,152.062,439
2025-01-18 18:15:00,152.081,152.142,151.993,152.058,147
2025-01-18 18:20:00,152.026,152.105,151.867,152.02,484
2025-01-18 18:25:00,152.117,152.129,151.902,152.008,248
2025-01-18 18:30:00,151.971,152.158,151.911,152.023,146
2025-01-18 18:35:00,152.001,152.076,151.921,152.028,284
2025-01-18 18:40:00,152.057,152.172,152.009,152.063,480
2025-01-18 18:45:00,152.228,152.368,152.164,152.234,214
2025-01-18 18:50:00,152.298,152.429,152.189,152.297,499
2025-01-18 18:55:00,152.309,152.384,152.149,152.286,161
2025-01-18 19:00:00,152.387,152.41,152.246,152.373,193
2025-01-18 19:05:00,152.384,152.529,152.265,152.4,272
2025-01-18 19:10:00,152.318,152.36,152.197,152.26,160
2025-01-18 19:15:00,152.282,152.452,152.215,152.322,404
2025-01-18 19:20:00,152.486,152.52,152.425,152.469,54
2025-01-18 19:25:00,152.416,152.576,152.333,152.41,76
2025-01-18 19:30:00,152.416,152.446,152.301,152.434,455
2025-01-18 19:35:00,152.459,152.595,152.416,152.495,61
2025-01-18 19:40:00,152.566,152.62,152.432,152.465,323
2025-01-18 19:45:00,152.428,152.535,152.306,152.413,413
2025-01-18 19:50:00,152.371,152.447,152.259,152.382,65
2025-01-18 19:55:00,152.384,152.501,152.228,152.399,110
2025-01-18 20:00:00,152.385,152.472,152.339,152.427,424
2025-01-18 20:05:00,152.438,152.491,152.383,152.419,422
2025-01-18 20:10:00,152.272,152.337,152.129,152.291,189
2025-01-18 20:15:00,152.25,152.419,152.16,152.266,460
2025-01-18 20:20:00,152.271,152.335,152.094,152.237,482
2025-01-18 20:25:00,152.22,152.347,152.174,152.218,260
2025-01-18 20:30:00,152.297,152.431,152.141,152.27,268
2025-01-18 20:35:00,152.285,152.435,152.219,152.253,308
2025-01-18 20:40:00,152.283,152.367,152.134,152.298,101
2025-01-18 20:45:00,152.272,152.391,152.128,152.262,229
2025-01-18 20:50:00,152.326,152.419,152.184,152.33,284
2025-01-18 20:55:00,152.46,152.593,152.352,152.465,415
2025-01-18 21:00:00,152.193,152.273,152.163,152.251,173
2025-01-18 21:05:00,152.191,152.326,152.131,152.179,168
2025-01-18 21:10:00,152.183,152.314,152.063,152.14,260
2025-01-18 21:15:00,152.131,152.276,152.065,152.14,146
2025-01-18 21:20:00,152.131,152.3,152.028,152.15,343
2025-01-18 21:25:00,152.182,152.28,151.983,152.143,196
2025-01-18 21:30:00,152.121,152.245,151.969,152.095,347
2025-01-18 21:35:00,152.036,152.182,151.942,152.045,422
2025-01-18 21:40:00,151.973,152.142,151.905,152.028,240
2025-01-18 21:45:00,152.019,152.175,151.842,151.959,434
2025-01-18 21:50:00,151.958,151.982,151.805,151.97,350
2025-01-18 21:55:00,151.909,151.958,151.849,151.933,396
2025-01-18 22:00:00,151.856,152.039,151.718,151.899,131
2025-01-18 22:05:00,151.788,151.849,151.765,151.828,242
2025-01-18 22:10:00,151.88,151.934,151.764,151.871,101
2025-01-18 22:15:00,151.885,151.96,151.774,151.887,275
2025-01-18 22:20:00,151.989,152.113,151.854,151.979,400
2025-01-18 22:25:00,152.155,152.198,151.998,152.145,247
2025-01-18 22:30:00,152.089,152.166,152.044,152.116,495
2025-01-18 22:35:00,151.931,152.01,151.788,151.999,309
2025-01-18 22:40:00,152.062,152.201,152.02,152.099,478
2025-01-18 22:45:00,152.031,152.183,151.906,151.994,332
2025-01-18 22:50:00,151.928,151.956,151.899,151.924,480
2025-01-18 22:55:00,151.878,152.013,151.846,151.866,296
2025-01-18 23:00:00,151.817,151.876,151.687,151.834,305
2025-01-18 23:05:00,151.893,151.987,151.79,151.835,135
2025-01-18 23:10:00,151.741,151.784,151.674,151.715,480
2025-01-18 23:15:00,151.588,151.677,151.465,151.628,436
2025-01-18 23:20:00,151.576,151.659,151.428,151.572,346
2025-01-18 23:25:00,151.449,151.493,151.321,151.395,397
2025-01-18 23:30:00,151.425,151.474,151.409,151.463,359
2025-01-18 23:35:00,151.388,151.458,151.27,151.394,69
2025-01-18 23:40:00,151.334,151.389,151.264,151.33,159
2025-01-18 23:45:00,151.295,151.465,151.278,151.319,337
2025-01-18 23:50:00,151.293,151.349,151.256,151.293,438
2025-01-18 23:55:00,151.301,151.341,151.279,151.308,148
2025-01-19 00:00:00,151.204,151.26,151.094,151.191,332
2025-01-19 00:05:00,151.154,151.204,151.136,151.178,495
2025-01-19 00:10:00,151.248,151.285,151.213,151.227,241
2025-01-19 00:15:00,151.131,151.253,150.96,151.076,348
2025-01-19 00:20:00,151.113,151.219,151.007,151.088,127
2025-01-19 00:25:00,151.066,151.209,151.02,151.042,385
2025-01-19 00:30:00,151.004,151.069,150.91,150.992,62
2025-01-19 00:35:00,151.254,151.33,151.121,151.262,279
2025-01-19 00:40:00,151.282,151.384,151.268,151.283,304
2025-01-19 00:45:00,151.195,151.351,151.112,151.217,278
2025-01-19 00:50:00,151.068,151.2,151.005,151.089,386
2025-01-19 00:55:00,151.032,151.115,150.868,151.009,293
2025-01-19 01:00:00,150.973,150.997,150.898,150.966,210
2025-01-19 01:05:00,151.101,151.247,150.962,151.031,442
2025-01-19 01:10:00,151.109,151.202,150.979,151.046,99
2025-01-19 01:15:00,151.081,151.153,150.996,151.054,292
2025-01-19 01:20:00,151.081,151.186,150.957,151.06,369
2025-01-19 01:25:00,150.975,151.178,150.962,151.034,284
2025-01-19 01:30:00,150.97,151.096,150.951,151.035,473
2025-01-19 01:35:00,151.077,151.132,150.971,151.086,92
2025-01-19 01:40:00,151.177,151.336,151.131,151.145,209
2025-01-19 01:45:00,150.97,151.007,150.87,150.975,445
2025-01-19 01:50:00,151.102,151.119,150.981,151.009,156
2025-01-19 01:55:00,151.081,151.237,151.04,151.06,281
2025-01-19 02:00:00,151.275,151.4,151.111,151.239,466
2025-01-19 02:05:00,151.34,151.446,151.188,151.325,449
2025-01-19 02:10:00,151.269,151.365,151.249,151.281,213
2025-01-19 02:15:00,151.209,151.329,151.088,151.217,423
2025-01-19 02:20:00,151.16,151.191,151.035,151.126,297
2025-01-19 02:25:00,151.406,151.543,151.38,151.394,445
2025-01-19 02:30:00,151.303,151.339,151.232,151.285,418
2025-01-19 02:35:00,151.261,151.313,151.168,151.238,335
2025-01-19 02:40:00,151.376,151.47,151.261,151.337,471
2025-01-19 02:45:00,151.176,151.363,151.019,151.241,63
2025-01-19 02:50:00,151.209,151.244,151.112,151.183,262
2025-01-19 02:55:00,151.175,151.325,151.13,151.189,414
2025-01-19 03:00:00,151.519,151.67,151.401,151.475,271
2025-01-19 03:05:00,151.486,151.641,151.414,151.442,144
2025-01-19 03:10:00,151.452,151.503,151.292,151.439,416
2025-01-19 03:15:00,151.568,151.627,151.374,151.461,156
2025-01-19 03:20:00,151.599,151.789,151.47,151.662,197
2025-01-19 03:25:00,151.757,151.833,151.65,151.778,206
2025-01-19 03:30:00,151.847,151.868,151.783,151.811,483
2025-01-19 03:35:00,151.8,151.954,151.782,151.824,184
2025-01-19 03:40:00,152.004,152.132,151.894,151.936,463
2025-01-19 03:45:00,151.997,152.062,151.863,151.996,327
2025-01-19 03:50:00,151.998,152.15,151.919,152.026,167
2025-01-19 03:55:00,151.86,152.036,151.73,151.904,160
2025-01-19 04:00:00,152.029,152.1,151.856,151.984,262
2025-01-19 04:05:00,151.985,152.13,151.863,152.03,188
2025-01-19 04:10:00,151.936,152.092,151.925,152.005,451
2025-01-19 04:15:00,151.914,152.05,151.79,151.971,129
2025-01-19 04:20:00,151.969,152.002,151.812,151.975,151
2025-01-19 04:25:00,152.08,152.174,151.998,152.12,72
2025-01-19 04:30:00,152.045,152.103,151.902,152.068,302
2025-01-19 04:35:00,151.991,152.088,151.862,152.032,483
2025-01-19 04:40:00,152.001,152.08,151.916,152.013,142
2025-01-19 04:45:00,152.094,152.23,152.047,152.183,312
2025-01-19 04:50:00,152.206,152.245,152.11,152.181,110
2025-01-19 04:55:00,152.1,152.172,152.034,152.138,371
2025-01-19 05:00:00,152.201,152.294,152.069,152.209,68
2025-01-19 05:05:00,152.216,152.245,152.104,152.21,135
2025-01-19 05:10:00,152.156,152.218,152.046,152.105,457
2025-01-19 05:15:00,152.034,152.106,151.996,152.062,201
2025-01-19 05:20:00,152.155,152.264,152.077,152.17,81
2025-01-19 05:25:00,152.211,152.257,152.121,152.194,254
2025-01-19 05:30:00,152.132,152.301,152.034,152.153,127
2025-01-19 05:35:00,152.157,152.261,151.949,152.105,367
2025-01-19 05:40:00,152.069,152.221,151.925,152.097,424
2025-01-19 05:45:00,152.02,152.108,151.963,152.063,120
2025-01-19 05:50:00,152.145,152.187,152.063,152.121,273
2025-01-19 05:55:00,152.019,152.14,152.006,152.035,401
2025-01-19 06:00:00,151.994,152.148,151.983,152.014,179
2025-01-19 06:05:00,151.976,152.135,151.876,152.015,390
2025-01-19 06:10:00,152.078,152.181,151.882,152.021,224
2025-01-19 06:15:00,152.003,152.153,151.879,151.979,96
2025-01-19 06:20:00,151.93,152.093,151.805,151.96,76
2025-01-19 06:25:00,151.91,152.013,151.791,151.853,496
2025-01-19 06:30:00,151.788,151.885,151.618,151.764,273
2025-01-19 06:35:00,151.669,151.775,151.562,151.698,77
2025-01-19 06:40:00,151.78,151.921,151.696,151.751,148
2025-01-19 06:45:00,151.765,151.871,151.615,151.808,178
2025-01-19 06:50:00,151.705,151.795,151.592,151.714,112
2025-01-19 06:55:00,151.818,151.953,151.704,151.864,438
2025-01-19 07:00:00,151.851,152.048,151.719,151.89,308
2025-01-19 07:05:00,151.816,152.0,151.708,151.847,94
2025-01-19 07:10:00,151.821,151.842,151.733,151.797,332
2025-01-19 07:15:00,151.874,151.996,151.793,151.896,439
2025-01-19 07:20:00,151.916,152.035,151.814,151.877,244
2025-01-19 07:25:00,151.861,151.888,151.841,151.873,199
2025-01-19 07:30:00,151.791,151.973,151.778,151.813,234
2025-01-19 07:35:00,151.918,151.976,151.859,151.935,432
2025-01-19 07:40:00,151.916,151.98,151.89,151.947,64
2025-01-19 07:45:00,151.832,151.877,151.764,151.826,60
2025-01-19 07:50:00,151.839,151.905,151.82,151.836,415
2025-01-19 07:55:00,151.65,151.808,151.576,151.704,408
2025-01-19 08:00:00,151.695,151.849,151.677,151.687,241
2025-01-19 08:05:00,151.557,151.634,151.463,151.592,345
2025-01-19 08:10:00,151.64,151.715,151.581,151.703,321
2025-01-19 08:15:00,151.777,151.929,151.69,151.729,316
2025-01-19 08:20:00,151.771,152.005,151.697,151.881,379
2025-01-19 08:25:00,151.904,152.015,151.863,151.894,104
2025-01-19 08:30:00,151.807,151.968,151.746,151.846,64
2025-01-19 08:35:00,151.826,151.926,151.718,151.868,74
2025-01-19 08:40:00,152.147,152.191,152.023,152.134,381
2025-01-19 08:45:00,152.204,152.342,152.159,152.186,221
2025-01-19 08:50:00,152.169,152.2,152.135,152.18,126
2025-01-19 08:55:00,152.162,152.281,152.072,152.176,58
2025-01-19 09:00:00,152.227,152.263,152.108,152.189,304
2025-01-19 09:05:00,152.09,152.173,152.003,152.154,234
2025-01-19 09:10:00,152.379,152.501,152.264,152.329,319
2025-01-19 09:15:00,152.118,152.18,151.959,152.142,273
2025-01-19 09:20:00,152.171,152.296,152.129,152.202,117
2025-01-19 09:25:00,152.098,152.138,152.076,152.099,332
2025-01-19 09:30:00,152.199,152.235,152.081,152.216,84
2025-01-19 09:35:00,152.271,152.378,152.243,152.279,241
2025-01-19 09:40:00,152.313,152.447,152.214,152.324,251
2025-01-19 09:45:00,152.302,152.445,152.194,152.283,377
2025-01-19 09:50:00,152.248,152.316,152.099,152.217,487
2025-01-19 09:55:00,152.328,152.38,152.217,152.256,445
2025-01-19 10:00:00,152.233,152.427,152.102,152.296,327
2025-01-19 10:05:00,152.371,152.486,152.314,152.337,363
2025-01-19 10:10:00,152.378,152.432,152.213,152.317,149
2025-01-19 10:15:00,152.331,152.378,152.289,152.334,235
2025-01-19 10:20:00,152.411,152.563,152.246,152.327,291
2025-01-19 10:25:00,152.261,152.369,152.19,152.206,268
2025-01-19 10:30:00,152.304,152.43,152.248,152.287,112
2025-01-19 10:35:00,152.339,152.392,152.203,152.297,419
2025-01-19 10:40:00,152.349,152.388,152.248,152.28,87
2025-01-19 10:45:00,152.232,152.428,152.162,152.275,389
2025-01-19 10:50:00,152.212,152.232,152.061,152.2,458
2025-01-19 10:55:00,152.46,152.591,152.253,152.366,360
2025-01-19 11:00:00,152.448,152.489,152.279,152.431,338
2025-01-19 11:05:00,152.533,152.684,152.421,152.536,283
2025-01-19 11:10:00,152.559,152.671,152.486,152.617,474
2025-01-19 11:15:00,152.666,152.77,152.606,152.644,328
2025-01-19 11:20:00,152.778,152.928,152.688,152.738,73
2025-01-19 11:25:00,152.763,152.811,152.641,152.721,347
2025-01-19 11:30:00,152.604,152.737,152.539,152.607,499
2025-01-19 11:35:00,152.582,152.675,152.494,152.575,439
2025-01-19 11:40:00,152.631,152.804,152.509,152.652,276
2025-01-19 11:45:00,152.655,152.74,152.487,152.547,388
2025-01-19 11:50:00,152.611,152.736,152.507,152.639,394
2025-01-19 11:55:00,152.656,152.808,152.513,152.616,476
2025-01-19 12:00:00,152.693,152.765,152.655,152.684,184
2025-01-19 12:05:00,152.75,152.862,152.702,152.761,278
2025-01-19 12:10:00,152.767,152.912,152.753,152.801,251
2025-01-19 12:15:00,152.806,152.987,152.727,152.829,350
2025-01-19 12:20:00,152.891,152.996,152.771,152.903,443
2025-01-19 12:25:00,152.928,153.039,152.791,152.916,421
2025-01-19 12:30:00,152.914,152.962,152.813,152.881,229
2025-01-19 12:35:00,153.125,153.194,153.082,153.105,159
2025-01-19 12:40:00,153.126,153.229,153.073,153.151,363
2025-01-19 12:45:00,153.077,153.256,153.019,153.134,267
2025-01-19 12:50:00,153.213,153.287,153.019,153.157,240
2025-01-19 12:55:00,153.261,153.311,153.117,153.231,89
2025-01-19 13:00:00,153.205,153.287,153.02,153.145,122
2025-01-19 13:05:00,153.1,153.258,153.022,153.065,306
2025-01-19 13:10:00,153.052,153.094,152.969,153.046,97
2025-01-19 13:15:00,152.996,153.08,152.852,153.005,412
2025-01-19 13:20:00,152.891,153.057,152.841,152.957,94
2025-01-19 13:25:00,152.948,153.094,152.903,152.939,100
2025-01-19 13:30:00,152.695,152.837,152.626,152.736,446
2025-01-19 13:35:00,152.772,152.919,152.617,152.813,288
2025-01-19 13:40:00,152.718,152.891,152.684,152.753,461
2025-01-19 13:45:00,152.759,152.895,152.604,152.785,397
2025-01-19 13:50:00,152.713,152.822,152.679,152.71,245
2025-01-19 13:55:00,152.562,152.745,152.532,152.606,181
2025-01-19 14:00:00,152.491,152.56,152.378,152.465,87
2025-01-19 14:05:00,152.448,152.572,152.356,152.477,362
2025-01-19 14:10:00,152.343,152.405,152.315,152.33,51
2025-01-19 14:15:00,152.306,152.332,152.262,152.32,491
2025-01-19 14:20:00,152.315,152.381,152.203,152.368,232
2025-01-19 14:25:00,152.491,152.542,152.438,152.477,415
2025-01-19 14:30:00,152.363,152.547,152.271,152.454,192
2025-01-19 14:35:00,152.4,152.476,152.344,152.362,95
2025-01-19 14:40:00,152.523,152.565,152.506,152.535,201
2025-01-19 14:45:00,152.658,152.767,152.584,152.607,494
2025-01-19 14:50:00,152.787,152.856,152.629,152.756,120
2025-01-19 14:55:00,152.741,152.912,152.584,152.817,457
2025-01-19 15:00:00,152.738,152.842,152.603,152.757,416
2025-01-19 15:05:00,152.797,152.897,152.677,152.784,249
2025-01-19 15:10:00,152.777,152.928,152.579,152.725,66
2025-01-19 15:15:00,152.717,152.874,152.559,152.765,118
2025-01-19 15:20:00,152.765,152.916,152.728,152.778,65
2025-01-19 15:25:00,152.597,152.779,152.478,152.65,381
2025-01-19 15:30:00,152.57,152.74,152.444,152.604,360
2025-01-19 15:35:00,152.723,152.877,152.669,152.708,122
2025-01-19 15:40:00,152.722,152.749,152.612,152.709,201
2025-01-19 15:45:00,152.626,152.708,152.606,152.681,420
2025-01-19 15:50:00,152.574,152.667,152.476,152.63,116
2025-01-19 15:55:00,152.514,152.65,152.487,152.57,239
2025-01-19 16:00:00,152.6,152.698,152.576,152.611,212
2025-01-19 16:05:00,152.627,152.677,152.439,152.565,406
2025-01-19 16:10:00,152.524,152.553,152.373,152.542,262
2025-01-19 16:15:00,152.521,152.626,152.407,152.549,449
2025-01-19 16:20:00,152.704,152.799,152.549,152.693,335
2025-01-19 16:25:00,152.788,152.934,152.653,152.783,109
2025-01-19 16:30:00,152.93,152.981,152.853,152.955,187
2025-01-19 16:35:00,152.894,152.964,152.756,152.866,415
2025-01-19 16:40:00,152.758,152.876,152.631,152.768,441
2025-01-19 16:45:00,152.691,152.792,152.599,152.698,389
2025-01-19 16:50:00,152.77,152.877,152.652,152.814,428
2025-01-19 16:55:00,152.821,152.914,152.667,152.828,91
2025-01-19 17:00:00,152.623,152.718,152.468,152.656,441
2025-01-19 17:05:00,152.737,152.834,152.653,152.77,257
2025-01-19 17:10:00,152.689,152.736,152.608,152.653,101
2025-01-19 17:15:00,152.789,152.799,152.646,152.71,207
2025-01-19 17:20:00,152.628,152.696,152.516,152.615,385
2025-01-19 17:25:00,152.534,152.675,152.437,152.557,410
2025-01-19 17:30:00,152.491,152.624,152.465,152.571,251
2025-01-19 17:35:00,152.466,152.482,152.397,152.459,113
