time,open,high,low,close
2018-01-01 22:00:00,112.62249999999996,112.68250000000002,112.6125,112.634
2018-01-01 22:15:00,112.6325,112.68700000000001,112.60549999999999,112.62950000000001
2018-01-01 22:30:00,112.62950000000001,112.62950000000001,112.588,112.61399999999999
2018-01-01 22:45:00,112.61399999999999,112.61399999999999,112.59200000000001,112.596
2018-01-01 23:00:00,112.5975,112.68850000000002,112.5975,112.65299999999999
2018-01-01 23:15:00,112.652,112.74700000000001,112.6485,112.74700000000001
2018-01-01 23:30:00,112.7465,112.7815,112.72549999999995,112.78000000000002
2018-01-01 23:45:00,112.78000000000002,112.79,112.77249999999998,112.7745
2018-01-02 01:00:00,112.73649999999999,112.75299999999999,112.6605,112.6995
2018-01-02 01:15:00,112.7,112.70200000000001,112.6645,112.67649999999998
2018-01-02 01:30:00,112.676,112.71049999999995,112.66500000000002,112.7
2018-01-02 01:45:00,112.7015,112.7285,112.68700000000001,112.72399999999999
2018-01-02 02:00:00,112.7235,112.74700000000001,112.713,112.7335
2018-01-02 02:15:00,112.7335,112.7475,112.7225,112.7325
2018-01-02 02:30:00,112.73299999999999,112.75200000000001,112.70850000000002,112.7095
2018-01-02 02:45:00,112.709,112.73100000000001,112.7035,112.71550000000005
2018-01-02 03:00:00,112.715,112.72200000000001,112.677,112.70049999999999
2018-01-02 03:15:00,112.70049999999999,112.70049999999999,112.666,112.686
2018-01-02 03:30:00,112.686,112.6955,112.67049999999999,112.6795
2018-01-02 03:45:00,112.6795,112.7105,112.6795,112.7025
2018-01-02 04:00:00,112.70200000000001,112.72,112.6945,112.7145
2018-01-02 04:15:00,112.7145,112.72049999999999,112.70299999999999,112.719
2018-01-02 04:30:00,112.71799999999999,112.73149999999998,112.708,112.71950000000001
2018-01-02 04:45:00,112.72,112.72899999999998,112.70450000000001,112.71
2018-01-02 05:00:00,112.709,112.73899999999999,112.70450000000001,112.73549999999999
2018-01-02 05:15:00,112.73450000000001,112.738,112.719,112.7325
2018-01-02 05:30:00,112.73100000000001,112.7335,112.70850000000002,112.71049999999995
2018-01-02 05:45:00,112.71,112.71350000000001,112.667,112.68700000000001
2018-01-02 06:00:00,112.6875,112.694,112.648,112.65950000000001
2018-01-02 06:15:00,112.65999999999998,112.67999999999998,112.6585,112.671
2018-01-02 06:30:00,112.67,112.697,112.667,112.693
2018-01-02 06:45:00,112.6935,112.70100000000001,112.65700000000001,112.6675
2018-01-02 07:00:00,112.669,112.68450000000001,112.61200000000001,112.6195
2018-01-02 07:15:00,112.6195,112.664,112.616,112.62899999999999
2018-01-02 07:30:00,112.62799999999999,112.68850000000002,112.61350000000002,112.662
2018-01-02 07:45:00,112.662,112.6645,112.62200000000001,112.6325
2018-01-02 08:00:00,112.632,112.63799999999999,112.58200000000001,112.604
2018-01-02 08:15:00,112.6045,112.62249999999996,112.5025,112.5025
2018-01-02 08:30:00,112.50399999999998,112.505,112.385,112.39
2018-01-02 08:45:00,112.387,112.41799999999999,112.3765,112.3855
2018-01-02 09:00:00,112.38549999999995,112.402,112.365,112.3835
2018-01-02 09:15:00,112.382,112.4015,112.37849999999997,112.38600000000001
2018-01-02 09:30:00,112.38600000000001,112.38600000000001,112.31149999999998,112.3195
2018-01-02 09:45:00,112.319,112.319,112.24799999999999,112.249
2018-01-02 10:00:00,112.25200000000001,112.27999999999996,112.227,112.2605
2018-01-02 10:15:00,112.2615,112.2825,112.2465,112.27450000000005
2018-01-02 10:30:00,112.2775,112.2775,112.13350000000004,112.15950000000001
2018-01-02 10:45:00,112.15899999999999,112.15899999999999,112.117,112.14
2018-01-02 11:00:00,112.13899999999998,112.154,112.134,112.13449999999995
2018-01-02 11:15:00,112.135,112.2025,112.135,112.194
2018-01-02 11:30:00,112.19450000000005,112.235,112.1935,112.228
2018-01-02 11:45:00,112.226,112.2325,112.19700000000005,112.2325
2018-01-02 12:00:00,112.23450000000001,112.23749999999998,112.15350000000002,112.15899999999999
2018-01-02 12:15:00,112.15950000000001,112.167,112.14450000000001,112.1565
2018-01-02 12:30:00,112.15799999999999,112.1795,112.149,112.17200000000001
2018-01-02 12:45:00,112.1755,112.18299999999999,112.156,112.1635
2018-01-02 13:00:00,112.162,112.18700000000001,112.133,112.1815
2018-01-02 13:15:00,112.181,112.18450000000001,112.141,112.16149999999998
2018-01-02 13:30:00,112.16149999999998,112.16149999999998,112.088,112.09100000000001
2018-01-02 13:45:00,112.09100000000001,112.1515,112.085,112.126
2018-01-02 14:00:00,112.126,112.1665,112.09850000000002,112.105
2018-01-02 14:15:00,112.10600000000001,112.14049999999999,112.056,112.12049999999999
2018-01-02 14:30:00,112.12049999999999,112.19,112.105,112.1665
2018-01-02 14:45:00,112.166,112.24700000000001,112.1645,112.23049999999999
2018-01-02 15:00:00,112.23049999999999,112.26799999999999,112.2075,112.2075
2018-01-02 15:15:00,112.208,112.22850000000004,112.18350000000001,112.22049999999999
2018-01-02 15:30:00,112.221,112.236,112.1485,112.155
2018-01-02 15:45:00,112.1565,112.17450000000001,112.1325,112.15000000000002
2018-01-02 16:00:00,112.15100000000001,112.1635,112.1015,112.12100000000001
2018-01-02 16:15:00,112.1215,112.22200000000001,112.12100000000001,112.211
2018-01-02 16:30:00,112.211,112.26,112.1885,112.211
2018-01-02 16:45:00,112.211,112.22149999999999,112.166,112.1725
2018-01-02 17:00:00,112.17399999999999,112.23749999999998,112.1665,112.226
2018-01-02 17:15:00,112.225,112.274,112.221,112.2725
2018-01-02 17:30:00,112.2725,112.29799999999999,112.24950000000001,112.2535
2018-01-02 17:45:00,112.2535,112.304,112.238,112.28600000000002
2018-01-02 18:00:00,112.28649999999999,112.29049999999995,112.2675,112.28649999999999
2018-01-02 18:15:00,112.2875,112.31549999999999,112.28449999999995,112.302
2018-01-02 18:30:00,112.302,112.324,112.29149999999998,112.30149999999999
2018-01-02 18:45:00,112.30149999999999,112.3535,112.29350000000001,112.3375
2018-01-02 19:00:00,112.337,112.344,112.3075,112.334
2018-01-02 19:15:00,112.33499999999998,112.3435,112.31200000000001,112.3135
2018-01-02 19:30:00,112.31450000000001,112.336,112.31450000000001,112.323
2018-01-02 19:45:00,112.319,112.324,112.25450000000001,112.257
2018-01-02 20:00:00,112.259,112.2765,112.249,112.26
2018-01-02 20:15:00,112.2605,112.28200000000001,112.25999999999998,112.273
2018-01-02 20:30:00,112.2735,112.28299999999999,112.257,112.26799999999999
2018-01-02 20:45:00,112.265,112.28,112.2425,112.27450000000005
2018-01-02 21:00:00,112.2735,112.27850000000001,112.2525,112.2615
2018-01-02 21:15:00,112.26299999999999,112.2905,112.26299999999999,112.28799999999995
2018-01-02 21:30:00,112.28699999999995,112.28699999999995,112.2615,112.262
2018-01-02 21:45:00,112.2625,112.32350000000001,112.262,112.291
2018-01-02 22:00:00,112.2925,112.365,112.281,112.333
2018-01-02 22:15:00,112.32950000000001,112.3415,112.2565,112.2835
2018-01-02 22:30:00,112.281,112.32700000000001,112.272,112.28049999999999
2018-01-02 22:45:00,112.28,112.3055,112.21549999999999,112.23100000000001
2018-01-02 23:00:00,112.23299999999996,112.273,112.2245,112.23200000000001
2018-01-02 23:15:00,112.2315,112.238,112.20549999999999,112.2145
2018-01-02 23:30:00,112.2175,112.228,112.1725,112.1885
2018-01-02 23:45:00,112.189,112.2825,112.189,112.256
2018-01-03 01:00:00,112.339,112.3485,112.29,112.29149999999998
2018-01-03 01:15:00,112.29049999999995,112.2925,112.26850000000002,112.28699999999995
2018-01-03 01:30:00,112.29149999999998,112.34899999999999,112.29149999999998,112.33850000000001
2018-01-03 01:45:00,112.33850000000001,112.3585,112.31749999999998,112.319
2018-01-03 02:00:00,112.319,112.34600000000002,112.3055,112.338
2018-01-03 02:15:00,112.33850000000001,112.3395,112.3195,112.33200000000001
2018-01-03 02:30:00,112.33200000000001,112.351,112.318,112.34299999999999
2018-01-03 02:45:00,112.34200000000001,112.39750000000002,112.3345,112.38199999999995
2018-01-03 03:00:00,112.38299999999995,112.38799999999999,112.35799999999999,112.375
2018-01-03 03:15:00,112.376,112.384,112.3545,112.36
2018-01-03 03:30:00,112.359,112.359,112.3365,112.34200000000001
2018-01-03 03:45:00,112.34250000000002,112.344,112.32600000000002,112.34200000000001
2018-01-03 04:00:00,112.34250000000002,112.348,112.3285,112.334
2018-01-03 04:15:00,112.3345,112.3345,112.30850000000001,112.31649999999999
2018-01-03 04:30:00,112.31649999999999,112.31700000000001,112.265,112.2885
2018-01-03 04:45:00,112.28799999999995,112.32700000000001,112.277,112.32700000000001
2018-01-03 05:00:00,112.3265,112.33149999999998,112.31450000000001,112.31649999999999
2018-01-03 05:15:00,112.31649999999999,112.3175,112.27850000000001,112.28950000000005
2018-01-03 05:30:00,112.29,112.311,112.28950000000005,112.3005
2018-01-03 05:45:00,112.3005,112.301,112.27,112.27950000000001
2018-01-03 06:00:00,112.27950000000001,112.29049999999995,112.238,112.2465
2018-01-03 06:15:00,112.24549999999999,112.286,112.24549999999999,112.27649999999998
2018-01-03 06:30:00,112.27550000000005,112.27900000000004,112.24700000000001,112.256
2018-01-03 06:45:00,112.255,112.31450000000001,112.25049999999999,112.303
2018-01-03 07:00:00,112.303,112.39249999999998,112.2975,112.3825
2018-01-03 07:15:00,112.38299999999995,112.3915,112.35799999999999,112.35799999999999
2018-01-03 07:30:00,112.3575,112.38600000000001,112.353,112.3825
2018-01-03 07:45:00,112.3835,112.3915,112.34000000000002,112.354
2018-01-03 08:00:00,112.354,112.37950000000001,112.321,112.325
2018-01-03 08:15:00,112.3245,112.32600000000002,112.29700000000001,112.31149999999998
2018-01-03 08:30:00,112.311,112.3415,112.3035,112.33499999999998
2018-01-03 08:45:00,112.3365,112.3515,112.31700000000001,112.345
2018-01-03 09:00:00,112.34549999999999,112.363,112.33049999999999,112.33499999999998
2018-01-03 09:15:00,112.33499999999998,112.337,112.302,112.32250000000002
2018-01-03 09:30:00,112.32250000000002,112.32950000000001,112.304,112.32
2018-01-03 09:45:00,112.321,112.325,112.29350000000001,112.3005
2018-01-03 10:00:00,112.29899999999999,112.3,112.26250000000002,112.27
2018-01-03 10:15:00,112.2675,112.296,112.243,112.28600000000002
2018-01-03 10:30:00,112.28649999999999,112.3275,112.2825,112.302
2018-01-03 10:45:00,112.3025,112.303,112.215,112.25
2018-01-03 11:00:00,112.25,112.27,112.226,112.24799999999999
2018-01-03 11:15:00,112.24700000000001,112.258,112.23100000000001,112.25450000000001
2018-01-03 11:30:00,112.25450000000001,112.26899999999999,112.23200000000001,112.26100000000001
2018-01-03 11:45:00,112.26100000000001,112.2815,112.22750000000002,112.235
2018-01-03 12:00:00,112.23450000000001,112.25299999999999,112.1975,112.20200000000001
2018-01-03 12:15:00,112.20200000000001,112.227,112.19899999999998,112.21950000000001
2018-01-03 12:30:00,112.21899999999998,112.25299999999999,112.208,112.2095
2018-01-03 12:45:00,112.209,112.28200000000001,112.19899999999998,112.2595
2018-01-03 13:00:00,112.26,112.275,112.243,112.26700000000001
2018-01-03 13:15:00,112.26700000000001,112.26700000000001,112.2245,112.25450000000001
2018-01-03 13:30:00,112.255,112.2595,112.22200000000001,112.25049999999999
2018-01-03 13:45:00,112.25049999999999,112.26299999999999,112.2225,112.2295
2018-01-03 14:00:00,112.2295,112.2555,112.21600000000001,112.23700000000001
2018-01-03 14:15:00,112.23700000000001,112.2445,112.226,112.243
2018-01-03 14:30:00,112.2435,112.28049999999999,112.21700000000001,112.2255
2018-01-03 14:45:00,112.2255,112.243,112.19149999999999,112.23
2018-01-03 15:00:00,112.2325,112.36549999999995,112.2325,112.34000000000002
2018-01-03 15:15:00,112.3395,112.488,112.336,112.48649999999999
2018-01-03 15:30:00,112.48700000000001,112.501,112.443,112.4495
2018-01-03 15:45:00,112.4525,112.4525,112.39249999999998,112.3965
2018-01-03 16:00:00,112.398,112.40100000000001,112.3485,112.3545
2018-01-03 16:15:00,112.35549999999999,112.376,112.34450000000001,112.361
2018-01-03 16:30:00,112.36049999999999,112.366,112.309,112.32250000000002
2018-01-03 16:45:00,112.322,112.34549999999999,112.28,112.2885
2018-01-03 17:00:00,112.28950000000005,112.31700000000001,112.277,112.31499999999998
2018-01-03 17:15:00,112.31499999999998,112.324,112.2975,112.318
2018-01-03 17:30:00,112.3185,112.34250000000002,112.3045,112.34049999999999
2018-01-03 17:45:00,112.34100000000001,112.36549999999995,112.32600000000002,112.3335
2018-01-03 18:00:00,112.3335,112.352,112.32250000000002,112.34700000000004
2018-01-03 18:15:00,112.3475,112.36,112.3395,112.3395
2018-01-03 18:30:00,112.33850000000001,112.34049999999999,112.3045,112.30850000000001
2018-01-03 18:45:00,112.30850000000001,112.33200000000001,112.306,112.319
2018-01-03 19:00:00,112.3175,112.58200000000001,112.29950000000001,112.53950000000005
2018-01-03 19:15:00,112.53950000000005,112.61,112.539,112.5425
2018-01-03 19:30:00,112.54300000000005,112.54350000000001,112.49,112.5085
2018-01-03 19:45:00,112.5085,112.54450000000001,112.4895,112.52799999999999
2018-01-03 20:00:00,112.527,112.52749999999996,112.45850000000002,112.4765
2018-01-03 20:15:00,112.4795,112.48450000000001,112.41149999999999,112.42049999999999
2018-01-03 20:30:00,112.41950000000001,112.4435,112.416,112.43799999999999
2018-01-03 20:45:00,112.44,112.493,112.43950000000001,112.4625
2018-01-03 21:00:00,112.463,112.4905,112.44450000000005,112.4775
2018-01-03 21:15:00,112.4775,112.507,112.4775,112.501
2018-01-03 21:30:00,112.501,112.5235,112.501,112.5115
2018-01-03 21:45:00,112.512,112.524,112.4935,112.509
2018-01-03 22:00:00,112.508,112.51100000000001,112.4745,112.49700000000001
2018-01-03 22:15:00,112.49700000000001,112.527,112.4935,112.51950000000001
2018-01-03 22:30:00,112.51899999999999,112.56299999999999,112.51450000000001,112.539
2018-01-03 22:45:00,112.53950000000005,112.566,112.53399999999999,112.54549999999999
2018-01-03 23:00:00,112.545,112.56149999999998,112.53299999999999,112.56149999999998
2018-01-03 23:15:00,112.56149999999998,112.60950000000001,112.5535,112.605
2018-01-03 23:30:00,112.60549999999999,112.625,112.59450000000001,112.6145
2018-01-03 23:45:00,112.6145,112.6175,112.6015,112.609
2018-01-04 01:00:00,112.68500000000002,112.72049999999999,112.6815,112.695
2018-01-04 01:15:00,112.695,112.75399999999999,112.694,112.73899999999999
2018-01-04 01:30:00,112.7385,112.77850000000001,112.73549999999999,112.766
2018-01-04 01:45:00,112.766,112.76799999999999,112.72149999999999,112.73
2018-01-04 02:00:00,112.73049999999999,112.73049999999999,112.6955,112.71600000000001
2018-01-04 02:15:00,112.7165,112.72399999999999,112.66149999999999,112.67049999999999
2018-01-04 02:30:00,112.67,112.691,112.64299999999999,112.661
2018-01-04 02:45:00,112.65950000000001,112.6675,112.63950000000001,112.6465
2018-01-04 03:00:00,112.647,112.67049999999999,112.64049999999999,112.6605
2018-01-04 03:15:00,112.6605,112.693,112.65799999999999,112.678
2018-01-04 03:30:00,112.676,112.69,112.6635,112.6655
2018-01-04 03:45:00,112.6655,112.6715,112.6525,112.664
2018-01-04 04:00:00,112.663,112.6635,112.63299999999995,112.65299999999999
2018-01-04 04:15:00,112.65799999999999,112.66950000000001,112.63299999999995,112.6355
2018-01-04 04:30:00,112.635,112.6355,112.6185,112.6275
2018-01-04 04:45:00,112.6275,112.655,112.6275,112.65299999999996
2018-01-04 05:00:00,112.65350000000001,112.66799999999999,112.65,112.66149999999999
2018-01-04 05:15:00,112.65999999999998,112.661,112.63450000000005,112.63950000000001
2018-01-04 05:30:00,112.6415,112.64200000000001,112.62150000000003,112.63450000000005
2018-01-04 05:45:00,112.635,112.661,112.625,112.661
2018-01-04 06:00:00,112.662,112.662,112.564,112.573
2018-01-04 06:15:00,112.5745,112.58249999999998,112.5175,112.54899999999999
2018-01-04 06:30:00,112.54899999999999,112.5695,112.48899999999999,112.541
2018-01-04 06:45:00,112.541,112.554,112.53,112.54149999999998
2018-01-04 07:00:00,112.5395,112.58850000000001,112.5385,112.58750000000002
2018-01-04 07:15:00,112.587,112.587,112.522,112.569
2018-01-04 07:30:00,112.569,112.59000000000002,112.54950000000001,112.55950000000001
2018-01-04 07:45:00,112.55950000000001,112.59200000000001,112.52,112.58200000000001
2018-01-04 08:00:00,112.583,112.65350000000001,112.581,112.6415
2018-01-04 08:15:00,112.6415,112.67299999999999,112.624,112.6475
2018-01-04 08:30:00,112.648,112.64949999999995,112.615,112.62799999999999
2018-01-04 08:45:00,112.62799999999999,112.632,112.58850000000001,112.6225
2018-01-04 09:00:00,112.62299999999999,112.6415,112.6175,112.6175
2018-01-04 09:15:00,112.618,112.62700000000001,112.59899999999999,112.6195
2018-01-04 09:30:00,112.6185,112.63649999999998,112.586,112.5985
2018-01-04 09:45:00,112.598,112.61149999999999,112.5405,112.54700000000001
2018-01-04 10:00:00,112.5465,112.5835,112.529,112.561
2018-01-04 10:15:00,112.56149999999998,112.602,112.5575,112.588
2018-01-04 10:30:00,112.587,112.58850000000001,112.5375,112.5565
2018-01-04 10:45:00,112.557,112.575,112.5525,112.56149999999998
2018-01-04 11:00:00,112.56149999999998,112.59649999999999,112.55149999999999,112.5835
2018-01-04 11:15:00,112.58200000000001,112.60600000000001,112.57899999999998,112.60600000000001
2018-01-04 11:30:00,112.6065,112.613,112.57799999999999,112.61149999999999
2018-01-04 11:45:00,112.61149999999999,112.61549999999995,112.542,112.6035
2018-01-04 12:00:00,112.604,112.619,112.59899999999999,112.60799999999999
2018-01-04 12:15:00,112.60750000000002,112.6525,112.6045,112.6415
2018-01-04 12:30:00,112.641,112.64399999999999,112.62150000000003,112.6355
2018-01-04 12:45:00,112.6355,112.641,112.61200000000001,112.62049999999999
2018-01-04 13:00:00,112.62049999999999,112.6525,112.6185,112.6415
2018-01-04 13:15:00,112.6435,112.77499999999998,112.6435,112.7415
2018-01-04 13:30:00,112.742,112.8435,112.719,112.83850000000002
2018-01-04 13:45:00,112.83850000000002,112.84549999999999,112.77600000000001,112.82799999999999
2018-01-04 14:00:00,112.831,112.8355,112.7705,112.771
2018-01-04 14:15:00,112.77249999999998,112.7815,112.7585,112.76450000000001
2018-01-04 14:30:00,112.76350000000002,112.7925,112.7535,112.78299999999999
2018-01-04 14:45:00,112.788,112.82799999999999,112.76000000000002,112.8215
2018-01-04 15:00:00,112.82350000000001,112.85600000000001,112.78049999999999,112.796
2018-01-04 15:15:00,112.7965,112.8395,112.78350000000002,112.83049999999999
2018-01-04 15:30:00,112.83200000000001,112.84649999999998,112.80850000000001,112.80850000000001
2018-01-04 15:45:00,112.80950000000001,112.82299999999995,112.76000000000002,112.7735
2018-01-04 16:00:00,112.777,112.85500000000002,112.777,112.8545
2018-01-04 16:15:00,112.854,112.865,112.77850000000001,112.78000000000002
2018-01-04 16:30:00,112.779,112.80149999999999,112.749,112.7915
2018-01-04 16:45:00,112.7925,112.8005,112.77750000000002,112.7905
2018-01-04 17:00:00,112.7905,112.839,112.7855,112.837
2018-01-04 17:15:00,112.8375,112.8535,112.8125,112.81549999999999
2018-01-04 17:30:00,112.81549999999999,112.81700000000001,112.766,112.791
2018-01-04 17:45:00,112.7915,112.8175,112.7595,112.7665
2018-01-04 18:00:00,112.76700000000004,112.791,112.7575,112.7875
2018-01-04 18:15:00,112.786,112.805,112.7755,112.78450000000004
2018-01-04 18:30:00,112.78350000000002,112.8175,112.78000000000002,112.815
2018-01-04 18:45:00,112.816,112.8395,112.81549999999999,112.82549999999999
2018-01-04 19:00:00,112.8265,112.83149999999999,112.7915,112.82950000000001
2018-01-04 19:15:00,112.831,112.831,112.7925,112.79350000000001
2018-01-04 19:30:00,112.7925,112.794,112.75499999999998,112.77600000000001
2018-01-04 19:45:00,112.777,112.7925,112.725,112.75049999999999
2018-01-04 20:00:00,112.75,112.78000000000002,112.72399999999999,112.77850000000001
2018-01-04 20:15:00,112.77850000000001,112.77850000000001,112.7295,112.7555
2018-01-04 20:30:00,112.756,112.7585,112.73899999999999,112.751
2018-01-04 20:45:00,112.75049999999999,112.75149999999998,112.7125,112.73200000000001
2018-01-04 21:00:00,112.73049999999999,112.73049999999999,112.7105,112.72049999999999
2018-01-04 21:15:00,112.72049999999999,112.743,112.71350000000001,112.7175
2018-01-04 21:30:00,112.71700000000001,112.73700000000001,112.71200000000005,112.72049999999999
2018-01-04 21:45:00,112.72049999999999,112.75299999999999,112.7185,112.7465
2018-01-04 22:00:00,112.7475,112.75299999999999,112.72449999999995,112.735
2018-01-04 22:15:00,112.735,112.749,112.7325,112.744
2018-01-04 22:30:00,112.7445,112.7575,112.7415,112.751
2018-01-04 22:45:00,112.751,112.789,112.751,112.7775
2018-01-04 23:00:00,112.77799999999999,112.788,112.7705,112.78700000000005
2018-01-04 23:15:00,112.78450000000001,112.7925,112.7715,112.77950000000001
2018-01-04 23:30:00,112.781,112.80100000000002,112.7765,112.78299999999999
2018-01-04 23:45:00,112.78350000000002,112.804,112.7765,112.80299999999995
2018-01-05 01:00:00,112.77149999999996,112.7815,112.744,112.758
2018-01-05 01:15:00,112.759,112.76549999999999,112.74600000000001,112.76100000000001
2018-01-05 01:30:00,112.76100000000001,112.789,112.7465,112.77750000000002
2018-01-05 01:45:00,112.77799999999999,112.791,112.76299999999999,112.7745
2018-01-05 02:00:00,112.774,112.84299999999999,112.723,112.82
2018-01-05 02:15:00,112.82,112.8225,112.78299999999999,112.807
2018-01-05 02:30:00,112.8075,112.8435,112.79899999999999,112.837
2018-01-05 02:45:00,112.838,112.848,112.8275,112.84700000000001
2018-01-05 03:00:00,112.8475,112.8475,112.8135,112.82299999999995
2018-01-05 03:15:00,112.8225,112.8335,112.811,112.81299999999999
2018-01-05 03:30:00,112.81450000000001,112.83850000000002,112.80850000000001,112.8335
2018-01-05 03:45:00,112.83249999999998,112.8525,112.8285,112.833
2018-01-05 04:00:00,112.83249999999998,112.8525,112.82799999999999,112.8515
2018-01-05 04:15:00,112.851,112.853,112.8375,112.8475
2018-01-05 04:30:00,112.8485,112.8835,112.8475,112.8715
2018-01-05 04:45:00,112.87200000000001,112.8835,112.87100000000001,112.87850000000002
2018-01-05 05:00:00,112.87799999999999,112.963,112.87799999999999,112.9585
2018-01-05 05:15:00,112.959,112.961,112.93549999999999,112.944
2018-01-05 05:30:00,112.9435,112.98,112.943,112.954
2018-01-05 05:45:00,112.95450000000001,113.00200000000001,112.954,112.99899999999998
2018-01-05 06:00:00,112.99799999999999,113.02950000000001,112.9825,113.01999999999998
2018-01-05 06:15:00,113.01950000000001,113.0775,113.0105,113.0675
2018-01-05 06:30:00,113.068,113.096,113.0535,113.0925
2018-01-05 06:45:00,113.09049999999999,113.11399999999999,113.075,113.081
2018-01-05 07:00:00,113.0825,113.0845,113.0385,113.05200000000005
2018-01-05 07:15:00,113.05149999999999,113.0785,113.046,113.0625
2018-01-05 07:30:00,113.06299999999999,113.1045,113.06299999999999,113.081
2018-01-05 07:45:00,113.08149999999999,113.156,113.08149999999999,113.147
2018-01-05 08:00:00,113.1475,113.15899999999999,113.139,113.14200000000001
2018-01-05 08:15:00,113.1425,113.20549999999999,113.14200000000001,113.18950000000001
2018-01-05 08:30:00,113.18899999999998,113.21950000000001,113.178,113.21950000000001
2018-01-05 08:45:00,113.2185,113.2375,113.20049999999999,113.212
2018-01-05 09:00:00,113.21249999999998,113.21350000000001,113.1725,113.17649999999999
2018-01-05 09:15:00,113.1755,113.22399999999999,113.16149999999999,113.21350000000001
2018-01-05 09:30:00,113.21350000000001,113.23949999999995,113.2085,113.2285
2018-01-05 09:45:00,113.229,113.235,113.20700000000001,113.2265
2018-01-05 10:00:00,113.2265,113.23100000000001,113.17149999999998,113.18549999999999
2018-01-05 10:15:00,113.18450000000001,113.22350000000002,113.16950000000001,113.211
2018-01-05 10:30:00,113.212,113.219,113.1955,113.21700000000001
2018-01-05 10:45:00,113.21799999999999,113.2415,113.21549999999999,113.23549999999999
2018-01-05 11:00:00,113.235,113.26399999999998,113.23200000000001,113.2485
2018-01-05 11:15:00,113.249,113.2615,113.2375,113.25049999999999
2018-01-05 11:30:00,113.25049999999999,113.288,113.24299999999995,113.285
2018-01-05 11:45:00,113.28450000000001,113.28450000000001,113.22149999999999,113.23299999999999
2018-01-05 12:00:00,113.23200000000001,113.24799999999999,113.2225,113.2265
2018-01-05 12:15:00,113.2265,113.2435,113.2095,113.2425
2018-01-05 12:30:00,113.2415,113.24649999999998,113.21549999999999,113.22450000000005
2018-01-05 12:45:00,113.22350000000002,113.25049999999999,113.21750000000002,113.23949999999995
2018-01-05 13:00:00,113.2485,113.2855,113.227,113.277
2018-01-05 13:15:00,113.2765,113.3135,113.26700000000001,113.30149999999999
2018-01-05 13:30:00,113.2965,113.2975,113.0205,113.149
2018-01-05 13:45:00,113.14950000000005,113.21600000000001,113.1125,113.21600000000001
2018-01-05 14:00:00,113.215,113.24600000000001,113.14799999999995,113.23049999999999
2018-01-05 14:15:00,113.23200000000001,113.2575,113.182,113.23850000000002
2018-01-05 14:30:00,113.2375,113.241,113.18899999999998,113.21549999999999
2018-01-05 14:45:00,113.215,113.274,113.21,113.25500000000002
2018-01-05 15:00:00,113.2535,113.2535,113.133,113.1455
2018-01-05 15:15:00,113.1365,113.14950000000005,113.08149999999999,113.149
2018-01-05 15:30:00,113.149,113.2685,113.1485,113.23100000000001
2018-01-05 15:45:00,113.23049999999999,113.2705,113.20549999999999,113.23100000000001
2018-01-05 16:00:00,113.23100000000001,113.241,113.19249999999998,113.199
2018-01-05 16:15:00,113.20049999999999,113.21750000000002,113.178,113.212
2018-01-05 16:30:00,113.21700000000001,113.22450000000005,113.17049999999999,113.1725
2018-01-05 16:45:00,113.17149999999998,113.18549999999999,113.13749999999996,113.18299999999999
2018-01-05 17:00:00,113.1825,113.22100000000002,113.1805,113.20350000000002
2018-01-05 17:15:00,113.204,113.2185,113.197,113.1995
2018-01-05 17:30:00,113.1995,113.2095,113.1585,113.181
2018-01-05 17:45:00,113.1815,113.18350000000001,113.1465,113.15950000000001
2018-01-05 18:00:00,113.15950000000001,113.17649999999999,113.145,113.155
2018-01-05 18:15:00,113.155,113.16950000000001,113.1485,113.15100000000001
2018-01-05 18:30:00,113.15050000000005,113.191,113.14350000000002,113.18799999999999
2018-01-05 18:45:00,113.18799999999999,113.191,113.16649999999998,113.1675
2018-01-05 19:00:00,113.16899999999998,113.1725,113.12450000000001,113.132
2018-01-05 19:15:00,113.132,113.14049999999999,113.1265,113.137
2018-01-05 19:30:00,113.13600000000001,113.14350000000002,113.12600000000002,113.12950000000005
2018-01-05 19:45:00,113.1305,113.148,113.12950000000005,113.1415
2018-01-05 20:00:00,113.14200000000001,113.1475,113.1275,113.131
2018-01-05 20:15:00,113.1315,113.14799999999995,113.119,113.1315
2018-01-05 20:30:00,113.133,113.14,113.1275,113.1285
2018-01-05 20:45:00,113.1285,113.133,113.10950000000004,113.10950000000004
2018-01-05 21:00:00,113.109,113.13,113.1075,113.11149999999999
2018-01-05 21:15:00,113.11149999999999,113.11499999999998,113.07799999999999,113.085
2018-01-05 21:30:00,113.085,113.1075,113.0775,113.09200000000001
2018-01-05 21:45:00,113.08850000000001,113.0935,113.0325,113.056
2018-01-07 22:00:00,113.1415,113.149,113.0175,113.07700000000001
2018-01-07 22:15:00,113.0775,113.14299999999999,113.075,113.1285
2018-01-07 22:30:00,113.1285,113.15100000000001,113.1155,113.1265
2018-01-07 22:45:00,113.12700000000001,113.147,113.09200000000001,113.12100000000001
2018-01-07 23:00:00,113.1215,113.171,113.0985,113.15350000000001
2018-01-07 23:15:00,113.15300000000005,113.167,113.14449999999995,113.14449999999995
2018-01-07 23:30:00,113.145,113.182,113.139,113.1605
2018-01-07 23:45:00,113.16149999999999,113.16899999999998,113.15450000000001,113.1605
2018-01-08 01:00:00,113.096,113.1315,113.085,113.09499999999998
2018-01-08 01:15:00,113.096,113.12600000000002,113.08250000000002,113.12299999999999
2018-01-08 01:30:00,113.12250000000002,113.15799999999999,113.10500000000002,113.13749999999996
2018-01-08 01:45:00,113.13799999999999,113.15,113.131,113.1325
2018-01-08 02:00:00,113.1315,113.1335,113.1155,113.1235
2018-01-08 02:15:00,113.12299999999999,113.1455,113.113,113.13950000000001
2018-01-08 02:30:00,113.14,113.20350000000002,113.139,113.1825
2018-01-08 02:45:00,113.1815,113.18799999999999,113.17200000000001,113.1805
2018-01-08 03:00:00,113.18,113.18,113.16950000000001,113.17399999999999
2018-01-08 03:15:00,113.17450000000001,113.182,113.16799999999999,113.179
2018-01-08 03:30:00,113.1795,113.20000000000002,113.175,113.196
2018-01-08 03:45:00,113.193,113.2015,113.17149999999998,113.1805
2018-01-08 04:00:00,113.18,113.195,113.17499999999998,113.179
2018-01-08 04:15:00,113.1785,113.19200000000001,113.1735,113.18950000000001
2018-01-08 04:30:00,113.1885,113.194,113.18,113.18450000000001
2018-01-08 04:45:00,113.18450000000001,113.20200000000001,113.1785,113.1995
2018-01-08 05:00:00,113.1995,113.21750000000002,113.199,113.208
2018-01-08 05:15:00,113.2085,113.21700000000001,113.2025,113.214
2018-01-08 05:30:00,113.214,113.274,113.21350000000001,113.25299999999999
2018-01-08 05:45:00,113.2535,113.26299999999996,113.21700000000001,113.2315
2018-01-08 06:00:00,113.23200000000001,113.24,113.2085,113.2165
2018-01-08 06:15:00,113.21700000000001,113.22350000000002,113.20350000000002,113.20649999999999
2018-01-08 06:30:00,113.206,113.23450000000001,113.20450000000004,113.2265
2018-01-08 06:45:00,113.227,113.22800000000005,113.21249999999998,113.213
2018-01-08 07:00:00,113.21350000000001,113.2625,113.21350000000001,113.2555
2018-01-08 07:15:00,113.2555,113.27500000000002,113.25200000000001,113.259
2018-01-08 07:30:00,113.259,113.29299999999999,113.259,113.2905
2018-01-08 07:45:00,113.2915,113.38750000000002,113.2915,113.37350000000002
2018-01-08 08:00:00,113.37350000000002,113.37450000000001,113.32700000000001,113.3355
2018-01-08 08:15:00,113.335,113.35449999999996,113.29500000000002,113.29950000000004
2018-01-08 08:30:00,113.29950000000004,113.30799999999999,113.2725,113.30799999999999
2018-01-08 08:45:00,113.30850000000001,113.30950000000001,113.2285,113.2375
2018-01-08 09:00:00,113.23649999999999,113.24799999999999,113.21799999999999,113.227
2018-01-08 09:15:00,113.2275,113.2275,113.205,113.2085
2018-01-08 09:30:00,113.2095,113.21799999999999,113.11749999999998,113.15549999999999
2018-01-08 09:45:00,113.156,113.1675,113.1425,113.16149999999999
2018-01-08 10:00:00,113.1605,113.16649999999998,113.1345,113.15950000000001
2018-01-08 10:15:00,113.15950000000001,113.16649999999998,113.1285,113.1465
2018-01-08 10:30:00,113.1465,113.15100000000001,113.1075,113.117
2018-01-08 10:45:00,113.117,113.12450000000001,113.07950000000001,113.12450000000001
2018-01-08 11:00:00,113.124,113.125,113.1065,113.1155
2018-01-08 11:15:00,113.1155,113.152,113.111,113.15
2018-01-08 11:30:00,113.15050000000005,113.15549999999999,113.12600000000002,113.1465
2018-01-08 11:45:00,113.14700000000005,113.14700000000005,113.0985,113.10500000000002
2018-01-08 12:00:00,113.104,113.104,113.052,113.08850000000001
2018-01-08 12:15:00,113.088,113.08850000000001,113.05450000000005,113.065
2018-01-08 12:30:00,113.065,113.0785,113.0015,113.03649999999999
2018-01-08 12:45:00,113.03649999999999,113.0615,113.00750000000002,113.0615
2018-01-08 13:00:00,113.066,113.0785,113.0335,113.0465
2018-01-08 13:15:00,113.0465,113.04850000000002,112.9105,112.9175
2018-01-08 13:30:00,112.917,112.93350000000002,112.883,112.93299999999999
2018-01-08 13:45:00,112.93350000000002,112.946,112.91149999999999,112.9295
2018-01-08 14:00:00,112.93000000000002,112.93250000000002,112.9085,112.914
2018-01-08 14:15:00,112.9145,112.9615,112.90350000000001,112.9575
2018-01-08 14:30:00,112.95649999999999,112.985,112.9285,112.984
2018-01-08 14:45:00,112.98100000000001,113.009,112.954,112.98050000000005
2018-01-08 15:00:00,112.98050000000005,113.0215,112.9495,113.01899999999999
2018-01-08 15:15:00,113.0205,113.0375,113.0035,113.03649999999999
2018-01-08 15:30:00,113.0375,113.04950000000001,112.9775,112.986
2018-01-08 15:45:00,112.98549999999999,113.03049999999999,112.96950000000001,112.9775
2018-01-08 16:00:00,112.9785,113.06200000000001,112.95700000000001,113.0535
2018-01-08 16:15:00,113.05450000000005,113.0845,113.0355,113.07549999999999
2018-01-08 16:30:00,113.07600000000001,113.1045,113.064,113.1005
2018-01-08 16:45:00,113.101,113.125,113.057,113.08049999999999
2018-01-08 17:00:00,113.08049999999999,113.10500000000002,113.073,113.09749999999998
2018-01-08 17:15:00,113.09899999999999,113.1215,113.0935,113.11499999999998
2018-01-08 17:30:00,113.1145,113.12600000000002,113.061,113.0875
2018-01-08 17:45:00,113.087,113.0935,113.07350000000001,113.0835
2018-01-08 18:00:00,113.0845,113.09200000000001,113.0575,113.0915
2018-01-08 18:15:00,113.09049999999996,113.09049999999996,113.0635,113.0865
2018-01-08 18:30:00,113.087,113.11200000000001,113.071,113.0775
2018-01-08 18:45:00,113.079,113.09049999999996,113.05149999999999,113.0615
2018-01-08 19:00:00,113.06049999999999,113.0635,113.0385,113.0415
2018-01-08 19:15:00,113.0415,113.06200000000001,113.041,113.04700000000001
2018-01-08 19:30:00,113.046,113.046,113.0245,113.02750000000002
2018-01-08 19:45:00,113.02799999999999,113.07600000000001,113.02750000000002,113.07200000000005
2018-01-08 20:00:00,113.07049999999995,113.11149999999999,113.069,113.09649999999999
2018-01-08 20:15:00,113.0985,113.12549999999999,113.0985,113.119
2018-01-08 20:30:00,113.12049999999999,113.12049999999999,113.06049999999999,113.1075
2018-01-08 20:45:00,113.10799999999999,113.1165,113.0625,113.0625
2018-01-08 21:00:00,113.0625,113.1015,113.055,113.1015
2018-01-08 21:15:00,113.1005,113.1065,113.0785,113.08149999999999
2018-01-08 21:30:00,113.08250000000002,113.09049999999996,113.06699999999995,113.07999999999998
2018-01-08 21:45:00,113.07999999999998,113.0985,113.064,113.0985
2018-01-08 22:00:00,113.1,113.1325,113.09299999999999,113.12049999999999
2018-01-08 22:15:00,113.1185,113.12549999999999,113.109,113.1165
2018-01-08 22:30:00,113.1155,113.14299999999999,113.11,113.1285
2018-01-08 22:45:00,113.12799999999999,113.15950000000001,113.1235,113.15549999999999
2018-01-08 23:00:00,113.154,113.177,113.137,113.1605
2018-01-08 23:15:00,113.16,113.17450000000001,113.14600000000002,113.165
2018-01-08 23:30:00,113.165,113.17200000000001,113.09499999999998,113.104
2018-01-08 23:45:00,113.10549999999999,113.155,113.10549999999999,113.14950000000005
2018-01-09 01:00:00,113.12700000000001,113.1735,113.12700000000001,113.1565
2018-01-09 01:15:00,113.15549999999999,113.1585,112.978,112.985
2018-01-09 01:30:00,112.9875,113.0265,112.616,112.641
2018-01-09 01:45:00,112.6425,112.68850000000002,112.59200000000001,112.6605
2018-01-09 02:00:00,112.661,112.6635,112.5115,112.58850000000001
2018-01-09 02:15:00,112.59000000000002,112.61549999999995,112.49950000000001,112.5935
2018-01-09 02:30:00,112.5935,112.648,112.57799999999999,112.6085
2018-01-09 02:45:00,112.609,112.61800000000005,112.55,112.56
2018-01-09 03:00:00,112.55950000000001,112.602,112.5485,112.57700000000001
2018-01-09 03:15:00,112.5775,112.6625,112.5775,112.65749999999998
2018-01-09 03:30:00,112.65899999999999,112.681,112.65350000000001,112.675
2018-01-09 03:45:00,112.67399999999998,112.67450000000001,112.62200000000001,112.6275
2018-01-09 04:00:00,112.62700000000001,112.65649999999998,112.62,112.64049999999999
2018-01-09 04:15:00,112.63950000000001,112.641,112.57799999999999,112.5895
2018-01-09 04:30:00,112.5875,112.61049999999999,112.58149999999999,112.594
2018-01-09 04:45:00,112.5935,112.619,112.571,112.6185
2018-01-09 05:00:00,112.615,112.6165,112.58200000000001,112.6125
2018-01-09 05:15:00,112.6125,112.65350000000001,112.61049999999999,112.63850000000001
2018-01-09 05:30:00,112.63799999999999,112.6475,112.5985,112.60249999999998
2018-01-09 05:45:00,112.6035,112.70200000000001,112.6035,112.69850000000001
2018-01-09 06:00:00,112.698,112.699,112.64450000000001,112.6645
2018-01-09 06:15:00,112.66500000000002,112.677,112.63850000000001,112.667
2018-01-09 06:30:00,112.6645,112.68799999999999,112.648,112.678
2018-01-09 06:45:00,112.679,112.75149999999998,112.67,112.74799999999999
2018-01-09 07:00:00,112.74700000000001,112.779,112.72799999999995,112.76350000000002
2018-01-09 07:15:00,112.76350000000002,112.80299999999995,112.74700000000001,112.79450000000001
2018-01-09 07:30:00,112.79450000000001,112.80149999999999,112.7185,112.73649999999999
2018-01-09 07:45:00,112.736,112.74700000000001,112.70100000000001,112.74000000000002
2018-01-09 08:00:00,112.741,112.79450000000001,112.73549999999999,112.78049999999999
2018-01-09 08:15:00,112.779,112.85700000000001,112.77850000000001,112.8545
2018-01-09 08:30:00,112.85500000000002,112.95950000000005,112.85500000000002,112.91850000000001
2018-01-09 08:45:00,112.91850000000001,112.9525,112.90899999999999,112.927
2018-01-09 09:00:00,112.9305,112.9685,112.926,112.926
2018-01-09 09:15:00,112.926,112.941,112.89349999999996,112.90749999999998
2018-01-09 09:30:00,112.90700000000001,112.9435,112.9025,112.92649999999999
2018-01-09 09:45:00,112.926,112.93549999999999,112.86649999999996,112.876
2018-01-09 10:00:00,112.8765,112.8835,112.819,112.83149999999999
2018-01-09 10:15:00,112.83200000000001,112.8735,112.82299999999995,112.8675
2018-01-09 10:30:00,112.8675,112.895,112.85950000000001,112.87250000000002
2018-01-09 10:45:00,112.87049999999999,112.87049999999999,112.79799999999999,112.8175
2018-01-09 11:00:00,112.81949999999995,112.822,112.744,112.744
2018-01-09 11:15:00,112.744,112.773,112.7315,112.7325
2018-01-09 11:30:00,112.7325,112.7425,112.65950000000001,112.65999999999998
2018-01-09 11:45:00,112.65950000000001,112.68700000000001,112.6415,112.669
2018-01-09 12:00:00,112.66950000000001,112.67649999999998,112.635,112.637
2018-01-09 12:15:00,112.6365,112.6805,112.6355,112.6635
2018-01-09 12:30:00,112.664,112.66950000000001,112.62249999999996,112.62450000000001
2018-01-09 12:45:00,112.625,112.625,112.58850000000001,112.6085
2018-01-09 13:00:00,112.61049999999999,112.61549999999995,112.54899999999999,112.56049999999999
2018-01-09 13:15:00,112.55899999999998,112.605,112.4965,112.59450000000004
2018-01-09 13:30:00,112.59549999999999,112.67649999999998,112.59049999999999,112.6345
2018-01-09 13:45:00,112.634,112.6735,112.62049999999999,112.6325
2018-01-09 14:00:00,112.63299999999995,112.6465,112.59549999999999,112.6175
2018-01-09 14:15:00,112.618,112.7035,112.6125,112.66850000000002
2018-01-09 14:30:00,112.669,112.7595,112.652,112.741
2018-01-09 14:45:00,112.74,112.77850000000001,112.7265,112.757
2018-01-09 15:00:00,112.75499999999998,112.75499999999998,112.6065,112.60799999999999
2018-01-09 15:15:00,112.6085,112.6335,112.566,112.59450000000004
2018-01-09 15:30:00,112.59549999999999,112.62299999999999,112.41950000000001,112.42450000000001
2018-01-09 15:45:00,112.4235,112.4535,112.3665,112.432
2018-01-09 16:00:00,112.432,112.53049999999999,112.432,112.49
2018-01-09 16:15:00,112.4905,112.56049999999999,112.46799999999999,112.5205
2018-01-09 16:30:00,112.51549999999999,112.527,112.46550000000005,112.525
2018-01-09 16:45:00,112.524,112.5925,112.4785,112.5745
2018-01-09 17:00:00,112.574,112.669,112.56200000000001,112.637
2018-01-09 17:15:00,112.6375,112.6665,112.609,112.6355
2018-01-09 17:30:00,112.63450000000005,112.6505,112.6215,112.6355
2018-01-09 17:45:00,112.6335,112.6335,112.583,112.5835
2018-01-09 18:00:00,112.5835,112.601,112.5695,112.5855
2018-01-09 18:15:00,112.5845,112.63,112.5835,112.5855
2018-01-09 18:30:00,112.5875,112.602,112.569,112.572
2018-01-09 18:45:00,112.574,112.57950000000001,112.5475,112.5525
2018-01-09 19:00:00,112.5525,112.587,112.54799999999999,112.5525
2018-01-09 19:15:00,112.554,112.55950000000001,112.5225,112.5535
2018-01-09 19:30:00,112.5525,112.5985,112.52799999999999,112.598
2018-01-09 19:45:00,112.5985,112.65299999999999,112.5835,112.6305
2018-01-09 20:00:00,112.631,112.675,112.5975,112.675
2018-01-09 20:15:00,112.6725,112.68950000000004,112.6265,112.6265
2018-01-09 20:30:00,112.62899999999999,112.679,112.62899999999999,112.655
2018-01-09 20:45:00,112.655,112.6645,112.5855,112.5995
2018-01-09 21:00:00,112.602,112.6425,112.5745,112.61
2018-01-09 21:15:00,112.60950000000001,112.62299999999999,112.588,112.5995
2018-01-09 21:30:00,112.5985,112.61450000000005,112.5865,112.594
2018-01-09 21:45:00,112.59450000000004,112.65749999999998,112.59299999999999,112.65350000000001
2018-01-09 22:00:00,112.6515,112.667,112.63799999999999,112.64
2018-01-09 22:15:00,112.641,112.6605,112.63950000000001,112.65350000000001
2018-01-09 22:30:00,112.6525,112.6605,112.6355,112.6425
2018-01-09 22:45:00,112.64299999999999,112.645,112.6155,112.626
2018-01-09 23:00:00,112.62700000000001,112.652,112.62100000000001,112.648
2018-01-09 23:15:00,112.647,112.7475,112.64450000000001,112.743
2018-01-09 23:30:00,112.744,112.744,112.7025,112.7175
2018-01-09 23:45:00,112.7175,112.77799999999999,112.7175,112.77799999999999
2018-01-10 01:00:00,112.37849999999997,112.4235,112.281,112.34899999999999
2018-01-10 01:15:00,112.3495,112.404,112.24799999999999,112.27600000000001
2018-01-10 01:30:00,112.27550000000005,112.3245,112.26950000000001,112.295
2018-01-10 01:45:00,112.296,112.3,112.17000000000002,112.17299999999999
2018-01-10 02:00:00,112.1775,112.2825,112.1775,112.26950000000001
2018-01-10 02:15:00,112.26950000000001,112.29549999999999,112.23049999999999,112.29299999999999
2018-01-10 02:30:00,112.2925,112.3135,112.2665,112.28299999999999
2018-01-10 02:45:00,112.28299999999999,112.28449999999995,112.242,112.25
2018-01-10 03:00:00,112.25049999999999,112.26850000000002,112.2325,112.2575
2018-01-10 03:15:00,112.2595,112.2725,112.235,112.26850000000002
2018-01-10 03:30:00,112.26850000000002,112.31049999999999,112.26549999999999,112.2975
2018-01-10 03:45:00,112.2975,112.3265,112.2875,112.2875
2018-01-10 04:00:00,112.28799999999995,112.33149999999999,112.23700000000001,112.3065
2018-01-10 04:15:00,112.3065,112.33149999999998,112.306,112.31149999999998
2018-01-10 04:30:00,112.31149999999998,112.36149999999999,112.2975,112.3065
2018-01-10 04:45:00,112.3055,112.32950000000001,112.2875,112.28950000000005
2018-01-10 05:00:00,112.28950000000005,112.29149999999998,112.2585,112.27550000000005
2018-01-10 05:15:00,112.27550000000005,112.27799999999999,112.2435,112.251
2018-01-10 05:30:00,112.2515,112.3135,112.249,112.3045
2018-01-10 05:45:00,112.3055,112.359,112.301,112.3575
2018-01-10 06:00:00,112.35950000000001,112.36399999999999,112.28200000000001,112.3335
2018-01-10 06:15:00,112.3335,112.3765,112.333,112.3765
2018-01-10 06:30:00,112.3765,112.3805,112.081,112.09649999999999
2018-01-10 06:45:00,112.09649999999999,112.161,112.09299999999999,112.1285
2018-01-10 07:00:00,112.1285,112.1355,111.8535,111.90450000000001
2018-01-10 07:15:00,111.90500000000002,111.94700000000005,111.836,111.8865
2018-01-10 07:30:00,111.88799999999999,111.9135,111.76299999999999,111.887
2018-01-10 07:45:00,111.88500000000002,111.959,111.85299999999995,111.94799999999995
2018-01-10 08:00:00,111.94700000000005,111.9535,111.87749999999998,111.89749999999998
2018-01-10 08:15:00,111.90100000000001,111.95649999999999,111.90100000000001,111.92350000000002
2018-01-10 08:30:00,111.92450000000001,111.93549999999999,111.834,111.8395
2018-01-10 08:45:00,111.8395,111.8725,111.79100000000004,111.81100000000002
2018-01-10 09:00:00,111.81049999999999,111.81549999999999,111.7185,111.759
2018-01-10 09:15:00,111.7555,111.79700000000001,111.7525,111.78399999999999
2018-01-10 09:30:00,111.78299999999999,111.79450000000001,111.76,111.7725
2018-01-10 09:45:00,111.7715,111.785,111.7255,111.76149999999998
2018-01-10 10:00:00,111.762,111.7975,111.721,111.7295
2018-01-10 10:15:00,111.73049999999999,111.8835,111.66100000000002,111.766
2018-01-10 10:30:00,111.76899999999999,111.82549999999999,111.40700000000001,111.42399999999999
2018-01-10 10:45:00,111.4225,111.4465,111.301,111.385
2018-01-10 11:00:00,111.384,111.4915,111.335,111.47149999999999
2018-01-10 11:15:00,111.469,111.52950000000001,111.42450000000001,111.43450000000001
2018-01-10 11:30:00,111.4315,111.43799999999999,111.3,111.3275
2018-01-10 11:45:00,111.325,111.43,111.324,111.402
2018-01-10 12:00:00,111.40150000000003,111.415,111.27,111.3855
2018-01-10 12:15:00,111.3855,111.40150000000003,111.3225,111.36
2018-01-10 12:30:00,111.35950000000001,111.3985,111.3265,111.37299999999999
2018-01-10 12:45:00,111.3735,111.41800000000005,111.3565,111.39399999999999
2018-01-10 13:00:00,111.384,111.4385,111.3835,111.426
2018-01-10 13:15:00,111.427,111.446,111.3965,111.39800000000005
2018-01-10 13:30:00,111.39800000000005,111.5225,111.368,111.5225
2018-01-10 13:45:00,111.5205,111.60399999999998,111.51299999999999,111.5785
2018-01-10 14:00:00,111.5765,111.5765,111.51899999999999,111.5335
2018-01-10 14:15:00,111.53249999999998,111.5535,111.501,111.545
2018-01-10 14:30:00,111.54700000000001,111.648,111.484,111.5985
2018-01-10 14:45:00,111.59949999999995,111.6005,111.4175,111.43
2018-01-10 15:00:00,111.429,111.46350000000001,111.33850000000001,111.3635
2018-01-10 15:15:00,111.365,111.40799999999999,111.3125,111.375
2018-01-10 15:30:00,111.375,111.499,111.37450000000004,111.44500000000002
2018-01-10 15:45:00,111.4445,111.4445,111.29350000000001,111.3495
2018-01-10 16:00:00,111.3475,111.4745,111.3475,111.44049999999999
2018-01-10 16:15:00,111.439,111.47399999999999,111.37799999999999,111.43450000000001
2018-01-10 16:30:00,111.436,111.5055,111.43450000000001,111.471
2018-01-10 16:45:00,111.47,111.545,111.4665,111.47
2018-01-10 17:00:00,111.47049999999999,111.5315,111.47049999999999,111.495
2018-01-10 17:15:00,111.4945,111.4975,111.46350000000001,111.48200000000001
2018-01-10 17:30:00,111.48,111.50450000000001,111.4615,111.4935
2018-01-10 17:45:00,111.495,111.49650000000003,111.4615,111.4895
2018-01-10 18:00:00,111.48899999999999,111.50449999999995,111.39700000000005,111.39700000000005
2018-01-10 18:15:00,111.3965,111.43350000000001,111.3845,111.42450000000001
2018-01-10 18:30:00,111.42450000000001,111.4675,111.406,111.461
2018-01-10 18:45:00,111.4605,111.46549999999999,111.4375,111.448
2018-01-10 19:00:00,111.448,111.50399999999999,111.4445,111.48899999999999
2018-01-10 19:15:00,111.48549999999999,111.495,111.38950000000001,111.40150000000003
2018-01-10 19:30:00,111.40100000000001,111.4155,111.3515,111.37799999999999
2018-01-10 19:45:00,111.37799999999999,111.40549999999999,111.3395,111.348
2018-01-10 20:00:00,111.351,111.436,111.289,111.3785
2018-01-10 20:15:00,111.37899999999999,111.39200000000001,111.3125,111.33
2018-01-10 20:30:00,111.32950000000001,111.34,111.29450000000001,111.3115
2018-01-10 20:45:00,111.3125,111.37299999999999,111.301,111.3665
2018-01-10 21:00:00,111.368,111.425,111.3665,111.421
2018-01-10 21:15:00,111.41800000000005,111.44149999999999,111.396,111.43799999999999
2018-01-10 21:30:00,111.4375,111.4475,111.4255,111.42649999999999
2018-01-10 21:45:00,111.4255,111.4465,111.399,111.44149999999999
2018-01-10 22:00:00,111.44200000000001,111.4445,111.40899999999999,111.4105
2018-01-10 22:15:00,111.411,111.427,111.33850000000001,111.41299999999995
2018-01-10 22:30:00,111.41450000000005,111.43450000000001,111.3585,111.4105
2018-01-10 22:45:00,111.412,111.425,111.38,111.3995
2018-01-10 23:00:00,111.3995,111.4225,111.3725,111.399
2018-01-10 23:15:00,111.3985,111.4005,111.329,111.334
2018-01-10 23:30:00,111.3325,111.38799999999999,111.3185,111.37950000000001
2018-01-10 23:45:00,111.3805,111.463,111.3805,111.461
2018-01-11 01:00:00,111.427,111.59949999999995,111.4235,111.50399999999999
2018-01-11 01:15:00,111.50449999999995,111.5355,111.46549999999999,111.494
2018-01-11 01:30:00,111.4925,111.506,111.4235,111.49950000000001
2018-01-11 01:45:00,111.499,111.62999999999998,111.48549999999999,111.6035
2018-01-11 02:00:00,111.6045,111.605,111.553,111.58
2018-01-11 02:15:00,111.57950000000001,111.633,111.573,111.60399999999998
2018-01-11 02:30:00,111.60399999999998,111.60399999999998,111.53450000000001,111.552
2018-01-11 02:45:00,111.55149999999998,111.55149999999998,111.5075,111.5215
2018-01-11 03:00:00,111.5215,111.5475,111.50200000000001,111.541
2018-01-11 03:15:00,111.541,111.66950000000001,111.5395,111.6675
2018-01-11 03:30:00,111.6645,111.75299999999999,111.615,111.71350000000001
2018-01-11 03:45:00,111.7125,111.7465,111.666,111.6935
2018-01-11 04:00:00,111.6935,111.73549999999999,111.68950000000001,111.7225
2018-01-11 04:15:00,111.72200000000001,111.807,111.713,111.78049999999999
2018-01-11 04:30:00,111.781,111.824,111.7665,111.785
2018-01-11 04:45:00,111.78399999999999,111.79299999999999,111.74799999999999,111.751
2018-01-11 05:00:00,111.7515,111.77199999999995,111.706,111.766
2018-01-11 05:15:00,111.7665,111.7725,111.735,111.7435
2018-01-11 05:30:00,111.7445,111.74499999999998,111.6675,111.708
2018-01-11 05:45:00,111.70649999999999,111.82549999999999,111.706,111.81049999999999
2018-01-11 06:00:00,111.8125,111.8425,111.7525,111.76549999999999
2018-01-11 06:15:00,111.76549999999999,111.77199999999995,111.72149999999999,111.738
2018-01-11 06:30:00,111.7385,111.805,111.72499999999998,111.8045
2018-01-11 06:45:00,111.8055,111.8585,111.8055,111.81299999999999
2018-01-11 07:00:00,111.8125,111.87549999999999,111.77799999999999,111.855
2018-01-11 07:15:00,111.8545,111.876,111.8195,111.8275
2018-01-11 07:30:00,111.82600000000001,111.8635,111.8195,111.839
2018-01-11 07:45:00,111.839,111.84850000000002,111.76,111.7815
2018-01-11 08:00:00,111.7825,111.79649999999998,111.67399999999999,111.734
2018-01-11 08:15:00,111.73350000000002,111.7735,111.68049999999995,111.68049999999995
2018-01-11 08:30:00,111.67950000000005,111.75200000000001,111.67950000000005,111.74799999999999
2018-01-11 08:45:00,111.7475,111.74799999999999,111.70200000000001,111.723
2018-01-11 09:00:00,111.7225,111.75200000000001,111.62799999999999,111.62999999999998
2018-01-11 09:15:00,111.6285,111.69149999999999,111.6085,111.66799999999999
2018-01-11 09:30:00,111.6675,111.66799999999999,111.57700000000001,111.617
2018-01-11 09:45:00,111.618,111.64100000000002,111.59,111.624
2018-01-11 10:00:00,111.62450000000001,111.66200000000005,111.6085,111.61850000000004
2018-01-11 10:15:00,111.6175,111.64550000000004,111.6015,111.6175
2018-01-11 10:30:00,111.619,111.6365,111.573,111.63500000000002
2018-01-11 10:45:00,111.637,111.669,111.62999999999998,111.6365
2018-01-11 11:00:00,111.63600000000001,111.656,111.62450000000001,111.6525
2018-01-11 11:15:00,111.65299999999999,111.7,111.65299999999999,111.6885
2018-01-11 11:30:00,111.69049999999999,111.69250000000002,111.634,111.6525
2018-01-11 11:45:00,111.65299999999999,111.67299999999999,111.6035,111.619
2018-01-11 12:00:00,111.617,111.6305,111.59450000000001,111.618
2018-01-11 12:15:00,111.6195,111.6975,111.6195,111.68950000000001
2018-01-11 12:30:00,111.69,111.7185,111.619,111.682
2018-01-11 12:45:00,111.6815,111.68399999999998,111.6285,111.677
2018-01-11 13:00:00,111.677,111.77,111.65899999999999,111.67200000000001
2018-01-11 13:15:00,111.67,111.67450000000001,111.6165,111.634
2018-01-11 13:30:00,111.631,111.631,111.39350000000002,111.484
2018-01-11 13:45:00,111.485,111.57,111.4765,111.537
2018-01-11 14:00:00,111.539,111.542,111.462,111.5075
2018-01-11 14:15:00,111.5075,111.56350000000002,111.46799999999999,111.46799999999999
2018-01-11 14:30:00,111.46950000000001,111.4985,111.417,111.4455
2018-01-11 14:45:00,111.4445,111.5405,111.44200000000001,111.47049999999999
2018-01-11 15:00:00,111.47049999999999,111.53,111.36249999999998,111.38
2018-01-11 15:15:00,111.382,111.44500000000002,111.36200000000001,111.40950000000001
2018-01-11 15:30:00,111.41,111.42949999999995,111.33049999999999,111.3865
2018-01-11 15:45:00,111.3875,111.42949999999995,111.368,111.4005
2018-01-11 16:00:00,111.40100000000001,111.443,111.3695,111.3965
2018-01-11 16:15:00,111.3955,111.456,111.3635,111.37299999999999
2018-01-11 16:30:00,111.374,111.43450000000001,111.3635,111.3785
2018-01-11 16:45:00,111.37799999999999,111.3995,111.337,111.36049999999999
2018-01-11 17:00:00,111.36,111.36,111.3275,111.34149999999998
2018-01-11 17:15:00,111.3425,111.3525,111.32,111.32700000000001
2018-01-11 17:30:00,111.32600000000001,111.3785,111.32549999999999,111.36200000000001
2018-01-11 17:45:00,111.3655,111.3775,111.3375,111.34649999999999
2018-01-11 18:00:00,111.34649999999999,111.35000000000002,111.225,111.27799999999999
2018-01-11 18:15:00,111.2765,111.2825,111.14600000000002,111.14950000000005
2018-01-11 18:30:00,111.1505,111.15950000000001,111.096,111.12450000000001
2018-01-11 18:45:00,111.12600000000002,111.12899999999999,111.07200000000005,111.085
2018-01-11 19:00:00,111.084,111.102,111.056,111.05950000000001
2018-01-11 19:15:00,111.05950000000001,111.0825,111.04549999999999,111.07549999999999
2018-01-11 19:30:00,111.07549999999999,111.1005,111.057,111.089
2018-01-11 19:45:00,111.09049999999996,111.12799999999999,111.0745,111.0855
2018-01-11 20:00:00,111.0835,111.124,111.08,111.12350000000002
2018-01-11 20:15:00,111.1215,111.16,111.1215,111.154
2018-01-11 20:30:00,111.149,111.20000000000002,111.14,111.199
2018-01-11 20:45:00,111.199,111.24299999999995,111.18899999999998,111.21799999999999
2018-01-11 21:00:00,111.2165,111.2555,111.18700000000001,111.219
2018-01-11 21:15:00,111.219,111.271,111.1995,111.2315
2018-01-11 21:30:00,111.23,111.264,111.22399999999999,111.2525
2018-01-11 21:45:00,111.2525,111.288,111.2475,111.26700000000001
2018-01-11 22:00:00,111.262,111.28,111.2165,111.26899999999999
2018-01-11 22:15:00,111.2685,111.27850000000001,111.251,111.26450000000001
2018-01-11 22:30:00,111.262,111.262,111.2145,111.22
2018-01-11 22:45:00,111.21799999999999,111.23700000000001,111.215,111.2325
2018-01-11 23:00:00,111.2325,111.28450000000001,111.23100000000001,111.277
2018-01-11 23:15:00,111.2765,111.3045,111.273,111.27850000000001
2018-01-11 23:30:00,111.27799999999999,111.336,111.2595,111.318
2018-01-11 23:45:00,111.318,111.3365,111.2835,111.28749999999998
2018-01-12 01:00:00,111.211,111.266,111.1775,111.22049999999999
2018-01-12 01:15:00,111.22,111.27600000000002,111.214,111.24950000000001
2018-01-12 01:30:00,111.249,111.262,111.2285,111.258
2018-01-12 01:45:00,111.2605,111.34899999999999,111.2535,111.331
2018-01-12 02:00:00,111.33049999999999,111.34499999999998,111.2575,111.271
2018-01-12 02:15:00,111.2705,111.2835,111.223,111.23299999999999
2018-01-12 02:30:00,111.234,111.2755,111.21950000000001,111.26149999999998
2018-01-12 02:45:00,111.262,111.262,111.22450000000005,111.2325
2018-01-12 03:00:00,111.2325,111.23549999999999,111.21249999999998,111.23100000000001
2018-01-12 03:15:00,111.2315,111.25699999999995,111.21249999999998,111.25049999999999
2018-01-12 03:30:00,111.251,111.29450000000001,111.24950000000001,111.291
2018-01-12 03:45:00,111.2915,111.3065,111.2565,111.26100000000001
2018-01-12 04:00:00,111.26149999999998,111.2895,111.2565,111.287
2018-01-12 04:15:00,111.286,111.3185,111.24049999999995,111.266
2018-01-12 04:30:00,111.266,111.29500000000002,111.266,111.2685
2018-01-12 04:45:00,111.26950000000001,111.2835,111.2115,111.236
2018-01-12 05:00:00,111.236,111.244,111.194,111.195
2018-01-12 05:15:00,111.195,111.22450000000005,111.182,111.223
2018-01-12 05:30:00,111.223,111.2285,111.19149999999999,111.21600000000001
2018-01-12 05:45:00,111.2165,111.275,111.21549999999999,111.2435
2018-01-12 06:00:00,111.2435,111.25450000000001,111.21750000000002,111.2395
2018-01-12 06:15:00,111.24,111.2905,111.229,111.285
2018-01-12 06:30:00,111.28450000000001,111.285,111.2275,111.26899999999999
2018-01-12 06:45:00,111.2685,111.3645,111.251,111.329
2018-01-12 07:00:00,111.3285,111.3285,111.27600000000002,111.281
2018-01-12 07:15:00,111.28200000000001,111.368,111.26299999999999,111.31600000000002
2018-01-12 07:30:00,111.31649999999999,111.38799999999999,111.30850000000001,111.37299999999999
2018-01-12 07:45:00,111.37299999999999,111.406,111.33350000000002,111.368
2018-01-12 08:00:00,111.369,111.43799999999999,111.32700000000001,111.3425
2018-01-12 08:15:00,111.34200000000001,111.3425,111.2575,111.26700000000001
2018-01-12 08:30:00,111.26799999999999,111.3275,111.21350000000001,111.219
2018-01-12 08:45:00,111.21950000000001,111.27799999999999,111.21850000000002,111.2255
2018-01-12 09:00:00,111.226,111.2335,111.07200000000005,111.14200000000001
2018-01-12 09:15:00,111.14200000000001,111.166,111.0845,111.103
2018-01-12 09:30:00,111.103,111.109,110.999,111.04950000000001
2018-01-12 09:45:00,111.05100000000002,111.1125,111.0505,111.10950000000001
2018-01-12 10:00:00,111.11,111.13950000000001,111.09049999999996,111.10549999999999
2018-01-12 10:15:00,111.1065,111.13950000000001,111.1005,111.12049999999999
2018-01-12 10:30:00,111.119,111.12200000000001,111.016,111.05550000000005
2018-01-12 10:45:00,111.05450000000005,111.0925,111.04450000000001,111.0785
2018-01-12 11:00:00,111.08200000000001,111.09200000000001,111.0215,111.04950000000001
2018-01-12 11:15:00,111.05100000000002,111.1025,110.969,111.1015
2018-01-12 11:30:00,111.1005,111.15350000000001,111.07049999999995,111.1455
2018-01-12 11:45:00,111.1455,111.1455,111.1155,111.1315
2018-01-12 12:00:00,111.1315,111.1645,111.12600000000002,111.1335
2018-01-12 12:15:00,111.133,111.177,111.1325,111.1645
2018-01-12 12:30:00,111.1635,111.1815,111.14450000000001,111.14450000000001
2018-01-12 12:45:00,111.14399999999999,111.1725,111.1165,111.16549999999995
2018-01-12 13:00:00,111.1645,111.1645,111.12600000000002,111.12600000000002
2018-01-12 13:15:00,111.1265,111.18999999999998,111.1195,111.176
2018-01-12 13:30:00,111.17450000000001,111.55950000000001,111.17450000000001,111.555
2018-01-12 13:45:00,111.5555,111.67699999999995,111.4835,111.63600000000001
2018-01-12 14:00:00,111.6365,111.695,111.54450000000001,111.54450000000001
2018-01-12 14:15:00,111.54450000000001,111.568,111.3805,111.40450000000001
2018-01-12 14:30:00,111.40350000000001,111.4725,111.376,111.41850000000001
2018-01-12 14:45:00,111.42,111.545,111.4105,111.4815
2018-01-12 15:00:00,111.48200000000001,111.48200000000001,111.3975,111.40549999999999
2018-01-12 15:15:00,111.40249999999996,111.461,111.35950000000001,111.44149999999999
2018-01-12 15:30:00,111.44049999999999,111.45,111.34899999999999,111.39450000000001
2018-01-12 15:45:00,111.39399999999999,111.39700000000005,111.277,111.30149999999999
2018-01-12 16:00:00,111.3005,111.40299999999999,111.23899999999999,111.26049999999995
2018-01-12 16:15:00,111.26049999999995,111.29,111.19750000000002,111.2105
2018-01-12 16:30:00,111.2105,111.25699999999995,111.156,111.18549999999999
2018-01-12 16:45:00,111.186,111.234,111.18,111.23299999999999
2018-01-12 17:00:00,111.23299999999999,111.24,111.1955,111.21249999999998
2018-01-12 17:15:00,111.21350000000001,111.26549999999999,111.20700000000001,111.2625
2018-01-12 17:30:00,111.262,111.26799999999999,111.24700000000001,111.2595
2018-01-12 17:45:00,111.2595,111.26,111.2085,111.23549999999999
2018-01-12 18:00:00,111.23549999999999,111.2385,111.1285,111.12950000000001
2018-01-12 18:15:00,111.13,111.1465,111.09649999999999,111.0995
2018-01-12 18:30:00,111.1,111.10600000000002,110.999,111.07399999999998
2018-01-12 18:45:00,111.0745,111.07700000000001,110.99600000000001,111.05200000000005
2018-01-12 19:00:00,111.05100000000002,111.05900000000003,110.985,111.007
2018-01-12 19:15:00,111.0065,111.01700000000001,110.917,110.985
2018-01-12 19:30:00,110.984,111.05550000000005,110.91449999999995,111.037
2018-01-12 19:45:00,111.036,111.05850000000001,111.01799999999999,111.05799999999999
2018-01-12 20:00:00,111.056,111.07,110.984,110.99799999999999
2018-01-12 20:15:00,110.9985,111.0055,110.9625,110.9625
2018-01-12 20:30:00,110.9625,111.056,110.944,111.03450000000001
2018-01-12 20:45:00,111.035,111.0525,111.01549999999999,111.03999999999998
2018-01-12 21:00:00,111.039,111.039,110.926,110.98700000000001
2018-01-12 21:15:00,110.98649999999999,111.02799999999999,110.98649999999999,111.01649999999998
2018-01-12 21:30:00,111.0085,111.02750000000002,110.93799999999999,111.027
2018-01-12 21:45:00,111.0255,111.102,111.00200000000001,111.03450000000001
2018-01-14 22:00:00,111.094,111.0975,111.00399999999999,111.02799999999999
2018-01-14 22:15:00,111.02950000000001,111.118,111.0125,111.1175
2018-01-14 22:30:00,111.117,111.1675,111.0985,111.16149999999999
2018-01-14 22:45:00,111.16,111.16,111.09700000000001,111.0995
2018-01-14 23:00:00,111.09899999999999,111.161,111.094,111.15899999999999
2018-01-14 23:15:00,111.15950000000001,111.167,111.0015,111.0185
2018-01-14 23:30:00,111.0205,111.0935,110.9785,111.09299999999999
2018-01-14 23:45:00,111.0935,111.155,111.09100000000001,111.14299999999999
2018-01-15 01:00:00,110.831,110.85600000000001,110.669,110.71950000000001
2018-01-15 01:15:00,110.7165,110.75499999999998,110.65049999999995,110.73450000000001
2018-01-15 01:30:00,110.734,110.833,110.71799999999999,110.7465
2018-01-15 01:45:00,110.74700000000001,110.81,110.715,110.73899999999999
2018-01-15 02:00:00,110.738,110.745,110.6265,110.71
2018-01-15 02:15:00,110.7115,110.73700000000001,110.68549999999999,110.71300000000005
2018-01-15 02:30:00,110.7095,110.78649999999999,110.7025,110.7575
2018-01-15 02:45:00,110.7565,110.7565,110.66950000000004,110.738
2018-01-15 03:00:00,110.73700000000001,110.78049999999999,110.71950000000001,110.75399999999999
2018-01-15 03:15:00,110.75499999999998,110.77249999999998,110.7395,110.745
2018-01-15 03:30:00,110.7445,110.81,110.742,110.758
2018-01-15 03:45:00,110.757,110.76700000000001,110.71700000000001,110.7485
2018-01-15 04:00:00,110.74799999999999,110.77,110.72799999999995,110.741
2018-01-15 04:15:00,110.7425,110.759,110.7295,110.7555
2018-01-15 04:30:00,110.7555,110.7555,110.676,110.6785
2018-01-15 04:45:00,110.68,110.75200000000001,110.67499999999998,110.6815
2018-01-15 05:00:00,110.681,110.7265,110.6675,110.725
2018-01-15 05:15:00,110.72449999999995,110.73100000000001,110.57950000000001,110.6375
2018-01-15 05:30:00,110.63950000000001,110.67299999999999,110.60549999999999,110.6725
2018-01-15 05:45:00,110.6725,110.72,110.65649999999998,110.705
2018-01-15 06:00:00,110.70450000000001,110.76450000000001,110.63600000000001,110.7625
2018-01-15 06:15:00,110.764,110.839,110.764,110.80100000000002
2018-01-15 06:30:00,110.80149999999999,110.81949999999995,110.7515,110.779
2018-01-15 06:45:00,110.781,110.865,110.77850000000001,110.8625
2018-01-15 07:00:00,110.8635,110.9005,110.84450000000001,110.86049999999999
2018-01-15 07:15:00,110.85950000000001,110.86049999999999,110.7745,110.8505
2018-01-15 07:30:00,110.84999999999998,110.8955,110.82399999999998,110.8625
2018-01-15 07:45:00,110.86399999999999,110.8835,110.7975,110.80800000000005
2018-01-15 08:00:00,110.80850000000001,110.8225,110.70549999999999,110.7225
2018-01-15 08:15:00,110.7225,110.7265,110.64399999999999,110.70450000000001
2018-01-15 08:30:00,110.70549999999999,110.7465,110.62799999999999,110.661
2018-01-15 08:45:00,110.661,110.6715,110.60750000000002,110.6375
2018-01-15 09:00:00,110.63850000000001,110.652,110.585,110.616
2018-01-15 09:15:00,110.6155,110.6155,110.54,110.583
2018-01-15 09:30:00,110.584,110.60850000000002,110.54899999999999,110.568
2018-01-15 09:45:00,110.5695,110.58149999999999,110.5235,110.55899999999998
2018-01-15 10:00:00,110.55950000000001,110.61,110.55199999999995,110.584
2018-01-15 10:15:00,110.584,110.6035,110.539,110.5685
2018-01-15 10:30:00,110.569,110.6425,110.569,110.625
2018-01-15 10:45:00,110.625,110.6435,110.60700000000001,110.639
2018-01-15 11:00:00,110.639,110.63950000000001,110.55950000000001,110.60700000000001
2018-01-15 11:15:00,110.60700000000001,110.6215,110.58149999999999,110.6175
2018-01-15 11:30:00,110.61800000000005,110.64399999999999,110.60249999999998,110.6435
2018-01-15 11:45:00,110.64299999999999,110.711,110.63850000000001,110.6805
2018-01-15 12:00:00,110.6815,110.686,110.63799999999999,110.649
2018-01-15 12:15:00,110.6495,110.6785,110.6425,110.676
2018-01-15 12:30:00,110.677,110.72149999999999,110.671,110.70450000000001
2018-01-15 12:45:00,110.7035,110.71300000000005,110.64,110.6495
2018-01-15 13:00:00,110.648,110.66149999999999,110.6195,110.62200000000001
2018-01-15 13:15:00,110.62100000000001,110.63200000000005,110.589,110.62100000000001
2018-01-15 13:30:00,110.62100000000001,110.68250000000002,110.60799999999999,110.62049999999999
2018-01-15 13:45:00,110.62049999999999,110.626,110.539,110.55
2018-01-15 14:00:00,110.5505,110.5915,110.541,110.5475
2018-01-15 14:15:00,110.5475,110.6005,110.5475,110.57
2018-01-15 14:30:00,110.5695,110.6315,110.55799999999999,110.6235
2018-01-15 14:45:00,110.62249999999996,110.66850000000001,110.6015,110.663
2018-01-15 15:00:00,110.6655,110.70549999999999,110.63450000000005,110.6605
2018-01-15 15:15:00,110.66149999999999,110.664,110.63299999999995,110.6375
2018-01-15 15:30:00,110.63950000000001,110.64299999999999,110.5575,110.55850000000001
2018-01-15 15:45:00,110.55899999999998,110.57,110.50049999999996,110.5085
2018-01-15 16:00:00,110.51,110.553,110.4775,110.53449999999995
2018-01-15 16:15:00,110.53449999999995,110.56549999999999,110.524,110.5635
2018-01-15 16:30:00,110.5635,110.58200000000001,110.54799999999999,110.581
2018-01-15 16:45:00,110.581,110.581,110.53299999999999,110.53649999999999
2018-01-15 17:00:00,110.537,110.5505,110.5325,110.5375
2018-01-15 17:15:00,110.5375,110.555,110.52499999999998,110.529
2018-01-15 17:30:00,110.529,110.5375,110.486,110.486
2018-01-15 17:45:00,110.48749999999998,110.5085,110.3415,110.425
2018-01-15 18:00:00,110.4295,110.46700000000001,110.41850000000001,110.43350000000001
2018-01-15 18:15:00,110.43299999999999,110.43299999999999,110.3855,110.404
2018-01-15 18:30:00,110.404,110.406,110.34899999999999,110.3735
2018-01-15 18:45:00,110.37050000000005,110.37799999999999,110.33,110.359
2018-01-15 19:00:00,110.36049999999999,110.38649999999998,110.35549999999999,110.37700000000001
2018-01-15 19:15:00,110.376,110.431,110.374,110.4255
2018-01-15 19:30:00,110.4255,110.4455,110.413,110.43700000000001
2018-01-15 19:45:00,110.43799999999999,110.49950000000001,110.427,110.463
2018-01-15 20:00:00,110.4595,110.50049999999999,110.42999999999998,110.47200000000001
2018-01-15 20:15:00,110.47049999999999,110.49250000000002,110.444,110.47399999999999
2018-01-15 20:30:00,110.4745,110.4945,110.4645,110.475
2018-01-15 20:45:00,110.4755,110.492,110.4675,110.4835
2018-01-15 21:00:00,110.48450000000001,110.568,110.48200000000001,110.5075
2018-01-15 21:15:00,110.5085,110.546,110.4945,110.527
2018-01-15 21:30:00,110.527,110.5355,110.5235,110.531
2018-01-15 21:45:00,110.5315,110.546,110.5205,110.5375
2018-01-15 22:00:00,110.535,110.55899999999998,110.51299999999999,110.5265
2018-01-15 22:15:00,110.52499999999998,110.539,110.50299999999999,110.5065
2018-01-15 22:30:00,110.506,110.5375,110.49600000000001,110.5185
2018-01-15 22:45:00,110.51799999999999,110.55799999999999,110.50299999999999,110.552
2018-01-15 23:00:00,110.5475,110.59649999999999,110.51549999999999,110.51600000000002
2018-01-15 23:15:00,110.51700000000001,110.51799999999999,110.475,110.50049999999996
2018-01-15 23:30:00,110.50049999999996,110.54700000000001,110.50049999999996,110.5355
2018-01-15 23:45:00,110.5355,110.63850000000001,110.527,110.6195
2018-01-16 01:00:00,110.84100000000001,110.895,110.81200000000001,110.885
2018-01-16 01:15:00,110.88799999999999,110.939,110.85700000000001,110.8715
2018-01-16 01:30:00,110.87100000000001,110.8715,110.82700000000001,110.84100000000001
2018-01-16 01:45:00,110.84049999999999,110.8495,110.79700000000001,110.79799999999999
2018-01-16 02:00:00,110.8,110.95450000000001,110.79899999999999,110.926
2018-01-16 02:15:00,110.92499999999998,110.944,110.87700000000001,110.928
2018-01-16 02:30:00,110.928,110.928,110.8285,110.86
2018-01-16 02:45:00,110.86,110.92149999999998,110.851,110.9065
2018-01-16 03:00:00,110.906,110.94499999999998,110.87799999999999,110.9305
2018-01-16 03:15:00,110.931,110.93350000000002,110.8815,110.8935
2018-01-16 03:30:00,110.8925,110.98200000000001,110.8925,110.97049999999999
2018-01-16 03:45:00,110.97049999999999,110.97049999999999,110.947,110.9495
2018-01-16 04:00:00,110.949,110.9515,110.9175,110.93950000000001
2018-01-16 04:15:00,110.939,110.95100000000001,110.885,110.91149999999999
2018-01-16 04:30:00,110.91149999999999,110.9295,110.82700000000001,110.85799999999999
2018-01-16 04:45:00,110.86,110.8805,110.8375,110.85549999999999
2018-01-16 05:00:00,110.8545,110.8735,110.8335,110.8695
2018-01-16 05:15:00,110.87,110.9305,110.87,110.9085
2018-01-16 05:30:00,110.90749999999998,110.941,110.8805,110.92
2018-01-16 05:45:00,110.92,110.936,110.84899999999999,110.8535
2018-01-16 06:00:00,110.85500000000002,110.92450000000001,110.84049999999999,110.91
2018-01-16 06:15:00,110.90899999999999,110.91850000000001,110.854,110.8685
2018-01-16 06:30:00,110.8685,110.8685,110.73899999999999,110.7915
2018-01-16 06:45:00,110.7925,110.8375,110.7875,110.8325
2018-01-16 07:00:00,110.8335,110.89399999999999,110.7375,110.75399999999999
2018-01-16 07:15:00,110.751,110.8,110.7125,110.79700000000001
2018-01-16 07:30:00,110.79700000000001,110.853,110.758,110.764
2018-01-16 07:45:00,110.76450000000001,110.773,110.7025,110.71799999999999
2018-01-16 08:00:00,110.7165,110.727,110.637,110.6955
2018-01-16 08:15:00,110.696,110.76350000000002,110.696,110.714
2018-01-16 08:30:00,110.7145,110.719,110.64049999999999,110.649
2018-01-16 08:45:00,110.648,110.70200000000001,110.60600000000001,110.6525
2018-01-16 09:00:00,110.65450000000001,110.676,110.60600000000001,110.63850000000001
2018-01-16 09:15:00,110.63950000000001,110.72099999999996,110.62899999999999,110.72
2018-01-16 09:30:00,110.719,110.73899999999999,110.65049999999995,110.65999999999998
2018-01-16 09:45:00,110.65999999999998,110.6995,110.656,110.6665
2018-01-16 10:00:00,110.6665,110.759,110.66149999999999,110.7335
2018-01-16 10:15:00,110.734,110.76000000000002,110.68,110.6925
2018-01-16 10:30:00,110.694,110.75249999999998,110.671,110.68299999999999
2018-01-16 10:45:00,110.681,110.7385,110.677,110.70850000000002
2018-01-16 11:00:00,110.70850000000002,110.73450000000001,110.67200000000001,110.7105
2018-01-16 11:15:00,110.709,110.71549999999999,110.686,110.70950000000005
2018-01-16 11:30:00,110.70850000000002,110.709,110.641,110.662
2018-01-16 11:45:00,110.66149999999999,110.6735,110.62899999999999,110.649
2018-01-16 12:00:00,110.6485,110.65999999999998,110.6005,110.6325
2018-01-16 12:15:00,110.633,110.641,110.603,110.6375
2018-01-16 12:30:00,110.6375,110.734,110.6305,110.7185
2018-01-16 12:45:00,110.7185,110.728,110.67649999999999,110.7175
2018-01-16 13:00:00,110.71700000000001,110.73700000000001,110.68350000000001,110.719
2018-01-16 13:15:00,110.719,110.79,110.7145,110.78450000000001
2018-01-16 13:30:00,110.7855,110.7855,110.71200000000005,110.71700000000001
2018-01-16 13:45:00,110.7185,110.74700000000001,110.689,110.689
2018-01-16 14:00:00,110.68950000000004,110.73549999999999,110.64450000000001,110.678
2018-01-16 14:15:00,110.679,110.70850000000002,110.6495,110.7035
2018-01-16 14:30:00,110.7035,110.8285,110.6755,110.82600000000001
2018-01-16 14:45:00,110.82600000000001,110.8815,110.79899999999999,110.819
2018-01-16 15:00:00,110.82,110.8245,110.75399999999999,110.79799999999999
2018-01-16 15:15:00,110.7985,110.8425,110.75450000000001,110.81
2018-01-16 15:30:00,110.809,110.809,110.70450000000001,110.72899999999998
2018-01-16 15:45:00,110.7275,110.7425,110.64200000000001,110.6795
2018-01-16 16:00:00,110.67649999999999,110.7755,110.6725,110.736
2018-01-16 16:15:00,110.738,110.8125,110.71300000000005,110.794
2018-01-16 16:30:00,110.79350000000001,110.80950000000001,110.75450000000001,110.7595
2018-01-16 16:45:00,110.7605,110.77850000000001,110.69200000000001,110.7415
2018-01-16 17:00:00,110.7415,110.81200000000001,110.73649999999999,110.785
2018-01-16 17:15:00,110.785,110.84549999999999,110.78450000000004,110.82649999999998
2018-01-16 17:30:00,110.82700000000001,110.8335,110.77249999999998,110.77850000000001
2018-01-16 17:45:00,110.77950000000001,110.77950000000001,110.7275,110.7335
2018-01-16 18:00:00,110.7335,110.735,110.681,110.7225
2018-01-16 18:15:00,110.72350000000002,110.7265,110.62,110.6275
2018-01-16 18:30:00,110.62949999999995,110.6735,110.62949999999995,110.634
2018-01-16 18:45:00,110.635,110.645,110.539,110.54050000000005
2018-01-16 19:00:00,110.54050000000005,110.54899999999999,110.45,110.45100000000001
2018-01-16 19:15:00,110.45100000000001,110.4685,110.35600000000001,110.36549999999995
2018-01-16 19:30:00,110.365,110.40450000000001,110.27100000000002,110.27799999999999
2018-01-16 19:45:00,110.2775,110.33149999999998,110.25,110.29899999999999
2018-01-16 20:00:00,110.29799999999999,110.34299999999999,110.27799999999999,110.27799999999999
2018-01-16 20:15:00,110.277,110.31450000000001,110.2475,110.3125
2018-01-16 20:30:00,110.31299999999999,110.338,110.2825,110.338
2018-01-16 20:45:00,110.334,110.402,110.32950000000001,110.38
2018-01-16 21:00:00,110.3825,110.49549999999999,110.3825,110.48749999999998
2018-01-16 21:15:00,110.488,110.50749999999998,110.471,110.4765
2018-01-16 21:30:00,110.477,110.539,110.4765,110.527
2018-01-16 21:45:00,110.529,110.54350000000001,110.44100000000002,110.459
2018-01-16 22:00:00,110.454,110.50450000000001,110.4535,110.48549999999999
2018-01-16 22:15:00,110.48549999999999,110.48549999999999,110.3935,110.46200000000005
2018-01-16 22:30:00,110.45649999999999,110.47049999999999,110.40450000000001,110.41750000000002
2018-01-16 22:45:00,110.42,110.4765,110.39,110.43950000000001
2018-01-16 23:00:00,110.4365,110.4385,110.32549999999999,110.346
2018-01-16 23:15:00,110.34700000000001,110.40799999999999,110.3415,110.3585
2018-01-16 23:30:00,110.35799999999999,110.36350000000002,110.26100000000001,110.303
2018-01-16 23:45:00,110.303,110.4025,110.2965,110.395
2018-01-17 01:00:00,110.30850000000001,110.46049999999995,110.30799999999995,110.41850000000001
2018-01-17 01:15:00,110.41950000000001,110.48899999999999,110.384,110.48200000000001
2018-01-17 01:30:00,110.48149999999998,110.514,110.4365,110.458
2018-01-17 01:45:00,110.458,110.475,110.4025,110.42049999999999
2018-01-17 02:00:00,110.42100000000002,110.61350000000002,110.381,110.5695
2018-01-17 02:15:00,110.57,110.65899999999999,110.54050000000005,110.61450000000005
2018-01-17 02:30:00,110.61350000000002,110.661,110.5875,110.645
2018-01-17 02:45:00,110.64399999999999,110.6825,110.609,110.65549999999999
2018-01-17 03:00:00,110.65399999999998,110.7325,110.6525,110.715
2018-01-17 03:15:00,110.715,110.7185,110.66799999999999,110.671
2018-01-17 03:30:00,110.6715,110.71600000000001,110.64450000000001,110.6455
2018-01-17 03:45:00,110.64450000000001,110.65700000000001,110.61200000000001,110.639
2018-01-17 04:00:00,110.63850000000001,110.639,110.56049999999999,110.56700000000001
2018-01-17 04:15:00,110.56649999999999,110.6485,110.56649999999999,110.63200000000005
2018-01-17 04:30:00,110.63299999999995,110.8435,110.61149999999999,110.7985
2018-01-17 04:45:00,110.8005,110.89200000000001,110.77600000000001,110.85750000000002
2018-01-17 05:00:00,110.85700000000001,110.8695,110.82299999999995,110.8515
2018-01-17 05:15:00,110.8505,110.914,110.814,110.9105
2018-01-17 05:30:00,110.9085,110.91149999999999,110.8565,110.86749999999998
2018-01-17 05:45:00,110.867,110.931,110.84899999999999,110.8515
2018-01-17 06:00:00,110.851,110.87899999999999,110.792,110.79950000000001
2018-01-17 06:15:00,110.79950000000001,110.8515,110.7815,110.836
2018-01-17 06:30:00,110.8365,110.84200000000001,110.789,110.806
2018-01-17 06:45:00,110.8055,110.869,110.77750000000002,110.819
2018-01-17 07:00:00,110.818,110.848,110.7985,110.825
2018-01-17 07:15:00,110.825,110.84200000000001,110.757,110.76350000000002
2018-01-17 07:30:00,110.76450000000001,110.771,110.72099999999996,110.7555
2018-01-17 07:45:00,110.75399999999999,110.8025,110.745,110.764
2018-01-17 08:00:00,110.76799999999999,110.814,110.73450000000001,110.7385
2018-01-17 08:15:00,110.7385,110.8,110.7335,110.755
2018-01-17 08:30:00,110.7565,110.83850000000001,110.756,110.80950000000001
2018-01-17 08:45:00,110.809,110.848,110.78299999999999,110.831
2018-01-17 09:00:00,110.83200000000001,110.85950000000001,110.8075,110.81649999999999
2018-01-17 09:15:00,110.81549999999999,110.837,110.7625,110.76549999999999
2018-01-17 09:30:00,110.766,110.7855,110.7585,110.76450000000001
2018-01-17 09:45:00,110.76350000000002,110.772,110.72350000000002,110.7375
2018-01-17 10:00:00,110.7375,110.76549999999999,110.7225,110.7325
2018-01-17 10:15:00,110.734,110.7855,110.68549999999999,110.70049999999999
2018-01-17 10:30:00,110.7025,110.71,110.65450000000001,110.6865
2018-01-17 10:45:00,110.6865,110.6995,110.656,110.65649999999998
2018-01-17 11:00:00,110.65749999999998,110.6945,110.648,110.6935
2018-01-17 11:15:00,110.694,110.73299999999999,110.69200000000001,110.7185
2018-01-17 11:30:00,110.719,110.738,110.70450000000001,110.72449999999995
2018-01-17 11:45:00,110.72399999999999,110.7615,110.70649999999999,110.75049999999999
2018-01-17 12:00:00,110.7475,110.8365,110.744,110.8335
2018-01-17 12:15:00,110.8325,110.8415,110.8005,110.81649999999999
2018-01-17 12:30:00,110.816,110.84049999999999,110.76799999999999,110.78399999999999
2018-01-17 12:45:00,110.78399999999999,110.8025,110.751,110.7515
2018-01-17 13:00:00,110.7485,110.8225,110.7475,110.79700000000001
2018-01-17 13:15:00,110.796,110.79700000000001,110.7285,110.741
2018-01-17 13:30:00,110.7405,110.7465,110.676,110.68350000000001
2018-01-17 13:45:00,110.6815,110.786,110.66149999999999,110.78000000000002
2018-01-17 14:00:00,110.77850000000001,110.81450000000001,110.74549999999999,110.77
2018-01-17 14:15:00,110.771,110.8285,110.7015,110.74549999999999
2018-01-17 14:30:00,110.75299999999999,110.755,110.633,110.662
2018-01-17 14:45:00,110.66149999999999,110.71200000000005,110.641,110.648
2018-01-17 15:00:00,110.6465,110.77750000000002,110.6185,110.73450000000001
2018-01-17 15:15:00,110.73450000000001,110.74700000000001,110.6585,110.678
2018-01-17 15:30:00,110.677,110.7595,110.677,110.745
2018-01-17 15:45:00,110.744,110.7735,110.714,110.71549999999999
2018-01-17 16:00:00,110.71600000000001,110.81,110.697,110.8065
2018-01-17 16:15:00,110.805,110.8135,110.7385,110.7595
2018-01-17 16:30:00,110.76000000000002,110.8775,110.7595,110.84
2018-01-17 16:45:00,110.838,110.8775,110.81200000000001,110.81549999999999
2018-01-17 17:00:00,110.81649999999999,110.82049999999995,110.78399999999999,110.7875
2018-01-17 17:15:00,110.7875,110.805,110.758,110.77850000000001
2018-01-17 17:30:00,110.77950000000001,110.80950000000001,110.76899999999998,110.7915
2018-01-17 17:45:00,110.791,110.8175,110.74899999999998,110.77
2018-01-17 18:00:00,110.76950000000001,110.8,110.70100000000001,110.714
2018-01-17 18:15:00,110.7145,110.71799999999999,110.64399999999999,110.655
2018-01-17 18:30:00,110.655,110.663,110.61800000000005,110.641
2018-01-17 18:45:00,110.6425,110.6565,110.60249999999998,110.63799999999999
2018-01-17 19:00:00,110.63799999999999,110.6955,110.62700000000001,110.6305
2018-01-17 19:15:00,110.631,110.725,110.626,110.7025
2018-01-17 19:30:00,110.7025,110.8565,110.7,110.8535
2018-01-17 19:45:00,110.854,111.1165,110.845,111.11200000000001
2018-01-17 20:00:00,111.11399999999999,111.19149999999999,111.096,111.12000000000002
2018-01-17 20:15:00,111.12049999999999,111.24649999999998,111.1145,111.14
2018-01-17 20:30:00,111.139,111.2085,111.1315,111.2025
2018-01-17 20:45:00,111.2025,111.2025,111.117,111.1365
2018-01-17 21:00:00,111.1325,111.211,111.09450000000001,111.18899999999998
2018-01-17 21:15:00,111.18799999999999,111.273,111.184,111.2705
2018-01-17 21:30:00,111.26950000000001,111.292,111.238,111.2585
2018-01-17 21:45:00,111.259,111.34700000000001,111.256,111.29350000000001
2018-01-17 22:00:00,111.28049999999999,111.34549999999999,111.26700000000001,111.289
2018-01-17 22:15:00,111.289,111.30300000000005,111.26549999999999,111.29350000000001
2018-01-17 22:30:00,111.29450000000001,111.3125,111.286,111.29899999999999
2018-01-17 22:45:00,111.2965,111.3635,111.286,111.3535
2018-01-17 23:00:00,111.3495,111.353,111.2735,111.31299999999999
2018-01-17 23:15:00,111.31299999999999,111.3245,111.29299999999999,111.31
2018-01-17 23:30:00,111.31049999999999,111.35700000000001,111.306,111.3545
2018-01-17 23:45:00,111.354,111.3925,111.3115,111.35600000000001
2018-01-18 01:00:00,111.259,111.399,111.2585,111.285
2018-01-18 01:15:00,111.2815,111.286,111.2165,111.244
2018-01-18 01:30:00,111.24600000000001,111.334,111.243,111.3215
2018-01-18 01:45:00,111.321,111.344,111.274,111.2815
2018-01-18 02:00:00,111.2825,111.37299999999999,111.24299999999995,111.3
2018-01-18 02:15:00,111.301,111.36200000000001,111.236,111.3185
2018-01-18 02:30:00,111.32,111.3475,111.28450000000001,111.28450000000001
2018-01-18 02:45:00,111.28450000000001,111.3055,111.28,111.29850000000002
2018-01-18 03:00:00,111.29700000000001,111.302,111.26399999999998,111.291
2018-01-18 03:15:00,111.29299999999999,111.337,111.27850000000001,111.334
2018-01-18 03:30:00,111.33149999999999,111.435,111.318,111.43450000000001
2018-01-18 03:45:00,111.43399999999998,111.4835,111.41,111.4465
2018-01-18 04:00:00,111.4475,111.4585,111.41649999999998,111.4445
2018-01-18 04:15:00,111.4455,111.4675,111.402,111.4085
2018-01-18 04:30:00,111.40949999999995,111.4225,111.385,111.39450000000005
2018-01-18 04:45:00,111.3955,111.40150000000003,111.3365,111.3565
2018-01-18 05:00:00,111.35700000000001,111.3765,111.33899999999998,111.34299999999999
2018-01-18 05:15:00,111.34050000000005,111.34050000000005,111.161,111.21350000000001
2018-01-18 05:30:00,111.2145,111.25049999999999,111.2035,111.2445
2018-01-18 05:45:00,111.24550000000005,111.25450000000001,111.1135,111.12950000000001
2018-01-18 06:00:00,111.1305,111.18549999999996,111.12450000000001,111.1425
2018-01-18 06:15:00,111.14350000000002,111.23049999999999,111.09899999999999,111.2165
2018-01-18 06:30:00,111.2165,111.2315,111.1625,111.2115
2018-01-18 06:45:00,111.2105,111.219,111.1755,111.205
2018-01-18 07:00:00,111.20700000000001,111.3215,111.1715,111.301
2018-01-18 07:15:00,111.3005,111.3185,111.25250000000004,111.3005
2018-01-18 07:30:00,111.3,111.321,111.26700000000001,111.275
2018-01-18 07:45:00,111.274,111.28450000000001,111.2255,111.24049999999995
2018-01-18 08:00:00,111.241,111.26100000000001,111.164,111.1995
2018-01-18 08:15:00,111.198,111.219,111.1505,111.2015
2018-01-18 08:30:00,111.2035,111.2255,111.16899999999998,111.18350000000001
2018-01-18 08:45:00,111.18549999999999,111.24600000000001,111.18299999999999,111.24049999999995
2018-01-18 09:00:00,111.242,111.27799999999999,111.234,111.241
2018-01-18 09:15:00,111.24049999999995,111.2425,111.18299999999999,111.205
2018-01-18 09:30:00,111.20549999999996,111.31649999999999,111.20299999999999,111.28749999999998
2018-01-18 09:45:00,111.285,111.3125,111.2515,111.309
2018-01-18 10:00:00,111.30850000000001,111.354,111.2885,111.33350000000002
2018-01-18 10:15:00,111.33350000000002,111.35600000000001,111.27799999999999,111.3125
2018-01-18 10:30:00,111.3115,111.351,111.2825,111.29450000000001
2018-01-18 10:45:00,111.29350000000001,111.2965,111.25250000000004,111.26049999999995
2018-01-18 11:00:00,111.26149999999998,111.2745,111.23549999999999,111.2595
2018-01-18 11:15:00,111.2585,111.2775,111.23049999999999,111.255
2018-01-18 11:30:00,111.255,111.294,111.244,111.27950000000001
2018-01-18 11:45:00,111.28049999999999,111.31350000000002,111.27250000000002,111.2975
2018-01-18 12:00:00,111.29450000000001,111.3035,111.2035,111.20649999999999
2018-01-18 12:15:00,111.20649999999999,111.24550000000005,111.20100000000002,111.235
2018-01-18 12:30:00,111.23649999999999,111.24,111.1675,111.1725
2018-01-18 12:45:00,111.17299999999999,111.2235,111.17299999999999,111.21600000000001
2018-01-18 13:00:00,111.21549999999999,111.2565,111.1675,111.21700000000001
2018-01-18 13:15:00,111.21750000000002,111.234,111.181,111.206
2018-01-18 13:30:00,111.206,111.2445,111.1285,111.20450000000004
2018-01-18 13:45:00,111.20450000000004,111.23,111.1365,111.139
2018-01-18 14:00:00,111.13850000000001,111.1735,111.044,111.08200000000001
2018-01-18 14:15:00,111.081,111.1285,111.07350000000001,111.085
2018-01-18 14:30:00,111.0835,111.084,110.89049999999999,110.9085
2018-01-18 14:45:00,110.9085,110.971,110.881,110.9305
2018-01-18 15:00:00,110.9315,110.9495,110.8645,110.883
2018-01-18 15:15:00,110.8835,110.93000000000002,110.822,110.902
2018-01-18 15:30:00,110.9025,111.015,110.9025,110.97350000000002
2018-01-18 15:45:00,110.97450000000005,111.057,110.9275,110.9375
2018-01-18 16:00:00,110.939,111.0405,110.92649999999999,111.03049999999999
2018-01-18 16:15:00,111.02950000000001,111.03,110.693,110.76299999999999
2018-01-18 16:30:00,110.76450000000001,110.90549999999999,110.7485,110.846
2018-01-18 16:45:00,110.845,110.91799999999995,110.806,110.88799999999999
2018-01-18 17:00:00,110.885,110.915,110.8395,110.859
2018-01-18 17:15:00,110.85700000000001,110.866,110.7665,110.82
2018-01-18 17:30:00,110.81949999999995,110.874,110.7765,110.869
2018-01-18 17:45:00,110.8685,110.97,110.8625,110.96050000000005
2018-01-18 18:00:00,110.9625,111.04549999999999,110.889,111.024
2018-01-18 18:15:00,111.024,111.09149999999998,111.01350000000001,111.06549999999999
2018-01-18 18:30:00,111.06549999999999,111.11,111.022,111.0325
2018-01-18 18:45:00,111.03200000000001,111.1175,111.02850000000002,111.10700000000001
2018-01-18 19:00:00,111.1065,111.145,111.07200000000005,111.11499999999998
2018-01-18 19:15:00,111.11499999999998,111.11499999999998,111.054,111.09
2018-01-18 19:30:00,111.09049999999996,111.09200000000001,111.029,111.031
2018-01-18 19:45:00,111.029,111.04700000000001,110.96700000000001,110.9835
2018-01-18 20:00:00,110.98450000000001,111.04549999999999,110.95450000000001,111.03399999999999
2018-01-18 20:15:00,111.03399999999999,111.204,111.01950000000001,111.18549999999996
2018-01-18 20:30:00,111.186,111.186,111.0775,111.1335
2018-01-18 20:45:00,111.132,111.1325,111.038,111.06200000000001
2018-01-18 21:00:00,111.064,111.066,111.01450000000001,111.015
2018-01-18 21:15:00,111.01700000000001,111.07950000000001,111.01299999999996,111.07049999999995
2018-01-18 21:30:00,111.07049999999995,111.073,111.01799999999999,111.02750000000002
2018-01-18 21:45:00,111.027,111.12799999999999,111.0215,111.1085
2018-01-18 22:00:00,111.10799999999999,111.11200000000001,111.05550000000005,111.06700000000001
2018-01-18 22:15:00,111.0675,111.1355,111.0395,111.046
2018-01-18 22:30:00,111.046,111.06950000000005,111.02950000000001,111.0465
2018-01-18 22:45:00,111.0465,111.06,111.015,111.05200000000005
2018-01-18 23:00:00,111.05200000000005,111.07,110.98549999999999,111.02600000000001
2018-01-18 23:15:00,111.0265,111.0465,110.96950000000001,111.046
2018-01-18 23:30:00,111.0465,111.0475,111.007,111.007
2018-01-18 23:45:00,111.0105,111.0465,111.00399999999999,111.0415
2018-01-19 01:00:00,111.04450000000001,111.06649999999999,110.99,111.01
2018-01-19 01:15:00,111.0105,111.09450000000001,110.9645,111.068
2018-01-19 01:30:00,111.0695,111.1305,111.046,111.06299999999999
2018-01-19 01:45:00,111.0635,111.088,111.035,111.05149999999999
2018-01-19 02:00:00,111.04950000000001,111.06699999999995,110.931,110.9795
2018-01-19 02:15:00,110.9785,111.04450000000001,110.943,111.0415
2018-01-19 02:30:00,111.0415,111.0565,110.96750000000002,111.0185
2018-01-19 02:45:00,111.01799999999999,111.0375,110.99549999999999,110.9975
2018-01-19 03:00:00,110.99799999999999,111.0335,110.9825,110.9935
2018-01-19 03:15:00,110.99299999999995,110.99299999999995,110.89200000000001,110.931
2018-01-19 03:30:00,110.9305,110.93450000000001,110.86399999999999,110.89399999999999
2018-01-19 03:45:00,110.8935,110.9125,110.7855,110.836
2018-01-19 04:00:00,110.8355,110.8915,110.8355,110.87700000000001
2018-01-19 04:15:00,110.875,110.89,110.83049999999999,110.86
2018-01-19 04:30:00,110.86200000000004,110.899,110.85799999999999,110.883
2018-01-19 04:45:00,110.8825,110.902,110.85700000000001,110.85850000000002
2018-01-19 05:00:00,110.85750000000002,110.87450000000001,110.8335,110.8495
2018-01-19 05:15:00,110.84899999999999,110.9025,110.834,110.8935
2018-01-19 05:30:00,110.8925,110.92399999999999,110.859,110.8825
2018-01-19 05:45:00,110.88200000000005,110.9155,110.87299999999999,110.87600000000002
2018-01-19 06:00:00,110.8765,110.9125,110.8055,110.845
2018-01-19 06:15:00,110.845,110.87899999999999,110.8345,110.8515
2018-01-19 06:30:00,110.852,110.883,110.825,110.82600000000001
2018-01-19 06:45:00,110.82700000000001,110.84,110.76950000000001,110.78649999999999
2018-01-19 07:00:00,110.787,110.8565,110.785,110.839
2018-01-19 07:15:00,110.8395,110.8505,110.7625,110.78000000000002
2018-01-19 07:30:00,110.779,110.863,110.742,110.75
2018-01-19 07:45:00,110.75,110.77249999999998,110.66500000000002,110.68950000000001
2018-01-19 08:00:00,110.69049999999999,110.757,110.678,110.711
2018-01-19 08:15:00,110.711,110.71600000000001,110.58149999999999,110.58149999999999
2018-01-19 08:30:00,110.58249999999998,110.65799999999999,110.56649999999999,110.5715
2018-01-19 08:45:00,110.5705,110.5745,110.49250000000002,110.53299999999999
2018-01-19 09:00:00,110.53200000000001,110.59200000000001,110.5065,110.58149999999999
2018-01-19 09:15:00,110.58200000000001,110.6195,110.56750000000002,110.594
2018-01-19 09:30:00,110.59649999999999,110.62850000000002,110.54950000000001,110.59200000000001
2018-01-19 09:45:00,110.59299999999999,110.65,110.59299999999999,110.63850000000001
2018-01-19 10:00:00,110.63850000000001,110.63850000000001,110.60750000000002,110.62850000000002
2018-01-19 10:15:00,110.63,110.6375,110.56700000000001,110.583
2018-01-19 10:30:00,110.5845,110.679,110.574,110.679
2018-01-19 10:45:00,110.68,110.6995,110.662,110.6645
2018-01-19 11:00:00,110.66500000000002,110.7,110.6585,110.67450000000001
2018-01-19 11:15:00,110.6735,110.70200000000001,110.6505,110.6515
2018-01-19 11:30:00,110.6525,110.7015,110.6525,110.693
2018-01-19 11:45:00,110.6925,110.773,110.68250000000002,110.7105
2018-01-19 12:00:00,110.70950000000005,110.76899999999998,110.70700000000001,110.74700000000001
2018-01-19 12:15:00,110.74799999999999,110.7815,110.7435,110.745
2018-01-19 12:30:00,110.74549999999999,110.74600000000001,110.6655,110.695
2018-01-19 12:45:00,110.696,110.697,110.63649999999998,110.67450000000001
2018-01-19 13:00:00,110.6735,110.73100000000001,110.596,110.5975
2018-01-19 13:15:00,110.5975,110.5975,110.5275,110.54450000000001
2018-01-19 13:30:00,110.5465,110.59200000000001,110.5205,110.5685
2018-01-19 13:45:00,110.56649999999999,110.6275,110.5325,110.568
2018-01-19 14:00:00,110.568,110.6495,110.56049999999999,110.619
2018-01-19 14:15:00,110.6195,110.65350000000001,110.55950000000001,110.6515
2018-01-19 14:30:00,110.65350000000001,110.70850000000002,110.64,110.667
2018-01-19 14:45:00,110.6665,110.751,110.603,110.603
2018-01-19 15:00:00,110.604,110.639,110.51,110.56299999999999
2018-01-19 15:15:00,110.5635,110.6265,110.5415,110.6035
2018-01-19 15:30:00,110.6035,110.635,110.5535,110.62100000000001
2018-01-19 15:45:00,110.62299999999999,110.6715,110.60549999999999,110.64200000000001
2018-01-19 16:00:00,110.637,110.68350000000001,110.6065,110.6815
2018-01-19 16:15:00,110.68250000000002,110.68250000000002,110.58149999999999,110.6475
2018-01-19 16:30:00,110.6465,110.6675,110.6195,110.6305
2018-01-19 16:45:00,110.63200000000005,110.634,110.546,110.56450000000001
2018-01-19 17:00:00,110.56549999999999,110.60600000000001,110.539,110.56450000000001
2018-01-19 17:15:00,110.56450000000001,110.61800000000005,110.56149999999998,110.603
2018-01-19 17:30:00,110.6035,110.613,110.569,110.613
2018-01-19 17:45:00,110.613,110.6325,110.5915,110.61049999999999
2018-01-19 18:00:00,110.61100000000002,110.62850000000002,110.601,110.61100000000002
2018-01-19 18:15:00,110.61350000000002,110.6355,110.59450000000001,110.62899999999999
2018-01-19 18:30:00,110.62949999999995,110.67049999999996,110.616,110.64299999999999
2018-01-19 18:45:00,110.64200000000001,110.652,110.57199999999995,110.5725
2018-01-19 19:00:00,110.574,110.6335,110.5715,110.6155
2018-01-19 19:15:00,110.6165,110.639,110.60850000000002,110.63
2018-01-19 19:30:00,110.6335,110.6755,110.6235,110.6235
2018-01-19 19:45:00,110.6235,110.62899999999999,110.5835,110.59299999999999
2018-01-19 20:00:00,110.58149999999999,110.62450000000001,110.58149999999999,110.62
2018-01-19 20:15:00,110.617,110.65999999999998,110.61350000000002,110.65950000000001
2018-01-19 20:30:00,110.65950000000001,110.695,110.6585,110.68450000000001
2018-01-19 20:45:00,110.68450000000001,110.77799999999999,110.6795,110.76950000000001
2018-01-19 21:00:00,110.77,110.81299999999999,110.738,110.79950000000001
2018-01-19 21:15:00,110.79899999999999,110.84200000000001,110.7735,110.79350000000001
2018-01-19 21:30:00,110.79299999999999,110.79350000000001,110.72199999999995,110.7755
2018-01-19 21:45:00,110.775,110.8435,110.75249999999998,110.8285
2018-01-21 22:00:00,110.57950000000001,110.6755,110.527,110.617
2018-01-21 22:15:00,110.616,110.6465,110.6005,110.6455
2018-01-21 22:30:00,110.646,110.67499999999998,110.6225,110.65700000000001
2018-01-21 22:45:00,110.661,110.67749999999998,110.6065,110.62450000000001
2018-01-21 23:00:00,110.62450000000001,110.77600000000001,110.55850000000001,110.7685
2018-01-21 23:15:00,110.7705,110.80850000000001,110.74549999999999,110.759
2018-01-21 23:30:00,110.76000000000002,110.76000000000002,110.676,110.68600000000002
2018-01-21 23:45:00,110.68700000000001,110.70549999999999,110.655,110.6885
2018-01-22 01:00:00,110.7125,110.7765,110.68450000000001,110.76000000000002
2018-01-22 01:15:00,110.7575,110.83200000000001,110.74600000000001,110.80100000000002
2018-01-22 01:30:00,110.8005,110.82700000000001,110.76000000000002,110.785
2018-01-22 01:45:00,110.7855,110.82350000000001,110.756,110.8125
2018-01-22 02:00:00,110.81200000000001,110.87200000000001,110.78200000000001,110.81049999999999
2018-01-22 02:15:00,110.81049999999999,110.825,110.76450000000001,110.779
2018-01-22 02:30:00,110.78000000000002,110.82,110.75149999999998,110.76950000000001
2018-01-22 02:45:00,110.76899999999998,110.79,110.756,110.762
2018-01-22 03:00:00,110.762,110.806,110.7535,110.79549999999999
2018-01-22 03:15:00,110.795,110.822,110.78450000000004,110.81
2018-01-22 03:30:00,110.81049999999999,110.83200000000001,110.78649999999999,110.791
2018-01-22 03:45:00,110.791,110.814,110.77750000000002,110.789
2018-01-22 04:00:00,110.789,110.807,110.76700000000001,110.7905
2018-01-22 04:15:00,110.7905,110.8215,110.7675,110.8115
2018-01-22 04:30:00,110.81049999999999,110.833,110.773,110.78000000000002
2018-01-22 04:45:00,110.77850000000001,110.79899999999999,110.7735,110.79549999999999
2018-01-22 05:00:00,110.7965,110.8115,110.77750000000002,110.7915
2018-01-22 05:15:00,110.79,110.89799999999995,110.787,110.819
2018-01-22 05:30:00,110.819,110.8485,110.787,110.8345
2018-01-22 05:45:00,110.834,110.834,110.77750000000002,110.792
2018-01-22 06:00:00,110.7925,110.8545,110.785,110.82399999999998
2018-01-22 06:15:00,110.8245,110.9175,110.8,110.889
2018-01-22 06:30:00,110.887,110.89600000000002,110.83500000000002,110.85950000000001
2018-01-22 06:45:00,110.859,110.8875,110.84700000000001,110.885
2018-01-22 07:00:00,110.8805,110.885,110.82299999999995,110.8515
2018-01-22 07:15:00,110.8495,110.89299999999999,110.804,110.836
2018-01-22 07:30:00,110.8365,110.85799999999999,110.7855,110.791
2018-01-22 07:45:00,110.791,110.81200000000001,110.7615,110.78000000000002
2018-01-22 08:00:00,110.78100000000002,110.79700000000001,110.726,110.772
2018-01-22 08:15:00,110.772,110.885,110.7675,110.84749999999998
2018-01-22 08:30:00,110.84700000000001,110.8565,110.8035,110.8035
2018-01-22 08:45:00,110.805,110.8055,110.7745,110.7895
2018-01-22 09:00:00,110.789,110.815,110.75750000000002,110.78100000000002
2018-01-22 09:15:00,110.7825,110.79549999999999,110.6865,110.71
2018-01-22 09:30:00,110.71,110.72549999999995,110.684,110.72099999999996
2018-01-22 09:45:00,110.72199999999995,110.73149999999998,110.6815,110.71
2018-01-22 10:00:00,110.71300000000005,110.71549999999999,110.6655,110.6865
2018-01-22 10:15:00,110.68799999999999,110.7265,110.661,110.697
2018-01-22 10:30:00,110.69850000000001,110.71650000000004,110.68549999999999,110.68600000000002
2018-01-22 10:45:00,110.68549999999999,110.7115,110.6795,110.6925
2018-01-22 11:00:00,110.691,110.70549999999999,110.6675,110.67299999999999
2018-01-22 11:15:00,110.6725,110.70549999999999,110.66149999999999,110.70200000000001
2018-01-22 11:30:00,110.70049999999999,110.71,110.67649999999999,110.705
2018-01-22 11:45:00,110.70450000000001,110.73549999999999,110.6955,110.72799999999995
2018-01-22 12:00:00,110.72700000000005,110.7585,110.70850000000002,110.75049999999999
2018-01-22 12:15:00,110.751,110.76799999999999,110.7485,110.764
2018-01-22 12:30:00,110.764,110.81599999999997,110.75249999999998,110.79450000000001
2018-01-22 12:45:00,110.79549999999999,110.8435,110.79549999999999,110.83850000000001
2018-01-22 13:00:00,110.83850000000001,110.8495,110.8115,110.8375
2018-01-22 13:15:00,110.837,110.8435,110.771,110.77850000000001
2018-01-22 13:30:00,110.77750000000002,110.7925,110.7485,110.7895
2018-01-22 13:45:00,110.7885,110.7895,110.71650000000004,110.7435
2018-01-22 14:00:00,110.743,110.7435,110.70450000000001,110.71600000000001
2018-01-22 14:15:00,110.71700000000001,110.7855,110.69049999999999,110.7565
2018-01-22 14:30:00,110.757,110.836,110.7395,110.8225
2018-01-22 14:45:00,110.822,110.876,110.79549999999999,110.869
2018-01-22 15:00:00,110.865,110.88200000000005,110.831,110.83149999999999
2018-01-22 15:15:00,110.83049999999999,110.889,110.8185,110.84049999999999
2018-01-22 15:30:00,110.8415,110.84450000000001,110.7555,110.77950000000001
2018-01-22 15:45:00,110.78049999999999,110.804,110.73649999999999,110.785
2018-01-22 16:00:00,110.785,110.85549999999999,110.772,110.8505
2018-01-22 16:15:00,110.8505,110.861,110.8065,110.816
2018-01-22 16:30:00,110.81549999999999,110.9815,110.81200000000001,110.97549999999995
2018-01-22 16:45:00,110.975,111.167,110.96,111.1565
2018-01-22 17:00:00,111.1565,111.18350000000001,111.12,111.14950000000005
2018-01-22 17:15:00,111.1485,111.22399999999999,111.111,111.125
2018-01-22 17:30:00,111.125,111.171,111.1065,111.1635
2018-01-22 17:45:00,111.16199999999995,111.175,111.1135,111.12450000000001
2018-01-22 18:00:00,111.124,111.1365,111.08149999999999,111.0825
2018-01-22 18:15:00,111.08200000000001,111.102,111.03200000000001,111.065
2018-01-22 18:30:00,111.06450000000001,111.09299999999999,111.0325,111.0575
2018-01-22 18:45:00,111.0575,111.08049999999999,111.05450000000005,111.08049999999999
2018-01-22 19:00:00,111.081,111.09450000000001,111.0675,111.0875
2018-01-22 19:15:00,111.0875,111.117,111.069,111.069
2018-01-22 19:30:00,111.0695,111.0695,110.97700000000005,110.98649999999999
2018-01-22 19:45:00,110.98649999999999,111.0095,110.97399999999999,110.98450000000001
2018-01-22 20:00:00,110.98299999999999,111.00049999999999,110.9685,110.984
2018-01-22 20:15:00,110.9825,110.9945,110.96149999999996,110.97049999999999
2018-01-22 20:30:00,110.9685,110.97,110.94,110.95000000000002
2018-01-22 20:45:00,110.95100000000001,110.97899999999998,110.94850000000001,110.962
2018-01-22 21:00:00,110.96350000000001,110.96750000000002,110.934,110.9525
2018-01-22 21:15:00,110.95299999999999,110.96499999999996,110.9445,110.963
2018-01-22 21:30:00,110.96350000000001,110.97149999999999,110.946,110.959
2018-01-22 21:45:00,110.959,110.9725,110.916,110.9225
2018-01-22 22:00:00,110.91850000000001,110.943,110.8925,110.913
2018-01-22 22:15:00,110.9105,110.9255,110.8565,110.87100000000001
2018-01-22 22:30:00,110.869,110.915,110.86749999999998,110.90350000000001
2018-01-22 22:45:00,110.904,110.98100000000001,110.8995,110.93549999999999
2018-01-22 23:00:00,110.93549999999999,110.9745,110.91799999999999,110.95649999999999
2018-01-22 23:15:00,110.95600000000002,110.99799999999999,110.95049999999999,110.99799999999999
2018-01-22 23:30:00,110.99700000000001,111.0,110.97100000000002,110.97100000000002
2018-01-22 23:45:00,110.97049999999999,110.999,110.96600000000001,110.984
2018-01-23 01:00:00,110.941,110.955,110.929,110.94149999999998
2018-01-23 01:15:00,110.9425,110.947,110.90049999999995,110.9125
2018-01-23 01:30:00,110.9125,110.9495,110.89950000000005,110.9385
2018-01-23 01:45:00,110.939,111.02799999999999,110.936,110.98549999999999
2018-01-23 02:00:00,110.985,110.994,110.9425,110.9495
2018-01-23 02:15:00,110.9495,110.9525,110.899,110.93000000000002
2018-01-23 02:30:00,110.929,110.932,110.89799999999995,110.92
2018-01-23 02:45:00,110.91899999999998,110.9315,110.85500000000002,110.87850000000002
2018-01-23 03:00:00,110.87700000000001,110.98549999999999,110.806,110.806
2018-01-23 03:15:00,110.80800000000005,110.82049999999995,110.54450000000001,110.713
2018-01-23 03:30:00,110.71,110.78649999999999,110.645,110.6485
2018-01-23 03:45:00,110.6465,110.7875,110.64450000000001,110.75450000000001
2018-01-23 04:00:00,110.75399999999999,110.78800000000005,110.7295,110.7855
2018-01-23 04:15:00,110.78450000000004,110.83200000000001,110.76100000000001,110.821
2018-01-23 04:30:00,110.8215,110.84450000000001,110.779,110.79
2018-01-23 04:45:00,110.789,110.805,110.7685,110.78399999999999
2018-01-23 05:00:00,110.78200000000001,110.805,110.7705,110.786
2018-01-23 05:15:00,110.788,110.81700000000001,110.77950000000001,110.81700000000001
2018-01-23 05:30:00,110.81700000000001,110.853,110.78200000000001,110.82649999999998
2018-01-23 05:45:00,110.8245,110.84649999999998,110.79799999999999,110.8425
2018-01-23 06:00:00,110.84049999999999,110.8515,110.76100000000001,110.779
2018-01-23 06:15:00,110.77850000000001,110.81049999999999,110.751,110.77850000000001
2018-01-23 06:30:00,110.775,111.1425,110.7465,111.132
2018-01-23 06:45:00,111.133,111.165,111.05100000000002,111.09200000000001
2018-01-23 07:00:00,111.09299999999999,111.177,111.09299999999999,111.105
2018-01-23 07:15:00,111.10549999999999,111.12000000000002,111.027,111.0475
2018-01-23 07:30:00,111.04899999999999,111.06200000000001,110.941,110.961
2018-01-23 07:45:00,110.961,111.009,110.94200000000001,110.991
2018-01-23 08:00:00,110.9875,111.0335,110.93700000000001,111.02750000000002
2018-01-23 08:15:00,111.02850000000002,111.0375,110.93299999999999,110.9465
2018-01-23 08:30:00,110.946,110.98299999999999,110.647,110.7485
2018-01-23 08:45:00,110.74899999999998,110.76000000000002,110.68299999999999,110.71
2018-01-23 09:00:00,110.7115,110.7185,110.64049999999999,110.7185
2018-01-23 09:15:00,110.71749999999996,110.74700000000001,110.70850000000002,110.73100000000001
2018-01-23 09:30:00,110.73,110.73549999999999,110.6785,110.68600000000002
2018-01-23 09:45:00,110.68600000000002,110.719,110.661,110.661
2018-01-23 10:00:00,110.6605,110.698,110.586,110.6165
2018-01-23 10:15:00,110.61350000000002,110.6485,110.595,110.645
2018-01-23 10:30:00,110.64399999999999,110.6455,110.60700000000001,110.6185
2018-01-23 10:45:00,110.6185,110.6495,110.59649999999999,110.64399999999999
2018-01-23 11:00:00,110.64299999999999,110.64399999999999,110.42200000000001,110.461
2018-01-23 11:15:00,110.46200000000005,110.47200000000001,110.3815,110.414
2018-01-23 11:30:00,110.414,110.447,110.3925,110.4215
2018-01-23 11:45:00,110.42100000000002,110.506,110.39299999999999,110.49600000000001
2018-01-23 12:00:00,110.4945,110.52600000000001,110.476,110.51299999999999
2018-01-23 12:15:00,110.51250000000002,110.5575,110.48549999999999,110.49549999999999
2018-01-23 12:30:00,110.4945,110.508,110.44049999999999,110.4885
2018-01-23 12:45:00,110.4905,110.527,110.44550000000005,110.521
2018-01-23 13:00:00,110.5205,110.54700000000001,110.473,110.5015
2018-01-23 13:15:00,110.50200000000001,110.522,110.44550000000005,110.48450000000001
2018-01-23 13:30:00,110.485,110.4945,110.37050000000005,110.3715
2018-01-23 13:45:00,110.37200000000001,110.39399999999999,110.3395,110.3735
2018-01-23 14:00:00,110.37200000000001,110.4885,110.35,110.4885
2018-01-23 14:15:00,110.48899999999999,110.52950000000001,110.4625,110.4765
2018-01-23 14:30:00,110.4745,110.54899999999999,110.42049999999999,110.50749999999998
2018-01-23 14:45:00,110.5085,110.5165,110.33200000000001,110.36200000000001
2018-01-23 15:00:00,110.36200000000001,110.411,110.3065,110.4085
2018-01-23 15:15:00,110.40950000000001,110.43350000000001,110.3025,110.3485
2018-01-23 15:30:00,110.3485,110.34899999999999,110.25299999999999,110.31700000000001
2018-01-23 15:45:00,110.31649999999999,110.35750000000002,110.2775,110.3375
2018-01-23 16:00:00,110.3395,110.439,110.3345,110.384
2018-01-23 16:15:00,110.38450000000005,110.45850000000002,110.33249999999998,110.355
2018-01-23 16:30:00,110.3545,110.38649999999998,110.32000000000002,110.3265
2018-01-23 16:45:00,110.32799999999999,110.46600000000001,110.32799999999999,110.45850000000002
2018-01-23 17:00:00,110.4575,110.46600000000001,110.39,110.402
2018-01-23 17:15:00,110.402,110.4165,110.331,110.35
2018-01-23 17:30:00,110.35,110.42100000000002,110.34649999999999,110.40299999999999
2018-01-23 17:45:00,110.4015,110.4275,110.39200000000001,110.4165
2018-01-23 18:00:00,110.4165,110.432,110.37899999999999,110.4105
2018-01-23 18:15:00,110.40999999999998,110.479,110.40549999999999,110.4445
2018-01-23 18:30:00,110.4445,110.4475,110.385,110.385
2018-01-23 18:45:00,110.385,110.405,110.3495,110.3975
2018-01-23 19:00:00,110.397,110.40350000000001,110.36149999999999,110.38600000000001
2018-01-23 19:15:00,110.38299999999995,110.3875,110.2925,110.3025
2018-01-23 19:30:00,110.302,110.3215,110.28649999999999,110.287
2018-01-23 19:45:00,110.2895,110.37799999999999,110.2895,110.306
2018-01-23 20:00:00,110.30799999999995,110.324,110.285,110.29549999999999
2018-01-23 20:15:00,110.29450000000001,110.33249999999998,110.2885,110.33049999999999
2018-01-23 20:30:00,110.33249999999998,110.35950000000001,110.28299999999999,110.31049999999999
2018-01-23 20:45:00,110.311,110.34350000000002,110.3055,110.31299999999999
2018-01-23 21:00:00,110.31149999999998,110.338,110.2925,110.3275
2018-01-23 21:15:00,110.32700000000001,110.331,110.3065,110.3075
2018-01-23 21:30:00,110.3075,110.333,110.306,110.32600000000001
2018-01-23 21:45:00,110.32700000000001,110.33149999999998,110.26899999999999,110.303
2018-01-23 22:00:00,110.3025,110.32950000000001,110.2725,110.279
2018-01-23 22:15:00,110.27799999999999,110.2855,110.2565,110.27550000000005
2018-01-23 22:30:00,110.27600000000001,110.27950000000001,110.2515,110.2565
2018-01-23 22:45:00,110.258,110.29450000000001,110.243,110.28299999999999
2018-01-23 23:00:00,110.2835,110.30799999999995,110.2715,110.3065
2018-01-23 23:15:00,110.305,110.339,110.2965,110.2985
2018-01-23 23:30:00,110.2985,110.2985,110.1235,110.15
2018-01-23 23:45:00,110.15100000000001,110.1945,110.065,110.12549999999999
2018-01-24 01:00:00,110.2385,110.2985,110.2225,110.2525
2018-01-24 01:15:00,110.2535,110.294,110.1725,110.178
2018-01-24 01:30:00,110.1785,110.2185,110.137,110.16
2018-01-24 01:45:00,110.1585,110.16850000000001,110.0505,110.0695
2018-01-24 02:00:00,110.0695,110.12149999999998,110.006,110.054
2018-01-24 02:15:00,110.054,110.08149999999999,109.96999999999998,110.02450000000005
2018-01-24 02:30:00,110.02600000000001,110.04549999999999,109.87899999999999,109.8965
2018-01-24 02:45:00,109.899,109.988,109.899,109.965
2018-01-24 03:00:00,109.96549999999999,109.991,109.92600000000002,109.9835
2018-01-24 03:15:00,109.9835,110.09450000000001,109.9825,110.029
2018-01-24 03:30:00,110.029,110.066,109.95049999999999,109.95049999999999
2018-01-24 03:45:00,109.95100000000001,109.9685,109.89399999999999,109.958
2018-01-24 04:00:00,109.9595,109.963,109.8055,109.846
2018-01-24 04:15:00,109.84200000000001,109.8625,109.81,109.84450000000001
2018-01-24 04:30:00,109.8475,109.9135,109.8475,109.889
2018-01-24 04:45:00,109.88850000000001,109.904,109.87200000000001,109.89049999999996
2018-01-24 05:00:00,109.89200000000001,109.93350000000001,109.89200000000001,109.92200000000001
2018-01-24 05:15:00,109.9215,109.94850000000001,109.90899999999999,109.93950000000001
2018-01-24 05:30:00,109.93950000000001,109.98450000000004,109.93549999999999,109.963
2018-01-24 05:45:00,109.9625,109.979,109.9275,109.94549999999995
2018-01-24 06:00:00,109.946,109.9605,109.85799999999999,109.89200000000001
2018-01-24 06:15:00,109.89149999999998,109.95450000000001,109.8735,109.946
2018-01-24 06:30:00,109.945,110.04450000000001,109.9375,109.975
2018-01-24 06:45:00,109.9755,110.0425,109.97149999999999,110.008
2018-01-24 07:00:00,110.0105,110.0865,110.007,110.0325
2018-01-24 07:15:00,110.03299999999999,110.0695,109.95100000000001,109.959
2018-01-24 07:30:00,109.9585,109.9985,109.92799999999995,109.93350000000001
2018-01-24 07:45:00,109.93300000000005,109.961,109.912,109.9515
2018-01-24 08:00:00,109.9535,109.9755,109.86049999999999,109.863
2018-01-24 08:15:00,109.8645,109.8995,109.83450000000005,109.866
2018-01-24 08:30:00,109.8655,109.911,109.8475,109.90299999999999
2018-01-24 08:45:00,109.905,109.9075,109.647,109.693
2018-01-24 09:00:00,109.6925,109.7465,109.6345,109.714
2018-01-24 09:15:00,109.7145,109.721,109.5475,109.56100000000002
2018-01-24 09:30:00,109.56000000000002,109.6365,109.54350000000002,109.6025
2018-01-24 09:45:00,109.602,109.66799999999999,109.584,109.6665
2018-01-24 10:00:00,109.6655,109.67649999999999,109.57700000000001,109.62700000000001
2018-01-24 10:15:00,109.62799999999999,109.63500000000002,109.552,109.5565
2018-01-24 10:30:00,109.55750000000002,109.6045,109.523,109.552
2018-01-24 10:45:00,109.551,109.58850000000001,109.50049999999999,109.5165
2018-01-24 11:00:00,109.51700000000001,109.566,109.48649999999999,109.5215
2018-01-24 11:15:00,109.51950000000001,109.538,109.3915,109.49
2018-01-24 11:30:00,109.48850000000002,109.48850000000002,109.4255,109.44250000000002
2018-01-24 11:45:00,109.44250000000002,109.55249999999998,109.4385,109.5405
2018-01-24 12:00:00,109.542,109.6045,109.5225,109.5725
2018-01-24 12:15:00,109.57350000000001,109.59200000000001,109.471,109.473
2018-01-24 12:30:00,109.473,109.541,109.458,109.51950000000001
2018-01-24 12:45:00,109.51950000000001,109.55850000000001,109.48600000000002,109.52449999999995
2018-01-24 13:00:00,109.525,109.525,109.367,109.4015
2018-01-24 13:15:00,109.40100000000001,109.43049999999995,109.37,109.399
2018-01-24 13:30:00,109.3985,109.5745,109.39350000000002,109.4745
2018-01-24 13:45:00,109.4735,109.58,109.47049999999999,109.515
2018-01-24 14:00:00,109.51450000000001,109.51799999999999,109.3985,109.47749999999998
2018-01-24 14:15:00,109.47749999999998,109.495,109.41649999999998,109.431
2018-01-24 14:30:00,109.43,109.4315,109.329,109.389
2018-01-24 14:45:00,109.38950000000001,109.40450000000001,109.185,109.2085
2018-01-24 15:00:00,109.21350000000001,109.28,109.156,109.21950000000001
2018-01-24 15:15:00,109.22,109.256,109.16549999999995,109.243
2018-01-24 15:30:00,109.243,109.281,109.199,109.272
2018-01-24 15:45:00,109.272,109.29700000000001,109.152,109.205
2018-01-24 16:00:00,109.205,109.26799999999999,109.148,109.1565
2018-01-24 16:15:00,109.15450000000001,109.1575,109.008,109.023
2018-01-24 16:30:00,109.023,109.12950000000001,109.00049999999999,109.1185
2018-01-24 16:45:00,109.117,109.185,109.0985,109.154
2018-01-24 17:00:00,109.155,109.2765,109.11200000000001,109.227
2018-01-24 17:15:00,109.23049999999999,109.2385,109.1505,109.1645
2018-01-24 17:30:00,109.1635,109.22,109.08200000000001,109.1175
2018-01-24 17:45:00,109.119,109.2555,109.0995,109.21500000000002
2018-01-24 18:00:00,109.2115,109.241,109.0,109.0385
2018-01-24 18:15:00,109.0385,109.065,108.9675,109.06049999999999
2018-01-24 18:30:00,109.06,109.1505,109.04350000000001,109.1305
2018-01-24 18:45:00,109.1305,109.1335,108.9985,109.02600000000001
2018-01-24 19:00:00,109.02500000000002,109.0775,108.97399999999999,109.06
2018-01-24 19:15:00,109.06049999999999,109.084,109.009,109.04250000000002
2018-01-24 19:30:00,109.04250000000002,109.06649999999999,108.9975,109.01799999999999
2018-01-24 19:45:00,109.01649999999998,109.10950000000001,109.00049999999999,109.0505
2018-01-24 20:00:00,109.05100000000002,109.0845,109.03299999999999,109.0785
2018-01-24 20:15:00,109.08,109.1335,109.0775,109.12899999999999
2018-01-24 20:30:00,109.12899999999999,109.1645,109.1155,109.15400000000004
2018-01-24 20:45:00,109.15400000000004,109.1825,109.12549999999999,109.13799999999999
2018-01-24 21:00:00,109.1365,109.229,109.1365,109.22100000000002
2018-01-24 21:15:00,109.22100000000002,109.22100000000002,109.165,109.1715
2018-01-24 21:30:00,109.17049999999999,109.23700000000001,109.17049999999999,109.2245
2018-01-24 21:45:00,109.23049999999999,109.25450000000001,109.1775,109.226
2018-01-24 22:00:00,109.22200000000004,109.228,109.12200000000001,109.125
2018-01-24 22:15:00,109.12549999999999,109.16,109.1175,109.15949999999995
2018-01-24 22:30:00,109.15799999999999,109.22399999999999,109.15450000000001,109.208
2018-01-24 22:45:00,109.208,109.208,109.1725,109.18799999999999
2018-01-24 23:00:00,109.1885,109.2335,109.171,109.229
2018-01-24 23:15:00,109.2295,109.26,109.2115,109.234
2018-01-24 23:30:00,109.2375,109.3285,109.23649999999999,109.311
2018-01-24 23:45:00,109.311,109.3375,109.2875,109.3225
2018-01-25 01:00:00,109.399,109.43350000000001,109.355,109.3975
2018-01-25 01:15:00,109.3985,109.447,109.3785,109.42049999999999
2018-01-25 01:30:00,109.421,109.421,109.34450000000001,109.376
2018-01-25 01:45:00,109.37450000000001,109.376,109.2115,109.21700000000001
2018-01-25 02:00:00,109.21799999999999,109.2385,109.12000000000002,109.12350000000002
2018-01-25 02:15:00,109.125,109.1875,109.11200000000001,109.176
2018-01-25 02:30:00,109.176,109.19500000000002,109.103,109.13799999999999
2018-01-25 02:45:00,109.13799999999999,109.13799999999999,109.0415,109.06600000000002
2018-01-25 03:00:00,109.06699999999995,109.165,109.02500000000002,109.09100000000001
2018-01-25 03:15:00,109.09149999999998,109.10700000000001,109.024,109.0395
2018-01-25 03:30:00,109.0395,109.044,108.927,108.99700000000001
2018-01-25 03:45:00,108.99649999999998,109.044,108.925,109.02500000000002
2018-01-25 04:00:00,109.02500000000002,109.0715,108.988,109.01899999999999
2018-01-25 04:15:00,109.01899999999999,109.0375,108.956,109.0185
2018-01-25 04:30:00,109.01749999999998,109.0535,108.9685,109.0
2018-01-25 04:45:00,109.0,109.04250000000002,108.95350000000002,109.008
2018-01-25 05:00:00,109.0075,109.086,108.99700000000001,109.081
2018-01-25 05:15:00,109.08149999999999,109.083,108.99950000000001,109.0105
2018-01-25 05:30:00,109.01,109.036,108.988,109.008
2018-01-25 05:45:00,109.0075,109.01950000000001,108.9085,108.9275
2018-01-25 06:00:00,108.93000000000002,108.932,108.84649999999998,108.84749999999998
2018-01-25 06:15:00,108.84749999999998,108.867,108.73649999999999,108.7555
2018-01-25 06:30:00,108.755,108.82,108.7415,108.8175
2018-01-25 06:45:00,108.818,109.09700000000001,108.81649999999999,108.95549999999999
2018-01-25 07:00:00,108.95649999999999,109.141,108.95649999999999,109.137
2018-01-25 07:15:00,109.1355,109.185,109.0015,109.03200000000001
2018-01-25 07:30:00,109.0325,109.12200000000001,109.02799999999999,109.0925
2018-01-25 07:45:00,109.09299999999999,109.1525,108.85600000000002,109.0225
2018-01-25 08:00:00,109.024,109.1215,109.01450000000001,109.06549999999999
2018-01-25 08:15:00,109.069,109.1475,109.01299999999999,109.132
2018-01-25 08:30:00,109.132,109.2705,109.126,109.1825
2018-01-25 08:45:00,109.185,109.22,109.1375,109.1965
2018-01-25 09:00:00,109.1965,109.1965,109.0615,109.1015
2018-01-25 09:15:00,109.1005,109.10250000000002,109.0245,109.05950000000001
2018-01-25 09:30:00,109.05950000000001,109.10350000000004,109.0375,109.09749999999998
2018-01-25 09:45:00,109.09649999999999,109.09749999999998,109.0,109.0075
2018-01-25 10:00:00,109.0075,109.09450000000001,108.9975,109.056
2018-01-25 10:15:00,109.055,109.09100000000001,109.0415,109.0575
2018-01-25 10:30:00,109.05799999999999,109.09149999999998,109.027,109.05149999999999
2018-01-25 10:45:00,109.0525,109.08,109.0525,109.05950000000001
2018-01-25 11:00:00,109.05850000000001,109.05950000000001,108.9975,109.0225
2018-01-25 11:15:00,109.0235,109.02799999999999,108.95200000000001,108.96799999999999
2018-01-25 11:30:00,108.9685,109.0245,108.9645,108.973
2018-01-25 11:45:00,108.9725,109.041,108.941,109.01749999999998
2018-01-25 12:00:00,109.01700000000001,109.0405,109.001,109.0125
2018-01-25 12:15:00,109.0125,109.037,108.976,109.00049999999999
2018-01-25 12:30:00,109.001,109.038,108.98100000000001,109.0205
2018-01-25 12:45:00,109.01950000000001,109.04350000000001,109.001,109.00500000000002
2018-01-25 13:00:00,109.0075,109.008,108.869,108.90450000000001
2018-01-25 13:15:00,108.90549999999999,108.939,108.833,108.833
2018-01-25 13:30:00,108.8355,108.948,108.835,108.859
2018-01-25 13:45:00,108.86200000000001,108.9105,108.755,108.755
2018-01-25 14:00:00,108.755,108.90350000000001,108.63799999999999,108.87049999999999
2018-01-25 14:15:00,108.87100000000001,109.14600000000002,108.814,109.08850000000001
2018-01-25 14:30:00,109.09049999999999,109.12350000000002,108.9515,109.0625
2018-01-25 14:45:00,109.0625,109.0625,108.851,108.8515
2018-01-25 15:00:00,108.853,108.9065,108.70100000000001,108.71300000000005
2018-01-25 15:15:00,108.712,108.792,108.6725,108.6805
2018-01-25 15:30:00,108.6815,108.75249999999998,108.5925,108.744
2018-01-25 15:45:00,108.7435,108.7435,108.65450000000001,108.6965
2018-01-25 16:00:00,108.69749999999998,108.7425,108.63600000000001,108.679
2018-01-25 16:15:00,108.678,108.71950000000001,108.61200000000001,108.61200000000001
2018-01-25 16:30:00,108.60799999999999,108.7555,108.6065,108.73200000000001
2018-01-25 16:45:00,108.73149999999998,108.73649999999999,108.679,108.69749999999998
2018-01-25 17:00:00,108.698,108.74899999999998,108.68,108.7465
2018-01-25 17:15:00,108.74600000000001,108.76950000000001,108.7115,108.72549999999995
2018-01-25 17:30:00,108.7225,108.7675,108.71,108.738
2018-01-25 17:45:00,108.7375,108.76450000000001,108.6655,108.6655
2018-01-25 18:00:00,108.6655,108.67149999999998,108.53700000000005,108.56
2018-01-25 18:15:00,108.5575,108.55950000000001,108.5215,108.5505
2018-01-25 18:30:00,108.552,108.60500000000002,108.5,108.5865
2018-01-25 18:45:00,108.5925,108.61,108.55,108.552
2018-01-25 19:00:00,108.5505,109.2435,108.53399999999999,108.98
2018-01-25 19:15:00,108.98200000000001,109.44500000000002,108.98200000000001,109.2895
2018-01-25 19:30:00,109.291,109.67299999999999,109.28299999999999,109.62799999999999
2018-01-25 19:45:00,109.62899999999999,109.70049999999999,109.40450000000001,109.415
2018-01-25 20:00:00,109.414,109.436,109.2715,109.2875
2018-01-25 20:15:00,109.288,109.33850000000001,109.195,109.32950000000001
2018-01-25 20:30:00,109.32950000000001,109.4075,109.21350000000001,109.23299999999999
2018-01-25 20:45:00,109.2335,109.29350000000001,109.22100000000002,109.26299999999999
2018-01-25 21:00:00,109.26,109.2705,109.1945,109.223
2018-01-25 21:15:00,109.225,109.2855,109.225,109.2705
2018-01-25 21:30:00,109.271,109.46500000000002,109.271,109.406
2018-01-25 21:45:00,109.406,109.4615,109.3805,109.40950000000001
2018-01-25 22:00:00,109.40899999999999,109.464,109.40350000000001,109.45299999999999
2018-01-25 22:15:00,109.45399999999998,109.6015,109.4515,109.58100000000002
2018-01-25 22:30:00,109.583,109.59450000000001,109.557,109.5875
2018-01-25 22:45:00,109.588,109.667,109.55,109.656
2018-01-25 23:00:00,109.65500000000002,109.6605,109.551,109.55850000000001
2018-01-25 23:15:00,109.55799999999999,109.611,109.53450000000001,109.54000000000002
2018-01-25 23:30:00,109.5355,109.6125,109.5255,109.5975
2018-01-25 23:45:00,109.59700000000001,109.72149999999999,109.59700000000001,109.67399999999999
2018-01-26 01:00:00,109.6755,109.744,109.5475,109.56100000000002
2018-01-26 01:15:00,109.55799999999999,109.661,109.53,109.59549999999999
2018-01-26 01:30:00,109.59500000000004,109.63600000000001,109.51100000000001,109.52799999999999
2018-01-26 01:45:00,109.52850000000001,109.5425,109.344,109.4075
2018-01-26 02:00:00,109.4065,109.48049999999999,109.4065,109.45
2018-01-26 02:15:00,109.4495,109.5075,109.43549999999999,109.4615
2018-01-26 02:30:00,109.461,109.5025,109.3635,109.367
2018-01-26 02:45:00,109.3675,109.4475,109.333,109.3365
2018-01-26 03:00:00,109.3365,109.39399999999999,109.336,109.36399999999999
2018-01-26 03:15:00,109.35899999999998,109.39800000000005,109.334,109.37799999999999
2018-01-26 03:30:00,109.37799999999999,109.41450000000005,109.33549999999995,109.369
2018-01-26 03:45:00,109.3695,109.40700000000001,109.36149999999999,109.37899999999998
2018-01-26 04:00:00,109.37899999999998,109.41149999999999,109.36149999999999,109.404
2018-01-26 04:15:00,109.404,109.42299999999999,109.355,109.39100000000002
2018-01-26 04:30:00,109.39049999999999,109.39299999999999,109.3485,109.37200000000001
2018-01-26 04:45:00,109.37049999999999,109.419,109.363,109.4105
2018-01-26 05:00:00,109.41,109.473,109.40700000000001,109.46
2018-01-26 05:15:00,109.46,109.5085,109.439,109.45049999999996
2018-01-26 05:30:00,109.45100000000001,109.506,109.41800000000005,109.4325
2018-01-26 05:45:00,109.4325,109.43549999999999,109.35600000000001,109.367
2018-01-26 06:00:00,109.3695,109.402,109.274,109.29500000000002
2018-01-26 06:15:00,109.2965,109.3065,109.166,109.20299999999999
2018-01-26 06:30:00,109.2025,109.23850000000002,109.15799999999999,109.176
2018-01-26 06:45:00,109.176,109.236,109.16,109.17450000000001
2018-01-26 07:00:00,109.1735,109.18450000000001,109.0325,109.03399999999999
2018-01-26 07:15:00,109.03299999999999,109.12799999999999,108.98549999999999,109.0525
2018-01-26 07:30:00,109.05100000000002,109.09149999999998,108.92049999999999,108.9605
2018-01-26 07:45:00,108.961,109.05850000000001,108.93799999999999,109.03649999999998
2018-01-26 08:00:00,109.0375,109.04850000000002,108.9105,108.9465
2018-01-26 08:15:00,108.9455,109.00399999999999,108.91549999999995,108.97100000000002
2018-01-26 08:30:00,108.971,109.03,108.9525,108.956
2018-01-26 08:45:00,108.95549999999999,108.9785,108.913,108.94
2018-01-26 09:00:00,108.93799999999999,109.001,108.934,109.001
2018-01-26 09:15:00,109.001,109.024,108.96350000000001,108.9915
2018-01-26 09:30:00,108.991,109.07350000000001,108.927,109.0635
2018-01-26 09:45:00,109.06200000000001,109.131,108.9975,109.109
2018-01-26 10:00:00,109.11200000000001,109.198,109.109,109.12250000000002
2018-01-26 10:15:00,109.12299999999999,109.148,109.116,109.13750000000002
2018-01-26 10:30:00,109.13750000000002,109.13950000000001,109.07300000000005,109.0845
2018-01-26 10:45:00,109.08,109.116,109.0615,109.11
2018-01-26 11:00:00,109.1085,109.12450000000001,109.04299999999999,109.0575
2018-01-26 11:15:00,109.057,109.10000000000002,109.0265,109.0405
2018-01-26 11:30:00,109.0405,109.11200000000001,109.0405,109.0985
2018-01-26 11:45:00,109.098,109.412,109.09700000000001,109.3835
2018-01-26 12:00:00,109.384,109.384,109.251,109.28499999999998
2018-01-26 12:15:00,109.28749999999998,109.306,109.19249999999998,109.243
2018-01-26 12:30:00,109.2415,109.2765,109.20649999999998,109.24550000000005
2018-01-26 12:45:00,109.24550000000005,109.3325,109.24550000000005,109.277
2018-01-26 13:00:00,109.27799999999999,109.3435,109.26100000000001,109.319
2018-01-26 13:15:00,109.31950000000005,109.37200000000001,109.25299999999999,109.337
2018-01-26 13:30:00,109.335,109.335,109.12299999999999,109.2335
2018-01-26 13:45:00,109.23549999999999,109.43350000000001,109.23299999999999,109.361
2018-01-26 14:00:00,109.36200000000001,109.5925,109.3485,109.552
2018-01-26 14:15:00,109.552,109.552,108.8815,109.0265
2018-01-26 14:30:00,109.02850000000002,109.116,108.91899999999998,108.97399999999999
2018-01-26 14:45:00,108.973,108.985,108.681,108.70549999999999
2018-01-26 15:00:00,108.70450000000001,108.74899999999998,108.6035,108.70299999999999
2018-01-26 15:15:00,108.7025,108.7825,108.64699999999995,108.7675
2018-01-26 15:30:00,108.76799999999999,108.8065,108.6495,108.66699999999996
2018-01-26 15:45:00,108.66699999999996,108.6975,108.4975,108.5975
2018-01-26 16:00:00,108.598,108.661,108.5555,108.61
2018-01-26 16:15:00,108.61100000000002,108.641,108.37200000000001,108.40950000000001
2018-01-26 16:30:00,108.41149999999999,108.59299999999999,108.32549999999999,108.45850000000002
2018-01-26 16:45:00,108.459,108.47899999999998,108.351,108.384
2018-01-26 17:00:00,108.3875,108.4475,108.3225,108.3625
2018-01-26 17:15:00,108.36,108.38549999999995,108.285,108.36800000000005
2018-01-26 17:30:00,108.3675,108.48049999999995,108.31149999999998,108.46200000000005
2018-01-26 17:45:00,108.46399999999998,108.541,108.439,108.4615
2018-01-26 18:00:00,108.46049999999995,108.475,108.36700000000005,108.38899999999998
2018-01-26 18:15:00,108.38799999999999,108.4295,108.37450000000001,108.405
2018-01-26 18:30:00,108.404,108.4425,108.36700000000005,108.37
2018-01-26 18:45:00,108.368,108.3965,108.334,108.334
2018-01-26 19:00:00,108.334,108.42049999999999,108.2855,108.4135
2018-01-26 19:15:00,108.4135,109.06200000000001,108.385,108.76799999999999
2018-01-26 19:30:00,108.7675,108.818,108.7125,108.73549999999999
2018-01-26 19:45:00,108.73450000000001,108.7395,108.6235,108.6805
2018-01-26 20:00:00,108.6815,108.7435,108.65299999999999,108.736
2018-01-26 20:15:00,108.73649999999999,108.7475,108.7145,108.72899999999998
2018-01-26 20:30:00,108.72799999999995,108.7325,108.665,108.686
2018-01-26 20:45:00,108.68549999999999,108.78049999999999,108.685,108.72149999999999
2018-01-26 21:00:00,108.72049999999999,108.73100000000001,108.66600000000004,108.72199999999995
2018-01-26 21:15:00,108.723,108.723,108.6175,108.62299999999999
2018-01-26 21:30:00,108.6235,108.67299999999999,108.617,108.6365
2018-01-26 21:45:00,108.635,108.65,108.601,108.61149999999999
2018-01-28 22:00:00,108.71700000000001,108.7435,108.68700000000001,108.743
2018-01-28 22:15:00,108.7435,108.7905,108.7185,108.76350000000001
2018-01-28 22:30:00,108.76700000000001,108.7725,108.712,108.7245
2018-01-28 22:45:00,108.725,108.73100000000001,108.6365,108.661
2018-01-28 23:00:00,108.66,108.7475,108.641,108.7225
2018-01-28 23:15:00,108.72549999999995,108.762,108.6935,108.6935
2018-01-28 23:30:00,108.6925,108.70700000000001,108.641,108.641
2018-01-28 23:45:00,108.64049999999999,108.6635,108.5925,108.6085
2018-01-29 01:00:00,108.656,108.8335,108.64200000000001,108.81549999999999
2018-01-29 01:15:00,108.815,108.8915,108.78299999999999,108.84899999999999
2018-01-29 01:30:00,108.84999999999998,108.87,108.76899999999998,108.789
2018-01-29 01:45:00,108.7885,108.84,108.75750000000002,108.8365
2018-01-29 02:00:00,108.8355,108.986,108.81699999999995,108.955
2018-01-29 02:15:00,108.95549999999999,108.99,108.92399999999999,108.94049999999999
2018-01-29 02:30:00,108.939,108.949,108.8935,108.921
2018-01-29 02:45:00,108.92200000000001,108.939,108.8435,108.84649999999998
2018-01-29 03:00:00,108.84549999999999,108.859,108.81549999999999,108.8185
2018-01-29 03:15:00,108.818,108.85,108.80800000000005,108.81
2018-01-29 03:30:00,108.811,108.815,108.70200000000001,108.70950000000005
2018-01-29 03:45:00,108.70700000000001,108.7285,108.6675,108.71
2018-01-29 04:00:00,108.709,108.735,108.689,108.72149999999999
2018-01-29 04:15:00,108.72199999999995,108.73450000000001,108.70549999999999,108.72449999999995
2018-01-29 04:30:00,108.72449999999995,108.73050000000005,108.6655,108.712
2018-01-29 04:45:00,108.7105,108.75200000000001,108.6925,108.7405
2018-01-29 05:00:00,108.741,108.76450000000001,108.714,108.75750000000002
2018-01-29 05:15:00,108.758,108.8005,108.743,108.7905
2018-01-29 05:30:00,108.7915,108.79500000000002,108.7145,108.779
2018-01-29 05:45:00,108.77950000000001,108.8,108.74,108.796
2018-01-29 06:00:00,108.79700000000001,108.8225,108.757,108.7885
2018-01-29 06:15:00,108.789,108.852,108.7685,108.838
2018-01-29 06:30:00,108.8375,108.87899999999999,108.787,108.87200000000001
2018-01-29 06:45:00,108.87100000000001,108.87100000000001,108.766,108.76999999999998
2018-01-29 07:00:00,108.7715,108.854,108.76000000000002,108.8515
2018-01-29 07:15:00,108.852,109.04350000000001,108.834,108.98
2018-01-29 07:30:00,108.98100000000001,109.0575,108.9595,109.0245
2018-01-29 07:45:00,109.02500000000002,109.038,108.9285,108.94149999999998
2018-01-29 08:00:00,108.94,108.949,108.88850000000001,108.9105
2018-01-29 08:15:00,108.91149999999999,108.97149999999999,108.887,108.959
2018-01-29 08:30:00,108.9585,108.963,108.89,108.94
2018-01-29 08:45:00,108.94049999999999,108.97100000000002,108.8695,108.87200000000001
2018-01-29 09:00:00,108.87299999999999,108.99549999999999,108.86,108.93950000000001
2018-01-29 09:15:00,108.9385,108.94850000000001,108.87700000000001,108.8825
2018-01-29 09:30:00,108.884,108.897,108.792,108.823
2018-01-29 09:45:00,108.82399999999998,108.84049999999999,108.7675,108.7835
2018-01-29 10:00:00,108.785,108.81049999999999,108.652,108.689
2018-01-29 10:15:00,108.689,108.70549999999999,108.641,108.685
2018-01-29 10:30:00,108.68299999999999,108.70600000000002,108.63950000000001,108.676
2018-01-29 10:45:00,108.67499999999998,108.73050000000005,108.6335,108.72700000000005
2018-01-29 11:00:00,108.72799999999995,108.7585,108.70200000000001,108.75299999999999
2018-01-29 11:15:00,108.7535,108.8025,108.726,108.735
2018-01-29 11:30:00,108.735,108.7685,108.7275,108.75049999999999
2018-01-29 11:45:00,108.7485,108.7485,108.691,108.7025
2018-01-29 12:00:00,108.70299999999999,108.74899999999998,108.62549999999999,108.7425
2018-01-29 12:15:00,108.742,108.82049999999995,108.73549999999999,108.7825
2018-01-29 12:30:00,108.78399999999999,108.87200000000001,108.764,108.8485
2018-01-29 12:45:00,108.848,108.869,108.8395,108.86149999999999
2018-01-29 13:00:00,108.861,108.87850000000002,108.8215,108.8505
2018-01-29 13:15:00,108.848,108.8685,108.7755,108.79
2018-01-29 13:30:00,108.792,108.881,108.77249999999998,108.79549999999999
2018-01-29 13:45:00,108.7965,108.80800000000005,108.736,108.7715
2018-01-29 14:00:00,108.771,108.779,108.7165,108.7475
2018-01-29 14:15:00,108.7475,108.75750000000002,108.7125,108.72399999999999
2018-01-29 14:30:00,108.72449999999995,108.8375,108.6955,108.8
2018-01-29 14:45:00,108.8005,108.89350000000002,108.79,108.8375
2018-01-29 15:00:00,108.8365,108.853,108.7855,108.8115
2018-01-29 15:15:00,108.81049999999999,108.88600000000001,108.78649999999999,108.869
2018-01-29 15:30:00,108.869,108.88850000000001,108.82549999999999,108.8765
2018-01-29 15:45:00,108.8765,109.079,108.87100000000001,109.01950000000001
2018-01-29 16:00:00,109.0205,109.1015,108.9825,109.09749999999998
2018-01-29 16:15:00,109.09700000000001,109.178,109.09450000000001,109.126
2018-01-29 16:30:00,109.1265,109.20200000000001,109.09899999999999,109.1795
2018-01-29 16:45:00,109.1795,109.2035,109.1285,109.12950000000001
2018-01-29 17:00:00,109.13,109.1755,109.0875,109.15899999999999
2018-01-29 17:15:00,109.15949999999995,109.178,109.1265,109.16
2018-01-29 17:30:00,109.16149999999999,109.19049999999999,109.1185,109.141
2018-01-29 17:45:00,109.141,109.1425,109.085,109.0925
2018-01-29 18:00:00,109.0935,109.10250000000002,109.03200000000001,109.06450000000001
2018-01-29 18:15:00,109.06649999999999,109.113,109.054,109.0865
2018-01-29 18:30:00,109.0845,109.0845,109.0115,109.022
2018-01-29 18:45:00,109.022,109.0635,109.0205,109.0535
2018-01-29 19:00:00,109.05200000000005,109.05799999999999,108.96950000000001,108.96950000000001
2018-01-29 19:15:00,108.9685,108.986,108.95049999999999,108.97350000000002
2018-01-29 19:30:00,108.9725,108.9725,108.90100000000001,108.928
2018-01-29 19:45:00,108.9295,108.96249999999998,108.92200000000001,108.947
2018-01-29 20:00:00,108.9465,108.9915,108.93299999999999,108.98899999999999
2018-01-29 20:15:00,108.9915,109.01399999999998,108.9605,108.96549999999999
2018-01-29 20:30:00,108.96549999999999,108.9785,108.8965,108.91799999999995
2018-01-29 20:45:00,108.917,108.98649999999999,108.895,108.94049999999999
2018-01-29 21:00:00,108.94200000000001,108.9785,108.932,108.9785
2018-01-29 21:15:00,108.978,109.00450000000001,108.975,108.98899999999999
2018-01-29 21:30:00,108.9905,108.999,108.969,108.99600000000001
2018-01-29 21:45:00,108.99600000000001,108.99600000000001,108.949,108.95549999999999
2018-01-29 22:00:00,108.95649999999999,108.965,108.9365,108.9595
2018-01-29 22:15:00,108.96,108.9795,108.9385,108.9755
2018-01-29 22:30:00,108.97399999999999,108.9935,108.9525,108.98100000000001
2018-01-29 22:45:00,108.98049999999999,109.00450000000001,108.978,108.99549999999999
2018-01-29 23:00:00,108.99549999999999,108.99549999999999,108.91950000000001,108.9325
2018-01-29 23:15:00,108.9325,108.95000000000002,108.914,108.9465
2018-01-29 23:30:00,108.946,108.98450000000001,108.93549999999999,108.9685
2018-01-29 23:45:00,108.9685,108.9795,108.927,108.9455
2018-01-30 01:00:00,108.95100000000002,108.97100000000002,108.831,108.8765
2018-01-30 01:15:00,108.87549999999999,108.899,108.85250000000002,108.8735
2018-01-30 01:30:00,108.87299999999999,108.8985,108.78049999999999,108.7925
2018-01-30 01:45:00,108.795,108.868,108.78200000000001,108.85250000000002
2018-01-30 02:00:00,108.852,108.8965,108.8335,108.85950000000004
2018-01-30 02:15:00,108.85950000000004,109.12799999999999,108.8415,109.079
2018-01-30 02:30:00,109.08049999999999,109.164,109.06699999999995,109.149
2018-01-30 02:45:00,109.14950000000005,109.20450000000001,109.08149999999999,109.09649999999999
2018-01-30 03:00:00,109.096,109.10600000000001,109.046,109.07600000000001
2018-01-30 03:15:00,109.075,109.086,109.01749999999998,109.0225
2018-01-30 03:30:00,109.023,109.02799999999999,108.92299999999999,108.926
2018-01-30 03:45:00,108.92649999999999,108.93450000000001,108.7675,108.80100000000002
2018-01-30 04:00:00,108.80100000000002,108.8365,108.68950000000001,108.719
2018-01-30 04:15:00,108.72,108.8075,108.6955,108.75750000000002
2018-01-30 04:30:00,108.7585,108.785,108.66,108.6975
2018-01-30 04:45:00,108.698,108.77750000000002,108.6975,108.76000000000002
2018-01-30 05:00:00,108.76350000000001,108.84450000000001,108.7625,108.82600000000001
2018-01-30 05:15:00,108.825,108.825,108.725,108.7385
2018-01-30 05:30:00,108.7405,108.78450000000001,108.7165,108.73049999999999
2018-01-30 05:45:00,108.73049999999999,108.74950000000001,108.6865,108.6865
2018-01-30 06:00:00,108.68600000000002,108.69749999999998,108.61200000000001,108.624
2018-01-30 06:15:00,108.62299999999999,108.745,108.6125,108.695
2018-01-30 06:30:00,108.6955,108.736,108.6605,108.70700000000001
2018-01-30 06:45:00,108.7075,108.8215,108.7015,108.81649999999999
2018-01-30 07:00:00,108.81549999999999,108.81549999999999,108.7165,108.7405
2018-01-30 07:15:00,108.7445,108.7575,108.66149999999999,108.71300000000005
2018-01-30 07:30:00,108.7145,108.73450000000001,108.6755,108.72399999999999
2018-01-30 07:45:00,108.7245,108.80450000000005,108.719,108.75299999999999
2018-01-30 08:00:00,108.7555,108.77750000000002,108.66799999999999,108.7765
2018-01-30 08:15:00,108.77600000000001,108.806,108.7165,108.7615
2018-01-30 08:30:00,108.7615,108.7825,108.6865,108.691
2018-01-30 08:45:00,108.69049999999999,108.7335,108.671,108.676
2018-01-30 09:00:00,108.6775,108.68950000000001,108.5895,108.619
2018-01-30 09:15:00,108.618,108.6675,108.5995,108.649
2018-01-30 09:30:00,108.649,108.699,108.62200000000001,108.698
2018-01-30 09:45:00,108.6955,108.72049999999999,108.602,108.65
2018-01-30 10:00:00,108.6455,108.685,108.595,108.64
2018-01-30 10:15:00,108.641,108.712,108.602,108.626
2018-01-30 10:30:00,108.62700000000001,108.64699999999995,108.5725,108.631
2018-01-30 10:45:00,108.62850000000002,108.62850000000002,108.5625,108.59100000000001
2018-01-30 11:00:00,108.58750000000002,108.59649999999999,108.54149999999998,108.57350000000001
2018-01-30 11:15:00,108.5695,108.6275,108.52799999999999,108.538
2018-01-30 11:30:00,108.54,108.616,108.5265,108.571
2018-01-30 11:45:00,108.571,108.669,108.5695,108.61
2018-01-30 12:00:00,108.60950000000001,108.6455,108.598,108.625
2018-01-30 12:15:00,108.62549999999999,108.678,108.624,108.66850000000001
2018-01-30 12:30:00,108.6675,108.69149999999999,108.62799999999999,108.69
2018-01-30 12:45:00,108.6885,108.69049999999999,108.61149999999999,108.6645
2018-01-30 13:00:00,108.6635,108.691,108.62700000000001,108.6635
2018-01-30 13:15:00,108.66250000000002,108.75750000000002,108.6455,108.697
2018-01-30 13:30:00,108.697,108.698,108.648,108.65399999999998
2018-01-30 13:45:00,108.652,108.652,108.54799999999999,108.5715
2018-01-30 14:00:00,108.569,108.584,108.443,108.443
2018-01-30 14:15:00,108.4425,108.48200000000001,108.4145,108.4775
2018-01-30 14:30:00,108.476,108.60799999999999,108.427,108.5575
2018-01-30 14:45:00,108.55850000000001,108.5715,108.47399999999999,108.545
2018-01-30 15:00:00,108.544,108.6125,108.49549999999999,108.57999999999998
2018-01-30 15:15:00,108.57999999999998,108.676,108.54149999999998,108.65450000000001
2018-01-30 15:30:00,108.65700000000001,108.745,108.65,108.72799999999995
2018-01-30 15:45:00,108.73,108.8815,108.6375,108.8215
2018-01-30 16:00:00,108.8185,108.83200000000001,108.715,108.7915
2018-01-30 16:15:00,108.791,108.9365,108.7825,108.89299999999999
2018-01-30 16:30:00,108.8915,108.935,108.825,108.90950000000001
2018-01-30 16:45:00,108.90899999999999,108.93700000000001,108.84999999999998,108.87450000000001
2018-01-30 17:00:00,108.8765,108.90899999999999,108.81,108.837
2018-01-30 17:15:00,108.83850000000001,108.867,108.80800000000005,108.8135
2018-01-30 17:30:00,108.8125,108.881,108.79700000000001,108.81949999999995
2018-01-30 17:45:00,108.81949999999995,108.84049999999999,108.7625,108.82999999999998
2018-01-30 18:00:00,108.83049999999999,108.84649999999998,108.76100000000002,108.84649999999998
2018-01-30 18:15:00,108.84649999999999,108.88300000000005,108.78299999999999,108.78299999999999
2018-01-30 18:30:00,108.78450000000004,108.8055,108.7625,108.79249999999998
2018-01-30 18:45:00,108.79299999999999,108.8485,108.79,108.81
2018-01-30 19:00:00,108.811,108.854,108.7815,108.8395
2018-01-30 19:15:00,108.84100000000001,108.852,108.75,108.75450000000001
2018-01-30 19:30:00,108.7525,108.7905,108.7175,108.76999999999998
2018-01-30 19:45:00,108.7675,108.79500000000002,108.75299999999999,108.7715
2018-01-30 20:00:00,108.772,108.79350000000001,108.76799999999999,108.7815
2018-01-30 20:15:00,108.7825,108.846,108.78049999999999,108.82649999999998
2018-01-30 20:30:00,108.8275,108.87450000000001,108.8275,108.8545
2018-01-30 20:45:00,108.85500000000002,108.8695,108.834,108.8355
2018-01-30 21:00:00,108.84200000000001,108.861,108.80950000000001,108.81299999999999
2018-01-30 21:15:00,108.815,108.825,108.76999999999998,108.79
2018-01-30 21:30:00,108.7905,108.836,108.7885,108.79
2018-01-30 21:45:00,108.7895,108.81549999999999,108.775,108.7755
2018-01-30 22:00:00,108.7765,108.831,108.72,108.742
2018-01-30 22:15:00,108.743,108.81299999999999,108.736,108.7625
2018-01-30 22:30:00,108.7625,108.788,108.7625,108.774
2018-01-30 22:45:00,108.7735,108.80100000000002,108.764,108.76450000000001
2018-01-30 23:00:00,108.76549999999999,108.794,108.76549999999999,108.78450000000001
2018-01-30 23:15:00,108.7835,108.804,108.78049999999999,108.7985
2018-01-30 23:30:00,108.80100000000002,108.8125,108.74549999999995,108.773
2018-01-30 23:45:00,108.7725,108.77750000000002,108.6935,108.743
2018-01-31 01:00:00,108.79299999999999,109.08799999999995,108.79299999999999,109.02950000000001
2018-01-31 01:15:00,109.02850000000001,109.0465,108.89600000000002,108.921
2018-01-31 01:30:00,108.92,108.92,108.82200000000005,108.84049999999999
2018-01-31 01:45:00,108.84200000000001,108.8645,108.7475,108.7975
2018-01-31 02:00:00,108.79799999999999,108.8845,108.777,108.87
2018-01-31 02:15:00,108.87049999999999,108.95200000000001,108.86149999999999,108.939
2018-01-31 02:30:00,108.939,109.09,108.863,109.00450000000001
2018-01-31 02:45:00,109.0035,109.0335,108.92399999999999,108.926
2018-01-31 03:00:00,108.928,108.94200000000001,108.8335,108.867
2018-01-31 03:15:00,108.8665,108.91149999999999,108.86149999999999,108.89
2018-01-31 03:30:00,108.89,108.89049999999999,108.7975,108.851
2018-01-31 03:45:00,108.8505,108.8825,108.83,108.882
2018-01-31 04:00:00,108.881,108.89350000000002,108.852,108.8835
2018-01-31 04:15:00,108.8835,108.895,108.87100000000001,108.88300000000005
2018-01-31 04:30:00,108.88300000000005,108.8955,108.8245,108.8335
2018-01-31 04:45:00,108.8345,108.853,108.8,108.852
2018-01-31 05:00:00,108.852,108.8955,108.829,108.837
2018-01-31 05:15:00,108.84,108.84399999999998,108.7415,108.7715
2018-01-31 05:30:00,108.772,108.779,108.72149999999999,108.73100000000001
2018-01-31 05:45:00,108.7325,108.77950000000001,108.67749999999998,108.6965
2018-01-31 06:00:00,108.6955,108.73299999999999,108.66149999999999,108.678
2018-01-31 06:15:00,108.678,108.72549999999995,108.6485,108.65149999999998
2018-01-31 06:30:00,108.6495,108.70200000000001,108.631,108.69200000000001
2018-01-31 06:45:00,108.691,108.73299999999999,108.6215,108.62850000000002
2018-01-31 07:00:00,108.63,108.744,108.62799999999999,108.73649999999999
2018-01-31 07:15:00,108.736,108.74799999999999,108.66950000000001,108.67299999999999
2018-01-31 07:30:00,108.67450000000001,108.70049999999999,108.60500000000002,108.61550000000005
2018-01-31 07:45:00,108.6185,108.694,108.598,108.694
2018-01-31 08:00:00,108.6945,108.7535,108.678,108.68600000000002
2018-01-31 08:15:00,108.6865,108.695,108.63,108.68950000000001
2018-01-31 08:30:00,108.689,108.744,108.68549999999999,108.74
2018-01-31 08:45:00,108.7395,108.79450000000001,108.72,108.764
2018-01-31 09:00:00,108.765,108.77950000000001,108.7,108.76549999999996
2018-01-31 09:15:00,108.76549999999996,108.76549999999996,108.7175,108.73
2018-01-31 09:30:00,108.7295,108.7295,108.66950000000001,108.6805
2018-01-31 09:45:00,108.679,108.723,108.67499999999998,108.705
2018-01-31 10:00:00,108.70450000000001,108.77249999999998,108.69149999999999,108.755
2018-01-31 10:15:00,108.75399999999999,108.81,108.7465,108.7665
2018-01-31 10:30:00,108.76549999999996,108.84049999999999,108.756,108.8355
2018-01-31 10:45:00,108.835,108.8395,108.79799999999999,108.82350000000001
2018-01-31 11:00:00,108.82350000000001,108.84299999999999,108.77600000000001,108.7925
2018-01-31 11:15:00,108.79249999999998,108.8065,108.75299999999999,108.777
2018-01-31 11:30:00,108.7765,108.7915,108.742,108.7715
2018-01-31 11:45:00,108.7705,108.78649999999999,108.7615,108.77249999999998
2018-01-31 12:00:00,108.7745,108.77950000000001,108.7125,108.76950000000001
2018-01-31 12:15:00,108.76950000000001,108.80299999999995,108.7685,108.78049999999999
2018-01-31 12:30:00,108.78000000000002,108.859,108.77950000000001,108.84899999999999
2018-01-31 12:45:00,108.84899999999999,108.882,108.835,108.85700000000001
2018-01-31 13:00:00,108.85700000000001,108.8695,108.839,108.853
2018-01-31 13:15:00,108.8565,108.98200000000001,108.8545,108.9535
2018-01-31 13:30:00,108.954,108.9875,108.789,108.8425
2018-01-31 13:45:00,108.84200000000001,108.95299999999999,108.8395,108.93799999999999
2018-01-31 14:00:00,108.9365,108.984,108.882,108.9465
2018-01-31 14:15:00,108.948,108.96600000000001,108.8965,108.9285
2018-01-31 14:30:00,108.931,109.024,108.91950000000001,108.9595
2018-01-31 14:45:00,108.9595,108.96549999999999,108.8735,108.92200000000001
2018-01-31 15:00:00,108.9235,108.9665,108.8655,108.94200000000001
2018-01-31 15:15:00,108.94049999999999,108.9615,108.87250000000002,108.954
2018-01-31 15:30:00,108.956,109.041,108.9295,108.99799999999999
2018-01-31 15:45:00,108.99950000000001,109.1805,108.99649999999998,109.1735
2018-01-31 16:00:00,109.1735,109.2265,109.098,109.21700000000001
2018-01-31 16:15:00,109.21750000000002,109.27950000000001,109.12950000000001,109.26149999999998
2018-01-31 16:30:00,109.2625,109.29700000000001,109.25200000000001,109.27250000000002
2018-01-31 16:45:00,109.2715,109.425,109.26899999999999,109.31450000000001
2018-01-31 17:00:00,109.3175,109.3515,109.2605,109.3185
2018-01-31 17:15:00,109.32,109.376,109.2285,109.2715
2018-01-31 17:30:00,109.2705,109.3065,109.245,109.28749999999998
2018-01-31 17:45:00,109.2895,109.3645,109.2885,109.36249999999998
2018-01-31 18:00:00,109.36249999999998,109.389,109.28,109.31450000000001
2018-01-31 18:15:00,109.31549999999999,109.33899999999998,109.28450000000001,109.29549999999999
2018-01-31 18:30:00,109.29549999999999,109.31549999999999,109.23549999999999,109.23899999999999
2018-01-31 18:45:00,109.23899999999999,109.2915,109.18799999999999,109.2165
2018-01-31 19:00:00,109.22,109.4145,108.995,109.38750000000002
2018-01-31 19:15:00,109.38600000000001,109.446,109.2755,109.31549999999999
2018-01-31 19:30:00,109.31600000000002,109.34649999999999,109.2095,109.311
2018-01-31 19:45:00,109.31,109.3725,109.09499999999998,109.096
2018-01-31 20:00:00,109.0935,109.1365,109.001,109.0975
2018-01-31 20:15:00,109.098,109.12799999999999,109.0415,109.12700000000004
2018-01-31 20:30:00,109.12700000000004,109.20450000000001,109.09049999999999,109.18649999999998
2018-01-31 20:45:00,109.18549999999996,109.1965,109.1265,109.162
2018-01-31 21:00:00,109.1625,109.18350000000001,109.12549999999999,109.16
2018-01-31 21:15:00,109.15949999999995,109.20200000000001,109.154,109.18299999999999
2018-01-31 21:30:00,109.184,109.2285,109.1805,109.20700000000001
2018-01-31 21:45:00,109.2085,109.23450000000001,109.1755,109.19149999999999
2018-01-31 22:00:00,109.191,109.219,109.18299999999999,109.219
2018-01-31 22:15:00,109.219,109.25450000000001,109.204,109.23
2018-01-31 22:30:00,109.23100000000001,109.24550000000005,109.20649999999999,109.2295
2018-01-31 22:45:00,109.229,109.251,109.1955,109.19750000000002
2018-01-31 23:00:00,109.19750000000002,109.241,109.1935,109.22049999999999
2018-01-31 23:15:00,109.22,109.25,109.204,109.2415
2018-01-31 23:30:00,109.2415,109.262,109.15299999999999,109.15350000000001
2018-01-31 23:45:00,109.15299999999999,109.228,109.1465,109.197
2018-02-01 01:00:00,109.1885,109.353,109.18700000000001,109.3175
2018-02-01 01:15:00,109.3175,109.41450000000005,109.287,109.384
2018-02-01 01:30:00,109.383,109.40549999999999,109.2625,109.27799999999999
2018-02-01 01:45:00,109.27950000000001,109.38950000000001,109.27950000000001,109.3715
2018-02-01 02:00:00,109.3715,109.397,109.338,109.338
2018-02-01 02:15:00,109.33700000000005,109.376,109.31350000000002,109.3575
2018-02-01 02:30:00,109.3575,109.39049999999999,109.30850000000001,109.34149999999998
2018-02-01 02:45:00,109.34049999999999,109.34899999999999,109.2815,109.3395
2018-02-01 03:00:00,109.3395,109.3765,109.3285,109.37049999999999
2018-02-01 03:15:00,109.3695,109.38,109.33549999999995,109.363
2018-02-01 03:30:00,109.36249999999998,109.4,109.33199999999995,109.3325
2018-02-01 03:45:00,109.33199999999995,109.35700000000001,109.31600000000002,109.34050000000005
2018-02-01 04:00:00,109.34100000000001,109.3505,109.2265,109.234
2018-02-01 04:15:00,109.234,109.29950000000004,109.234,109.287
2018-02-01 04:30:00,109.28749999999998,109.31649999999999,109.273,109.309
2018-02-01 04:45:00,109.309,109.311,109.275,109.292
2018-02-01 05:00:00,109.292,109.311,109.2485,109.2915
2018-02-01 05:15:00,109.2915,109.3045,109.25950000000005,109.3025
2018-02-01 05:30:00,109.3025,109.33350000000002,109.2755,109.319
2018-02-01 05:45:00,109.31950000000005,109.365,109.29450000000001,109.34899999999999
2018-02-01 06:00:00,109.3505,109.4835,109.3175,109.47399999999999
2018-02-01 06:15:00,109.473,109.49600000000001,109.439,109.45700000000001
2018-02-01 06:30:00,109.45649999999999,109.538,109.4275,109.49600000000001
2018-02-01 06:45:00,109.4965,109.545,109.46700000000001,109.53450000000001
2018-02-01 07:00:00,109.53499999999998,109.617,109.5185,109.56299999999999
2018-02-01 07:15:00,109.56299999999999,109.6085,109.5355,109.59700000000001
2018-02-01 07:30:00,109.5975,109.61200000000001,109.54799999999999,109.58850000000001
2018-02-01 07:45:00,109.58850000000001,109.641,109.5825,109.594
2018-02-01 08:00:00,109.596,109.596,109.46600000000002,109.46950000000001
2018-02-01 08:15:00,109.47049999999999,109.5855,109.4475,109.5395
2018-02-01 08:30:00,109.539,109.561,109.4785,109.5235
2018-02-01 08:45:00,109.5225,109.57549999999999,109.515,109.5375
2018-02-01 09:00:00,109.5425,109.58800000000005,109.495,109.566
2018-02-01 09:15:00,109.56649999999999,109.63750000000002,109.55750000000002,109.59549999999999
2018-02-01 09:30:00,109.59649999999999,109.626,109.56200000000001,109.61200000000001
2018-02-01 09:45:00,109.61049999999999,109.6825,109.59100000000001,109.632
2018-02-01 10:00:00,109.632,109.66850000000001,109.6285,109.647
2018-02-01 10:15:00,109.646,109.68350000000001,109.634,109.6565
2018-02-01 10:30:00,109.65250000000002,109.67,109.61049999999999,109.6505
2018-02-01 10:45:00,109.6505,109.6825,109.6225,109.669
2018-02-01 11:00:00,109.6605,109.7265,109.6575,109.6965
2018-02-01 11:15:00,109.695,109.75049999999999,109.691,109.73000000000002
2018-02-01 11:30:00,109.7285,109.74750000000002,109.70700000000001,109.70700000000001
2018-02-01 11:45:00,109.70700000000001,109.7145,109.67450000000001,109.6825
2018-02-01 12:00:00,109.682,109.68799999999999,109.631,109.65299999999999
2018-02-01 12:15:00,109.65250000000002,109.6975,109.64049999999999,109.691
2018-02-01 12:30:00,109.691,109.6995,109.633,109.63850000000002
2018-02-01 12:45:00,109.6355,109.6625,109.57700000000001,109.5935
2018-02-01 13:00:00,109.59299999999999,109.68549999999999,109.59299999999999,109.65299999999999
2018-02-01 13:15:00,109.654,109.65700000000001,109.54950000000001,109.5975
2018-02-01 13:30:00,109.59549999999999,109.6455,109.43549999999999,109.46
2018-02-01 13:45:00,109.4595,109.46350000000001,109.36149999999999,109.43299999999995
2018-02-01 14:00:00,109.4315,109.43299999999999,109.287,109.304
2018-02-01 14:15:00,109.3035,109.399,109.2775,109.38750000000002
2018-02-01 14:30:00,109.39049999999999,109.46700000000001,109.351,109.40450000000001
2018-02-01 14:45:00,109.404,109.49700000000001,109.35950000000001,109.4755
2018-02-01 15:00:00,109.4585,109.5505,109.3175,109.329
2018-02-01 15:15:00,109.33,109.419,109.29,109.31549999999999
2018-02-01 15:30:00,109.315,109.31700000000005,109.2395,109.2555
2018-02-01 15:45:00,109.25299999999999,109.3985,109.24700000000001,109.375
2018-02-01 16:00:00,109.37299999999999,109.4235,109.34299999999999,109.37950000000001
2018-02-01 16:15:00,109.3815,109.4775,109.36049999999999,109.4475
2018-02-01 16:30:00,109.44850000000001,109.524,109.43950000000001,109.51899999999999
2018-02-01 16:45:00,109.51899999999999,109.5355,109.471,109.51799999999999
2018-02-01 17:00:00,109.5185,109.536,109.4745,109.495
2018-02-01 17:15:00,109.4945,109.53649999999999,109.4285,109.43450000000001
2018-02-01 17:30:00,109.435,109.52850000000001,109.43399999999998,109.50799999999995
2018-02-01 17:45:00,109.5085,109.58100000000002,109.50449999999995,109.565
2018-02-01 18:00:00,109.56549999999999,109.59450000000001,109.53049999999999,109.58450000000005
2018-02-01 18:15:00,109.58450000000005,109.59949999999995,109.559,109.58700000000005
2018-02-01 18:30:00,109.58700000000005,109.6015,109.48200000000001,109.50399999999999
2018-02-01 18:45:00,109.505,109.52,109.45200000000001,109.469
2018-02-01 19:00:00,109.46799999999999,109.506,109.43450000000001,109.49549999999999
2018-02-01 19:15:00,109.4945,109.5215,109.40549999999999,109.4255
2018-02-01 19:30:00,109.4255,109.458,109.32,109.381
2018-02-01 19:45:00,109.3815,109.42399999999999,109.34899999999999,109.41149999999999
2018-02-01 20:00:00,109.415,109.429,109.33049999999999,109.399
2018-02-01 20:15:00,109.397,109.427,109.33199999999995,109.35799999999999
2018-02-01 20:30:00,109.36200000000001,109.3715,109.2285,109.2295
2018-02-01 20:45:00,109.227,109.3055,109.226,109.3
2018-02-01 21:00:00,109.30149999999999,109.30149999999999,109.245,109.26399999999998
2018-02-01 21:15:00,109.26399999999998,109.35199999999995,109.26399999999998,109.3485
2018-02-01 21:30:00,109.3495,109.36249999999998,109.31549999999999,109.361
2018-02-01 21:45:00,109.361,109.415,109.35899999999998,109.406
2018-02-01 22:00:00,109.40450000000001,109.43,109.38950000000001,109.417
2018-02-01 22:15:00,109.41799999999999,109.43549999999999,109.406,109.42
2018-02-01 22:30:00,109.42049999999999,109.43999999999998,109.40899999999999,109.4255
2018-02-01 22:45:00,109.427,109.4785,109.42599999999997,109.456
2018-02-01 23:00:00,109.456,109.47049999999999,109.44,109.4595
2018-02-01 23:15:00,109.459,109.46799999999999,109.3985,109.402
2018-02-01 23:30:00,109.402,109.44049999999999,109.35700000000001,109.43450000000001
2018-02-01 23:45:00,109.44,109.45450000000001,109.367,109.4
2018-02-02 01:00:00,109.443,109.665,109.41149999999999,109.53450000000001
2018-02-02 01:15:00,109.53299999999999,109.60549999999999,109.302,109.306
2018-02-02 01:30:00,109.3045,109.412,109.28200000000001,109.40299999999999
2018-02-02 01:45:00,109.40299999999999,109.46700000000001,109.374,109.44049999999999
2018-02-02 02:00:00,109.44200000000001,109.51450000000001,109.436,109.49200000000005
2018-02-02 02:15:00,109.49200000000005,109.5245,109.439,109.47200000000001
2018-02-02 02:30:00,109.47149999999999,109.506,109.46600000000001,109.49749999999996
2018-02-02 02:45:00,109.49799999999999,109.694,109.47749999999998,109.65450000000001
2018-02-02 03:00:00,109.65299999999999,109.697,109.624,109.6635
2018-02-02 03:15:00,109.6645,109.697,109.64200000000004,109.667
2018-02-02 03:30:00,109.6665,109.6665,109.6155,109.6225
2018-02-02 03:45:00,109.62200000000001,109.64049999999999,109.5235,109.5275
2018-02-02 04:00:00,109.52899999999998,109.609,109.52850000000001,109.589
2018-02-02 04:15:00,109.59050000000005,109.64299999999999,109.5895,109.62899999999999
2018-02-02 04:30:00,109.62950000000001,109.6675,109.611,109.667
2018-02-02 04:45:00,109.6675,109.6785,109.6425,109.67399999999999
2018-02-02 05:00:00,109.67450000000001,109.70049999999999,109.624,109.637
2018-02-02 05:15:00,109.637,109.67399999999999,109.62950000000001,109.665
2018-02-02 05:30:00,109.6655,109.69,109.6425,109.67349999999996
2018-02-02 05:45:00,109.67299999999999,109.6995,109.6485,109.65500000000002
2018-02-02 06:00:00,109.65500000000002,109.744,109.64299999999999,109.72200000000001
2018-02-02 06:15:00,109.72200000000001,109.7435,109.67200000000001,109.7375
2018-02-02 06:30:00,109.73649999999999,109.818,109.73549999999999,109.762
2018-02-02 06:45:00,109.76299999999999,109.82850000000002,109.74799999999999,109.802
2018-02-02 07:00:00,109.8045,109.8215,109.62549999999999,109.69
2018-02-02 07:15:00,109.69,109.72200000000001,109.64399999999999,109.7095
2018-02-02 07:30:00,109.7095,109.76450000000001,109.652,109.74700000000001
2018-02-02 07:45:00,109.74700000000001,109.7895,109.7185,109.777
2018-02-02 08:00:00,109.77649999999998,109.83,109.72399999999999,109.80850000000002
2018-02-02 08:15:00,109.8065,109.8065,109.70149999999998,109.7615
2018-02-02 08:30:00,109.762,109.795,109.7465,109.7575
2018-02-02 08:45:00,109.759,109.82850000000002,109.7035,109.729
2018-02-02 09:00:00,109.729,109.822,109.72,109.819
2018-02-02 09:15:00,109.819,109.85049999999995,109.786,109.829
2018-02-02 09:30:00,109.82950000000001,109.8925,109.81299999999999,109.8515
2018-02-02 09:45:00,109.851,109.88950000000001,109.814,109.87799999999999
2018-02-02 10:00:00,109.87799999999999,109.89399999999998,109.84850000000002,109.8785
2018-02-02 10:15:00,109.87700000000001,109.92200000000001,109.861,109.8935
2018-02-02 10:30:00,109.896,109.919,109.85550000000005,109.8655
2018-02-02 10:45:00,109.86699999999995,109.887,109.83999999999996,109.88
2018-02-02 11:00:00,109.88,109.915,109.8575,109.86149999999999
2018-02-02 11:15:00,109.861,109.915,109.84649999999999,109.905
2018-02-02 11:30:00,109.90450000000001,109.91,109.84549999999999,109.85
2018-02-02 11:45:00,109.84899999999999,109.90549999999999,109.83900000000003,109.87049999999995
2018-02-02 12:00:00,109.87049999999995,109.88250000000002,109.8535,109.868
2018-02-02 12:15:00,109.86699999999995,109.883,109.8475,109.85600000000001
2018-02-02 12:30:00,109.85549999999999,109.87149999999998,109.8275,109.8585
2018-02-02 12:45:00,109.8585,109.90299999999999,109.84450000000001,109.876
2018-02-02 13:00:00,109.87200000000001,109.8805,109.8355,109.84699999999995
2018-02-02 13:15:00,109.84699999999995,109.943,109.8415,109.9005
2018-02-02 13:30:00,109.90299999999999,110.34049999999999,109.89749999999998,110.238
2018-02-02 13:45:00,110.24549999999999,110.37899999999999,110.23700000000001,110.30149999999999
2018-02-02 14:00:00,110.29950000000001,110.4135,110.2675,110.38
2018-02-02 14:15:00,110.3785,110.43700000000001,110.28950000000005,110.3125
2018-02-02 14:30:00,110.31700000000001,110.3625,110.2605,110.31049999999999
2018-02-02 14:45:00,110.30950000000001,110.43350000000001,110.296,110.4215
2018-02-02 15:00:00,110.4165,110.44149999999999,110.3215,110.3515
2018-02-02 15:15:00,110.3525,110.39399999999999,110.31749999999998,110.3935
2018-02-02 15:30:00,110.39299999999999,110.4465,110.366,110.42299999999999
2018-02-02 15:45:00,110.42299999999999,110.48399999999998,110.37299999999999,110.387
2018-02-02 16:00:00,110.38649999999998,110.416,110.35600000000001,110.3835
2018-02-02 16:15:00,110.385,110.40450000000001,110.35799999999999,110.38649999999998
2018-02-02 16:30:00,110.38649999999998,110.4305,110.354,110.4075
2018-02-02 16:45:00,110.40700000000001,110.42299999999999,110.3695,110.40450000000001
2018-02-02 17:00:00,110.40450000000001,110.42550000000004,110.3665,110.37549999999999
2018-02-02 17:15:00,110.37450000000001,110.4,110.14249999999998,110.1605
2018-02-02 17:30:00,110.15899999999999,110.208,110.09049999999999,110.13850000000001
2018-02-02 17:45:00,110.13899999999998,110.1755,110.12950000000001,110.147
2018-02-02 18:00:00,110.149,110.166,110.01450000000001,110.0745
2018-02-02 18:15:00,110.079,110.134,110.015,110.1335
2018-02-02 18:30:00,110.131,110.1455,110.06399999999998,110.141
2018-02-02 18:45:00,110.13799999999996,110.21549999999999,110.116,110.1965
2018-02-02 19:00:00,110.19700000000005,110.2425,110.17049999999999,110.208
2018-02-02 19:15:00,110.208,110.33049999999999,110.1975,110.275
2018-02-02 19:30:00,110.2745,110.3205,110.2395,110.275
2018-02-02 19:45:00,110.2745,110.29799999999999,110.23549999999999,110.2625
2018-02-02 20:00:00,110.2625,110.2875,110.17049999999999,110.184
2018-02-02 20:15:00,110.18350000000001,110.21950000000001,110.12450000000001,110.1285
2018-02-02 20:30:00,110.12899999999999,110.18249999999998,110.084,110.156
2018-02-02 20:45:00,110.15700000000001,110.20100000000001,110.1,110.10549999999999
2018-02-02 21:00:00,110.1075,110.1805,110.08200000000001,110.1305
2018-02-02 21:15:00,110.13,110.19700000000005,110.12149999999998,110.189
2018-02-02 21:30:00,110.189,110.21600000000001,110.14299999999999,110.212
2018-02-02 21:45:00,110.212,110.22049999999999,110.14249999999998,110.1635
2018-02-04 22:00:00,110.20649999999999,110.249,110.1675,110.244
2018-02-04 22:15:00,110.2445,110.28950000000005,110.24,110.27850000000001
2018-02-04 22:30:00,110.27799999999999,110.291,110.2225,110.27950000000001
2018-02-04 22:45:00,110.27950000000001,110.2875,110.2515,110.274
2018-02-04 23:00:00,110.274,110.28200000000001,110.09850000000002,110.1015
2018-02-04 23:15:00,110.1035,110.12100000000001,110.04299999999999,110.0895
2018-02-04 23:30:00,110.089,110.0915,110.038,110.085
2018-02-04 23:45:00,110.085,110.1085,110.02299999999995,110.038
2018-02-05 01:00:00,109.8365,109.8855,109.802,109.86149999999999
2018-02-05 01:15:00,109.86200000000001,109.9275,109.79450000000001,109.90700000000001
2018-02-05 01:30:00,109.90600000000002,109.94700000000005,109.89149999999998,109.9125
2018-02-05 01:45:00,109.913,109.97200000000001,109.87950000000001,109.90899999999999
2018-02-05 02:00:00,109.90899999999999,110.005,109.8865,109.979
2018-02-05 02:15:00,109.98000000000002,110.016,109.94,109.946
2018-02-05 02:30:00,109.945,109.9625,109.84450000000001,109.8525
2018-02-05 02:45:00,109.85200000000005,109.8925,109.834,109.87100000000001
2018-02-05 03:00:00,109.87,109.962,109.87,109.92700000000005
2018-02-05 03:15:00,109.9275,109.9375,109.863,109.891
2018-02-05 03:30:00,109.88850000000001,109.95700000000001,109.88850000000001,109.92600000000002
2018-02-05 03:45:00,109.92700000000005,109.96350000000001,109.92049999999999,109.9615
2018-02-05 04:00:00,109.9605,109.978,109.93950000000001,109.9535
2018-02-05 04:15:00,109.954,109.961,109.932,109.9475
2018-02-05 04:30:00,109.948,110.023,109.93350000000001,110.014
2018-02-05 04:45:00,110.014,110.039,109.991,110.00049999999999
2018-02-05 05:00:00,109.999,110.03,109.9905,110.0215
2018-02-05 05:15:00,110.02299999999995,110.08300000000004,110.0175,110.04149999999998
2018-02-05 05:30:00,110.041,110.04549999999999,109.9665,109.97149999999999
2018-02-05 05:45:00,109.97249999999998,110.00200000000001,109.9475,109.962
2018-02-05 06:00:00,109.963,109.963,109.9015,109.9285
2018-02-05 06:15:00,109.928,110.0,109.92649999999999,109.9945
2018-02-05 06:30:00,109.994,110.056,109.985,110.008
2018-02-05 06:45:00,110.0065,110.046,110.0015,110.02
2018-02-05 07:00:00,110.0205,110.0555,109.961,109.9895
2018-02-05 07:15:00,109.98999999999998,110.0025,109.929,109.95450000000001
2018-02-05 07:30:00,109.954,110.06,109.9475,109.9905
2018-02-05 07:45:00,109.98999999999998,110.00200000000001,109.89749999999998,109.9135
2018-02-05 08:00:00,109.9125,109.9125,109.78,109.835
2018-02-05 08:15:00,109.83450000000005,109.881,109.8035,109.859
2018-02-05 08:30:00,109.85799999999999,109.8695,109.8045,109.8215
2018-02-05 08:45:00,109.8205,109.87049999999995,109.7575,109.77299999999995
2018-02-05 09:00:00,109.774,109.84450000000001,109.764,109.78450000000001
2018-02-05 09:15:00,109.78399999999999,109.8585,109.78399999999999,109.83850000000001
2018-02-05 09:30:00,109.83900000000003,109.85950000000001,109.792,109.814
2018-02-05 09:45:00,109.8135,109.8925,109.80850000000002,109.8925
2018-02-05 10:00:00,109.89049999999996,109.899,109.84299999999999,109.845
2018-02-05 10:15:00,109.84549999999999,109.8805,109.82700000000001,109.829
2018-02-05 10:30:00,109.83,109.8365,109.7975,109.8175
2018-02-05 10:45:00,109.81700000000001,109.85049999999995,109.80500000000002,109.85049999999995
2018-02-05 11:00:00,109.851,109.88799999999999,109.845,109.8785
2018-02-05 11:15:00,109.87799999999999,109.87799999999999,109.8265,109.85700000000001
2018-02-05 11:30:00,109.85799999999999,109.8645,109.652,109.686
2018-02-05 11:45:00,109.68700000000001,109.77950000000001,109.645,109.75700000000005
2018-02-05 12:00:00,109.7575,109.7575,109.68300000000005,109.6935
2018-02-05 12:15:00,109.6935,109.7665,109.69200000000001,109.73200000000001
2018-02-05 12:30:00,109.73200000000001,109.837,109.7295,109.7675
2018-02-05 12:45:00,109.76700000000001,109.8195,109.7465,109.8185
2018-02-05 13:00:00,109.8175,109.87399999999998,109.79999999999998,109.86149999999999
2018-02-05 13:15:00,109.861,109.90299999999999,109.84649999999999,109.87200000000001
2018-02-05 13:30:00,109.8725,109.87700000000001,109.794,109.8365
2018-02-05 13:45:00,109.835,109.84899999999999,109.8065,109.84450000000001
2018-02-05 14:00:00,109.8435,109.889,109.8185,109.848
2018-02-05 14:15:00,109.84899999999999,109.87149999999998,109.823,109.86149999999999
2018-02-05 14:30:00,109.859,110.009,109.774,109.98999999999998
2018-02-05 14:45:00,109.9885,110.1655,109.95700000000001,110.152
2018-02-05 15:00:00,110.152,110.25299999999999,110.0875,110.165
2018-02-05 15:15:00,110.1645,110.26549999999999,110.1335,110.21799999999999
2018-02-05 15:30:00,110.21649999999998,110.23450000000001,110.1365,110.1645
2018-02-05 15:45:00,110.164,110.167,110.08200000000001,110.09549999999999
2018-02-05 16:00:00,110.09649999999999,110.132,110.07950000000004,110.1015
2018-02-05 16:15:00,110.10300000000005,110.13950000000001,110.0615,110.09649999999999
2018-02-05 16:30:00,110.09549999999999,110.09549999999999,110.012,110.0395
2018-02-05 16:45:00,110.04049999999995,110.141,110.02450000000005,110.11049999999999
2018-02-05 17:00:00,110.109,110.109,110.0085,110.04950000000001
2018-02-05 17:15:00,110.0505,110.06749999999998,109.97049999999999,109.99700000000001
2018-02-05 17:30:00,109.99750000000002,110.0555,109.992,110.0395
2018-02-05 17:45:00,110.039,110.06450000000001,109.9645,109.9645
2018-02-05 18:00:00,109.962,109.96700000000001,109.90299999999999,109.93450000000001
2018-02-05 18:15:00,109.93549999999999,109.954,109.819,109.8695
2018-02-05 18:30:00,109.869,109.8855,109.77,109.7895
2018-02-05 18:45:00,109.788,109.90700000000001,109.76799999999999,109.90549999999999
2018-02-05 19:00:00,109.905,109.9065,109.823,109.8635
2018-02-05 19:15:00,109.863,109.876,109.7445,109.7675
2018-02-05 19:30:00,109.76700000000001,109.822,109.7435,109.81450000000001
2018-02-05 19:45:00,109.8175,109.8565,109.675,109.69799999999995
2018-02-05 20:00:00,109.69850000000001,109.73450000000001,109.12299999999999,109.60899999999998
2018-02-05 20:15:00,109.60549999999999,109.691,109.4155,109.5245
2018-02-05 20:30:00,109.52850000000001,109.564,109.3035,109.37799999999999
2018-02-05 20:45:00,109.375,109.425,109.2265,109.23299999999999
2018-02-05 21:00:00,109.2315,109.31700000000005,108.992,109.10950000000001
2018-02-05 21:15:00,109.1075,109.2625,109.04549999999999,109.23200000000001
2018-02-05 21:30:00,109.2325,109.29250000000002,109.18299999999999,109.18299999999999
2018-02-05 21:45:00,109.18299999999999,109.194,109.038,109.069
2018-02-05 22:00:00,109.08149999999999,109.17299999999999,109.08149999999999,109.104
2018-02-05 22:15:00,109.1035,109.148,109.0745,109.148
2018-02-05 22:30:00,109.1475,109.2285,109.1355,109.1575
2018-02-05 22:45:00,109.154,109.165,109.0765,109.1305
2018-02-05 23:00:00,109.132,109.2245,109.089,109.2225
2018-02-05 23:15:00,109.223,109.25399999999999,109.145,109.2285
2018-02-05 23:30:00,109.2285,109.243,109.164,109.16950000000001
2018-02-05 23:45:00,109.17049999999999,109.23,109.01299999999996,109.056
2018-02-06 01:00:00,109.119,109.175,109.046,109.054
2018-02-06 01:15:00,109.0575,109.13850000000001,109.0165,109.024
2018-02-06 01:30:00,109.0225,109.07350000000001,108.87200000000001,108.92049999999999
2018-02-06 01:45:00,108.92,108.9375,108.5475,108.645
2018-02-06 02:00:00,108.64399999999999,108.76000000000002,108.56299999999999,108.725
2018-02-06 02:15:00,108.7245,108.734,108.6185,108.7165
2018-02-06 02:30:00,108.71549999999999,108.7405,108.6585,108.679
2018-02-06 02:45:00,108.6785,108.73899999999999,108.624,108.6655
2018-02-06 03:00:00,108.665,108.7485,108.661,108.7235
2018-02-06 03:15:00,108.7225,108.7825,108.6975,108.77799999999999
2018-02-06 03:30:00,108.7755,108.7765,108.682,108.70700000000001
2018-02-06 03:45:00,108.70649999999999,108.73,108.58850000000001,108.6135
2018-02-06 04:00:00,108.61450000000005,108.65950000000001,108.56,108.571
2018-02-06 04:15:00,108.5715,108.73100000000001,108.54299999999999,108.6355
2018-02-06 04:30:00,108.63600000000001,108.65100000000001,108.51000000000002,108.53399999999999
2018-02-06 04:45:00,108.53350000000002,108.6785,108.45699999999995,108.655
2018-02-06 05:00:00,108.65149999999998,108.86399999999999,108.6125,108.85799999999999
2018-02-06 05:15:00,108.85799999999999,108.8845,108.7315,108.83049999999999
2018-02-06 05:30:00,108.831,108.97399999999999,108.8135,108.97
2018-02-06 05:45:00,108.965,108.965,108.814,108.87700000000001
2018-02-06 06:00:00,108.8775,108.947,108.772,108.8535
2018-02-06 06:15:00,108.85250000000002,108.87799999999999,108.743,108.8625
2018-02-06 06:30:00,108.86049999999999,109.0,108.834,108.9435
2018-02-06 06:45:00,108.94200000000001,108.9465,108.8665,108.89
2018-02-06 07:00:00,108.88950000000001,109.11399999999999,108.87250000000002,109.00049999999999
2018-02-06 07:15:00,109.0025,109.104,108.95549999999999,109.098
2018-02-06 07:30:00,109.09700000000001,109.1825,109.04299999999999,109.05100000000002
2018-02-06 07:45:00,109.0505,109.0855,108.97,109.022
2018-02-06 08:00:00,109.023,109.135,108.9515,109.0975
2018-02-06 08:15:00,109.0985,109.2585,109.0865,109.2225
2018-02-06 08:30:00,109.22149999999999,109.31950000000005,109.209,109.2705
2018-02-06 08:45:00,109.2685,109.3005,109.227,109.277
2018-02-06 09:00:00,109.27850000000001,109.27850000000001,109.13799999999999,109.14700000000005
2018-02-06 09:15:00,109.1465,109.20999999999998,109.11200000000001,109.11249999999998
2018-02-06 09:30:00,109.1135,109.1265,109.022,109.0615
2018-02-06 09:45:00,109.0635,109.0635,108.99799999999999,109.00949999999995
2018-02-06 10:00:00,109.01,109.0225,108.9235,108.9645
2018-02-06 10:15:00,108.964,109.00249999999998,108.8835,108.90749999999998
2018-02-06 10:30:00,108.9085,109.1345,108.89049999999999,109.0985
2018-02-06 10:45:00,109.09899999999999,109.1775,109.06049999999999,109.16899999999998
2018-02-06 11:00:00,109.16850000000001,109.19149999999999,109.055,109.098
2018-02-06 11:15:00,109.09749999999998,109.105,109.00049999999999,109.00399999999999
2018-02-06 11:30:00,109.00500000000002,109.096,108.965,109.007
2018-02-06 11:45:00,109.0075,109.07399999999998,108.95000000000002,108.9935
2018-02-06 12:00:00,108.9945,109.056,108.943,109.056
2018-02-06 12:15:00,109.0565,109.2475,109.04299999999999,109.1955
2018-02-06 12:30:00,109.19500000000002,109.25399999999999,109.16950000000001,109.206
2018-02-06 12:45:00,109.21350000000001,109.32,109.15799999999999,109.28399999999998
2018-02-06 13:00:00,109.28200000000001,109.51149999999998,109.24550000000005,109.46350000000001
2018-02-06 13:15:00,109.46350000000001,109.4945,109.35,109.3515
2018-02-06 13:30:00,109.3525,109.42399999999999,109.27,109.4175
2018-02-06 13:45:00,109.41649999999998,109.49549999999999,109.37899999999998,109.473
2018-02-06 14:00:00,109.47149999999999,109.48649999999999,109.3655,109.41100000000002
2018-02-06 14:15:00,109.41299999999995,109.43999999999998,109.361,109.43549999999999
2018-02-06 14:30:00,109.43649999999998,109.652,109.331,109.48250000000002
2018-02-06 14:45:00,109.4835,109.5705,109.41800000000005,109.439
2018-02-06 15:00:00,109.43950000000001,109.53049999999999,109.3375,109.37450000000001
2018-02-06 15:15:00,109.37299999999999,109.40850000000002,109.21549999999999,109.26399999999998
2018-02-06 15:30:00,109.265,109.33850000000001,109.16950000000001,109.3245
2018-02-06 15:45:00,109.32350000000001,109.3955,109.2775,109.29450000000001
2018-02-06 16:00:00,109.2975,109.32350000000001,109.1735,109.20299999999999
2018-02-06 16:15:00,109.204,109.251,109.1145,109.14350000000002
2018-02-06 16:30:00,109.141,109.2085,109.09299999999999,109.1935
2018-02-06 16:45:00,109.194,109.271,109.15799999999999,109.18549999999996
2018-02-06 17:00:00,109.18549999999996,109.275,109.16850000000001,109.18549999999996
2018-02-06 17:15:00,109.18450000000001,109.28450000000001,109.1135,109.26049999999995
2018-02-06 17:30:00,109.26049999999995,109.45450000000001,109.2575,109.431
2018-02-06 17:45:00,109.43049999999995,109.446,109.3265,109.35649999999998
2018-02-06 18:00:00,109.3575,109.3575,109.191,109.23100000000001
2018-02-06 18:15:00,109.2315,109.3,109.213,109.27250000000002
2018-02-06 18:30:00,109.271,109.271,109.16149999999999,109.22149999999999
2018-02-06 18:45:00,109.22149999999999,109.22149999999999,109.12899999999999,109.13
2018-02-06 19:00:00,109.12799999999999,109.194,109.09499999999998,109.175
2018-02-06 19:15:00,109.175,109.175,109.085,109.139
2018-02-06 19:30:00,109.13799999999999,109.29799999999999,109.124,109.29799999999999
2018-02-06 19:45:00,109.2985,109.37700000000001,109.29,109.3285
2018-02-06 20:00:00,109.3285,109.4365,109.32799999999999,109.3915
2018-02-06 20:15:00,109.39399999999999,109.506,109.37899999999998,109.478
2018-02-06 20:30:00,109.478,109.60950000000001,109.47049999999999,109.58149999999999
2018-02-06 20:45:00,109.58100000000002,109.58850000000001,109.527,109.5505
2018-02-06 21:00:00,109.555,109.5775,109.51549999999999,109.571
2018-02-06 21:15:00,109.5725,109.60649999999998,109.56350000000002,109.59850000000002
2018-02-06 21:30:00,109.5985,109.6045,109.546,109.5895
2018-02-06 21:45:00,109.59,109.632,109.55,109.55950000000001
2018-02-06 22:00:00,109.56000000000002,109.5865,109.473,109.5615
2018-02-06 22:15:00,109.5635,109.596,109.5425,109.57700000000001
2018-02-06 22:30:00,109.5785,109.5855,109.56299999999999,109.581
2018-02-06 22:45:00,109.579,109.71549999999999,109.57799999999999,109.70549999999999
2018-02-06 23:00:00,109.70299999999999,109.70549999999999,109.65100000000001,109.654
2018-02-06 23:15:00,109.6525,109.67450000000001,109.598,109.60649999999998
2018-02-06 23:30:00,109.60600000000001,109.64200000000001,109.57950000000001,109.639
2018-02-06 23:45:00,109.63799999999999,109.6455,109.56450000000001,109.6285
2018-02-07 01:00:00,109.4455,109.4735,109.38799999999999,109.463
2018-02-07 01:15:00,109.4615,109.505,109.4285,109.44500000000002
2018-02-07 01:30:00,109.44500000000002,109.479,109.41100000000002,109.42200000000001
2018-02-07 01:45:00,109.42200000000001,109.456,109.396,109.43950000000001
2018-02-07 02:00:00,109.441,109.53299999999999,109.441,109.49650000000003
2018-02-07 02:15:00,109.4965,109.4975,109.42399999999999,109.4435
2018-02-07 02:30:00,109.443,109.473,109.4125,109.447
2018-02-07 02:45:00,109.446,109.45,109.2835,109.287
2018-02-07 03:00:00,109.287,109.39049999999999,109.279,109.387
2018-02-07 03:15:00,109.3865,109.39200000000001,109.26549999999999,109.33850000000001
2018-02-07 03:30:00,109.3395,109.3535,109.2575,109.2985
2018-02-07 03:45:00,109.29799999999999,109.36249999999998,109.2825,109.3475
2018-02-07 04:00:00,109.3485,109.3545,109.2755,109.28049999999996
2018-02-07 04:15:00,109.28049999999996,109.31600000000002,109.257,109.31299999999999
2018-02-07 04:30:00,109.31299999999999,109.3275,109.2835,109.294
2018-02-07 04:45:00,109.29450000000001,109.3125,109.2415,109.275
2018-02-07 05:00:00,109.277,109.277,109.20649999999998,109.2245
2018-02-07 05:15:00,109.225,109.226,109.14700000000005,109.21950000000001
2018-02-07 05:30:00,109.21950000000001,109.23850000000002,109.1995,109.1995
2018-02-07 05:45:00,109.19850000000001,109.226,109.15,109.166
2018-02-07 06:00:00,109.1675,109.18950000000001,109.1365,109.15350000000001
2018-02-07 06:15:00,109.15400000000004,109.19200000000001,109.1485,109.1715
2018-02-07 06:30:00,109.171,109.24799999999999,109.1355,109.2465
2018-02-07 06:45:00,109.2445,109.256,109.1755,109.1995
2018-02-07 07:00:00,109.1995,109.26,109.14350000000002,109.15700000000001
2018-02-07 07:15:00,109.1575,109.19500000000002,109.113,109.12450000000001
2018-02-07 07:30:00,109.125,109.1315,109.00450000000001,109.07200000000005
2018-02-07 07:45:00,109.0715,109.085,109.03399999999999,109.0415
2018-02-07 08:00:00,109.041,109.041,108.96350000000001,108.98100000000001
2018-02-07 08:15:00,108.98,109.007,108.92049999999999,109.0035
2018-02-07 08:30:00,109.0055,109.059,109.00399999999999,109.023
2018-02-07 08:45:00,109.024,109.065,108.995,109.01799999999999
2018-02-07 09:00:00,109.01649999999998,109.01799999999999,108.92399999999999,108.96600000000001
2018-02-07 09:15:00,108.9645,109.0335,108.939,109.02799999999999
2018-02-07 09:30:00,109.0275,109.065,109.01700000000001,109.039
2018-02-07 09:45:00,109.03999999999998,109.08850000000001,109.0265,109.087
2018-02-07 10:00:00,109.087,109.119,109.05799999999999,109.0995
2018-02-07 10:15:00,109.098,109.14350000000002,109.0575,109.059
2018-02-07 10:30:00,109.059,109.07350000000001,109.0225,109.06
2018-02-07 10:45:00,109.06,109.12250000000002,109.06,109.11049999999999
2018-02-07 11:00:00,109.11200000000001,109.116,109.0275,109.09499999999998
2018-02-07 11:15:00,109.094,109.13799999999999,109.0865,109.10700000000001
2018-02-07 11:30:00,109.1075,109.22200000000001,109.096,109.2035
2018-02-07 11:45:00,109.2025,109.2465,109.16149999999999,109.1875
2018-02-07 12:00:00,109.18999999999998,109.2485,109.17399999999999,109.228
2018-02-07 12:15:00,109.228,109.33350000000002,109.214,109.291
2018-02-07 12:30:00,109.29,109.369,109.251,109.3635
2018-02-07 12:45:00,109.3635,109.3715,109.259,109.277
2018-02-07 13:00:00,109.2765,109.29500000000002,109.23899999999999,109.28450000000001
2018-02-07 13:15:00,109.28499999999998,109.3055,109.18700000000001,109.209
2018-02-07 13:30:00,109.2075,109.2075,109.16299999999995,109.185
2018-02-07 13:45:00,109.185,109.2835,109.1345,109.229
2018-02-07 14:00:00,109.2285,109.29299999999999,109.177,109.26899999999999
2018-02-07 14:15:00,109.2715,109.3285,109.25200000000001,109.25299999999999
2018-02-07 14:30:00,109.24799999999999,109.30850000000001,109.181,109.20100000000002
2018-02-07 14:45:00,109.20100000000002,109.236,109.12450000000001,109.22
2018-02-07 15:00:00,109.21950000000001,109.3045,109.15149999999998,109.28399999999999
2018-02-07 15:15:00,109.28399999999999,109.31,109.23649999999999,109.238
2018-02-07 15:30:00,109.23899999999999,109.2915,109.18799999999999,109.227
2018-02-07 15:45:00,109.2315,109.3585,109.21950000000001,109.25799999999995
2018-02-07 16:00:00,109.25799999999995,109.38,109.24550000000005,109.37950000000001
2018-02-07 16:15:00,109.37950000000001,109.5175,109.37,109.5175
2018-02-07 16:30:00,109.51700000000001,109.51700000000001,109.41800000000005,109.47
2018-02-07 16:45:00,109.47049999999999,109.53499999999998,109.39350000000002,109.5275
2018-02-07 17:00:00,109.52799999999999,109.59200000000001,109.525,109.54899999999998
2018-02-07 17:15:00,109.55,109.575,109.47200000000001,109.477
2018-02-07 17:30:00,109.4765,109.4925,109.395,109.45049999999996
2018-02-07 17:45:00,109.45,109.6775,109.4495,109.5785
2018-02-07 18:00:00,109.579,109.6315,109.47200000000001,109.49
2018-02-07 18:15:00,109.48899999999999,109.48899999999999,109.2565,109.33199999999995
2018-02-07 18:30:00,109.334,109.4605,109.26,109.44500000000002
2018-02-07 18:45:00,109.44500000000002,109.44500000000002,109.32700000000001,109.354
2018-02-07 19:00:00,109.354,109.3575,109.273,109.34700000000001
2018-02-07 19:15:00,109.34700000000001,109.363,109.286,109.36049999999999
2018-02-07 19:30:00,109.36,109.53450000000001,109.35199999999995,109.37799999999999
2018-02-07 19:45:00,109.37799999999999,109.431,109.31549999999999,109.405
2018-02-07 20:00:00,109.402,109.6215,109.402,109.5865
2018-02-07 20:15:00,109.58350000000002,109.67649999999999,109.53249999999998,109.65299999999999
2018-02-07 20:30:00,109.6525,109.7015,109.6455,109.6735
2018-02-07 20:45:00,109.671,109.671,109.5775,109.59500000000004
2018-02-07 21:00:00,109.59450000000001,109.63500000000002,109.49600000000001,109.501
2018-02-07 21:15:00,109.5025,109.514,109.435,109.4525
2018-02-07 21:30:00,109.45299999999999,109.4795,109.3655,109.366
2018-02-07 21:45:00,109.367,109.3725,109.2685,109.324
2018-02-07 22:00:00,109.323,109.4215,109.30850000000001,109.311
2018-02-07 22:15:00,109.31000000000002,109.35600000000001,109.2855,109.29950000000001
2018-02-07 22:30:00,109.29950000000001,109.348,109.2715,109.338
2018-02-07 22:45:00,109.33850000000001,109.37950000000001,109.32600000000001,109.375
2018-02-07 23:00:00,109.375,109.384,109.34700000000001,109.35700000000001
2018-02-07 23:15:00,109.35649999999998,109.35649999999998,109.30149999999999,109.32799999999999
2018-02-07 23:30:00,109.32799999999999,109.33350000000002,109.195,109.1965
2018-02-07 23:45:00,109.19750000000002,109.24,109.134,109.156
2018-02-08 01:00:00,109.3245,109.395,109.31200000000001,109.35199999999995
2018-02-08 01:15:00,109.3525,109.3575,109.28649999999999,109.29799999999999
2018-02-08 01:30:00,109.29799999999999,109.33,109.23049999999999,109.281
2018-02-08 01:45:00,109.28,109.35649999999998,109.26950000000001,109.29700000000001
2018-02-08 02:00:00,109.2965,109.318,109.288,109.3065
2018-02-08 02:15:00,109.3055,109.33,109.26149999999998,109.33
2018-02-08 02:30:00,109.33,109.3985,109.318,109.35899999999998
2018-02-08 02:45:00,109.36,109.396,109.34100000000001,109.3725
2018-02-08 03:00:00,109.3715,109.39200000000001,109.361,109.375
2018-02-08 03:15:00,109.37549999999999,109.38249999999998,109.29299999999999,109.338
2018-02-08 03:30:00,109.33700000000005,109.363,109.28049999999996,109.287
2018-02-08 03:45:00,109.287,109.35950000000001,109.287,109.34899999999999
2018-02-08 04:00:00,109.34899999999999,109.39800000000005,109.34200000000001,109.3955
2018-02-08 04:15:00,109.395,109.557,109.355,109.5225
2018-02-08 04:30:00,109.524,109.58700000000005,109.4755,109.55149999999998
2018-02-08 04:45:00,109.552,109.57,109.516,109.56200000000001
2018-02-08 05:00:00,109.5625,109.66850000000001,109.538,109.654
2018-02-08 05:15:00,109.6565,109.6865,109.5765,109.63750000000002
2018-02-08 05:30:00,109.63950000000001,109.6825,109.55850000000001,109.6715
2018-02-08 05:45:00,109.671,109.671,109.6075,109.654
2018-02-08 06:00:00,109.65450000000001,109.6975,109.58,109.64049999999999
2018-02-08 06:15:00,109.63799999999999,109.641,109.5985,109.634
2018-02-08 06:30:00,109.635,109.76549999999999,109.62899999999999,109.7615
2018-02-08 06:45:00,109.76050000000005,109.78399999999999,109.73899999999999,109.7755
2018-02-08 07:00:00,109.775,109.77600000000001,109.60399999999998,109.6515
2018-02-08 07:15:00,109.6515,109.6645,109.60549999999999,109.61399999999999
2018-02-08 07:30:00,109.6145,109.634,109.512,109.53049999999999
2018-02-08 07:45:00,109.53049999999999,109.601,109.515,109.5375
2018-02-08 08:00:00,109.5385,109.57600000000001,109.479,109.5615
2018-02-08 08:15:00,109.56299999999999,109.7275,109.55799999999999,109.721
2018-02-08 08:30:00,109.71799999999999,109.721,109.67,109.694
2018-02-08 08:45:00,109.695,109.7145,109.634,109.6435
2018-02-08 09:00:00,109.6455,109.6815,109.60950000000001,109.6355
2018-02-08 09:15:00,109.637,109.70100000000001,109.63600000000001,109.697
2018-02-08 09:30:00,109.697,109.74499999999998,109.697,109.7035
2018-02-08 09:45:00,109.70450000000001,109.758,109.6975,109.74549999999999
2018-02-08 10:00:00,109.7445,109.751,109.665,109.695
2018-02-08 10:15:00,109.69449999999995,109.70200000000001,109.6355,109.649
2018-02-08 10:30:00,109.6495,109.6645,109.613,109.619
2018-02-08 10:45:00,109.6185,109.63850000000002,109.5895,109.59549999999999
2018-02-08 11:00:00,109.594,109.663,109.59299999999999,109.6605
2018-02-08 11:15:00,109.661,109.69850000000001,109.65600000000002,109.666
2018-02-08 11:30:00,109.6655,109.6925,109.59200000000001,109.624
2018-02-08 11:45:00,109.62299999999996,109.6785,109.569,109.6785
2018-02-08 12:00:00,109.67649999999999,109.7185,109.60549999999999,109.67
2018-02-08 12:15:00,109.67049999999999,109.73899999999999,109.661,109.6955
2018-02-08 12:30:00,109.696,109.76700000000001,109.695,109.69799999999995
2018-02-08 12:45:00,109.69799999999995,109.73049999999999,109.632,109.632
2018-02-08 13:00:00,109.62749999999998,109.67600000000002,109.6075,109.6125
2018-02-08 13:15:00,109.6125,109.67399999999999,109.601,109.635
2018-02-08 13:30:00,109.637,109.7265,109.6215,109.62799999999999
2018-02-08 13:45:00,109.6285,109.639,109.53200000000001,109.5695
2018-02-08 14:00:00,109.5695,109.6145,109.544,109.551
2018-02-08 14:15:00,109.55249999999998,109.56049999999999,109.47749999999998,109.48899999999999
2018-02-08 14:30:00,109.4915,109.495,109.41299999999995,109.425
2018-02-08 14:45:00,109.4295,109.477,109.33350000000002,109.43450000000001
2018-02-08 15:00:00,109.43399999999998,109.53450000000001,109.399,109.507
2018-02-08 15:15:00,109.5055,109.556,109.4425,109.4535
2018-02-08 15:30:00,109.45450000000001,109.495,109.39399999999999,109.3955
2018-02-08 15:45:00,109.395,109.399,109.22399999999999,109.24549999999999
2018-02-08 16:00:00,109.2435,109.29549999999999,109.0825,109.08799999999995
2018-02-08 16:15:00,109.0875,109.149,108.889,108.93950000000001
2018-02-08 16:30:00,108.9385,109.134,108.912,109.027
2018-02-08 16:45:00,109.0245,109.1335,108.9725,109.01399999999998
2018-02-08 17:00:00,109.01100000000001,109.04700000000001,108.8275,108.83049999999999
2018-02-08 17:15:00,108.833,108.8765,108.6865,108.72149999999999
2018-02-08 17:30:00,108.71950000000001,108.8975,108.70049999999999,108.807
2018-02-08 17:45:00,108.804,108.807,108.58200000000001,108.677
2018-02-08 18:00:00,108.67649999999999,108.8335,108.5995,108.8075
2018-02-08 18:15:00,108.8055,108.93000000000002,108.7815,108.853
2018-02-08 18:30:00,108.852,108.986,108.83049999999999,108.954
2018-02-08 18:45:00,108.954,108.975,108.869,108.929
2018-02-08 19:00:00,108.92649999999999,108.959,108.82049999999995,108.9365
2018-02-08 19:15:00,108.94,108.99799999999999,108.87799999999999,108.9
2018-02-08 19:30:00,108.89600000000002,108.9465,108.8125,108.9105
2018-02-08 19:45:00,108.90950000000001,108.93299999999999,108.851,108.854
2018-02-08 20:00:00,108.8435,108.9685,108.8175,108.868
2018-02-08 20:15:00,108.87,108.913,108.8185,108.85500000000002
2018-02-08 20:30:00,108.85549999999999,108.87200000000001,108.682,108.7605
2018-02-08 20:45:00,108.7595,108.7615,108.6605,108.72199999999995
2018-02-08 21:00:00,108.7235,108.86149999999999,108.7235,108.79299999999999
2018-02-08 21:15:00,108.794,108.8625,108.67149999999998,108.70950000000005
2018-02-08 21:30:00,108.711,108.74950000000001,108.711,108.73750000000004
2018-02-08 21:45:00,108.73700000000001,108.76799999999999,108.711,108.74
2018-02-08 22:00:00,108.7395,108.8195,108.734,108.7665
2018-02-08 22:15:00,108.7665,108.792,108.72049999999999,108.76999999999998
2018-02-08 22:30:00,108.771,108.885,108.7705,108.82399999999998
2018-02-08 22:45:00,108.82700000000001,108.833,108.73549999999999,108.766
2018-02-08 23:00:00,108.76350000000001,108.765,108.626,108.626
2018-02-08 23:15:00,108.6355,108.63950000000001,108.55899999999998,108.598
2018-02-08 23:30:00,108.59700000000001,108.6275,108.544,108.55299999999995
2018-02-08 23:45:00,108.5535,108.648,108.4945,108.557
2018-02-09 01:00:00,108.81699999999995,108.98700000000001,108.7615,108.92049999999999
2018-02-09 01:15:00,108.92200000000001,109.06200000000001,108.882,108.948
2018-02-09 01:30:00,108.948,108.969,108.818,108.934
2018-02-09 01:45:00,108.932,108.934,108.7975,108.811
2018-02-09 02:00:00,108.81,108.87549999999999,108.7225,108.80450000000005
2018-02-09 02:15:00,108.8055,108.931,108.7675,108.931
2018-02-09 02:30:00,108.9315,108.96799999999999,108.83200000000001,108.8815
2018-02-09 02:45:00,108.88,108.882,108.804,108.83
2018-02-09 03:00:00,108.8325,108.93350000000001,108.8225,108.91850000000001
2018-02-09 03:15:00,108.91799999999995,109.01450000000001,108.87549999999999,108.97049999999999
2018-02-09 03:30:00,108.973,109.09549999999999,108.94,109.02950000000001
2018-02-09 03:45:00,109.031,109.07799999999999,108.97049999999999,109.0025
2018-02-09 04:00:00,109.0035,109.04799999999999,108.95350000000002,109.01549999999999
2018-02-09 04:15:00,109.015,109.05850000000001,108.9755,108.9975
2018-02-09 04:30:00,108.9985,109.00249999999998,108.947,108.95299999999999
2018-02-09 04:45:00,108.95200000000001,109.01100000000001,108.897,108.9235
2018-02-09 05:00:00,108.92399999999999,108.964,108.895,108.902
2018-02-09 05:15:00,108.902,108.95000000000002,108.85250000000002,108.90700000000001
2018-02-09 05:30:00,108.90700000000001,108.963,108.88600000000001,108.949
2018-02-09 05:45:00,108.948,109.00249999999998,108.875,108.98549999999999
2018-02-09 06:00:00,108.9875,109.0355,108.964,109.0065
2018-02-09 06:15:00,109.00500000000002,109.006,108.945,108.961
2018-02-09 06:30:00,108.9615,109.04299999999999,108.9595,109.001
2018-02-09 06:45:00,109.0,109.0115,108.9135,108.9835
2018-02-09 07:00:00,108.984,109.0895,108.95200000000001,109.06049999999999
2018-02-09 07:15:00,109.061,109.18700000000001,109.0565,109.15350000000001
2018-02-09 07:30:00,109.1565,109.16,109.09100000000001,109.0995
2018-02-09 07:45:00,109.098,109.1875,109.09100000000001,109.15149999999998
2018-02-09 08:00:00,109.15100000000001,109.2015,109.126,109.1755
2018-02-09 08:15:00,109.17450000000001,109.311,109.164,109.24700000000001
2018-02-09 08:30:00,109.2475,109.2965,109.2315,109.25799999999995
2018-02-09 08:45:00,109.257,109.28,109.2145,109.235
2018-02-09 09:00:00,109.23299999999999,109.25200000000001,109.20549999999999,109.2105
2018-02-09 09:15:00,109.211,109.2115,109.14200000000001,109.1425
2018-02-09 09:30:00,109.14200000000001,109.145,109.061,109.07049999999995
2018-02-09 09:45:00,109.071,109.0935,109.038,109.0505
2018-02-09 10:00:00,109.0505,109.0895,108.99799999999999,109.0855
2018-02-09 10:15:00,109.084,109.1075,109.0505,109.083
2018-02-09 10:30:00,109.085,109.15549999999999,109.085,109.126
2018-02-09 10:45:00,109.1265,109.14700000000005,109.07549999999999,109.13499999999998
2018-02-09 11:00:00,109.1355,109.15949999999995,109.0995,109.12350000000002
2018-02-09 11:15:00,109.12450000000001,109.152,109.039,109.0405
2018-02-09 11:30:00,109.0395,109.0415,108.9255,108.98949999999995
2018-02-09 11:45:00,108.991,109.068,108.95350000000002,109.05
2018-02-09 12:00:00,109.0505,109.08850000000001,108.9305,108.93450000000001
2018-02-09 12:15:00,108.93299999999999,108.9525,108.8,108.851
2018-02-09 12:30:00,108.8515,108.884,108.74549999999995,108.76450000000004
2018-02-09 12:45:00,108.765,108.8395,108.75399999999999,108.8025
2018-02-09 13:00:00,108.8025,108.86200000000001,108.76450000000004,108.8435
2018-02-09 13:15:00,108.8425,108.874,108.771,108.8495
2018-02-09 13:30:00,108.84749999999998,108.9795,108.80100000000002,108.863
2018-02-09 13:45:00,108.8635,109.249,108.8635,109.0
2018-02-09 14:00:00,108.99799999999999,109.04350000000001,108.93950000000001,109.0075
2018-02-09 14:15:00,109.0055,109.0315,108.929,108.9365
2018-02-09 14:30:00,108.9375,109.029,108.84049999999999,108.884
2018-02-09 14:45:00,108.884,109.0255,108.85799999999999,108.90450000000001
2018-02-09 15:00:00,108.9065,108.92649999999999,108.76450000000004,108.834
2018-02-09 15:15:00,108.8375,108.9255,108.811,108.846
2018-02-09 15:30:00,108.84549999999999,108.87100000000001,108.723,108.734
2018-02-09 15:45:00,108.73649999999999,108.73700000000001,108.56299999999999,108.676
2018-02-09 16:00:00,108.6785,108.76450000000001,108.6635,108.7175
2018-02-09 16:15:00,108.7165,108.7265,108.5865,108.63450000000005
2018-02-09 16:30:00,108.6305,108.734,108.6125,108.65
2018-02-09 16:45:00,108.65049999999995,108.65049999999995,108.421,108.458
2018-02-09 17:00:00,108.45850000000002,108.4775,108.3585,108.37899999999999
2018-02-09 17:15:00,108.3815,108.45200000000001,108.3365,108.39049999999999
2018-02-09 17:30:00,108.39399999999999,108.48549999999999,108.1645,108.211
2018-02-09 17:45:00,108.209,108.421,108.1875,108.41799999999999
2018-02-09 18:00:00,108.4135,108.4135,108.277,108.3075
2018-02-09 18:15:00,108.305,108.359,108.156,108.21700000000001
2018-02-09 18:30:00,108.2185,108.24600000000002,108.0475,108.111
2018-02-09 18:45:00,108.11,108.35,108.098,108.303
2018-02-09 19:00:00,108.302,108.7075,108.29450000000001,108.57649999999998
2018-02-09 19:15:00,108.57700000000001,108.79299999999999,108.557,108.59700000000001
2018-02-09 19:30:00,108.598,108.6495,108.5235,108.572
2018-02-09 19:45:00,108.56750000000002,108.694,108.54050000000005,108.581
2018-02-09 20:00:00,108.57899999999998,108.57899999999998,108.427,108.54799999999999
2018-02-09 20:15:00,108.54950000000001,108.6955,108.523,108.63799999999999
2018-02-09 20:30:00,108.63900000000004,108.71700000000001,108.6135,108.7075
2018-02-09 20:45:00,108.70649999999999,108.8645,108.6965,108.79799999999999
2018-02-09 21:00:00,108.79350000000001,108.8535,108.77249999999998,108.796
2018-02-09 21:15:00,108.79450000000001,108.8035,108.749,108.7985
2018-02-09 21:30:00,108.79799999999999,108.8225,108.775,108.8055
2018-02-09 21:45:00,108.805,108.815,108.76450000000001,108.7965
2018-02-11 22:00:00,108.867,108.87799999999999,108.8375,108.8655
2018-02-11 22:15:00,108.8625,108.87200000000001,108.834,108.8715
2018-02-11 22:30:00,108.87299999999999,108.87299999999999,108.835,108.85700000000001
2018-02-11 22:45:00,108.8565,108.8565,108.8335,108.8535
2018-02-11 23:00:00,108.8535,108.89200000000001,108.70450000000001,108.73450000000001
2018-02-11 23:15:00,108.7335,108.76799999999999,108.715,108.75
2018-02-11 23:30:00,108.75049999999999,108.861,108.736,108.8275
2018-02-11 23:45:00,108.82649999999998,108.82649999999998,108.8,108.802
2018-02-12 01:00:00,108.64399999999999,108.71799999999999,108.62450000000001,108.6865
2018-02-12 01:15:00,108.68600000000002,108.71300000000005,108.62799999999999,108.67149999999998
2018-02-12 01:30:00,108.67200000000001,108.689,108.6155,108.6185
2018-02-12 01:45:00,108.6195,108.66600000000004,108.60700000000001,108.6525
2018-02-12 02:00:00,108.6525,108.66600000000004,108.6355,108.65299999999999
2018-02-12 02:15:00,108.652,108.685,108.6415,108.66149999999999
2018-02-12 02:30:00,108.663,108.697,108.65149999999998,108.684
2018-02-12 02:45:00,108.68600000000002,108.7465,108.66799999999999,108.70299999999999
2018-02-12 03:00:00,108.70200000000001,108.70200000000001,108.67149999999998,108.68450000000001
2018-02-12 03:15:00,108.684,108.76350000000001,108.682,108.741
2018-02-12 03:30:00,108.7415,108.7665,108.7075,108.76450000000001
2018-02-12 03:45:00,108.764,108.7665,108.71549999999999,108.7245
2018-02-12 04:00:00,108.72399999999999,108.728,108.676,108.68350000000001
2018-02-12 04:15:00,108.68299999999999,108.70600000000002,108.66850000000001,108.68350000000001
2018-02-12 04:30:00,108.68450000000001,108.71350000000001,108.68450000000001,108.689
2018-02-12 04:45:00,108.68950000000001,108.7,108.6335,108.6655
2018-02-12 05:00:00,108.664,108.6935,108.655,108.6725
2018-02-12 05:15:00,108.67200000000001,108.68799999999999,108.665,108.68
2018-02-12 05:30:00,108.679,108.697,108.64699999999995,108.661
2018-02-12 05:45:00,108.6605,108.72,108.6585,108.6935
2018-02-12 06:00:00,108.693,108.71549999999999,108.66799999999999,108.712
2018-02-12 06:15:00,108.7115,108.723,108.693,108.70100000000001
2018-02-12 06:30:00,108.70200000000001,108.712,108.6675,108.6805
2018-02-12 06:45:00,108.6805,108.69149999999999,108.65549999999999,108.6645
2018-02-12 07:00:00,108.66600000000004,108.69149999999999,108.6045,108.62700000000001
2018-02-12 07:15:00,108.62450000000001,108.67200000000001,108.615,108.65799999999999
2018-02-12 07:30:00,108.65950000000001,108.679,108.613,108.62700000000001
2018-02-12 07:45:00,108.62899999999999,108.65,108.57899999999998,108.602
2018-02-12 08:00:00,108.6015,108.6045,108.51299999999999,108.601
2018-02-12 08:15:00,108.601,108.6275,108.56700000000001,108.6015
2018-02-12 08:30:00,108.602,108.72199999999995,108.55450000000005,108.70600000000002
2018-02-12 08:45:00,108.70649999999999,108.71549999999999,108.604,108.6305
2018-02-12 09:00:00,108.631,108.7535,108.62899999999999,108.741
2018-02-12 09:15:00,108.74,108.7585,108.70600000000002,108.7165
2018-02-12 09:30:00,108.71600000000001,108.7475,108.68549999999999,108.6955
2018-02-12 09:45:00,108.6955,108.736,108.68,108.73200000000001
2018-02-12 10:00:00,108.7325,108.742,108.665,108.6795
2018-02-12 10:15:00,108.6785,108.70450000000001,108.6525,108.684
2018-02-12 10:30:00,108.684,108.7,108.6655,108.696
2018-02-12 10:45:00,108.6965,108.7125,108.664,108.70350000000002
2018-02-12 11:00:00,108.704,108.7275,108.6675,108.6725
2018-02-12 11:15:00,108.6735,108.685,108.6425,108.652
2018-02-12 11:30:00,108.65299999999999,108.66149999999999,108.60750000000002,108.61999999999998
2018-02-12 11:45:00,108.62049999999999,108.65549999999999,108.6035,108.65149999999998
2018-02-12 12:00:00,108.65149999999998,108.69200000000001,108.63799999999999,108.66149999999999
2018-02-12 12:15:00,108.661,108.6865,108.65049999999995,108.6665
2018-02-12 12:30:00,108.6655,108.6955,108.64699999999995,108.6735
2018-02-12 12:45:00,108.6735,108.6735,108.63,108.63550000000005
2018-02-12 13:00:00,108.63600000000001,108.6455,108.602,108.6425
2018-02-12 13:15:00,108.64299999999999,108.693,108.62799999999999,108.6815
2018-02-12 13:30:00,108.6805,108.7265,108.662,108.67749999999998
2018-02-12 13:45:00,108.678,108.6785,108.5985,108.61100000000002
2018-02-12 14:00:00,108.60950000000001,108.6315,108.5535,108.556
2018-02-12 14:15:00,108.556,108.63799999999999,108.545,108.587
2018-02-12 14:30:00,108.58750000000002,108.6995,108.58750000000002,108.6815
2018-02-12 14:45:00,108.68450000000001,108.6995,108.53649999999999,108.54
2018-02-12 15:00:00,108.54149999999998,108.5845,108.46350000000001,108.4915
2018-02-12 15:15:00,108.49350000000004,108.5385,108.4375,108.52
2018-02-12 15:30:00,108.52149999999996,108.56049999999999,108.4645,108.52
2018-02-12 15:45:00,108.52,108.5565,108.4685,108.546
2018-02-12 16:00:00,108.5475,108.588,108.51250000000002,108.5625
2018-02-12 16:15:00,108.5635,108.59450000000001,108.53399999999999,108.5575
2018-02-12 16:30:00,108.55850000000001,108.65299999999999,108.53350000000002,108.65299999999999
2018-02-12 16:45:00,108.65149999999998,108.73299999999999,108.6195,108.725
2018-02-12 17:00:00,108.726,108.7595,108.6885,108.7595
2018-02-12 17:15:00,108.759,108.811,108.712,108.7285
2018-02-12 17:30:00,108.72899999999998,108.762,108.705,108.736
2018-02-12 17:45:00,108.735,108.7515,108.68549999999999,108.69049999999999
2018-02-12 18:00:00,108.694,108.70450000000001,108.596,108.665
2018-02-12 18:15:00,108.6645,108.68,108.6175,108.66250000000002
2018-02-12 18:30:00,108.6635,108.6815,108.63799999999999,108.6735
2018-02-12 18:45:00,108.6735,108.76799999999999,108.65450000000001,108.73200000000001
2018-02-12 19:00:00,108.7325,108.743,108.6805,108.73200000000001
2018-02-12 19:15:00,108.73299999999999,108.788,108.72449999999995,108.78299999999999
2018-02-12 19:30:00,108.7825,108.789,108.69850000000001,108.70100000000001
2018-02-12 19:45:00,108.70000000000002,108.70350000000002,108.66600000000004,108.67649999999999
2018-02-12 20:00:00,108.67499999999998,108.70700000000001,108.65749999999998,108.6995
2018-02-12 20:15:00,108.6995,108.704,108.6585,108.66600000000004
2018-02-12 20:30:00,108.665,108.6725,108.62100000000001,108.6635
2018-02-12 20:45:00,108.663,108.663,108.5505,108.6175
2018-02-12 21:00:00,108.61450000000005,108.65799999999999,108.59899999999999,108.6335
2018-02-12 21:15:00,108.6335,108.652,108.6305,108.6455
2018-02-12 21:30:00,108.64699999999995,108.6565,108.63450000000005,108.63600000000001
2018-02-12 21:45:00,108.63450000000005,108.6635,108.63450000000005,108.6605
2018-02-12 22:00:00,108.6585,108.6925,108.62549999999999,108.632
2018-02-12 22:15:00,108.6305,108.67,108.62200000000001,108.656
2018-02-12 22:30:00,108.6565,108.69200000000001,108.6565,108.6805
2018-02-12 22:45:00,108.68,108.7445,108.67499999999998,108.721
2018-02-12 23:00:00,108.721,108.7225,108.6805,108.699
2018-02-12 23:15:00,108.6995,108.7815,108.6975,108.773
2018-02-12 23:30:00,108.772,108.772,108.6725,108.69049999999999
2018-02-12 23:45:00,108.689,108.73149999999998,108.67649999999999,108.72049999999999
2018-02-13 01:00:00,108.681,108.71300000000005,108.624,108.70049999999999
2018-02-13 01:15:00,108.70100000000001,108.762,108.70100000000001,108.7295
2018-02-13 01:30:00,108.73,108.76799999999999,108.70700000000001,108.72399999999999
2018-02-13 01:45:00,108.7245,108.73450000000001,108.6725,108.68799999999999
2018-02-13 02:00:00,108.689,108.741,108.68350000000001,108.73450000000001
2018-02-13 02:15:00,108.7335,108.7395,108.70200000000001,108.70549999999999
2018-02-13 02:30:00,108.70600000000002,108.715,108.66950000000001,108.70549999999999
2018-02-13 02:45:00,108.70600000000002,108.7325,108.68299999999999,108.6865
2018-02-13 03:00:00,108.68549999999999,108.7275,108.6815,108.71
2018-02-13 03:15:00,108.70850000000002,108.7165,108.68299999999999,108.7165
2018-02-13 03:30:00,108.7165,108.7165,108.669,108.682
2018-02-13 03:45:00,108.68250000000002,108.68250000000002,108.575,108.581
2018-02-13 04:00:00,108.581,108.603,108.52799999999999,108.54149999999998
2018-02-13 04:15:00,108.542,108.55,108.45950000000005,108.48399999999998
2018-02-13 04:30:00,108.4825,108.486,108.35700000000001,108.40700000000001
2018-02-13 04:45:00,108.40700000000001,108.4235,108.3355,108.3685
2018-02-13 05:00:00,108.3685,108.3785,108.26450000000001,108.3075
2018-02-13 05:15:00,108.30899999999998,108.31649999999999,108.244,108.27200000000005
2018-02-13 05:30:00,108.275,108.32,108.2475,108.31700000000001
2018-02-13 05:45:00,108.31700000000001,108.3285,108.28200000000001,108.29450000000001
2018-02-13 06:00:00,108.2965,108.305,108.18350000000001,108.1955
2018-02-13 06:15:00,108.196,108.227,108.0615,108.08499999999998
2018-02-13 06:30:00,108.0855,108.15299999999999,108.0625,108.14149999999998
2018-02-13 06:45:00,108.141,108.18350000000001,108.12700000000001,108.1495
2018-02-13 07:00:00,108.149,108.15450000000001,107.992,108.0685
2018-02-13 07:15:00,108.06700000000001,108.09200000000001,107.96999999999998,107.98450000000001
2018-02-13 07:30:00,107.984,107.984,107.70049999999999,107.72499999999998
2018-02-13 07:45:00,107.72499999999998,107.8205,107.67799999999995,107.7565
2018-02-13 08:00:00,107.756,107.807,107.63799999999999,107.66300000000005
2018-02-13 08:15:00,107.662,107.7105,107.5825,107.6125
2018-02-13 08:30:00,107.61149999999999,107.626,107.53299999999999,107.62299999999999
2018-02-13 08:45:00,107.62399999999998,107.712,107.62399999999998,107.665
2018-02-13 09:00:00,107.6645,107.7175,107.637,107.6495
2018-02-13 09:15:00,107.6485,107.6925,107.62649999999998,107.6515
2018-02-13 09:30:00,107.65299999999999,107.671,107.598,107.6605
2018-02-13 09:45:00,107.6605,107.689,107.63600000000001,107.65450000000001
2018-02-13 10:00:00,107.65250000000002,107.70100000000001,107.6075,107.64399999999998
2018-02-13 10:15:00,107.641,107.648,107.54700000000001,107.54700000000001
2018-02-13 10:30:00,107.54700000000001,107.5705,107.425,107.51899999999999
2018-02-13 10:45:00,107.52,107.6175,107.5175,107.615
2018-02-13 11:00:00,107.615,107.662,107.5875,107.6045
2018-02-13 11:15:00,107.6045,107.6045,107.54000000000002,107.5865
2018-02-13 11:30:00,107.5855,107.6085,107.568,107.57799999999999
2018-02-13 11:45:00,107.5775,107.65250000000002,107.57350000000001,107.645
2018-02-13 12:00:00,107.647,107.648,107.595,107.62799999999999
2018-02-13 12:15:00,107.6285,107.6375,107.537,107.5535
2018-02-13 12:30:00,107.55249999999998,107.584,107.43299999999999,107.5745
2018-02-13 12:45:00,107.5765,107.647,107.55799999999999,107.641
2018-02-13 13:00:00,107.64049999999999,107.7375,107.63950000000001,107.69899999999998
2018-02-13 13:15:00,107.69899999999998,107.73000000000002,107.6675,107.67450000000001
2018-02-13 13:30:00,107.67600000000002,107.69,107.569,107.65350000000001
2018-02-13 13:45:00,107.65299999999999,107.65299999999999,107.57799999999999,107.6
2018-02-13 14:00:00,107.6015,107.65500000000002,107.55950000000001,107.63500000000002
2018-02-13 14:15:00,107.63600000000001,107.713,107.60550000000005,107.7085
2018-02-13 14:30:00,107.706,107.74950000000001,107.6415,107.6925
2018-02-13 14:45:00,107.69449999999995,107.73299999999999,107.61399999999999,107.6305
2018-02-13 15:00:00,107.62799999999999,107.712,107.59699999999995,107.669
2018-02-13 15:15:00,107.66950000000001,107.6885,107.602,107.602
2018-02-13 15:30:00,107.603,107.62549999999999,107.5215,107.56700000000001
2018-02-13 15:45:00,107.566,107.59699999999995,107.4615,107.462
2018-02-13 16:00:00,107.46250000000002,107.5085,107.41100000000002,107.4795
2018-02-13 16:15:00,107.4795,107.568,107.47749999999998,107.51450000000001
2018-02-13 16:30:00,107.51549999999999,107.552,107.50399999999999,107.52950000000001
2018-02-13 16:45:00,107.52899999999998,107.637,107.52799999999999,107.605
2018-02-13 17:00:00,107.6045,107.64200000000001,107.58200000000001,107.64049999999999
2018-02-13 17:15:00,107.64049999999999,107.65250000000002,107.5225,107.555
2018-02-13 17:30:00,107.554,107.649,107.523,107.6455
2018-02-13 17:45:00,107.645,107.70149999999998,107.6185,107.6945
2018-02-13 18:00:00,107.6925,107.6925,107.60700000000001,107.63950000000001
2018-02-13 18:15:00,107.64,107.78200000000001,107.631,107.751
2018-02-13 18:30:00,107.75,107.7525,107.6995,107.7105
2018-02-13 18:45:00,107.711,107.7285,107.6805,107.6875
2018-02-13 19:00:00,107.68700000000001,107.7395,107.66300000000005,107.728
2018-02-13 19:15:00,107.727,107.7485,107.71000000000002,107.73649999999999
2018-02-13 19:30:00,107.7375,107.7375,107.675,107.6875
2018-02-13 19:45:00,107.68799999999999,107.729,107.6815,107.70049999999999
2018-02-13 20:00:00,107.69850000000001,107.712,107.65100000000001,107.682
2018-02-13 20:15:00,107.684,107.7445,107.67399999999999,107.73350000000002
2018-02-13 20:30:00,107.734,107.8075,107.71600000000001,107.79899999999999
2018-02-13 20:45:00,107.79899999999999,107.8175,107.7685,107.81049999999999
2018-02-13 21:00:00,107.809,107.83,107.802,107.82549999999999
2018-02-13 21:15:00,107.82500000000002,107.83100000000002,107.81700000000001,107.8185
2018-02-13 21:30:00,107.818,107.82500000000002,107.77299999999995,107.792
2018-02-13 21:45:00,107.792,107.83850000000001,107.791,107.82700000000001
2018-02-13 22:00:00,107.82350000000001,107.8265,107.76450000000001,107.8075
2018-02-13 22:15:00,107.8045,107.82350000000001,107.804,107.8205
2018-02-13 22:30:00,107.821,107.84299999999999,107.8065,107.834
2018-02-13 22:45:00,107.834,107.848,107.8025,107.82950000000001
2018-02-13 23:00:00,107.83149999999999,107.8495,107.81299999999999,107.8175
2018-02-13 23:15:00,107.816,107.8175,107.7465,107.7735
2018-02-13 23:30:00,107.77450000000005,107.8075,107.7705,107.78949999999995
2018-02-13 23:45:00,107.7875,107.796,107.743,107.76700000000001
2018-02-14 01:00:00,107.7875,107.7915,107.63799999999999,107.696
2018-02-14 01:15:00,107.695,107.715,107.649,107.68300000000005
2018-02-14 01:30:00,107.68300000000005,107.7525,107.68300000000005,107.712
2018-02-14 01:45:00,107.7125,107.74249999999998,107.67450000000001,107.67450000000001
2018-02-14 02:00:00,107.67450000000001,107.697,107.557,107.5635
2018-02-14 02:15:00,107.5635,107.574,107.428,107.5055
2018-02-14 02:30:00,107.5065,107.509,107.43350000000001,107.48100000000001
2018-02-14 02:45:00,107.48049999999999,107.50299999999999,107.17200000000001,107.219
2018-02-14 03:00:00,107.21700000000001,107.21750000000002,107.01,107.16799999999999
2018-02-14 03:15:00,107.16450000000005,107.18649999999998,107.024,107.05200000000005
2018-02-14 03:30:00,107.0525,107.1565,106.994,107.0825
2018-02-14 03:45:00,107.08049999999999,107.0935,106.85250000000002,106.869
2018-02-14 04:00:00,106.8695,106.9385,106.8495,106.8675
2018-02-14 04:15:00,106.8675,106.98049999999999,106.84200000000001,106.95649999999999
2018-02-14 04:30:00,106.956,107.0715,106.906,107.0555
2018-02-14 04:45:00,107.0565,107.14700000000005,107.03049999999999,107.105
2018-02-14 05:00:00,107.104,107.245,107.101,107.2425
2018-02-14 05:15:00,107.2415,107.25,107.1965,107.23850000000002
2018-02-14 05:30:00,107.2375,107.2675,107.137,107.16799999999999
2018-02-14 05:45:00,107.16899999999998,107.22200000000004,107.131,107.15949999999995
2018-02-14 06:00:00,107.15949999999995,107.206,107.14700000000005,107.167
2018-02-14 06:15:00,107.165,107.2485,107.1575,107.219
2018-02-14 06:30:00,107.22,107.251,107.205,107.205
2018-02-14 06:45:00,107.20549999999999,107.2095,107.14399999999999,107.199
2018-02-14 07:00:00,107.19850000000001,107.2625,107.198,107.25349999999997
2018-02-14 07:15:00,107.25299999999999,107.25299999999999,107.1965,107.2275
2018-02-14 07:30:00,107.227,107.5025,107.226,107.43799999999999
2018-02-14 07:45:00,107.4385,107.47399999999998,107.40100000000001,107.40100000000001
2018-02-14 08:00:00,107.4015,107.4255,107.36,107.3845
2018-02-14 08:15:00,107.38500000000002,107.40299999999999,107.3415,107.367
2018-02-14 08:30:00,107.3665,107.3665,107.27950000000001,107.3345
2018-02-14 08:45:00,107.334,107.43350000000001,107.3215,107.42200000000001
2018-02-14 09:00:00,107.42200000000001,107.521,107.4125,107.488
2018-02-14 09:15:00,107.48850000000002,107.51100000000001,107.45,107.475
2018-02-14 09:30:00,107.4755,107.509,107.46549999999999,107.47399999999998
2018-02-14 09:45:00,107.47399999999998,107.4965,107.42649999999999,107.478
2018-02-14 10:00:00,107.478,107.4915,107.436,107.4735
2018-02-14 10:15:00,107.4735,107.477,107.4315,107.4495
2018-02-14 10:30:00,107.45149999999998,107.4605,107.3935,107.41450000000005
2018-02-14 10:45:00,107.415,107.41649999999998,107.37950000000001,107.40799999999999
2018-02-14 11:00:00,107.40799999999999,107.48600000000002,107.40799999999999,107.4455
2018-02-14 11:15:00,107.4465,107.46,107.41950000000001,107.421
2018-02-14 11:30:00,107.42049999999999,107.449,107.3515,107.37899999999998
2018-02-14 11:45:00,107.37799999999999,107.40850000000002,107.37049999999999,107.387
2018-02-14 12:00:00,107.3865,107.387,107.34,107.365
2018-02-14 12:15:00,107.3645,107.38750000000002,107.3505,107.3685
2018-02-14 12:30:00,107.369,107.374,107.27799999999999,107.27850000000001
2018-02-14 12:45:00,107.279,107.288,107.2255,107.243
2018-02-14 13:00:00,107.24,107.25699999999995,107.17450000000001,107.2285
2018-02-14 13:15:00,107.228,107.2755,107.18299999999999,107.2165
2018-02-14 13:30:00,107.209,107.5485,107.0505,107.12299999999999
2018-02-14 13:45:00,107.124,107.26100000000001,107.10950000000001,107.24
2018-02-14 14:00:00,107.23899999999999,107.25399999999999,106.999,107.198
2018-02-14 14:15:00,107.1965,107.23549999999999,107.139,107.162
2018-02-14 14:30:00,107.1585,107.33,107.1495,107.3065
2018-02-14 14:45:00,107.306,107.4435,107.255,107.3725
2018-02-14 15:00:00,107.3725,107.39049999999999,107.073,107.1195
2018-02-14 15:15:00,107.12049999999999,107.198,107.061,107.0865
2018-02-14 15:30:00,107.08899999999998,107.102,106.773,106.8425
2018-02-14 15:45:00,106.8435,106.931,106.72399999999999,106.833
2018-02-14 16:00:00,106.8335,106.9175,106.76999999999998,106.9005
2018-02-14 16:15:00,106.89950000000005,107.00049999999999,106.835,106.9795
2018-02-14 16:30:00,106.98,107.021,106.93700000000001,106.986
2018-02-14 16:45:00,106.98450000000001,107.04500000000002,106.97450000000005,107.016
2018-02-14 17:00:00,107.01700000000001,107.14700000000005,106.9925,107.1265
2018-02-14 17:15:00,107.12799999999999,107.15299999999999,107.01,107.0385
2018-02-14 17:30:00,107.0415,107.08350000000002,107.0025,107.0565
2018-02-14 17:45:00,107.0535,107.08449999999995,107.01299999999996,107.05200000000005
2018-02-14 18:00:00,107.05200000000005,107.09649999999999,106.9215,106.9445
2018-02-14 18:15:00,106.9455,106.97200000000001,106.796,106.82049999999995
2018-02-14 18:30:00,106.8215,106.9645,106.8215,106.9595
2018-02-14 18:45:00,106.95800000000004,107.00399999999999,106.93450000000001,106.991
2018-02-14 19:00:00,106.991,107.06200000000001,106.964,106.97350000000002
2018-02-14 19:15:00,106.9755,107.06700000000001,106.95049999999999,106.9615
2018-02-14 19:30:00,106.9615,107.02600000000001,106.90549999999999,107.0
2018-02-14 19:45:00,107.00049999999999,107.1285,106.96549999999999,107.084
2018-02-14 20:00:00,107.08149999999999,107.1185,107.03200000000001,107.08799999999995
2018-02-14 20:15:00,107.0895,107.1725,107.0465,107.04799999999999
2018-02-14 20:30:00,107.04500000000002,107.0985,106.984,106.98450000000001
2018-02-14 20:45:00,106.984,107.0265,106.941,106.941
2018-02-14 21:00:00,106.94149999999999,107.0085,106.9295,106.985
2018-02-14 21:15:00,106.98549999999999,106.99700000000001,106.979,106.98649999999999
2018-02-14 21:30:00,106.985,107.041,106.984,107.00049999999999
2018-02-14 21:45:00,107.0,107.03649999999999,106.999,107.0115
2018-02-14 22:00:00,107.01,107.01950000000001,106.93350000000001,106.9775
2018-02-14 22:15:00,106.9765,107.0,106.96249999999998,106.99
2018-02-14 22:30:00,106.992,107.0055,106.96950000000001,106.994
2018-02-14 22:45:00,106.994,106.99600000000001,106.95350000000002,106.9765
2018-02-14 23:00:00,106.975,106.9765,106.79,106.84200000000001
2018-02-14 23:15:00,106.8425,106.8585,106.79350000000001,106.7985
2018-02-14 23:30:00,106.7985,106.8495,106.5465,106.61200000000001
2018-02-14 23:45:00,106.61149999999999,106.6505,106.42200000000001,106.55149999999999
2018-02-15 01:00:00,106.7585,106.89049999999999,106.73100000000001,106.87450000000001
2018-02-15 01:15:00,106.87299999999999,106.87299999999999,106.51299999999999,106.575
2018-02-15 01:30:00,106.57549999999999,106.64299999999999,106.4985,106.60600000000001
2018-02-15 01:45:00,106.6015,106.6865,106.58049999999999,106.669
2018-02-15 02:00:00,106.66799999999999,106.73049999999999,106.603,106.6635
2018-02-15 02:15:00,106.66250000000002,106.6665,106.58850000000001,106.59999999999998
2018-02-15 02:30:00,106.6005,106.62850000000002,106.303,106.39450000000001
2018-02-15 02:45:00,106.3955,106.47799999999995,106.36,106.477
2018-02-15 03:00:00,106.4765,106.538,106.44850000000001,106.53649999999999
2018-02-15 03:15:00,106.5355,106.5865,106.52799999999999,106.5785
2018-02-15 03:30:00,106.57649999999998,106.6465,106.57649999999998,106.583
2018-02-15 03:45:00,106.583,106.595,106.54299999999999,106.57600000000001
2018-02-15 04:00:00,106.5745,106.5865,106.4615,106.464
2018-02-15 04:15:00,106.463,106.4965,106.365,106.37
2018-02-15 04:30:00,106.369,106.5395,106.35750000000002,106.51950000000001
2018-02-15 04:45:00,106.51799999999999,106.60600000000001,106.51299999999999,106.6025
2018-02-15 05:00:00,106.6015,106.6235,106.51250000000002,106.53450000000001
2018-02-15 05:15:00,106.53399999999999,106.60549999999999,106.52950000000001,106.5925
2018-02-15 05:30:00,106.59299999999999,106.59299999999999,106.53350000000002,106.53450000000001
2018-02-15 05:45:00,106.53350000000002,106.57350000000001,106.52850000000001,106.559
2018-02-15 06:00:00,106.557,106.55800000000005,106.45950000000005,106.50299999999999
2018-02-15 06:15:00,106.50299999999999,106.5235,106.38649999999998,106.484
2018-02-15 06:30:00,106.4835,106.5105,106.45700000000001,106.46200000000005
2018-02-15 06:45:00,106.4625,106.48299999999999,106.3335,106.4625
2018-02-15 07:00:00,106.4605,106.4605,106.28049999999999,106.36200000000001
2018-02-15 07:15:00,106.3645,106.3955,106.258,106.27
2018-02-15 07:30:00,106.2675,106.32950000000001,106.1795,106.209
2018-02-15 07:45:00,106.21,106.37049999999999,106.1815,106.3625
2018-02-15 08:00:00,106.36350000000002,106.49600000000001,106.32899999999998,106.48549999999999
2018-02-15 08:15:00,106.486,106.4975,106.4305,106.459
2018-02-15 08:30:00,106.46,106.49799999999996,106.43450000000001,106.44049999999999
2018-02-15 08:45:00,106.44,106.484,106.374,106.376
2018-02-15 09:00:00,106.376,106.40100000000001,106.302,106.3505
2018-02-15 09:15:00,106.3505,106.389,106.314,106.37
2018-02-15 09:30:00,106.3685,106.3685,106.26950000000005,106.306
2018-02-15 09:45:00,106.306,106.43600000000002,106.3,106.4175
2018-02-15 10:00:00,106.4175,106.49600000000001,106.3985,106.469
2018-02-15 10:15:00,106.46950000000001,106.501,106.4445,106.469
2018-02-15 10:30:00,106.4685,106.48299999999999,106.387,106.475
2018-02-15 10:45:00,106.475,106.589,106.46300000000005,106.5715
2018-02-15 11:00:00,106.572,106.598,106.55149999999999,106.5925
2018-02-15 11:15:00,106.5925,106.65799999999999,106.58249999999998,106.6225
2018-02-15 11:30:00,106.6225,106.64950000000005,106.55799999999999,106.6335
2018-02-15 11:45:00,106.634,106.745,106.6225,106.6995
2018-02-15 12:00:00,106.699,106.8,106.68250000000002,106.76299999999999
2018-02-15 12:15:00,106.76350000000001,106.787,106.72549999999995,106.72549999999995
2018-02-15 12:30:00,106.726,106.751,106.63950000000001,106.64049999999999
2018-02-15 12:45:00,106.64,106.6415,106.564,106.62250000000002
2018-02-15 13:00:00,106.6215,106.6215,106.4965,106.555
2018-02-15 13:15:00,106.5525,106.6435,106.54,106.64200000000001
2018-02-15 13:30:00,106.649,106.686,106.43600000000002,106.4575
2018-02-15 13:45:00,106.45850000000002,106.589,106.45649999999999,106.5205
2018-02-15 14:00:00,106.521,106.59899999999999,106.5085,106.56049999999999
2018-02-15 14:15:00,106.56,106.56700000000001,106.4455,106.508
2018-02-15 14:30:00,106.51000000000002,106.53700000000005,106.36350000000002,106.376
2018-02-15 14:45:00,106.3735,106.4285,106.3285,106.35700000000001
2018-02-15 15:00:00,106.35600000000001,106.43850000000002,106.2855,106.39949999999995
2018-02-15 15:15:00,106.4005,106.4155,106.3195,106.36049999999999
2018-02-15 15:30:00,106.35950000000001,106.402,106.319,106.3265
2018-02-15 15:45:00,106.3275,106.3395,106.194,106.26600000000002
2018-02-15 16:00:00,106.264,106.406,106.226,106.40549999999999
2018-02-15 16:15:00,106.40549999999999,106.4155,106.316,106.3245
2018-02-15 16:30:00,106.3245,106.32950000000001,106.2095,106.2855
2018-02-15 16:45:00,106.28450000000001,106.37899999999999,106.25749999999998,106.35700000000001
2018-02-15 17:00:00,106.355,106.485,106.3495,106.447
2018-02-15 17:15:00,106.447,106.86200000000001,106.4435,106.821
2018-02-15 17:30:00,106.821,106.825,106.67,106.68000000000002
2018-02-15 17:45:00,106.6805,106.7535,106.669,106.681
2018-02-15 18:00:00,106.6795,106.713,106.601,106.61399999999999
2018-02-15 18:15:00,106.6145,106.62850000000002,106.5055,106.522
2018-02-15 18:30:00,106.5205,106.5235,106.37100000000001,106.414
2018-02-15 18:45:00,106.412,106.4295,106.369,106.40450000000001
2018-02-15 19:00:00,106.40350000000001,106.413,106.3195,106.338
2018-02-15 19:15:00,106.339,106.37249999999996,106.31200000000001,106.36700000000005
2018-02-15 19:30:00,106.3655,106.40549999999999,106.2985,106.4015
2018-02-15 19:45:00,106.4015,106.4145,106.23700000000001,106.26350000000001
2018-02-15 20:00:00,106.2665,106.292,106.056,106.09200000000001
2018-02-15 20:15:00,106.09250000000002,106.152,106.088,106.1025
2018-02-15 20:30:00,106.1025,106.145,106.041,106.04149999999998
2018-02-15 20:45:00,106.04149999999998,106.111,106.03699999999995,106.09600000000002
2018-02-15 21:00:00,106.09600000000002,106.1885,106.044,106.04799999999999
2018-02-15 21:15:00,106.04799999999999,106.17399999999999,106.04799999999999,106.1225
2018-02-15 21:30:00,106.12200000000001,106.14750000000002,106.09899999999999,106.1
2018-02-15 21:45:00,106.101,106.15299999999999,106.09600000000002,106.1275
2018-02-15 22:00:00,106.1305,106.17000000000002,106.094,106.1495
2018-02-15 22:15:00,106.1505,106.156,106.102,106.1465
2018-02-15 22:30:00,106.1455,106.16850000000001,106.0975,106.105
2018-02-15 22:45:00,106.1,106.19,106.0935,106.15899999999999
2018-02-15 23:00:00,106.15899999999998,106.205,106.1325,106.19200000000001
2018-02-15 23:15:00,106.19100000000002,106.25200000000001,106.18950000000001,106.229
2018-02-15 23:30:00,106.228,106.228,106.024,106.06200000000001
2018-02-15 23:45:00,106.0625,106.15450000000001,106.037,106.1065
2018-02-16 01:00:00,106.2405,106.354,106.23700000000001,106.302
2018-02-16 01:15:00,106.30149999999999,106.304,106.118,106.1645
2018-02-16 01:30:00,106.1655,106.177,106.1085,106.16149999999999
2018-02-16 01:45:00,106.1605,106.2385,106.0975,106.12450000000001
2018-02-16 02:00:00,106.124,106.21,106.10799999999999,106.1315
2018-02-16 02:15:00,106.1305,106.1305,106.02,106.0715
2018-02-16 02:30:00,106.0695,106.0825,106.01450000000001,106.068
2018-02-16 02:45:00,106.06700000000001,106.17299999999999,106.0425,106.0635
2018-02-16 03:00:00,106.06299999999999,106.14299999999999,106.06299999999999,106.1315
2018-02-16 03:15:00,106.13199999999995,106.20649999999999,106.12,106.1725
2018-02-16 03:30:00,106.17200000000001,106.20850000000002,106.148,106.1805
2018-02-16 03:45:00,106.181,106.206,106.0865,106.0875
2018-02-16 04:00:00,106.086,106.1085,105.6485,105.67299999999999
2018-02-16 04:15:00,105.675,105.72249999999998,105.551,105.64299999999999
2018-02-16 04:30:00,105.64450000000001,105.743,105.6165,105.6945
2018-02-16 04:45:00,105.69549999999995,105.723,105.616,105.711
2018-02-16 05:00:00,105.7095,105.749,105.6665,105.72200000000001
2018-02-16 05:15:00,105.72249999999998,105.82350000000001,105.72249999999998,105.8025
2018-02-16 05:30:00,105.802,105.80500000000002,105.727,105.791
2018-02-16 05:45:00,105.7915,105.81299999999999,105.7485,105.7965
2018-02-16 06:00:00,105.795,105.84600000000002,105.68299999999999,105.70299999999999
2018-02-16 06:15:00,105.70149999999998,105.736,105.67200000000001,105.7255
2018-02-16 06:30:00,105.7255,105.7555,105.70200000000001,105.73049999999999
2018-02-16 06:45:00,105.727,105.848,105.71600000000001,105.7915
2018-02-16 07:00:00,105.7915,105.931,105.7615,105.8515
2018-02-16 07:15:00,105.8495,105.90799999999999,105.83749999999998,105.8815
2018-02-16 07:30:00,105.8815,105.89200000000001,105.84049999999999,105.8805
2018-02-16 07:45:00,105.8815,106.035,105.8815,106.0205
2018-02-16 08:00:00,106.01850000000002,106.01850000000002,105.766,105.7675
2018-02-16 08:15:00,105.77,105.92000000000002,105.7555,105.89200000000001
2018-02-16 08:30:00,105.89499999999998,105.932,105.8355,105.875
2018-02-16 08:45:00,105.876,105.90799999999999,105.8215,105.84699999999995
2018-02-16 09:00:00,105.848,105.898,105.822,105.89049999999999
2018-02-16 09:15:00,105.89049999999999,105.9915,105.882,105.986
2018-02-16 09:30:00,105.986,105.993,105.92700000000005,105.9585
2018-02-16 09:45:00,105.9595,106.02850000000001,105.94,106.02850000000001
2018-02-16 10:00:00,106.02649999999998,106.0475,105.98100000000001,106.03349999999996
2018-02-16 10:15:00,106.03200000000001,106.0975,106.0225,106.09049999999999
2018-02-16 10:30:00,106.089,106.094,105.95200000000001,105.97850000000004
2018-02-16 10:45:00,105.978,106.053,105.971,106.04399999999998
2018-02-16 11:00:00,106.04399999999998,106.18799999999999,106.0355,106.14249999999998
2018-02-16 11:15:00,106.14200000000001,106.1875,106.1265,106.1575
2018-02-16 11:30:00,106.1565,106.181,106.137,106.165
2018-02-16 11:45:00,106.1645,106.18500000000002,106.105,106.1755
2018-02-16 12:00:00,106.17399999999999,106.2535,106.169,106.24
2018-02-16 12:15:00,106.24,106.34700000000001,106.229,106.304
2018-02-16 12:30:00,106.3045,106.31149999999998,106.2715,106.2745
2018-02-16 12:45:00,106.274,106.34000000000002,106.25200000000001,106.26799999999999
2018-02-16 13:00:00,106.2675,106.2675,106.1285,106.16799999999999
2018-02-16 13:15:00,106.16750000000002,106.21550000000005,106.165,106.16750000000002
2018-02-16 13:30:00,106.16750000000002,106.294,106.16750000000002,106.28799999999995
2018-02-16 13:45:00,106.2875,106.295,106.15450000000001,106.155
2018-02-16 14:00:00,106.15450000000001,106.271,106.1505,106.2405
2018-02-16 14:15:00,106.24,106.2755,106.19850000000001,106.259
2018-02-16 14:30:00,106.2615,106.3775,106.2615,106.30950000000001
2018-02-16 14:45:00,106.311,106.344,106.2385,106.27799999999999
2018-02-16 15:00:00,106.2775,106.335,106.24799999999999,106.26299999999999
2018-02-16 15:15:00,106.26299999999999,106.289,106.13600000000001,106.16249999999998
2018-02-16 15:30:00,106.1645,106.1645,106.0125,106.0475
2018-02-16 15:45:00,106.04350000000001,106.0865,105.919,106.0275
2018-02-16 16:00:00,106.027,106.087,106.027,106.06499999999998
2018-02-16 16:15:00,106.06399999999998,106.072,105.97750000000002,106.0105
2018-02-16 16:30:00,106.01100000000001,106.03449999999995,105.977,106.02200000000005
2018-02-16 16:45:00,106.02100000000002,106.11700000000005,106.008,106.11
2018-02-16 17:00:00,106.11,106.236,106.09700000000004,106.2265
2018-02-16 17:15:00,106.22699999999995,106.2445,106.18350000000001,106.18700000000001
2018-02-16 17:30:00,106.184,106.20100000000001,106.15799999999999,106.181
2018-02-16 17:45:00,106.179,106.1815,106.0215,106.05950000000001
2018-02-16 18:00:00,106.06200000000001,106.10600000000001,106.053,106.0975
2018-02-16 18:15:00,106.098,106.18799999999999,106.07799999999999,106.12200000000001
2018-02-16 18:30:00,106.124,106.22149999999999,106.06200000000001,106.182
2018-02-16 18:45:00,106.1815,106.281,106.17000000000002,106.243
2018-02-16 19:00:00,106.2415,106.399,106.238,106.279
2018-02-16 19:15:00,106.281,106.2835,106.23200000000001,106.2715
2018-02-16 19:30:00,106.271,106.2975,106.242,106.255
2018-02-16 19:45:00,106.258,106.34200000000001,106.256,106.316
2018-02-16 20:00:00,106.3115,106.3925,106.30149999999999,106.3535
2018-02-16 20:15:00,106.353,106.35950000000001,106.302,106.31
2018-02-16 20:30:00,106.3125,106.3245,106.2815,106.2985
2018-02-16 20:45:00,106.29899999999999,106.3485,106.29799999999999,106.318
2018-02-16 21:00:00,106.302,106.315,106.2615,106.274
2018-02-16 21:15:00,106.2755,106.28049999999999,106.2245,106.26299999999999
2018-02-16 21:30:00,106.264,106.3,106.20549999999999,106.29350000000001
2018-02-16 21:45:00,106.29299999999999,106.30950000000001,106.24950000000001,106.25299999999999
2018-02-18 22:00:00,106.3355,106.359,106.30799999999995,106.33850000000001
2018-02-18 22:15:00,106.335,106.37100000000001,106.33200000000001,106.363
2018-02-18 22:30:00,106.36350000000002,106.37150000000003,106.3355,106.3355
2018-02-18 22:45:00,106.336,106.339,106.28000000000002,106.31299999999999
2018-02-18 23:00:00,106.3125,106.3125,106.1775,106.186
2018-02-18 23:15:00,106.185,106.2515,106.185,106.238
2018-02-18 23:30:00,106.2385,106.241,106.165,106.17100000000002
2018-02-18 23:45:00,106.1715,106.281,106.13799999999999,106.26899999999999
2018-02-19 01:00:00,106.2965,106.323,106.25450000000001,106.2625
2018-02-19 01:15:00,106.265,106.2705,106.155,106.155
2018-02-19 01:30:00,106.156,106.215,106.1465,106.15799999999999
2018-02-19 01:45:00,106.1585,106.18549999999999,106.098,106.11049999999999
2018-02-19 02:00:00,106.1125,106.182,106.11200000000001,106.15899999999998
2018-02-19 02:15:00,106.15899999999998,106.1865,106.15100000000001,106.181
2018-02-19 02:30:00,106.179,106.1975,106.169,106.19550000000005
2018-02-19 02:45:00,106.195,106.21,106.1665,106.18299999999999
2018-02-19 03:00:00,106.18299999999999,106.2615,106.1825,106.25399999999998
2018-02-19 03:15:00,106.2525,106.26899999999999,106.23,106.236
2018-02-19 03:30:00,106.236,106.34000000000002,106.236,106.33249999999998
2018-02-19 03:45:00,106.33200000000001,106.365,106.31299999999999,106.321
2018-02-19 04:00:00,106.3205,106.3535,106.31450000000001,106.32700000000001
2018-02-19 04:15:00,106.3265,106.3535,106.28649999999999,106.31
2018-02-19 04:30:00,106.31049999999999,106.447,106.302,106.43950000000001
2018-02-19 04:45:00,106.44,106.44149999999999,106.35950000000001,106.39299999999999
2018-02-19 05:00:00,106.39200000000001,106.4125,106.36049999999999,106.37
2018-02-19 05:15:00,106.37100000000001,106.421,106.35600000000001,106.376
2018-02-19 05:30:00,106.37700000000001,106.47899999999998,106.363,106.443
2018-02-19 05:45:00,106.4435,106.514,106.441,106.49549999999999
2018-02-19 06:00:00,106.50049999999999,106.521,106.458,106.50450000000001
2018-02-19 06:15:00,106.5,106.61100000000002,106.48549999999999,106.56450000000001
2018-02-19 06:30:00,106.56700000000001,106.5835,106.5245,106.5675
2018-02-19 06:45:00,106.565,106.565,106.5065,106.52600000000001
2018-02-19 07:00:00,106.5265,106.54799999999999,106.4425,106.516
2018-02-19 07:15:00,106.516,106.61200000000001,106.51450000000001,106.569
2018-02-19 07:30:00,106.56700000000001,106.6455,106.554,106.6125
2018-02-19 07:45:00,106.6125,106.6455,106.56299999999999,106.566
2018-02-19 08:00:00,106.56549999999999,106.568,106.516,106.538
2018-02-19 08:15:00,106.53700000000005,106.589,106.529,106.58500000000002
2018-02-19 08:30:00,106.58500000000002,106.60750000000002,106.561,106.59049999999999
2018-02-19 08:45:00,106.59,106.6325,106.57,106.61200000000001
2018-02-19 09:00:00,106.6135,106.62799999999999,106.5915,106.59999999999998
2018-02-19 09:15:00,106.6005,106.6565,106.59450000000001,106.634
2018-02-19 09:30:00,106.6335,106.63550000000005,106.5635,106.56649999999999
2018-02-19 09:45:00,106.56700000000001,106.61649999999996,106.5565,106.61649999999996
2018-02-19 10:00:00,106.616,106.62549999999999,106.583,106.584
2018-02-19 10:15:00,106.5845,106.60600000000001,106.57999999999998,106.5825
2018-02-19 10:30:00,106.583,106.588,106.554,106.555
2018-02-19 10:45:00,106.55549999999995,106.56450000000001,106.49000000000002,106.5085
2018-02-19 11:00:00,106.509,106.52149999999996,106.484,106.521
2018-02-19 11:15:00,106.521,106.55450000000005,106.51950000000001,106.541
2018-02-19 11:30:00,106.5395,106.542,106.5,106.514
2018-02-19 11:45:00,106.51450000000001,106.51799999999999,106.47200000000001,106.492
2018-02-19 12:00:00,106.4915,106.49700000000001,106.45549999999999,106.48899999999999
2018-02-19 12:15:00,106.4895,106.50299999999999,106.471,106.48049999999999
2018-02-19 12:30:00,106.48200000000001,106.488,106.45600000000002,106.46799999999999
2018-02-19 12:45:00,106.46799999999999,106.56049999999999,106.46399999999998,106.5205
2018-02-19 13:00:00,106.5205,106.56200000000001,106.51899999999999,106.554
2018-02-19 13:15:00,106.554,106.604,106.5215,106.604
2018-02-19 13:30:00,106.604,106.61649999999996,106.5925,106.60700000000001
2018-02-19 13:45:00,106.60799999999999,106.72899999999998,106.603,106.71799999999999
2018-02-19 14:00:00,106.71799999999999,106.721,106.65749999999998,106.65899999999999
2018-02-19 14:15:00,106.66,106.681,106.65299999999999,106.666
2018-02-19 14:30:00,106.6655,106.6805,106.62250000000002,106.65149999999998
2018-02-19 14:45:00,106.6525,106.70049999999999,106.64699999999995,106.669
2018-02-19 15:00:00,106.66799999999995,106.68350000000001,106.55149999999999,106.57700000000001
2018-02-19 15:15:00,106.57799999999999,106.5935,106.54450000000001,106.5845
2018-02-19 15:30:00,106.5855,106.62299999999999,106.56649999999999,106.575
2018-02-19 15:45:00,106.5745,106.5785,106.495,106.51350000000002
2018-02-19 16:00:00,106.51299999999999,106.559,106.4975,106.53000000000002
2018-02-19 16:15:00,106.53000000000002,106.596,106.52850000000001,106.5725
2018-02-19 16:30:00,106.57299999999995,106.6065,106.5715,106.579
2018-02-19 16:45:00,106.5785,106.589,106.536,106.54849999999996
2018-02-19 17:00:00,106.54799999999999,106.5845,106.545,106.5625
2018-02-19 17:15:00,106.56049999999999,106.5745,106.54299999999999,106.5545
2018-02-19 17:30:00,106.5545,106.5855,106.5545,106.57999999999998
2018-02-19 17:45:00,106.58149999999999,106.59649999999998,106.5565,106.564
2018-02-19 18:00:00,106.564,106.5845,106.5385,106.568
2018-02-19 18:15:00,106.568,106.587,106.551,106.5745
2018-02-19 18:30:00,106.573,106.581,106.564,106.571
2018-02-19 18:45:00,106.572,106.57399999999998,106.54700000000001,106.56
2018-02-19 19:00:00,106.561,106.573,106.54899999999999,106.559
2018-02-19 19:15:00,106.55850000000001,106.569,106.5545,106.564
2018-02-19 19:30:00,106.565,106.565,106.523,106.5315
2018-02-19 19:45:00,106.53200000000001,106.56200000000001,106.5255,106.556
2018-02-19 20:00:00,106.555,106.55850000000001,106.538,106.5525
2018-02-19 20:15:00,106.555,106.55799999999999,106.5375,106.55299999999995
2018-02-19 20:30:00,106.5525,106.57649999999998,106.5525,106.575
2018-02-19 20:45:00,106.57399999999998,106.594,106.5705,106.59
2018-02-19 21:00:00,106.58850000000001,106.6035,106.57999999999998,106.59899999999999
2018-02-19 21:15:00,106.59649999999998,106.603,106.58850000000001,106.59100000000001
2018-02-19 21:30:00,106.59200000000001,106.59899999999999,106.59,106.5915
2018-02-19 21:45:00,106.5915,106.6065,106.586,106.595
2018-02-19 22:00:00,106.59299999999999,106.5975,106.5835,106.5845
2018-02-19 22:15:00,106.586,106.59549999999999,106.56200000000001,106.5625
2018-02-19 22:30:00,106.5635,106.5935,106.5635,106.5835
2018-02-19 22:45:00,106.5825,106.6215,106.5625,106.61399999999999
2018-02-19 23:00:00,106.6145,106.6475,106.594,106.6345
2018-02-19 23:15:00,106.634,106.664,106.6215,106.6565
2018-02-19 23:30:00,106.656,106.66,106.6375,106.63850000000001
2018-02-19 23:45:00,106.6375,106.7395,106.635,106.7185
2018-02-20 01:00:00,106.779,106.79,106.69200000000001,106.70299999999999
2018-02-20 01:15:00,106.70200000000001,106.77500000000002,106.6645,106.73700000000001
2018-02-20 01:30:00,106.73700000000001,106.77850000000001,106.7285,106.7715
2018-02-20 01:45:00,106.76899999999999,106.76899999999999,106.70000000000002,106.70600000000002
2018-02-20 02:00:00,106.70649999999999,106.73,106.667,106.691
2018-02-20 02:15:00,106.69200000000001,106.70950000000005,106.6875,106.6965
2018-02-20 02:30:00,106.6975,106.7475,106.696,106.74549999999999
2018-02-20 02:45:00,106.7435,106.77600000000001,106.7405,106.76999999999998
2018-02-20 03:00:00,106.771,106.7755,106.7405,106.75249999999998
2018-02-20 03:15:00,106.75249999999998,106.75249999999998,106.7165,106.7415
2018-02-20 03:30:00,106.7415,106.863,106.7375,106.80100000000002
2018-02-20 03:45:00,106.79899999999999,106.82700000000001,106.7875,106.791
2018-02-20 04:00:00,106.789,106.83200000000001,106.76549999999996,106.766
2018-02-20 04:15:00,106.76700000000001,106.81299999999999,106.76299999999999,106.7985
2018-02-20 04:30:00,106.79899999999999,106.807,106.76999999999998,106.78299999999999
2018-02-20 04:45:00,106.78299999999999,106.805,106.771,106.7875
2018-02-20 05:00:00,106.788,106.792,106.74,106.75450000000001
2018-02-20 05:15:00,106.7555,106.773,106.74549999999995,106.766
2018-02-20 05:30:00,106.766,106.8,106.7515,106.76899999999999
2018-02-20 05:45:00,106.76899999999999,106.8665,106.75200000000001,106.83850000000001
2018-02-20 06:00:00,106.84100000000001,106.936,106.839,106.89700000000005
2018-02-20 06:15:00,106.9,106.949,106.86399999999999,106.87950000000005
2018-02-20 06:30:00,106.87700000000001,106.88950000000001,106.85600000000002,106.8645
2018-02-20 06:45:00,106.8655,106.9375,106.8625,106.91149999999999
2018-02-20 07:00:00,106.90899999999999,106.94200000000001,106.834,106.9385
2018-02-20 07:15:00,106.93799999999999,106.93799999999999,106.84299999999999,106.86200000000001
2018-02-20 07:30:00,106.8635,106.9915,106.8625,106.991
2018-02-20 07:45:00,106.991,107.01549999999999,106.9465,106.97149999999999
2018-02-20 08:00:00,106.97200000000001,107.11049999999999,106.97200000000001,107.09700000000001
2018-02-20 08:15:00,107.09549999999999,107.1525,107.069,107.087
2018-02-20 08:30:00,107.08799999999995,107.103,107.008,107.03049999999999
2018-02-20 08:45:00,107.02950000000001,107.13499999999998,107.027,107.11399999999999
2018-02-20 09:00:00,107.113,107.1775,107.09200000000001,107.1775
2018-02-20 09:15:00,107.1775,107.205,107.15100000000001,107.1945
2018-02-20 09:30:00,107.1935,107.2025,107.116,107.116
2018-02-20 09:45:00,107.1165,107.189,107.1165,107.18450000000001
2018-02-20 10:00:00,107.18299999999995,107.193,107.057,107.13750000000002
2018-02-20 10:15:00,107.137,107.194,107.12299999999999,107.18950000000001
2018-02-20 10:30:00,107.18999999999998,107.1965,107.1465,107.17450000000001
2018-02-20 10:45:00,107.175,107.199,107.1425,107.15700000000001
2018-02-20 11:00:00,107.15799999999999,107.16899999999998,107.1335,107.16149999999999
2018-02-20 11:15:00,107.1625,107.16299999999995,107.09049999999999,107.117
2018-02-20 11:30:00,107.116,107.16850000000001,107.09149999999998,107.166
2018-02-20 11:45:00,107.16549999999995,107.16800000000005,107.04500000000002,107.05799999999999
2018-02-20 12:00:00,107.05850000000001,107.0865,107.0325,107.08200000000001
2018-02-20 12:15:00,107.08,107.1715,107.07549999999999,107.1565
2018-02-20 12:30:00,107.15549999999999,107.176,107.14049999999999,107.176
2018-02-20 12:45:00,107.1755,107.181,107.14,107.14100000000002
2018-02-20 13:00:00,107.13950000000001,107.1815,107.1325,107.1775
2018-02-20 13:15:00,107.177,107.181,107.12100000000001,107.1365
2018-02-20 13:30:00,107.13799999999999,107.17649999999999,107.09499999999998,107.1675
2018-02-20 13:45:00,107.16799999999999,107.3775,107.16100000000002,107.3215
2018-02-20 14:00:00,107.323,107.333,107.17200000000001,107.18450000000001
2018-02-20 14:15:00,107.18450000000001,107.21950000000001,107.071,107.119
2018-02-20 14:30:00,107.12299999999999,107.154,107.081,107.1415
2018-02-20 14:45:00,107.14350000000002,107.221,107.131,107.18299999999995
2018-02-20 15:00:00,107.18299999999995,107.19850000000002,107.12049999999999,107.12549999999999
2018-02-20 15:15:00,107.12450000000001,107.16950000000001,107.0825,107.12700000000001
2018-02-20 15:30:00,107.12549999999999,107.155,107.08149999999999,107.10449999999996
2018-02-20 15:45:00,107.1065,107.1515,107.08350000000002,107.1135
2018-02-20 16:00:00,107.11249999999998,107.234,107.0865,107.228
2018-02-20 16:15:00,107.2255,107.309,107.2225,107.29799999999999
2018-02-20 16:30:00,107.29899999999999,107.31700000000001,107.184,107.20299999999999
2018-02-20 16:45:00,107.2025,107.259,107.20049999999999,107.22999999999998
2018-02-20 17:00:00,107.2315,107.28149999999998,107.193,107.226
2018-02-20 17:15:00,107.225,107.24200000000005,107.189,107.20450000000001
2018-02-20 17:30:00,107.204,107.26100000000001,107.18350000000001,107.244
2018-02-20 17:45:00,107.243,107.27799999999999,107.234,107.266
2018-02-20 18:00:00,107.266,107.2725,107.2335,107.25449999999995
2018-02-20 18:15:00,107.255,107.28149999999998,107.23100000000001,107.2315
2018-02-20 18:30:00,107.23200000000001,107.314,107.22200000000004,107.30799999999999
2018-02-20 18:45:00,107.309,107.3545,107.28399999999999,107.28749999999998
2018-02-20 19:00:00,107.28649999999999,107.30149999999998,107.20299999999996,107.21750000000002
2018-02-20 19:15:00,107.21799999999999,107.26450000000001,107.1955,107.25
2018-02-20 19:30:00,107.25,107.29799999999999,107.244,107.26799999999999
2018-02-20 19:45:00,107.26799999999999,107.28749999999998,107.23700000000001,107.281
2018-02-20 20:00:00,107.281,107.30050000000004,107.25699999999995,107.2575
2018-02-20 20:15:00,107.25799999999995,107.26399999999998,107.2095,107.235
2018-02-20 20:30:00,107.235,107.27600000000001,107.23299999999999,107.245
2018-02-20 20:45:00,107.245,107.27850000000001,107.23299999999999,107.2565
2018-02-20 21:00:00,107.2575,107.279,107.24700000000001,107.274
2018-02-20 21:15:00,107.2735,107.288,107.26950000000001,107.287
2018-02-20 21:30:00,107.28649999999999,107.288,107.26350000000001,107.28749999999998
2018-02-20 21:45:00,107.2875,107.3425,107.287,107.32700000000001
2018-02-20 22:00:00,107.3275,107.33149999999999,107.287,107.29549999999999
2018-02-20 22:15:00,107.29549999999999,107.31649999999999,107.27850000000001,107.2915
2018-02-20 22:30:00,107.2915,107.294,107.27799999999999,107.2915
2018-02-20 22:45:00,107.2915,107.33,107.291,107.32
2018-02-20 23:00:00,107.3195,107.355,107.30149999999999,107.339
2018-02-20 23:15:00,107.3395,107.3545,107.3225,107.33149999999999
2018-02-20 23:30:00,107.33200000000001,107.3725,107.321,107.3695
2018-02-20 23:45:00,107.3685,107.396,107.351,107.39450000000005
2018-02-21 01:00:00,107.544,107.59299999999999,107.531,107.553
2018-02-21 01:15:00,107.552,107.59699999999995,107.52549999999995,107.56700000000001
2018-02-21 01:30:00,107.565,107.583,107.527,107.574
2018-02-21 01:45:00,107.57600000000001,107.66799999999999,107.573,107.6235
2018-02-21 02:00:00,107.62299999999999,107.64049999999999,107.56200000000001,107.59699999999995
2018-02-21 02:15:00,107.59649999999999,107.6515,107.59450000000001,107.647
2018-02-21 02:30:00,107.646,107.792,107.64299999999999,107.78299999999999
2018-02-21 02:45:00,107.78299999999999,107.85049999999995,107.75450000000001,107.8365
2018-02-21 03:00:00,107.8365,107.837,107.78,107.78200000000001
2018-02-21 03:15:00,107.78200000000001,107.90350000000002,107.77850000000001,107.8735
2018-02-21 03:30:00,107.87299999999999,107.87299999999999,107.81649999999998,107.81700000000001
2018-02-21 03:45:00,107.815,107.8545,107.7875,107.7875
2018-02-21 04:00:00,107.7875,107.8205,107.696,107.7025
2018-02-21 04:15:00,107.70299999999999,107.72149999999999,107.64450000000001,107.713
2018-02-21 04:30:00,107.71350000000001,107.73299999999999,107.6815,107.72249999999998
2018-02-21 04:45:00,107.72200000000001,107.8025,107.7105,107.7855
2018-02-21 05:00:00,107.7875,107.8545,107.7595,107.7815
2018-02-21 05:15:00,107.7825,107.79350000000001,107.75200000000001,107.78
2018-02-21 05:30:00,107.77649999999998,107.814,107.71000000000002,107.809
2018-02-21 05:45:00,107.80950000000001,107.83100000000002,107.766,107.8115
2018-02-21 06:00:00,107.81,107.829,107.72,107.74549999999999
2018-02-21 06:15:00,107.745,107.78,107.71950000000001,107.74950000000001
2018-02-21 06:30:00,107.74799999999999,107.78399999999999,107.7,107.73200000000001
2018-02-21 06:45:00,107.73000000000002,107.762,107.66950000000001,107.68
2018-02-21 07:00:00,107.681,107.77850000000001,107.6605,107.7585
2018-02-21 07:15:00,107.75700000000005,107.75700000000005,107.708,107.736
2018-02-21 07:30:00,107.735,107.8725,107.735,107.81200000000001
2018-02-21 07:45:00,107.8125,107.821,107.74700000000001,107.77299999999995
2018-02-21 08:00:00,107.774,107.7975,107.6235,107.62399999999998
2018-02-21 08:15:00,107.6225,107.6875,107.6175,107.67
2018-02-21 08:30:00,107.6715,107.6775,107.5265,107.5475
2018-02-21 08:45:00,107.5465,107.5615,107.4905,107.56100000000002
2018-02-21 09:00:00,107.55950000000001,107.56299999999999,107.47200000000001,107.49700000000001
2018-02-21 09:15:00,107.4965,107.57350000000001,107.488,107.571
2018-02-21 09:30:00,107.571,107.571,107.523,107.54000000000002
2018-02-21 09:45:00,107.539,107.54299999999999,107.475,107.49
2018-02-21 10:00:00,107.491,107.536,107.4905,107.53
2018-02-21 10:15:00,107.531,107.568,107.53,107.56200000000001
2018-02-21 10:30:00,107.56200000000001,107.56200000000001,107.522,107.522
2018-02-21 10:45:00,107.521,107.521,107.367,107.39100000000002
2018-02-21 11:00:00,107.39049999999999,107.446,107.34,107.439
2018-02-21 11:15:00,107.43950000000001,107.45700000000001,107.4155,107.44600000000004
2018-02-21 11:30:00,107.4455,107.475,107.43350000000001,107.46250000000002
2018-02-21 11:45:00,107.464,107.51549999999999,107.459,107.505
2018-02-21 12:00:00,107.5075,107.53149999999998,107.43049999999995,107.46600000000002
2018-02-21 12:15:00,107.46549999999999,107.49700000000001,107.426,107.49300000000005
2018-02-21 12:30:00,107.4935,107.54700000000001,107.4935,107.53649999999999
2018-02-21 12:45:00,107.53649999999999,107.58800000000005,107.53149999999998,107.542
2018-02-21 13:00:00,107.5405,107.62,107.52799999999999,107.542
2018-02-21 13:15:00,107.542,107.595,107.5245,107.565
2018-02-21 13:30:00,107.56549999999999,107.58200000000001,107.51350000000001,107.52850000000001
2018-02-21 13:45:00,107.52899999999998,107.536,107.4785,107.48299999999999
2018-02-21 14:00:00,107.48350000000002,107.50449999999995,107.40100000000001,107.43999999999998
2018-02-21 14:15:00,107.43950000000001,107.45399999999998,107.338,107.37100000000001
2018-02-21 14:30:00,107.374,107.48899999999999,107.351,107.45499999999998
2018-02-21 14:45:00,107.456,107.54950000000001,107.456,107.5275
2018-02-21 15:00:00,107.52850000000001,107.54549999999996,107.45649999999999,107.52799999999999
2018-02-21 15:15:00,107.52850000000001,107.62450000000001,107.527,107.5485
2018-02-21 15:30:00,107.5485,107.585,107.50350000000002,107.572
2018-02-21 15:45:00,107.572,107.7015,107.572,107.616
2018-02-21 16:00:00,107.615,107.6355,107.5635,107.601
2018-02-21 16:15:00,107.6015,107.72399999999999,107.6015,107.72399999999999
2018-02-21 16:30:00,107.7235,107.7235,107.67950000000005,107.6805
2018-02-21 16:45:00,107.6815,107.69799999999995,107.633,107.6435
2018-02-21 17:00:00,107.6425,107.70149999999998,107.62749999999998,107.69549999999995
2018-02-21 17:15:00,107.6935,107.706,107.64200000000001,107.64200000000001
2018-02-21 17:30:00,107.64200000000001,107.669,107.62899999999999,107.6455
2018-02-21 17:45:00,107.6455,107.6635,107.62899999999999,107.6485
2018-02-21 18:00:00,107.649,107.661,107.625,107.625
2018-02-21 18:15:00,107.6235,107.66799999999999,107.62200000000001,107.65700000000001
2018-02-21 18:30:00,107.65850000000002,107.7415,107.6415,107.7415
2018-02-21 18:45:00,107.74,107.7415,107.68799999999999,107.71350000000001
2018-02-21 19:00:00,107.714,107.7625,107.289,107.447
2018-02-21 19:15:00,107.444,107.63799999999999,107.30149999999999,107.6215
2018-02-21 19:30:00,107.62100000000001,107.6885,107.571,107.65
2018-02-21 19:45:00,107.6505,107.79,107.63799999999999,107.76299999999999
2018-02-21 20:00:00,107.76450000000001,107.9005,107.764,107.83200000000005
2018-02-21 20:15:00,107.83200000000005,107.83200000000005,107.73299999999999,107.762
2018-02-21 20:30:00,107.76299999999999,107.82950000000001,107.65850000000002,107.6645
2018-02-21 20:45:00,107.6645,107.74,107.652,107.669
2018-02-21 21:00:00,107.67049999999999,107.675,107.583,107.6455
2018-02-21 21:15:00,107.647,107.73899999999999,107.64299999999999,107.71799999999996
2018-02-21 21:30:00,107.7175,107.735,107.661,107.734
2018-02-21 21:45:00,107.73250000000002,107.77850000000001,107.73250000000002,107.775
2018-02-21 22:00:00,107.7755,107.77899999999998,107.7245,107.73049999999999
2018-02-21 22:15:00,107.73049999999999,107.76700000000001,107.713,107.7245
2018-02-21 22:30:00,107.7255,107.7705,107.7255,107.74950000000001
2018-02-21 22:45:00,107.75049999999999,107.77299999999995,107.7405,107.75399999999999
2018-02-21 23:00:00,107.755,107.75700000000005,107.65350000000001,107.6665
2018-02-21 23:15:00,107.667,107.66799999999999,107.527,107.53149999999998
2018-02-21 23:30:00,107.53299999999999,107.59,107.53299999999999,107.583
2018-02-21 23:45:00,107.583,107.62799999999999,107.5465,107.58
2018-02-22 01:00:00,107.44600000000004,107.525,107.42,107.431
2018-02-22 01:15:00,107.431,107.43950000000001,107.2115,107.21750000000002
2018-02-22 01:30:00,107.21600000000001,107.27799999999999,107.1565,107.206
2018-02-22 01:45:00,107.20649999999999,107.271,107.1725,107.26049999999995
2018-02-22 02:00:00,107.26049999999995,107.29950000000001,107.23700000000001,107.245
2018-02-22 02:15:00,107.24550000000005,107.32050000000005,107.24550000000005,107.262
2018-02-22 02:30:00,107.26299999999999,107.3675,107.262,107.355
2018-02-22 02:45:00,107.3545,107.40899999999999,107.31200000000001,107.3785
2018-02-22 03:00:00,107.37899999999998,107.38799999999999,107.33549999999995,107.345
2018-02-22 03:15:00,107.346,107.355,107.3135,107.315
2018-02-22 03:30:00,107.314,107.329,107.291,107.3245
2018-02-22 03:45:00,107.324,107.3815,107.31200000000001,107.32
2018-02-22 04:00:00,107.321,107.3395,107.28299999999999,107.31600000000002
2018-02-22 04:15:00,107.31649999999999,107.368,107.29549999999999,107.35
2018-02-22 04:30:00,107.3505,107.37999999999998,107.2985,107.345
2018-02-22 04:45:00,107.345,107.4615,107.3395,107.4295
2018-02-22 05:00:00,107.428,107.464,107.4215,107.443
2018-02-22 05:15:00,107.44200000000001,107.4445,107.3835,107.3835
2018-02-22 05:30:00,107.384,107.43049999999995,107.37899999999999,107.43049999999995
2018-02-22 05:45:00,107.431,107.47200000000001,107.396,107.471
2018-02-22 06:00:00,107.47049999999999,107.476,107.3365,107.338
2018-02-22 06:15:00,107.337,107.43799999999999,107.337,107.431
2018-02-22 06:30:00,107.4315,107.48299999999999,107.40500000000002,107.48049999999999
2018-02-22 06:45:00,107.48049999999999,107.5875,107.4755,107.569
2018-02-22 07:00:00,107.569,107.6085,107.544,107.5615
2018-02-22 07:15:00,107.5625,107.59549999999999,107.5075,107.54549999999996
2018-02-22 07:30:00,107.5475,107.5485,107.4435,107.45700000000001
2018-02-22 07:45:00,107.45700000000001,107.48450000000001,107.4455,107.4725
2018-02-22 08:00:00,107.473,107.485,107.32600000000001,107.346
2018-02-22 08:15:00,107.34750000000004,107.389,107.33700000000005,107.33700000000005
2018-02-22 08:30:00,107.3375,107.34849999999997,107.24200000000005,107.348
2018-02-22 08:45:00,107.346,107.351,107.2725,107.281
2018-02-22 09:00:00,107.28299999999999,107.292,107.223,107.28200000000001
2018-02-22 09:15:00,107.28200000000001,107.329,107.2425,107.25399999999999
2018-02-22 09:30:00,107.25349999999997,107.28049999999999,107.2275,107.25699999999995
2018-02-22 09:45:00,107.257,107.32050000000005,107.22,107.3195
2018-02-22 10:00:00,107.32,107.365,107.29799999999999,107.3175
2018-02-22 10:15:00,107.31700000000005,107.35899999999998,107.303,107.33700000000005
2018-02-22 10:30:00,107.338,107.382,107.31600000000002,107.3245
2018-02-22 10:45:00,107.3245,107.3505,107.304,107.3435
2018-02-22 11:00:00,107.344,107.37,107.33199999999995,107.34050000000005
2018-02-22 11:15:00,107.34050000000005,107.35799999999999,107.3245,107.3545
2018-02-22 11:30:00,107.354,107.3845,107.3285,107.33700000000005
2018-02-22 11:45:00,107.3375,107.3425,107.25399999999999,107.26899999999999
2018-02-22 12:00:00,107.26950000000001,107.363,107.238,107.344
2018-02-22 12:15:00,107.346,107.3515,107.227,107.25399999999999
2018-02-22 12:30:00,107.25399999999999,107.287,107.148,107.22200000000004
2018-02-22 12:45:00,107.221,107.226,107.03299999999999,107.04850000000002
2018-02-22 13:00:00,107.046,107.12000000000002,107.024,107.0975
2018-02-22 13:15:00,107.09649999999999,107.1025,106.98100000000001,107.00399999999999
2018-02-22 13:30:00,107.00299999999999,107.0855,106.931,106.9575
2018-02-22 13:45:00,106.95700000000001,106.9945,106.86399999999998,106.88
2018-02-22 14:00:00,106.87799999999999,106.95000000000002,106.816,106.85950000000004
2018-02-22 14:15:00,106.85950000000004,106.8985,106.803,106.8625
2018-02-22 14:30:00,106.863,106.9495,106.8195,106.94200000000001
2018-02-22 14:45:00,106.941,106.9645,106.8395,106.8585
2018-02-22 15:00:00,106.85950000000004,106.86149999999999,106.74,106.755
2018-02-22 15:15:00,106.75399999999999,106.7915,106.65100000000001,106.7085
2018-02-22 15:30:00,106.70649999999999,106.805,106.7015,106.79700000000001
2018-02-22 15:45:00,106.7975,106.9155,106.79700000000001,106.89299999999999
2018-02-22 16:00:00,106.89200000000001,106.9765,106.87049999999999,106.9445
2018-02-22 16:15:00,106.9455,107.06,106.925,107.029
2018-02-22 16:30:00,107.0275,107.07350000000001,106.98700000000001,107.0325
2018-02-22 16:45:00,107.0335,107.0675,106.9495,106.96600000000001
2018-02-22 17:00:00,106.96600000000001,106.99549999999999,106.914,106.932
2018-02-22 17:15:00,106.932,106.9585,106.883,106.883
2018-02-22 17:30:00,106.8845,106.9025,106.81200000000001,106.87
2018-02-22 17:45:00,106.869,106.87950000000005,106.80149999999999,106.8065
2018-02-22 18:00:00,106.805,106.85700000000001,106.7295,106.73200000000001
2018-02-22 18:15:00,106.73200000000001,106.7915,106.7265,106.77950000000001
2018-02-22 18:30:00,106.77750000000002,106.8075,106.75200000000001,106.7765
2018-02-22 18:45:00,106.7765,106.85250000000002,106.7615,106.82799999999999
2018-02-22 19:00:00,106.8275,106.8435,106.7085,106.715
2018-02-22 19:15:00,106.71549999999999,106.7335,106.665,106.712
2018-02-22 19:30:00,106.7125,106.7475,106.64299999999999,106.68350000000002
2018-02-22 19:45:00,106.68350000000002,106.69850000000001,106.6175,106.62799999999999
2018-02-22 20:00:00,106.6305,106.685,106.59649999999998,106.68250000000002
2018-02-22 20:15:00,106.6815,106.73050000000005,106.67499999999998,106.711
2018-02-22 20:30:00,106.7115,106.7275,106.699,106.721
2018-02-22 20:45:00,106.72049999999999,106.73100000000001,106.65450000000001,106.689
2018-02-22 21:00:00,106.68700000000001,106.7375,106.667,106.7375
2018-02-22 21:15:00,106.738,106.74799999999999,106.73700000000001,106.7425
2018-02-22 21:30:00,106.7435,106.7555,106.71,106.74899999999998
2018-02-22 21:45:00,106.7485,106.77799999999999,106.7435,106.7555
2018-02-22 22:00:00,106.755,106.755,106.723,106.735
2018-02-22 22:15:00,106.735,106.75299999999999,106.71549999999999,106.7425
2018-02-22 22:30:00,106.742,106.7765,106.738,106.7665
2018-02-22 22:45:00,106.7665,106.76700000000001,106.71799999999999,106.725
2018-02-22 23:00:00,106.725,106.73,106.65700000000001,106.68549999999999
2018-02-22 23:15:00,106.68549999999999,106.7315,106.667,106.7295
2018-02-22 23:30:00,106.73100000000001,106.79,106.68799999999999,106.77799999999999
2018-02-22 23:45:00,106.77750000000002,106.84450000000001,106.75200000000001,106.8395
2018-02-23 01:00:00,106.88600000000001,106.9575,106.833,106.95649999999999
2018-02-23 01:15:00,106.954,106.95700000000001,106.851,106.86
2018-02-23 01:30:00,106.86149999999999,106.8715,106.81299999999999,106.82200000000005
2018-02-23 01:45:00,106.8185,106.848,106.73899999999999,106.80149999999999
2018-02-23 02:00:00,106.79549999999999,106.836,106.7815,106.82549999999999
2018-02-23 02:15:00,106.82549999999999,106.93549999999999,106.816,106.89600000000002
2018-02-23 02:30:00,106.89700000000005,106.914,106.8665,106.87700000000001
2018-02-23 02:45:00,106.8765,106.91149999999999,106.85799999999999,106.8775
2018-02-23 03:00:00,106.8775,106.889,106.8215,106.88749999999996
2018-02-23 03:15:00,106.88799999999999,106.89799999999995,106.84549999999999,106.8775
2018-02-23 03:30:00,106.8765,106.9125,106.8435,106.85600000000002
2018-02-23 03:45:00,106.85549999999999,106.916,106.8545,106.89399999999999
2018-02-23 04:00:00,106.89449999999995,106.92399999999999,106.8835,106.8955
2018-02-23 04:15:00,106.895,106.9305,106.889,106.91549999999995
2018-02-23 04:30:00,106.91549999999995,106.93549999999999,106.883,106.92299999999999
2018-02-23 04:45:00,106.92299999999999,106.992,106.9175,106.973
2018-02-23 05:00:00,106.97350000000002,106.98899999999999,106.93450000000001,106.977
2018-02-23 05:15:00,106.97800000000005,107.03299999999999,106.962,106.98899999999999
2018-02-23 05:30:00,106.99049999999995,107.00500000000002,106.971,106.975
2018-02-23 05:45:00,106.97450000000005,106.985,106.944,106.964
2018-02-23 06:00:00,106.96549999999999,106.975,106.8815,106.9595
2018-02-23 06:15:00,106.9585,107.0035,106.93350000000001,106.9825
2018-02-23 06:30:00,106.9825,107.1335,106.96750000000002,107.06950000000005
2018-02-23 06:45:00,107.0675,107.12299999999999,107.057,107.083
2018-02-23 07:00:00,107.083,107.1345,107.023,107.05799999999999
2018-02-23 07:15:00,107.05850000000001,107.10600000000001,107.04600000000002,107.094
2018-02-23 07:30:00,107.09549999999999,107.1285,107.05200000000005,107.08
2018-02-23 07:45:00,107.08,107.098,107.01999999999998,107.0215
2018-02-23 08:00:00,107.0205,107.024,106.854,106.898
2018-02-23 08:15:00,106.899,106.90149999999998,106.834,106.85250000000002
2018-02-23 08:30:00,106.852,106.92149999999998,106.8225,106.87250000000002
2018-02-23 08:45:00,106.8735,106.87950000000005,106.80149999999999,106.82950000000001
2018-02-23 09:00:00,106.8285,106.9075,106.7905,106.8695
2018-02-23 09:15:00,106.8695,106.89299999999999,106.851,106.89299999999999
2018-02-23 09:30:00,106.89350000000002,106.89350000000002,106.852,106.8855
2018-02-23 09:45:00,106.8845,106.91899999999998,106.8815,106.90350000000001
2018-02-23 10:00:00,106.9015,106.935,106.851,106.85250000000002
2018-02-23 10:15:00,106.853,106.8635,106.8125,106.8125
2018-02-23 10:30:00,106.81200000000001,106.85,106.806,106.833
2018-02-23 10:45:00,106.8335,106.905,106.83,106.8925
2018-02-23 11:00:00,106.8915,106.9175,106.85600000000002,106.87700000000001
2018-02-23 11:15:00,106.87549999999999,106.89,106.833,106.833
2018-02-23 11:30:00,106.83250000000002,106.8655,106.831,106.8535
2018-02-23 11:45:00,106.8535,106.859,106.804,106.806
2018-02-23 12:00:00,106.806,106.8185,106.75200000000001,106.75450000000001
2018-02-23 12:15:00,106.75399999999999,106.7765,106.7395,106.7585
2018-02-23 12:30:00,106.757,106.758,106.67749999999998,106.70200000000001
2018-02-23 12:45:00,106.70200000000001,106.738,106.698,106.73299999999999
2018-02-23 13:00:00,106.73299999999999,106.777,106.7115,106.7375
2018-02-23 13:15:00,106.73649999999999,106.80450000000005,106.736,106.796
2018-02-23 13:30:00,106.79299999999999,106.8355,106.7705,106.8115
2018-02-23 13:45:00,106.8125,106.815,106.7395,106.7825
2018-02-23 14:00:00,106.7825,106.7895,106.73549999999999,106.7585
2018-02-23 14:15:00,106.7575,106.859,106.7435,106.8495
2018-02-23 14:30:00,106.84749999999998,106.8695,106.8175,106.84549999999999
2018-02-23 14:45:00,106.84700000000001,106.90050000000005,106.7715,106.774
2018-02-23 15:00:00,106.7745,106.79249999999998,106.6885,106.7025
2018-02-23 15:15:00,106.70200000000001,106.7335,106.64,106.7335
2018-02-23 15:30:00,106.734,106.73450000000001,106.665,106.678
2018-02-23 15:45:00,106.67749999999998,106.68700000000001,106.51350000000002,106.6015
2018-02-23 16:00:00,106.6035,106.73149999999998,106.6035,106.66950000000001
2018-02-23 16:15:00,106.671,106.70450000000001,106.63,106.64
2018-02-23 16:30:00,106.64049999999999,106.70600000000002,106.6315,106.68450000000001
2018-02-23 16:45:00,106.685,106.70100000000001,106.631,106.655
2018-02-23 17:00:00,106.656,106.656,106.585,106.62549999999999
2018-02-23 17:15:00,106.62450000000001,106.6365,106.5855,106.5855
2018-02-23 17:30:00,106.5855,106.601,106.55850000000001,106.572
2018-02-23 17:45:00,106.5725,106.59299999999999,106.55199999999995,106.56450000000001
2018-02-23 18:00:00,106.56450000000001,106.62549999999999,106.56450000000001,106.61999999999998
2018-02-23 18:15:00,106.6215,106.637,106.603,106.6065
2018-02-23 18:30:00,106.60700000000001,106.62,106.57950000000001,106.60850000000002
2018-02-23 18:45:00,106.6125,106.637,106.609,106.63200000000005
2018-02-23 19:00:00,106.6315,106.65700000000001,106.61100000000002,106.652
2018-02-23 19:15:00,106.65350000000001,106.67649999999999,106.647,106.6665
2018-02-23 19:30:00,106.666,106.6815,106.6525,106.66950000000001
2018-02-23 19:45:00,106.66850000000001,106.74700000000001,106.665,106.74
2018-02-23 20:00:00,106.741,106.7565,106.6935,106.6945
2018-02-23 20:15:00,106.69499999999998,106.734,106.68299999999999,106.723
2018-02-23 20:30:00,106.723,106.8115,106.694,106.792
2018-02-23 20:45:00,106.7915,106.88799999999999,106.79,106.884
2018-02-23 21:00:00,106.883,106.94,106.8515,106.8515
2018-02-23 21:15:00,106.851,106.85950000000001,106.7745,106.814
2018-02-23 21:30:00,106.814,106.8325,106.76950000000001,106.8265
2018-02-23 21:45:00,106.82549999999999,106.89449999999995,106.7885,106.8925
2018-02-25 22:00:00,107.1935,107.1935,107.006,107.00949999999995
2018-02-25 22:15:00,107.01100000000001,107.0855,107.0015,107.05850000000001
2018-02-25 22:30:00,107.057,107.14200000000001,107.04549999999999,107.09649999999999
2018-02-25 22:45:00,107.0975,107.1235,107.057,107.05799999999999
2018-02-25 23:00:00,107.0575,107.07,106.911,106.97149999999999
2018-02-25 23:15:00,106.9725,107.04850000000002,106.9685,107.0035
2018-02-25 23:30:00,107.001,107.101,106.97350000000002,107.09649999999999
2018-02-25 23:45:00,107.09649999999999,107.1155,107.04500000000002,107.079
2018-02-26 01:00:00,106.87899999999999,106.882,106.73549999999999,106.74799999999999
2018-02-26 01:15:00,106.7475,106.82600000000001,106.7325,106.81649999999999
2018-02-26 01:30:00,106.81649999999999,106.82700000000001,106.6185,106.6315
2018-02-26 01:45:00,106.631,106.68450000000001,106.573,106.67200000000001
2018-02-26 02:00:00,106.66850000000001,106.66850000000001,106.5625,106.6025
2018-02-26 02:15:00,106.6015,106.625,106.5405,106.5555
2018-02-26 02:30:00,106.5565,106.5565,106.44049999999999,106.47149999999999
2018-02-26 02:45:00,106.4725,106.524,106.45049999999999,106.49950000000001
2018-02-26 03:00:00,106.499,106.569,106.4915,106.546
2018-02-26 03:15:00,106.54549999999999,106.571,106.5325,106.554
2018-02-26 03:30:00,106.55299999999995,106.5975,106.54950000000001,106.589
2018-02-26 03:45:00,106.5895,106.634,106.569,106.5775
2018-02-26 04:00:00,106.5785,106.617,106.5375,106.61149999999999
2018-02-26 04:15:00,106.6125,106.62950000000001,106.59299999999999,106.60500000000002
2018-02-26 04:30:00,106.6045,106.63550000000005,106.5925,106.6265
2018-02-26 04:45:00,106.62700000000001,106.6345,106.61200000000004,106.62549999999999
2018-02-26 05:00:00,106.62549999999999,106.6965,106.62549999999999,106.66950000000001
2018-02-26 05:15:00,106.66850000000001,106.67299999999999,106.601,106.67049999999999
2018-02-26 05:30:00,106.671,106.679,106.5745,106.59
2018-02-26 05:45:00,106.58850000000001,106.59450000000001,106.52,106.52
2018-02-26 06:00:00,106.5205,106.56549999999999,106.48450000000001,106.5535
2018-02-26 06:15:00,106.55,106.55899999999998,106.48450000000001,106.52499999999998
2018-02-26 06:30:00,106.5265,106.54799999999999,106.51700000000004,106.53049999999999
2018-02-26 06:45:00,106.529,106.539,106.44,106.4985
2018-02-26 07:00:00,106.50049999999999,106.55800000000005,106.4575,106.5405
2018-02-26 07:15:00,106.5385,106.544,106.3875,106.416
2018-02-26 07:30:00,106.4145,106.45200000000001,106.37700000000001,106.43700000000001
2018-02-26 07:45:00,106.43850000000002,106.5475,106.425,106.54700000000001
2018-02-26 08:00:00,106.54799999999999,106.6335,106.54799999999999,106.61399999999999
2018-02-26 08:15:00,106.6145,106.66850000000001,106.6065,106.62899999999999
2018-02-26 08:30:00,106.631,106.65,106.566,106.5725
2018-02-26 08:45:00,106.57399999999998,106.6635,106.57299999999995,106.661
2018-02-26 09:00:00,106.661,106.6795,106.64349999999996,106.646
2018-02-26 09:15:00,106.64799999999995,106.656,106.604,106.64450000000001
2018-02-26 09:30:00,106.64399999999999,106.64450000000001,106.602,106.60500000000002
2018-02-26 09:45:00,106.60500000000002,106.60700000000001,106.5545,106.59999999999998
2018-02-26 10:00:00,106.5995,106.6175,106.57700000000001,106.60750000000002
2018-02-26 10:15:00,106.60750000000002,106.641,106.595,106.61049999999999
2018-02-26 10:30:00,106.61,106.6135,106.5745,106.59200000000001
2018-02-26 10:45:00,106.59200000000001,106.59549999999999,106.55549999999995,106.59200000000001
2018-02-26 11:00:00,106.5925,106.6275,106.57,106.60950000000001
2018-02-26 11:15:00,106.61,106.63,106.6035,106.63
2018-02-26 11:30:00,106.63,106.684,106.62799999999999,106.66250000000002
2018-02-26 11:45:00,106.663,106.7735,106.65149999999998,106.76350000000001
2018-02-26 12:00:00,106.76549999999996,106.814,106.7625,106.791
2018-02-26 12:15:00,106.791,106.796,106.74549999999999,106.7515
2018-02-26 12:30:00,106.751,106.777,106.71950000000001,106.74799999999999
2018-02-26 12:45:00,106.74700000000001,106.7765,106.72199999999995,106.764
2018-02-26 13:00:00,106.765,106.84450000000001,106.73450000000001,106.819
2018-02-26 13:15:00,106.818,106.82600000000001,106.766,106.76899999999998
2018-02-26 13:30:00,106.76799999999999,106.848,106.76100000000002,106.8335
2018-02-26 13:45:00,106.8335,106.8655,106.81649999999999,106.8585
2018-02-26 14:00:00,106.85600000000002,106.9075,106.84399999999998,106.86
2018-02-26 14:15:00,106.86,106.976,106.8485,106.9665
2018-02-26 14:30:00,106.9665,107.041,106.93700000000001,106.95549999999999
2018-02-26 14:45:00,106.955,106.96799999999999,106.92,106.936
2018-02-26 15:00:00,106.9375,106.96549999999999,106.838,106.8485
2018-02-26 15:15:00,106.848,106.9125,106.81,106.86149999999999
2018-02-26 15:30:00,106.86149999999999,106.917,106.8505,106.89600000000002
2018-02-26 15:45:00,106.89700000000005,107.0015,106.89700000000005,106.93299999999999
2018-02-26 16:00:00,106.931,106.9685,106.86049999999999,106.87250000000002
2018-02-26 16:15:00,106.87299999999999,106.91899999999998,106.82950000000001,106.91799999999999
2018-02-26 16:30:00,106.91649999999998,106.917,106.82049999999995,106.87950000000005
2018-02-26 16:45:00,106.88,106.97200000000001,106.87200000000001,106.9575
2018-02-26 17:00:00,106.959,107.0625,106.959,107.03749999999998
2018-02-26 17:15:00,107.038,107.06600000000002,106.98450000000001,107.044
2018-02-26 17:30:00,107.044,107.054,107.0115,107.037
2018-02-26 17:45:00,107.0355,107.04850000000002,107.00049999999999,107.00399999999999
2018-02-26 18:00:00,107.00450000000001,107.009,106.97049999999999,107.00399999999999
2018-02-26 18:15:00,107.00450000000001,107.0405,106.97350000000002,107.03299999999999
2018-02-26 18:30:00,107.03200000000001,107.03200000000001,106.9925,107.006
2018-02-26 18:45:00,107.006,107.029,106.9515,106.96799999999999
2018-02-26 19:00:00,106.96600000000001,106.99649999999998,106.964,106.9925
2018-02-26 19:15:00,106.99299999999995,107.0125,106.98049999999999,106.98049999999999
2018-02-26 19:30:00,106.98100000000001,106.985,106.941,106.94149999999999
2018-02-26 19:45:00,106.94149999999999,106.9575,106.90549999999999,106.9135
2018-02-26 20:00:00,106.9125,107.00399999999999,106.90549999999999,106.9795
2018-02-26 20:15:00,106.9795,106.98049999999999,106.9125,106.92649999999999
2018-02-26 20:30:00,106.929,106.9605,106.92049999999999,106.92299999999999
2018-02-26 20:45:00,106.92299999999999,106.94750000000002,106.91649999999998,106.92750000000002
2018-02-26 21:00:00,106.92649999999999,106.9515,106.906,106.9515
2018-02-26 21:15:00,106.95100000000002,106.95350000000002,106.91799999999999,106.91899999999998
2018-02-26 21:30:00,106.92200000000001,106.94249999999998,106.91799999999999,106.93700000000001
2018-02-26 21:45:00,106.9375,106.964,106.93100000000004,106.93350000000001
2018-02-26 22:00:00,106.9255,106.944,106.9125,106.93899999999998
2018-02-26 22:15:00,106.93899999999998,107.00200000000001,106.935,106.9725
2018-02-26 22:30:00,106.9725,106.98450000000001,106.9305,106.96350000000001
2018-02-26 22:45:00,106.963,107.01100000000001,106.963,107.0075
2018-02-26 23:00:00,107.0055,107.04700000000001,107.001,107.0315
2018-02-26 23:15:00,107.031,107.05850000000001,107.009,107.05850000000001
2018-02-26 23:30:00,107.05850000000001,107.08899999999998,107.0335,107.07350000000001
2018-02-26 23:45:00,107.0745,107.09049999999999,107.055,107.0715
2018-02-27 01:00:00,106.84399999999998,106.84899999999999,106.7885,106.81
2018-02-27 01:15:00,106.80950000000001,106.90899999999999,106.80100000000002,106.895
2018-02-27 01:30:00,106.895,106.95049999999999,106.83200000000001,106.93
2018-02-27 01:45:00,106.9295,107.06049999999999,106.928,107.024
2018-02-27 02:00:00,107.0265,107.06049999999999,106.98200000000001,106.984
2018-02-27 02:15:00,106.984,106.995,106.9385,106.9495
2018-02-27 02:30:00,106.948,106.96600000000001,106.934,106.9385
2018-02-27 02:45:00,106.9375,106.96350000000001,106.92149999999998,106.9575
2018-02-27 03:00:00,106.95700000000001,106.9925,106.94049999999999,106.94249999999998
2018-02-27 03:15:00,106.94249999999998,106.94249999999998,106.818,106.89
2018-02-27 03:30:00,106.89299999999999,106.9455,106.85799999999999,106.93350000000001
2018-02-27 03:45:00,106.93350000000001,107.0075,106.93350000000001,106.97100000000002
2018-02-27 04:00:00,106.97,106.9725,106.91549999999995,106.96700000000001
2018-02-27 04:15:00,106.96700000000001,106.9875,106.92649999999999,106.948
2018-02-27 04:30:00,106.9455,106.97100000000002,106.944,106.961
2018-02-27 04:45:00,106.96,106.96549999999999,106.9325,106.9385
2018-02-27 05:00:00,106.93950000000001,106.9495,106.89,106.90450000000001
2018-02-27 05:15:00,106.902,106.915,106.88,106.89350000000002
2018-02-27 05:30:00,106.895,106.90549999999999,106.8625,106.881
2018-02-27 05:45:00,106.87950000000001,106.88600000000001,106.85700000000001,106.8735
2018-02-27 06:00:00,106.8735,106.9325,106.86399999999998,106.9105
2018-02-27 06:15:00,106.9105,106.9105,106.806,106.81
2018-02-27 06:30:00,106.81049999999999,106.867,106.8035,106.84399999999998
2018-02-27 06:45:00,106.84450000000001,106.8875,106.81299999999999,106.8565
2018-02-27 07:00:00,106.8565,106.8685,106.835,106.8665
2018-02-27 07:15:00,106.8665,106.889,106.84399999999998,106.8505
2018-02-27 07:30:00,106.8495,106.93799999999999,106.84299999999999,106.932
2018-02-27 07:45:00,106.9275,107.03,106.89950000000005,107.02
2018-02-27 08:00:00,107.0205,107.10799999999996,106.98700000000001,107.01
2018-02-27 08:15:00,107.00949999999995,107.068,106.973,107.068
2018-02-27 08:30:00,107.068,107.08350000000002,107.0275,107.0785
2018-02-27 08:45:00,107.0775,107.08200000000001,107.04700000000001,107.065
2018-02-27 09:00:00,107.065,107.09299999999999,107.05950000000001,107.07799999999999
2018-02-27 09:15:00,107.0785,107.083,107.0115,107.029
2018-02-27 09:30:00,107.02850000000001,107.05149999999999,106.991,107.0475
2018-02-27 09:45:00,107.04700000000001,107.06049999999999,107.00949999999995,107.03749999999998
2018-02-27 10:00:00,107.038,107.05,107.00399999999999,107.0325
2018-02-27 10:15:00,107.0325,107.03450000000001,106.9925,107.02
2018-02-27 10:30:00,107.0205,107.056,107.01,107.04250000000002
2018-02-27 10:45:00,107.04250000000002,107.044,107.00949999999995,107.01649999999998
2018-02-27 11:00:00,107.016,107.042,106.936,106.941
2018-02-27 11:15:00,106.94200000000001,106.99,106.936,106.98100000000001
2018-02-27 11:30:00,106.98049999999999,106.9935,106.9615,106.98200000000001
2018-02-27 11:45:00,106.98200000000001,107.007,106.94049999999999,106.96
2018-02-27 12:00:00,106.9605,106.99950000000001,106.94200000000001,106.98
2018-02-27 12:15:00,106.9795,107.01299999999999,106.9645,107.0
2018-02-27 12:30:00,107.00299999999999,107.0085,106.9835,106.98599999999996
2018-02-27 12:45:00,106.98649999999999,107.04799999999999,106.9835,107.04549999999999
2018-02-27 13:00:00,107.046,107.14299999999999,107.04350000000001,107.12049999999999
2018-02-27 13:15:00,107.12049999999999,107.179,107.102,107.13850000000001
2018-02-27 13:30:00,107.13799999999999,107.22999999999998,106.99299999999995,107.07
2018-02-27 13:45:00,107.07,107.1075,106.9525,107.1015
2018-02-27 14:00:00,107.10000000000002,107.14600000000002,107.03749999999998,107.1005
2018-02-27 14:15:00,107.1005,107.10899999999998,107.04950000000004,107.05950000000001
2018-02-27 14:30:00,107.0625,107.105,106.99799999999999,107.07650000000004
2018-02-27 14:45:00,107.07700000000001,107.21799999999999,107.07399999999998,107.20100000000001
2018-02-27 15:00:00,107.204,107.26350000000001,107.17049999999999,107.20100000000001
2018-02-27 15:15:00,107.20049999999999,107.2715,107.1785,107.2415
2018-02-27 15:30:00,107.2435,107.4785,107.2435,107.4735
2018-02-27 15:45:00,107.4735,107.67600000000002,107.47149999999999,107.56299999999999
2018-02-27 16:00:00,107.568,107.568,107.4295,107.47200000000001
2018-02-27 16:15:00,107.4725,107.536,107.43549999999999,107.439
2018-02-27 16:30:00,107.441,107.51299999999999,107.426,107.506
2018-02-27 16:45:00,107.507,107.5215,107.4315,107.475
2018-02-27 17:00:00,107.4755,107.58450000000005,107.4445,107.569
2018-02-27 17:15:00,107.569,107.57549999999999,107.32600000000001,107.37
2018-02-27 17:30:00,107.3685,107.42399999999999,107.361,107.4005
2018-02-27 17:45:00,107.4005,107.40100000000001,107.31299999999999,107.3835
2018-02-27 18:00:00,107.3835,107.44200000000001,107.354,107.389
2018-02-27 18:15:00,107.389,107.3935,107.2855,107.30499999999998
2018-02-27 18:30:00,107.30499999999998,107.336,107.286,107.291
2018-02-27 18:45:00,107.2915,107.33199999999995,107.27799999999999,107.30499999999998
2018-02-27 19:00:00,107.3055,107.3575,107.302,107.34299999999999
2018-02-27 19:15:00,107.34,107.37100000000001,107.3125,107.367
2018-02-27 19:30:00,107.367,107.4105,107.365,107.37299999999999
2018-02-27 19:45:00,107.37299999999999,107.431,107.35600000000001,107.42299999999999
2018-02-27 20:00:00,107.4235,107.4235,107.35700000000001,107.37450000000001
2018-02-27 20:15:00,107.37450000000001,107.38799999999999,107.31649999999999,107.3535
2018-02-27 20:30:00,107.354,107.397,107.346,107.3735
2018-02-27 20:45:00,107.3715,107.3915,107.35950000000001,107.367
2018-02-27 21:00:00,107.36750000000002,107.39,107.3545,107.3715
2018-02-27 21:15:00,107.3715,107.4025,107.3715,107.384
2018-02-27 21:30:00,107.384,107.384,107.338,107.33899999999998
2018-02-27 21:45:00,107.3425,107.3915,107.32350000000001,107.33149999999999
2018-02-27 22:00:00,107.333,107.352,107.32799999999999,107.345
2018-02-27 22:15:00,107.34450000000001,107.3735,107.314,107.334
2018-02-27 22:30:00,107.3345,107.3655,107.33,107.35700000000001
2018-02-27 22:45:00,107.35700000000001,107.3785,107.3485,107.35199999999995
2018-02-27 23:00:00,107.351,107.397,107.3475,107.3845
2018-02-27 23:15:00,107.3835,107.40100000000001,107.37950000000001,107.3865
2018-02-27 23:30:00,107.38600000000001,107.3995,107.36200000000001,107.3975
2018-02-27 23:45:00,107.399,107.44149999999999,107.38249999999998,107.429
2018-02-28 01:00:00,107.345,107.4105,107.181,107.1965
2018-02-28 01:15:00,107.1965,107.249,107.1475,107.21500000000002
2018-02-28 01:30:00,107.21549999999999,107.219,107.126,107.164
2018-02-28 01:45:00,107.16299999999995,107.1635,107.075,107.139
2018-02-28 02:00:00,107.139,107.1805,107.1215,107.134
2018-02-28 02:15:00,107.134,107.2295,107.12450000000001,107.2295
2018-02-28 02:30:00,107.23,107.2585,107.1455,107.18549999999999
2018-02-28 02:45:00,107.18549999999999,107.322,107.18350000000001,107.322
2018-02-28 03:00:00,107.319,107.367,107.2085,107.2115
2018-02-28 03:15:00,107.20999999999998,107.2435,107.1715,107.2245
2018-02-28 03:30:00,107.2255,107.23049999999999,107.16149999999999,107.196
2018-02-28 03:45:00,107.19500000000002,107.219,107.175,107.2165
2018-02-28 04:00:00,107.21500000000002,107.21549999999999,107.16299999999995,107.20299999999996
2018-02-28 04:15:00,107.2035,107.20649999999998,107.16800000000005,107.1955
2018-02-28 04:30:00,107.1965,107.2705,107.1965,107.221
2018-02-28 04:45:00,107.22049999999999,107.27,107.17299999999999,107.186
2018-02-28 05:00:00,107.1875,107.205,107.166,107.20299999999996
2018-02-28 05:15:00,107.20299999999996,107.20549999999999,107.13799999999999,107.18
2018-02-28 05:30:00,107.17649999999999,107.17649999999999,107.09549999999999,107.12700000000001
2018-02-28 05:45:00,107.1275,107.134,107.06200000000001,107.06700000000001
2018-02-28 06:00:00,107.06950000000005,107.08899999999998,107.0235,107.07799999999999
2018-02-28 06:15:00,107.07799999999999,107.12549999999999,107.042,107.12450000000001
2018-02-28 06:30:00,107.12549999999999,107.145,107.0635,107.084
2018-02-28 06:45:00,107.08449999999995,107.0855,107.01350000000001,107.04350000000001
2018-02-28 07:00:00,107.044,107.08200000000001,107.00200000000001,107.065
2018-02-28 07:15:00,107.065,107.12350000000002,107.0475,107.09499999999998
2018-02-28 07:30:00,107.0935,107.09450000000001,107.0055,107.036
2018-02-28 07:45:00,107.035,107.09149999999998,107.02600000000001,107.07200000000005
2018-02-28 08:00:00,107.07200000000005,107.18799999999999,107.0635,107.1725
2018-02-28 08:15:00,107.1715,107.2225,107.14450000000005,107.15350000000001
2018-02-28 08:30:00,107.15450000000001,107.2225,107.1475,107.20299999999996
2018-02-28 08:45:00,107.20450000000001,107.21500000000002,107.15799999999999,107.18450000000001
2018-02-28 09:00:00,107.1865,107.241,107.17299999999999,107.2315
2018-02-28 09:15:00,107.23200000000001,107.2335,107.085,107.09649999999999
2018-02-28 09:30:00,107.096,107.132,107.07600000000001,107.1025
2018-02-28 09:45:00,107.1025,107.1155,107.05749999999998,107.08049999999999
2018-02-28 10:00:00,107.08149999999999,107.1145,107.05149999999999,107.09149999999998
2018-02-28 10:15:00,107.09100000000001,107.113,107.057,107.06950000000005
2018-02-28 10:30:00,107.06950000000005,107.0745,107.03749999999998,107.0715
2018-02-28 10:45:00,107.0725,107.1135,107.054,107.104
2018-02-28 11:00:00,107.10350000000004,107.167,107.0995,107.131
2018-02-28 11:15:00,107.1305,107.1495,107.087,107.126
2018-02-28 11:30:00,107.12549999999999,107.1325,107.094,107.11149999999998
2018-02-28 11:45:00,107.11,107.15100000000001,107.09049999999999,107.10899999999998
2018-02-28 12:00:00,107.10950000000001,107.12200000000001,107.0405,107.04450000000001
2018-02-28 12:15:00,107.04450000000001,107.0475,107.01700000000001,107.03200000000001
2018-02-28 12:30:00,107.0315,107.06200000000001,106.93450000000001,106.93450000000001
2018-02-28 12:45:00,106.936,106.98549999999999,106.9315,106.95000000000002
2018-02-28 13:00:00,106.948,107.039,106.94750000000002,107.02250000000002
2018-02-28 13:15:00,107.0235,107.09450000000001,107.0115,107.05799999999999
2018-02-28 13:30:00,107.0575,107.1325,107.04,107.12700000000001
2018-02-28 13:45:00,107.12450000000001,107.1605,107.04549999999999,107.0565
2018-02-28 14:00:00,107.053,107.05749999999998,106.955,107.0315
2018-02-28 14:15:00,107.0315,107.08899999999998,107.0255,107.04
2018-02-28 14:30:00,107.04,107.05749999999998,106.962,107.0035
2018-02-28 14:45:00,107.006,107.1275,106.99299999999995,107.10899999999998
2018-02-28 15:00:00,107.10799999999996,107.10799999999996,106.99799999999999,107.06549999999999
2018-02-28 15:15:00,107.06700000000001,107.0745,106.98850000000002,107.008
2018-02-28 15:30:00,107.0065,107.02950000000001,106.8195,106.8505
2018-02-28 15:45:00,106.84899999999999,106.8695,106.6725,106.719
2018-02-28 16:00:00,106.719,106.74,106.63200000000005,106.64799999999995
2018-02-28 16:15:00,106.649,106.72399999999999,106.64799999999995,106.7225
2018-02-28 16:30:00,106.72049999999999,106.723,106.63200000000005,106.652
2018-02-28 16:45:00,106.65300000000005,106.6645,106.56700000000001,106.61999999999998
2018-02-28 17:00:00,106.62200000000001,106.65700000000001,106.596,106.62850000000002
2018-02-28 17:15:00,106.62799999999999,106.65549999999999,106.5975,106.64349999999996
2018-02-28 17:30:00,106.64200000000001,106.689,106.62899999999999,106.67200000000001
2018-02-28 17:45:00,106.6725,106.76100000000002,106.6725,106.7325
2018-02-28 18:00:00,106.73299999999999,106.7555,106.69499999999998,106.7295
2018-02-28 18:15:00,106.73,106.77799999999999,106.723,106.771
2018-02-28 18:30:00,106.771,106.7895,106.72899999999998,106.74899999999998
2018-02-28 18:45:00,106.74899999999998,106.74950000000001,106.6975,106.738
2018-02-28 19:00:00,106.7385,106.77799999999999,106.7375,106.74950000000001
2018-02-28 19:15:00,106.75,106.788,106.745,106.755
2018-02-28 19:30:00,106.755,106.76299999999999,106.6875,106.693
2018-02-28 19:45:00,106.694,106.723,106.64600000000002,106.65399999999998
2018-02-28 20:00:00,106.65049999999995,106.72700000000005,106.64200000000001,106.69850000000001
2018-02-28 20:15:00,106.697,106.70299999999999,106.61149999999999,106.67499999999998
2018-02-28 20:30:00,106.67299999999999,106.70100000000001,106.664,106.698
2018-02-28 20:45:00,106.697,106.71950000000001,106.62549999999999,106.699
2018-02-28 21:00:00,106.6925,106.73299999999999,106.66149999999999,106.712
2018-02-28 21:15:00,106.7125,106.75399999999999,106.67499999999998,106.70200000000001
2018-02-28 21:30:00,106.70299999999999,106.72399999999999,106.69049999999999,106.70299999999999
2018-02-28 21:45:00,106.70200000000001,106.735,106.66850000000001,106.67749999999998
2018-02-28 22:00:00,106.67649999999999,106.711,106.62450000000001,106.662
2018-02-28 22:15:00,106.66149999999999,106.6775,106.6605,106.67499999999998
2018-02-28 22:30:00,106.6755,106.71499999999996,106.655,106.7025
2018-02-28 22:45:00,106.7025,106.70950000000005,106.6475,106.6585
2018-02-28 23:00:00,106.65549999999999,106.6635,106.618,106.652
2018-02-28 23:15:00,106.6525,106.66149999999999,106.5915,106.617
2018-02-28 23:30:00,106.6165,106.696,106.616,106.676
2018-02-28 23:45:00,106.67399999999998,106.6965,106.60700000000001,106.6365
2018-03-01 01:00:00,106.6875,106.766,106.62100000000001,106.63950000000001
2018-03-01 01:15:00,106.63950000000001,106.64299999999999,106.565,106.6065
2018-03-01 01:30:00,106.60600000000001,106.7225,106.5925,106.68700000000001
2018-03-01 01:45:00,106.68799999999999,106.7075,106.6415,106.6485
2018-03-01 02:00:00,106.6475,106.64799999999995,106.5985,106.6225
2018-03-01 02:15:00,106.62200000000001,106.689,106.6145,106.68700000000001
2018-03-01 02:30:00,106.6875,106.76700000000001,106.67049999999999,106.76649999999998
2018-03-01 02:45:00,106.76899999999999,106.77600000000001,106.70450000000001,106.7395
2018-03-01 03:00:00,106.73899999999999,106.74,106.6865,106.72700000000005
2018-03-01 03:15:00,106.7275,106.735,106.71050000000005,106.7285
2018-03-01 03:30:00,106.7295,106.7745,106.7245,106.76299999999999
2018-03-01 03:45:00,106.76299999999999,106.7745,106.72700000000005,106.73100000000001
2018-03-01 04:00:00,106.73050000000005,106.755,106.694,106.7515
2018-03-01 04:15:00,106.75249999999998,106.868,106.7475,106.815
2018-03-01 04:30:00,106.816,106.835,106.76950000000001,106.786
2018-03-01 04:45:00,106.78649999999999,106.8375,106.78299999999999,106.815
2018-03-01 05:00:00,106.82049999999995,106.861,106.77850000000002,106.82399999999998
2018-03-01 05:15:00,106.823,106.838,106.795,106.8175
2018-03-01 05:30:00,106.8175,106.819,106.758,106.773
2018-03-01 05:45:00,106.773,106.84749999999998,106.75299999999999,106.82999999999998
2018-03-01 06:00:00,106.83200000000001,106.8645,106.7735,106.77950000000001
2018-03-01 06:15:00,106.77750000000002,106.8545,106.74799999999999,106.85
2018-03-01 06:30:00,106.84899999999999,106.85500000000002,106.78399999999999,106.78399999999999
2018-03-01 06:45:00,106.7835,106.8,106.73049999999999,106.758
2018-03-01 07:00:00,106.7585,106.81450000000001,106.755,106.78450000000001
2018-03-01 07:15:00,106.7835,106.8565,106.7825,106.83850000000001
2018-03-01 07:30:00,106.839,106.8635,106.789,106.79
2018-03-01 07:45:00,106.791,106.836,106.7675,106.80100000000002
2018-03-01 08:00:00,106.8,106.8975,106.78399999999999,106.85950000000004
2018-03-01 08:15:00,106.86,106.88850000000001,106.791,106.796
2018-03-01 08:30:00,106.796,106.8545,106.7915,106.807
2018-03-01 08:45:00,106.80450000000005,106.838,106.77249999999998,106.774
2018-03-01 09:00:00,106.773,106.773,106.69499999999998,106.71600000000001
2018-03-01 09:15:00,106.7165,106.791,106.7165,106.78200000000001
2018-03-01 09:30:00,106.7825,106.81200000000001,106.70950000000005,106.73050000000005
2018-03-01 09:45:00,106.73299999999999,106.7705,106.725,106.76450000000001
2018-03-01 10:00:00,106.764,106.8125,106.74700000000001,106.786
2018-03-01 10:15:00,106.7855,106.8,106.73649999999999,106.774
2018-03-01 10:30:00,106.77500000000002,106.809,106.76950000000001,106.79350000000001
2018-03-01 10:45:00,106.792,106.79500000000002,106.759,106.76700000000001
2018-03-01 11:00:00,106.76649999999998,106.79450000000001,106.762,106.78049999999999
2018-03-01 11:15:00,106.78049999999999,106.7915,106.7405,106.7435
2018-03-01 11:30:00,106.744,106.7595,106.71549999999999,106.75249999999998
2018-03-01 11:45:00,106.75200000000001,106.75200000000001,106.662,106.677
2018-03-01 12:00:00,106.67649999999999,106.7265,106.67299999999999,106.6925
2018-03-01 12:15:00,106.693,106.7585,106.6725,106.7535
2018-03-01 12:30:00,106.75299999999999,106.77950000000001,106.723,106.7295
2018-03-01 12:45:00,106.7295,106.79450000000001,106.72199999999995,106.765
2018-03-01 13:00:00,106.764,106.81200000000001,106.76350000000001,106.79450000000001
2018-03-01 13:15:00,106.794,106.796,106.7285,106.766
2018-03-01 13:30:00,106.76700000000001,106.88600000000001,106.7595,106.86149999999999
2018-03-01 13:45:00,106.86200000000001,106.98599999999996,106.86049999999996,106.9225
2018-03-01 14:00:00,106.92049999999999,107.0055,106.902,106.98649999999999
2018-03-01 14:15:00,106.98700000000001,107.0,106.93450000000001,106.9615
2018-03-01 14:30:00,106.96799999999999,107.051,106.8665,106.87100000000001
2018-03-01 14:45:00,106.87049999999999,106.94149999999999,106.83200000000001,106.851
2018-03-01 15:00:00,106.853,107.06600000000002,106.848,107.012
2018-03-01 15:15:00,107.01100000000001,107.19850000000002,106.9785,107.133
2018-03-01 15:30:00,107.1365,107.2035,107.07350000000001,107.1075
2018-03-01 15:45:00,107.10799999999996,107.1335,107.0315,107.06950000000005
2018-03-01 16:00:00,107.07,107.0835,107.0115,107.081
2018-03-01 16:15:00,107.08149999999999,107.08149999999999,106.917,106.936
2018-03-01 16:30:00,106.935,106.961,106.885,106.926
2018-03-01 16:45:00,106.92450000000001,106.985,106.90300000000005,106.90799999999999
2018-03-01 17:00:00,106.90799999999999,106.92450000000001,106.8625,106.91799999999999
2018-03-01 17:15:00,106.916,106.916,106.8125,106.837
2018-03-01 17:30:00,106.839,106.839,106.777,106.81049999999999
2018-03-01 17:45:00,106.8115,106.88850000000001,106.8,106.8115
2018-03-01 18:00:00,106.809,106.81200000000001,106.65299999999999,106.72
2018-03-01 18:15:00,106.71799999999999,106.78649999999999,106.696,106.76549999999996
2018-03-01 18:30:00,106.76450000000001,106.76450000000001,106.64349999999996,106.6485
2018-03-01 18:45:00,106.65,106.67,106.4895,106.4915
2018-03-01 19:00:00,106.4935,106.5175,106.35249999999998,106.369
2018-03-01 19:15:00,106.36800000000005,106.51950000000001,106.3675,106.42649999999998
2018-03-01 19:30:00,106.425,106.43850000000002,106.30149999999999,106.3195
2018-03-01 19:45:00,106.322,106.36700000000005,106.20049999999999,106.25
2018-03-01 20:00:00,106.249,106.3565,106.1645,106.32600000000001
2018-03-01 20:15:00,106.32549999999996,106.3835,106.26450000000001,106.2665
2018-03-01 20:30:00,106.2675,106.294,106.167,106.20850000000002
2018-03-01 20:45:00,106.208,106.2705,106.18950000000001,106.198
2018-03-01 21:00:00,106.1965,106.279,106.179,106.271
2018-03-01 21:15:00,106.2725,106.3005,106.22250000000004,106.2275
2018-03-01 21:30:00,106.2275,106.2555,106.22399999999999,106.2555
2018-03-01 21:45:00,106.255,106.27799999999999,106.226,106.242
2018-03-01 22:00:00,106.2425,106.275,106.219,106.256
2018-03-01 22:15:00,106.255,106.256,106.19200000000005,106.20649999999999
2018-03-01 22:30:00,106.206,106.215,106.163,106.163
2018-03-01 22:45:00,106.1635,106.1755,106.0775,106.0995
2018-03-01 23:00:00,106.0995,106.15299999999999,106.09899999999999,106.12100000000001
2018-03-01 23:15:00,106.12200000000001,106.15299999999999,106.12200000000001,106.132
2018-03-01 23:30:00,106.1335,106.189,106.1335,106.15549999999999
2018-03-01 23:45:00,106.155,106.18549999999999,106.11200000000001,106.17200000000001
2018-03-02 01:00:00,106.27300000000005,106.29450000000001,106.23100000000001,106.244
2018-03-02 01:15:00,106.243,106.24950000000001,106.103,106.12050000000005
2018-03-02 01:30:00,106.118,106.163,106.06049999999996,106.06450000000001
2018-03-02 01:45:00,106.06450000000001,106.08049999999999,106.006,106.01549999999999
2018-03-02 02:00:00,106.015,106.05799999999999,106.005,106.0325
2018-03-02 02:15:00,106.0315,106.03200000000001,105.962,106.00450000000001
2018-03-02 02:30:00,106.005,106.00999999999998,105.93700000000001,105.9905
2018-03-02 02:45:00,105.991,106.09100000000001,105.98200000000001,106.04149999999998
2018-03-02 03:00:00,106.041,106.0685,106.00299999999999,106.0505
2018-03-02 03:15:00,106.051,106.056,106.00999999999998,106.045
2018-03-02 03:30:00,106.04700000000001,106.0775,106.03399999999999,106.04700000000001
2018-03-02 03:45:00,106.0465,106.06,106.012,106.0235
2018-03-02 04:00:00,106.025,106.0375,105.993,106.02799999999999
2018-03-02 04:15:00,106.02850000000001,106.1455,106.023,106.1455
2018-03-02 04:30:00,106.147,106.15450000000001,106.095,106.0995
2018-03-02 04:45:00,106.09649999999999,106.12450000000001,106.08200000000001,106.08200000000001
2018-03-02 05:00:00,106.08149999999998,106.102,106.06200000000001,106.08499999999998
2018-03-02 05:15:00,106.0845,106.1515,106.0835,106.12450000000001
2018-03-02 05:30:00,106.1235,106.1235,106.094,106.094
2018-03-02 05:45:00,106.0915,106.094,105.7565,105.796
2018-03-02 06:00:00,105.79450000000001,105.85049999999995,105.749,105.795
2018-03-02 06:15:00,105.79399999999998,105.8525,105.7525,105.78
2018-03-02 06:30:00,105.7775,105.91,105.7085,105.8965
2018-03-02 06:45:00,105.897,105.93549999999999,105.8345,105.899
2018-03-02 07:00:00,105.9,105.97750000000002,105.8635,105.9215
2018-03-02 07:15:00,105.92000000000002,105.9525,105.848,105.87299999999999
2018-03-02 07:30:00,105.8725,105.9125,105.823,105.863
2018-03-02 07:45:00,105.86399999999999,105.869,105.72,105.7385
2018-03-02 08:00:00,105.73700000000001,105.79299999999995,105.706,105.76100000000001
2018-03-02 08:15:00,105.7625,105.838,105.7465,105.7915
2018-03-02 08:30:00,105.79299999999995,105.79299999999995,105.65250000000002,105.65250000000002
2018-03-02 08:45:00,105.65500000000002,105.709,105.637,105.6715
2018-03-02 09:00:00,105.671,105.945,105.62799999999999,105.82950000000001
2018-03-02 09:15:00,105.8285,105.831,105.667,105.70499999999998
2018-03-02 09:30:00,105.70499999999998,105.75399999999999,105.67299999999999,105.7395
2018-03-02 09:45:00,105.73899999999998,105.7675,105.726,105.7595
2018-03-02 10:00:00,105.7595,105.7595,105.66850000000001,105.7095
2018-03-02 10:15:00,105.7085,105.7085,105.65350000000001,105.6655
2018-03-02 10:30:00,105.667,105.6775,105.609,105.616
2018-03-02 10:45:00,105.6155,105.649,105.535,105.537
2018-03-02 11:00:00,105.54,105.5915,105.289,105.303
2018-03-02 11:15:00,105.303,105.382,105.2735,105.32600000000001
2018-03-02 11:30:00,105.32549999999999,105.363,105.28249999999998,105.3525
2018-03-02 11:45:00,105.352,105.43,105.338,105.43
2018-03-02 12:00:00,105.429,105.45649999999999,105.3785,105.414
2018-03-02 12:15:00,105.4135,105.414,105.2875,105.30850000000001
2018-03-02 12:30:00,105.307,105.335,105.25049999999999,105.2765
2018-03-02 12:45:00,105.279,105.4875,105.2575,105.3775
2018-03-02 13:00:00,105.3785,105.406,105.2535,105.4025
2018-03-02 13:15:00,105.40350000000001,105.45049999999996,105.381,105.4375
2018-03-02 13:30:00,105.441,105.454,105.34299999999999,105.3535
2018-03-02 13:45:00,105.352,105.50049999999999,105.3475,105.416
2018-03-02 14:00:00,105.4175,105.44049999999999,105.38950000000001,105.4295
2018-03-02 14:15:00,105.43049999999995,105.46950000000001,105.37299999999999,105.3785
2018-03-02 14:30:00,105.3785,105.4935,105.368,105.40850000000002
2018-03-02 14:45:00,105.40799999999999,105.446,105.3425,105.361
2018-03-02 15:00:00,105.36,105.36,105.28499999999998,105.318
2018-03-02 15:15:00,105.31700000000005,105.37950000000001,105.28450000000001,105.3675
2018-03-02 15:30:00,105.367,105.5565,105.35299999999995,105.5385
2018-03-02 15:45:00,105.537,105.56100000000002,105.46799999999999,105.47049999999999
2018-03-02 16:00:00,105.47049999999999,105.52199999999995,105.40450000000001,105.50350000000002
2018-03-02 16:15:00,105.50200000000001,105.5535,105.44200000000001,105.541
2018-03-02 16:30:00,105.542,105.62399999999998,105.4785,105.5235
2018-03-02 16:45:00,105.525,105.67799999999995,105.51050000000005,105.67299999999999
2018-03-02 17:00:00,105.67049999999999,105.6795,105.5825,105.6015
2018-03-02 17:15:00,105.60049999999995,105.6605,105.5765,105.6575
2018-03-02 17:30:00,105.65700000000001,105.66149999999999,105.57799999999999,105.6035
2018-03-02 17:45:00,105.60399999999998,105.667,105.58200000000001,105.58200000000001
2018-03-02 18:00:00,105.5825,105.5825,105.427,105.4445
2018-03-02 18:15:00,105.441,105.485,105.419,105.4365
2018-03-02 18:30:00,105.436,105.4945,105.40799999999999,105.4945
2018-03-02 18:45:00,105.493,105.54799999999999,105.48700000000001,105.4935
2018-03-02 19:00:00,105.493,105.568,105.48899999999999,105.55249999999998
2018-03-02 19:15:00,105.551,105.559,105.491,105.51700000000001
2018-03-02 19:30:00,105.51549999999999,105.5175,105.458,105.49549999999999
2018-03-02 19:45:00,105.49499999999998,105.60550000000005,105.48899999999999,105.544
2018-03-02 20:00:00,105.542,105.6645,105.51700000000001,105.626
2018-03-02 20:15:00,105.62549999999999,105.714,105.5915,105.6945
2018-03-02 20:30:00,105.695,105.72249999999998,105.613,105.6945
2018-03-02 20:45:00,105.695,105.7255,105.6565,105.725
2018-03-02 21:00:00,105.726,105.73899999999999,105.7025,105.7235
2018-03-02 21:15:00,105.723,105.738,105.7035,105.7265
2018-03-02 21:30:00,105.728,105.741,105.7165,105.7225
2018-03-02 21:45:00,105.7235,105.762,105.684,105.73200000000001
2018-03-04 22:00:00,105.51450000000001,105.6675,105.47899999999998,105.596
2018-03-04 22:15:00,105.59649999999999,105.634,105.5415,105.58
2018-03-04 22:30:00,105.5775,105.634,105.5675,105.60700000000001
2018-03-04 22:45:00,105.60799999999999,105.679,105.5915,105.61399999999999
2018-03-04 23:00:00,105.611,105.678,105.60950000000001,105.66799999999999
2018-03-04 23:15:00,105.6675,105.671,105.5115,105.51950000000001
2018-03-04 23:30:00,105.51950000000001,105.54649999999998,105.48100000000001,105.54199999999996
2018-03-04 23:45:00,105.54100000000004,105.56549999999999,105.4675,105.564
2018-03-05 01:00:00,105.4645,105.494,105.436,105.44049999999999
2018-03-05 01:15:00,105.44149999999999,105.47049999999999,105.42049999999999,105.463
2018-03-05 01:30:00,105.46600000000001,105.56549999999999,105.46600000000001,105.53649999999999
2018-03-05 01:45:00,105.53649999999999,105.568,105.476,105.48
2018-03-05 02:00:00,105.48049999999999,105.5245,105.47499999999998,105.48700000000004
2018-03-05 02:15:00,105.48649999999999,105.54649999999998,105.4735,105.488
2018-03-05 02:30:00,105.488,105.5545,105.46950000000001,105.51700000000001
2018-03-05 02:45:00,105.516,105.52950000000001,105.4285,105.46250000000002
2018-03-05 03:00:00,105.46250000000002,105.4795,105.431,105.447
2018-03-05 03:15:00,105.4445,105.508,105.42,105.491
2018-03-05 03:30:00,105.49,105.49,105.45200000000001,105.476
2018-03-05 03:45:00,105.4745,105.5615,105.4385,105.552
2018-03-05 04:00:00,105.55149999999999,105.5915,105.537,105.54350000000001
2018-03-05 04:15:00,105.54350000000001,105.5935,105.52,105.56549999999999
2018-03-05 04:30:00,105.564,105.56649999999999,105.5175,105.5175
2018-03-05 04:45:00,105.5175,105.52899999999998,105.48299999999999,105.4935
2018-03-05 05:00:00,105.49499999999998,105.5725,105.48350000000002,105.54799999999999
2018-03-05 05:15:00,105.54799999999999,105.54799999999999,105.5115,105.52899999999998
2018-03-05 05:30:00,105.53,105.59450000000001,105.5205,105.5925
2018-03-05 05:45:00,105.59200000000001,105.6155,105.54700000000001,105.569
2018-03-05 06:00:00,105.5695,105.60600000000001,105.54799999999999,105.5485
2018-03-05 06:15:00,105.54899999999998,105.565,105.515,105.557
2018-03-05 06:30:00,105.557,105.57799999999999,105.52549999999995,105.52950000000001
2018-03-05 06:45:00,105.53,105.54549999999999,105.5,105.54450000000001
2018-03-05 07:00:00,105.54450000000001,105.546,105.43049999999995,105.4945
2018-03-05 07:15:00,105.4935,105.49700000000001,105.3585,105.37049999999999
2018-03-05 07:30:00,105.3695,105.4365,105.3505,105.36500000000002
2018-03-05 07:45:00,105.36500000000002,105.4135,105.35649999999998,105.39299999999999
2018-03-05 08:00:00,105.3935,105.48950000000005,105.37649999999998,105.47
2018-03-05 08:15:00,105.46700000000001,105.51549999999999,105.45,105.48250000000002
2018-03-05 08:30:00,105.484,105.6275,105.45499999999998,105.595
2018-03-05 08:45:00,105.595,105.6285,105.537,105.5415
2018-03-05 09:00:00,105.5415,105.598,105.494,105.5335
2018-03-05 09:15:00,105.5335,105.535,105.46950000000001,105.5085
2018-03-05 09:30:00,105.508,105.58,105.491,105.568
2018-03-05 09:45:00,105.5685,105.58450000000005,105.5405,105.579
2018-03-05 10:00:00,105.57799999999999,105.64450000000001,105.555,105.64049999999996
2018-03-05 10:15:00,105.63950000000004,105.6465,105.59549999999999,105.62950000000001
2018-03-05 10:30:00,105.63,105.648,105.61,105.6175
2018-03-05 10:45:00,105.6165,105.6315,105.58100000000002,105.60950000000001
2018-03-05 11:00:00,105.609,105.619,105.574,105.611
2018-03-05 11:15:00,105.60950000000001,105.6315,105.56549999999999,105.566
2018-03-05 11:30:00,105.56649999999999,105.61049999999999,105.551,105.60799999999999
2018-03-05 11:45:00,105.6085,105.679,105.6035,105.6665
2018-03-05 12:00:00,105.6665,105.66749999999998,105.6225,105.62399999999998
2018-03-05 12:15:00,105.625,105.68950000000001,105.6035,105.68950000000001
2018-03-05 12:30:00,105.689,105.691,105.6435,105.6565
2018-03-05 12:45:00,105.65600000000002,105.65799999999999,105.60550000000005,105.61149999999999
2018-03-05 13:00:00,105.6145,105.65700000000001,105.59649999999999,105.6505
2018-03-05 13:15:00,105.65,105.6515,105.601,105.60550000000005
2018-03-05 13:30:00,105.60799999999999,105.68300000000005,105.6045,105.64499999999998
2018-03-05 13:45:00,105.64499999999998,105.677,105.64499999999998,105.667
2018-03-05 14:00:00,105.667,105.7175,105.65950000000004,105.69700000000005
2018-03-05 14:15:00,105.69549999999995,105.7425,105.67799999999995,105.7385
2018-03-05 14:30:00,105.73649999999999,105.92399999999999,105.715,105.87899999999999
2018-03-05 14:45:00,105.8785,105.90100000000001,105.788,105.79399999999998
2018-03-05 15:00:00,105.79350000000001,105.81450000000001,105.7295,105.7625
2018-03-05 15:15:00,105.764,105.81200000000001,105.71600000000001,105.7985
2018-03-05 15:30:00,105.79700000000001,105.86399999999999,105.772,105.835
2018-03-05 15:45:00,105.834,105.898,105.8335,105.838
2018-03-05 16:00:00,105.837,105.90799999999999,105.806,105.899
2018-03-05 16:15:00,105.898,105.9475,105.8635,105.891
2018-03-05 16:30:00,105.89049999999999,105.98549999999999,105.88799999999999,105.9755
2018-03-05 16:45:00,105.9755,105.9965,105.9475,105.97249999999998
2018-03-05 17:00:00,105.97200000000001,106.001,105.9525,105.986
2018-03-05 17:15:00,105.98649999999998,106.0425,105.87899999999999,106.042
2018-03-05 17:30:00,106.0425,106.1175,106.0215,106.0985
2018-03-05 17:45:00,106.09899999999999,106.18350000000001,106.075,106.17000000000002
2018-03-05 18:00:00,106.17049999999999,106.23200000000001,106.154,106.204
2018-03-05 18:15:00,106.20299999999999,106.22699999999995,106.178,106.1975
2018-03-05 18:30:00,106.194,106.20850000000002,106.14750000000002,106.155
2018-03-05 18:45:00,106.15299999999999,106.1925,106.1225,106.16850000000001
2018-03-05 19:00:00,106.17000000000002,106.19100000000002,106.13199999999995,106.1505
2018-03-05 19:15:00,106.15100000000001,106.20299999999999,106.146,106.1805
2018-03-05 19:30:00,106.1815,106.2325,106.1775,106.2265
2018-03-05 19:45:00,106.2285,106.2385,106.2,106.20450000000001
2018-03-05 20:00:00,106.2035,106.21799999999999,106.18450000000001,106.20049999999999
2018-03-05 20:15:00,106.1995,106.2295,106.1815,106.18450000000001
2018-03-05 20:30:00,106.18350000000001,106.21550000000005,106.17399999999999,106.2095
2018-03-05 20:45:00,106.209,106.2265,106.1585,106.15950000000001
2018-03-05 21:00:00,106.15899999999998,106.16950000000001,106.1505,106.1585
2018-03-05 21:15:00,106.15950000000001,106.18299999999999,106.1495,106.1815
2018-03-05 21:30:00,106.1815,106.199,106.16950000000001,106.182
2018-03-05 21:45:00,106.18249999999998,106.21700000000001,106.17999999999998,106.20549999999999
2018-03-05 22:00:00,106.2075,106.209,106.162,106.1815
2018-03-05 22:15:00,106.1805,106.19850000000001,106.16850000000001,106.1805
2018-03-05 22:30:00,106.1815,106.1885,106.1735,106.18350000000001
2018-03-05 22:45:00,106.184,106.219,106.1805,106.2165
2018-03-05 23:00:00,106.215,106.215,106.1775,106.18549999999999
2018-03-05 23:15:00,106.18549999999999,106.28049999999999,106.17200000000001,106.25399999999998
2018-03-05 23:30:00,106.2535,106.26450000000001,106.219,106.24549999999999
2018-03-05 23:45:00,106.245,106.265,106.238,106.257
2018-03-06 01:00:00,106.31450000000001,106.31499999999998,106.26450000000001,106.304
2018-03-06 01:15:00,106.3035,106.337,106.29149999999998,106.325
2018-03-06 01:30:00,106.325,106.38649999999998,106.31499999999998,106.355
2018-03-06 01:45:00,106.35549999999999,106.38450000000005,106.304,106.334
2018-03-06 02:00:00,106.3355,106.46350000000001,106.31299999999999,106.40350000000001
2018-03-06 02:15:00,106.40450000000001,106.43500000000002,106.37450000000001,106.411
2018-03-06 02:30:00,106.40999999999998,106.43250000000002,106.3925,106.40549999999999
2018-03-06 02:45:00,106.406,106.4255,106.40350000000001,106.4105
2018-03-06 03:00:00,106.40899999999999,106.4235,106.4005,106.40749999999998
2018-03-06 03:15:00,106.40700000000001,106.40899999999999,106.34899999999999,106.38299999999995
2018-03-06 03:30:00,106.3825,106.39049999999999,106.3475,106.37200000000001
2018-03-06 03:45:00,106.374,106.3825,106.35,106.363
2018-03-06 04:00:00,106.363,106.368,106.3275,106.36200000000001
2018-03-06 04:15:00,106.3625,106.37200000000001,106.3065,106.34200000000001
2018-03-06 04:30:00,106.34200000000001,106.3655,106.31149999999998,106.3135
2018-03-06 04:45:00,106.3125,106.33049999999999,106.26799999999999,106.285
2018-03-06 05:00:00,106.287,106.29350000000001,106.238,106.2665
2018-03-06 05:15:00,106.26700000000001,106.275,106.1785,106.20850000000002
2018-03-06 05:30:00,106.209,106.23450000000001,106.197,106.206
2018-03-06 05:45:00,106.20549999999999,106.245,106.20549999999999,106.22250000000004
2018-03-06 06:00:00,106.2265,106.23149999999998,106.193,106.1995
2018-03-06 06:15:00,106.19850000000001,106.19850000000001,106.15950000000001,106.1925
2018-03-06 06:30:00,106.19200000000001,106.204,106.15299999999999,106.204
2018-03-06 06:45:00,106.20450000000001,106.26299999999999,106.204,106.241
2018-03-06 07:00:00,106.2405,106.289,106.238,106.24250000000002
2018-03-06 07:15:00,106.242,106.28350000000002,106.13850000000001,106.20549999999999
2018-03-06 07:30:00,106.205,106.209,106.0685,106.11149999999999
2018-03-06 07:45:00,106.11149999999999,106.1605,106.0835,106.15
2018-03-06 08:00:00,106.148,106.152,106.069,106.104
2018-03-06 08:15:00,106.1035,106.1035,106.03449999999995,106.04799999999999
2018-03-06 08:30:00,106.04700000000001,106.06049999999999,106.0175,106.02799999999999
2018-03-06 08:45:00,106.02850000000001,106.06549999999999,105.9915,106.04149999999998
2018-03-06 09:00:00,106.04299999999999,106.0575,106.02100000000002,106.02200000000005
2018-03-06 09:15:00,106.0215,106.055,105.959,105.9825
2018-03-06 09:30:00,105.984,105.992,105.9575,105.961
2018-03-06 09:45:00,105.96,105.9945,105.86049999999999,105.86449999999995
2018-03-06 10:00:00,105.86200000000001,105.92299999999999,105.85700000000001,105.89399999999999
2018-03-06 10:15:00,105.89249999999998,105.90549999999999,105.8545,105.87899999999999
2018-03-06 10:30:00,105.881,105.946,105.881,105.94450000000005
2018-03-06 10:45:00,105.945,105.98100000000001,105.94049999999999,105.956
2018-03-06 11:00:00,105.956,106.16799999999999,105.93950000000001,106.15
2018-03-06 11:15:00,106.15100000000001,106.2835,106.15100000000001,106.2765
2018-03-06 11:30:00,106.27600000000001,106.42450000000001,106.271,106.3505
2018-03-06 11:45:00,106.3505,106.3955,106.3065,106.354
2018-03-06 12:00:00,106.3565,106.43600000000002,106.29799999999999,106.31049999999999
2018-03-06 12:15:00,106.31049999999999,106.40299999999996,106.307,106.38600000000001
2018-03-06 12:30:00,106.38799999999999,106.38799999999999,106.30850000000001,106.35549999999999
2018-03-06 12:45:00,106.35600000000001,106.413,106.26850000000002,106.2735
2018-03-06 13:00:00,106.272,106.2815,106.156,106.229
2018-03-06 13:15:00,106.2275,106.24600000000002,106.167,106.22049999999999
2018-03-06 13:30:00,106.22049999999999,106.2735,106.1875,106.23700000000001
2018-03-06 13:45:00,106.2385,106.24950000000001,106.03600000000002,106.045
2018-03-06 14:00:00,106.0465,106.149,106.0465,106.09049999999999
2018-03-06 14:15:00,106.09250000000002,106.181,106.07600000000002,106.1635
2018-03-06 14:30:00,106.1665,106.1755,105.988,105.9915
2018-03-06 14:45:00,105.9885,106.0915,105.94850000000001,106.0475
2018-03-06 15:00:00,106.04549999999999,106.07600000000002,105.98,106.06149999999998
2018-03-06 15:15:00,106.0635,106.14049999999999,106.04700000000001,106.13799999999999
2018-03-06 15:30:00,106.13950000000001,106.198,106.104,106.18700000000001
2018-03-06 15:45:00,106.1875,106.189,105.9765,106.02799999999999
2018-03-06 16:00:00,106.029,106.04549999999999,105.9165,105.9645
2018-03-06 16:15:00,105.9645,105.9675,105.906,105.93450000000001
2018-03-06 16:30:00,105.93450000000001,106.00200000000004,105.92299999999999,105.9755
2018-03-06 16:45:00,105.97399999999999,106.04950000000001,105.96999999999998,106.0325
2018-03-06 17:00:00,106.0325,106.089,106.00299999999999,106.07250000000002
2018-03-06 17:15:00,106.07000000000002,106.0785,106.02600000000001,106.031
2018-03-06 17:30:00,106.02950000000001,106.04299999999999,105.98700000000001,106.04149999999998
2018-03-06 17:45:00,106.04149999999998,106.26250000000002,106.023,106.2185
2018-03-06 18:00:00,106.2175,106.2525,106.15299999999999,106.21549999999999
2018-03-06 18:15:00,106.21600000000001,106.229,106.17299999999999,106.21999999999998
2018-03-06 18:30:00,106.22049999999999,106.22049999999999,106.1485,106.15799999999999
2018-03-06 18:45:00,106.1585,106.176,106.089,106.104
2018-03-06 19:00:00,106.103,106.1145,106.068,106.09700000000004
2018-03-06 19:15:00,106.094,106.0995,106.07549999999999,106.09250000000002
2018-03-06 19:30:00,106.09350000000002,106.14450000000001,106.09200000000001,106.12549999999999
2018-03-06 19:45:00,106.1265,106.2245,106.1195,106.223
2018-03-06 20:00:00,106.22049999999999,106.238,106.1775,106.18950000000001
2018-03-06 20:15:00,106.189,106.2255,106.15450000000001,106.21550000000005
2018-03-06 20:30:00,106.21600000000001,106.2325,106.18249999999998,106.194
2018-03-06 20:45:00,106.193,106.2175,106.15299999999999,106.21350000000001
2018-03-06 21:00:00,106.214,106.21649999999998,106.16750000000002,106.186
2018-03-06 21:15:00,106.186,106.2035,106.1815,106.18950000000001
2018-03-06 21:30:00,106.189,106.189,106.169,106.17399999999999
2018-03-06 21:45:00,106.17399999999999,106.17450000000004,106.109,106.1315
2018-03-06 22:00:00,106.132,106.1565,106.12549999999999,106.15299999999999
2018-03-06 22:15:00,106.15299999999999,106.19049999999999,105.984,106.037
2018-03-06 22:30:00,106.03649999999999,106.04700000000001,105.59,105.7115
2018-03-06 22:45:00,105.7125,105.713,105.55799999999999,105.6635
2018-03-06 23:00:00,105.666,105.6755,105.477,105.501
2018-03-06 23:15:00,105.5,105.64399999999999,105.48,105.588
2018-03-06 23:30:00,105.589,105.62799999999999,105.49600000000001,105.5055
2018-03-06 23:45:00,105.5065,105.588,105.45649999999999,105.58049999999999
2018-03-07 01:00:00,105.6415,105.79549999999999,105.63850000000001,105.77600000000001
2018-03-07 01:15:00,105.7775,105.79649999999998,105.742,105.76450000000001
2018-03-07 01:30:00,105.764,105.8675,105.75350000000002,105.8395
2018-03-07 01:45:00,105.83850000000001,105.8395,105.77649999999998,105.8205
2018-03-07 02:00:00,105.8205,105.85600000000001,105.727,105.73899999999998
2018-03-07 02:15:00,105.738,105.75100000000002,105.70700000000001,105.71549999999999
2018-03-07 02:30:00,105.71600000000001,105.71600000000001,105.65250000000002,105.682
2018-03-07 02:45:00,105.682,105.70750000000002,105.675,105.677
2018-03-07 03:00:00,105.679,105.74950000000001,105.677,105.685
2018-03-07 03:15:00,105.68549999999999,105.71600000000001,105.6655,105.6975
2018-03-07 03:30:00,105.69700000000005,105.70100000000001,105.63,105.6565
2018-03-07 03:45:00,105.65600000000002,105.69799999999995,105.65600000000002,105.691
2018-03-07 04:00:00,105.693,105.69899999999998,105.663,105.664
2018-03-07 04:15:00,105.6645,105.67350000000002,105.6215,105.65700000000001
2018-03-07 04:30:00,105.65500000000002,105.68,105.6435,105.665
2018-03-07 04:45:00,105.6655,105.7085,105.6655,105.693
2018-03-07 05:00:00,105.693,105.69850000000001,105.6505,105.65899999999999
2018-03-07 05:15:00,105.65899999999999,105.667,105.586,105.60299999999995
2018-03-07 05:30:00,105.60550000000005,105.63500000000002,105.5335,105.56549999999999
2018-03-07 05:45:00,105.56450000000001,105.67000000000002,105.56299999999999,105.6425
2018-03-07 06:00:00,105.6435,105.664,105.587,105.59049999999999
2018-03-07 06:15:00,105.5895,105.6435,105.5695,105.64
2018-03-07 06:30:00,105.64200000000001,105.6425,105.51549999999999,105.5685
2018-03-07 06:45:00,105.5675,105.6625,105.551,105.573
2018-03-07 07:00:00,105.57350000000001,105.69199999999995,105.57,105.6645
2018-03-07 07:15:00,105.665,105.715,105.61049999999999,105.654
2018-03-07 07:30:00,105.65350000000001,105.74799999999999,105.6435,105.72049999999999
2018-03-07 07:45:00,105.72049999999999,105.74700000000001,105.693,105.7185
2018-03-07 08:00:00,105.7165,105.72750000000002,105.63600000000002,105.67049999999999
2018-03-07 08:15:00,105.67000000000002,105.803,105.669,105.79450000000001
2018-03-07 08:30:00,105.79350000000001,105.80500000000002,105.70049999999999,105.72249999999998
2018-03-07 08:45:00,105.7255,105.7705,105.7235,105.75100000000002
2018-03-07 09:00:00,105.7525,105.7665,105.6515,105.6565
2018-03-07 09:15:00,105.65350000000001,105.68300000000005,105.6225,105.646
2018-03-07 09:30:00,105.6465,105.6625,105.552,105.5975
2018-03-07 09:45:00,105.59899999999999,105.62450000000001,105.5745,105.6135
2018-03-07 10:00:00,105.6155,105.6645,105.579,105.65950000000004
2018-03-07 10:15:00,105.65899999999999,105.686,105.63600000000002,105.67
2018-03-07 10:30:00,105.67049999999999,105.67049999999999,105.596,105.596
2018-03-07 10:45:00,105.596,105.601,105.5505,105.555
2018-03-07 11:00:00,105.553,105.6,105.5065,105.5235
2018-03-07 11:15:00,105.52549999999995,105.59299999999999,105.5235,105.5685
2018-03-07 11:30:00,105.56700000000001,105.691,105.56700000000001,105.681
2018-03-07 11:45:00,105.681,105.69899999999998,105.65799999999999,105.69149999999999
2018-03-07 12:00:00,105.691,105.7815,105.6865,105.7735
2018-03-07 12:15:00,105.7725,105.781,105.742,105.76949999999995
2018-03-07 12:30:00,105.76899999999999,105.78049999999999,105.73450000000004,105.75299999999999
2018-03-07 12:45:00,105.7525,105.756,105.71950000000001,105.72049999999999
2018-03-07 13:00:00,105.721,105.8505,105.721,105.82850000000002
2018-03-07 13:15:00,105.82799999999999,105.98749999999998,105.8115,105.93700000000001
2018-03-07 13:30:00,105.936,105.95150000000004,105.836,105.8965
2018-03-07 13:45:00,105.896,105.896,105.8005,105.8335
2018-03-07 14:00:00,105.83200000000005,105.85200000000005,105.7915,105.85
2018-03-07 14:15:00,105.8515,105.865,105.804,105.84299999999999
2018-03-07 14:30:00,105.84299999999999,105.9815,105.8025,105.956
2018-03-07 14:45:00,105.95700000000001,105.999,105.90950000000001,105.90950000000001
2018-03-07 15:00:00,105.9085,105.94850000000001,105.811,105.82350000000001
2018-03-07 15:15:00,105.82350000000001,105.96700000000001,105.80850000000001,105.929
2018-03-07 15:30:00,105.931,105.9965,105.8855,105.9825
2018-03-07 15:45:00,105.9815,106.0575,105.89450000000001,105.98999999999998
2018-03-07 16:00:00,105.991,106.109,105.9595,106.0835
2018-03-07 16:15:00,106.083,106.1735,106.0235,106.17049999999999
2018-03-07 16:30:00,106.177,106.226,106.098,106.0995
2018-03-07 16:45:00,106.101,106.11,105.93799999999999,105.94149999999999
2018-03-07 17:00:00,105.943,105.961,105.85650000000004,105.8775
2018-03-07 17:15:00,105.876,105.896,105.83,105.86049999999999
2018-03-07 17:30:00,105.8585,105.917,105.84200000000001,105.90000000000002
2018-03-07 17:45:00,105.899,105.94,105.89249999999998,105.91850000000001
2018-03-07 18:00:00,105.917,105.94899999999998,105.8265,105.85799999999999
2018-03-07 18:15:00,105.85700000000001,105.943,105.83850000000001,105.9375
2018-03-07 18:30:00,105.9365,105.98450000000001,105.882,105.88600000000001
2018-03-07 18:45:00,105.8865,105.979,105.8865,105.962
2018-03-07 19:00:00,105.9625,106.0475,105.935,106.04149999999998
2018-03-07 19:15:00,106.041,106.04799999999999,105.999,106.008
2018-03-07 19:30:00,106.00999999999998,106.06749999999998,106.00999999999998,106.056
2018-03-07 19:45:00,106.0565,106.09649999999999,106.04299999999999,106.06299999999999
2018-03-07 20:00:00,106.06399999999998,106.15,106.06399999999998,106.1045
2018-03-07 20:15:00,106.104,106.1415,106.07600000000002,106.13899999999998
2018-03-07 20:30:00,106.13950000000001,106.17049999999999,106.12050000000005,106.12200000000001
2018-03-07 20:45:00,106.12200000000001,106.1345,106.055,106.0785
2018-03-07 21:00:00,106.07799999999999,106.087,106.0475,106.057
2018-03-07 21:15:00,106.057,106.06,106.04700000000001,106.053
2018-03-07 21:30:00,106.053,106.0845,106.052,106.0845
2018-03-07 21:45:00,106.0845,106.10799999999999,106.06499999999998,106.07549999999999
2018-03-07 22:00:00,106.075,106.09700000000004,106.02,106.04700000000001
2018-03-07 22:15:00,106.0465,106.09450000000001,106.02100000000002,106.06049999999999
2018-03-07 22:30:00,106.06149999999998,106.07000000000002,106.0235,106.069
2018-03-07 22:45:00,106.0695,106.135,106.0695,106.12899999999999
2018-03-07 23:00:00,106.13,106.13299999999995,106.05799999999999,106.07700000000001
2018-03-07 23:15:00,106.0775,106.10799999999999,106.05149999999999,106.1065
2018-03-07 23:30:00,106.109,106.14399999999999,106.09600000000002,106.13899999999998
2018-03-07 23:45:00,106.13850000000001,106.206,106.1125,106.18249999999998
2018-03-08 01:00:00,106.08149999999998,106.15899999999998,106.06049999999996,106.13199999999995
2018-03-08 01:15:00,106.13450000000005,106.1715,106.12,106.1605
2018-03-08 01:30:00,106.16149999999999,106.1785,106.146,106.1505
2018-03-08 01:45:00,106.1495,106.1735,106.13199999999995,106.1375
2018-03-08 02:00:00,106.13649999999998,106.14299999999999,106.103,106.104
2018-03-08 02:15:00,106.1045,106.1215,106.06499999999998,106.066
2018-03-08 02:30:00,106.06749999999998,106.116,106.06749999999998,106.094
2018-03-08 02:45:00,106.09450000000001,106.098,106.0745,106.084
2018-03-08 03:00:00,106.084,106.148,106.066,106.14299999999999
2018-03-08 03:15:00,106.14249999999998,106.14249999999998,106.081,106.084
2018-03-08 03:30:00,106.0845,106.1305,106.079,106.09250000000002
2018-03-08 03:45:00,106.0915,106.09700000000004,106.06700000000001,106.09049999999999
2018-03-08 04:00:00,106.089,106.089,105.99850000000002,106.024
2018-03-08 04:15:00,106.02550000000005,106.04549999999999,105.99850000000002,106.03049999999999
2018-03-08 04:30:00,106.0315,106.09299999999999,106.024,106.055
2018-03-08 04:45:00,106.055,106.061,106.03200000000001,106.0575
2018-03-08 05:00:00,106.0545,106.0545,106.008,106.02799999999999
2018-03-08 05:15:00,106.02799999999999,106.057,105.944,105.954
2018-03-08 05:30:00,105.954,105.96700000000001,105.928,105.9495
2018-03-08 05:45:00,105.95,105.984,105.94199999999995,105.96999999999998
2018-03-08 06:00:00,105.97149999999999,105.99500000000002,105.9365,105.976
2018-03-08 06:15:00,105.9755,106.0125,105.96649999999998,106.005
2018-03-08 06:30:00,106.0035,106.0085,105.9525,105.97249999999998
2018-03-08 06:45:00,105.97249999999998,106.0055,105.96299999999995,105.971
2018-03-08 07:00:00,105.97149999999999,105.99950000000001,105.914,105.94450000000005
2018-03-08 07:15:00,105.945,105.977,105.93,105.94100000000002
2018-03-08 07:30:00,105.939,105.9625,105.928,105.939
2018-03-08 07:45:00,105.93700000000001,105.985,105.89299999999999,105.948
2018-03-08 08:00:00,105.94700000000005,105.977,105.912,105.95200000000001
2018-03-08 08:15:00,105.95200000000001,105.95299999999999,105.928,105.9315
2018-03-08 08:30:00,105.9315,105.97149999999999,105.9235,105.9675
2018-03-08 08:45:00,105.96950000000001,106.12,105.96350000000001,106.09000000000002
2018-03-08 09:00:00,106.09299999999999,106.12549999999999,106.071,106.11200000000001
2018-03-08 09:15:00,106.11149999999999,106.13549999999995,106.09000000000002,106.105
2018-03-08 09:30:00,106.1075,106.11149999999999,106.06049999999996,106.06749999999998
2018-03-08 09:45:00,106.06749999999998,106.1025,106.0545,106.089
2018-03-08 10:00:00,106.0895,106.119,106.068,106.0855
2018-03-08 10:15:00,106.086,106.0995,106.081,106.09299999999999
2018-03-08 10:30:00,106.09299999999999,106.1035,106.079,106.09649999999999
2018-03-08 10:45:00,106.09600000000002,106.09899999999999,106.06749999999998,106.073
2018-03-08 11:00:00,106.0745,106.095,106.068,106.075
2018-03-08 11:15:00,106.075,106.1075,106.066,106.10600000000001
2018-03-08 11:30:00,106.105,106.15,106.104,106.13799999999999
2018-03-08 11:45:00,106.137,106.1525,106.104,106.11
2018-03-08 12:00:00,106.11049999999999,106.14750000000002,106.109,106.14
2018-03-08 12:15:00,106.1415,106.18350000000001,106.1335,106.15950000000001
2018-03-08 12:30:00,106.161,106.182,106.15,106.18
2018-03-08 12:45:00,106.1795,106.2,106.104,106.14
2018-03-08 13:00:00,106.1435,106.2,106.1145,106.13549999999995
2018-03-08 13:15:00,106.13450000000005,106.1465,106.0635,106.1045
2018-03-08 13:30:00,106.105,106.1185,106.01450000000001,106.11399999999999
2018-03-08 13:45:00,106.1155,106.162,106.06649999999999,106.0785
2018-03-08 14:00:00,106.0775,106.163,106.07700000000001,106.154
2018-03-08 14:15:00,106.154,106.197,106.113,106.135
2018-03-08 14:30:00,106.135,106.264,106.09649999999999,106.13199999999995
2018-03-08 14:45:00,106.1305,106.1655,106.04399999999998,106.12799999999999
2018-03-08 15:00:00,106.12799999999999,106.1995,106.1265,106.1785
2018-03-08 15:15:00,106.17649999999999,106.2295,106.1415,106.1795
2018-03-08 15:30:00,106.18249999999998,106.197,106.086,106.1045
2018-03-08 15:45:00,106.1035,106.1305,106.05149999999999,106.0835
2018-03-08 16:00:00,106.0835,106.161,106.055,106.15799999999999
2018-03-08 16:15:00,106.1565,106.17299999999999,106.104,106.119
2018-03-08 16:30:00,106.118,106.1325,106.08149999999998,106.0865
2018-03-08 16:45:00,106.08850000000001,106.1045,106.06200000000001,106.09000000000002
2018-03-08 17:00:00,106.0915,106.1265,106.073,106.07549999999999
2018-03-08 17:15:00,106.0765,106.10700000000001,106.064,106.094
2018-03-08 17:30:00,106.094,106.1485,106.089,106.14249999999998
2018-03-08 17:45:00,106.14200000000001,106.1505,106.104,106.13450000000005
2018-03-08 18:00:00,106.135,106.2025,106.12899999999999,106.1975
2018-03-08 18:15:00,106.1965,106.1965,106.1325,106.1455
2018-03-08 18:30:00,106.1455,106.155,106.12849999999997,106.1375
2018-03-08 18:45:00,106.13649999999998,106.17049999999999,106.124,106.14
2018-03-08 19:00:00,106.141,106.15299999999999,106.1085,106.147
2018-03-08 19:15:00,106.148,106.1975,106.14299999999999,106.18350000000001
2018-03-08 19:30:00,106.184,106.194,106.16149999999999,106.18500000000002
2018-03-08 19:45:00,106.18549999999999,106.251,106.178,106.23450000000001
2018-03-08 20:00:00,106.23749999999998,106.2525,106.2175,106.226
2018-03-08 20:15:00,106.2265,106.25049999999999,106.2015,106.21950000000001
2018-03-08 20:30:00,106.22,106.249,106.181,106.19
2018-03-08 20:45:00,106.1875,106.29350000000001,106.12950000000001,106.2585
2018-03-08 21:00:00,106.256,106.303,106.24,106.2905
2018-03-08 21:15:00,106.295,106.31499999999998,106.2245,106.23100000000001
2018-03-08 21:30:00,106.23100000000001,106.26299999999999,106.1815,106.199
2018-03-08 21:45:00,106.199,106.235,106.16750000000002,106.235
2018-03-08 22:00:00,106.23149999999998,106.258,106.169,106.1795
2018-03-08 22:15:00,106.1795,106.2515,106.1775,106.23049999999999
2018-03-08 22:30:00,106.2335,106.29300000000005,106.213,106.26549999999999
2018-03-08 22:45:00,106.27,106.31299999999999,106.26000000000002,106.292
2018-03-08 23:00:00,106.29,106.3275,106.26299999999999,106.3195
2018-03-08 23:15:00,106.318,106.3815,106.3175,106.3725
2018-03-08 23:30:00,106.37100000000001,106.43600000000002,106.35549999999999,106.4175
2018-03-08 23:45:00,106.41850000000002,106.44,106.4015,106.4225
2018-03-09 01:00:00,106.655,106.8535,106.65300000000005,106.8265
2018-03-09 01:15:00,106.82950000000001,106.94,106.82600000000001,106.8845
2018-03-09 01:30:00,106.8845,106.945,106.85700000000001,106.883
2018-03-09 01:45:00,106.8835,106.926,106.836,106.869
2018-03-09 02:00:00,106.86749999999998,106.88799999999999,106.76549999999999,106.7765
2018-03-09 02:15:00,106.77500000000002,106.7825,106.7075,106.7405
2018-03-09 02:30:00,106.738,106.757,106.64349999999996,106.6475
2018-03-09 02:45:00,106.6475,106.71400000000003,106.6475,106.67450000000001
2018-03-09 03:00:00,106.67450000000001,106.6875,106.6015,106.617
2018-03-09 03:15:00,106.6175,106.6525,106.594,106.6325
2018-03-09 03:30:00,106.63200000000005,106.693,106.617,106.6235
2018-03-09 03:45:00,106.62250000000002,106.738,106.6165,106.71549999999999
2018-03-09 04:00:00,106.71499999999996,106.74950000000001,106.693,106.70450000000001
2018-03-09 04:15:00,106.705,106.71799999999999,106.58049999999999,106.62899999999999
2018-03-09 04:30:00,106.63,106.63799999999999,106.5715,106.609
2018-03-09 04:45:00,106.609,106.64699999999995,106.59049999999999,106.63200000000005
2018-03-09 05:00:00,106.6315,106.669,106.61999999999998,106.641
2018-03-09 05:15:00,106.64049999999999,106.64399999999999,106.609,106.626
2018-03-09 05:30:00,106.62700000000001,106.7015,106.6235,106.682
2018-03-09 05:45:00,106.682,106.68799999999999,106.635,106.6415
2018-03-09 06:00:00,106.64200000000001,106.72700000000005,106.6275,106.726
2018-03-09 06:15:00,106.726,106.75399999999999,106.68799999999999,106.72
2018-03-09 06:30:00,106.72,106.735,106.64200000000001,106.697
2018-03-09 06:45:00,106.699,106.757,106.6935,106.71499999999996
2018-03-09 07:00:00,106.7145,106.73649999999999,106.6455,106.69149999999999
2018-03-09 07:15:00,106.69200000000001,106.73299999999999,106.65,106.72049999999999
2018-03-09 07:30:00,106.7185,106.7185,106.663,106.70049999999999
2018-03-09 07:45:00,106.7015,106.723,106.67,106.684
2018-03-09 08:00:00,106.684,106.77750000000002,106.677,106.708
2018-03-09 08:15:00,106.71,106.736,106.704,106.71350000000001
2018-03-09 08:30:00,106.71400000000003,106.744,106.685,106.73450000000001
2018-03-09 08:45:00,106.7335,106.76299999999999,106.71400000000003,106.73200000000001
2018-03-09 09:00:00,106.73299999999999,106.7555,106.699,106.74549999999995
2018-03-09 09:15:00,106.74549999999995,106.75299999999999,106.7085,106.721
2018-03-09 09:30:00,106.72049999999999,106.76700000000001,106.72049999999999,106.7625
2018-03-09 09:45:00,106.7615,106.787,106.73700000000001,106.779
2018-03-09 10:00:00,106.779,106.78649999999999,106.73899999999999,106.74700000000001
2018-03-09 10:15:00,106.74549999999995,106.7485,106.71549999999999,106.73149999999998
2018-03-09 10:30:00,106.7325,106.73450000000001,106.70649999999999,106.71799999999999
2018-03-09 10:45:00,106.719,106.76299999999999,106.7125,106.756
2018-03-09 11:00:00,106.755,106.7835,106.7425,106.77600000000001
2018-03-09 11:15:00,106.7765,106.789,106.75750000000002,106.7585
2018-03-09 11:30:00,106.759,106.7855,106.75750000000002,106.7705
2018-03-09 11:45:00,106.76999999999998,106.819,106.755,106.805
2018-03-09 12:00:00,106.804,106.854,106.79450000000001,106.84200000000001
2018-03-09 12:15:00,106.84200000000001,106.854,106.806,106.80800000000005
2018-03-09 12:30:00,106.809,106.84200000000001,106.8035,106.83
2018-03-09 12:45:00,106.8275,106.84499999999998,106.8185,106.83850000000001
2018-03-09 13:00:00,106.839,106.84899999999999,106.82049999999995,106.831
2018-03-09 13:15:00,106.83149999999999,106.904,106.8115,106.87799999999999
2018-03-09 13:30:00,106.87899999999999,107.0505,106.7595,106.97100000000002
2018-03-09 13:45:00,106.97049999999999,106.999,106.854,106.87200000000001
2018-03-09 14:00:00,106.87,106.913,106.833,106.85600000000002
2018-03-09 14:15:00,106.85700000000001,106.9435,106.8545,106.90899999999999
2018-03-09 14:30:00,106.9135,106.9295,106.8365,106.87200000000001
2018-03-09 14:45:00,106.87299999999999,106.95000000000002,106.86200000000001,106.8855
2018-03-09 15:00:00,106.884,106.98549999999999,106.853,106.95100000000001
2018-03-09 15:15:00,106.9525,107.0185,106.8775,107.0185
2018-03-09 15:30:00,107.01899999999999,107.0215,106.94750000000002,107.00200000000001
2018-03-09 15:45:00,107.00200000000001,107.0375,106.9235,106.95000000000002
2018-03-09 16:00:00,106.95100000000001,106.9925,106.902,106.92399999999999
2018-03-09 16:15:00,106.92499999999998,106.94,106.88950000000001,106.921
2018-03-09 16:30:00,106.9225,106.93450000000001,106.889,106.90350000000001
2018-03-09 16:45:00,106.905,106.90549999999999,106.71700000000001,106.74799999999999
2018-03-09 17:00:00,106.74700000000001,106.79450000000001,106.74700000000001,106.7765
2018-03-09 17:15:00,106.777,106.84100000000001,106.75399999999999,106.766
2018-03-09 17:30:00,106.76649999999998,106.833,106.751,106.809
2018-03-09 17:45:00,106.80800000000005,106.825,106.7715,106.815
2018-03-09 18:00:00,106.816,106.868,106.7895,106.84549999999999
2018-03-09 18:15:00,106.84499999999998,106.8505,106.80800000000005,106.815
2018-03-09 18:30:00,106.81549999999999,106.85799999999999,106.81200000000001,106.85500000000002
2018-03-09 18:45:00,106.85600000000002,106.87049999999999,106.84100000000001,106.8545
2018-03-09 19:00:00,106.85500000000002,106.884,106.84450000000001,106.87700000000001
2018-03-09 19:15:00,106.87549999999999,106.87799999999999,106.7675,106.80850000000001
2018-03-09 19:30:00,106.809,106.82649999999998,106.79700000000001,106.79799999999999
2018-03-09 19:45:00,106.79950000000001,106.80850000000001,106.751,106.76950000000001
2018-03-09 20:00:00,106.7715,106.90100000000001,106.6805,106.81450000000001
2018-03-09 20:15:00,106.815,106.838,106.804,106.8265
2018-03-09 20:30:00,106.82700000000001,106.851,106.81299999999999,106.8395
2018-03-09 20:45:00,106.84,106.86,106.81049999999999,106.814
2018-03-09 21:00:00,106.8135,106.82549999999999,106.803,106.811
2018-03-09 21:15:00,106.81,106.8225,106.7625,106.7675
2018-03-09 21:30:00,106.7685,106.8005,106.76700000000001,106.7965
2018-03-09 21:45:00,106.7965,106.835,106.78,106.815
2018-03-11 21:00:00,106.6885,106.72199999999995,106.65,106.72199999999995
2018-03-11 21:15:00,106.72200000000001,106.785,106.72149999999999,106.7835
2018-03-11 21:30:00,106.78649999999999,106.816,106.78649999999999,106.816
2018-03-11 21:45:00,106.816,106.816,106.78299999999999,106.7965
2018-03-11 22:00:00,106.79549999999999,106.87899999999999,106.73450000000001,106.8685
2018-03-11 22:15:00,106.8675,106.911,106.86200000000001,106.90450000000001
2018-03-11 22:30:00,106.90450000000001,106.90450000000001,106.8185,106.83200000000001
2018-03-11 22:45:00,106.831,106.958,106.831,106.945
2018-03-11 23:00:00,106.9435,106.97200000000001,106.9065,106.936
2018-03-11 23:15:00,106.93549999999999,106.9425,106.9,106.90100000000001
2018-03-11 23:30:00,106.90100000000001,106.9325,106.882,106.88600000000001
2018-03-11 23:45:00,106.88799999999999,106.95299999999999,106.882,106.902
2018-03-12 01:00:00,106.92450000000001,106.97350000000002,106.8965,106.94049999999999
2018-03-12 01:15:00,106.941,106.9515,106.78399999999999,106.78399999999999
2018-03-12 01:30:00,106.786,106.80200000000005,106.59549999999999,106.65749999999998
2018-03-12 01:45:00,106.65799999999999,106.6815,106.56049999999999,106.5825
2018-03-12 02:00:00,106.585,106.59549999999999,106.512,106.54450000000001
2018-03-12 02:15:00,106.54549999999999,106.63,106.54450000000001,106.618
2018-03-12 02:30:00,106.618,106.637,106.5535,106.62200000000001
2018-03-12 02:45:00,106.62100000000001,106.6235,106.55299999999995,106.583
2018-03-12 03:00:00,106.5835,106.63600000000001,106.5835,106.62850000000002
2018-03-12 03:15:00,106.62850000000002,106.64450000000001,106.60950000000001,106.6315
2018-03-12 03:30:00,106.6325,106.64349999999996,106.595,106.63799999999999
2018-03-12 03:45:00,106.63850000000001,106.63850000000001,106.609,106.624
2018-03-12 04:00:00,106.62450000000001,106.634,106.61149999999999,106.6135
2018-03-12 04:15:00,106.613,106.6225,106.581,106.587
2018-03-12 04:30:00,106.5875,106.602,106.40999999999998,106.4455
2018-03-12 04:45:00,106.4465,106.4625,106.35700000000001,106.4015
2018-03-12 05:00:00,106.40399999999998,106.59999999999998,106.37200000000001,106.555
2018-03-12 05:15:00,106.5525,106.60549999999999,106.5425,106.57399999999998
2018-03-12 05:30:00,106.5745,106.66149999999999,106.5575,106.64200000000001
2018-03-12 05:45:00,106.6425,106.67299999999999,106.62049999999999,106.6375
2018-03-12 06:00:00,106.637,106.72,106.62850000000002,106.66799999999995
2018-03-12 06:15:00,106.669,106.73299999999999,106.66850000000001,106.71700000000001
2018-03-12 06:30:00,106.71600000000001,106.73299999999999,106.65749999999998,106.65950000000001
2018-03-12 06:45:00,106.6605,106.66950000000001,106.61550000000005,106.63799999999999
2018-03-12 07:00:00,106.6365,106.682,106.62549999999999,106.6525
2018-03-12 07:15:00,106.652,106.65300000000005,106.52850000000001,106.53399999999999
2018-03-12 07:30:00,106.53299999999999,106.618,106.52499999999998,106.583
2018-03-12 07:45:00,106.58500000000002,106.6005,106.546,106.579
2018-03-12 08:00:00,106.5785,106.5985,106.5385,106.55299999999995
2018-03-12 08:15:00,106.551,106.561,106.46200000000005,106.48899999999999
2018-03-12 08:30:00,106.4905,106.53299999999999,106.46,106.51000000000002
2018-03-12 08:45:00,106.5095,106.5565,106.4645,106.5475
2018-03-12 09:00:00,106.54899999999999,106.552,106.522,106.529
2018-03-12 09:15:00,106.53000000000002,106.538,106.508,106.52600000000001
2018-03-12 09:30:00,106.52600000000001,106.55800000000005,106.475,106.546
2018-03-12 09:45:00,106.54700000000001,106.55950000000001,106.516,106.545
2018-03-12 10:00:00,106.54549999999999,106.57299999999995,106.53399999999999,106.542
2018-03-12 10:15:00,106.5415,106.5615,106.53649999999999,106.5525
2018-03-12 10:30:00,106.5535,106.598,106.5535,106.57700000000001
2018-03-12 10:45:00,106.57700000000001,106.59700000000001,106.55299999999995,106.5635
2018-03-12 11:00:00,106.56450000000001,106.579,106.5245,106.53100000000002
2018-03-12 11:15:00,106.52950000000001,106.54299999999999,106.49700000000001,106.53049999999999
2018-03-12 11:30:00,106.5325,106.59549999999999,106.521,106.57549999999999
2018-03-12 11:45:00,106.57549999999999,106.626,106.54700000000001,106.62299999999999
2018-03-12 12:00:00,106.62299999999999,106.63600000000001,106.595,106.62950000000001
2018-03-12 12:15:00,106.631,106.6475,106.59649999999998,106.6195
2018-03-12 12:30:00,106.62100000000001,106.62100000000001,106.584,106.61550000000005
2018-03-12 12:45:00,106.618,106.62799999999999,106.586,106.6005
2018-03-12 13:00:00,106.6015,106.60750000000002,106.4945,106.52
2018-03-12 13:15:00,106.52,106.556,106.51549999999999,106.55549999999995
2018-03-12 13:30:00,106.55549999999995,106.6015,106.5325,106.6015
2018-03-12 13:45:00,106.6035,106.60850000000002,106.5165,106.5235
2018-03-12 14:00:00,106.525,106.58249999999998,106.46600000000001,106.47449999999995
2018-03-12 14:15:00,106.475,106.55950000000001,106.47399999999999,106.542
2018-03-12 14:30:00,106.5395,106.5635,106.4985,106.53299999999999
2018-03-12 14:45:00,106.53399999999999,106.54849999999996,106.4225,106.427
2018-03-12 15:00:00,106.425,106.484,106.41850000000002,106.4795
2018-03-12 15:15:00,106.47799999999995,106.52950000000001,106.43549999999999,106.46550000000005
2018-03-12 15:30:00,106.46600000000001,106.527,106.46600000000001,106.49799999999996
2018-03-12 15:45:00,106.49799999999996,106.53000000000002,106.45299999999999,106.51799999999999
2018-03-12 16:00:00,106.51950000000001,106.58149999999999,106.50450000000001,106.57600000000001
2018-03-12 16:15:00,106.5745,106.5895,106.54,106.5675
2018-03-12 16:30:00,106.56700000000001,106.586,106.54899999999999,106.5625
2018-03-12 16:45:00,106.561,106.56299999999999,106.53049999999999,106.54799999999999
2018-03-12 17:00:00,106.54849999999996,106.5685,106.4945,106.5
2018-03-12 17:15:00,106.499,106.52149999999996,106.48200000000001,106.486
2018-03-12 17:30:00,106.48549999999999,106.512,106.4685,106.48549999999999
2018-03-12 17:45:00,106.48549999999999,106.54350000000001,106.48549999999999,106.536
2018-03-12 18:00:00,106.536,106.54299999999999,106.47799999999995,106.48149999999998
2018-03-12 18:15:00,106.48100000000001,106.48200000000001,106.4015,106.417
2018-03-12 18:30:00,106.417,106.4255,106.3285,106.35600000000001
2018-03-12 18:45:00,106.35700000000001,106.389,106.316,106.36200000000001
2018-03-12 19:00:00,106.36200000000001,106.3735,106.31649999999999,106.346
2018-03-12 19:15:00,106.34649999999999,106.37949999999995,106.339,106.3695
2018-03-12 19:30:00,106.37,106.42649999999998,106.36200000000001,106.42
2018-03-12 19:45:00,106.42,106.42649999999998,106.3425,106.35799999999999
2018-03-12 20:00:00,106.35799999999999,106.38649999999998,106.316,106.36549999999995
2018-03-12 20:15:00,106.365,106.4,106.3625,106.39
2018-03-12 20:30:00,106.39049999999999,106.41500000000002,106.39,106.41149999999999
2018-03-12 20:45:00,106.41149999999999,106.42049999999999,106.40350000000001,106.4165
2018-03-12 21:00:00,106.42200000000001,106.426,106.40749999999998,106.41799999999999
2018-03-12 21:15:00,106.41850000000001,106.4375,106.40350000000001,106.42299999999996
2018-03-12 21:30:00,106.4235,106.441,106.419,106.43
2018-03-12 21:45:00,106.43,106.4435,106.427,106.4425
2018-03-12 22:00:00,106.441,106.471,106.43700000000001,106.465
2018-03-12 22:15:00,106.465,106.46550000000005,106.425,106.425
2018-03-12 22:30:00,106.4255,106.426,106.3935,106.4015
2018-03-12 22:45:00,106.402,106.4325,106.399,106.4065
2018-03-12 23:00:00,106.40749999999998,106.40799999999999,106.354,106.355
2018-03-12 23:15:00,106.355,106.35750000000002,106.30549999999995,106.3395
2018-03-12 23:30:00,106.34049999999999,106.35799999999999,106.32700000000001,106.346
2018-03-12 23:45:00,106.34649999999999,106.34649999999999,106.262,106.29
2018-03-13 01:00:00,106.316,106.389,106.3135,106.34700000000001
2018-03-13 01:15:00,106.34700000000001,106.398,106.34700000000001,106.381
2018-03-13 01:30:00,106.37950000000001,106.38600000000001,106.3435,106.345
2018-03-13 01:45:00,106.345,106.3995,106.34450000000004,106.37100000000001
2018-03-13 02:00:00,106.37100000000001,106.37200000000001,106.3425,106.35600000000001
2018-03-13 02:15:00,106.35549999999999,106.38850000000001,106.34549999999999,106.369
2018-03-13 02:30:00,106.36800000000005,106.411,106.354,106.4015
2018-03-13 02:45:00,106.40100000000001,106.43600000000002,106.385,106.4215
2018-03-13 03:00:00,106.421,106.447,106.414,106.43450000000001
2018-03-13 03:15:00,106.434,106.49000000000002,106.434,106.49000000000002
2018-03-13 03:30:00,106.4905,106.52799999999999,106.48899999999999,106.49799999999996
2018-03-13 03:45:00,106.49950000000001,106.581,106.4915,106.55149999999999
2018-03-13 04:00:00,106.552,106.63850000000001,106.55149999999999,106.6185
2018-03-13 04:15:00,106.62049999999999,106.684,106.61399999999999,106.64450000000001
2018-03-13 04:30:00,106.64450000000001,106.75200000000001,106.598,106.72149999999999
2018-03-13 04:45:00,106.7225,106.8075,106.71,106.7735
2018-03-13 05:00:00,106.77249999999998,106.846,106.7485,106.74899999999998
2018-03-13 05:15:00,106.74950000000001,106.76700000000001,106.7165,106.74
2018-03-13 05:30:00,106.7415,106.74549999999995,106.7125,106.738
2018-03-13 05:45:00,106.738,106.78100000000002,106.738,106.77850000000002
2018-03-13 06:00:00,106.77950000000001,106.7835,106.7245,106.74799999999999
2018-03-13 06:15:00,106.7475,106.8135,106.72700000000005,106.792
2018-03-13 06:30:00,106.7915,106.852,106.788,106.825
2018-03-13 06:45:00,106.825,106.9,106.8225,106.87250000000002
2018-03-13 07:00:00,106.8715,106.89200000000001,106.833,106.8515
2018-03-13 07:15:00,106.8515,106.8855,106.8415,106.8785
2018-03-13 07:30:00,106.88,106.99299999999995,106.852,106.9525
2018-03-13 07:45:00,106.95299999999999,106.98899999999999,106.944,106.97149999999999
2018-03-13 08:00:00,106.97100000000002,107.0335,106.96249999999998,106.976
2018-03-13 08:15:00,106.97450000000005,106.9765,106.9295,106.9365
2018-03-13 08:30:00,106.93700000000001,106.93899999999998,106.88850000000001,106.91850000000001
2018-03-13 08:45:00,106.91850000000001,106.95350000000002,106.91850000000001,106.927
2018-03-13 09:00:00,106.92649999999999,107.09200000000001,106.92149999999998,107.061
2018-03-13 09:15:00,107.0615,107.22399999999999,107.04299999999999,107.2
2018-03-13 09:30:00,107.2,107.22049999999999,107.1325,107.14399999999999
2018-03-13 09:45:00,107.14299999999999,107.167,107.133,107.1475
2018-03-13 10:00:00,107.148,107.179,107.148,107.17450000000001
2018-03-13 10:15:00,107.175,107.209,107.1425,107.14450000000005
2018-03-13 10:30:00,107.14399999999999,107.1795,107.14299999999999,107.165
2018-03-13 10:45:00,107.1675,107.2035,107.152,107.19750000000002
2018-03-13 11:00:00,107.197,107.27950000000001,107.195,107.219
2018-03-13 11:15:00,107.219,107.271,107.20549999999999,107.23100000000001
2018-03-13 11:30:00,107.22999999999998,107.22999999999998,107.1775,107.178
2018-03-13 11:45:00,107.179,107.20049999999999,107.16149999999999,107.18999999999998
2018-03-13 12:00:00,107.18999999999998,107.2225,107.184,107.20649999999998
2018-03-13 12:15:00,107.206,107.219,107.15,107.15549999999999
2018-03-13 12:30:00,107.156,107.29299999999999,106.734,106.8175
2018-03-13 12:45:00,106.82,106.9605,106.7085,106.9575
2018-03-13 13:00:00,106.9575,106.9585,106.818,106.8935
2018-03-13 13:15:00,106.8925,106.964,106.8635,106.927
2018-03-13 13:30:00,106.9275,106.9455,106.8625,106.914
2018-03-13 13:45:00,106.91199999999995,106.9375,106.868,106.90350000000001
2018-03-13 14:00:00,106.90300000000005,106.934,106.8185,106.9315
2018-03-13 14:15:00,106.93299999999999,107.1195,106.92299999999999,107.04899999999999
2018-03-13 14:30:00,107.04950000000004,107.053,106.9255,106.97399999999999
2018-03-13 14:45:00,106.973,106.973,106.85700000000001,106.87799999999999
2018-03-13 15:00:00,106.87899999999999,106.8915,106.811,106.85500000000002
2018-03-13 15:15:00,106.85500000000002,106.8775,106.67749999999998,106.7075
2018-03-13 15:30:00,106.7085,106.7245,106.64049999999999,106.6645
2018-03-13 15:45:00,106.6665,106.66950000000001,106.572,106.6315
2018-03-13 16:00:00,106.631,106.6675,106.484,106.5375
2018-03-13 16:15:00,106.5385,106.5745,106.51299999999999,106.56949999999995
2018-03-13 16:30:00,106.569,106.6135,106.55199999999995,106.56299999999999
2018-03-13 16:45:00,106.564,106.61399999999999,106.5385,106.603
2018-03-13 17:00:00,106.603,106.6425,106.58149999999999,106.617
2018-03-13 17:15:00,106.617,106.6795,106.617,106.676
2018-03-13 17:30:00,106.67749999999998,106.721,106.652,106.664
2018-03-13 17:45:00,106.6645,106.7015,106.60750000000002,106.61649999999996
2018-03-13 18:00:00,106.61550000000005,106.67450000000001,106.59700000000001,106.59700000000001
2018-03-13 18:15:00,106.59700000000001,106.637,106.5915,106.59450000000001
2018-03-13 18:30:00,106.59450000000001,106.64299999999999,106.5675,106.57999999999998
2018-03-13 18:45:00,106.579,106.62100000000001,106.57350000000001,106.61200000000001
2018-03-13 19:00:00,106.613,106.681,106.59549999999999,106.60600000000001
2018-03-13 19:15:00,106.6065,106.6065,106.46700000000001,106.48299999999999
2018-03-13 19:30:00,106.485,106.539,106.48200000000001,106.5165
2018-03-13 19:45:00,106.515,106.541,106.4615,106.5375
2018-03-13 20:00:00,106.5375,106.59999999999998,106.536,106.584
2018-03-13 20:15:00,106.5845,106.58500000000002,106.5475,106.55899999999998
2018-03-13 20:30:00,106.56,106.56,106.53649999999999,106.544
2018-03-13 20:45:00,106.54450000000001,106.58149999999999,106.541,106.575
2018-03-13 21:00:00,106.5745,106.613,106.554,106.57649999999998
2018-03-13 21:15:00,106.575,106.57799999999999,106.473,106.4825
2018-03-13 21:30:00,106.4825,106.48899999999999,106.4455,106.486
2018-03-13 21:45:00,106.48649999999999,106.48649999999999,106.4575,106.46200000000005
2018-03-13 22:00:00,106.4615,106.48,106.3975,106.4065
2018-03-13 22:15:00,106.4065,106.456,106.406,106.4425
2018-03-13 22:30:00,106.44200000000001,106.48,106.43850000000002,106.47049999999999
2018-03-13 22:45:00,106.47049999999999,106.4985,106.46600000000001,106.4985
2018-03-13 23:00:00,106.4985,106.5095,106.4645,106.47049999999999
2018-03-13 23:15:00,106.46950000000001,106.5055,106.4535,106.48299999999999
2018-03-13 23:30:00,106.4835,106.512,106.46799999999999,106.4885
2018-03-13 23:45:00,106.48649999999999,106.535,106.48049999999999,106.52950000000001
2018-03-14 01:00:00,106.6805,106.72149999999999,106.587,106.60799999999999
2018-03-14 01:15:00,106.609,106.639,106.59450000000001,106.62799999999999
2018-03-14 01:30:00,106.62700000000001,106.62700000000001,106.555,106.55549999999995
2018-03-14 01:45:00,106.556,106.5775,106.4965,106.5245
2018-03-14 02:00:00,106.52499999999998,106.54899999999999,106.5095,106.539
2018-03-14 02:15:00,106.5385,106.5385,106.45600000000002,106.46399999999998
2018-03-14 02:30:00,106.4625,106.508,106.46,106.49799999999996
2018-03-14 02:45:00,106.4975,106.4975,106.416,106.417
2018-03-14 03:00:00,106.4175,106.448,106.396,106.429
2018-03-14 03:15:00,106.4295,106.46399999999998,106.4235,106.44049999999999
2018-03-14 03:30:00,106.441,106.48749999999998,106.4365,106.4785
2018-03-14 03:45:00,106.4785,106.53399999999999,106.447,106.45700000000001
2018-03-14 04:00:00,106.45700000000001,106.45700000000001,106.412,106.4465
2018-03-14 04:15:00,106.4465,106.535,106.4455,106.5235
2018-03-14 04:30:00,106.5235,106.53399999999999,106.47449999999995,106.493
2018-03-14 04:45:00,106.4935,106.536,106.4915,106.5205
2018-03-14 05:00:00,106.5205,106.54549999999999,106.48899999999999,106.50049999999999
2018-03-14 05:15:00,106.50149999999998,106.5085,106.476,106.4785
2018-03-14 05:30:00,106.4785,106.4785,106.42200000000001,106.45600000000002
2018-03-14 05:45:00,106.45549999999999,106.47449999999995,106.3845,106.4625
2018-03-14 06:00:00,106.4615,106.575,106.4615,106.5105
2018-03-14 06:15:00,106.5105,106.575,106.49799999999996,106.538
2018-03-14 06:30:00,106.539,106.56299999999999,106.508,106.54799999999999
2018-03-14 06:45:00,106.54799999999999,106.55800000000005,106.494,106.50299999999999
2018-03-14 07:00:00,106.5035,106.57549999999999,106.501,106.529
2018-03-14 07:15:00,106.53000000000002,106.53000000000002,106.47399999999999,106.484
2018-03-14 07:30:00,106.485,106.54849999999996,106.485,106.52149999999996
2018-03-14 07:45:00,106.522,106.61100000000002,106.51000000000002,106.598
2018-03-14 08:00:00,106.5985,106.69200000000001,106.5635,106.679
2018-03-14 08:15:00,106.677,106.71700000000001,106.63,106.6505
2018-03-14 08:30:00,106.65,106.6805,106.61999999999998,106.62049999999999
2018-03-14 08:45:00,106.6215,106.649,106.5865,106.588
2018-03-14 09:00:00,106.58850000000002,106.602,106.5415,106.56049999999999
2018-03-14 09:15:00,106.56200000000001,106.58149999999999,106.515,106.53350000000002
2018-03-14 09:30:00,106.53399999999999,106.541,106.49600000000001,106.5315
2018-03-14 09:45:00,106.53200000000001,106.57299999999995,106.52249999999998,106.569
2018-03-14 10:00:00,106.56949999999995,106.6145,106.53450000000004,106.546
2018-03-14 10:15:00,106.546,106.552,106.52499999999998,106.54350000000001
2018-03-14 10:30:00,106.54299999999999,106.5685,106.5255,106.5255
2018-03-14 10:45:00,106.5265,106.55100000000002,106.48100000000001,106.49549999999999
2018-03-14 11:00:00,106.49600000000001,106.541,106.4765,106.477
2018-03-14 11:15:00,106.4775,106.48100000000001,106.3975,106.45200000000001
2018-03-14 11:30:00,106.45049999999999,106.48749999999998,106.42299999999999,106.45299999999999
2018-03-14 11:45:00,106.455,106.48549999999999,106.42999999999998,106.449
2018-03-14 12:00:00,106.44850000000001,106.44850000000001,106.39049999999999,106.4015
2018-03-14 12:15:00,106.40100000000001,106.4965,106.3985,106.493
2018-03-14 12:30:00,106.492,106.492,106.31649999999999,106.39049999999999
2018-03-14 12:45:00,106.391,106.58049999999999,106.3335,106.56200000000001
2018-03-14 13:00:00,106.5615,106.5775,106.522,106.53100000000002
2018-03-14 13:15:00,106.53100000000002,106.59100000000001,106.53100000000002,106.57399999999998
2018-03-14 13:30:00,106.57700000000001,106.584,106.46399999999998,106.4895
2018-03-14 13:45:00,106.491,106.542,106.4435,106.4835
2018-03-14 14:00:00,106.4835,106.54849999999996,106.4525,106.461
2018-03-14 14:15:00,106.46200000000005,106.48100000000001,106.40799999999999,106.45850000000002
2018-03-14 14:30:00,106.45950000000005,106.4785,106.35249999999998,106.37949999999995
2018-03-14 14:45:00,106.37949999999995,106.42999999999998,106.3665,106.3735
2018-03-14 15:00:00,106.375,106.397,106.32549999999996,106.331
2018-03-14 15:15:00,106.331,106.344,106.2025,106.2415
2018-03-14 15:30:00,106.242,106.242,106.06649999999999,106.1165
2018-03-14 15:45:00,106.11700000000005,106.204,106.11350000000002,106.16750000000002
2018-03-14 16:00:00,106.1655,106.208,106.06649999999999,106.154
2018-03-14 16:15:00,106.154,106.2075,106.14,106.17399999999999
2018-03-14 16:30:00,106.1735,106.25450000000001,106.169,106.23649999999999
2018-03-14 16:45:00,106.23649999999999,106.29149999999998,106.19,106.259
2018-03-14 17:00:00,106.259,106.2615,106.176,106.1865
2018-03-14 17:15:00,106.18700000000001,106.271,106.179,106.243
2018-03-14 17:30:00,106.244,106.30850000000001,106.244,106.29549999999999
2018-03-14 17:45:00,106.29549999999999,106.37249999999996,106.29149999999998,106.3365
2018-03-14 18:00:00,106.337,106.3485,106.27300000000005,106.281
2018-03-14 18:15:00,106.281,106.36700000000005,106.27950000000001,106.33850000000001
2018-03-14 18:30:00,106.336,106.3855,106.2275,106.23450000000001
2018-03-14 18:45:00,106.236,106.26899999999999,106.21950000000001,106.26100000000001
2018-03-14 19:00:00,106.2595,106.2975,106.17049999999999,106.2185
2018-03-14 19:15:00,106.2175,106.271,106.21200000000005,106.226
2018-03-14 19:30:00,106.228,106.259,106.22049999999999,106.24
2018-03-14 19:45:00,106.2395,106.2665,106.2395,106.259
2018-03-14 20:00:00,106.258,106.31299999999999,106.2525,106.31149999999998
2018-03-14 20:15:00,106.31149999999998,106.3135,106.279,106.3135
2018-03-14 20:30:00,106.3135,106.323,106.302,106.3215
2018-03-14 20:45:00,106.32000000000002,106.33149999999999,106.3135,106.323
2018-03-14 21:00:00,106.32,106.3225,106.292,106.30950000000001
2018-03-14 21:15:00,106.30899999999998,106.339,106.2985,106.324
2018-03-14 21:30:00,106.32350000000001,106.34000000000002,106.2975,106.30850000000001
2018-03-14 21:45:00,106.30850000000001,106.334,106.28649999999999,106.318
2018-03-14 22:00:00,106.315,106.36,106.304,106.322
2018-03-14 22:15:00,106.3225,106.32999999999998,106.31200000000001,106.323
2018-03-14 22:30:00,106.3225,106.355,106.3225,106.3535
2018-03-14 22:45:00,106.3535,106.3535,106.29899999999999,106.32000000000002
2018-03-14 23:00:00,106.3195,106.3195,106.274,106.29300000000005
2018-03-14 23:15:00,106.292,106.2925,106.2245,106.236
2018-03-14 23:30:00,106.23649999999999,106.292,106.18799999999999,106.21049999999995
2018-03-14 23:45:00,106.211,106.211,106.11350000000002,106.164
2018-03-15 01:00:00,105.867,105.87899999999999,105.8265,105.8525
2018-03-15 01:15:00,105.85300000000005,105.88799999999999,105.8355,105.86200000000001
2018-03-15 01:30:00,105.8645,105.9385,105.8625,105.90899999999999
2018-03-15 01:45:00,105.90899999999999,105.946,105.881,105.93
2018-03-15 02:00:00,105.9295,105.9295,105.8765,105.91499999999998
2018-03-15 02:15:00,105.9145,105.98,105.905,105.971
2018-03-15 02:30:00,105.97149999999999,106.0325,105.943,106.025
2018-03-15 02:45:00,106.025,106.079,105.99850000000002,106.0035
2018-03-15 03:00:00,106.0035,106.04700000000001,105.99500000000002,106.015
2018-03-15 03:15:00,106.014,106.016,105.959,105.9815
2018-03-15 03:30:00,105.98100000000001,105.99549999999999,105.9295,105.962
2018-03-15 03:45:00,105.9615,106.0355,105.94700000000005,106.02799999999999
2018-03-15 04:00:00,106.0275,106.039,106.0035,106.0065
2018-03-15 04:15:00,106.006,106.006,105.955,105.979
2018-03-15 04:30:00,105.979,106.0,105.979,105.98200000000001
2018-03-15 04:45:00,105.98200000000001,105.9985,105.95299999999999,105.97850000000004
2018-03-15 05:00:00,105.979,105.984,105.8425,105.8435
2018-03-15 05:15:00,105.845,105.8515,105.78599999999997,105.84299999999999
2018-03-15 05:30:00,105.84450000000001,105.92450000000001,105.837,105.8765
2018-03-15 05:45:00,105.87749999999998,105.965,105.865,105.93
2018-03-15 06:00:00,105.931,106.04700000000001,105.928,106.0335
2018-03-15 06:15:00,106.03200000000001,106.03399999999999,105.9685,106.02200000000005
2018-03-15 06:30:00,106.02100000000002,106.04899999999999,105.98549999999999,106.024
2018-03-15 06:45:00,106.024,106.066,106.0205,106.051
2018-03-15 07:00:00,106.052,106.1185,106.042,106.086
2018-03-15 07:15:00,106.086,106.11200000000001,106.059,106.079
2018-03-15 07:30:00,106.079,106.14,106.074,106.11350000000002
2018-03-15 07:45:00,106.11350000000002,106.12799999999999,106.0835,106.084
2018-03-15 08:00:00,106.0875,106.124,106.02200000000005,106.124
2018-03-15 08:15:00,106.124,106.178,106.1065,106.12799999999999
2018-03-15 08:30:00,106.12750000000004,106.12950000000001,106.05,106.054
2018-03-15 08:45:00,106.054,106.08149999999998,106.04549999999999,106.0685
2018-03-15 09:00:00,106.069,106.07700000000001,105.9825,106.0485
2018-03-15 09:15:00,106.04899999999999,106.0895,106.041,106.086
2018-03-15 09:30:00,106.0855,106.088,105.8955,105.936
2018-03-15 09:45:00,105.93700000000001,105.98100000000001,105.911,105.9465
2018-03-15 10:00:00,105.9475,105.9475,105.8865,105.925
2018-03-15 10:15:00,105.92200000000001,105.92200000000001,105.84250000000002,105.89149999999998
2018-03-15 10:30:00,105.89249999999998,105.897,105.84850000000002,105.8675
2018-03-15 10:45:00,105.866,105.9435,105.8625,105.90549999999999
2018-03-15 11:00:00,105.90450000000001,105.94450000000005,105.87749999999998,105.88799999999999
2018-03-15 11:15:00,105.887,105.9825,105.8765,105.97249999999998
2018-03-15 11:30:00,105.97149999999999,106.016,105.95049999999999,106.0085
2018-03-15 11:45:00,106.01,106.015,105.9375,105.986
2018-03-15 12:00:00,105.984,105.984,105.92450000000001,105.9435
2018-03-15 12:15:00,105.94450000000005,106.04899999999999,105.925,106.03299999999999
2018-03-15 12:30:00,106.0335,106.08850000000001,105.9885,106.01549999999999
2018-03-15 12:45:00,106.01450000000001,106.0465,105.94450000000005,106.0015
2018-03-15 13:00:00,105.999,106.0705,105.99549999999999,106.0685
2018-03-15 13:15:00,106.0695,106.0825,106.0175,106.0275
2018-03-15 13:30:00,106.02799999999999,106.0465,105.95150000000004,106.04049999999995
2018-03-15 13:45:00,106.04049999999995,106.04899999999999,105.91149999999998,105.914
2018-03-15 14:00:00,105.916,106.0065,105.87,105.96600000000001
2018-03-15 14:15:00,105.96649999999998,105.9815,105.9105,105.94049999999999
2018-03-15 14:30:00,105.943,105.9735,105.88449999999995,105.91799999999999
2018-03-15 14:45:00,105.91850000000001,106.0115,105.89450000000001,106.0115
2018-03-15 15:00:00,106.01350000000001,106.13850000000001,106.008,106.11399999999999
2018-03-15 15:15:00,106.1145,106.1635,106.07700000000001,106.12100000000001
2018-03-15 15:30:00,106.1235,106.12950000000001,106.066,106.06649999999999
2018-03-15 15:45:00,106.066,106.09200000000001,106.01350000000001,106.06749999999998
2018-03-15 16:00:00,106.0705,106.116,106.03299999999999,106.069
2018-03-15 16:15:00,106.06649999999999,106.1165,106.05149999999999,106.098
2018-03-15 16:30:00,106.0985,106.166,106.094,106.15799999999999
2018-03-15 16:45:00,106.1575,106.2485,106.149,106.21550000000005
2018-03-15 17:00:00,106.21550000000005,106.3,106.21550000000005,106.2515
2018-03-15 17:15:00,106.25299999999999,106.25299999999999,106.18950000000001,106.213
2018-03-15 17:30:00,106.21399999999998,106.2525,106.18950000000001,106.19200000000001
2018-03-15 17:45:00,106.1925,106.1975,105.95700000000001,105.992
2018-03-15 18:00:00,105.9945,106.071,105.936,106.053
2018-03-15 18:15:00,106.0505,106.09549999999999,106.0125,106.03600000000002
2018-03-15 18:30:00,106.035,106.17399999999999,106.02850000000001,106.12849999999997
2018-03-15 18:45:00,106.12849999999997,106.26299999999999,106.1185,106.2415
2018-03-15 19:00:00,106.2415,106.27,106.1935,106.211
2018-03-15 19:15:00,106.21,106.26,106.1785,106.25200000000001
2018-03-15 19:30:00,106.2535,106.2535,106.2175,106.23299999999999
2018-03-15 19:45:00,106.238,106.2875,106.22049999999999,106.26700000000001
2018-03-15 20:00:00,106.26899999999999,106.3415,106.2515,106.3415
2018-03-15 20:15:00,106.34100000000002,106.4145,106.32799999999999,106.3545
2018-03-15 20:30:00,106.355,106.376,106.3345,106.3345
2018-03-15 20:45:00,106.3345,106.35700000000001,106.314,106.34299999999999
2018-03-15 21:00:00,106.3435,106.382,106.30899999999998,106.3195
2018-03-15 21:15:00,106.3205,106.34000000000002,106.292,106.306
2018-03-15 21:30:00,106.30549999999995,106.3195,106.2585,106.302
2018-03-15 21:45:00,106.30149999999999,106.36,106.26100000000001,106.344
2018-03-15 22:00:00,106.34549999999999,106.3495,106.303,106.3345
2018-03-15 22:15:00,106.3355,106.34700000000001,106.30899999999998,106.3345
2018-03-15 22:30:00,106.3335,106.3495,106.314,106.318
2018-03-15 22:45:00,106.31700000000001,106.3565,106.2875,106.289
2018-03-15 23:00:00,106.29,106.34649999999999,106.27749999999996,106.3225
2018-03-15 23:15:00,106.3215,106.3675,106.3215,106.33850000000001
2018-03-15 23:30:00,106.33850000000001,106.3505,106.318,106.33149999999999
2018-03-15 23:45:00,106.33149999999999,106.33200000000001,106.28799999999995,106.31049999999999
2018-03-16 01:00:00,106.20049999999999,106.205,105.9365,105.99799999999999
2018-03-16 01:15:00,105.9965,106.0765,105.9605,105.99600000000001
2018-03-16 01:30:00,105.99500000000002,106.0565,105.95299999999999,105.99700000000001
2018-03-16 01:45:00,105.99799999999999,106.045,105.9755,105.999
2018-03-16 02:00:00,105.9985,106.042,105.98299999999996,106.0205
2018-03-16 02:15:00,106.0205,106.025,105.9585,105.98299999999996
2018-03-16 02:30:00,105.9825,106.01799999999999,105.9735,105.9925
2018-03-16 02:45:00,105.9925,105.99500000000002,105.8845,105.9325
2018-03-16 03:00:00,105.932,105.96,105.9105,105.9425
2018-03-16 03:15:00,105.943,105.994,105.94049999999999,105.991
2018-03-16 03:30:00,105.98999999999998,106.00399999999999,105.906,105.92049999999999
2018-03-16 03:45:00,105.92049999999999,105.944,105.8535,105.8965
2018-03-16 04:00:00,105.8965,105.912,105.876,105.898
2018-03-16 04:15:00,105.898,105.9225,105.8685,105.90000000000002
2018-03-16 04:30:00,105.8985,105.9005,105.848,105.86449999999995
2018-03-16 04:45:00,105.86399999999999,105.90000000000002,105.8475,105.88850000000001
2018-03-16 05:00:00,105.88850000000001,105.9685,105.8865,105.9645
2018-03-16 05:15:00,105.964,105.965,105.90700000000001,105.9255
2018-03-16 05:30:00,105.9275,105.939,105.87450000000001,105.8985
2018-03-16 05:45:00,105.9005,105.964,105.87950000000001,105.8825
2018-03-16 06:00:00,105.8855,105.9065,105.867,105.88000000000002
2018-03-16 06:15:00,105.881,105.9175,105.8675,105.91149999999998
2018-03-16 06:30:00,105.912,105.94700000000005,105.88850000000001,105.898
2018-03-16 06:45:00,105.8985,106.007,105.8985,105.9535
2018-03-16 07:00:00,105.9525,105.97750000000002,105.84950000000005,105.85200000000005
2018-03-16 07:15:00,105.85,105.899,105.84100000000001,105.85600000000001
2018-03-16 07:30:00,105.85549999999999,105.85549999999999,105.71799999999999,105.74
2018-03-16 07:45:00,105.7415,105.7445,105.64499999999998,105.6585
2018-03-16 08:00:00,105.65799999999999,105.71950000000001,105.6565,105.7085
2018-03-16 08:15:00,105.708,105.7575,105.708,105.7245
2018-03-16 08:30:00,105.726,105.78200000000001,105.7245,105.74700000000001
2018-03-16 08:45:00,105.74600000000001,105.81299999999999,105.74549999999999,105.8005
2018-03-16 09:00:00,105.79700000000001,105.81049999999999,105.743,105.74950000000001
2018-03-16 09:15:00,105.74950000000001,105.76450000000001,105.6805,105.68700000000001
2018-03-16 09:30:00,105.6875,105.6995,105.6585,105.69049999999999
2018-03-16 09:45:00,105.689,105.7245,105.68549999999999,105.71350000000001
2018-03-16 10:00:00,105.7145,105.735,105.6655,105.6975
2018-03-16 10:15:00,105.69850000000001,105.73100000000001,105.67,105.72
2018-03-16 10:30:00,105.72149999999999,105.7405,105.67049999999999,105.69199999999995
2018-03-16 10:45:00,105.69049999999999,105.70299999999999,105.667,105.6715
2018-03-16 11:00:00,105.6715,105.67950000000005,105.6175,105.64200000000001
2018-03-16 11:15:00,105.64200000000001,105.67399999999999,105.6175,105.663
2018-03-16 11:30:00,105.664,105.6755,105.62799999999999,105.62950000000001
2018-03-16 11:45:00,105.6315,105.647,105.6025,105.626
2018-03-16 12:00:00,105.6215,105.679,105.6145,105.6365
2018-03-16 12:15:00,105.63799999999999,105.70100000000001,105.6345,105.68
2018-03-16 12:30:00,105.681,105.76450000000001,105.663,105.729
2018-03-16 12:45:00,105.7295,105.804,105.694,105.7985
2018-03-16 13:00:00,105.79999999999998,105.876,105.74950000000001,105.84850000000002
2018-03-16 13:15:00,105.85200000000005,105.92399999999999,105.84250000000002,105.84899999999999
2018-03-16 13:30:00,105.8505,106.07799999999999,105.8505,106.074
2018-03-16 13:45:00,106.07250000000002,106.07799999999999,106.016,106.0545
2018-03-16 14:00:00,106.051,106.10799999999999,106.02950000000001,106.0695
2018-03-16 14:15:00,106.06749999999998,106.149,106.029,106.0485
2018-03-16 14:30:00,106.0465,106.1145,106.046,106.088
2018-03-16 14:45:00,106.08850000000001,106.1575,106.08149999999998,106.15549999999996
2018-03-16 15:00:00,106.15700000000001,106.17399999999999,106.0715,106.07950000000001
2018-03-16 15:15:00,106.0785,106.18450000000001,106.05799999999999,106.1785
2018-03-16 15:30:00,106.1785,106.23649999999999,106.162,106.17649999999999
2018-03-16 15:45:00,106.1755,106.20699999999995,106.08149999999998,106.087
2018-03-16 16:00:00,106.086,106.1305,106.07350000000002,106.09250000000002
2018-03-16 16:15:00,106.09299999999999,106.1325,106.06499999999998,106.109
2018-03-16 16:30:00,106.1075,106.12750000000004,106.08049999999999,106.12700000000001
2018-03-16 16:45:00,106.12700000000001,106.145,106.08149999999998,106.11200000000001
2018-03-16 17:00:00,106.1125,106.1775,106.1125,106.161
2018-03-16 17:15:00,106.161,106.16850000000001,106.1065,106.116
2018-03-16 17:30:00,106.11549999999995,106.15999999999998,106.11549999999995,106.12950000000001
2018-03-16 17:45:00,106.12950000000001,106.12950000000001,106.0715,106.08850000000001
2018-03-16 18:00:00,106.0915,106.12899999999999,106.04799999999999,106.061
2018-03-16 18:15:00,106.06200000000001,106.094,106.04950000000001,106.088
2018-03-16 18:30:00,106.08850000000001,106.1065,106.0525,106.0565
2018-03-16 18:45:00,106.0565,106.09250000000002,106.053,106.0855
2018-03-16 19:00:00,106.0845,106.1065,106.059,106.059
2018-03-16 19:15:00,106.059,106.07,106.03200000000001,106.07
2018-03-16 19:30:00,106.07,106.089,106.06299999999999,106.07549999999999
2018-03-16 19:45:00,106.07600000000002,106.0845,106.0395,106.04399999999998
2018-03-16 20:00:00,106.042,106.0855,106.024,106.03200000000001
2018-03-16 20:15:00,106.0325,106.0535,106.0115,106.03649999999999
2018-03-16 20:30:00,106.03699999999995,106.0685,106.03649999999999,106.04700000000001
2018-03-16 20:45:00,106.0485,106.06049999999999,105.9645,105.9835
2018-03-18 21:00:00,105.91850000000001,106.0205,105.90899999999999,105.9755
2018-03-18 21:15:00,105.9785,106.041,105.96549999999999,106.039
2018-03-18 21:30:00,106.0395,106.07350000000001,106.01549999999999,106.027
2018-03-18 21:45:00,106.0265,106.05799999999999,106.0265,106.04950000000001
2018-03-18 22:00:00,106.04899999999999,106.04899999999999,105.9615,106.024
2018-03-18 22:15:00,106.024,106.0375,105.943,105.946
2018-03-18 22:30:00,105.946,105.98049999999999,105.9305,105.96350000000001
2018-03-18 22:45:00,105.96350000000001,105.985,105.93450000000001,105.979
2018-03-18 23:00:00,105.9785,106.0105,105.9515,105.99
2018-03-18 23:15:00,105.98899999999999,105.98899999999999,105.95100000000001,105.96600000000001
2018-03-18 23:30:00,105.96549999999999,105.98749999999998,105.964,105.96600000000001
2018-03-18 23:45:00,105.96600000000001,105.98450000000001,105.9085,105.9605
2018-03-19 01:00:00,105.9125,105.93799999999999,105.8135,105.844
2018-03-19 01:15:00,105.84200000000001,105.84200000000001,105.74700000000001,105.78299999999999
2018-03-19 01:30:00,105.78450000000001,105.84649999999999,105.7485,105.8345
2018-03-19 01:45:00,105.835,105.8435,105.78,105.81450000000001
2018-03-19 02:00:00,105.814,105.851,105.81200000000001,105.8335
2018-03-19 02:15:00,105.834,105.851,105.81299999999999,105.8505
2018-03-19 02:30:00,105.8505,105.89499999999998,105.84200000000001,105.84850000000002
2018-03-19 02:45:00,105.84899999999999,105.85,105.79299999999995,105.81700000000001
2018-03-19 03:00:00,105.81700000000001,105.8565,105.814,105.816
2018-03-19 03:15:00,105.81649999999998,105.8395,105.80950000000001,105.83049999999999
2018-03-19 03:30:00,105.82950000000004,105.85200000000005,105.822,105.84450000000001
2018-03-19 03:45:00,105.848,105.86200000000001,105.8025,105.81549999999999
2018-03-19 04:00:00,105.815,105.815,105.75100000000002,105.77100000000002
2018-03-19 04:15:00,105.7705,105.82700000000001,105.75200000000001,105.78599999999997
2018-03-19 04:30:00,105.78649999999999,105.82500000000002,105.78299999999999,105.788
2018-03-19 04:45:00,105.7875,105.79549999999999,105.69199999999995,105.7095
2018-03-19 05:00:00,105.71,105.735,105.67950000000005,105.72399999999999
2018-03-19 05:15:00,105.7235,105.75100000000002,105.709,105.7275
2018-03-19 05:30:00,105.7285,105.78450000000001,105.7285,105.75399999999999
2018-03-19 05:45:00,105.75100000000002,105.7555,105.72200000000001,105.744
2018-03-19 06:00:00,105.743,105.743,105.68300000000005,105.72200000000001
2018-03-19 06:15:00,105.72399999999999,105.7875,105.7165,105.759
2018-03-19 06:30:00,105.75800000000005,105.79299999999995,105.75299999999999,105.7725
2018-03-19 06:45:00,105.774,105.777,105.73000000000002,105.74549999999999
2018-03-19 07:00:00,105.745,105.75800000000005,105.709,105.728
2018-03-19 07:15:00,105.7285,105.78299999999999,105.696,105.757
2018-03-19 07:30:00,105.75800000000005,105.779,105.73299999999999,105.77600000000001
2018-03-19 07:45:00,105.774,105.916,105.7735,105.902
2018-03-19 08:00:00,105.902,105.93799999999999,105.8855,105.9125
2018-03-19 08:15:00,105.9125,105.932,105.822,105.8475
2018-03-19 08:30:00,105.84700000000001,105.86149999999999,105.81700000000001,105.84899999999999
2018-03-19 08:45:00,105.848,105.92000000000002,105.84700000000001,105.9105
2018-03-19 09:00:00,105.90950000000001,105.97399999999999,105.89249999999998,105.944
2018-03-19 09:15:00,105.944,105.96299999999995,105.92700000000005,105.9465
2018-03-19 09:30:00,105.946,106.01450000000001,105.92000000000002,105.9965
2018-03-19 09:45:00,105.9965,106.015,105.971,105.99850000000002
2018-03-19 10:00:00,105.999,106.0555,105.999,106.0275
2018-03-19 10:15:00,106.027,106.07600000000002,105.992,106.06
2018-03-19 10:30:00,106.06049999999996,106.109,106.05950000000001,106.0775
2018-03-19 10:45:00,106.07700000000001,106.1725,106.0635,106.152
2018-03-19 11:00:00,106.15299999999999,106.177,106.12799999999999,106.13899999999998
2018-03-19 11:15:00,106.13799999999999,106.13850000000001,106.0865,106.101
2018-03-19 11:30:00,106.101,106.1715,106.09899999999999,106.11350000000002
2018-03-19 11:45:00,106.113,106.21350000000001,106.113,106.1935
2018-03-19 12:00:00,106.1935,106.26250000000002,106.18450000000001,106.25200000000001
2018-03-19 12:15:00,106.25200000000001,106.30799999999999,106.184,106.29799999999999
2018-03-19 12:30:00,106.3,106.3025,106.2185,106.25399999999999
2018-03-19 12:45:00,106.25450000000001,106.26250000000002,106.18850000000002,106.1995
2018-03-19 13:00:00,106.19850000000001,106.221,106.12299999999999,106.13
2018-03-19 13:15:00,106.12899999999999,106.2035,106.12149999999998,106.19200000000001
2018-03-19 13:30:00,106.193,106.19850000000001,106.0685,106.0765
2018-03-19 13:45:00,106.0745,106.113,106.0565,106.0975
2018-03-19 14:00:00,106.09649999999999,106.13950000000001,106.081,106.11200000000001
2018-03-19 14:15:00,106.1135,106.21600000000001,106.1025,106.20049999999999
2018-03-19 14:30:00,106.199,106.199,106.08850000000001,106.1025
2018-03-19 14:45:00,106.1005,106.14049999999999,106.0215,106.04450000000001
2018-03-19 15:00:00,106.04450000000001,106.1305,106.03449999999995,106.0685
2018-03-19 15:15:00,106.0695,106.0745,105.98450000000001,106.0485
2018-03-19 15:30:00,106.04799999999999,106.0485,105.8535,105.855
2018-03-19 15:45:00,105.85549999999999,105.906,105.8185,105.835
2018-03-19 16:00:00,105.8355,105.8765,105.78399999999999,105.85650000000004
2018-03-19 16:15:00,105.8535,105.9385,105.8335,105.91850000000001
2018-03-19 16:30:00,105.91850000000001,105.92649999999999,105.8265,105.8345
2018-03-19 16:45:00,105.836,105.919,105.78299999999999,105.8995
2018-03-19 17:00:00,105.898,105.898,105.7915,105.86399999999999
2018-03-19 17:15:00,105.8635,105.88850000000001,105.80500000000002,105.84850000000002
2018-03-19 17:30:00,105.848,105.87,105.82950000000004,105.86399999999999
2018-03-19 17:45:00,105.8655,105.88799999999999,105.82850000000002,105.8875
2018-03-19 18:00:00,105.8855,106.04299999999999,105.8785,106.01350000000001
2018-03-19 18:15:00,106.01350000000001,106.02600000000001,105.9745,105.99850000000002
2018-03-19 18:30:00,105.99799999999999,106.0035,105.845,105.866
2018-03-19 18:45:00,105.86,105.9765,105.834,105.9535
2018-03-19 19:00:00,105.95299999999999,106.0425,105.92200000000001,105.993
2018-03-19 19:15:00,105.994,106.10950000000001,105.994,106.1005
2018-03-19 19:30:00,106.101,106.1175,106.0465,106.08049999999999
2018-03-19 19:45:00,106.08,106.146,106.08,106.118
2018-03-19 20:00:00,106.1195,106.15999999999998,106.09549999999999,106.1525
2018-03-19 20:15:00,106.1525,106.155,106.12299999999999,106.124
2018-03-19 20:30:00,106.124,106.13950000000001,106.1005,106.102
2018-03-19 20:45:00,106.1015,106.1015,106.068,106.09700000000001
2018-03-19 21:00:00,106.09549999999999,106.09649999999999,105.993,106.03399999999999
2018-03-19 21:15:00,106.03450000000001,106.073,106.0335,106.04149999999998
2018-03-19 21:30:00,106.042,106.06450000000001,105.9925,106.027
2018-03-19 21:45:00,106.0275,106.04,106.0205,106.0325
2018-03-19 22:00:00,106.03299999999999,106.0505,106.025,106.0395
2018-03-19 22:15:00,106.0395,106.04350000000001,106.0225,106.03799999999995
2018-03-19 22:30:00,106.0385,106.07549999999999,106.0355,106.07250000000002
2018-03-19 22:45:00,106.072,106.081,106.0425,106.04450000000001
2018-03-19 23:00:00,106.04350000000001,106.0555,106.0205,106.042
2018-03-19 23:15:00,106.04,106.04,105.97399999999999,105.98049999999999
2018-03-19 23:30:00,105.9795,105.9985,105.9315,105.9585
2018-03-19 23:45:00,105.959,106.01850000000002,105.93350000000001,106.01700000000001
2018-03-20 01:00:00,106.04350000000001,106.13299999999995,105.98549999999999,106.1045
2018-03-20 01:15:00,106.1045,106.12899999999999,106.066,106.10549999999999
2018-03-20 01:30:00,106.1035,106.245,106.09000000000002,106.2255
2018-03-20 01:45:00,106.2265,106.304,106.21049999999995,106.24700000000001
2018-03-20 02:00:00,106.2465,106.26600000000002,106.21200000000005,106.23700000000001
2018-03-20 02:15:00,106.2385,106.251,106.18450000000001,106.2075
2018-03-20 02:30:00,106.206,106.2295,106.18249999999998,106.19149999999999
2018-03-20 02:45:00,106.19200000000005,106.21999999999998,106.15700000000001,106.20850000000002
2018-03-20 03:00:00,106.20850000000002,106.2525,106.20049999999999,106.20100000000001
2018-03-20 03:15:00,106.20100000000001,106.25299999999999,106.2,106.251
2018-03-20 03:30:00,106.251,106.28950000000005,106.2395,106.274
2018-03-20 03:45:00,106.274,106.31299999999999,106.2565,106.259
2018-03-20 04:00:00,106.259,106.259,106.1955,106.238
2018-03-20 04:15:00,106.23749999999998,106.26250000000002,106.20699999999995,106.2515
2018-03-20 04:30:00,106.25,106.3495,106.245,106.336
2018-03-20 04:45:00,106.334,106.34700000000001,106.31,106.31700000000001
2018-03-20 05:00:00,106.31750000000002,106.3335,106.305,106.3125
2018-03-20 05:15:00,106.31200000000001,106.323,106.26450000000001,106.2665
2018-03-20 05:30:00,106.26549999999999,106.311,106.25299999999999,106.29300000000005
2018-03-20 05:45:00,106.29450000000001,106.334,106.29149999999998,106.294
2018-03-20 06:00:00,106.294,106.319,106.2535,106.2855
2018-03-20 06:15:00,106.2855,106.31700000000001,106.2585,106.259
2018-03-20 06:30:00,106.26,106.29300000000005,106.259,106.285
2018-03-20 06:45:00,106.285,106.30950000000001,106.25,106.25
2018-03-20 07:00:00,106.251,106.259,106.2125,106.25200000000001
2018-03-20 07:15:00,106.25200000000001,106.51450000000001,106.25200000000001,106.51250000000002
2018-03-20 07:30:00,106.51799999999999,106.60600000000001,106.485,106.53000000000002
2018-03-20 07:45:00,106.529,106.54,106.4375,106.4455
2018-03-20 08:00:00,106.445,106.50249999999998,106.42049999999999,106.4495
2018-03-20 08:15:00,106.45049999999999,106.47350000000002,106.421,106.4375
2018-03-20 08:30:00,106.428,106.45,106.337,106.39299999999999
2018-03-20 08:45:00,106.39200000000001,106.4155,106.35600000000001,106.3995
2018-03-20 09:00:00,106.399,106.432,106.0845,106.1975
2018-03-20 09:15:00,106.198,106.28000000000002,106.1865,106.256
2018-03-20 09:30:00,106.255,106.2755,106.21049999999995,106.23899999999999
2018-03-20 09:45:00,106.23749999999998,106.36200000000001,106.2255,106.3335
2018-03-20 10:00:00,106.335,106.3775,106.296,106.36800000000005
2018-03-20 10:15:00,106.3675,106.443,106.365,106.38
2018-03-20 10:30:00,106.37899999999999,106.40100000000001,106.36049999999999,106.3825
2018-03-20 10:45:00,106.3825,106.43700000000001,106.3825,106.4025
2018-03-20 11:00:00,106.40350000000001,106.486,106.38299999999995,106.4475
2018-03-20 11:15:00,106.447,106.4775,106.43500000000002,106.476
2018-03-20 11:30:00,106.4765,106.5375,106.4645,106.48100000000001
2018-03-20 11:45:00,106.48100000000001,106.51700000000004,106.4765,106.515
2018-03-20 12:00:00,106.515,106.53299999999999,106.476,106.523
2018-03-20 12:15:00,106.5235,106.604,106.52249999999998,106.538
2018-03-20 12:30:00,106.5375,106.5775,106.509,106.53649999999999
2018-03-20 12:45:00,106.53700000000005,106.556,106.459,106.459
2018-03-20 13:00:00,106.45600000000002,106.501,106.4455,106.47200000000001
2018-03-20 13:15:00,106.47,106.48100000000001,106.3735,106.402
2018-03-20 13:30:00,106.4,106.44200000000001,106.3515,106.425
2018-03-20 13:45:00,106.426,106.48450000000001,106.39399999999999,106.413
2018-03-20 14:00:00,106.416,106.45049999999999,106.37100000000001,106.3805
2018-03-20 14:15:00,106.37899999999999,106.47149999999999,106.337,106.461
2018-03-20 14:30:00,106.4625,106.4765,106.384,106.3965
2018-03-20 14:45:00,106.3985,106.4645,106.3965,106.4575
2018-03-20 15:00:00,106.4575,106.49600000000001,106.431,106.46799999999999
2018-03-20 15:15:00,106.4685,106.47449999999995,106.38950000000001,106.398
2018-03-20 15:30:00,106.4,106.4465,106.37200000000001,106.43850000000002
2018-03-20 15:45:00,106.43799999999999,106.4445,106.3545,106.421
2018-03-20 16:00:00,106.41950000000001,106.4315,106.34000000000002,106.37799999999999
2018-03-20 16:15:00,106.37799999999999,106.4645,106.35549999999999,106.45700000000001
2018-03-20 16:30:00,106.4575,106.4575,106.39450000000001,106.4255
2018-03-20 16:45:00,106.426,106.4425,106.40100000000001,106.4145
2018-03-20 17:00:00,106.4135,106.444,106.38950000000001,106.39450000000001
2018-03-20 17:15:00,106.39299999999999,106.43,106.376,106.40450000000001
2018-03-20 17:30:00,106.40450000000001,106.41500000000002,106.37150000000003,106.384
2018-03-20 17:45:00,106.3825,106.41799999999999,106.363,106.39049999999999
2018-03-20 18:00:00,106.38950000000001,106.42049999999999,106.3735,106.4085
2018-03-20 18:15:00,106.4085,106.4435,106.4015,106.436
2018-03-20 18:30:00,106.4365,106.45,106.416,106.43850000000002
2018-03-20 18:45:00,106.43950000000004,106.46650000000004,106.42399999999998,106.45049999999999
2018-03-20 19:00:00,106.4525,106.4975,106.439,106.4925
2018-03-20 19:15:00,106.4935,106.5075,106.4675,106.50249999999998
2018-03-20 19:30:00,106.50149999999998,106.52249999999998,106.4725,106.477
2018-03-20 19:45:00,106.47549999999995,106.5175,106.4535,106.51450000000001
2018-03-20 20:00:00,106.51549999999999,106.546,106.4985,106.536
2018-03-20 20:15:00,106.536,106.54549999999999,106.5325,106.53299999999999
2018-03-20 20:30:00,106.53450000000004,106.5385,106.529,106.53000000000002
2018-03-20 20:45:00,106.53049999999999,106.5385,106.529,106.535
2018-03-20 21:00:00,106.53450000000001,106.5465,106.51250000000002,106.541
2018-03-20 21:15:00,106.542,106.54350000000001,106.509,106.52249999999998
2018-03-20 21:30:00,106.52249999999998,106.53399999999999,106.5175,106.5265
2018-03-20 21:45:00,106.527,106.53350000000002,106.525,106.53000000000002
2018-03-20 22:00:00,106.53049999999999,106.5505,106.52600000000001,106.538
2018-03-20 22:15:00,106.5385,106.5405,106.5185,106.53450000000004
2018-03-20 22:30:00,106.53399999999999,106.536,106.51549999999999,106.51799999999999
2018-03-20 22:45:00,106.51899999999999,106.54350000000001,106.51899999999999,106.5395
2018-03-20 23:00:00,106.539,106.5425,106.5165,106.5205
2018-03-20 23:15:00,106.5205,106.54299999999999,106.51450000000001,106.516
2018-03-20 23:30:00,106.5165,106.53299999999999,106.509,106.51100000000001
2018-03-20 23:45:00,106.5105,106.5235,106.47149999999999,106.4785
2018-03-21 01:00:00,106.461,106.492,106.4525,106.469
2018-03-21 01:15:00,106.47000000000004,106.5055,106.46799999999999,106.49700000000001
2018-03-21 01:30:00,106.499,106.52249999999998,106.499,106.5055
2018-03-21 01:45:00,106.5055,106.5065,106.46200000000005,106.4625
2018-03-21 02:00:00,106.4645,106.48700000000001,106.445,106.48049999999999
2018-03-21 02:15:00,106.48,106.48100000000001,106.46049999999995,106.473
2018-03-21 02:30:00,106.473,106.5105,106.46600000000001,106.506
2018-03-21 02:45:00,106.5055,106.51250000000002,106.4605,106.48450000000001
2018-03-21 03:00:00,106.484,106.5035,106.461,106.461
2018-03-21 03:15:00,106.461,106.47899999999998,106.4525,106.4525
2018-03-21 03:30:00,106.45200000000001,106.4675,106.4495,106.4675
2018-03-21 03:45:00,106.4675,106.4785,106.46650000000004,106.4775
2018-03-21 04:00:00,106.47799999999995,106.4825,106.47200000000001,106.4795
2018-03-21 04:15:00,106.47899999999998,106.47899999999998,106.45700000000001,106.46950000000001
2018-03-21 04:30:00,106.46950000000001,106.4835,106.4645,106.46550000000005
2018-03-21 04:45:00,106.46600000000001,106.48100000000001,106.46550000000005,106.473
2018-03-21 05:00:00,106.4725,106.48450000000001,106.45950000000005,106.47200000000001
2018-03-21 05:15:00,106.47149999999999,106.473,106.45850000000002,106.4645
2018-03-21 05:30:00,106.46550000000005,106.47799999999995,106.46200000000005,106.4725
2018-03-21 05:45:00,106.473,106.47399999999999,106.413,106.416
2018-03-21 06:00:00,106.4165,106.4535,106.412,106.42200000000001
2018-03-21 06:15:00,106.425,106.42649999999998,106.40350000000001,106.40999999999998
2018-03-21 06:30:00,106.40899999999999,106.42299999999999,106.405,106.40999999999998
2018-03-21 06:45:00,106.40950000000001,106.4285,106.38649999999998,106.4225
2018-03-21 07:00:00,106.42200000000001,106.431,106.36100000000002,106.366
2018-03-21 07:15:00,106.36399999999999,106.387,106.338,106.35
2018-03-21 07:30:00,106.3495,106.37799999999999,106.3415,106.36149999999999
2018-03-21 07:45:00,106.36399999999999,106.3685,106.311,106.322
2018-03-21 08:00:00,106.3225,106.3545,106.2905,106.3365
2018-03-21 08:15:00,106.33750000000002,106.34100000000001,106.295,106.30850000000001
2018-03-21 08:30:00,106.30799999999999,106.325,106.25450000000001,106.2725
2018-03-21 08:45:00,106.2725,106.32999999999998,106.256,106.3195
2018-03-21 09:00:00,106.3185,106.3195,106.2705,106.28649999999999
2018-03-21 09:15:00,106.2885,106.289,106.243,106.28200000000001
2018-03-21 09:30:00,106.28049999999999,106.31700000000001,106.26,106.29799999999999
2018-03-21 09:45:00,106.2975,106.339,106.2885,106.30899999999998
2018-03-21 10:00:00,106.30850000000001,106.3245,106.28600000000002,106.3
2018-03-21 10:15:00,106.29899999999999,106.31200000000001,106.28299999999999,106.30899999999998
2018-03-21 10:30:00,106.3115,106.3505,106.30799999999995,106.335
2018-03-21 10:45:00,106.3335,106.36,106.3265,106.331
2018-03-21 11:00:00,106.32899999999998,106.354,106.3265,106.3365
2018-03-21 11:15:00,106.3365,106.35950000000001,106.3365,106.353
2018-03-21 11:30:00,106.352,106.37950000000001,106.08850000000001,106.219
2018-03-21 11:45:00,106.21799999999999,106.29450000000001,106.184,106.2605
2018-03-21 12:00:00,106.26,106.27600000000001,106.23100000000001,106.26799999999999
2018-03-21 12:15:00,106.26799999999999,106.3535,106.258,106.3485
2018-03-21 12:30:00,106.34649999999999,106.35249999999998,106.2525,106.2745
2018-03-21 12:45:00,106.27600000000001,106.291,106.209,106.209
2018-03-21 13:00:00,106.208,106.236,106.1975,106.21999999999998
2018-03-21 13:15:00,106.21999999999998,106.21999999999998,106.1415,106.1715
2018-03-21 13:30:00,106.17000000000002,106.196,106.13899999999998,106.1885
2018-03-21 13:45:00,106.18700000000001,106.271,106.16950000000001,106.2435
2018-03-21 14:00:00,106.2435,106.29549999999999,106.243,106.26549999999999
2018-03-21 14:15:00,106.265,106.274,106.20100000000001,106.24600000000002
2018-03-21 14:30:00,106.2465,106.28450000000001,106.20699999999995,106.26450000000001
2018-03-21 14:45:00,106.265,106.31450000000001,106.24950000000001,106.259
2018-03-21 15:00:00,106.25749999999998,106.28950000000005,106.2485,106.26
2018-03-21 15:15:00,106.2595,106.2595,106.20649999999999,106.229
2018-03-21 15:30:00,106.229,106.25749999999998,106.21350000000001,106.25049999999999
2018-03-21 15:45:00,106.25,106.33750000000002,106.2475,106.3
2018-03-21 16:00:00,106.2975,106.41950000000001,106.29450000000001,106.37200000000001
2018-03-21 16:15:00,106.37200000000001,106.37949999999995,106.3275,106.355
2018-03-21 16:30:00,106.355,106.38,106.31,106.31200000000001
2018-03-21 16:45:00,106.311,106.3475,106.29950000000001,106.30899999999998
2018-03-21 17:00:00,106.3075,106.3115,106.26450000000001,106.31049999999999
2018-03-21 17:15:00,106.311,106.333,106.27850000000001,106.2905
2018-03-21 17:30:00,106.2905,106.3005,106.2445,106.25200000000001
2018-03-21 17:45:00,106.2515,106.29350000000001,106.154,106.2025
2018-03-21 18:00:00,106.20049999999999,106.52600000000001,106.0225,106.36
2018-03-21 18:15:00,106.35950000000001,106.4495,106.2975,106.42450000000001
2018-03-21 18:30:00,106.42450000000001,106.6415,106.383,106.4125
2018-03-21 18:45:00,106.41500000000002,106.4215,106.0865,106.113
2018-03-21 19:00:00,106.11350000000002,106.198,105.95200000000001,106.0695
2018-03-21 19:15:00,106.068,106.1575,106.04350000000001,106.081
2018-03-21 19:30:00,106.079,106.079,105.94049999999999,105.964
2018-03-21 19:45:00,105.963,106.01700000000001,105.8815,105.9135
2018-03-21 20:00:00,105.9135,105.969,105.885,105.9385
2018-03-21 20:15:00,105.936,105.964,105.93299999999999,105.95
2018-03-21 20:30:00,105.94899999999998,106.012,105.9385,106.012
2018-03-21 20:45:00,106.01100000000001,106.0525,106.00200000000004,106.0505
2018-03-21 21:00:00,106.05,106.08149999999999,106.031,106.07549999999999
2018-03-21 21:15:00,106.0745,106.07799999999999,106.0505,106.07350000000001
2018-03-21 21:30:00,106.074,106.0875,106.06399999999998,106.086
2018-03-21 21:45:00,106.086,106.0875,106.06049999999999,106.068
2018-03-21 22:00:00,106.0695,106.0705,106.01700000000001,106.02799999999999
2018-03-21 22:15:00,106.02850000000001,106.0555,106.02850000000001,106.0355
2018-03-21 22:30:00,106.035,106.0475,106.023,106.0395
2018-03-21 22:45:00,106.0385,106.0385,105.96299999999995,105.96350000000001
2018-03-21 23:00:00,105.9645,105.9765,105.9075,105.914
2018-03-21 23:15:00,105.91499999999998,105.95,105.91499999999998,105.9475
2018-03-21 23:30:00,105.94700000000005,105.986,105.89049999999999,105.9025
2018-03-21 23:45:00,105.90350000000002,105.9455,105.88850000000001,105.94200000000001
2018-03-22 01:00:00,105.60950000000001,105.69200000000001,105.6085,105.68450000000001
2018-03-22 01:15:00,105.6825,105.74,105.654,105.7175
2018-03-22 01:30:00,105.71700000000001,105.7415,105.6775,105.70299999999999
2018-03-22 01:45:00,105.7025,105.74950000000001,105.67299999999999,105.68299999999999
2018-03-22 02:00:00,105.68350000000001,105.69449999999995,105.63,105.647
2018-03-22 02:15:00,105.6465,105.65899999999999,105.6265,105.6435
2018-03-22 02:30:00,105.64200000000001,105.67200000000001,105.632,105.65899999999999
2018-03-22 02:45:00,105.65799999999999,105.7145,105.64499999999998,105.70649999999999
2018-03-22 03:00:00,105.706,105.742,105.685,105.6965
2018-03-22 03:15:00,105.696,105.74,105.696,105.70649999999999
2018-03-22 03:30:00,105.704,105.72399999999999,105.685,105.68950000000001
2018-03-22 03:45:00,105.69,105.7265,105.6735,105.67799999999995
2018-03-22 04:00:00,105.67799999999995,105.7245,105.67450000000001,105.7245
2018-03-22 04:15:00,105.72399999999999,105.736,105.70649999999999,105.73549999999999
2018-03-22 04:30:00,105.73700000000001,105.762,105.73450000000004,105.75
2018-03-22 04:45:00,105.75049999999999,105.77600000000001,105.73100000000001,105.77299999999995
2018-03-22 05:00:00,105.772,105.83749999999998,105.75450000000001,105.79299999999995
2018-03-22 05:15:00,105.79299999999995,105.86399999999999,105.787,105.851
2018-03-22 05:30:00,105.85200000000005,105.96350000000001,105.84649999999999,105.9285
2018-03-22 05:45:00,105.93050000000005,105.93350000000001,105.8825,105.9015
2018-03-22 06:00:00,105.9015,105.9275,105.85950000000001,105.8985
2018-03-22 06:15:00,105.899,105.92000000000002,105.861,105.87200000000001
2018-03-22 06:30:00,105.87299999999999,105.8955,105.8535,105.87299999999999
2018-03-22 06:45:00,105.87200000000001,105.916,105.8415,105.8495
2018-03-22 07:00:00,105.85,105.85950000000001,105.79450000000001,105.8115
2018-03-22 07:15:00,105.81049999999999,105.855,105.772,105.79700000000001
2018-03-22 07:30:00,105.79700000000001,105.802,105.6825,105.69899999999998
2018-03-22 07:45:00,105.7,105.7405,105.6665,105.6935
2018-03-22 08:00:00,105.691,105.70700000000001,105.6325,105.69850000000001
2018-03-22 08:15:00,105.6995,105.76100000000001,105.6935,105.7185
2018-03-22 08:30:00,105.71799999999999,105.79799999999999,105.6945,105.7915
2018-03-22 08:45:00,105.792,105.792,105.735,105.764
2018-03-22 09:00:00,105.765,105.76700000000001,105.65600000000002,105.6625
2018-03-22 09:15:00,105.66,105.67450000000001,105.60600000000001,105.616
2018-03-22 09:30:00,105.615,105.661,105.538,105.65250000000002
2018-03-22 09:45:00,105.65250000000002,105.67950000000005,105.5485,105.62399999999998
2018-03-22 10:00:00,105.6235,105.689,105.5925,105.6365
2018-03-22 10:15:00,105.63799999999999,105.70049999999999,105.5925,105.67649999999999
2018-03-22 10:30:00,105.67600000000002,105.681,105.6185,105.631
2018-03-22 10:45:00,105.632,105.648,105.5745,105.616
2018-03-22 11:00:00,105.6155,105.63850000000001,105.594,105.6
2018-03-22 11:15:00,105.601,105.64049999999999,105.56649999999999,105.64
2018-03-22 11:30:00,105.641,105.7015,105.62799999999999,105.67200000000001
2018-03-22 11:45:00,105.671,105.69,105.6305,105.6375
2018-03-22 12:00:00,105.6345,105.6655,105.59,105.62200000000001
2018-03-22 12:15:00,105.62200000000001,105.62299999999999,105.464,105.477
2018-03-22 12:30:00,105.4755,105.49600000000001,105.3035,105.3505
2018-03-22 12:45:00,105.34899999999999,105.447,105.26149999999998,105.40899999999999
2018-03-22 13:00:00,105.40899999999999,105.42399999999999,105.291,105.34899999999999
2018-03-22 13:15:00,105.348,105.43350000000001,105.33,105.42699999999995
2018-03-22 13:30:00,105.42699999999995,105.5085,105.34450000000001,105.47200000000001
2018-03-22 13:45:00,105.47200000000001,105.56049999999999,105.4365,105.44
2018-03-22 14:00:00,105.44149999999999,105.647,105.40100000000001,105.6195
2018-03-22 14:15:00,105.618,105.65350000000001,105.53299999999999,105.5335
2018-03-22 14:30:00,105.53249999999998,105.545,105.4215,105.445
2018-03-22 14:45:00,105.445,105.47399999999999,105.3815,105.425
2018-03-22 15:00:00,105.427,105.4975,105.426,105.45450000000001
2018-03-22 15:15:00,105.4535,105.52549999999995,105.37299999999999,105.41
2018-03-22 15:30:00,105.40799999999999,105.45149999999998,105.324,105.368
2018-03-22 15:45:00,105.366,105.4315,105.324,105.33549999999995
2018-03-22 16:00:00,105.33549999999995,105.4365,105.30499999999998,105.40899999999999
2018-03-22 16:15:00,105.40700000000001,105.73100000000002,105.331,105.73100000000002
2018-03-22 16:30:00,105.73000000000002,105.77649999999998,105.6505,105.65350000000001
2018-03-22 16:45:00,105.654,105.73350000000002,105.6175,105.62100000000001
2018-03-22 17:00:00,105.6225,105.72399999999999,105.54899999999998,105.721
2018-03-22 17:15:00,105.721,105.787,105.693,105.75350000000002
2018-03-22 17:30:00,105.75350000000002,105.801,105.727,105.765
2018-03-22 17:45:00,105.76450000000001,105.79299999999995,105.63850000000001,105.76450000000001
2018-03-22 18:00:00,105.76450000000001,105.81749999999998,105.695,105.72249999999998
2018-03-22 18:15:00,105.72049999999999,105.74799999999999,105.62799999999999,105.641
2018-03-22 18:30:00,105.64,105.682,105.62450000000001,105.671
2018-03-22 18:45:00,105.67200000000001,105.7255,105.6,105.6
2018-03-22 19:00:00,105.6,105.663,105.568,105.613
2018-03-22 19:15:00,105.6135,105.6135,105.501,105.524
2018-03-22 19:30:00,105.5235,105.54450000000001,105.43450000000001,105.463
2018-03-22 19:45:00,105.4605,105.461,105.34899999999999,105.385
2018-03-22 20:00:00,105.3865,105.42,105.34649999999999,105.35950000000001
2018-03-22 20:15:00,105.36,105.3775,105.348,105.36399999999999
2018-03-22 20:30:00,105.368,105.3695,105.29950000000001,105.30149999999998
2018-03-22 20:45:00,105.301,105.3055,105.2735,105.28049999999999
2018-03-22 21:00:00,105.28049999999999,105.4215,105.277,105.3065
2018-03-22 21:15:00,105.3065,105.3125,105.266,105.2715
2018-03-22 21:30:00,105.2705,105.304,105.27,105.2975
2018-03-22 21:45:00,105.2975,105.3345,105.289,105.3185
2018-03-22 22:00:00,105.31649999999999,105.33049999999999,105.101,105.139
2018-03-22 22:15:00,105.13850000000001,105.141,105.01350000000001,105.04549999999999
2018-03-22 22:30:00,105.04350000000001,105.071,104.7405,104.78
2018-03-22 22:45:00,104.77799999999999,104.8915,104.64,104.8495
2018-03-22 23:00:00,104.85,104.9135,104.7895,104.8685
2018-03-22 23:15:00,104.868,104.868,104.73450000000001,104.73700000000001
2018-03-22 23:30:00,104.73649999999999,104.85,104.648,104.839
2018-03-22 23:45:00,104.839,104.99,104.82799999999999,104.95999999999998
2018-03-23 01:00:00,104.84450000000001,104.93,104.81200000000001,104.8715
2018-03-23 01:15:00,104.8715,104.94049999999999,104.8285,104.90700000000001
2018-03-23 01:30:00,104.90750000000004,104.962,104.86399999999999,104.92049999999999
2018-03-23 01:45:00,104.921,104.945,104.89200000000001,104.927
2018-03-23 02:00:00,104.9285,104.96750000000002,104.884,104.884
2018-03-23 02:15:00,104.884,104.8855,104.807,104.83699999999995
2018-03-23 02:30:00,104.8375,104.8375,104.734,104.79500000000002
2018-03-23 02:45:00,104.79350000000001,104.90350000000001,104.772,104.8875
2018-03-23 03:00:00,104.8875,104.8975,104.855,104.85799999999999
2018-03-23 03:15:00,104.85799999999999,104.8685,104.83,104.84899999999999
2018-03-23 03:30:00,104.8505,104.86499999999998,104.81299999999999,104.81649999999999
2018-03-23 03:45:00,104.81699999999995,104.83,104.7615,104.76450000000001
2018-03-23 04:00:00,104.765,104.80999999999996,104.73899999999999,104.794
2018-03-23 04:15:00,104.794,104.8485,104.789,104.80950000000001
2018-03-23 04:30:00,104.80999999999996,104.868,104.7885,104.79450000000001
2018-03-23 04:45:00,104.79549999999999,104.84899999999999,104.766,104.81450000000001
2018-03-23 05:00:00,104.81549999999999,104.861,104.8025,104.84899999999999
2018-03-23 05:15:00,104.84700000000001,104.8675,104.7485,104.755
2018-03-23 05:30:00,104.7555,104.791,104.745,104.7825
2018-03-23 05:45:00,104.78299999999999,104.84450000000001,104.77750000000002,104.796
2018-03-23 06:00:00,104.79700000000001,104.85,104.772,104.78049999999999
2018-03-23 06:15:00,104.78049999999999,104.7825,104.66149999999999,104.719
2018-03-23 06:30:00,104.719,104.76350000000001,104.7075,104.741
2018-03-23 06:45:00,104.741,104.859,104.741,104.835
2018-03-23 07:00:00,104.83699999999995,104.90700000000001,104.82600000000001,104.8695
2018-03-23 07:15:00,104.868,104.921,104.805,104.90799999999999
2018-03-23 07:30:00,104.90799999999999,104.95100000000002,104.882,104.941
2018-03-23 07:45:00,104.93950000000001,105.04250000000002,104.935,105.02950000000001
2018-03-23 08:00:00,105.0315,105.0975,104.985,105.0615
2018-03-23 08:15:00,105.0615,105.119,104.9775,105.016
2018-03-23 08:30:00,105.01549999999999,105.0185,104.89449999999995,104.92200000000001
2018-03-23 08:45:00,104.921,104.9725,104.866,104.8955
2018-03-23 09:00:00,104.895,104.925,104.85950000000001,104.86749999999998
2018-03-23 09:15:00,104.868,104.9575,104.867,104.92399999999999
2018-03-23 09:30:00,104.925,104.94249999999998,104.8815,104.8855
2018-03-23 09:45:00,104.887,104.89600000000002,104.825,104.8775
2018-03-23 10:00:00,104.87899999999999,104.93799999999999,104.84,104.92200000000001
2018-03-23 10:15:00,104.92200000000001,104.9365,104.88799999999999,104.921
2018-03-23 10:30:00,104.921,104.9575,104.915,104.93549999999996
2018-03-23 10:45:00,104.9365,104.993,104.9325,104.984
2018-03-23 11:00:00,104.98299999999999,105.057,104.9465,105.04850000000002
2018-03-23 11:15:00,105.04850000000002,105.0925,105.02850000000001,105.03200000000001
2018-03-23 11:30:00,105.0325,105.04350000000001,104.954,104.95700000000001
2018-03-23 11:45:00,104.958,105.0615,104.93549999999996,105.06049999999999
2018-03-23 12:00:00,105.05850000000001,105.1725,105.0475,105.124
2018-03-23 12:15:00,105.1235,105.193,105.11049999999999,105.131
2018-03-23 12:30:00,105.12950000000001,105.2245,105.12950000000001,105.1625
2018-03-23 12:45:00,105.1625,105.19049999999999,105.0675,105.0845
2018-03-23 13:00:00,105.086,105.1505,105.0535,105.08850000000001
2018-03-23 13:15:00,105.08899999999998,105.2105,105.08850000000001,105.18350000000001
2018-03-23 13:30:00,105.18549999999999,105.288,105.12700000000001,105.1365
2018-03-23 13:45:00,105.137,105.209,105.11750000000002,105.146
2018-03-23 14:00:00,105.148,105.223,105.0705,105.1185
2018-03-23 14:15:00,105.118,105.165,105.084,105.12700000000001
2018-03-23 14:30:00,105.12700000000001,105.14399999999999,105.0725,105.102
2018-03-23 14:45:00,105.102,105.1465,105.071,105.13799999999999
2018-03-23 15:00:00,105.13750000000002,105.17,105.113,105.13799999999999
2018-03-23 15:15:00,105.13750000000002,105.14450000000005,105.08850000000001,105.08850000000001
2018-03-23 15:30:00,105.0895,105.1155,104.95549999999996,104.96850000000002
2018-03-23 15:45:00,104.96850000000002,104.96950000000001,104.831,104.8345
2018-03-23 16:00:00,104.83699999999995,104.9075,104.8275,104.88600000000001
2018-03-23 16:15:00,104.8845,104.9585,104.79799999999999,104.9435
2018-03-23 16:30:00,104.94249999999998,104.94850000000001,104.85600000000002,104.867
2018-03-23 16:45:00,104.866,104.9495,104.86,104.90899999999999
2018-03-23 17:00:00,104.90950000000001,105.0465,104.8865,105.036
2018-03-23 17:15:00,105.0355,105.0385,104.90849999999996,104.955
2018-03-23 17:30:00,104.955,105.01,104.89299999999999,104.914
2018-03-23 17:45:00,104.91299999999995,105.0615,104.90799999999999,105.0335
2018-03-23 18:00:00,105.0325,105.056,104.948,104.959
2018-03-23 18:15:00,104.958,104.958,104.87799999999999,104.928
2018-03-23 18:30:00,104.926,104.9495,104.88600000000001,104.93700000000001
2018-03-23 18:45:00,104.93700000000001,104.939,104.8025,104.804
2018-03-23 19:00:00,104.8035,104.83200000000001,104.75299999999999,104.8035
2018-03-23 19:15:00,104.805,104.861,104.75249999999998,104.7915
2018-03-23 19:30:00,104.78999999999998,104.79350000000001,104.72100000000002,104.7475
2018-03-23 19:45:00,104.74700000000001,104.84200000000001,104.66000000000004,104.81200000000001
2018-03-23 20:00:00,104.80999999999996,104.87899999999999,104.773,104.84549999999999
2018-03-23 20:15:00,104.84450000000001,104.8535,104.82549999999999,104.82700000000001
2018-03-23 20:30:00,104.8265,104.84649999999999,104.777,104.81049999999999
2018-03-23 20:45:00,104.811,104.822,104.71549999999999,104.7415
2018-03-25 21:00:00,104.666,104.69200000000001,104.65899999999999,104.666
2018-03-25 21:15:00,104.6665,104.76700000000001,104.6665,104.76700000000001
2018-03-25 21:30:00,104.74600000000001,104.74600000000001,104.7115,104.7115
2018-03-25 21:45:00,104.71,104.714,104.635,104.66899999999998
2018-03-25 22:00:00,104.66799999999999,104.76799999999999,104.65899999999999,104.7515
2018-03-25 22:15:00,104.751,104.8225,104.745,104.7905
2018-03-25 22:30:00,104.7895,104.791,104.7095,104.71700000000001
2018-03-25 22:45:00,104.721,104.7445,104.714,104.73049999999999
2018-03-25 23:00:00,104.7285,104.8435,104.7285,104.8435
2018-03-25 23:15:00,104.84399999999998,104.848,104.76549999999999,104.81699999999995
2018-03-25 23:30:00,104.815,104.85,104.7815,104.8365
2018-03-25 23:45:00,104.836,104.87049999999999,104.80450000000005,104.8425
2018-03-26 01:00:00,104.9825,104.9895,104.921,104.931
2018-03-26 01:15:00,104.9325,105.055,104.91850000000001,104.93450000000001
2018-03-26 01:30:00,104.93450000000001,104.98100000000001,104.9085,104.92649999999999
2018-03-26 01:45:00,104.9255,104.986,104.8695,104.984
2018-03-26 02:00:00,104.984,104.99550000000005,104.927,104.95450000000004
2018-03-26 02:15:00,104.95100000000002,104.9585,104.90549999999999,104.94200000000001
2018-03-26 02:30:00,104.94149999999999,104.973,104.93299999999999,104.954
2018-03-26 02:45:00,104.95299999999999,104.9575,104.92049999999999,104.92450000000001
2018-03-26 03:00:00,104.92299999999999,104.945,104.87950000000001,104.89299999999999
2018-03-26 03:15:00,104.8935,104.9535,104.883,104.93
2018-03-26 03:30:00,104.932,104.9525,104.90350000000001,104.92
2018-03-26 03:45:00,104.91899999999998,104.96249999999998,104.916,104.954
2018-03-26 04:00:00,104.9535,104.9595,104.9125,104.9145
2018-03-26 04:15:00,104.91549999999995,104.935,104.889,104.93
2018-03-26 04:30:00,104.93,104.945,104.891,104.90149999999998
2018-03-26 04:45:00,104.90100000000001,104.91149999999999,104.8675,104.87450000000001
2018-03-26 05:00:00,104.87549999999999,104.89200000000001,104.855,104.87200000000001
2018-03-26 05:15:00,104.87200000000001,104.9875,104.87200000000001,104.949
2018-03-26 05:30:00,104.9495,104.9985,104.94049999999999,104.973
2018-03-26 05:45:00,104.9735,105.01450000000001,104.9685,104.969
2018-03-26 06:00:00,104.97049999999999,105.0575,104.97049999999999,104.9875
2018-03-26 06:15:00,104.986,105.04250000000002,104.96750000000002,105.0405
2018-03-26 06:30:00,105.0405,105.059,105.01,105.01
2018-03-26 06:45:00,105.01,105.09200000000001,105.006,105.079
2018-03-26 07:00:00,105.0785,105.14350000000002,105.022,105.14350000000002
2018-03-26 07:15:00,105.1425,105.15150000000003,105.0615,105.0785
2018-03-26 07:30:00,105.07700000000001,105.15899999999999,105.05950000000001,105.1195
2018-03-26 07:45:00,105.12000000000002,105.1265,105.05149999999999,105.06950000000005
2018-03-26 08:00:00,105.06950000000005,105.13850000000001,105.06700000000001,105.1305
2018-03-26 08:15:00,105.12950000000001,105.148,105.08149999999999,105.09450000000001
2018-03-26 08:30:00,105.09549999999999,105.09549999999999,105.0405,105.04899999999999
2018-03-26 08:45:00,105.04950000000004,105.05950000000001,104.9295,104.9575
2018-03-26 09:00:00,104.958,104.98700000000001,104.934,104.9785
2018-03-26 09:15:00,104.9795,105.027,104.96350000000001,104.9985
2018-03-26 09:30:00,104.9975,105.06350000000002,104.992,105.06350000000002
2018-03-26 09:45:00,105.0615,105.134,105.04500000000002,105.08549999999995
2018-03-26 10:00:00,105.084,105.1305,105.04950000000001,105.0935
2018-03-26 10:15:00,105.0925,105.0975,105.05149999999999,105.06950000000005
2018-03-26 10:30:00,105.07,105.1025,105.0505,105.086
2018-03-26 10:45:00,105.0825,105.146,105.0765,105.1365
2018-03-26 11:00:00,105.13600000000001,105.14700000000005,105.10000000000002,105.137
2018-03-26 11:15:00,105.137,105.14450000000001,105.08099999999996,105.08099999999996
2018-03-26 11:30:00,105.08099999999996,105.119,105.08099999999996,105.098
2018-03-26 11:45:00,105.0975,105.146,105.0745,105.131
2018-03-26 12:00:00,105.134,105.16,105.102,105.1175
2018-03-26 12:15:00,105.1185,105.20649999999998,105.11149999999998,105.16
2018-03-26 12:30:00,105.15899999999999,105.18950000000001,105.1415,105.1505
2018-03-26 12:45:00,105.15,105.196,105.13950000000001,105.18700000000001
2018-03-26 13:00:00,105.18649999999998,105.20200000000001,105.11149999999998,105.18999999999998
2018-03-26 13:15:00,105.19049999999999,105.244,105.18999999999998,105.23549999999999
2018-03-26 13:30:00,105.235,105.259,105.16950000000001,105.186
2018-03-26 13:45:00,105.18700000000001,105.2095,105.14450000000005,105.18
2018-03-26 14:00:00,105.1775,105.227,105.1605,105.1635
2018-03-26 14:15:00,105.164,105.167,105.10950000000001,105.132
2018-03-26 14:30:00,105.1315,105.134,105.07799999999999,105.0845
2018-03-26 14:45:00,105.0875,105.12299999999999,105.03299999999999,105.053
2018-03-26 15:00:00,105.0525,105.07549999999999,104.97049999999999,104.98
2018-03-26 15:15:00,104.9795,105.0,104.936,104.9495
2018-03-26 15:30:00,104.9525,104.99550000000005,104.91549999999995,104.9825
2018-03-26 15:45:00,104.9815,105.00699999999995,104.9535,105.00200000000001
2018-03-26 16:00:00,105.00200000000001,105.07700000000001,104.969,105.0765
2018-03-26 16:15:00,105.0775,105.1285,105.05300000000005,105.103
2018-03-26 16:30:00,105.1035,105.146,105.1025,105.12000000000002
2018-03-26 16:45:00,105.12000000000002,105.1475,105.09549999999999,105.132
2018-03-26 17:00:00,105.132,105.162,105.12100000000002,105.14450000000001
2018-03-26 17:15:00,105.14700000000005,105.178,105.1365,105.15949999999995
2018-03-26 17:30:00,105.15899999999999,105.1675,105.1155,105.12000000000002
2018-03-26 17:45:00,105.12100000000002,105.13799999999999,105.10000000000002,105.1225
2018-03-26 18:00:00,105.12299999999999,105.17200000000001,105.0985,105.1495
2018-03-26 18:15:00,105.15,105.1935,105.15,105.193
2018-03-26 18:30:00,105.1935,105.24650000000003,105.1935,105.219
2018-03-26 18:45:00,105.21950000000001,105.24550000000005,105.17299999999999,105.2225
2018-03-26 19:00:00,105.22399999999999,105.41799999999999,105.219,105.41649999999998
2018-03-26 19:15:00,105.41,105.426,105.3715,105.39399999999999
2018-03-26 19:30:00,105.3965,105.44,105.39399999999999,105.436
2018-03-26 19:45:00,105.435,105.48100000000001,105.41850000000001,105.4285
2018-03-26 20:00:00,105.4255,105.4275,105.37450000000001,105.3915
2018-03-26 20:15:00,105.39200000000004,105.45100000000001,105.39200000000004,105.4225
2018-03-26 20:30:00,105.42200000000001,105.432,105.40950000000001,105.4125
2018-03-26 20:45:00,105.41149999999999,105.4125,105.3965,105.4065
2018-03-26 21:00:00,105.4065,105.44,105.3975,105.42649999999999
2018-03-26 21:15:00,105.42649999999999,105.44049999999999,105.3935,105.435
2018-03-26 21:30:00,105.435,105.4725,105.4305,105.46549999999999
2018-03-26 21:45:00,105.46549999999999,105.47499999999998,105.427,105.4665
2018-03-26 22:00:00,105.4675,105.5475,105.45700000000001,105.54100000000004
2018-03-26 22:15:00,105.5415,105.5425,105.4945,105.527
2018-03-26 22:30:00,105.527,105.527,105.48950000000005,105.4935
2018-03-26 22:45:00,105.493,105.493,105.45100000000001,105.45700000000001
2018-03-26 23:00:00,105.45649999999999,105.4605,105.42,105.436
2018-03-26 23:15:00,105.435,105.488,105.435,105.48700000000004
2018-03-26 23:30:00,105.48549999999999,105.5415,105.48100000000001,105.527
2018-03-26 23:45:00,105.52649999999998,105.54549999999999,105.48549999999999,105.54549999999999
2018-03-27 01:00:00,105.5935,105.6425,105.544,105.6265
2018-03-27 01:15:00,105.6265,105.647,105.60299999999995,105.637
2018-03-27 01:30:00,105.63500000000002,105.70299999999999,105.6165,105.6945
2018-03-27 01:45:00,105.6945,105.75200000000001,105.69199999999995,105.709
2018-03-27 02:00:00,105.71,105.744,105.6605,105.6975
2018-03-27 02:15:00,105.696,105.70100000000001,105.634,105.634
2018-03-27 02:30:00,105.6335,105.646,105.617,105.63600000000002
2018-03-27 02:45:00,105.637,105.6495,105.62399999999998,105.64399999999998
2018-03-27 03:00:00,105.64399999999998,105.66799999999999,105.62299999999999,105.63799999999999
2018-03-27 03:15:00,105.639,105.646,105.55799999999999,105.60600000000001
2018-03-27 03:30:00,105.6075,105.6755,105.60649999999998,105.63799999999999
2018-03-27 03:45:00,105.6375,105.647,105.61200000000001,105.6335
2018-03-27 04:00:00,105.633,105.64,105.61200000000001,105.63250000000002
2018-03-27 04:15:00,105.632,105.633,105.575,105.58350000000002
2018-03-27 04:30:00,105.585,105.595,105.544,105.568
2018-03-27 04:45:00,105.569,105.63500000000002,105.5615,105.62899999999999
2018-03-27 05:00:00,105.62799999999999,105.6375,105.60700000000001,105.632
2018-03-27 05:15:00,105.6315,105.6625,105.63,105.649
2018-03-27 05:30:00,105.649,105.68799999999999,105.6465,105.6715
2018-03-27 05:45:00,105.6725,105.68350000000001,105.59899999999999,105.62
2018-03-27 06:00:00,105.62200000000001,105.6415,105.5935,105.617
2018-03-27 06:15:00,105.6165,105.6195,105.559,105.60399999999998
2018-03-27 06:30:00,105.6035,105.66,105.57549999999999,105.64499999999998
2018-03-27 06:45:00,105.64499999999998,105.6735,105.62100000000001,105.67299999999999
2018-03-27 07:00:00,105.675,105.68450000000001,105.60049999999995,105.6495
2018-03-27 07:15:00,105.6495,105.6645,105.565,105.574
2018-03-27 07:30:00,105.573,105.573,105.4985,105.5165
2018-03-27 07:45:00,105.5165,105.5235,105.464,105.493
2018-03-27 08:00:00,105.493,105.51950000000001,105.4525,105.4925
2018-03-27 08:15:00,105.4935,105.5395,105.479,105.531
2018-03-27 08:30:00,105.5315,105.5825,105.51549999999999,105.5685
2018-03-27 08:45:00,105.569,105.583,105.54,105.565
2018-03-27 09:00:00,105.566,105.632,105.566,105.59899999999999
2018-03-27 09:15:00,105.59949999999995,105.60399999999998,105.56299999999999,105.57950000000001
2018-03-27 09:30:00,105.579,105.63850000000001,105.569,105.62399999999998
2018-03-27 09:45:00,105.62399999999998,105.70750000000002,105.61399999999999,105.70049999999999
2018-03-27 10:00:00,105.6995,105.7125,105.632,105.64399999999998
2018-03-27 10:15:00,105.64450000000001,105.684,105.64450000000001,105.6655
2018-03-27 10:30:00,105.6655,105.66950000000001,105.6375,105.649
2018-03-27 10:45:00,105.65,105.682,105.6155,105.65899999999999
2018-03-27 11:00:00,105.65899999999999,105.7915,105.6565,105.774
2018-03-27 11:15:00,105.77450000000005,105.78450000000001,105.73649999999999,105.76700000000001
2018-03-27 11:30:00,105.76549999999999,105.78200000000001,105.73350000000002,105.74549999999999
2018-03-27 11:45:00,105.745,105.7855,105.7285,105.76850000000002
2018-03-27 12:00:00,105.77,105.90299999999999,105.74799999999999,105.887
2018-03-27 12:15:00,105.8855,105.904,105.85549999999999,105.8655
2018-03-27 12:30:00,105.8655,105.8655,105.7665,105.7665
2018-03-27 12:45:00,105.76799999999999,105.789,105.71799999999999,105.7395
2018-03-27 13:00:00,105.74,105.77100000000002,105.70549999999999,105.74600000000001
2018-03-27 13:15:00,105.74750000000002,105.774,105.698,105.7715
2018-03-27 13:30:00,105.7735,105.78249999999998,105.6865,105.6865
2018-03-27 13:45:00,105.69049999999999,105.7525,105.63600000000002,105.74799999999999
2018-03-27 14:00:00,105.7445,105.804,105.5705,105.58450000000005
2018-03-27 14:15:00,105.58350000000002,105.69899999999998,105.5765,105.6655
2018-03-27 14:30:00,105.665,105.7575,105.6235,105.7395
2018-03-27 14:45:00,105.741,105.796,105.69549999999995,105.78649999999999
2018-03-27 15:00:00,105.7855,105.7855,105.71,105.721
2018-03-27 15:15:00,105.71899999999998,105.755,105.6935,105.70649999999999
2018-03-27 15:30:00,105.706,105.7565,105.6885,105.75200000000001
2018-03-27 15:45:00,105.75200000000001,105.781,105.71,105.736
2018-03-27 16:00:00,105.736,105.736,105.69,105.71
2018-03-27 16:15:00,105.711,105.73450000000004,105.62450000000001,105.648
2018-03-27 16:30:00,105.648,105.69899999999998,105.6165,105.694
2018-03-27 16:45:00,105.694,105.7485,105.65549999999999,105.73899999999998
2018-03-27 17:00:00,105.74,105.7715,105.711,105.764
2018-03-27 17:15:00,105.76450000000001,105.7875,105.7175,105.742
2018-03-27 17:30:00,105.7445,105.7615,105.675,105.70700000000001
2018-03-27 17:45:00,105.708,105.712,105.61149999999999,105.663
2018-03-27 18:00:00,105.663,105.669,105.594,105.65350000000001
2018-03-27 18:15:00,105.65250000000002,105.6785,105.5915,105.59649999999999
2018-03-27 18:30:00,105.5975,105.6585,105.57549999999999,105.601
2018-03-27 18:45:00,105.6,105.6,105.51400000000004,105.53649999999999
2018-03-27 19:00:00,105.5385,105.5535,105.43799999999999,105.4785
2018-03-27 19:15:00,105.479,105.52799999999999,105.42299999999999,105.43049999999995
2018-03-27 19:30:00,105.43049999999995,105.4985,105.4025,105.404
2018-03-27 19:45:00,105.40299999999999,105.44,105.34299999999999,105.42049999999999
2018-03-27 20:00:00,105.42450000000001,105.459,105.35799999999999,105.38950000000001
2018-03-27 20:15:00,105.39049999999999,105.4275,105.3835,105.402
2018-03-27 20:30:00,105.40350000000001,105.40350000000001,105.35799999999999,105.398
2018-03-27 20:45:00,105.398,105.41200000000005,105.32549999999999,105.34
2018-03-27 21:00:00,105.3395,105.3685,105.3345,105.346
2018-03-27 21:15:00,105.34649999999999,105.39200000000004,105.33100000000002,105.363
2018-03-27 21:30:00,105.36200000000001,105.39,105.345,105.389
2018-03-27 21:45:00,105.389,105.398,105.36249999999998,105.39
2018-03-27 22:00:00,105.389,105.396,105.361,105.3855
2018-03-27 22:15:00,105.3855,105.402,105.3785,105.39399999999999
2018-03-27 22:30:00,105.39399999999999,105.40450000000001,105.37700000000001,105.39200000000004
2018-03-27 22:45:00,105.3915,105.40299999999999,105.3785,105.40100000000001
2018-03-27 23:00:00,105.4025,105.417,105.3715,105.39299999999999
2018-03-27 23:15:00,105.3935,105.4145,105.3815,105.396
2018-03-27 23:30:00,105.39450000000001,105.4465,105.3785,105.44149999999999
2018-03-27 23:45:00,105.44149999999999,105.5165,105.44149999999999,105.4795
2018-03-28 01:00:00,105.51299999999999,105.61250000000004,105.51299999999999,105.551
2018-03-28 01:15:00,105.552,105.585,105.476,105.505
2018-03-28 01:30:00,105.50450000000001,105.6455,105.48899999999999,105.6195
2018-03-28 01:45:00,105.6185,105.669,105.613,105.618
2018-03-28 02:00:00,105.619,105.6265,105.572,105.613
2018-03-28 02:15:00,105.61200000000001,105.617,105.552,105.573
2018-03-28 02:30:00,105.57350000000001,105.57600000000001,105.5545,105.5685
2018-03-28 02:45:00,105.569,105.58149999999999,105.525,105.53
2018-03-28 03:00:00,105.53049999999999,105.54700000000001,105.50399999999999,105.52199999999995
2018-03-28 03:15:00,105.523,105.52549999999995,105.45749999999998,105.49700000000001
2018-03-28 03:30:00,105.49499999999998,105.55750000000002,105.47749999999998,105.53299999999999
2018-03-28 03:45:00,105.531,105.53649999999999,105.512,105.52899999999998
2018-03-28 04:00:00,105.53,105.5865,105.52950000000001,105.5765
2018-03-28 04:15:00,105.57799999999999,105.6035,105.56100000000002,105.573
2018-03-28 04:30:00,105.57249999999998,105.6285,105.53649999999999,105.5745
2018-03-28 04:45:00,105.574,105.62,105.53049999999999,105.5685
2018-03-28 05:00:00,105.569,105.57249999999998,105.51450000000001,105.564
2018-03-28 05:15:00,105.5615,105.56649999999999,105.4965,105.5075
2018-03-28 05:30:00,105.508,105.544,105.4745,105.53249999999998
2018-03-28 05:45:00,105.53399999999999,105.63950000000004,105.53249999999998,105.626
2018-03-28 06:00:00,105.62700000000001,105.67299999999999,105.60550000000005,105.66850000000001
2018-03-28 06:15:00,105.67200000000001,105.7315,105.666,105.6815
2018-03-28 06:30:00,105.6815,105.7315,105.63950000000004,105.66149999999999
2018-03-28 06:45:00,105.661,105.68,105.6335,105.6515
2018-03-28 07:00:00,105.6515,105.681,105.6025,105.61250000000004
2018-03-28 07:15:00,105.613,105.6655,105.54950000000001,105.5545
2018-03-28 07:30:00,105.555,105.5855,105.45700000000001,105.46700000000001
2018-03-28 07:45:00,105.46700000000001,105.4945,105.43,105.46549999999999
2018-03-28 08:00:00,105.46549999999999,105.55850000000001,105.461,105.555
2018-03-28 08:15:00,105.55750000000002,105.62799999999999,105.536,105.5825
2018-03-28 08:30:00,105.58200000000001,105.633,105.5205,105.5395
2018-03-28 08:45:00,105.539,105.6045,105.5085,105.571
2018-03-28 09:00:00,105.571,105.65700000000001,105.55950000000001,105.6425
2018-03-28 09:15:00,105.64450000000001,105.664,105.57249999999998,105.634
2018-03-28 09:30:00,105.6345,105.664,105.62200000000001,105.65500000000002
2018-03-28 09:45:00,105.65450000000001,105.6865,105.65250000000002,105.671
2018-03-28 10:00:00,105.671,105.745,105.65500000000002,105.7385
2018-03-28 10:15:00,105.74,105.86,105.74,105.84299999999999
2018-03-28 10:30:00,105.84299999999999,105.884,105.818,105.85700000000001
2018-03-28 10:45:00,105.85799999999999,105.94199999999995,105.85549999999999,105.904
2018-03-28 11:00:00,105.905,105.958,105.8735,105.916
2018-03-28 11:15:00,105.9165,105.9825,105.8975,105.96950000000001
2018-03-28 11:30:00,105.9685,106.03600000000002,105.935,105.96549999999996
2018-03-28 11:45:00,105.96649999999998,106.0175,105.932,106.01350000000001
2018-03-28 12:00:00,106.015,106.20450000000001,106.00450000000001,106.181
2018-03-28 12:15:00,106.1815,106.27600000000001,106.15350000000001,106.2715
2018-03-28 12:30:00,106.27600000000001,106.346,106.162,106.162
2018-03-28 12:45:00,106.1605,106.20649999999999,106.09649999999999,106.109
2018-03-28 13:00:00,106.109,106.141,106.0705,106.12849999999997
2018-03-28 13:15:00,106.12750000000004,106.219,106.113,106.14049999999999
2018-03-28 13:30:00,106.13850000000001,106.15899999999998,106.0355,106.1175
2018-03-28 13:45:00,106.11700000000005,106.2395,106.083,106.235
2018-03-28 14:00:00,106.23049999999995,106.271,106.14249999999998,106.15799999999999
2018-03-28 14:15:00,106.15700000000001,106.229,106.1525,106.2275
2018-03-28 14:30:00,106.229,106.26250000000002,106.13950000000001,106.1605
2018-03-28 14:45:00,106.161,106.22149999999999,106.12549999999999,106.197
2018-03-28 15:00:00,106.19850000000001,106.271,106.169,106.2075
2018-03-28 15:15:00,106.20549999999999,106.2485,106.1655,106.18350000000001
2018-03-28 15:30:00,106.184,106.28950000000005,106.1735,106.2725
2018-03-28 15:45:00,106.271,106.305,106.25299999999999,106.29799999999999
2018-03-28 16:00:00,106.29799999999999,106.449,106.29799999999999,106.43950000000004
2018-03-28 16:15:00,106.439,106.459,106.36350000000002,106.3815
2018-03-28 16:30:00,106.3815,106.4775,106.366,106.46650000000004
2018-03-28 16:45:00,106.46550000000005,106.477,106.4235,106.4315
2018-03-28 17:00:00,106.4325,106.51549999999999,106.41149999999999,106.506
2018-03-28 17:15:00,106.506,106.705,106.48700000000001,106.6805
2018-03-28 17:30:00,106.681,106.70700000000001,106.6475,106.6815
2018-03-28 17:45:00,106.6815,106.87950000000005,106.681,106.835
2018-03-28 18:00:00,106.835,106.8575,106.7835,106.819
2018-03-28 18:15:00,106.819,106.954,106.8185,106.9145
2018-03-28 18:30:00,106.915,106.9665,106.90050000000005,106.92399999999999
2018-03-28 18:45:00,106.92399999999999,106.9515,106.831,106.87799999999999
2018-03-28 19:00:00,106.8805,106.8875,106.71549999999999,106.766
2018-03-28 19:15:00,106.764,106.85700000000001,106.764,106.85500000000002
2018-03-28 19:30:00,106.85549999999999,106.979,106.82950000000001,106.91649999999998
2018-03-28 19:45:00,106.9175,107.0115,106.9175,106.969
2018-03-28 20:00:00,106.9765,106.98100000000001,106.8,106.81299999999999
2018-03-28 20:15:00,106.81,106.8915,106.80950000000001,106.8675
2018-03-28 20:30:00,106.867,106.904,106.861,106.87299999999999
2018-03-28 20:45:00,106.8735,106.8875,106.84549999999999,106.8505
2018-03-28 21:00:00,106.851,106.85950000000001,106.83149999999999,106.8325
2018-03-28 21:15:00,106.83149999999999,106.836,106.807,106.811
2018-03-28 21:30:00,106.8115,106.816,106.7915,106.79350000000001
2018-03-28 21:45:00,106.794,106.805,106.766,106.79700000000001
2018-03-28 22:00:00,106.79299999999999,106.87,106.79299999999999,106.859
2018-03-28 22:15:00,106.8585,106.8665,106.82950000000001,106.83200000000001
2018-03-28 22:30:00,106.83200000000001,106.83200000000001,106.789,106.7985
2018-03-28 22:45:00,106.7985,106.829,106.7735,106.8225
2018-03-28 23:00:00,106.823,106.835,106.789,106.818
2018-03-28 23:15:00,106.81699999999995,106.8335,106.807,106.82049999999995
2018-03-28 23:30:00,106.82049999999995,106.904,106.8185,106.884
2018-03-28 23:45:00,106.8845,106.8845,106.79700000000001,106.806
2018-03-29 01:00:00,106.86200000000001,106.8655,106.759,106.76450000000001
2018-03-29 01:15:00,106.76350000000001,106.781,106.65549999999999,106.72700000000005
2018-03-29 01:30:00,106.7285,106.751,106.637,106.661
2018-03-29 01:45:00,106.66149999999999,106.677,106.613,106.677
2018-03-29 02:00:00,106.677,106.6935,106.56700000000001,106.5875
2018-03-29 02:15:00,106.587,106.60950000000001,106.5325,106.57299999999995
2018-03-29 02:30:00,106.5745,106.60850000000002,106.56049999999999,106.602
2018-03-29 02:45:00,106.603,106.64450000000001,106.59999999999998,106.64399999999999
2018-03-29 03:00:00,106.64349999999996,106.6605,106.624,106.65899999999999
2018-03-29 03:15:00,106.65899999999999,106.65899999999999,106.5745,106.613
2018-03-29 03:30:00,106.6135,106.64950000000005,106.57350000000001,106.5995
2018-03-29 03:45:00,106.598,106.6065,106.561,106.579
2018-03-29 04:00:00,106.581,106.5895,106.48200000000001,106.5245
2018-03-29 04:15:00,106.5255,106.5835,106.50299999999999,106.5685
2018-03-29 04:30:00,106.56949999999995,106.584,106.5095,106.51
2018-03-29 04:45:00,106.5095,106.52850000000001,106.4495,106.46950000000001
2018-03-29 05:00:00,106.46950000000001,106.50249999999998,106.4475,106.4625
2018-03-29 05:15:00,106.46200000000005,106.485,106.39299999999999,106.4475
2018-03-29 05:30:00,106.4475,106.514,106.4285,106.49950000000001
2018-03-29 05:45:00,106.5,106.50249999999998,106.47000000000004,106.488
2018-03-29 06:00:00,106.4895,106.594,106.476,106.5865
2018-03-29 06:15:00,106.586,106.59649999999998,106.51250000000002,106.568
2018-03-29 06:30:00,106.5685,106.65749999999998,106.55799999999999,106.6375
2018-03-29 06:45:00,106.63799999999999,106.693,106.63600000000001,106.67649999999999
2018-03-29 07:00:00,106.6735,106.6885,106.57950000000001,106.59899999999999
2018-03-29 07:15:00,106.6015,106.60500000000002,106.5175,106.535
2018-03-29 07:30:00,106.535,106.609,106.49799999999996,106.5835
2018-03-29 07:45:00,106.583,106.6455,106.54849999999996,106.5705
2018-03-29 08:00:00,106.5705,106.588,106.5385,106.568
2018-03-29 08:15:00,106.568,106.6025,106.55100000000002,106.595
2018-03-29 08:30:00,106.5935,106.60549999999999,106.53700000000005,106.5615
2018-03-29 08:45:00,106.561,106.65950000000001,106.54899999999999,106.65549999999999
2018-03-29 09:00:00,106.656,106.6785,106.626,106.64200000000001
2018-03-29 09:15:00,106.6415,106.6645,106.5995,106.60600000000001
2018-03-29 09:30:00,106.60500000000002,106.65350000000001,106.59899999999999,106.645
2018-03-29 09:45:00,106.64699999999995,106.65700000000001,106.618,106.6365
2018-03-29 10:00:00,106.637,106.6475,106.609,106.634
2018-03-29 10:15:00,106.6335,106.652,106.6265,106.63200000000005
2018-03-29 10:30:00,106.633,106.637,106.61,106.61100000000002
2018-03-29 10:45:00,106.61049999999999,106.61049999999999,106.5565,106.55950000000001
2018-03-29 11:00:00,106.5625,106.57549999999999,106.5315,106.53700000000005
2018-03-29 11:15:00,106.5355,106.5675,106.509,106.516
2018-03-29 11:30:00,106.516,106.516,106.458,106.4885
2018-03-29 11:45:00,106.49000000000002,106.5235,106.46950000000001,106.515
2018-03-29 12:00:00,106.514,106.52,106.43700000000001,106.459
2018-03-29 12:15:00,106.45850000000002,106.4915,106.4155,106.4825
2018-03-29 12:30:00,106.48200000000001,106.5185,106.445,106.5175
2018-03-29 12:45:00,106.51799999999999,106.5675,106.5165,106.5375
2018-03-29 13:00:00,106.53700000000005,106.545,106.4495,106.46200000000005
2018-03-29 13:15:00,106.4615,106.4835,106.449,106.45549999999999
2018-03-29 13:30:00,106.455,106.4725,106.398,106.428
2018-03-29 13:45:00,106.4295,106.4295,106.315,106.363
2018-03-29 14:00:00,106.36200000000001,106.4005,106.3065,106.3395
2018-03-29 14:15:00,106.339,106.396,106.339,106.3565
2018-03-29 14:30:00,106.36,106.43450000000001,106.3425,106.39049999999999
2018-03-29 14:45:00,106.39299999999999,106.44049999999999,106.34200000000001,106.3515
2018-03-29 15:00:00,106.353,106.37450000000001,106.29950000000001,106.3025
2018-03-29 15:15:00,106.303,106.3495,106.26950000000005,106.337
2018-03-29 15:30:00,106.33850000000001,106.3835,106.32549999999996,106.3665
2018-03-29 15:45:00,106.36700000000005,106.4105,106.33200000000001,106.34649999999999
2018-03-29 16:00:00,106.34299999999999,106.35549999999999,106.26950000000005,106.2985
2018-03-29 16:15:00,106.29899999999999,106.32549999999996,106.274,106.315
2018-03-29 16:30:00,106.314,106.38950000000001,106.29350000000001,106.3835
2018-03-29 16:45:00,106.3835,106.44,106.374,106.42450000000001
2018-03-29 17:00:00,106.425,106.48200000000001,106.425,106.45
2018-03-29 17:15:00,106.45,106.4625,106.3955,106.40700000000001
2018-03-29 17:30:00,106.40549999999999,106.44149999999999,106.4015,106.428
2018-03-29 17:45:00,106.4285,106.46600000000001,106.4255,106.45850000000002
2018-03-29 18:00:00,106.4575,106.4625,106.41799999999999,106.43
2018-03-29 18:15:00,106.4305,106.4645,106.3985,106.464
2018-03-29 18:30:00,106.46350000000001,106.54450000000001,106.4525,106.53049999999999
2018-03-29 18:45:00,106.53000000000002,106.565,106.50049999999999,106.5035
2018-03-29 19:00:00,106.50299999999999,106.57399999999998,106.5,106.538
2018-03-29 19:15:00,106.538,106.539,106.45,106.48149999999998
2018-03-29 19:30:00,106.48149999999998,106.48149999999998,106.40549999999999,106.43500000000002
2018-03-29 19:45:00,106.436,106.4615,106.3935,106.40799999999999
2018-03-29 20:00:00,106.40749999999998,106.4455,106.406,106.411
2018-03-29 20:15:00,106.41149999999999,106.4175,106.39450000000001,106.40799999999999
2018-03-29 20:30:00,106.40749999999998,106.4575,106.40700000000001,106.45299999999999
2018-03-29 20:45:00,106.4535,106.45549999999999,106.42649999999999,106.431
2018-03-29 21:00:00,106.434,106.4595,106.421,106.432
2018-03-29 21:15:00,106.4295,106.47200000000001,106.4295,106.45100000000001
2018-03-29 21:30:00,106.45100000000001,106.477,106.42399999999999,106.4525
2018-03-29 21:45:00,106.45200000000001,106.4985,106.45200000000001,106.4905
2018-03-29 22:00:00,106.4915,106.5395,106.4675,106.53049999999999
2018-03-29 22:15:00,106.52850000000001,106.535,106.506,106.5075
2018-03-29 22:30:00,106.5065,106.5065,106.463,106.4745
2018-03-29 22:45:00,106.47399999999999,106.5095,106.4665,106.48450000000001
2018-03-29 23:00:00,106.4875,106.512,106.475,106.5055
2018-03-29 23:15:00,106.50399999999999,106.5065,106.4165,106.47099999999996
2018-03-29 23:30:00,106.47149999999999,106.4725,106.449,106.45549999999999
2018-03-29 23:45:00,106.456,106.5115,106.456,106.492
2018-03-30 01:00:00,106.287,106.336,106.27,106.31549999999999
2018-03-30 01:15:00,106.31450000000001,106.32600000000001,106.2765,106.3055
2018-03-30 01:30:00,106.3055,106.3065,106.25299999999999,106.2745
2018-03-30 01:45:00,106.275,106.2755,106.146,106.17450000000004
2018-03-30 02:00:00,106.1735,106.18350000000001,106.145,106.17049999999999
2018-03-30 02:15:00,106.16950000000001,106.1955,106.15299999999999,106.19149999999999
2018-03-30 02:30:00,106.19,106.2255,106.1725,106.2
2018-03-30 02:45:00,106.20049999999999,106.242,106.19850000000001,106.21350000000001
2018-03-30 03:00:00,106.2145,106.23549999999999,106.20549999999999,106.22149999999999
2018-03-30 03:15:00,106.22149999999999,106.236,106.21549999999999,106.2295
2018-03-30 03:30:00,106.23049999999995,106.365,106.219,106.3515
2018-03-30 03:45:00,106.352,106.458,106.33149999999999,106.33149999999999
2018-03-30 04:00:00,106.32999999999998,106.3715,106.31549999999999,106.3225
2018-03-30 04:15:00,106.32,106.34100000000002,106.307,106.34100000000002
2018-03-30 04:30:00,106.3485,106.37100000000001,106.27600000000001,106.29
2018-03-30 04:45:00,106.29,106.294,106.26950000000005,106.273
2018-03-30 05:00:00,106.275,106.277,106.1875,106.21350000000001
2018-03-30 05:15:00,106.21350000000001,106.271,106.2025,106.2085
2018-03-30 05:30:00,106.208,106.208,106.15100000000001,106.193
2018-03-30 05:45:00,106.193,106.19850000000001,106.134,106.1665
2018-03-30 06:00:00,106.167,106.34100000000001,106.167,106.259
2018-03-30 06:15:00,106.2585,106.26,106.186,106.21049999999995
2018-03-30 06:30:00,106.21,106.21,106.156,106.156
2018-03-30 06:45:00,106.1565,106.19200000000005,106.139,106.186
2018-03-30 07:00:00,106.1875,106.19049999999999,106.14,106.164
2018-03-30 07:15:00,106.163,106.18450000000001,106.149,106.1785
2018-03-30 07:30:00,106.1775,106.19200000000005,106.15450000000001,106.1665
2018-03-30 07:45:00,106.1655,106.18950000000001,106.165,106.18700000000001
2018-03-30 08:00:00,106.1885,106.19550000000005,106.18350000000001,106.185
2018-03-30 08:15:00,106.18950000000001,106.193,106.186,106.189
2018-03-30 08:30:00,106.189,106.2445,106.18799999999999,106.20200000000001
2018-03-30 08:45:00,106.20100000000001,106.2015,106.17200000000001,106.179
2018-03-30 09:00:00,106.1775,106.1775,106.12549999999999,106.126
2018-03-30 09:15:00,106.126,106.166,106.126,106.163
2018-03-30 09:30:00,106.163,106.17999999999998,106.1465,106.17399999999999
2018-03-30 09:45:00,106.17450000000004,106.1785,106.152,106.1755
2018-03-30 10:00:00,106.176,106.1795,106.1735,106.17450000000004
2018-03-30 10:15:00,106.1735,106.17649999999999,106.1725,106.1725
2018-03-30 10:30:00,106.1725,106.179,106.1715,106.179
2018-03-30 10:45:00,106.178,106.20450000000001,106.1755,106.2015
2018-03-30 11:00:00,106.2015,106.22,106.1715,106.19100000000002
2018-03-30 11:15:00,106.19,106.199,106.18299999999999,106.194
2018-03-30 11:30:00,106.19450000000005,106.1975,106.18950000000001,106.195
2018-03-30 11:45:00,106.19450000000005,106.2025,106.18950000000001,106.1995
2018-03-30 12:00:00,106.1995,106.213,106.196,106.206
2018-03-30 12:15:00,106.20450000000001,106.211,106.2025,106.20450000000001
2018-03-30 12:30:00,106.20450000000001,106.205,106.18799999999999,106.189
2018-03-30 12:45:00,106.189,106.196,106.17200000000001,106.17299999999999
2018-03-30 13:00:00,106.17299999999999,106.236,106.1725,106.185
2018-03-30 13:15:00,106.185,106.242,106.185,106.20299999999999
2018-03-30 13:30:00,106.204,106.23200000000001,106.1935,106.2165
2018-03-30 13:45:00,106.2165,106.229,106.19,106.21700000000001
2018-03-30 14:00:00,106.2175,106.2235,106.208,106.22
2018-03-30 14:15:00,106.22200000000001,106.234,106.2145,106.2185
2018-03-30 14:30:00,106.2185,106.23749999999998,106.2125,106.21600000000001
2018-03-30 14:45:00,106.21600000000001,106.22200000000001,106.20299999999999,106.206
2018-03-30 15:00:00,106.206,106.213,106.16950000000001,106.2035
2018-03-30 15:15:00,106.204,106.215,106.2015,106.206
2018-03-30 15:30:00,106.206,106.221,106.1955,106.21
2018-03-30 15:45:00,106.21049999999995,106.22149999999999,106.209,106.22049999999999
2018-03-30 16:00:00,106.221,106.2275,106.21049999999995,106.22049999999999
2018-03-30 16:15:00,106.21999999999998,106.221,106.209,106.21600000000001
2018-03-30 16:30:00,106.2145,106.21550000000005,106.1955,106.204
2018-03-30 16:45:00,106.204,106.2225,106.20049999999999,106.21550000000005
2018-03-30 17:00:00,106.21550000000005,106.22049999999999,106.1995,106.2175
2018-03-30 17:15:00,106.2175,106.228,106.20700000000001,106.219
2018-03-30 17:30:00,106.219,106.228,106.20549999999999,106.2255
2018-03-30 17:45:00,106.2255,106.2285,106.21399999999998,106.2285
2018-03-30 18:00:00,106.22699999999995,106.23649999999999,106.21700000000001,106.229
2018-03-30 18:15:00,106.2285,106.2435,106.21700000000001,106.22699999999995
2018-03-30 18:30:00,106.227,106.24250000000002,106.21700000000001,106.24
2018-03-30 18:45:00,106.24,106.245,106.219,106.2295
2018-03-30 19:00:00,106.2295,106.244,106.219,106.235
2018-03-30 19:15:00,106.235,106.23649999999999,106.2185,106.23549999999999
2018-03-30 19:30:00,106.23549999999999,106.2445,106.2335,106.2435
2018-03-30 19:45:00,106.2445,106.265,106.242,106.265
2018-03-30 20:00:00,106.26549999999999,106.274,106.2585,106.26549999999999
2018-03-30 20:15:00,106.265,106.273,106.25200000000001,106.255
2018-03-30 20:30:00,106.2555,106.292,106.2485,106.2755
2018-03-30 20:45:00,106.27600000000001,106.301,106.2605,106.28449999999995
