time,open,high,low,close
2018-01-01 23:00:00,16.973,16.9845,16.971999999999998,16.981
2018-01-01 23:15:00,16.982999999999997,17.000999999999998,16.981,17.000999999999998
2018-01-01 23:30:00,16.999,17.026,16.999,17.0215
2018-01-01 23:45:00,17.0225,17.024499999999996,17.012,17.019000000000002
2018-01-02 01:00:00,17.002,17.002499999999998,16.9515,16.9825
2018-01-02 01:15:00,16.982999999999997,16.9975,16.982000000000003,16.985
2018-01-02 01:30:00,16.9875,17.0035,16.977,16.999
2018-01-02 01:45:00,17.0,17.011,16.983999999999998,16.987999999999996
2018-01-02 02:00:00,16.99,16.993000000000002,16.977,16.985
2018-01-02 02:15:00,16.9825,16.987999999999996,16.977,16.977
2018-01-02 02:30:00,16.976999999999997,16.976999999999997,16.959000000000003,16.971
2018-01-02 02:45:00,16.974,16.982,16.961,16.9615
2018-01-02 03:00:00,16.961,16.970000000000002,16.9365,16.970000000000002
2018-01-02 03:15:00,16.967,16.99,16.965999999999998,16.98
2018-01-02 03:30:00,16.9805,16.997,16.9805,16.991
2018-01-02 03:45:00,16.9815,16.991,16.977,16.979
2018-01-02 04:00:00,16.982,16.982,16.976,16.982
2018-01-02 04:15:00,16.981,16.9875,16.9775,16.9875
2018-01-02 04:30:00,16.99,17.005,16.988999999999997,17.004
2018-01-02 04:45:00,17.005,17.021,17.003,17.0055
2018-01-02 05:00:00,17.009,17.013,17.002,17.003
2018-01-02 05:15:00,17.005,17.009,17.001500000000004,17.007
2018-01-02 05:30:00,17.0075,17.0075,16.988,17.002
2018-01-02 05:45:00,16.999,17.012,16.994999999999997,17.006
2018-01-02 06:00:00,17.007,17.0265,17.002,17.0225
2018-01-02 06:15:00,17.0225,17.032999999999998,17.017500000000002,17.031000000000002
2018-01-02 06:30:00,17.0325,17.037000000000003,17.0185,17.0245
2018-01-02 06:45:00,17.025000000000002,17.0575,17.0155,17.0575
2018-01-02 07:00:00,17.06,17.0655,17.038999999999998,17.048000000000002
2018-01-02 07:15:00,17.049500000000002,17.059,17.0365,17.044999999999998
2018-01-02 07:30:00,17.046,17.0675,17.038999999999998,17.063
2018-01-02 07:45:00,17.062500000000004,17.067,17.051,17.067
2018-01-02 08:00:00,17.068,17.068,17.0265,17.049999999999997
2018-01-02 08:15:00,17.052500000000002,17.063499999999998,17.049500000000002,17.0605
2018-01-02 08:30:00,17.0545,17.084,17.0545,17.0665
2018-01-02 08:45:00,17.068,17.072499999999998,17.055,17.064
2018-01-02 09:00:00,17.065,17.073,17.057,17.069499999999998
2018-01-02 09:15:00,17.073,17.080000000000002,17.06,17.076
2018-01-02 09:30:00,17.080000000000002,17.0915,17.064,17.068
2018-01-02 09:45:00,17.071,17.089,17.068,17.084
2018-01-02 10:00:00,17.087000000000003,17.087000000000003,17.059,17.06
2018-01-02 10:15:00,17.0595,17.09,17.055500000000002,17.073
2018-01-02 10:30:00,17.0775,17.101,17.075000000000003,17.101
2018-01-02 10:45:00,17.0955,17.1025,17.0835,17.089
2018-01-02 11:00:00,17.087999999999997,17.099999999999998,17.079,17.0925
2018-01-02 11:15:00,17.093,17.096,17.080000000000002,17.0845
2018-01-02 11:30:00,17.0835,17.095,17.0795,17.0845
2018-01-02 11:45:00,17.084,17.09,17.0665,17.069000000000003
2018-01-02 12:00:00,17.067,17.095,17.0565,17.0935
2018-01-02 12:15:00,17.093999999999998,17.093999999999998,17.0735,17.080000000000002
2018-01-02 12:30:00,17.0775,17.099999999999998,17.0725,17.098000000000003
2018-01-02 12:45:00,17.096,17.098000000000003,17.0835,17.092000000000002
2018-01-02 13:00:00,17.093999999999998,17.104,17.0845,17.0885
2018-01-02 13:15:00,17.089,17.115000000000002,17.0885,17.1075
2018-01-02 13:30:00,17.107,17.135,17.105999999999998,17.128
2018-01-02 13:45:00,17.125,17.143,17.105500000000003,17.126
2018-01-02 14:00:00,17.1235,17.134,17.0995,17.0995
2018-01-02 14:15:00,17.1015,17.116,17.0965,17.103
2018-01-02 14:30:00,17.0995,17.152,17.0955,17.14
2018-01-02 14:45:00,17.138,17.15,17.128,17.144
2018-01-02 15:00:00,17.142000000000003,17.169,17.118,17.153000000000002
2018-01-02 15:15:00,17.157,17.158,17.133,17.134
2018-01-02 15:30:00,17.132,17.137999999999998,17.1185,17.126
2018-01-02 15:45:00,17.1265,17.146,17.1265,17.137999999999998
2018-01-02 16:00:00,17.137,17.188,17.1355,17.1825
2018-01-02 16:15:00,17.179,17.189,17.1695,17.179
2018-01-02 16:30:00,17.177999999999997,17.186,17.1575,17.1795
2018-01-02 16:45:00,17.182,17.187,17.15,17.15
2018-01-02 17:00:00,17.145,17.158,17.1335,17.145
2018-01-02 17:15:00,17.143,17.15,17.1325,17.141000000000002
2018-01-02 17:30:00,17.142000000000003,17.146,17.1335,17.1385
2018-01-02 17:45:00,17.142000000000003,17.158,17.1385,17.157
2018-01-02 18:00:00,17.158,17.171999999999997,17.154,17.166999999999998
2018-01-02 18:15:00,17.168,17.1845,17.1555,17.182
2018-01-02 18:30:00,17.181,17.185,17.1565,17.169
2018-01-02 18:45:00,17.165999999999997,17.183,17.16,17.18
2018-01-02 19:00:00,17.181,17.196,17.177,17.191000000000003
2018-01-02 19:15:00,17.189,17.195,17.172500000000003,17.192
2018-01-02 19:30:00,17.19,17.197000000000003,17.1845,17.192
2018-01-02 19:45:00,17.1895,17.203000000000003,17.189,17.198
2018-01-02 20:00:00,17.198,17.202,17.188,17.193
2018-01-02 20:15:00,17.1895,17.2,17.1875,17.1985
2018-01-02 20:30:00,17.202,17.208000000000002,17.1865,17.1965
2018-01-02 20:45:00,17.197499999999998,17.2,17.186,17.198
2018-01-02 21:00:00,17.197000000000003,17.198999999999998,17.1805,17.193
2018-01-02 21:15:00,17.192,17.192,17.182,17.19
2018-01-02 21:30:00,17.1875,17.188,17.1865,17.1875
2018-01-02 21:45:00,17.188,17.1935,17.183999999999997,17.1855
2018-01-02 23:00:00,17.187,17.197000000000003,17.181,17.196
2018-01-02 23:15:00,17.194,17.204,17.191000000000003,17.198
2018-01-02 23:30:00,17.196,17.218,17.191499999999998,17.215
2018-01-02 23:45:00,17.215999999999998,17.215999999999998,17.2,17.206
2018-01-03 01:00:00,17.191000000000003,17.214000000000002,17.1705,17.214000000000002
2018-01-03 01:15:00,17.211,17.2145,17.18,17.186
2018-01-03 01:30:00,17.183,17.186,17.143000000000004,17.1545
2018-01-03 01:45:00,17.154999999999998,17.171999999999997,17.146,17.166999999999998
2018-01-03 02:00:00,17.166500000000003,17.17,17.139499999999998,17.142000000000003
2018-01-03 02:15:00,17.1455,17.1455,17.1255,17.1325
2018-01-03 02:30:00,17.133,17.134,17.0995,17.105999999999998
2018-01-03 02:45:00,17.1035,17.115000000000002,17.071,17.0725
2018-01-03 03:00:00,17.078,17.081000000000003,17.069000000000003,17.0725
2018-01-03 03:15:00,17.073,17.079,17.06,17.0645
2018-01-03 03:30:00,17.067,17.095,17.0645,17.086499999999997
2018-01-03 03:45:00,17.0875,17.093999999999998,17.086499999999997,17.086499999999997
2018-01-03 04:00:00,17.089,17.09,17.073,17.0885
2018-01-03 04:15:00,17.093,17.095,17.089,17.089
2018-01-03 04:30:00,17.092000000000002,17.099999999999998,17.0875,17.0875
2018-01-03 04:45:00,17.09,17.09,17.0815,17.089
2018-01-03 05:00:00,17.086499999999997,17.089,17.0815,17.089
2018-01-03 05:15:00,17.09,17.096,17.086000000000002,17.095
2018-01-03 05:30:00,17.096,17.096,17.081000000000003,17.084
2018-01-03 05:45:00,17.0835,17.09,17.0735,17.0765
2018-01-03 06:00:00,17.079,17.089,17.069000000000003,17.0785
2018-01-03 06:15:00,17.074,17.082,17.063,17.072
2018-01-03 06:30:00,17.073,17.075000000000003,17.046,17.06
2018-01-03 06:45:00,17.061,17.067,17.0485,17.049999999999997
2018-01-03 07:00:00,17.052,17.064,17.028499999999998,17.057
2018-01-03 07:15:00,17.0565,17.076999999999998,17.0565,17.076999999999998
2018-01-03 07:30:00,17.075000000000003,17.088,17.0675,17.072
2018-01-03 07:45:00,17.078,17.097,17.064,17.096
2018-01-03 08:00:00,17.093,17.104999999999997,17.0875,17.1045
2018-01-03 08:15:00,17.103,17.126,17.099999999999998,17.124
2018-01-03 08:30:00,17.1255,17.136000000000003,17.112,17.133
2018-01-03 08:45:00,17.135,17.142000000000003,17.118,17.125
2018-01-03 09:00:00,17.1245,17.131,17.104,17.122
2018-01-03 09:15:00,17.122999999999998,17.129,17.1155,17.127
2018-01-03 09:30:00,17.1215,17.1235,17.101,17.11
2018-01-03 09:45:00,17.1125,17.1285,17.107,17.1215
2018-01-03 10:00:00,17.122,17.130499999999998,17.1195,17.122
2018-01-03 10:15:00,17.121,17.125,17.098000000000003,17.104999999999997
2018-01-03 10:30:00,17.105999999999998,17.109,17.087000000000003,17.093999999999998
2018-01-03 10:45:00,17.096,17.109,17.093999999999998,17.104999999999997
2018-01-03 11:00:00,17.104999999999997,17.1125,17.091,17.101
2018-01-03 11:15:00,17.103,17.122,17.093999999999998,17.115
2018-01-03 11:30:00,17.119,17.122,17.11,17.118
2018-01-03 11:45:00,17.115,17.137,17.109,17.116999999999997
2018-01-03 12:00:00,17.118,17.145,17.114,17.137
2018-01-03 12:15:00,17.139,17.14,17.121,17.121
2018-01-03 12:30:00,17.122999999999998,17.128,17.099999999999998,17.122500000000002
2018-01-03 12:45:00,17.124,17.135,17.09,17.11
2018-01-03 13:00:00,17.112,17.130000000000003,17.101,17.124
2018-01-03 13:15:00,17.1265,17.165999999999997,17.1265,17.144
2018-01-03 13:30:00,17.153000000000002,17.174,17.147000000000002,17.159000000000002
2018-01-03 13:45:00,17.152,17.1905,17.1385,17.183500000000002
2018-01-03 14:00:00,17.181,17.193,17.165,17.186
2018-01-03 14:15:00,17.1805,17.1885,17.169,17.169
2018-01-03 14:30:00,17.1715,17.183,17.149,17.182
2018-01-03 14:45:00,17.183,17.1935,17.160999999999998,17.160999999999998
2018-01-03 15:00:00,17.147000000000002,17.1845,17.14,17.159000000000002
2018-01-03 15:15:00,17.165000000000003,17.189,17.146,17.157
2018-01-03 15:30:00,17.156,17.197000000000003,17.147499999999997,17.187
2018-01-03 15:45:00,17.191000000000003,17.197499999999998,17.173,17.192
2018-01-03 16:00:00,17.196,17.2045,17.179,17.185
2018-01-03 16:15:00,17.187,17.207,17.1825,17.198
2018-01-03 16:30:00,17.199,17.208499999999997,17.187,17.192
2018-01-03 16:45:00,17.195,17.208000000000002,17.1885,17.199
2018-01-03 17:00:00,17.199,17.206,17.189,17.201
2018-01-03 17:15:00,17.201,17.218,17.1935,17.215
2018-01-03 17:30:00,17.215999999999998,17.218,17.198,17.202
2018-01-03 17:45:00,17.205,17.215,17.204,17.208499999999997
2018-01-03 18:00:00,17.211,17.226999999999997,17.209999999999997,17.2145
2018-01-03 18:15:00,17.2135,17.241,17.2095,17.227999999999998
2018-01-03 18:30:00,17.227500000000003,17.244999999999997,17.227500000000003,17.23
2018-01-03 18:45:00,17.227500000000003,17.23,17.2125,17.220000000000002
2018-01-03 19:00:00,17.21,17.220000000000002,17.072,17.083
2018-01-03 19:15:00,17.084,17.11,17.0655,17.11
2018-01-03 19:30:00,17.109,17.130499999999998,17.0965,17.109
2018-01-03 19:45:00,17.1065,17.134,17.1065,17.124
2018-01-03 20:00:00,17.125,17.151,17.122500000000002,17.15
2018-01-03 20:15:00,17.147499999999997,17.177,17.1445,17.160999999999998
2018-01-03 20:30:00,17.162,17.186,17.1595,17.174500000000002
2018-01-03 20:45:00,17.177,17.177,17.133,17.151
2018-01-03 21:00:00,17.1485,17.160999999999998,17.14,17.1435
2018-01-03 21:15:00,17.144,17.145,17.12,17.125
2018-01-03 21:30:00,17.1205,17.130499999999998,17.118,17.1285
2018-01-03 21:45:00,17.127,17.135499999999997,17.122500000000002,17.124
2018-01-03 23:00:00,17.127,17.127,17.122,17.122
2018-01-03 23:15:00,17.121,17.129,17.116,17.12
2018-01-03 23:30:00,17.119,17.119,17.0855,17.091
2018-01-03 23:45:00,17.093,17.104999999999997,17.091,17.104999999999997
2018-01-04 01:00:00,17.085,17.092000000000002,17.0425,17.0595
2018-01-04 01:15:00,17.058,17.061,16.9915,16.993
2018-01-04 01:30:00,16.997,17.019000000000002,16.988500000000002,16.9915
2018-01-04 01:45:00,16.994,17.015,16.9915,17.009
2018-01-04 02:00:00,17.01,17.014000000000003,16.9925,16.999
2018-01-04 02:15:00,17.000500000000002,17.017,16.9975,17.011
2018-01-04 02:30:00,17.012,17.022,17.0035,17.009
2018-01-04 02:45:00,17.01,17.018,16.9985,17.016
2018-01-04 03:00:00,17.018,17.018,17.0025,17.004
2018-01-04 03:15:00,17.005,17.005,16.9925,16.997
2018-01-04 03:30:00,17.003,17.007,16.988500000000002,17.007
2018-01-04 03:45:00,17.006,17.014000000000003,17.006,17.011
2018-01-04 04:00:00,17.013,17.022,17.011,17.016
2018-01-04 04:15:00,17.0105,17.031000000000002,17.0095,17.031000000000002
2018-01-04 04:30:00,17.03,17.0425,17.0245,17.0305
2018-01-04 04:45:00,17.032999999999998,17.036,17.029,17.036
2018-01-04 05:00:00,17.032,17.047,17.0235,17.044999999999998
2018-01-04 05:15:00,17.043999999999997,17.051,17.0435,17.049
2018-01-04 05:30:00,17.051,17.066,17.0335,17.06
2018-01-04 05:45:00,17.059,17.079,17.0535,17.074
2018-01-04 06:00:00,17.075000000000003,17.079,17.0415,17.057
2018-01-04 06:15:00,17.058,17.063,17.0455,17.0475
2018-01-04 06:30:00,17.0485,17.068,17.042,17.055999999999997
2018-01-04 06:45:00,17.0545,17.064,17.052500000000002,17.0625
2018-01-04 07:00:00,17.061500000000002,17.064,17.024,17.0365
2018-01-04 07:15:00,17.038999999999998,17.0585,17.036,17.0585
2018-01-04 07:30:00,17.0585,17.080499999999997,17.049,17.067
2018-01-04 07:45:00,17.0735,17.09,17.067,17.076999999999998
2018-01-04 08:00:00,17.079,17.089,17.071,17.087000000000003
2018-01-04 08:15:00,17.0815,17.1095,17.0815,17.107
2018-01-04 08:30:00,17.1045,17.136499999999998,17.104,17.107
2018-01-04 08:45:00,17.11,17.128,17.103,17.113
2018-01-04 09:00:00,17.11,17.138,17.109,17.130000000000003
2018-01-04 09:15:00,17.1275,17.139,17.116999999999997,17.139
2018-01-04 09:30:00,17.1375,17.152,17.128,17.137
2018-01-04 09:45:00,17.143,17.174,17.143,17.163
2018-01-04 10:00:00,17.1625,17.1825,17.153000000000002,17.1575
2018-01-04 10:15:00,17.154999999999998,17.16,17.137,17.153000000000002
2018-01-04 10:30:00,17.154999999999998,17.173,17.154,17.165000000000003
2018-01-04 10:45:00,17.164,17.164,17.138,17.15
2018-01-04 11:00:00,17.147499999999997,17.1585,17.1255,17.1385
2018-01-04 11:15:00,17.1335,17.165999999999997,17.1335,17.157
2018-01-04 11:30:00,17.157,17.169,17.1525,17.166500000000003
2018-01-04 11:45:00,17.160999999999998,17.17,17.139,17.141000000000002
2018-01-04 12:00:00,17.139,17.146,17.131,17.144
2018-01-04 12:15:00,17.144,17.15,17.107,17.134
2018-01-04 12:30:00,17.1315,17.148000000000003,17.1315,17.148000000000003
2018-01-04 12:45:00,17.147000000000002,17.153000000000002,17.140499999999996,17.15
2018-01-04 13:00:00,17.150499999999997,17.150499999999997,17.115,17.122
2018-01-04 13:15:00,17.092000000000002,17.179499999999997,17.076,17.179
2018-01-04 13:30:00,17.1795,17.2,17.154999999999998,17.183999999999997
2018-01-04 13:45:00,17.182,17.207499999999996,17.180999999999997,17.19
2018-01-04 14:00:00,17.186,17.211,17.177999999999997,17.211
2018-01-04 14:15:00,17.204,17.211,17.177,17.194
2018-01-04 14:30:00,17.198,17.207499999999996,17.19,17.207
2018-01-04 14:45:00,17.206,17.209999999999997,17.168,17.177999999999997
2018-01-04 15:00:00,17.179,17.204,17.176,17.202
2018-01-04 15:15:00,17.195,17.211,17.174,17.19
2018-01-04 15:30:00,17.196499999999997,17.232,17.193,17.214000000000002
2018-01-04 15:45:00,17.2135,17.2595,17.2135,17.250500000000002
2018-01-04 16:00:00,17.255,17.271,17.211,17.225
2018-01-04 16:15:00,17.227,17.246499999999997,17.214000000000002,17.2365
2018-01-04 16:30:00,17.237000000000002,17.251,17.221,17.225
2018-01-04 16:45:00,17.224,17.23,17.2,17.226
2018-01-04 17:00:00,17.228500000000004,17.228500000000004,17.1945,17.1995
2018-01-04 17:15:00,17.196499999999997,17.218,17.196499999999997,17.2135
2018-01-04 17:30:00,17.218,17.2345,17.213,17.227999999999998
2018-01-04 17:45:00,17.2345,17.244,17.221,17.236
2018-01-04 18:00:00,17.236,17.252000000000002,17.215,17.215
2018-01-04 18:15:00,17.218,17.244,17.205,17.235
2018-01-04 18:30:00,17.232999999999997,17.232999999999997,17.179,17.1905
2018-01-04 18:45:00,17.191000000000003,17.197000000000003,17.185,17.1905
2018-01-04 19:00:00,17.198,17.215000000000003,17.194,17.215000000000003
2018-01-04 19:15:00,17.2105,17.2225,17.2055,17.217
2018-01-04 19:30:00,17.220000000000002,17.2575,17.215999999999998,17.24
2018-01-04 19:45:00,17.24,17.265000000000004,17.235,17.255
2018-01-04 20:00:00,17.259,17.28,17.221,17.2285
2018-01-04 20:15:00,17.225,17.248,17.224,17.233500000000003
2018-01-04 20:30:00,17.23,17.233999999999998,17.215,17.23
2018-01-04 20:45:00,17.227999999999998,17.2315,17.206,17.209000000000003
2018-01-04 21:00:00,17.2065,17.224,17.2065,17.2235
2018-01-04 21:15:00,17.232999999999997,17.238,17.224,17.23
2018-01-04 21:30:00,17.225,17.235500000000002,17.221999999999998,17.23
2018-01-04 21:45:00,17.2265,17.233999999999998,17.22,17.2305
2018-01-04 23:00:00,17.2,17.201,17.186,17.186
2018-01-04 23:15:00,17.19,17.2045,17.185499999999998,17.1995
2018-01-04 23:30:00,17.2015,17.206,17.1995,17.204
2018-01-04 23:45:00,17.197000000000003,17.206,17.1785,17.1795
2018-01-05 01:00:00,17.226999999999997,17.242,17.2065,17.2325
2018-01-05 01:15:00,17.229,17.233999999999998,17.2185,17.227999999999998
2018-01-05 01:30:00,17.229,17.23,17.198,17.205
2018-01-05 01:45:00,17.2,17.215999999999998,17.2,17.208499999999997
2018-01-05 02:00:00,17.207,17.209999999999997,17.1925,17.195
2018-01-05 02:15:00,17.197499999999998,17.206,17.1925,17.199
2018-01-05 02:30:00,17.201,17.211,17.1905,17.198999999999998
2018-01-05 02:45:00,17.196,17.206,17.1905,17.201
2018-01-05 03:00:00,17.196,17.215999999999998,17.1955,17.209999999999997
2018-01-05 03:15:00,17.207,17.2175,17.1995,17.213
2018-01-05 03:30:00,17.2125,17.215999999999998,17.2055,17.2135
2018-01-05 03:45:00,17.215999999999998,17.220000000000002,17.188,17.193
2018-01-05 04:00:00,17.196,17.201,17.193,17.1985
2018-01-05 04:15:00,17.1955,17.2095,17.1955,17.2045
2018-01-05 04:30:00,17.209000000000003,17.215999999999998,17.2045,17.2045
2018-01-05 04:45:00,17.2035,17.226999999999997,17.197000000000003,17.2165
2018-01-05 05:00:00,17.221999999999998,17.221999999999998,17.208499999999997,17.212
2018-01-05 05:15:00,17.2095,17.221,17.2065,17.2075
2018-01-05 05:30:00,17.204,17.209000000000003,17.186,17.191499999999998
2018-01-05 05:45:00,17.192,17.204,17.174500000000002,17.182
2018-01-05 06:00:00,17.183,17.188,17.175,17.177
2018-01-05 06:15:00,17.171999999999997,17.177999999999997,17.1565,17.166500000000003
2018-01-05 06:30:00,17.168,17.174,17.1625,17.163
2018-01-05 06:45:00,17.164,17.171,17.153000000000002,17.169
2018-01-05 07:00:00,17.166,17.187,17.1645,17.187
2018-01-05 07:15:00,17.1845,17.197000000000003,17.179,17.189
2018-01-05 07:30:00,17.195,17.195,17.176,17.177500000000002
2018-01-05 07:45:00,17.179,17.185,17.165999999999997,17.1755
2018-01-05 08:00:00,17.174,17.186,17.1655,17.177999999999997
2018-01-05 08:15:00,17.176,17.176,17.151,17.165999999999997
2018-01-05 08:30:00,17.1655,17.171999999999997,17.149,17.16
2018-01-05 08:45:00,17.163,17.183,17.1545,17.183
2018-01-05 09:00:00,17.182,17.183,17.160999999999998,17.18
2018-01-05 09:15:00,17.174,17.18,17.157,17.165999999999997
2018-01-05 09:30:00,17.165999999999997,17.175,17.1615,17.168499999999998
2018-01-05 09:45:00,17.17,17.172500000000003,17.156,17.163
2018-01-05 10:00:00,17.1585,17.174,17.150499999999997,17.16
2018-01-05 10:15:00,17.159000000000002,17.168,17.154999999999998,17.168
2018-01-05 10:30:00,17.166999999999998,17.17,17.158,17.17
2018-01-05 10:45:00,17.168,17.17,17.158,17.165000000000003
2018-01-05 11:00:00,17.1555,17.165999999999997,17.153000000000002,17.165999999999997
2018-01-05 11:15:00,17.17,17.171,17.158,17.165999999999997
2018-01-05 11:30:00,17.168,17.177,17.158,17.16
2018-01-05 11:45:00,17.162,17.171,17.1585,17.162
2018-01-05 12:00:00,17.1615,17.169,17.141000000000002,17.154
2018-01-05 12:15:00,17.154999999999998,17.177,17.1515,17.171999999999997
2018-01-05 12:30:00,17.174,17.183,17.162,17.177
2018-01-05 12:45:00,17.169,17.177999999999997,17.160999999999998,17.160999999999998
2018-01-05 13:00:00,17.162,17.182,17.147000000000002,17.169
2018-01-05 13:15:00,17.168,17.19,17.159000000000002,17.171
2018-01-05 13:30:00,17.225,17.275000000000002,17.214000000000002,17.263
2018-01-05 13:45:00,17.269000000000002,17.293,17.249,17.254
2018-01-05 14:00:00,17.257,17.264499999999998,17.162,17.179
2018-01-05 14:15:00,17.171999999999997,17.186,17.102,17.1595
2018-01-05 14:30:00,17.162,17.187,17.138,17.177999999999997
2018-01-05 14:45:00,17.177999999999997,17.183999999999997,17.1375,17.15
2018-01-05 15:00:00,17.164,17.244999999999997,17.160999999999998,17.236
2018-01-05 15:15:00,17.234500000000004,17.252000000000002,17.226999999999997,17.2365
2018-01-05 15:30:00,17.231,17.243,17.206,17.215999999999998
2018-01-05 15:45:00,17.2165,17.225,17.1945,17.219
2018-01-05 16:00:00,17.217,17.231,17.217,17.23
2018-01-05 16:15:00,17.2325,17.2565,17.2165,17.24
2018-01-05 16:30:00,17.238999999999997,17.2555,17.235,17.242
2018-01-05 16:45:00,17.2495,17.27,17.241,17.2545
2018-01-05 17:00:00,17.253,17.259,17.244,17.255
2018-01-05 17:15:00,17.255,17.265000000000004,17.247,17.253
2018-01-05 17:30:00,17.25,17.257,17.226,17.244
2018-01-05 17:45:00,17.236,17.2485,17.233999999999998,17.244
2018-01-05 18:00:00,17.246,17.258499999999998,17.24,17.2445
2018-01-05 18:15:00,17.253,17.2595,17.244,17.245500000000003
2018-01-05 18:30:00,17.243,17.254,17.219,17.225
2018-01-05 18:45:00,17.2205,17.231,17.2155,17.221999999999998
2018-01-05 19:00:00,17.2215,17.2405,17.221,17.233999999999998
2018-01-05 19:15:00,17.235,17.248,17.2315,17.238
2018-01-05 19:30:00,17.238999999999997,17.2485,17.232,17.236
2018-01-05 19:45:00,17.238999999999997,17.241,17.221,17.226999999999997
2018-01-05 20:00:00,17.225,17.232999999999997,17.22,17.226999999999997
2018-01-05 20:15:00,17.228500000000004,17.231,17.200499999999998,17.214000000000002
2018-01-05 20:30:00,17.215,17.224,17.2005,17.2095
2018-01-05 20:45:00,17.207499999999996,17.2265,17.204,17.212
2018-01-05 21:00:00,17.209,17.227500000000003,17.208499999999997,17.224500000000003
2018-01-05 21:15:00,17.2235,17.226,17.221999999999998,17.2225
2018-01-05 21:30:00,17.224,17.227999999999998,17.221999999999998,17.227500000000003
2018-01-05 21:45:00,17.227999999999998,17.227999999999998,17.217,17.217
2018-01-07 23:00:00,17.247,17.25,17.235,17.236
2018-01-07 23:15:00,17.2375,17.246,17.235,17.244999999999997
2018-01-07 23:30:00,17.246,17.247,17.2415,17.244500000000002
2018-01-07 23:45:00,17.243,17.246,17.238500000000002,17.241
2018-01-08 01:00:00,17.236,17.259999999999998,17.2345,17.259
2018-01-08 01:15:00,17.256,17.262,17.242,17.242
2018-01-08 01:30:00,17.2425,17.253,17.224,17.2435
2018-01-08 01:45:00,17.243,17.244999999999997,17.225,17.235
2018-01-08 02:00:00,17.229499999999998,17.246,17.2235,17.225
2018-01-08 02:15:00,17.226999999999997,17.229,17.206,17.208000000000002
2018-01-08 02:30:00,17.2055,17.211,17.1885,17.203000000000003
2018-01-08 02:45:00,17.200499999999998,17.214000000000002,17.1955,17.214000000000002
2018-01-08 03:00:00,17.213,17.225,17.2075,17.221
2018-01-08 03:15:00,17.2185,17.220000000000002,17.208499999999997,17.208499999999997
2018-01-08 03:30:00,17.209000000000003,17.209999999999997,17.2,17.209999999999997
2018-01-08 03:45:00,17.2075,17.209999999999997,17.203000000000003,17.209999999999997
2018-01-08 04:00:00,17.2075,17.2075,17.1985,17.205
2018-01-08 04:15:00,17.206,17.208000000000002,17.198,17.2
2018-01-08 04:30:00,17.1995,17.212,17.1985,17.212
2018-01-08 04:45:00,17.213,17.217,17.209000000000003,17.211
2018-01-08 05:00:00,17.209999999999997,17.211,17.204,17.211
2018-01-08 05:15:00,17.2075,17.215999999999998,17.2035,17.206
2018-01-08 05:30:00,17.205,17.205,17.1485,17.1495
2018-01-08 05:45:00,17.1465,17.17,17.1445,17.1535
2018-01-08 06:00:00,17.156,17.156,17.1325,17.146
2018-01-08 06:15:00,17.145,17.160999999999998,17.1445,17.156
2018-01-08 06:30:00,17.156,17.157,17.132,17.14
2018-01-08 06:45:00,17.141000000000002,17.152,17.141000000000002,17.151
2018-01-08 07:00:00,17.150499999999997,17.152,17.137,17.148000000000003
2018-01-08 07:15:00,17.148999999999997,17.165999999999997,17.1465,17.165999999999997
2018-01-08 07:30:00,17.165000000000003,17.17,17.15,17.157
2018-01-08 07:45:00,17.1565,17.158,17.127,17.134500000000003
2018-01-08 08:00:00,17.136000000000003,17.16,17.12,17.1595
2018-01-08 08:15:00,17.157,17.1595,17.135,17.145
2018-01-08 08:30:00,17.148999999999997,17.156,17.141499999999997,17.147000000000002
2018-01-08 08:45:00,17.1465,17.148000000000003,17.132,17.145500000000002
2018-01-08 09:00:00,17.146,17.16,17.1375,17.1575
2018-01-08 09:15:00,17.16,17.170999999999996,17.153000000000002,17.158
2018-01-08 09:30:00,17.159000000000002,17.162,17.15,17.1535
2018-01-08 09:45:00,17.156,17.174,17.154,17.171999999999997
2018-01-08 10:00:00,17.173,17.181,17.162,17.171
2018-01-08 10:15:00,17.173,17.175,17.158,17.166999999999998
2018-01-08 10:30:00,17.169,17.2045,17.169,17.194
2018-01-08 10:45:00,17.193,17.2095,17.1795,17.183999999999997
2018-01-08 11:00:00,17.184500000000003,17.198,17.1795,17.188
2018-01-08 11:15:00,17.1875,17.19,17.167500000000004,17.168
2018-01-08 11:30:00,17.1675,17.174,17.158,17.172500000000003
2018-01-08 11:45:00,17.176,17.1885,17.1625,17.17
2018-01-08 12:00:00,17.1755,17.179,17.1605,17.1745
2018-01-08 12:15:00,17.176,17.192,17.175,17.185499999999998
2018-01-08 12:30:00,17.187,17.19,17.159,17.164
2018-01-08 12:45:00,17.163,17.17,17.1295,17.134
2018-01-08 13:00:00,17.136000000000003,17.1445,17.1145,17.139
2018-01-08 13:15:00,17.144,17.180999999999997,17.122999999999998,17.160999999999998
2018-01-08 13:30:00,17.163,17.174,17.147000000000002,17.166999999999998
2018-01-08 13:45:00,17.168,17.182,17.151,17.152
2018-01-08 14:00:00,17.158,17.172500000000003,17.124,17.144
2018-01-08 14:15:00,17.144000000000002,17.163,17.137,17.141000000000002
2018-01-08 14:30:00,17.141000000000002,17.154999999999998,17.137,17.146
2018-01-08 14:45:00,17.147000000000002,17.1555,17.110999999999997,17.130000000000003
2018-01-08 15:00:00,17.129,17.1585,17.12,17.130000000000003
2018-01-08 15:15:00,17.127,17.146,17.126,17.138
2018-01-08 15:30:00,17.136499999999998,17.1655,17.131,17.154999999999998
2018-01-08 15:45:00,17.157,17.1655,17.143,17.152
2018-01-08 16:00:00,17.147000000000002,17.162,17.137,17.145
2018-01-08 16:15:00,17.145,17.154,17.083,17.112
2018-01-08 16:30:00,17.105500000000003,17.1135,17.081000000000003,17.096
2018-01-08 16:45:00,17.091,17.091,17.055999999999997,17.059
2018-01-08 17:00:00,17.053,17.085,17.048000000000002,17.064
2018-01-08 17:15:00,17.071,17.079,17.054,17.075000000000003
2018-01-08 17:30:00,17.076,17.098000000000003,17.076,17.087000000000003
2018-01-08 17:45:00,17.0885,17.101,17.083,17.093999999999998
2018-01-08 18:00:00,17.0905,17.108,17.0885,17.101
2018-01-08 18:15:00,17.099999999999998,17.131,17.099999999999998,17.12
2018-01-08 18:30:00,17.119,17.124499999999998,17.109,17.1095
2018-01-08 18:45:00,17.109,17.115000000000002,17.108,17.108
2018-01-08 19:00:00,17.109,17.113,17.083,17.0935
2018-01-08 19:15:00,17.095,17.0985,17.078500000000002,17.095
2018-01-08 19:30:00,17.093999999999998,17.115000000000002,17.0935,17.115000000000002
2018-01-08 19:45:00,17.114,17.1235,17.104,17.121
2018-01-08 20:00:00,17.119,17.132,17.1175,17.1235
2018-01-08 20:15:00,17.124,17.125,17.1125,17.119
2018-01-08 20:30:00,17.118,17.122,17.114,17.118
2018-01-08 20:45:00,17.12,17.128,17.118,17.1235
2018-01-08 21:00:00,17.126,17.132,17.1235,17.130000000000003
2018-01-08 21:15:00,17.131,17.139,17.1265,17.129
2018-01-08 21:30:00,17.1255,17.136499999999998,17.1245,17.131
2018-01-08 21:45:00,17.133,17.138,17.122,17.1255
2018-01-08 23:00:00,17.112,17.1145,17.112,17.1135
2018-01-08 23:15:00,17.111500000000003,17.1145,17.1035,17.104
2018-01-08 23:30:00,17.1045,17.113,17.1035,17.112
2018-01-08 23:45:00,17.1095,17.114,17.0995,17.104
2018-01-09 01:00:00,17.098000000000003,17.098000000000003,17.0705,17.084
2018-01-09 01:15:00,17.083,17.091,17.059,17.075499999999998
2018-01-09 01:30:00,17.079,17.101,17.076999999999998,17.093999999999998
2018-01-09 01:45:00,17.092000000000002,17.109,17.078,17.0845
2018-01-09 02:00:00,17.087000000000003,17.113,17.0845,17.1085
2018-01-09 02:15:00,17.110999999999997,17.110999999999997,17.097,17.0985
2018-01-09 02:30:00,17.101,17.114,17.0985,17.114
2018-01-09 02:45:00,17.113,17.125,17.1075,17.125
2018-01-09 03:00:00,17.124,17.130000000000003,17.113500000000002,17.126
2018-01-09 03:15:00,17.125,17.126,17.107,17.114
2018-01-09 03:30:00,17.1145,17.116999999999997,17.112,17.116
2018-01-09 03:45:00,17.115,17.129,17.115,17.126
2018-01-09 04:00:00,17.127,17.131,17.1195,17.1205
2018-01-09 04:15:00,17.12,17.122,17.1185,17.121
2018-01-09 04:30:00,17.1185,17.125,17.1185,17.125
2018-01-09 04:45:00,17.124,17.126,17.122500000000002,17.125
2018-01-09 05:00:00,17.124,17.134,17.122500000000002,17.131
2018-01-09 05:15:00,17.1285,17.136000000000003,17.1245,17.136000000000003
2018-01-09 05:30:00,17.135,17.136000000000003,17.1245,17.132
2018-01-09 05:45:00,17.1295,17.143,17.126,17.128
2018-01-09 06:00:00,17.127,17.128,17.113500000000002,17.122
2018-01-09 06:15:00,17.121,17.126,17.1045,17.11
2018-01-09 06:30:00,17.110999999999997,17.110999999999997,17.0915,17.103
2018-01-09 06:45:00,17.1015,17.109,17.0915,17.0915
2018-01-09 07:00:00,17.093,17.105999999999998,17.086499999999997,17.086499999999997
2018-01-09 07:15:00,17.089,17.098000000000003,17.0825,17.096
2018-01-09 07:30:00,17.096,17.107,17.0935,17.097
2018-01-09 07:45:00,17.096,17.105999999999998,17.0705,17.098000000000003
2018-01-09 08:00:00,17.099999999999998,17.107499999999998,17.082,17.087999999999997
2018-01-09 08:15:00,17.09,17.0985,17.071,17.079
2018-01-09 08:30:00,17.0765,17.076999999999998,17.036,17.0585
2018-01-09 08:45:00,17.052,17.063499999999998,17.032999999999998,17.0485
2018-01-09 09:00:00,17.047,17.061999999999998,17.04,17.061
2018-01-09 09:15:00,17.061999999999998,17.064,17.046,17.046
2018-01-09 09:30:00,17.043,17.053,17.034,17.035
2018-01-09 09:45:00,17.036,17.048000000000002,17.0275,17.047
2018-01-09 10:00:00,17.044999999999998,17.0505,17.0375,17.041
2018-01-09 10:15:00,17.043,17.0505,17.008000000000003,17.012
2018-01-09 10:30:00,17.01,17.0335,17.01,17.028
2018-01-09 10:45:00,17.03,17.0335,17.017,17.018
2018-01-09 11:00:00,17.019000000000002,17.024499999999996,16.998,17.008000000000003
2018-01-09 11:15:00,17.007,17.026999999999997,16.993,17.022
2018-01-09 11:30:00,17.0295,17.044500000000003,17.0155,17.038
2018-01-09 11:45:00,17.0395,17.042,17.014000000000003,17.021
2018-01-09 12:00:00,17.021,17.044999999999998,17.011,17.029
2018-01-09 12:15:00,17.0265,17.043999999999997,17.0265,17.0395
2018-01-09 12:30:00,17.038999999999998,17.053,17.038,17.0475
2018-01-09 12:45:00,17.049999999999997,17.057,17.0315,17.032999999999998
2018-01-09 13:00:00,17.032999999999998,17.035,17.015,17.025000000000002
2018-01-09 13:15:00,17.027,17.061,17.020000000000003,17.061
2018-01-09 13:30:00,17.0605,17.063,16.988500000000002,17.007
2018-01-09 13:45:00,17.005,17.025499999999997,16.9925,17.019000000000002
2018-01-09 14:00:00,17.0185,17.0345,17.009,17.025000000000002
2018-01-09 14:15:00,17.024,17.024,16.9555,16.976000000000003
2018-01-09 14:30:00,16.9745,16.988,16.931,16.9405
2018-01-09 14:45:00,16.939,16.9505,16.9155,16.936
2018-01-09 15:00:00,16.935,16.968,16.926000000000002,16.9555
2018-01-09 15:15:00,16.953000000000003,16.9715,16.948,16.965999999999998
2018-01-09 15:30:00,16.964499999999997,16.977,16.948,16.9605
2018-01-09 15:45:00,16.958000000000002,16.975,16.9445,16.962500000000002
2018-01-09 16:00:00,16.96,16.974,16.952,16.974
2018-01-09 16:15:00,16.976000000000003,16.996499999999997,16.971,16.983999999999998
2018-01-09 16:30:00,16.985,17.0015,16.975,16.977
2018-01-09 16:45:00,16.977999999999998,16.986,16.955,16.963
2018-01-09 17:00:00,16.970000000000002,16.971,16.954,16.954
2018-01-09 17:15:00,16.954,16.968,16.9425,16.954
2018-01-09 17:30:00,16.953000000000003,16.965999999999998,16.9485,16.964000000000002
2018-01-09 17:45:00,16.963,16.969,16.956,16.965999999999998
2018-01-09 18:00:00,16.967,16.973,16.9595,16.973
2018-01-09 18:15:00,16.976000000000003,16.9935,16.967,16.983999999999998
2018-01-09 18:30:00,16.9905,16.994,16.9825,16.983500000000003
2018-01-09 18:45:00,16.983500000000003,16.993,16.9745,16.988500000000002
2018-01-09 19:00:00,16.989500000000003,17.023,16.988,17.021
2018-01-09 19:15:00,17.019000000000002,17.043999999999997,17.014000000000003,17.025000000000002
2018-01-09 19:30:00,17.024,17.028,17.012,17.016
2018-01-09 19:45:00,17.015,17.018499999999996,16.988500000000002,17.009
2018-01-09 20:00:00,17.01,17.022,16.992,16.997
2018-01-09 20:15:00,16.999,17.003,16.9855,16.993
2018-01-09 20:30:00,16.992,17.005,16.987000000000002,17.000999999999998
2018-01-09 20:45:00,16.9985,17.003,16.987000000000002,17.000500000000002
2018-01-09 21:00:00,17.0025,17.009,16.986,16.988
2018-01-09 21:15:00,16.988999999999997,16.994999999999997,16.982,16.994999999999997
2018-01-09 21:30:00,16.992,16.993,16.9865,16.9865
2018-01-09 21:45:00,16.986,16.9865,16.9665,16.9785
2018-01-09 23:00:00,16.949,16.954,16.948999999999998,16.954
2018-01-09 23:15:00,16.956,16.963,16.9485,16.9485
2018-01-09 23:30:00,16.9495,16.96,16.9435,16.9575
2018-01-09 23:45:00,16.96,16.9615,16.9465,16.948
2018-01-10 01:00:00,16.946,16.965999999999998,16.946,16.9605
2018-01-10 01:15:00,16.963,16.963,16.910999999999998,16.938
2018-01-10 01:30:00,16.939,16.945,16.921999999999997,16.944
2018-01-10 01:45:00,16.946,16.954,16.9425,16.951
2018-01-10 02:00:00,16.9485,16.951,16.9415,16.944
2018-01-10 02:15:00,16.9435,16.970000000000002,16.9425,16.955
2018-01-10 02:30:00,16.956,16.965000000000003,16.954,16.959000000000003
2018-01-10 02:45:00,16.961,16.985,16.957,16.9795
2018-01-10 03:00:00,16.9785,16.982,16.961,16.964499999999997
2018-01-10 03:15:00,16.964000000000002,16.970000000000002,16.961,16.964000000000002
2018-01-10 03:30:00,16.965000000000003,16.965999999999998,16.9535,16.96
2018-01-10 03:45:00,16.9555,16.957,16.941,16.946
2018-01-10 04:00:00,16.9435,16.952,16.941,16.9485
2018-01-10 04:15:00,16.948,16.95,16.9325,16.933500000000002
2018-01-10 04:30:00,16.936,16.936,16.9235,16.935
2018-01-10 04:45:00,16.936,16.936,16.9285,16.936
2018-01-10 05:00:00,16.936,16.941,16.924500000000002,16.924500000000002
2018-01-10 05:15:00,16.926999999999996,16.939999999999998,16.924500000000002,16.939999999999998
2018-01-10 05:30:00,16.939,16.941,16.926000000000002,16.93
2018-01-10 05:45:00,16.931,16.936,16.9155,16.916999999999998
2018-01-10 06:00:00,16.92,16.941,16.9155,16.921999999999997
2018-01-10 06:15:00,16.9215,16.933999999999997,16.9165,16.929
2018-01-10 06:30:00,16.927999999999997,16.93,16.9125,16.924
2018-01-10 06:45:00,16.923,16.935,16.9115,16.935
2018-01-10 07:00:00,16.933999999999997,16.954,16.9285,16.949
2018-01-10 07:15:00,16.9455,16.961,16.9425,16.957
2018-01-10 07:30:00,16.955,16.967,16.943,16.953000000000003
2018-01-10 07:45:00,16.9535,16.973,16.9525,16.9695
2018-01-10 08:00:00,16.971999999999998,17.018,16.9695,17.017
2018-01-10 08:15:00,17.014499999999998,17.026999999999997,17.0065,17.0065
2018-01-10 08:30:00,17.009,17.032999999999998,17.0065,17.028
2018-01-10 08:45:00,17.026999999999997,17.028,16.9955,17.000500000000002
2018-01-10 09:00:00,17.003,17.029,17.000500000000002,17.023
2018-01-10 09:15:00,17.024,17.024,17.0115,17.021
2018-01-10 09:30:00,17.023,17.029,17.0115,17.024
2018-01-10 09:45:00,17.025000000000002,17.043999999999997,17.0165,17.0165
2018-01-10 10:00:00,17.017,17.051,17.0115,17.044999999999998
2018-01-10 10:15:00,17.046,17.058,17.019499999999997,17.0335
2018-01-10 10:30:00,17.0315,17.098999999999997,17.0305,17.097
2018-01-10 10:45:00,17.098000000000003,17.141499999999997,17.0835,17.12
2018-01-10 11:00:00,17.122,17.192,17.1175,17.174500000000002
2018-01-10 11:15:00,17.172500000000003,17.1905,17.1565,17.176000000000002
2018-01-10 11:30:00,17.1755,17.183,17.1655,17.1755
2018-01-10 11:45:00,17.177999999999997,17.1795,17.141000000000002,17.142000000000003
2018-01-10 12:00:00,17.139499999999998,17.165999999999997,17.115,17.158
2018-01-10 12:15:00,17.1545,17.157,17.1295,17.148999999999997
2018-01-10 12:30:00,17.15,17.154,17.1095,17.127
2018-01-10 12:45:00,17.128,17.130000000000003,17.1095,17.1175
2018-01-10 13:00:00,17.12,17.122,17.0875,17.109
2018-01-10 13:15:00,17.108,17.1465,17.105500000000003,17.1265
2018-01-10 13:30:00,17.129,17.133,17.0795,17.083
2018-01-10 13:45:00,17.084,17.092000000000002,17.0675,17.086000000000002
2018-01-10 14:00:00,17.084,17.098000000000003,17.075499999999998,17.076999999999998
2018-01-10 14:15:00,17.0735,17.078,17.0425,17.048999999999996
2018-01-10 14:30:00,17.047,17.047,16.9985,17.019499999999997
2018-01-10 14:45:00,17.022,17.047,17.015,17.042
2018-01-10 15:00:00,17.04,17.072,17.0395,17.065
2018-01-10 15:15:00,17.061500000000002,17.078,17.0465,17.063
2018-01-10 15:30:00,17.061999999999998,17.068499999999997,17.0315,17.051
2018-01-10 15:45:00,17.054,17.055,17.023,17.032
2018-01-10 16:00:00,17.028,17.043,17.014000000000003,17.020000000000003
2018-01-10 16:15:00,17.022,17.032999999999998,17.004,17.0155
2018-01-10 16:30:00,17.015,17.018,16.9985,17.013
2018-01-10 16:45:00,17.011,17.017,16.96,16.981
2018-01-10 17:00:00,16.98,17.016,16.970000000000002,17.009
2018-01-10 17:15:00,17.007,17.026999999999997,17.000999999999998,17.004
2018-01-10 17:30:00,17.003,17.004,16.9925,17.000999999999998
2018-01-10 17:45:00,17.003,17.019499999999997,17.003,17.009
2018-01-10 18:00:00,17.008000000000003,17.026,17.0055,17.011
2018-01-10 18:15:00,17.01,17.031000000000002,17.000999999999998,17.016
2018-01-10 18:30:00,17.01,17.025499999999997,17.008000000000003,17.019000000000002
2018-01-10 18:45:00,17.019499999999997,17.024499999999996,17.005,17.013
2018-01-10 19:00:00,17.014000000000003,17.024499999999996,16.98,16.985
2018-01-10 19:15:00,16.982999999999997,17.000999999999998,16.971999999999998,16.973
2018-01-10 19:30:00,16.9735,16.9965,16.971999999999998,16.993
2018-01-10 19:45:00,16.992,17.0015,16.982999999999997,16.9915
2018-01-10 20:00:00,16.9965,17.0165,16.98,16.983999999999998
2018-01-10 20:15:00,16.985,17.006,16.98,16.994
2018-01-10 20:30:00,16.993,17.000999999999998,16.9865,16.993
2018-01-10 20:45:00,16.994,17.000999999999998,16.981,16.988999999999997
2018-01-10 21:00:00,16.9865,16.9965,16.9865,16.988999999999997
2018-01-10 21:15:00,16.988500000000002,16.991,16.9805,16.9805
2018-01-10 21:30:00,16.9815,16.9825,16.9795,16.9815
2018-01-10 21:45:00,16.9795,16.9795,16.964499999999997,16.975
2018-01-10 23:00:00,16.993,16.994,16.982,16.991
2018-01-10 23:15:00,16.992,16.996,16.9865,16.9935
2018-01-10 23:30:00,16.9925,17.000999999999998,16.988999999999997,16.994999999999997
2018-01-10 23:45:00,16.996,17.005,16.985500000000002,17.000999999999998
2018-01-11 01:00:00,17.020000000000003,17.021,16.9915,17.000999999999998
2018-01-11 01:15:00,17.000500000000002,17.004,16.991,17.0015
2018-01-11 01:30:00,17.000999999999998,17.022,16.993,17.013
2018-01-11 01:45:00,17.016,17.017,17.0055,17.0155
2018-01-11 02:00:00,17.016,17.018,17.0045,17.018
2018-01-11 02:15:00,17.0155,17.020000000000003,17.008499999999998,17.017
2018-01-11 02:30:00,17.0135,17.0265,17.0135,17.020000000000003
2018-01-11 02:45:00,17.019499999999997,17.041,17.019499999999997,17.04
2018-01-11 03:00:00,17.038999999999998,17.052,17.028499999999998,17.028499999999998
2018-01-11 03:15:00,17.031000000000002,17.031000000000002,17.016,17.016
2018-01-11 03:30:00,17.014000000000003,17.032999999999998,17.01,17.014000000000003
2018-01-11 03:45:00,17.019000000000002,17.021,17.008499999999998,17.016
2018-01-11 04:00:00,17.0155,17.021,17.0105,17.011
2018-01-11 04:15:00,17.01,17.012,16.994500000000002,17.002
2018-01-11 04:30:00,17.000999999999998,17.000999999999998,16.9845,16.992
2018-01-11 04:45:00,16.994,17.01,16.9905,17.0
2018-01-11 05:00:00,17.0,17.011,16.988999999999997,16.999
2018-01-11 05:15:00,17.0,17.009,16.9965,17.009
2018-01-11 05:30:00,17.01,17.019000000000002,17.0025,17.015
2018-01-11 05:45:00,17.016,17.020000000000003,17.0045,17.013
2018-01-11 06:00:00,17.0115,17.021,16.998,17.021
2018-01-11 06:15:00,17.0205,17.026999999999997,17.014000000000003,17.020000000000003
2018-01-11 06:30:00,17.0175,17.021,17.0095,17.016
2018-01-11 06:45:00,17.016,17.016,17.005,17.013
2018-01-11 07:00:00,17.0115,17.03,17.0,17.023
2018-01-11 07:15:00,17.021,17.029,17.017,17.022
2018-01-11 07:30:00,17.025000000000002,17.026999999999997,16.996,17.002
2018-01-11 07:45:00,16.999,17.0235,16.997999999999998,17.0235
2018-01-11 08:00:00,17.0215,17.0385,17.0095,17.029
2018-01-11 08:15:00,17.026000000000003,17.029,17.0095,17.018
2018-01-11 08:30:00,17.016,17.028,17.0035,17.014000000000003
2018-01-11 08:45:00,17.015,17.0295,17.007,17.015
2018-01-11 09:00:00,17.015,17.0295,17.0035,17.021
2018-01-11 09:15:00,17.0265,17.0265,16.999,17.01
2018-01-11 09:30:00,17.008499999999998,17.0275,17.004,17.012
2018-01-11 09:45:00,17.0115,17.021,17.009,17.016
2018-01-11 10:00:00,17.020000000000003,17.025000000000002,17.012,17.020000000000003
2018-01-11 10:15:00,17.022,17.027,17.011499999999998,17.024
2018-01-11 10:30:00,17.0245,17.035,17.015,17.028
2018-01-11 10:45:00,17.025499999999997,17.029,17.0135,17.018
2018-01-11 11:00:00,17.013,17.023,17.01,17.020000000000003
2018-01-11 11:15:00,17.0175,17.018,17.0135,17.017
2018-01-11 11:30:00,17.016,17.018,17.0095,17.014000000000003
2018-01-11 11:45:00,17.0115,17.015,17.009,17.0115
2018-01-11 12:00:00,17.012,17.020000000000003,17.007,17.0105
2018-01-11 12:15:00,17.006500000000003,17.006500000000003,16.955,16.9565
2018-01-11 12:30:00,16.959000000000003,16.984500000000004,16.952499999999997,16.957
2018-01-11 12:45:00,16.9615,16.984500000000004,16.9505,16.9765
2018-01-11 13:00:00,16.9765,17.021,16.976,17.018499999999996
2018-01-11 13:15:00,17.013499999999997,17.017500000000002,16.9805,16.9815
2018-01-11 13:30:00,17.012,17.032999999999998,16.9735,17.009
2018-01-11 13:45:00,17.007,17.014000000000003,16.991,16.997
2018-01-11 14:00:00,17.0055,17.011,16.974,16.985
2018-01-11 14:15:00,16.987000000000002,16.996,16.975,16.985
2018-01-11 14:30:00,16.986,17.013499999999997,16.975,17.009
2018-01-11 14:45:00,17.009,17.023,16.988500000000002,17.018
2018-01-11 15:00:00,17.018499999999996,17.027,17.002,17.008499999999998
2018-01-11 15:15:00,17.0045,17.013499999999997,16.8765,16.935
2018-01-11 15:30:00,16.933999999999997,16.965000000000003,16.93,16.953000000000003
2018-01-11 15:45:00,16.952,16.9765,16.9495,16.9765
2018-01-11 16:00:00,16.9695,16.981,16.961,16.969
2018-01-11 16:15:00,16.970000000000002,17.0125,16.968,17.004
2018-01-11 16:30:00,17.011,17.019000000000002,16.9975,17.015
2018-01-11 16:45:00,17.017,17.024,17.004,17.011
2018-01-11 17:00:00,17.008499999999998,17.014000000000003,16.993,16.9975
2018-01-11 17:15:00,17.0,17.003,16.987999999999996,16.996
2018-01-11 17:30:00,16.99,17.016,16.988500000000002,17.004
2018-01-11 17:45:00,17.005,17.006,16.991,16.999
2018-01-11 18:00:00,17.002,17.036,16.994999999999997,16.997
2018-01-11 18:15:00,16.9995,17.0055,16.933500000000002,16.953000000000003
2018-01-11 18:30:00,16.95,16.9715,16.9305,16.969
2018-01-11 18:45:00,16.9665,16.981,16.962,16.979
2018-01-11 19:00:00,16.9765,16.988999999999997,16.975,16.986
2018-01-11 19:15:00,16.988999999999997,17.004,16.9845,16.994999999999997
2018-01-11 19:30:00,16.991,17.008000000000003,16.985,17.003
2018-01-11 19:45:00,17.007,17.011,16.999,17.002
2018-01-11 20:00:00,17.000999999999998,17.007,16.998,17.007
2018-01-11 20:15:00,17.006,17.006,16.98,16.988
2018-01-11 20:30:00,16.985,16.991,16.975,16.983999999999998
2018-01-11 20:45:00,16.984500000000004,16.99,16.961,16.9815
2018-01-11 21:00:00,16.982,16.996,16.9775,16.988999999999997
2018-01-11 21:15:00,16.991,16.999,16.99,16.996
2018-01-11 21:30:00,16.9965,17.0065,16.9965,17.0015
2018-01-11 21:45:00,17.0015,17.0065,16.988500000000002,16.991
2018-01-11 23:00:00,16.994999999999997,16.994999999999997,16.99,16.994
2018-01-11 23:15:00,16.989500000000003,17.005,16.988999999999997,17.005
2018-01-11 23:30:00,17.004,17.009,16.9985,17.007
2018-01-11 23:45:00,17.006,17.016,16.9965,17.0115
2018-01-12 01:00:00,17.032,17.0325,17.000999999999998,17.0175
2018-01-12 01:15:00,17.020000000000003,17.026999999999997,17.01,17.019000000000002
2018-01-12 01:30:00,17.021,17.029,17.0175,17.029
2018-01-12 01:45:00,17.027,17.029,17.0165,17.029
2018-01-12 02:00:00,17.028,17.051,17.022,17.046
2018-01-12 02:15:00,17.044999999999998,17.092000000000002,17.0395,17.081000000000003
2018-01-12 02:30:00,17.082,17.082,17.0675,17.073
2018-01-12 02:45:00,17.075000000000003,17.098999999999997,17.0685,17.0925
2018-01-12 03:00:00,17.095,17.103,17.0835,17.103
2018-01-12 03:15:00,17.102,17.109,17.0905,17.095
2018-01-12 03:30:00,17.093999999999998,17.095,17.086499999999997,17.089
2018-01-12 03:45:00,17.087000000000003,17.098999999999997,17.086499999999997,17.098999999999997
2018-01-12 04:00:00,17.099999999999998,17.105999999999998,17.0925,17.0925
2018-01-12 04:15:00,17.093,17.109999999999996,17.0875,17.108
2018-01-12 04:30:00,17.107,17.145,17.103,17.132
2018-01-12 04:45:00,17.134,17.134,17.111500000000003,17.119
2018-01-12 05:00:00,17.12,17.130000000000003,17.1025,17.119
2018-01-12 05:15:00,17.116500000000002,17.121,17.1025,17.1025
2018-01-12 05:30:00,17.104999999999997,17.133,17.098999999999997,17.125
2018-01-12 05:45:00,17.122500000000002,17.125,17.111500000000003,17.114
2018-01-12 06:00:00,17.113,17.129,17.111500000000003,17.121
2018-01-12 06:15:00,17.119,17.132,17.1175,17.1245
2018-01-12 06:30:00,17.126,17.136000000000003,17.12,17.134
2018-01-12 06:45:00,17.135,17.135,17.114,17.129
2018-01-12 07:00:00,17.128,17.145,17.122500000000002,17.1425
2018-01-12 07:15:00,17.145,17.147499999999997,17.114,17.114
2018-01-12 07:30:00,17.116999999999997,17.1215,17.107,17.108
2018-01-12 07:45:00,17.1085,17.110999999999997,17.086000000000002,17.104
2018-01-12 08:00:00,17.099,17.103,17.0665,17.076
2018-01-12 08:15:00,17.076,17.103,17.0735,17.095
2018-01-12 08:30:00,17.096,17.099999999999998,17.073,17.097
2018-01-12 08:45:00,17.103,17.126,17.099,17.122500000000002
2018-01-12 09:00:00,17.126,17.153000000000002,17.124499999999998,17.14
2018-01-12 09:15:00,17.139,17.148000000000003,17.116,17.148000000000003
2018-01-12 09:30:00,17.147000000000002,17.1565,17.1375,17.146
2018-01-12 09:45:00,17.148999999999997,17.148999999999997,17.1145,17.124
2018-01-12 10:00:00,17.122999999999998,17.129,17.116999999999997,17.1235
2018-01-12 10:15:00,17.126,17.137,17.1125,17.137
2018-01-12 10:30:00,17.135,17.159000000000002,17.133,17.156
2018-01-12 10:45:00,17.157,17.163,17.1315,17.137
2018-01-12 11:00:00,17.141000000000002,17.15,17.138,17.143
2018-01-12 11:15:00,17.145,17.149,17.122999999999998,17.126
2018-01-12 11:30:00,17.1285,17.142000000000003,17.126,17.129
2018-01-12 11:45:00,17.130000000000003,17.136000000000003,17.119,17.134
2018-01-12 12:00:00,17.130000000000003,17.1425,17.1045,17.1315
2018-01-12 12:15:00,17.131,17.138,17.116999999999997,17.126
2018-01-12 12:30:00,17.1235,17.1435,17.1235,17.1435
2018-01-12 12:45:00,17.1435,17.163,17.134,17.153000000000002
2018-01-12 13:00:00,17.1495,17.18,17.149,17.169
2018-01-12 13:15:00,17.169,17.171999999999997,17.1325,17.1385
2018-01-12 13:30:00,17.044,17.141000000000002,17.0385,17.049
2018-01-12 13:45:00,17.055500000000002,17.075499999999998,17.0305,17.055
2018-01-12 14:00:00,17.049999999999997,17.0645,17.028,17.048000000000002
2018-01-12 14:15:00,17.053,17.076999999999998,17.042,17.069000000000003
2018-01-12 14:30:00,17.075000000000003,17.096,17.049999999999997,17.093
2018-01-12 14:45:00,17.086000000000002,17.0965,17.0665,17.087000000000003
2018-01-12 15:00:00,17.087999999999997,17.117500000000003,17.085,17.0905
2018-01-12 15:15:00,17.093999999999998,17.108,17.086000000000002,17.103
2018-01-12 15:30:00,17.1005,17.135499999999997,17.0985,17.130499999999998
2018-01-12 15:45:00,17.131,17.1495,17.129,17.135499999999997
2018-01-12 16:00:00,17.129499999999997,17.14,17.115,17.1255
2018-01-12 16:15:00,17.1245,17.1295,17.108,17.12
2018-01-12 16:30:00,17.118,17.124499999999998,17.1005,17.116
2018-01-12 16:45:00,17.110500000000002,17.1195,17.099999999999998,17.113
2018-01-12 17:00:00,17.115,17.122999999999998,17.101,17.101
2018-01-12 17:15:00,17.098,17.104999999999997,17.09,17.097
2018-01-12 17:30:00,17.0945,17.1035,17.083,17.102
2018-01-12 17:45:00,17.099999999999998,17.116999999999997,17.0995,17.115
2018-01-12 18:00:00,17.114,17.128,17.11,17.12
2018-01-12 18:15:00,17.118,17.153000000000002,17.115,17.153000000000002
2018-01-12 18:30:00,17.1505,17.187,17.146499999999996,17.182
2018-01-12 18:45:00,17.18,17.233999999999998,17.18,17.221
2018-01-12 19:00:00,17.223,17.238,17.219,17.229
2018-01-12 19:15:00,17.229,17.261,17.219,17.259
2018-01-12 19:30:00,17.255,17.255,17.2145,17.221999999999998
2018-01-12 19:45:00,17.2265,17.242,17.2155,17.238
2018-01-12 20:00:00,17.238999999999997,17.267,17.236,17.265
2018-01-12 20:15:00,17.2665,17.284,17.264000000000003,17.282999999999998
2018-01-12 20:30:00,17.282,17.29,17.264499999999998,17.268
2018-01-12 20:45:00,17.268499999999996,17.274,17.25,17.258000000000003
2018-01-12 21:00:00,17.2565,17.274,17.251,17.268
2018-01-12 21:15:00,17.267,17.2705,17.263,17.263
2018-01-12 21:30:00,17.2675,17.2685,17.252000000000002,17.2545
2018-01-12 21:45:00,17.2555,17.26,17.243,17.243
2018-01-14 23:00:00,17.244999999999997,17.256,17.244999999999997,17.2475
2018-01-14 23:15:00,17.244999999999997,17.246,17.225,17.2345
2018-01-14 23:30:00,17.2355,17.2355,17.2245,17.226999999999997
2018-01-14 23:45:00,17.226000000000003,17.2375,17.2205,17.2295
2018-01-15 01:00:00,17.232,17.264000000000003,17.2165,17.261
2018-01-15 01:15:00,17.26,17.267,17.232,17.235
2018-01-15 01:30:00,17.233999999999998,17.246,17.2155,17.244999999999997
2018-01-15 01:45:00,17.242,17.257,17.226,17.246
2018-01-15 02:00:00,17.251,17.320999999999998,17.247,17.305500000000002
2018-01-15 02:15:00,17.304,17.324499999999997,17.2955,17.301
2018-01-15 02:30:00,17.307499999999997,17.315,17.293999999999997,17.31
2018-01-15 02:45:00,17.3045,17.325000000000003,17.299,17.305
2018-01-15 03:00:00,17.304,17.319499999999998,17.297,17.311
2018-01-15 03:15:00,17.311,17.3365,17.311,17.326999999999998
2018-01-15 03:30:00,17.326,17.337000000000003,17.318,17.333
2018-01-15 03:45:00,17.329,17.3465,17.326999999999998,17.3415
2018-01-15 04:00:00,17.342000000000002,17.343999999999998,17.329,17.341
2018-01-15 04:15:00,17.3385,17.352,17.3385,17.347
2018-01-15 04:30:00,17.345,17.3545,17.342000000000002,17.348999999999997
2018-01-15 04:45:00,17.348,17.351,17.334,17.345
2018-01-15 05:00:00,17.342000000000002,17.354,17.333,17.345
2018-01-15 05:15:00,17.347,17.398999999999997,17.347,17.386000000000003
2018-01-15 05:30:00,17.389,17.415,17.382,17.391000000000002
2018-01-15 05:45:00,17.39,17.401,17.381,17.3925
2018-01-15 06:00:00,17.393,17.43,17.393,17.403000000000002
2018-01-15 06:15:00,17.394,17.408,17.377,17.393
2018-01-15 06:30:00,17.3935,17.4055,17.386499999999998,17.3935
2018-01-15 06:45:00,17.393,17.3985,17.353,17.3675
2018-01-15 07:00:00,17.363,17.379,17.348999999999997,17.373
2018-01-15 07:15:00,17.374000000000002,17.402,17.345,17.345
2018-01-15 07:30:00,17.346500000000002,17.363,17.34,17.345
2018-01-15 07:45:00,17.3455,17.387999999999998,17.34,17.379
2018-01-15 08:00:00,17.379,17.379,17.348,17.358
2018-01-15 08:15:00,17.359,17.380000000000003,17.352,17.352
2018-01-15 08:30:00,17.351,17.360999999999997,17.3285,17.349999999999998
2018-01-15 08:45:00,17.348,17.379499999999997,17.345,17.3595
2018-01-15 09:00:00,17.362,17.3675,17.349999999999998,17.3565
2018-01-15 09:15:00,17.3545,17.366500000000002,17.3385,17.339
2018-01-15 09:30:00,17.341,17.36,17.34,17.345
2018-01-15 09:45:00,17.343999999999998,17.372500000000002,17.337999999999997,17.360999999999997
2018-01-15 10:00:00,17.362499999999997,17.371,17.3435,17.360999999999997
2018-01-15 10:15:00,17.3575,17.3775,17.3535,17.368
2018-01-15 10:30:00,17.369,17.3715,17.3525,17.3525
2018-01-15 10:45:00,17.353,17.3675,17.349,17.354999999999997
2018-01-15 11:00:00,17.355999999999998,17.3595,17.3355,17.341
2018-01-15 11:15:00,17.342000000000002,17.3515,17.3345,17.3365
2018-01-15 11:30:00,17.3375,17.3565,17.3335,17.353
2018-01-15 11:45:00,17.354,17.354999999999997,17.333,17.333
2018-01-15 12:00:00,17.334,17.348,17.313499999999998,17.3385
2018-01-15 12:15:00,17.337999999999997,17.349,17.3335,17.334
2018-01-15 12:30:00,17.334,17.3435,17.3275,17.3275
2018-01-15 12:45:00,17.326,17.3395,17.326,17.337999999999997
2018-01-15 13:00:00,17.339,17.348999999999997,17.3365,17.3465
2018-01-15 13:15:00,17.348000000000003,17.348000000000003,17.333,17.3375
2018-01-15 13:30:00,17.339,17.3535,17.326999999999998,17.349500000000003
2018-01-15 13:45:00,17.3455,17.364,17.3425,17.3595
2018-01-15 14:00:00,17.3575,17.365,17.3505,17.365
2018-01-15 14:15:00,17.358999999999998,17.365,17.3445,17.352
2018-01-15 14:30:00,17.349999999999998,17.353,17.3395,17.3435
2018-01-15 14:45:00,17.3425,17.3545,17.3405,17.3475
2018-01-15 15:00:00,17.3535,17.3575,17.329,17.354999999999997
2018-01-15 15:15:00,17.353,17.378,17.353,17.37
2018-01-15 15:30:00,17.3675,17.383,17.364,17.379
2018-01-15 15:45:00,17.385,17.3875,17.365,17.375
2018-01-15 16:00:00,17.3815,17.3815,17.333,17.346
2018-01-15 16:15:00,17.347,17.358,17.343999999999998,17.350500000000004
2018-01-15 16:30:00,17.357,17.369,17.349999999999998,17.364
2018-01-15 16:45:00,17.365,17.368,17.352,17.360999999999997
2018-01-15 17:00:00,17.36,17.3655,17.355999999999998,17.3595
2018-01-15 17:15:00,17.36,17.3635,17.355999999999998,17.3575
2018-01-15 17:30:00,17.358,17.3725,17.3565,17.36
2018-01-15 17:45:00,17.359,17.374000000000002,17.3525,17.353
2018-01-15 18:00:00,17.352,17.352,17.352,17.352
2018-01-15 23:00:00,17.3395,17.353,17.3395,17.351
2018-01-15 23:15:00,17.349999999999998,17.374000000000002,17.347,17.374000000000002
2018-01-15 23:30:00,17.373,17.378,17.36,17.3655
2018-01-15 23:45:00,17.366500000000002,17.377,17.3655,17.368
2018-01-16 01:00:00,17.341,17.343,17.326,17.3325
2018-01-16 01:15:00,17.3315,17.337000000000003,17.325000000000003,17.331
2018-01-16 01:30:00,17.3315,17.342000000000002,17.324,17.329
2018-01-16 01:45:00,17.3285,17.34,17.324,17.337000000000003
2018-01-16 02:00:00,17.337999999999997,17.342000000000002,17.3285,17.337000000000003
2018-01-16 02:15:00,17.336000000000002,17.353,17.3315,17.348000000000003
2018-01-16 02:30:00,17.347,17.366,17.3435,17.3475
2018-01-16 02:45:00,17.346500000000002,17.352,17.3395,17.3395
2018-01-16 03:00:00,17.339,17.353,17.333,17.348999999999997
2018-01-16 03:15:00,17.3455,17.359,17.3455,17.359
2018-01-16 03:30:00,17.358,17.359,17.34,17.346
2018-01-16 03:45:00,17.345,17.351,17.3415,17.346
2018-01-16 04:00:00,17.346500000000002,17.351,17.3435,17.3485
2018-01-16 04:15:00,17.351,17.355999999999998,17.3485,17.355999999999998
2018-01-16 04:30:00,17.354,17.366,17.348999999999997,17.3565
2018-01-16 04:45:00,17.355999999999998,17.359,17.3475,17.354
2018-01-16 05:00:00,17.353,17.3625,17.3525,17.3525
2018-01-16 05:15:00,17.354999999999997,17.36,17.3475,17.3585
2018-01-16 05:30:00,17.358,17.365,17.343,17.3435
2018-01-16 05:45:00,17.343,17.351,17.3355,17.347
2018-01-16 06:00:00,17.343999999999998,17.347,17.3365,17.3395
2018-01-16 06:15:00,17.339,17.342,17.337,17.339
2018-01-16 06:30:00,17.3395,17.351,17.339,17.342
2018-01-16 06:45:00,17.3425,17.3445,17.326,17.3275
2018-01-16 07:00:00,17.3275,17.328,17.2685,17.272
2018-01-16 07:15:00,17.264000000000003,17.291,17.2635,17.270000000000003
2018-01-16 07:30:00,17.272,17.2745,17.248,17.254
2018-01-16 07:45:00,17.257,17.271,17.251,17.26
2018-01-16 08:00:00,17.258000000000003,17.278,17.249,17.269000000000002
2018-01-16 08:15:00,17.269000000000002,17.282999999999998,17.258000000000003,17.282
2018-01-16 08:30:00,17.281000000000002,17.281000000000002,17.196,17.197000000000003
2018-01-16 08:45:00,17.2,17.2125,17.127,17.165999999999997
2018-01-16 09:00:00,17.166999999999998,17.192,17.16,17.1905
2018-01-16 09:15:00,17.1905,17.191000000000003,16.8685,17.032
2018-01-16 09:30:00,17.032,17.09,17.012,17.076999999999998
2018-01-16 09:45:00,17.0775,17.083,17.049500000000002,17.0575
2018-01-16 10:00:00,17.0565,17.06,17.0235,17.03
2018-01-16 10:15:00,17.024,17.053,17.008000000000003,17.048000000000002
2018-01-16 10:30:00,17.049,17.058,17.012,17.0185
2018-01-16 10:45:00,17.020000000000003,17.041,17.004,17.041
2018-01-16 11:00:00,17.0475,17.055999999999997,17.032,17.043
2018-01-16 11:15:00,17.0435,17.048999999999996,17.036,17.042
2018-01-16 11:30:00,17.041,17.066,17.037000000000003,17.065
2018-01-16 11:45:00,17.0655,17.091,17.051,17.063
2018-01-16 12:00:00,17.063,17.160999999999998,17.0565,17.132
2018-01-16 12:15:00,17.133,17.1485,17.1145,17.145
2018-01-16 12:30:00,17.139,17.1515,17.125,17.145
2018-01-16 12:45:00,17.146,17.148000000000003,17.124499999999998,17.129
2018-01-16 13:00:00,17.130000000000003,17.14,17.116500000000002,17.126
2018-01-16 13:15:00,17.133,17.133,17.081000000000003,17.097
2018-01-16 13:30:00,17.102,17.116999999999997,17.095,17.099999999999998
2018-01-16 13:45:00,17.099,17.122999999999998,17.068,17.083
2018-01-16 14:00:00,17.080499999999997,17.091,17.0615,17.085
2018-01-16 14:15:00,17.0835,17.109,17.081000000000003,17.099
2018-01-16 14:30:00,17.099999999999998,17.125,17.093999999999998,17.108
2018-01-16 14:45:00,17.102,17.104,17.068,17.068
2018-01-16 15:00:00,17.068499999999997,17.114,17.067,17.114
2018-01-16 15:15:00,17.110999999999997,17.158,17.107,17.133
2018-01-16 15:30:00,17.14,17.152,17.116,17.129
2018-01-16 15:45:00,17.128,17.1585,17.1255,17.146
2018-01-16 16:00:00,17.143,17.160999999999998,17.1315,17.158
2018-01-16 16:15:00,17.1535,17.165000000000003,17.1335,17.1355
2018-01-16 16:30:00,17.133,17.148000000000003,17.132,17.145
2018-01-16 16:45:00,17.153000000000002,17.164,17.1395,17.154999999999998
2018-01-16 17:00:00,17.1615,17.1615,17.1425,17.153000000000002
2018-01-16 17:15:00,17.154,17.154,17.127,17.129
2018-01-16 17:30:00,17.129,17.154999999999998,17.12,17.154999999999998
2018-01-16 17:45:00,17.152,17.187,17.1495,17.1735
2018-01-16 18:00:00,17.175,17.181,17.16,17.163
2018-01-16 18:15:00,17.1645,17.204,17.1645,17.196499999999997
2018-01-16 18:30:00,17.201,17.215,17.1935,17.2065
2018-01-16 18:45:00,17.209000000000003,17.223,17.2065,17.221
2018-01-16 19:00:00,17.220000000000002,17.2255,17.197000000000003,17.206
2018-01-16 19:15:00,17.207,17.232,17.203000000000003,17.231
2018-01-16 19:30:00,17.232999999999997,17.235,17.220000000000002,17.220000000000002
2018-01-16 19:45:00,17.221,17.225,17.194,17.205
2018-01-16 20:00:00,17.2045,17.207,17.185499999999998,17.1945
2018-01-16 20:15:00,17.196,17.212,17.191000000000003,17.2055
2018-01-16 20:30:00,17.205,17.217,17.201,17.217
2018-01-16 20:45:00,17.2145,17.23,17.206,17.226999999999997
2018-01-16 21:00:00,17.225,17.225,17.204,17.205
2018-01-16 21:15:00,17.206,17.212,17.194,17.2055
2018-01-16 21:30:00,17.2045,17.2055,17.1945,17.195
2018-01-16 21:45:00,17.1945,17.2005,17.1935,17.197499999999998
2018-01-16 23:00:00,17.199,17.215000000000003,17.194,17.215000000000003
2018-01-16 23:15:00,17.212,17.212,17.202499999999997,17.212
2018-01-16 23:30:00,17.211,17.2325,17.2095,17.225
2018-01-16 23:45:00,17.226000000000003,17.226000000000003,17.2175,17.2175
2018-01-17 01:00:00,17.233999999999998,17.253,17.2255,17.241
2018-01-17 01:15:00,17.24,17.251,17.227500000000003,17.236
2018-01-17 01:30:00,17.235,17.258000000000003,17.2295,17.253
2018-01-17 01:45:00,17.2505,17.294999999999998,17.249,17.2905
2018-01-17 02:00:00,17.291,17.298000000000002,17.2535,17.261
2018-01-17 02:15:00,17.259,17.261,17.238500000000002,17.247
2018-01-17 02:30:00,17.2465,17.265,17.2465,17.247
2018-01-17 02:45:00,17.248,17.252000000000002,17.193,17.224
2018-01-17 03:00:00,17.2145,17.225,17.198,17.202
2018-01-17 03:15:00,17.1995,17.218,17.1965,17.1995
2018-01-17 03:30:00,17.202,17.212,17.1595,17.18
2018-01-17 03:45:00,17.181,17.192,17.1705,17.176000000000002
2018-01-17 04:00:00,17.177,17.203000000000003,17.173,17.201
2018-01-17 04:15:00,17.200499999999998,17.200499999999998,17.1865,17.1865
2018-01-17 04:30:00,17.189,17.197000000000003,17.1705,17.175
2018-01-17 04:45:00,17.172500000000003,17.176000000000002,17.1485,17.15
2018-01-17 05:00:00,17.1495,17.174,17.1495,17.165999999999997
2018-01-17 05:15:00,17.165000000000003,17.171999999999997,17.154999999999998,17.1605
2018-01-17 05:30:00,17.163,17.163,17.136499999999998,17.151
2018-01-17 05:45:00,17.15,17.162,17.1315,17.1445
2018-01-17 06:00:00,17.144,17.16,17.1385,17.156
2018-01-17 06:15:00,17.1535,17.176000000000002,17.1535,17.168
2018-01-17 06:30:00,17.165999999999997,17.166999999999998,17.1515,17.157
2018-01-17 06:45:00,17.156,17.156,17.119,17.1245
2018-01-17 07:00:00,17.127,17.145500000000002,17.124,17.1375
2018-01-17 07:15:00,17.139,17.148999999999997,17.132,17.138
2018-01-17 07:30:00,17.14,17.174,17.14,17.148000000000003
2018-01-17 07:45:00,17.144,17.1595,17.137,17.149
2018-01-17 08:00:00,17.156,17.198,17.149,17.193
2018-01-17 08:15:00,17.189,17.213,17.1825,17.213
2018-01-17 08:30:00,17.207,17.213,17.18,17.194
2018-01-17 08:45:00,17.19,17.208000000000002,17.1815,17.191000000000003
2018-01-17 09:00:00,17.19,17.2,17.182,17.197000000000003
2018-01-17 09:15:00,17.198999999999998,17.204,17.185,17.204
2018-01-17 09:30:00,17.202,17.207499999999996,17.188,17.195
2018-01-17 09:45:00,17.197000000000003,17.204,17.189,17.198
2018-01-17 10:00:00,17.1985,17.209000000000003,17.195,17.204
2018-01-17 10:15:00,17.202,17.2115,17.1895,17.202499999999997
2018-01-17 10:30:00,17.205,17.236,17.202499999999997,17.224
2018-01-17 10:45:00,17.2155,17.233999999999998,17.213,17.233999999999998
2018-01-17 11:00:00,17.235,17.257,17.2325,17.241
2018-01-17 11:15:00,17.246499999999997,17.247,17.21,17.224
2018-01-17 11:30:00,17.225,17.225,17.2135,17.221
2018-01-17 11:45:00,17.2185,17.238,17.2185,17.223
2018-01-17 12:00:00,17.221999999999998,17.223,17.171,17.1945
2018-01-17 12:15:00,17.197000000000003,17.212,17.191000000000003,17.203000000000003
2018-01-17 12:30:00,17.205,17.2065,17.183999999999997,17.2
2018-01-17 12:45:00,17.198999999999998,17.2225,17.189,17.214000000000002
2018-01-17 13:00:00,17.212,17.212,17.19,17.194
2018-01-17 13:15:00,17.1955,17.2045,17.159000000000002,17.159000000000002
2018-01-17 13:30:00,17.160999999999998,17.179,17.153000000000002,17.179
2018-01-17 13:45:00,17.179499999999997,17.179499999999997,17.139,17.1455
2018-01-17 14:00:00,17.144,17.1545,17.116,17.148000000000003
2018-01-17 14:15:00,17.148999999999997,17.163,17.133,17.1535
2018-01-17 14:30:00,17.153000000000002,17.173,17.131,17.139
2018-01-17 14:45:00,17.133499999999998,17.141000000000002,17.092000000000002,17.109
2018-01-17 15:00:00,17.116999999999997,17.130499999999998,17.0745,17.112
2018-01-17 15:15:00,17.113,17.1435,17.112,17.124
2018-01-17 15:30:00,17.118499999999997,17.119,17.105999999999998,17.107499999999998
2018-01-17 15:45:00,17.104,17.115000000000002,17.102,17.11
2018-01-17 16:00:00,17.112,17.1135,17.086000000000002,17.104
2018-01-17 16:15:00,17.1035,17.1135,17.0935,17.104
2018-01-17 16:30:00,17.103,17.103,17.029,17.043
2018-01-17 16:45:00,17.043999999999997,17.078,17.038999999999998,17.078
2018-01-17 17:00:00,17.076999999999998,17.104999999999997,17.070999999999998,17.0985
2018-01-17 17:15:00,17.0935,17.1255,17.093,17.122999999999998
2018-01-17 17:30:00,17.121,17.1275,17.1125,17.116999999999997
2018-01-17 17:45:00,17.116,17.14,17.111500000000003,17.1385
2018-01-17 18:00:00,17.1355,17.156,17.126,17.148000000000003
2018-01-17 18:15:00,17.146499999999996,17.166999999999998,17.136000000000003,17.165999999999997
2018-01-17 18:30:00,17.160999999999998,17.21,17.160999999999998,17.196
2018-01-17 18:45:00,17.19,17.201,17.17,17.17
2018-01-17 19:00:00,17.177999999999997,17.1785,17.14,17.16
2018-01-17 19:15:00,17.1595,17.1625,17.145,17.1525
2018-01-17 19:30:00,17.146499999999996,17.1525,17.1065,17.1085
2018-01-17 19:45:00,17.112,17.112,17.037000000000003,17.037000000000003
2018-01-17 20:00:00,17.034,17.071,17.004,17.026000000000003
2018-01-17 20:15:00,17.023,17.028,16.998,17.0215
2018-01-17 20:30:00,17.032,17.0385,16.995500000000003,17.001500000000004
2018-01-17 20:45:00,17.004,17.037000000000003,17.0,17.032
2018-01-17 21:00:00,17.032,17.037000000000003,17.019000000000002,17.036
2018-01-17 21:15:00,17.0335,17.0335,17.014000000000003,17.017
2018-01-17 21:30:00,17.0155,17.0245,17.0125,17.0245
2018-01-17 21:45:00,17.0235,17.0235,16.996,16.997999999999998
2018-01-17 23:00:00,17.032999999999998,17.035,17.023,17.028
2018-01-17 23:15:00,17.029,17.029,17.0165,17.0275
2018-01-17 23:30:00,17.0265,17.036,17.0205,17.035
2018-01-17 23:45:00,17.034,17.042,17.0225,17.038999999999998
2018-01-18 01:00:00,17.0375,17.041,16.9785,17.0155
2018-01-18 01:15:00,17.018,17.024,17.000500000000002,17.009
2018-01-18 01:30:00,17.008000000000003,17.014000000000003,16.9615,16.9755
2018-01-18 01:45:00,16.975,17.0125,16.967499999999998,17.006
2018-01-18 02:00:00,17.006500000000003,17.021,17.0045,17.012
2018-01-18 02:15:00,17.015,17.046,17.008499999999998,17.0325
2018-01-18 02:30:00,17.032999999999998,17.043999999999997,17.0235,17.037000000000003
2018-01-18 02:45:00,17.036,17.041,17.0295,17.036
2018-01-18 03:00:00,17.035,17.035,17.021,17.023
2018-01-18 03:15:00,17.0205,17.028,17.016,17.023
2018-01-18 03:30:00,17.021,17.029,17.014499999999998,17.0155
2018-01-18 03:45:00,17.016,17.023,17.0095,17.017
2018-01-18 04:00:00,17.018,17.031000000000002,17.0155,17.0295
2018-01-18 04:15:00,17.03,17.035,17.0235,17.031000000000002
2018-01-18 04:30:00,17.028499999999998,17.031000000000002,17.0215,17.031000000000002
2018-01-18 04:45:00,17.028499999999998,17.042,17.024,17.0345
2018-01-18 05:00:00,17.0335,17.037999999999997,17.0245,17.032
2018-01-18 05:15:00,17.0345,17.048000000000002,17.0295,17.037000000000003
2018-01-18 05:30:00,17.036,17.055999999999997,17.032,17.043
2018-01-18 05:45:00,17.0405,17.066,17.0405,17.055999999999997
2018-01-18 06:00:00,17.057,17.074,17.0405,17.061500000000002
2018-01-18 06:15:00,17.064,17.074,17.0345,17.044500000000003
2018-01-18 06:30:00,17.044999999999998,17.046,17.031000000000002,17.044999999999998
2018-01-18 06:45:00,17.046,17.046,17.035,17.043999999999997
2018-01-18 07:00:00,17.044999999999998,17.052,17.0155,17.022
2018-01-18 07:15:00,17.023,17.026999999999997,16.999,17.006
2018-01-18 07:30:00,17.005,17.042,17.002,17.035
2018-01-18 07:45:00,17.036,17.066,17.0335,17.06
2018-01-18 08:00:00,17.063,17.091,17.0595,17.076
2018-01-18 08:15:00,17.078,17.081000000000003,17.0645,17.071
2018-01-18 08:30:00,17.0685,17.076,17.0545,17.073
2018-01-18 08:45:00,17.07,17.072,17.0505,17.0535
2018-01-18 09:00:00,17.052,17.072,17.044500000000003,17.069499999999998
2018-01-18 09:15:00,17.07,17.087000000000003,17.0645,17.0645
2018-01-18 09:30:00,17.068,17.075000000000003,17.0595,17.071
2018-01-18 09:45:00,17.07,17.083,17.069000000000003,17.081000000000003
2018-01-18 10:00:00,17.0775,17.083,17.069000000000003,17.069499999999998
2018-01-18 10:15:00,17.072,17.086000000000002,17.069000000000003,17.084
2018-01-18 10:30:00,17.085499999999996,17.098000000000003,17.074,17.098000000000003
2018-01-18 10:45:00,17.095,17.109,17.086499999999997,17.098000000000003
2018-01-18 11:00:00,17.102,17.108,17.09,17.096
2018-01-18 11:15:00,17.101,17.123500000000003,17.097,17.109
2018-01-18 11:30:00,17.107,17.114,17.097,17.105999999999998
2018-01-18 11:45:00,17.108,17.108,17.074,17.074
2018-01-18 12:00:00,17.076,17.11,17.074,17.11
2018-01-18 12:15:00,17.107,17.110500000000002,17.09,17.110500000000002
2018-01-18 12:30:00,17.112,17.1125,17.07,17.07
2018-01-18 12:45:00,17.068,17.075000000000003,17.055,17.074499999999997
2018-01-18 13:00:00,17.074,17.078,17.048,17.067
2018-01-18 13:15:00,17.064,17.079,17.055,17.071
2018-01-18 13:30:00,17.063,17.084,17.017,17.034
2018-01-18 13:45:00,17.029,17.085,17.017,17.085
2018-01-18 14:00:00,17.079,17.099999999999998,17.06,17.076999999999998
2018-01-18 14:15:00,17.081000000000003,17.085,17.049999999999997,17.055999999999997
2018-01-18 14:30:00,17.055,17.137999999999998,17.0535,17.1265
2018-01-18 14:45:00,17.1235,17.136499999999998,17.1005,17.11
2018-01-18 15:00:00,17.1085,17.1155,17.0885,17.096
2018-01-18 15:15:00,17.095,17.099999999999998,17.023,17.027
2018-01-18 15:30:00,17.025000000000002,17.027,16.9905,17.012
2018-01-18 15:45:00,17.011,17.021,16.993,17.021
2018-01-18 16:00:00,17.0175,17.022,16.9875,16.999
2018-01-18 16:15:00,16.998,17.061999999999998,16.998,17.047
2018-01-18 16:30:00,17.046,17.049999999999997,17.0305,17.036
2018-01-18 16:45:00,17.0365,17.041,17.013,17.018499999999996
2018-01-18 17:00:00,17.015,17.028,17.0035,17.025000000000002
2018-01-18 17:15:00,17.025000000000002,17.038,17.023,17.023
2018-01-18 17:30:00,17.026000000000003,17.028,17.0,17.004
2018-01-18 17:45:00,17.0015,17.0165,16.9875,16.992
2018-01-18 18:00:00,16.991,16.994500000000002,16.965,16.970000000000002
2018-01-18 18:15:00,16.969,16.974,16.9435,16.951
2018-01-18 18:30:00,16.952,16.970000000000002,16.918,16.970000000000002
2018-01-18 18:45:00,16.964499999999997,16.9725,16.947000000000003,16.952
2018-01-18 19:00:00,16.9505,16.968,16.942,16.96
2018-01-18 19:15:00,16.9605,16.971999999999998,16.9595,16.965999999999998
2018-01-18 19:30:00,16.965,16.977999999999998,16.9635,16.9685
2018-01-18 19:45:00,16.971,16.999,16.965,16.987000000000002
2018-01-18 20:00:00,16.988,16.995500000000003,16.961,16.9615
2018-01-18 20:15:00,16.965,16.9715,16.914,16.914
2018-01-18 20:30:00,16.915999999999997,16.942,16.914,16.933
2018-01-18 20:45:00,16.9305,16.9545,16.93,16.9465
2018-01-18 21:00:00,16.948,16.9575,16.9465,16.950000000000003
2018-01-18 21:15:00,16.952,16.9535,16.939999999999998,16.952
2018-01-18 21:30:00,16.9495,16.9535,16.941499999999998,16.9535
2018-01-18 21:45:00,16.9515,16.9565,16.945,16.9485
2018-01-18 23:00:00,16.974,16.974,16.968,16.968
2018-01-18 23:15:00,16.969,16.9795,16.968,16.9735
2018-01-18 23:30:00,16.9745,16.98,16.9735,16.9785
2018-01-18 23:45:00,16.979,16.987000000000002,16.9705,16.982999999999997
2018-01-19 01:00:00,16.98,17.024,16.979,17.019499999999997
2018-01-19 01:15:00,17.022,17.044999999999998,17.008499999999998,17.012
2018-01-19 01:30:00,17.0115,17.038999999999998,17.008499999999998,17.031000000000002
2018-01-19 01:45:00,17.032,17.048000000000002,17.032,17.046
2018-01-19 02:00:00,17.0465,17.067,17.0385,17.038999999999998
2018-01-19 02:15:00,17.041,17.053,17.0335,17.038999999999998
2018-01-19 02:30:00,17.037999999999997,17.0485,17.0235,17.0235
2018-01-19 02:45:00,17.026000000000003,17.028,17.011,17.023
2018-01-19 03:00:00,17.0205,17.028,17.0165,17.024
2018-01-19 03:15:00,17.023,17.044999999999998,17.0225,17.0385
2018-01-19 03:30:00,17.04,17.054000000000002,17.0375,17.0425
2018-01-19 03:45:00,17.044999999999998,17.044999999999998,17.028,17.037999999999997
2018-01-19 04:00:00,17.035,17.037999999999997,17.0265,17.032999999999998
2018-01-19 04:15:00,17.031000000000002,17.038999999999998,17.027,17.034
2018-01-19 04:30:00,17.032,17.04,17.0305,17.038999999999998
2018-01-19 04:45:00,17.04,17.048999999999996,17.0325,17.0425
2018-01-19 05:00:00,17.046,17.048999999999996,17.0375,17.04
2018-01-19 05:15:00,17.038999999999998,17.04,17.0265,17.034
2018-01-19 05:30:00,17.032,17.0415,17.0215,17.0325
2018-01-19 05:45:00,17.035,17.035,17.0225,17.028
2018-01-19 06:00:00,17.029,17.055,17.0225,17.0425
2018-01-19 06:15:00,17.044999999999998,17.053,17.0425,17.053
2018-01-19 06:30:00,17.052,17.058,17.0465,17.053
2018-01-19 06:45:00,17.052,17.059,17.037000000000003,17.038999999999998
2018-01-19 07:00:00,17.038999999999998,17.053,17.032999999999998,17.043
2018-01-19 07:15:00,17.0425,17.057,17.0375,17.053
2018-01-19 07:30:00,17.055,17.065,17.048000000000002,17.064
2018-01-19 07:45:00,17.066,17.087000000000003,17.058,17.079
2018-01-19 08:00:00,17.080499999999997,17.096,17.0665,17.095
2018-01-19 08:15:00,17.0925,17.127,17.088,17.122999999999998
2018-01-19 08:30:00,17.122999999999998,17.125,17.099999999999998,17.114
2018-01-19 08:45:00,17.1125,17.139,17.108,17.122500000000002
2018-01-19 09:00:00,17.125,17.131,17.092000000000002,17.0925
2018-01-19 09:15:00,17.093,17.1245,17.087000000000003,17.104999999999997
2018-01-19 09:30:00,17.108,17.110999999999997,17.082,17.087000000000003
2018-01-19 09:45:00,17.0845,17.087000000000003,17.075000000000003,17.083
2018-01-19 10:00:00,17.087000000000003,17.104,17.087000000000003,17.104
2018-01-19 10:15:00,17.105999999999998,17.114,17.096,17.102
2018-01-19 10:30:00,17.108,17.1095,17.088,17.089
2018-01-19 10:45:00,17.084500000000002,17.096,17.078,17.093
2018-01-19 11:00:00,17.095,17.095,17.068,17.0765
2018-01-19 11:15:00,17.0775,17.085,17.038999999999998,17.074
2018-01-19 11:30:00,17.072,17.081000000000003,17.0505,17.055999999999997
2018-01-19 11:45:00,17.0535,17.055999999999997,17.0335,17.044999999999998
2018-01-19 12:00:00,17.043,17.076,17.0425,17.076
2018-01-19 12:15:00,17.0735,17.0735,17.0575,17.06
2018-01-19 12:30:00,17.0575,17.066,17.053,17.0625
2018-01-19 12:45:00,17.061999999999998,17.064,17.043999999999997,17.043999999999997
2018-01-19 13:00:00,17.046,17.046499999999998,17.013,17.032
2018-01-19 13:15:00,17.03,17.038,17.007,17.008000000000003
2018-01-19 13:30:00,17.007499999999997,17.06,17.0035,17.035
2018-01-19 13:45:00,17.035,17.042,17.020000000000003,17.038
2018-01-19 14:00:00,17.04,17.044999999999998,17.025000000000002,17.044999999999998
2018-01-19 14:15:00,17.044999999999998,17.046,17.032999999999998,17.038999999999998
2018-01-19 14:30:00,17.037999999999997,17.044999999999998,17.0125,17.04
2018-01-19 14:45:00,17.043999999999997,17.055,17.026000000000003,17.051
2018-01-19 15:00:00,17.059,17.061,17.0355,17.0455
2018-01-19 15:15:00,17.046,17.0485,17.0315,17.0315
2018-01-19 15:30:00,17.03,17.034,17.021,17.025000000000002
2018-01-19 15:45:00,17.025499999999997,17.028,16.994,17.005
2018-01-19 16:00:00,17.004,17.019000000000002,17.002,17.012
2018-01-19 16:15:00,17.017,17.0345,17.011,17.032999999999998
2018-01-19 16:30:00,17.032,17.032999999999998,17.015,17.019499999999997
2018-01-19 16:45:00,17.022,17.022,17.0095,17.013
2018-01-19 17:00:00,17.015,17.04,17.015,17.04
2018-01-19 17:15:00,17.038999999999998,17.041,17.034,17.04
2018-01-19 17:30:00,17.0375,17.043,17.0355,17.0355
2018-01-19 17:45:00,17.0365,17.04,17.0325,17.0375
2018-01-19 18:00:00,17.0365,17.0365,17.021,17.029
2018-01-19 18:15:00,17.027,17.04,17.025499999999997,17.035
2018-01-19 18:30:00,17.0355,17.043,17.031000000000002,17.0355
2018-01-19 18:45:00,17.037999999999997,17.069000000000003,17.0345,17.069000000000003
2018-01-19 19:00:00,17.071,17.079,17.061999999999998,17.07
2018-01-19 19:15:00,17.069000000000003,17.079,17.061500000000002,17.07
2018-01-19 19:30:00,17.071,17.093999999999998,17.069499999999998,17.086000000000002
2018-01-19 19:45:00,17.087999999999997,17.091,17.078,17.081000000000003
2018-01-19 20:00:00,17.080000000000002,17.080000000000002,17.055999999999997,17.06
2018-01-19 20:15:00,17.0575,17.061500000000002,17.042,17.052
2018-01-19 20:30:00,17.054000000000002,17.055999999999997,17.042,17.047
2018-01-19 20:45:00,17.048000000000002,17.048000000000002,17.024,17.03
2018-01-19 21:00:00,17.028499999999998,17.029,17.0105,17.025499999999997
2018-01-19 21:15:00,17.026000000000003,17.038,17.026000000000003,17.0375
2018-01-19 21:30:00,17.0405,17.0455,17.0365,17.0435
2018-01-19 21:45:00,17.0415,17.0415,17.023,17.023
2018-01-21 23:00:00,17.052500000000002,17.059,17.049,17.055999999999997
2018-01-21 23:15:00,17.058,17.061,17.034,17.051
2018-01-21 23:30:00,17.049999999999997,17.055500000000002,17.043000000000003,17.0545
2018-01-21 23:45:00,17.055500000000002,17.098999999999997,17.0545,17.073
2018-01-22 01:00:00,17.055999999999997,17.072,17.0545,17.06
2018-01-22 01:15:00,17.0595,17.0595,16.981,17.011
2018-01-22 01:30:00,17.016,17.032999999999998,17.011,17.032
2018-01-22 01:45:00,17.032999999999998,17.0405,17.014000000000003,17.014000000000003
2018-01-22 02:00:00,17.017,17.022,16.994,17.021
2018-01-22 02:15:00,17.023,17.037000000000003,17.016,17.026000000000003
2018-01-22 02:30:00,17.021,17.025000000000002,17.005,17.018
2018-01-22 02:45:00,17.011,17.0315,17.011,17.027
2018-01-22 03:00:00,17.0265,17.031000000000002,17.0155,17.0215
2018-01-22 03:15:00,17.022000000000002,17.027,17.015,17.0185
2018-01-22 03:30:00,17.024,17.024,17.002499999999998,17.014000000000003
2018-01-22 03:45:00,17.007,17.014000000000003,17.001500000000004,17.0075
2018-01-22 04:00:00,17.008000000000003,17.013,16.992,16.994999999999997
2018-01-22 04:15:00,16.994,17.006,16.9925,17.0025
2018-01-22 04:30:00,17.0,17.012,16.997,17.009
2018-01-22 04:45:00,17.0065,17.015,17.0065,17.015
2018-01-22 05:00:00,17.0125,17.020000000000003,17.0055,17.017
2018-01-22 05:15:00,17.016,17.016,17.000999999999998,17.009
2018-01-22 05:30:00,17.0065,17.055,17.000999999999998,17.018
2018-01-22 05:45:00,17.0175,17.03,17.007,17.029
2018-01-22 06:00:00,17.029,17.038,17.023,17.029
2018-01-22 06:15:00,17.038,17.038,17.011,17.014000000000003
2018-01-22 06:30:00,17.014499999999998,17.026999999999997,17.008499999999998,17.0095
2018-01-22 06:45:00,17.008499999999998,17.0135,16.9495,16.9635
2018-01-22 07:00:00,16.958000000000002,16.985,16.954,16.977999999999998
2018-01-22 07:15:00,16.98,16.986,16.9725,16.979
2018-01-22 07:30:00,16.981,16.986,16.979,16.986
2018-01-22 07:45:00,16.983500000000003,17.006,16.982999999999997,17.006
2018-01-22 08:00:00,17.005,17.01,16.9925,17.01
2018-01-22 08:15:00,17.008000000000003,17.015,16.988500000000002,17.0
2018-01-22 08:30:00,17.000500000000002,17.026999999999997,17.000500000000002,17.026999999999997
2018-01-22 08:45:00,17.028,17.034,17.0205,17.032
2018-01-22 09:00:00,17.032,17.064,17.03,17.054
2018-01-22 09:15:00,17.0535,17.064,17.049,17.061
2018-01-22 09:30:00,17.061999999999998,17.065,17.044,17.048000000000002
2018-01-22 09:45:00,17.047,17.063,17.046,17.054
2018-01-22 10:00:00,17.051,17.055999999999997,17.043,17.044999999999998
2018-01-22 10:15:00,17.0435,17.058,17.041,17.058
2018-01-22 10:30:00,17.054,17.076,17.0525,17.074
2018-01-22 10:45:00,17.0715,17.0765,17.063,17.072
2018-01-22 11:00:00,17.074,17.074,17.0635,17.071
2018-01-22 11:15:00,17.073,17.073,17.047,17.053
2018-01-22 11:30:00,17.054,17.057,17.0415,17.047
2018-01-22 11:45:00,17.048999999999996,17.052,17.036,17.038999999999998
2018-01-22 12:00:00,17.0365,17.051,17.0325,17.038999999999998
2018-01-22 12:15:00,17.038,17.043,17.023,17.032999999999998
2018-01-22 12:30:00,17.037000000000003,17.041,17.023,17.04
2018-01-22 12:45:00,17.038999999999998,17.04,17.019000000000002,17.031000000000002
2018-01-22 13:00:00,17.032,17.032,17.012,17.015
2018-01-22 13:15:00,17.018,17.0635,17.012,17.057
2018-01-22 13:30:00,17.058,17.0775,17.051,17.071
2018-01-22 13:45:00,17.072,17.0835,17.0605,17.0685
2018-01-22 14:00:00,17.075000000000003,17.096,17.075000000000003,17.084
2018-01-22 14:15:00,17.085,17.085,17.029,17.034
2018-01-22 14:30:00,17.04,17.043,17.003,17.012
2018-01-22 14:45:00,17.014000000000003,17.020000000000003,16.9875,16.996499999999997
2018-01-22 15:00:00,16.9985,17.014000000000003,16.988999999999997,17.014000000000003
2018-01-22 15:15:00,17.016,17.0345,17.016,17.029
2018-01-22 15:30:00,17.0305,17.059,17.023,17.058
2018-01-22 15:45:00,17.061,17.061999999999998,17.026000000000003,17.044500000000003
2018-01-22 16:00:00,17.036,17.04,17.022,17.027
2018-01-22 16:15:00,17.0345,17.0395,17.027,17.034
2018-01-22 16:30:00,17.0325,17.037000000000003,17.015,17.015
2018-01-22 16:45:00,17.017,17.018,17.006,17.008000000000003
2018-01-22 17:00:00,17.0055,17.026999999999997,16.9925,17.018
2018-01-22 17:15:00,17.016,17.0185,16.979,17.004
2018-01-22 17:30:00,16.999,17.013499999999997,16.992,16.996499999999997
2018-01-22 17:45:00,16.9975,17.009,16.994,17.008000000000003
2018-01-22 18:00:00,17.009,17.014000000000003,16.9875,17.002
2018-01-22 18:15:00,17.0075,17.011,16.977999999999998,16.982999999999997
2018-01-22 18:30:00,16.982,17.000999999999998,16.9725,16.998
2018-01-22 18:45:00,16.999,16.999,16.982999999999997,16.983500000000003
2018-01-22 19:00:00,16.988999999999997,16.994,16.979,16.988999999999997
2018-01-22 19:15:00,16.9865,16.9975,16.98,16.985
2018-01-22 19:30:00,16.987000000000002,17.011,16.985,17.006
2018-01-22 19:45:00,17.008000000000003,17.016,17.0045,17.007499999999997
2018-01-22 20:00:00,17.007,17.023,17.0,17.004
2018-01-22 20:15:00,17.007,17.017,17.002,17.007
2018-01-22 20:30:00,17.0065,17.017,17.005,17.017
2018-01-22 20:45:00,17.014499999999998,17.024,17.0095,17.020000000000003
2018-01-22 21:00:00,17.0175,17.0235,17.0155,17.020000000000003
2018-01-22 21:15:00,17.021,17.021,17.0175,17.019000000000002
2018-01-22 21:30:00,17.0175,17.0175,17.014000000000003,17.014499999999998
2018-01-22 21:45:00,17.015,17.0165,17.008499999999998,17.014499999999998
2018-01-22 23:00:00,17.005,17.006,17.002,17.005
2018-01-22 23:15:00,17.006,17.007,17.000999999999998,17.000999999999998
2018-01-22 23:30:00,17.002,17.002,16.9845,16.997
2018-01-22 23:45:00,16.998,17.022,16.99,17.0175
2018-01-23 01:00:00,17.021,17.036,17.0135,17.014499999999998
2018-01-23 01:15:00,17.017,17.046,17.017,17.041
2018-01-23 01:30:00,17.042,17.07,17.0365,17.038999999999998
2018-01-23 01:45:00,17.04,17.051,17.0275,17.048000000000002
2018-01-23 02:00:00,17.0455,17.055,17.038,17.054000000000002
2018-01-23 02:15:00,17.0515,17.052,17.0375,17.0435
2018-01-23 02:30:00,17.046,17.052,17.0395,17.046
2018-01-23 02:45:00,17.047,17.057,17.043999999999997,17.049999999999997
2018-01-23 03:00:00,17.0475,17.051,17.038999999999998,17.048000000000002
2018-01-23 03:15:00,17.048000000000002,17.066,17.0435,17.044500000000003
2018-01-23 03:30:00,17.047,17.064,17.0435,17.0565
2018-01-23 03:45:00,17.052500000000002,17.058,17.0345,17.042
2018-01-23 04:00:00,17.046,17.053,17.0345,17.04
2018-01-23 04:15:00,17.042,17.051,17.0395,17.044500000000003
2018-01-23 04:30:00,17.047,17.055999999999997,17.047,17.0535
2018-01-23 04:45:00,17.055999999999997,17.061,17.035,17.04
2018-01-23 05:00:00,17.037999999999997,17.0465,17.0185,17.041500000000003
2018-01-23 05:15:00,17.0455,17.047,17.034,17.035
2018-01-23 05:30:00,17.037999999999997,17.041,17.012,17.032
2018-01-23 05:45:00,17.028499999999998,17.0405,17.0265,17.032
2018-01-23 06:00:00,17.027,17.066,17.027,17.06
2018-01-23 06:15:00,17.065,17.095,17.056500000000003,17.0835
2018-01-23 06:30:00,17.083,17.093,17.068,17.078
2018-01-23 06:45:00,17.0775,17.087000000000003,17.0655,17.0655
2018-01-23 07:00:00,17.066,17.0785,17.052500000000002,17.076
2018-01-23 07:15:00,17.076,17.099999999999998,17.069000000000003,17.076
2018-01-23 07:30:00,17.076999999999998,17.0925,17.072,17.080000000000002
2018-01-23 07:45:00,17.079499999999996,17.0875,17.062500000000004,17.065
2018-01-23 08:00:00,17.068,17.069000000000003,17.036,17.042
2018-01-23 08:15:00,17.034,17.043,17.025000000000002,17.04
2018-01-23 08:30:00,17.035,17.0435,17.015,17.032
2018-01-23 08:45:00,17.034,17.054000000000002,17.032,17.049999999999997
2018-01-23 09:00:00,17.041,17.049500000000002,17.0215,17.0215
2018-01-23 09:15:00,17.024,17.0285,17.013,17.015
2018-01-23 09:30:00,17.017,17.017,16.995500000000003,17.008000000000003
2018-01-23 09:45:00,17.0095,17.016,17.005,17.016
2018-01-23 10:00:00,17.017,17.0425,17.0095,17.025000000000002
2018-01-23 10:15:00,17.026000000000003,17.028,17.0235,17.026000000000003
2018-01-23 10:30:00,17.026999999999997,17.026999999999997,17.006,17.008499999999998
2018-01-23 10:45:00,17.011,17.011,16.996,16.999
2018-01-23 11:00:00,16.999,17.013,16.9845,17.013
2018-01-23 11:15:00,17.01,17.025000000000002,16.977,16.977
2018-01-23 11:30:00,16.981,16.988,16.945,16.9875
2018-01-23 11:45:00,16.987000000000002,17.0005,16.982999999999997,16.982999999999997
2018-01-23 12:00:00,16.981,16.991,16.971,16.976000000000003
2018-01-23 12:15:00,16.973,16.977,16.9495,16.9615
2018-01-23 12:30:00,16.962,16.987000000000002,16.957,16.979
2018-01-23 12:45:00,16.981,16.987000000000002,16.9705,16.974
2018-01-23 13:00:00,16.9755,16.996499999999997,16.9715,16.988
2018-01-23 13:15:00,16.99,17.019000000000002,16.988,16.999
2018-01-23 13:30:00,17.000999999999998,17.019000000000002,16.997999999999998,17.008499999999998
2018-01-23 13:45:00,17.009,17.016000000000002,16.9725,16.9725
2018-01-23 14:00:00,16.970000000000002,16.974,16.778,16.8015
2018-01-23 14:15:00,16.8025,16.811,16.764499999999998,16.81
2018-01-23 14:30:00,16.8095,16.8095,16.751500000000004,16.784
2018-01-23 14:45:00,16.788,16.848000000000003,16.788,16.8345
2018-01-23 15:00:00,16.838,16.866999999999997,16.8225,16.84
2018-01-23 15:15:00,16.838,16.926,16.836000000000002,16.914
2018-01-23 15:30:00,16.9205,16.947499999999998,16.892000000000003,16.939999999999998
2018-01-23 15:45:00,16.946,16.973,16.929499999999997,16.956
2018-01-23 16:00:00,16.957,16.959000000000003,16.93,16.946499999999997
2018-01-23 16:15:00,16.948,16.95,16.919,16.95
2018-01-23 16:30:00,16.945500000000003,16.970000000000002,16.937,16.969
2018-01-23 16:45:00,16.974,17.004,16.93,16.936
2018-01-23 17:00:00,16.936,16.943,16.9235,16.9385
2018-01-23 17:15:00,16.937,16.954,16.9355,16.939
2018-01-23 17:30:00,16.939999999999998,16.956,16.9325,16.939999999999998
2018-01-23 17:45:00,16.9315,16.938,16.926,16.929
2018-01-23 18:00:00,16.933,16.936,16.9135,16.921
2018-01-23 18:15:00,16.92,16.927999999999997,16.903499999999998,16.926000000000002
2018-01-23 18:30:00,16.931,16.956,16.931,16.955
2018-01-23 18:45:00,16.954,16.988,16.948,16.965
2018-01-23 19:00:00,16.9595,16.975,16.9575,16.964000000000002
2018-01-23 19:15:00,16.963,16.993,16.963,16.992
2018-01-23 19:30:00,16.9915,17.019000000000002,16.9875,17.019000000000002
2018-01-23 19:45:00,17.0165,17.027,17.008499999999998,17.024
2018-01-23 20:00:00,17.024499999999996,17.054000000000002,17.024499999999996,17.043
2018-01-23 20:15:00,17.04,17.049999999999997,17.0165,17.042
2018-01-23 20:30:00,17.04,17.06,17.04,17.057
2018-01-23 20:45:00,17.058,17.058,17.0425,17.0535
2018-01-23 21:00:00,17.052500000000002,17.06,17.047,17.048000000000002
2018-01-23 21:15:00,17.049999999999997,17.052,17.0475,17.051
2018-01-23 21:30:00,17.049500000000002,17.0515,17.0485,17.049
2018-01-23 21:45:00,17.049500000000002,17.058,17.0485,17.058
2018-01-23 23:00:00,17.043,17.043,17.0365,17.043
2018-01-23 23:15:00,17.041,17.048999999999996,17.0325,17.0425
2018-01-23 23:30:00,17.044999999999998,17.068,17.0425,17.063
2018-01-23 23:45:00,17.063,17.068,17.0515,17.061999999999998
2018-01-24 01:00:00,17.0335,17.04,16.994500000000002,17.003
2018-01-24 01:15:00,17.005,17.038999999999998,16.9985,17.037000000000003
2018-01-24 01:30:00,17.037999999999997,17.041,17.0205,17.031000000000002
2018-01-24 01:45:00,17.028499999999998,17.037999999999997,17.019499999999997,17.031000000000002
2018-01-24 02:00:00,17.028499999999998,17.0395,17.0185,17.037000000000003
2018-01-24 02:15:00,17.035,17.046,17.031000000000002,17.04
2018-01-24 02:30:00,17.035,17.063,17.035,17.051
2018-01-24 02:45:00,17.0485,17.061999999999998,17.0435,17.06
2018-01-24 03:00:00,17.061999999999998,17.061999999999998,17.049999999999997,17.051
2018-01-24 03:15:00,17.053,17.053,17.0415,17.047
2018-01-24 03:30:00,17.048000000000002,17.058,17.0465,17.054000000000002
2018-01-24 03:45:00,17.0515,17.055,17.047,17.048000000000002
2018-01-24 04:00:00,17.0475,17.080000000000002,17.0475,17.076
2018-01-24 04:15:00,17.074,17.075000000000003,17.0485,17.051
2018-01-24 04:30:00,17.0475,17.049999999999997,17.0395,17.0405
2018-01-24 04:45:00,17.0415,17.048000000000002,17.0405,17.047
2018-01-24 05:00:00,17.044999999999998,17.0455,17.032999999999998,17.036
2018-01-24 05:15:00,17.0355,17.043,17.0355,17.038999999999998
2018-01-24 05:30:00,17.041,17.044999999999998,17.0375,17.04
2018-01-24 05:45:00,17.041,17.055999999999997,17.0355,17.055999999999997
2018-01-24 06:00:00,17.0535,17.068,17.0505,17.0625
2018-01-24 06:15:00,17.061500000000002,17.067,17.0505,17.0505
2018-01-24 06:30:00,17.052,17.076999999999998,17.043,17.0735
2018-01-24 06:45:00,17.073,17.083,17.066,17.076999999999998
2018-01-24 07:00:00,17.076,17.078,17.0635,17.07
2018-01-24 07:15:00,17.068,17.076,17.057,17.075000000000003
2018-01-24 07:30:00,17.079,17.095,17.071,17.092000000000002
2018-01-24 07:45:00,17.093999999999998,17.093999999999998,17.075000000000003,17.075000000000003
2018-01-24 08:00:00,17.078,17.1545,17.078,17.143
2018-01-24 08:15:00,17.136499999999998,17.1495,17.128,17.145
2018-01-24 08:30:00,17.148000000000003,17.176,17.145500000000002,17.176
2018-01-24 08:45:00,17.179,17.21,17.171999999999997,17.177999999999997
2018-01-24 09:00:00,17.184500000000003,17.199,17.173,17.183
2018-01-24 09:15:00,17.177999999999997,17.201,17.166500000000003,17.193
2018-01-24 09:30:00,17.1935,17.209,17.181,17.182
2018-01-24 09:45:00,17.182,17.215999999999998,17.1765,17.204
2018-01-24 10:00:00,17.204,17.219,17.2015,17.214000000000002
2018-01-24 10:15:00,17.214000000000002,17.217,17.197499999999998,17.213
2018-01-24 10:30:00,17.215,17.2565,17.2135,17.251
2018-01-24 10:45:00,17.2505,17.252000000000002,17.2265,17.236
2018-01-24 11:00:00,17.24,17.249,17.236,17.238999999999997
2018-01-24 11:15:00,17.238999999999997,17.2515,17.232999999999997,17.235
2018-01-24 11:30:00,17.238500000000002,17.248,17.220000000000002,17.225
2018-01-24 11:45:00,17.226,17.2345,17.211,17.2135
2018-01-24 12:00:00,17.214000000000002,17.217,17.183999999999997,17.19
2018-01-24 12:15:00,17.1945,17.23,17.189,17.223
2018-01-24 12:30:00,17.227999999999998,17.2505,17.225,17.2495
2018-01-24 12:45:00,17.251,17.291,17.241,17.29
2018-01-24 13:00:00,17.288999999999998,17.32,17.2745,17.285
2018-01-24 13:15:00,17.285,17.337,17.279,17.3275
2018-01-24 13:30:00,17.325000000000003,17.341,17.31,17.323
2018-01-24 13:45:00,17.324499999999997,17.345,17.2985,17.319000000000003
2018-01-24 14:00:00,17.3185,17.351499999999998,17.3185,17.343
2018-01-24 14:15:00,17.342000000000002,17.39,17.331000000000003,17.377
2018-01-24 14:30:00,17.380000000000003,17.419,17.372,17.394
2018-01-24 14:45:00,17.387000000000004,17.4325,17.383,17.4255
2018-01-24 15:00:00,17.427999999999997,17.444,17.385,17.394
2018-01-24 15:15:00,17.395,17.4195,17.374000000000002,17.409000000000002
2018-01-24 15:30:00,17.4075,17.4255,17.3695,17.413
2018-01-24 15:45:00,17.406,17.431,17.391499999999997,17.398
2018-01-24 16:00:00,17.4035,17.404,17.347,17.384
2018-01-24 16:15:00,17.387999999999998,17.425,17.380000000000003,17.414
2018-01-24 16:30:00,17.415999999999997,17.4195,17.373,17.392000000000003
2018-01-24 16:45:00,17.393,17.424,17.3885,17.424
2018-01-24 17:00:00,17.418,17.446,17.415,17.415
2018-01-24 17:15:00,17.415,17.424,17.4055,17.410999999999998
2018-01-24 17:30:00,17.413,17.446499999999997,17.398,17.442
2018-01-24 17:45:00,17.447000000000003,17.458000000000002,17.426,17.437
2018-01-24 18:00:00,17.4365,17.473,17.4175,17.437
2018-01-24 18:15:00,17.434,17.504,17.4325,17.498
2018-01-24 18:30:00,17.494,17.514000000000003,17.465999999999998,17.492
2018-01-24 18:45:00,17.494,17.556,17.494,17.549500000000002
2018-01-24 19:00:00,17.546499999999998,17.610999999999997,17.520000000000003,17.561
2018-01-24 19:15:00,17.558,17.568,17.549500000000002,17.561
2018-01-24 19:30:00,17.558,17.582,17.549,17.581000000000003
2018-01-24 19:45:00,17.583,17.592000000000002,17.523,17.539500000000004
2018-01-24 20:00:00,17.546,17.626,17.5275,17.5825
2018-01-24 20:15:00,17.5815,17.587999999999997,17.56,17.576999999999998
2018-01-24 20:30:00,17.576,17.592000000000002,17.567,17.5775
2018-01-24 20:45:00,17.573,17.574,17.563000000000002,17.568
2018-01-24 21:00:00,17.569000000000003,17.587999999999997,17.5615,17.5815
2018-01-24 21:15:00,17.5805,17.585,17.571,17.571
2018-01-24 21:30:00,17.5675,17.5735,17.5675,17.5715
2018-01-24 21:45:00,17.569000000000003,17.5735,17.5525,17.5615
2018-01-24 23:00:00,17.536,17.542,17.5275,17.5285
2018-01-24 23:15:00,17.531000000000002,17.549999999999997,17.5285,17.544999999999998
2018-01-24 23:30:00,17.546,17.5515,17.508499999999998,17.54
2018-01-24 23:45:00,17.5395,17.548000000000002,17.5215,17.5245
2018-01-25 01:00:00,17.518,17.519000000000002,17.486,17.491
2018-01-25 01:15:00,17.487,17.487,17.468,17.4745
2018-01-25 01:30:00,17.476999999999997,17.504,17.4745,17.496000000000002
2018-01-25 01:45:00,17.495,17.564,17.495,17.562
2018-01-25 02:00:00,17.5625,17.5625,17.5275,17.5365
2018-01-25 02:15:00,17.538999999999998,17.555,17.5365,17.543999999999997
2018-01-25 02:30:00,17.544999999999998,17.589,17.5425,17.583
2018-01-25 02:45:00,17.581999999999997,17.595,17.5615,17.566000000000003
2018-01-25 03:00:00,17.564,17.581999999999997,17.5615,17.574
2018-01-25 03:15:00,17.575000000000003,17.59,17.5625,17.5865
2018-01-25 03:30:00,17.5855,17.612,17.5855,17.599999999999998
2018-01-25 03:45:00,17.598999999999997,17.623,17.5925,17.605999999999998
2018-01-25 04:00:00,17.6035,17.6155,17.5925,17.6155
2018-01-25 04:15:00,17.610500000000002,17.622,17.605500000000003,17.616500000000002
2018-01-25 04:30:00,17.619,17.624000000000002,17.6095,17.6125
2018-01-25 04:45:00,17.613,17.619,17.5985,17.604
2018-01-25 05:00:00,17.605999999999998,17.617,17.5975,17.6035
2018-01-25 05:15:00,17.6025,17.62,17.6025,17.615
2018-01-25 05:30:00,17.6095,17.625,17.5975,17.625
2018-01-25 05:45:00,17.622,17.684,17.6215,17.671999999999997
2018-01-25 06:00:00,17.6695,17.674,17.6475,17.6565
2018-01-25 06:15:00,17.653000000000002,17.7,17.651500000000002,17.698
2018-01-25 06:30:00,17.698999999999998,17.708000000000002,17.668499999999998,17.674
2018-01-25 06:45:00,17.671,17.69,17.627,17.653000000000002
2018-01-25 07:00:00,17.651,17.651,17.583,17.587999999999997
2018-01-25 07:15:00,17.591,17.604,17.5565,17.602
2018-01-25 07:30:00,17.604,17.604,17.570000000000004,17.587999999999997
2018-01-25 07:45:00,17.589,17.623,17.573,17.5765
2018-01-25 08:00:00,17.574499999999997,17.579,17.505,17.517
2018-01-25 08:15:00,17.515,17.552,17.497,17.516
2018-01-25 08:30:00,17.509,17.536,17.495,17.532
2018-01-25 08:45:00,17.528,17.544999999999998,17.517,17.5205
2018-01-25 09:00:00,17.523,17.562,17.519000000000002,17.5545
2018-01-25 09:15:00,17.557000000000002,17.584,17.554,17.570000000000004
2018-01-25 09:30:00,17.5675,17.5765,17.537,17.548
2018-01-25 09:45:00,17.551,17.593,17.549,17.589
2018-01-25 10:00:00,17.586000000000002,17.587,17.551,17.571
2018-01-25 10:15:00,17.5705,17.5705,17.549,17.559
2018-01-25 10:30:00,17.558,17.5625,17.5485,17.559
2018-01-25 10:45:00,17.556,17.5595,17.551,17.557499999999997
2018-01-25 11:00:00,17.555500000000002,17.568499999999997,17.553,17.564
2018-01-25 11:15:00,17.564,17.564,17.558,17.5595
2018-01-25 11:30:00,17.5625,17.563000000000002,17.5515,17.5595
2018-01-25 11:45:00,17.56,17.564,17.5205,17.532
2018-01-25 12:00:00,17.53,17.542,17.517,17.532500000000002
2018-01-25 12:15:00,17.529,17.537,17.518,17.532
2018-01-25 12:30:00,17.531,17.531,17.467,17.5045
2018-01-25 12:45:00,17.5035,17.516,17.493,17.505
2018-01-25 13:00:00,17.511,17.551,17.511,17.541999999999998
2018-01-25 13:15:00,17.548,17.587,17.541,17.579
2018-01-25 13:30:00,17.578,17.5815,17.540499999999998,17.5725
2018-01-25 13:45:00,17.570999999999998,17.634499999999996,17.563000000000002,17.612499999999997
2018-01-25 14:00:00,17.613,17.645,17.520000000000003,17.5395
2018-01-25 14:15:00,17.543,17.555,17.476,17.532
2018-01-25 14:30:00,17.5315,17.543,17.4705,17.499
2018-01-25 14:45:00,17.502499999999998,17.515,17.485500000000002,17.513499999999997
2018-01-25 15:00:00,17.514000000000003,17.544999999999998,17.486,17.5235
2018-01-25 15:15:00,17.528,17.537999999999997,17.516,17.5265
2018-01-25 15:30:00,17.523,17.5605,17.5095,17.519000000000002
2018-01-25 15:45:00,17.518,17.541999999999998,17.515,17.5195
2018-01-25 16:00:00,17.517500000000002,17.552,17.500500000000002,17.5475
2018-01-25 16:15:00,17.545500000000004,17.583,17.5415,17.583
2018-01-25 16:30:00,17.583,17.583,17.552,17.5655
2018-01-25 16:45:00,17.567,17.602,17.565,17.602
2018-01-25 17:00:00,17.602,17.602,17.572,17.589
2018-01-25 17:15:00,17.587999999999997,17.6035,17.5765,17.601
2018-01-25 17:30:00,17.602,17.627,17.584,17.604
2018-01-25 17:45:00,17.610999999999997,17.628,17.605999999999998,17.622
2018-01-25 18:00:00,17.6215,17.6405,17.616,17.628
2018-01-25 18:15:00,17.627,17.643,17.621,17.630000000000003
2018-01-25 18:30:00,17.629,17.635,17.5545,17.5545
2018-01-25 18:45:00,17.56,17.5765,17.555500000000002,17.5605
2018-01-25 19:00:00,17.5615,17.576,17.4645,17.5315
2018-01-25 19:15:00,17.532500000000002,17.532500000000002,17.3525,17.39
2018-01-25 19:30:00,17.389499999999998,17.3895,17.141499999999997,17.23
2018-01-25 19:45:00,17.229,17.2955,17.170999999999996,17.291
2018-01-25 20:00:00,17.293,17.350500000000004,17.282999999999998,17.304000000000002
2018-01-25 20:15:00,17.303,17.347,17.26,17.2685
2018-01-25 20:30:00,17.2735,17.293,17.2425,17.281
2018-01-25 20:45:00,17.28,17.314,17.269499999999997,17.298000000000002
2018-01-25 21:00:00,17.299500000000002,17.31,17.294999999999998,17.31
2018-01-25 21:15:00,17.309,17.3095,17.3005,17.3035
2018-01-25 21:30:00,17.304,17.304,17.2825,17.2935
2018-01-25 21:45:00,17.2925,17.3095,17.292,17.3015
2018-01-25 23:00:00,17.305,17.34,17.296,17.34
2018-01-25 23:15:00,17.339,17.339,17.307,17.321
2018-01-25 23:30:00,17.325000000000003,17.3395,17.2875,17.29
2018-01-25 23:45:00,17.288999999999998,17.34,17.2505,17.329
2018-01-26 01:00:00,17.354,17.403,17.354,17.398999999999997
2018-01-26 01:15:00,17.3965,17.4375,17.385,17.4205
2018-01-26 01:30:00,17.413,17.458000000000002,17.402,17.424
2018-01-26 01:45:00,17.4225,17.4865,17.4205,17.459
2018-01-26 02:00:00,17.4585,17.459,17.4295,17.45
2018-01-26 02:15:00,17.450499999999998,17.459,17.435000000000002,17.444
2018-01-26 02:30:00,17.447499999999998,17.447499999999998,17.4205,17.433
2018-01-26 02:45:00,17.426,17.4405,17.410999999999998,17.437
2018-01-26 03:00:00,17.438,17.4515,17.4255,17.446499999999997
2018-01-26 03:15:00,17.444,17.446499999999997,17.426,17.4295
2018-01-26 03:30:00,17.4285,17.4365,17.416500000000003,17.4245
2018-01-26 03:45:00,17.424,17.43,17.412,17.43
2018-01-26 04:00:00,17.432,17.438000000000002,17.4205,17.426
2018-01-26 04:15:00,17.424,17.439,17.4155,17.4365
2018-01-26 04:30:00,17.4365,17.442,17.4315,17.4375
2018-01-26 04:45:00,17.434,17.4425,17.427999999999997,17.438
2018-01-26 05:00:00,17.4375,17.438,17.416500000000003,17.4265
2018-01-26 05:15:00,17.427999999999997,17.427999999999997,17.4125,17.4205
2018-01-26 05:30:00,17.4215,17.439,17.410500000000003,17.426
2018-01-26 05:45:00,17.4265,17.4375,17.4225,17.4365
2018-01-26 06:00:00,17.4325,17.4675,17.427500000000002,17.441499999999998
2018-01-26 06:15:00,17.4425,17.469,17.441499999999998,17.4615
2018-01-26 06:30:00,17.462,17.477999999999998,17.450499999999998,17.471
2018-01-26 06:45:00,17.473,17.473,17.4555,17.465999999999998
2018-01-26 07:00:00,17.4645,17.515,17.462,17.508499999999998
2018-01-26 07:15:00,17.509999999999998,17.509999999999998,17.477,17.482
2018-01-26 07:30:00,17.483500000000003,17.528,17.477500000000003,17.5185
2018-01-26 07:45:00,17.5175,17.544999999999998,17.4945,17.5075
2018-01-26 08:00:00,17.508499999999998,17.5425,17.506,17.5365
2018-01-26 08:15:00,17.532999999999998,17.538,17.511,17.5115
2018-01-26 08:30:00,17.5105,17.5275,17.5055,17.5075
2018-01-26 08:45:00,17.507,17.5105,17.49,17.496000000000002
2018-01-26 09:00:00,17.496000000000002,17.519000000000002,17.4625,17.474
2018-01-26 09:15:00,17.4745,17.500500000000002,17.4705,17.494500000000002
2018-01-26 09:30:00,17.495500000000003,17.519000000000002,17.4805,17.486
2018-01-26 09:45:00,17.487,17.501,17.4755,17.481
2018-01-26 10:00:00,17.482999999999997,17.4855,17.442,17.462
2018-01-26 10:15:00,17.4605,17.4735,17.452499999999997,17.471
2018-01-26 10:30:00,17.471500000000002,17.482,17.4705,17.477
2018-01-26 10:45:00,17.477500000000003,17.4795,17.458000000000002,17.4615
2018-01-26 11:00:00,17.4615,17.4815,17.457,17.473
2018-01-26 11:15:00,17.474,17.477999999999998,17.452,17.458000000000002
2018-01-26 11:30:00,17.4585,17.488,17.457,17.461
2018-01-26 11:45:00,17.4595,17.4615,17.379499999999997,17.395
2018-01-26 12:00:00,17.394,17.426,17.3895,17.408
2018-01-26 12:15:00,17.409000000000002,17.4195,17.4035,17.4135
2018-01-26 12:30:00,17.414,17.4195,17.394,17.4035
2018-01-26 12:45:00,17.401,17.401,17.372,17.3765
2018-01-26 13:00:00,17.3755,17.4085,17.3645,17.373499999999996
2018-01-26 13:15:00,17.373,17.411500000000004,17.368,17.3945
2018-01-26 13:30:00,17.3995,17.4445,17.3995,17.414
2018-01-26 13:45:00,17.4115,17.42,17.366999999999997,17.406
2018-01-26 14:00:00,17.408,17.412,17.339,17.3705
2018-01-26 14:15:00,17.368499999999997,17.397000000000002,17.3645,17.366
2018-01-26 14:30:00,17.366500000000002,17.4245,17.36,17.4055
2018-01-26 14:45:00,17.402,17.436,17.377,17.413
2018-01-26 15:00:00,17.414,17.425,17.3885,17.394
2018-01-26 15:15:00,17.3945,17.4,17.37,17.3705
2018-01-26 15:30:00,17.3705,17.3955,17.36,17.375
2018-01-26 15:45:00,17.3755,17.385,17.355500000000003,17.3715
2018-01-26 16:00:00,17.3705,17.404,17.365,17.4005
2018-01-26 16:15:00,17.3995,17.4255,17.396,17.425
2018-01-26 16:30:00,17.426,17.44,17.395,17.412
2018-01-26 16:45:00,17.4135,17.433,17.408,17.419
2018-01-26 17:00:00,17.42,17.4445,17.4195,17.4345
2018-01-26 17:15:00,17.435000000000002,17.454,17.43,17.4345
2018-01-26 17:30:00,17.435000000000002,17.4485,17.4045,17.418499999999998
2018-01-26 17:45:00,17.422500000000003,17.457,17.42,17.448
2018-01-26 18:00:00,17.444,17.461,17.443,17.453000000000003
2018-01-26 18:15:00,17.454,17.4725,17.429499999999997,17.4325
2018-01-26 18:30:00,17.433,17.443,17.4155,17.4365
2018-01-26 18:45:00,17.438,17.469,17.438,17.4685
2018-01-26 19:00:00,17.468,17.492,17.453000000000003,17.4765
2018-01-26 19:15:00,17.476999999999997,17.493,17.39,17.4135
2018-01-26 19:30:00,17.4145,17.427999999999997,17.3945,17.419
2018-01-26 19:45:00,17.4205,17.434,17.3925,17.419999999999998
2018-01-26 20:00:00,17.4185,17.423,17.3945,17.3995
2018-01-26 20:15:00,17.4,17.410500000000003,17.3945,17.4055
2018-01-26 20:30:00,17.404999999999998,17.416999999999998,17.396,17.398999999999997
2018-01-26 20:45:00,17.397000000000002,17.413,17.3815,17.413
2018-01-26 21:00:00,17.4115,17.4375,17.4115,17.436
2018-01-26 21:15:00,17.4365,17.452,17.433500000000002,17.4345
2018-01-26 21:30:00,17.433,17.439,17.423499999999997,17.435499999999998
2018-01-26 21:45:00,17.4365,17.439500000000002,17.4035,17.409
2018-01-28 23:00:00,17.415,17.4345,17.4045,17.4135
2018-01-28 23:15:00,17.4145,17.462,17.385,17.439
2018-01-28 23:30:00,17.437,17.448999999999998,17.415,17.427
2018-01-28 23:45:00,17.426,17.4325,17.380000000000003,17.431
2018-01-29 01:00:00,17.445500000000003,17.461,17.410999999999998,17.418
2018-01-29 01:15:00,17.417500000000004,17.439500000000002,17.4045,17.416
2018-01-29 01:30:00,17.4145,17.436,17.401,17.4345
2018-01-29 01:45:00,17.433,17.437,17.421,17.421999999999997
2018-01-29 02:00:00,17.421999999999997,17.421999999999997,17.379,17.384
2018-01-29 02:15:00,17.384500000000003,17.402,17.379499999999997,17.399
2018-01-29 02:30:00,17.401,17.417500000000004,17.401,17.417500000000004
2018-01-29 02:45:00,17.418,17.4185,17.4035,17.418
2018-01-29 03:00:00,17.4155,17.4265,17.408,17.424
2018-01-29 03:15:00,17.429499999999997,17.429499999999997,17.4095,17.4145
2018-01-29 03:30:00,17.4145,17.429499999999997,17.4125,17.427999999999997
2018-01-29 03:45:00,17.427,17.434,17.425,17.427500000000002
2018-01-29 04:00:00,17.427500000000002,17.431,17.416500000000003,17.418
2018-01-29 04:15:00,17.416999999999998,17.421999999999997,17.413500000000003,17.421999999999997
2018-01-29 04:30:00,17.421999999999997,17.437,17.4215,17.4215
2018-01-29 04:45:00,17.4215,17.427,17.410999999999998,17.4155
2018-01-29 05:00:00,17.42,17.421,17.41,17.4155
2018-01-29 05:15:00,17.410999999999998,17.4135,17.396,17.4015
2018-01-29 05:30:00,17.3985,17.412,17.393,17.401
2018-01-29 05:45:00,17.396,17.4085,17.390499999999996,17.4015
2018-01-29 06:00:00,17.401,17.427500000000002,17.3985,17.406
2018-01-29 06:15:00,17.408,17.4125,17.3965,17.404
2018-01-29 06:30:00,17.399,17.4135,17.380000000000003,17.3905
2018-01-29 06:45:00,17.3875,17.4055,17.3845,17.4045
2018-01-29 07:00:00,17.404999999999998,17.4155,17.395,17.395
2018-01-29 07:15:00,17.395,17.404999999999998,17.3575,17.366999999999997
2018-01-29 07:30:00,17.368,17.378500000000003,17.3475,17.358
2018-01-29 07:45:00,17.355999999999998,17.373,17.348,17.373
2018-01-29 08:00:00,17.373,17.380499999999998,17.3485,17.354
2018-01-29 08:15:00,17.352,17.3655,17.346,17.3545
2018-01-29 08:30:00,17.354,17.362499999999997,17.3325,17.337999999999997
2018-01-29 08:45:00,17.337999999999997,17.354,17.3275,17.3475
2018-01-29 09:00:00,17.348999999999997,17.3625,17.3295,17.358
2018-01-29 09:15:00,17.355999999999998,17.366999999999997,17.3455,17.355500000000003
2018-01-29 09:30:00,17.354999999999997,17.366,17.349999999999998,17.3585
2018-01-29 09:45:00,17.355999999999998,17.366,17.3475,17.3515
2018-01-29 10:00:00,17.352,17.372,17.347,17.3625
2018-01-29 10:15:00,17.3615,17.3775,17.3615,17.3695
2018-01-29 10:30:00,17.374499999999998,17.391499999999997,17.3715,17.380000000000003
2018-01-29 10:45:00,17.379499999999997,17.3855,17.36,17.36
2018-01-29 11:00:00,17.360500000000002,17.366,17.337,17.3375
2018-01-29 11:15:00,17.337,17.3485,17.306500000000003,17.337
2018-01-29 11:30:00,17.3365,17.34,17.3075,17.324
2018-01-29 11:45:00,17.323,17.348999999999997,17.323,17.3335
2018-01-29 12:00:00,17.3325,17.351499999999998,17.294999999999998,17.301499999999997
2018-01-29 12:15:00,17.302,17.311,17.2795,17.29
2018-01-29 12:30:00,17.2925,17.3045,17.266,17.272
2018-01-29 12:45:00,17.273,17.299999999999997,17.264499999999998,17.2915
2018-01-29 13:00:00,17.2915,17.3095,17.287,17.3015
2018-01-29 13:15:00,17.2975,17.3155,17.2855,17.308
2018-01-29 13:30:00,17.308,17.309,17.232,17.263499999999997
2018-01-29 13:45:00,17.263,17.2795,17.263,17.269000000000002
2018-01-29 14:00:00,17.267500000000002,17.2805,17.243,17.252000000000002
2018-01-29 14:15:00,17.252000000000002,17.269000000000002,17.243,17.267
2018-01-29 14:30:00,17.2665,17.2665,17.204,17.208000000000002
2018-01-29 14:45:00,17.207499999999996,17.238,17.1925,17.228500000000004
2018-01-29 15:00:00,17.229,17.238999999999997,17.2115,17.2155
2018-01-29 15:15:00,17.215,17.238999999999997,17.193,17.232999999999997
2018-01-29 15:30:00,17.232999999999997,17.244,17.203000000000003,17.2035
2018-01-29 15:45:00,17.2035,17.221999999999998,17.194,17.218
2018-01-29 16:00:00,17.2175,17.221,17.146499999999996,17.1585
2018-01-29 16:15:00,17.1535,17.177,17.124,17.1495
2018-01-29 16:30:00,17.1495,17.154999999999998,17.119,17.122500000000002
2018-01-29 16:45:00,17.123500000000003,17.148000000000003,17.123500000000003,17.1455
2018-01-29 17:00:00,17.1425,17.150499999999997,17.1145,17.1155
2018-01-29 17:15:00,17.118,17.165,17.114,17.158
2018-01-29 17:30:00,17.1595,17.16,17.145500000000002,17.1545
2018-01-29 17:45:00,17.157,17.172500000000003,17.157,17.166999999999998
2018-01-29 18:00:00,17.1685,17.1735,17.150499999999997,17.162
2018-01-29 18:15:00,17.1615,17.169999999999998,17.14,17.1645
2018-01-29 18:30:00,17.163500000000003,17.204,17.1605,17.202
2018-01-29 18:45:00,17.202,17.2145,17.202,17.21
2018-01-29 19:00:00,17.2095,17.229,17.204,17.2285
2018-01-29 19:15:00,17.2285,17.242,17.214000000000002,17.2185
2018-01-29 19:30:00,17.219,17.2515,17.219,17.235
2018-01-29 19:45:00,17.233500000000003,17.2495,17.2175,17.223
2018-01-29 20:00:00,17.223,17.23,17.196,17.202499999999997
2018-01-29 20:15:00,17.2045,17.208000000000002,17.1755,17.197000000000003
2018-01-29 20:30:00,17.1945,17.197000000000003,17.175,17.183999999999997
2018-01-29 20:45:00,17.187,17.194,17.177999999999997,17.19
2018-01-29 21:00:00,17.192,17.192,17.178500000000003,17.182
2018-01-29 21:15:00,17.181,17.183,17.174,17.1765
2018-01-29 21:30:00,17.1765,17.1765,17.1575,17.160999999999998
2018-01-29 21:45:00,17.163500000000003,17.1695,17.1565,17.166500000000003
2018-01-29 23:00:00,17.186,17.2185,17.178500000000003,17.2045
2018-01-29 23:15:00,17.2055,17.2055,17.1705,17.1905
2018-01-29 23:30:00,17.191000000000003,17.191000000000003,17.146499999999996,17.181
2018-01-29 23:45:00,17.1815,17.1925,17.1785,17.185499999999998
2018-01-30 01:00:00,17.149,17.187,17.1435,17.1595
2018-01-30 01:15:00,17.156,17.168,17.156,17.163500000000003
2018-01-30 01:30:00,17.164,17.21,17.155,17.202499999999997
2018-01-30 01:45:00,17.2045,17.221999999999998,17.193,17.193
2018-01-30 02:00:00,17.192,17.219,17.183,17.204
2018-01-30 02:15:00,17.204,17.205,17.159000000000002,17.173
2018-01-30 02:30:00,17.1735,17.179,17.144,17.160999999999998
2018-01-30 02:45:00,17.1615,17.177999999999997,17.157,17.173
2018-01-30 03:00:00,17.173,17.174,17.1485,17.153000000000002
2018-01-30 03:15:00,17.157,17.1635,17.148000000000003,17.163
2018-01-30 03:30:00,17.163,17.175,17.135499999999997,17.137999999999998
2018-01-30 03:45:00,17.137,17.179,17.137,17.164
2018-01-30 04:00:00,17.1635,17.189,17.159000000000002,17.1735
2018-01-30 04:15:00,17.174,17.1745,17.148000000000003,17.1585
2018-01-30 04:30:00,17.1575,17.165000000000003,17.152,17.152
2018-01-30 04:45:00,17.1535,17.154,17.105999999999998,17.131
2018-01-30 05:00:00,17.1255,17.1405,17.115,17.136000000000003
2018-01-30 05:15:00,17.136000000000003,17.1505,17.134,17.1505
2018-01-30 05:30:00,17.157,17.16,17.121,17.124499999999998
2018-01-30 05:45:00,17.121,17.1235,17.101,17.117500000000003
2018-01-30 06:00:00,17.117500000000003,17.133,17.108,17.122999999999998
2018-01-30 06:15:00,17.1235,17.129,17.108,17.116999999999997
2018-01-30 06:30:00,17.1145,17.127,17.110999999999997,17.12
2018-01-30 06:45:00,17.116,17.126,17.1045,17.110500000000002
2018-01-30 07:00:00,17.111500000000003,17.124,17.093999999999998,17.121
2018-01-30 07:15:00,17.1205,17.131,17.112,17.1195
2018-01-30 07:30:00,17.12,17.1325,17.0985,17.099
2018-01-30 07:45:00,17.102,17.122,17.0895,17.109
2018-01-30 08:00:00,17.11,17.116999999999997,17.079,17.089
2018-01-30 08:15:00,17.089,17.103,17.0835,17.097
2018-01-30 08:30:00,17.097,17.102,17.082,17.1005
2018-01-30 08:45:00,17.099,17.1375,17.09,17.136000000000003
2018-01-30 09:00:00,17.136499999999998,17.1805,17.1315,17.176
2018-01-30 09:15:00,17.176,17.179,17.1535,17.1535
2018-01-30 09:30:00,17.1525,17.171999999999997,17.142000000000003,17.157
2018-01-30 09:45:00,17.1625,17.2355,17.154999999999998,17.226
2018-01-30 10:00:00,17.223,17.241,17.2135,17.226
2018-01-30 10:15:00,17.227999999999998,17.263,17.227999999999998,17.235
2018-01-30 10:30:00,17.236,17.2595,17.236,17.248
2018-01-30 10:45:00,17.2485,17.268,17.223,17.226
2018-01-30 11:00:00,17.225,17.2415,17.225,17.2415
2018-01-30 11:15:00,17.249,17.269000000000002,17.24,17.249
2018-01-30 11:30:00,17.251,17.257,17.227999999999998,17.2435
2018-01-30 11:45:00,17.243,17.263499999999997,17.224,17.259
2018-01-30 12:00:00,17.26,17.282999999999998,17.252499999999998,17.2665
2018-01-30 12:15:00,17.2615,17.264000000000003,17.218,17.226999999999997
2018-01-30 12:30:00,17.226999999999997,17.226999999999997,17.213,17.214000000000002
2018-01-30 12:45:00,17.2135,17.246,17.2135,17.234500000000004
2018-01-30 13:00:00,17.2325,17.232999999999997,17.1925,17.2
2018-01-30 13:15:00,17.197000000000003,17.265,17.196,17.257499999999997
2018-01-30 13:30:00,17.257,17.2745,17.249,17.268
2018-01-30 13:45:00,17.2725,17.296,17.251,17.288999999999998
2018-01-30 14:00:00,17.292,17.3335,17.282,17.326999999999998
2018-01-30 14:15:00,17.328,17.3385,17.2925,17.307
2018-01-30 14:30:00,17.304,17.304,17.251,17.251
2018-01-30 14:45:00,17.251,17.269499999999997,17.241,17.256
2018-01-30 15:00:00,17.2605,17.261,17.220000000000002,17.256
2018-01-30 15:15:00,17.257,17.273,17.226,17.232
2018-01-30 15:30:00,17.231,17.244999999999997,17.193,17.193
2018-01-30 15:45:00,17.191499999999998,17.221999999999998,17.177,17.188
2018-01-30 16:00:00,17.194000000000003,17.209000000000003,17.171999999999997,17.177
2018-01-30 16:15:00,17.177999999999997,17.183,17.147000000000002,17.159000000000002
2018-01-30 16:30:00,17.163,17.185,17.16,17.171999999999997
2018-01-30 16:45:00,17.172500000000003,17.1875,17.1375,17.138
2018-01-30 17:00:00,17.138,17.197499999999998,17.132,17.187
2018-01-30 17:15:00,17.187,17.197000000000003,17.176,17.176
2018-01-30 17:30:00,17.175,17.175,17.1515,17.157
2018-01-30 17:45:00,17.158,17.163,17.127,17.144
2018-01-30 18:00:00,17.145,17.147499999999997,17.112500000000004,17.116
2018-01-30 18:15:00,17.114,17.1195,17.079,17.101499999999998
2018-01-30 18:30:00,17.098000000000003,17.141000000000002,17.093,17.126
2018-01-30 18:45:00,17.122999999999998,17.1425,17.109,17.137
2018-01-30 19:00:00,17.1375,17.146,17.129,17.138
2018-01-30 19:15:00,17.138,17.1695,17.135,17.1615
2018-01-30 19:30:00,17.163,17.168,17.136499999999998,17.143
2018-01-30 19:45:00,17.143,17.1655,17.143,17.1615
2018-01-30 20:00:00,17.162,17.163,17.143,17.154
2018-01-30 20:15:00,17.154,17.154999999999998,17.12,17.129499999999997
2018-01-30 20:30:00,17.128,17.128,17.104999999999997,17.116999999999997
2018-01-30 20:45:00,17.118,17.122999999999998,17.116,17.1205
2018-01-30 21:00:00,17.1215,17.134,17.1205,17.131
2018-01-30 21:15:00,17.132,17.132,17.126,17.126
2018-01-30 21:30:00,17.1265,17.1335,17.1255,17.1315
2018-01-30 21:45:00,17.1315,17.138,17.1295,17.134
2018-01-30 23:00:00,17.1445,17.1485,17.105999999999998,17.1325
2018-01-30 23:15:00,17.132,17.1735,17.1185,17.17
2018-01-30 23:30:00,17.171999999999997,17.182,17.137999999999998,17.156
2018-01-30 23:45:00,17.154999999999998,17.160999999999998,17.128,17.133
2018-01-31 01:00:00,17.154999999999998,17.162,17.122999999999998,17.130499999999998
2018-01-31 01:15:00,17.131,17.142000000000003,17.124,17.131
2018-01-31 01:30:00,17.131,17.1585,17.131,17.148000000000003
2018-01-31 01:45:00,17.147499999999997,17.148000000000003,17.130499999999998,17.138
2018-01-31 02:00:00,17.137,17.138,17.122,17.134
2018-01-31 02:15:00,17.130000000000003,17.134,17.116999999999997,17.118499999999997
2018-01-31 02:30:00,17.119,17.125,17.1005,17.118
2018-01-31 02:45:00,17.12,17.128,17.1155,17.1275
2018-01-31 03:00:00,17.127,17.1655,17.124,17.162
2018-01-31 03:15:00,17.162,17.175,17.154999999999998,17.168
2018-01-31 03:30:00,17.168,17.205,17.168,17.197000000000003
2018-01-31 03:45:00,17.195,17.199,17.166999999999998,17.175
2018-01-31 04:00:00,17.175,17.176000000000002,17.16,17.169
2018-01-31 04:15:00,17.169,17.171999999999997,17.1625,17.163
2018-01-31 04:30:00,17.168499999999998,17.175,17.1655,17.174
2018-01-31 04:45:00,17.176,17.179,17.164,17.164
2018-01-31 05:00:00,17.163500000000003,17.17,17.1595,17.165
2018-01-31 05:15:00,17.167500000000004,17.183999999999997,17.167500000000004,17.18
2018-01-31 05:30:00,17.178500000000003,17.188,17.174,17.185
2018-01-31 05:45:00,17.185,17.2095,17.181,17.2055
2018-01-31 06:00:00,17.206500000000002,17.221,17.2,17.2115
2018-01-31 06:15:00,17.211,17.2235,17.204,17.215
2018-01-31 06:30:00,17.2155,17.235,17.2145,17.2305
2018-01-31 06:45:00,17.231,17.231,17.2075,17.2235
2018-01-31 07:00:00,17.223,17.223,17.197000000000003,17.204
2018-01-31 07:15:00,17.204,17.237,17.204,17.2365
2018-01-31 07:30:00,17.2365,17.247,17.232,17.242
2018-01-31 07:45:00,17.243,17.254,17.2125,17.2155
2018-01-31 08:00:00,17.2155,17.226,17.2035,17.225
2018-01-31 08:15:00,17.226,17.246,17.215,17.2315
2018-01-31 08:30:00,17.232,17.2375,17.219,17.2305
2018-01-31 08:45:00,17.2315,17.236,17.193,17.219
2018-01-31 09:00:00,17.2185,17.228500000000004,17.2175,17.224
2018-01-31 09:15:00,17.224,17.248,17.221999999999998,17.243
2018-01-31 09:30:00,17.243,17.249,17.229499999999998,17.23
2018-01-31 09:45:00,17.229499999999998,17.23,17.209000000000003,17.228500000000004
2018-01-31 10:00:00,17.228500000000004,17.2305,17.2145,17.221
2018-01-31 10:15:00,17.2195,17.26,17.2195,17.234500000000004
2018-01-31 10:30:00,17.233500000000003,17.244,17.229,17.2295
2018-01-31 10:45:00,17.227999999999998,17.244500000000002,17.2265,17.241999999999997
2018-01-31 11:00:00,17.243,17.264499999999998,17.232999999999997,17.261
2018-01-31 11:15:00,17.259,17.259,17.238,17.239500000000003
2018-01-31 11:30:00,17.24,17.244999999999997,17.229499999999998,17.2315
2018-01-31 11:45:00,17.231,17.233999999999998,17.221999999999998,17.2315
2018-01-31 12:00:00,17.235,17.251,17.235,17.244999999999997
2018-01-31 12:15:00,17.244,17.263,17.24,17.256
2018-01-31 12:30:00,17.2565,17.265,17.248,17.258499999999998
2018-01-31 12:45:00,17.259,17.2785,17.253,17.2785
2018-01-31 13:00:00,17.283,17.288999999999998,17.24,17.259
2018-01-31 13:15:00,17.258000000000003,17.258000000000003,17.201,17.232
2018-01-31 13:30:00,17.231,17.2835,17.215,17.264000000000003
2018-01-31 13:45:00,17.264000000000003,17.269000000000002,17.238,17.2485
2018-01-31 14:00:00,17.25,17.2685,17.2235,17.238999999999997
2018-01-31 14:15:00,17.238,17.285500000000003,17.234500000000004,17.255
2018-01-31 14:30:00,17.2565,17.276,17.249,17.26
2018-01-31 14:45:00,17.2595,17.2805,17.243,17.279
2018-01-31 15:00:00,17.279,17.3025,17.262,17.281000000000002
2018-01-31 15:15:00,17.2795,17.3235,17.276999999999997,17.3045
2018-01-31 15:30:00,17.305500000000002,17.322,17.2935,17.3165
2018-01-31 15:45:00,17.316,17.316,17.257,17.263499999999997
2018-01-31 16:00:00,17.264499999999998,17.2805,17.25,17.2555
2018-01-31 16:15:00,17.254,17.284,17.2495,17.255
2018-01-31 16:30:00,17.252000000000002,17.284,17.25,17.2725
2018-01-31 16:45:00,17.2725,17.2725,17.2325,17.261
2018-01-31 17:00:00,17.262,17.2815,17.257,17.258000000000003
2018-01-31 17:15:00,17.258499999999998,17.274,17.2375,17.268
2018-01-31 17:30:00,17.268499999999996,17.276999999999997,17.2325,17.241
2018-01-31 17:45:00,17.240499999999997,17.244999999999997,17.215999999999998,17.2415
2018-01-31 18:00:00,17.2405,17.2655,17.2255,17.2505
2018-01-31 18:15:00,17.2535,17.284,17.241,17.2655
2018-01-31 18:30:00,17.267,17.275000000000002,17.2375,17.256500000000003
2018-01-31 18:45:00,17.256,17.283,17.223,17.274
2018-01-31 19:00:00,17.2715,17.397000000000002,17.201,17.226
2018-01-31 19:15:00,17.223,17.261,17.156,17.2165
2018-01-31 19:30:00,17.2155,17.273,17.2055,17.221999999999998
2018-01-31 19:45:00,17.221999999999998,17.315,17.194,17.305
2018-01-31 20:00:00,17.305,17.324,17.287999999999997,17.299500000000002
2018-01-31 20:15:00,17.3035,17.358,17.3035,17.325000000000003
2018-01-31 20:30:00,17.329,17.354999999999997,17.318499999999997,17.323
2018-01-31 20:45:00,17.326,17.3505,17.326,17.339
2018-01-31 21:00:00,17.3365,17.348999999999997,17.3365,17.347
2018-01-31 21:15:00,17.346500000000002,17.348999999999997,17.336000000000002,17.337999999999997
2018-01-31 21:30:00,17.336000000000002,17.337,17.325499999999998,17.330000000000002
2018-01-31 21:45:00,17.3325,17.3455,17.332,17.339
2018-01-31 23:00:00,17.3355,17.355999999999998,17.299999999999997,17.354
2018-01-31 23:15:00,17.3535,17.37,17.3165,17.3165
2018-01-31 23:30:00,17.319000000000003,17.36,17.305,17.352
2018-01-31 23:45:00,17.3525,17.403000000000002,17.3395,17.360999999999997
2018-02-01 01:00:00,17.355999999999998,17.355999999999998,17.304,17.307499999999997
2018-02-01 01:15:00,17.308,17.321,17.276999999999997,17.305
2018-02-01 01:30:00,17.303,17.328,17.303,17.319000000000003
2018-02-01 01:45:00,17.32,17.32,17.295500000000004,17.3025
2018-02-01 02:00:00,17.298000000000002,17.313000000000002,17.292,17.2985
2018-02-01 02:15:00,17.299,17.3105,17.2975,17.299500000000002
2018-02-01 02:30:00,17.298000000000002,17.299999999999997,17.275000000000002,17.285
2018-02-01 02:45:00,17.286,17.296,17.284,17.296
2018-02-01 03:00:00,17.293,17.299999999999997,17.2835,17.291
2018-02-01 03:15:00,17.288999999999998,17.313000000000002,17.288999999999998,17.31
2018-02-01 03:30:00,17.311500000000002,17.32,17.3025,17.314
2018-02-01 03:45:00,17.315,17.316,17.305,17.305
2018-02-01 04:00:00,17.305999999999997,17.321,17.3025,17.321
2018-02-01 04:15:00,17.317500000000003,17.322,17.311,17.3115
2018-02-01 04:30:00,17.315,17.315,17.303,17.303
2018-02-01 04:45:00,17.305,17.316,17.303,17.311
2018-02-01 05:00:00,17.31,17.316,17.299,17.305
2018-02-01 05:15:00,17.305,17.317,17.301499999999997,17.305999999999997
2018-02-01 05:30:00,17.305500000000002,17.305500000000002,17.286,17.295500000000004
2018-02-01 05:45:00,17.2925,17.302,17.2785,17.285500000000003
2018-02-01 06:00:00,17.287999999999997,17.296,17.268,17.271
2018-02-01 06:15:00,17.2705,17.276999999999997,17.25,17.257
2018-02-01 06:30:00,17.256,17.261,17.2315,17.2405
2018-02-01 06:45:00,17.239500000000003,17.2465,17.233500000000003,17.2365
2018-02-01 07:00:00,17.236,17.254,17.227999999999998,17.235
2018-02-01 07:15:00,17.238,17.251,17.2055,17.220000000000002
2018-02-01 07:30:00,17.220000000000002,17.238999999999997,17.215,17.232999999999997
2018-02-01 07:45:00,17.231,17.238,17.215999999999998,17.229
2018-02-01 08:00:00,17.226000000000003,17.2755,17.226000000000003,17.272
2018-02-01 08:15:00,17.275000000000002,17.276999999999997,17.24,17.2615
2018-02-01 08:30:00,17.262,17.28,17.254,17.266
2018-02-01 08:45:00,17.2655,17.293999999999997,17.252000000000002,17.2715
2018-02-01 09:00:00,17.269499999999997,17.293,17.256500000000003,17.275000000000002
2018-02-01 09:15:00,17.279,17.302,17.2715,17.293
2018-02-01 09:30:00,17.295500000000004,17.297,17.274,17.28
2018-02-01 09:45:00,17.28,17.288999999999998,17.263,17.263
2018-02-01 10:00:00,17.262,17.268499999999996,17.258000000000003,17.264499999999998
2018-02-01 10:15:00,17.262,17.266,17.252499999999998,17.256
2018-02-01 10:30:00,17.256500000000003,17.2865,17.252499999999998,17.252499999999998
2018-02-01 10:45:00,17.251499999999997,17.2555,17.227500000000003,17.227500000000003
2018-02-01 11:00:00,17.229499999999998,17.252499999999998,17.226,17.252000000000002
2018-02-01 11:15:00,17.251499999999997,17.251499999999997,17.215999999999998,17.225
2018-02-01 11:30:00,17.2235,17.2235,17.193,17.212
2018-02-01 11:45:00,17.212,17.2175,17.193,17.197000000000003
2018-02-01 12:00:00,17.1985,17.2235,17.193,17.207
2018-02-01 12:15:00,17.207,17.212,17.191000000000003,17.192
2018-02-01 12:30:00,17.192,17.227999999999998,17.187,17.2235
2018-02-01 12:45:00,17.2185,17.2415,17.212,17.2235
2018-02-01 13:00:00,17.228500000000004,17.229,17.208499999999997,17.219
2018-02-01 13:15:00,17.219,17.2205,17.162,17.1695
2018-02-01 13:30:00,17.1645,17.167500000000004,17.139,17.165
2018-02-01 13:45:00,17.1675,17.177999999999997,17.141499999999997,17.157
2018-02-01 14:00:00,17.1595,17.162,17.1175,17.1335
2018-02-01 14:15:00,17.133,17.1425,17.127,17.137
2018-02-01 14:30:00,17.140499999999996,17.220000000000002,17.116500000000002,17.2135
2018-02-01 14:45:00,17.2135,17.253,17.1825,17.185
2018-02-01 15:00:00,17.18,17.215,17.158,17.1865
2018-02-01 15:15:00,17.1845,17.192,17.147000000000002,17.158
2018-02-01 15:30:00,17.1585,17.2115,17.1585,17.1865
2018-02-01 15:45:00,17.187,17.192,17.1585,17.167500000000004
2018-02-01 16:00:00,17.168499999999998,17.1735,17.142000000000003,17.173
2018-02-01 16:15:00,17.172500000000003,17.173500000000004,17.1265,17.138
2018-02-01 16:30:00,17.1385,17.168,17.124,17.16
2018-02-01 16:45:00,17.159000000000002,17.166999999999998,17.139,17.1585
2018-02-01 17:00:00,17.164,17.1865,17.1605,17.173500000000004
2018-02-01 17:15:00,17.173,17.177500000000002,17.1575,17.177500000000002
2018-02-01 17:30:00,17.177,17.177999999999997,17.147499999999997,17.147499999999997
2018-02-01 17:45:00,17.147499999999997,17.1585,17.105999999999998,17.124
2018-02-01 18:00:00,17.122999999999998,17.163,17.122999999999998,17.157
2018-02-01 18:15:00,17.154,17.205,17.153000000000002,17.196
2018-02-01 18:30:00,17.195,17.226999999999997,17.185,17.212
2018-02-01 18:45:00,17.2115,17.218,17.195,17.202
2018-02-01 19:00:00,17.202499999999997,17.21,17.177999999999997,17.187
2018-02-01 19:15:00,17.1875,17.23,17.176,17.226999999999997
2018-02-01 19:30:00,17.224,17.226,17.196,17.2075
2018-02-01 19:45:00,17.206,17.231,17.205,17.228500000000004
2018-02-01 20:00:00,17.227999999999998,17.26,17.225,17.242
2018-02-01 20:15:00,17.246,17.263,17.227999999999998,17.243
2018-02-01 20:30:00,17.2415,17.266,17.241,17.263
2018-02-01 20:45:00,17.262,17.264000000000003,17.242,17.246
2018-02-01 21:00:00,17.247,17.268,17.247,17.259
2018-02-01 21:15:00,17.258000000000003,17.2615,17.248,17.250500000000002
2018-02-01 21:30:00,17.2475,17.248,17.232,17.2435
2018-02-01 21:45:00,17.2435,17.249,17.2215,17.242
2018-02-01 23:00:00,17.2375,17.2485,17.2105,17.232999999999997
2018-02-01 23:15:00,17.231,17.237000000000002,17.215,17.227999999999998
2018-02-01 23:30:00,17.228500000000004,17.247,17.225,17.232999999999997
2018-02-01 23:45:00,17.232999999999997,17.238,17.193,17.213
2018-02-02 01:00:00,17.218,17.2245,17.193,17.205
2018-02-02 01:15:00,17.206,17.247,17.202,17.247
2018-02-02 01:30:00,17.246,17.252000000000002,17.2125,17.215999999999998
2018-02-02 01:45:00,17.2155,17.235,17.209,17.233999999999998
2018-02-02 02:00:00,17.231,17.2365,17.213,17.226
2018-02-02 02:15:00,17.2235,17.24,17.221,17.229
2018-02-02 02:30:00,17.229,17.2455,17.227999999999998,17.237
2018-02-02 02:45:00,17.238500000000002,17.238999999999997,17.220000000000002,17.227999999999998
2018-02-02 03:00:00,17.229,17.229499999999998,17.220000000000002,17.220000000000002
2018-02-02 03:15:00,17.220000000000002,17.233999999999998,17.220000000000002,17.227500000000003
2018-02-02 03:30:00,17.228500000000004,17.233999999999998,17.2225,17.228500000000004
2018-02-02 03:45:00,17.227999999999998,17.233999999999998,17.2205,17.2325
2018-02-02 04:00:00,17.229499999999998,17.232,17.217,17.217
2018-02-02 04:15:00,17.2175,17.220000000000002,17.2125,17.217
2018-02-02 04:30:00,17.2175,17.218,17.213,17.213
2018-02-02 04:45:00,17.214000000000002,17.219,17.209000000000003,17.212
2018-02-02 05:00:00,17.21,17.218,17.207499999999996,17.217
2018-02-02 05:15:00,17.217,17.226,17.211,17.215999999999998
2018-02-02 05:30:00,17.214000000000002,17.2165,17.21,17.212
2018-02-02 05:45:00,17.21,17.2155,17.2,17.21
2018-02-02 06:00:00,17.21,17.218,17.201,17.2135
2018-02-02 06:15:00,17.214000000000002,17.236,17.213,17.226
2018-02-02 06:30:00,17.229,17.2375,17.2125,17.2135
2018-02-02 06:45:00,17.212,17.2215,17.2055,17.2215
2018-02-02 07:00:00,17.221,17.248,17.218,17.243
2018-02-02 07:15:00,17.242,17.249,17.232,17.232999999999997
2018-02-02 07:30:00,17.233999999999998,17.242,17.2325,17.2415
2018-02-02 07:45:00,17.242,17.253,17.229,17.232999999999997
2018-02-02 08:00:00,17.2325,17.243,17.2125,17.221999999999998
2018-02-02 08:15:00,17.224500000000003,17.238,17.214000000000002,17.214000000000002
2018-02-02 08:30:00,17.22,17.23,17.2105,17.211
2018-02-02 08:45:00,17.214000000000002,17.2155,17.183999999999997,17.1945
2018-02-02 09:00:00,17.194,17.199,17.160999999999998,17.1785
2018-02-02 09:15:00,17.180999999999997,17.191000000000003,17.16,17.165
2018-02-02 09:30:00,17.1655,17.166500000000003,17.150499999999997,17.1615
2018-02-02 09:45:00,17.166500000000003,17.172500000000003,17.141499999999997,17.1565
2018-02-02 10:00:00,17.156,17.1575,17.136499999999998,17.138
2018-02-02 10:15:00,17.1375,17.157,17.136000000000003,17.146
2018-02-02 10:30:00,17.145,17.1515,17.133,17.142000000000003
2018-02-02 10:45:00,17.139,17.171,17.138,17.165999999999997
2018-02-02 11:00:00,17.165999999999997,17.166999999999998,17.129,17.166999999999998
2018-02-02 11:15:00,17.169,17.17,17.136499999999998,17.1425
2018-02-02 11:30:00,17.1435,17.165999999999997,17.136000000000003,17.165999999999997
2018-02-02 11:45:00,17.163,17.168,17.122999999999998,17.139
2018-02-02 12:00:00,17.1355,17.1535,17.1355,17.152
2018-02-02 12:15:00,17.152,17.171999999999997,17.141499999999997,17.141499999999997
2018-02-02 12:30:00,17.141000000000002,17.152,17.135,17.147000000000002
2018-02-02 12:45:00,17.148000000000003,17.163,17.137,17.1585
2018-02-02 13:00:00,17.160999999999998,17.196,17.153000000000002,17.1745
2018-02-02 13:15:00,17.174,17.177999999999997,17.15,17.1685
2018-02-02 13:30:00,17.166500000000003,17.166500000000003,17.020000000000003,17.062500000000004
2018-02-02 13:45:00,17.065,17.067,16.9765,16.996
2018-02-02 14:00:00,16.9915,16.995500000000003,16.945,16.9575
2018-02-02 14:15:00,16.948,16.99,16.9255,16.983500000000003
2018-02-02 14:30:00,16.985,16.987999999999996,16.9295,16.944
2018-02-02 14:45:00,16.946,16.946,16.826,16.827
2018-02-02 15:00:00,16.827,16.827,16.75,16.771
2018-02-02 15:15:00,16.769499999999997,16.7985,16.749,16.764499999999998
2018-02-02 15:30:00,16.765,16.780499999999996,16.727,16.756500000000003
2018-02-02 15:45:00,16.751500000000004,16.770000000000003,16.7265,16.768
2018-02-02 16:00:00,16.766000000000002,16.769000000000002,16.73,16.752
2018-02-02 16:15:00,16.750999999999998,16.750999999999998,16.6815,16.685
2018-02-02 16:30:00,16.682,16.7435,16.678500000000003,16.721
2018-02-02 16:45:00,16.7225,16.749,16.719,16.732
2018-02-02 17:00:00,16.732999999999997,16.79,16.727999999999998,16.776
2018-02-02 17:15:00,16.775499999999997,16.832,16.769000000000002,16.826
2018-02-02 17:30:00,16.826,16.826,16.7955,16.799
2018-02-02 17:45:00,16.7975,16.817500000000003,16.7945,16.799500000000002
2018-02-02 18:00:00,16.801,16.819,16.778,16.781000000000002
2018-02-02 18:15:00,16.782,16.7875,16.7425,16.744
2018-02-02 18:30:00,16.7455,16.777,16.7365,16.7365
2018-02-02 18:45:00,16.737000000000002,16.737000000000002,16.6885,16.6995
2018-02-02 19:00:00,16.697,16.713,16.671999999999997,16.677
2018-02-02 19:15:00,16.677,16.677,16.621,16.635499999999997
2018-02-02 19:30:00,16.634999999999998,16.68,16.628500000000003,16.658499999999997
2018-02-02 19:45:00,16.659499999999998,16.668,16.583,16.6035
2018-02-02 20:00:00,16.6055,16.643,16.573999999999998,16.635499999999997
2018-02-02 20:15:00,16.6335,16.658499999999997,16.623500000000003,16.6555
2018-02-02 20:30:00,16.653000000000002,16.658499999999997,16.6005,16.608
2018-02-02 20:45:00,16.6055,16.6135,16.567500000000003,16.593000000000004
2018-02-02 21:00:00,16.5915,16.6025,16.5635,16.5835
2018-02-02 21:15:00,16.584500000000002,16.584500000000002,16.562500000000004,16.574499999999997
2018-02-02 21:30:00,16.574499999999997,16.5855,16.5665,16.5825
2018-02-02 21:45:00,16.5805,16.619500000000002,16.574499999999997,16.604000000000003
2018-02-04 23:00:00,16.631,16.6315,16.56,16.5895
2018-02-04 23:15:00,16.594,16.671999999999997,16.59,16.671999999999997
2018-02-04 23:30:00,16.671999999999997,16.674,16.6155,16.653000000000002
2018-02-04 23:45:00,16.652,16.656,16.6395,16.6395
2018-02-05 01:00:00,16.694,16.715000000000003,16.676000000000002,16.708000000000002
2018-02-05 01:15:00,16.704,16.704,16.644000000000002,16.653000000000002
2018-02-05 01:30:00,16.656,16.694,16.652,16.689999999999998
2018-02-05 01:45:00,16.6875,16.7005,16.682,16.695
2018-02-05 02:00:00,16.6925,16.697,16.668,16.671
2018-02-05 02:15:00,16.675,16.7,16.664,16.6925
2018-02-05 02:30:00,16.691,16.706,16.674,16.706
2018-02-05 02:45:00,16.695500000000003,16.707,16.6915,16.7
2018-02-05 03:00:00,16.7,16.712,16.6935,16.712
2018-02-05 03:15:00,16.711,16.720000000000002,16.7055,16.706
2018-02-05 03:30:00,16.7,16.707,16.689999999999998,16.697
2018-02-05 03:45:00,16.698,16.702,16.6875,16.699
2018-02-05 04:00:00,16.6995,16.706,16.691,16.701
2018-02-05 04:15:00,16.7,16.704,16.683500000000002,16.691
2018-02-05 04:30:00,16.689500000000002,16.695999999999998,16.677999999999997,16.689999999999998
2018-02-05 04:45:00,16.683999999999997,16.697,16.683999999999997,16.6935
2018-02-05 05:00:00,16.697,16.699,16.691499999999998,16.698
2018-02-05 05:15:00,16.697,16.704,16.691499999999998,16.7
2018-02-05 05:30:00,16.701,16.73,16.695,16.7225
2018-02-05 05:45:00,16.717,16.729,16.703000000000003,16.727999999999998
2018-02-05 06:00:00,16.7285,16.7345,16.71,16.713
2018-02-05 06:15:00,16.715000000000003,16.735,16.708000000000002,16.722
2018-02-05 06:30:00,16.727,16.733999999999998,16.6995,16.732999999999997
2018-02-05 06:45:00,16.726000000000003,16.7355,16.716,16.729
2018-02-05 07:00:00,16.7275,16.753,16.719499999999996,16.737
2018-02-05 07:15:00,16.7375,16.743000000000002,16.7165,16.727999999999998
2018-02-05 07:30:00,16.727,16.744,16.721999999999998,16.742
2018-02-05 07:45:00,16.741500000000002,16.744999999999997,16.719,16.719
2018-02-05 08:00:00,16.718,16.7665,16.718,16.752
2018-02-05 08:15:00,16.752,16.758,16.731,16.7425
2018-02-05 08:30:00,16.743,16.762500000000003,16.732999999999997,16.762500000000003
2018-02-05 08:45:00,16.762,16.764499999999998,16.7465,16.7555
2018-02-05 09:00:00,16.756500000000003,16.779,16.746,16.7735
2018-02-05 09:15:00,16.773500000000002,16.774,16.748,16.752
2018-02-05 09:30:00,16.752,16.775000000000002,16.750500000000002,16.772
2018-02-05 09:45:00,16.772,16.772,16.741,16.744500000000002
2018-02-05 10:00:00,16.7495,16.803,16.7495,16.793999999999997
2018-02-05 10:15:00,16.793999999999997,16.81,16.7915,16.801
2018-02-05 10:30:00,16.801,16.906,16.801,16.896499999999996
2018-02-05 10:45:00,16.896499999999996,16.904999999999998,16.874,16.892000000000003
2018-02-05 11:00:00,16.89,16.899,16.882,16.899
2018-02-05 11:15:00,16.9005,16.906499999999998,16.868,16.899
2018-02-05 11:30:00,16.899,16.904,16.878999999999998,16.899
2018-02-05 11:45:00,16.8945,16.909000000000002,16.865999999999996,16.866
2018-02-05 12:00:00,16.866,16.886000000000003,16.846,16.853
2018-02-05 12:15:00,16.849999999999998,16.878500000000003,16.849999999999998,16.857
2018-02-05 12:30:00,16.863,16.863,16.831000000000003,16.831000000000003
2018-02-05 12:45:00,16.830000000000002,16.8515,16.81,16.836499999999997
2018-02-05 13:00:00,16.836499999999997,16.8535,16.8085,16.8535
2018-02-05 13:15:00,16.8535,16.875,16.84,16.8455
2018-02-05 13:30:00,16.845,16.872999999999998,16.845,16.867500000000003
2018-02-05 13:45:00,16.868,16.902499999999996,16.868,16.8825
2018-02-05 14:00:00,16.883,16.886499999999998,16.854,16.878
2018-02-05 14:15:00,16.878,16.8945,16.873500000000003,16.878
2018-02-05 14:30:00,16.878500000000003,16.882,16.861500000000003,16.868
2018-02-05 14:45:00,16.865000000000002,16.868,16.8215,16.8395
2018-02-05 15:00:00,16.837000000000003,16.887,16.8155,16.887
2018-02-05 15:15:00,16.888,16.895500000000002,16.857499999999998,16.857499999999998
2018-02-05 15:30:00,16.853,16.853,16.813499999999998,16.823
2018-02-05 15:45:00,16.823,16.8545,16.817999999999998,16.8215
2018-02-05 16:00:00,16.8225,16.843,16.7935,16.811999999999998
2018-02-05 16:15:00,16.812500000000004,16.817500000000003,16.7915,16.807499999999997
2018-02-05 16:30:00,16.814,16.815,16.777,16.782999999999998
2018-02-05 16:45:00,16.782,16.809,16.762,16.809
2018-02-05 17:00:00,16.8085,16.823500000000003,16.788999999999998,16.788999999999998
2018-02-05 17:15:00,16.785,16.807499999999997,16.776000000000003,16.793
2018-02-05 17:30:00,16.7895,16.7935,16.763,16.782999999999998
2018-02-05 17:45:00,16.778,16.784,16.756999999999998,16.762
2018-02-05 18:00:00,16.759,16.762,16.742,16.743
2018-02-05 18:15:00,16.743,16.743,16.694,16.697499999999998
2018-02-05 18:30:00,16.698,16.752,16.697,16.7475
2018-02-05 18:45:00,16.749,16.755,16.7335,16.746
2018-02-05 19:00:00,16.746,16.7475,16.724,16.738
2018-02-05 19:15:00,16.735500000000002,16.735500000000002,16.713499999999996,16.719
2018-02-05 19:30:00,16.719,16.719,16.7035,16.709000000000003
2018-02-05 19:45:00,16.709000000000003,16.714000000000002,16.687,16.688
2018-02-05 20:00:00,16.688,16.8185,16.677,16.7725
2018-02-05 20:15:00,16.771,16.8065,16.750999999999998,16.764000000000003
2018-02-05 20:30:00,16.767500000000002,16.784,16.721999999999998,16.753
2018-02-05 20:45:00,16.752499999999998,16.752499999999998,16.702,16.702499999999997
2018-02-05 21:00:00,16.7045,16.7485,16.701500000000003,16.735500000000002
2018-02-05 21:15:00,16.738500000000002,16.7425,16.7215,16.732000000000003
2018-02-05 21:30:00,16.7305,16.7525,16.723499999999998,16.7525
2018-02-05 21:45:00,16.753,16.756,16.722,16.732999999999997
2018-02-05 23:00:00,16.7375,16.7535,16.714499999999997,16.7425
2018-02-05 23:15:00,16.7415,16.761,16.7375,16.741500000000002
2018-02-05 23:30:00,16.743,16.763,16.741,16.749
2018-02-05 23:45:00,16.7495,16.7865,16.744999999999997,16.782
2018-02-06 01:00:00,16.758,16.7785,16.738999999999997,16.764499999999998
2018-02-06 01:15:00,16.764499999999998,16.764499999999998,16.723,16.743999999999996
2018-02-06 01:30:00,16.7465,16.76,16.737000000000002,16.75
2018-02-06 01:45:00,16.749,16.7925,16.744999999999997,16.785
2018-02-06 02:00:00,16.7855,16.9935,16.785,16.915999999999997
2018-02-06 02:15:00,16.9145,16.9365,16.8985,16.9055
2018-02-06 02:30:00,16.9045,16.964499999999997,16.903000000000002,16.939
2018-02-06 02:45:00,16.9365,16.942,16.9145,16.9235
2018-02-06 03:00:00,16.926000000000002,16.926999999999996,16.893,16.901
2018-02-06 03:15:00,16.902,16.912,16.8895,16.8945
2018-02-06 03:30:00,16.897000000000002,16.910999999999998,16.8905,16.9
2018-02-06 03:45:00,16.897499999999997,16.912,16.897499999999997,16.904000000000003
2018-02-06 04:00:00,16.903000000000002,16.925,16.8995,16.9165
2018-02-06 04:15:00,16.9175,16.923500000000004,16.897499999999997,16.9075
2018-02-06 04:30:00,16.9065,16.9075,16.8875,16.8925
2018-02-06 04:45:00,16.891499999999997,16.8925,16.8485,16.8685
2018-02-06 05:00:00,16.868,16.892000000000003,16.8675,16.887
2018-02-06 05:15:00,16.889,16.912,16.8855,16.9025
2018-02-06 05:30:00,16.907,16.941,16.8895,16.918
2018-02-06 05:45:00,16.919,16.921,16.8995,16.904999999999998
2018-02-06 06:00:00,16.907,16.918,16.885,16.8995
2018-02-06 06:15:00,16.9005,16.9055,16.878999999999998,16.88
2018-02-06 06:30:00,16.878999999999998,16.9005,16.8685,16.8795
2018-02-06 06:45:00,16.8795,16.9085,16.8765,16.8955
2018-02-06 07:00:00,16.8955,16.904999999999998,16.878500000000003,16.9
2018-02-06 07:15:00,16.9,16.918,16.875,16.876
2018-02-06 07:30:00,16.872999999999998,16.891000000000002,16.872,16.872500000000002
2018-02-06 07:45:00,16.872500000000002,16.886000000000003,16.857,16.878
2018-02-06 08:00:00,16.876,16.918,16.863,16.894
2018-02-06 08:15:00,16.890500000000003,16.894,16.841,16.842000000000002
2018-02-06 08:30:00,16.845,16.862,16.835,16.846
2018-02-06 08:45:00,16.843999999999998,16.853,16.835499999999996,16.8505
2018-02-06 09:00:00,16.849,16.8695,16.848000000000003,16.86
2018-02-06 09:15:00,16.86,16.8885,16.854000000000003,16.884
2018-02-06 09:30:00,16.887,16.894,16.852,16.862
2018-02-06 09:45:00,16.866,16.8835,16.866,16.878
2018-02-06 10:00:00,16.875,16.886000000000003,16.874,16.878999999999998
2018-02-06 10:15:00,16.878999999999998,16.886000000000003,16.865000000000002,16.885499999999997
2018-02-06 10:30:00,16.8875,16.897000000000002,16.876,16.889
2018-02-06 10:45:00,16.890500000000003,16.914,16.884500000000003,16.894
2018-02-06 11:00:00,16.893,16.899,16.861500000000003,16.8705
2018-02-06 11:15:00,16.866999999999997,16.8705,16.8555,16.866
2018-02-06 11:30:00,16.8625,16.8625,16.8295,16.838
2018-02-06 11:45:00,16.8395,16.84,16.809,16.835
2018-02-06 12:00:00,16.835,16.84,16.798000000000002,16.8085
2018-02-06 12:15:00,16.808,16.824,16.793999999999997,16.812500000000004
2018-02-06 12:30:00,16.815,16.817,16.767,16.772
2018-02-06 12:45:00,16.770000000000003,16.787000000000003,16.6925,16.705000000000002
2018-02-06 13:00:00,16.705000000000002,16.747,16.702,16.712
2018-02-06 13:15:00,16.7105,16.761,16.708000000000002,16.744999999999997
2018-02-06 13:30:00,16.743999999999996,16.769000000000002,16.718,16.721999999999998
2018-02-06 13:45:00,16.720000000000002,16.74,16.707,16.738999999999997
2018-02-06 14:00:00,16.74,16.7425,16.721999999999998,16.736
2018-02-06 14:15:00,16.735,16.743,16.683999999999997,16.7
2018-02-06 14:30:00,16.6995,16.71,16.655,16.699
2018-02-06 14:45:00,16.699,16.708000000000002,16.659000000000002,16.675
2018-02-06 15:00:00,16.6735,16.703000000000003,16.633,16.6445
2018-02-06 15:15:00,16.641000000000002,16.668,16.622999999999998,16.653000000000002
2018-02-06 15:30:00,16.65,16.662,16.619,16.643
2018-02-06 15:45:00,16.651,16.6695,16.621,16.665000000000003
2018-02-06 16:00:00,16.665000000000003,16.665000000000003,16.609,16.610999999999997
2018-02-06 16:15:00,16.610999999999997,16.674500000000002,16.604000000000003,16.669
2018-02-06 16:30:00,16.669,16.692999999999998,16.645,16.660999999999998
2018-02-06 16:45:00,16.662,16.692,16.647000000000002,16.665000000000003
2018-02-06 17:00:00,16.665000000000003,16.6865,16.649,16.686
2018-02-06 17:15:00,16.686,16.6945,16.677,16.682999999999996
2018-02-06 17:30:00,16.682999999999996,16.6915,16.653000000000002,16.656
2018-02-06 17:45:00,16.655,16.677,16.638,16.639
2018-02-06 18:00:00,16.637,16.656,16.628500000000003,16.633
2018-02-06 18:15:00,16.634500000000003,16.666999999999998,16.612,16.628500000000003
2018-02-06 18:30:00,16.628999999999998,16.638,16.588,16.618500000000004
2018-02-06 18:45:00,16.6195,16.6395,16.589,16.621
2018-02-06 19:00:00,16.62,16.636,16.616999999999997,16.624
2018-02-06 19:15:00,16.624,16.64,16.594,16.6055
2018-02-06 19:30:00,16.608,16.636,16.595,16.634
2018-02-06 19:45:00,16.636,16.662,16.636,16.656
2018-02-06 20:00:00,16.656,16.662,16.605,16.612
2018-02-06 20:15:00,16.612,16.628,16.592000000000002,16.6035
2018-02-06 20:30:00,16.6035,16.634999999999998,16.596,16.627
2018-02-06 20:45:00,16.627,16.6325,16.597,16.602
2018-02-06 21:00:00,16.605999999999998,16.631,16.605999999999998,16.624
2018-02-06 21:15:00,16.622999999999998,16.628999999999998,16.6145,16.621
2018-02-06 21:30:00,16.6235,16.6385,16.6235,16.638
2018-02-06 21:45:00,16.638,16.6505,16.6375,16.6435
2018-02-06 23:00:00,16.6435,16.683,16.6425,16.677999999999997
2018-02-06 23:15:00,16.677,16.6945,16.668,16.668
2018-02-06 23:30:00,16.665999999999997,16.674,16.665000000000003,16.67
2018-02-06 23:45:00,16.677,16.678500000000003,16.6605,16.671999999999997
2018-02-07 01:00:00,16.703000000000003,16.723,16.689999999999998,16.692
2018-02-07 01:15:00,16.692,16.702,16.679,16.702
2018-02-07 01:30:00,16.699,16.7315,16.694,16.73
2018-02-07 01:45:00,16.73,16.753,16.725,16.74
2018-02-07 02:00:00,16.74,16.748,16.735,16.743999999999996
2018-02-07 02:15:00,16.747,16.752,16.739500000000003,16.7425
2018-02-07 02:30:00,16.742,16.746,16.721999999999998,16.738
2018-02-07 02:45:00,16.7375,16.775000000000002,16.7375,16.772
2018-02-07 03:00:00,16.772,16.774,16.755,16.756
2018-02-07 03:15:00,16.755,16.756500000000003,16.7335,16.736
2018-02-07 03:30:00,16.7345,16.752499999999998,16.73,16.7305
2018-02-07 03:45:00,16.732999999999997,16.735500000000002,16.725,16.731
2018-02-07 04:00:00,16.7305,16.735500000000002,16.725,16.735
2018-02-07 04:15:00,16.736,16.738,16.7285,16.7285
2018-02-07 04:30:00,16.7315,16.74,16.7305,16.736
2018-02-07 04:45:00,16.738999999999997,16.741,16.729,16.729
2018-02-07 05:00:00,16.73,16.737000000000002,16.73,16.733999999999998
2018-02-07 05:15:00,16.735,16.735500000000002,16.725,16.725
2018-02-07 05:30:00,16.727999999999998,16.756999999999998,16.727999999999998,16.756999999999998
2018-02-07 05:45:00,16.76,16.763,16.74,16.749
2018-02-07 06:00:00,16.747,16.756,16.7345,16.735
2018-02-07 06:15:00,16.735,16.75,16.735,16.748
2018-02-07 06:30:00,16.746,16.751500000000004,16.7265,16.741500000000002
2018-02-07 06:45:00,16.7405,16.767,16.7365,16.7615
2018-02-07 07:00:00,16.758,16.778,16.743,16.775000000000002
2018-02-07 07:15:00,16.779,16.781000000000002,16.764000000000003,16.7665
2018-02-07 07:30:00,16.761,16.777,16.749,16.754
2018-02-07 07:45:00,16.753,16.7555,16.73,16.73
2018-02-07 08:00:00,16.73,16.735,16.689500000000002,16.689999999999998
2018-02-07 08:15:00,16.689999999999998,16.7275,16.689,16.706
2018-02-07 08:30:00,16.703000000000003,16.721,16.701,16.719
2018-02-07 08:45:00,16.720000000000002,16.74,16.719,16.735
2018-02-07 09:00:00,16.735,16.7365,16.715000000000003,16.716
2018-02-07 09:15:00,16.715000000000003,16.715999999999998,16.6925,16.705000000000002
2018-02-07 09:30:00,16.708000000000002,16.726000000000003,16.699,16.703000000000003
2018-02-07 09:45:00,16.704,16.7115,16.685499999999998,16.685499999999998
2018-02-07 10:00:00,16.691499999999998,16.707,16.6805,16.695999999999998
2018-02-07 10:15:00,16.696499999999997,16.705000000000002,16.6805,16.684500000000003
2018-02-07 10:30:00,16.683999999999997,16.688,16.677999999999997,16.683999999999997
2018-02-07 10:45:00,16.684500000000003,16.694,16.671999999999997,16.673
2018-02-07 11:00:00,16.6735,16.694,16.673,16.6885
2018-02-07 11:15:00,16.688,16.689,16.6575,16.664
2018-02-07 11:30:00,16.664,16.695,16.664,16.695
2018-02-07 11:45:00,16.694,16.695,16.673,16.688
2018-02-07 12:00:00,16.688,16.694,16.637,16.65
2018-02-07 12:15:00,16.650000000000002,16.650000000000002,16.585,16.631
2018-02-07 12:30:00,16.627,16.631999999999998,16.607,16.61
2018-02-07 12:45:00,16.609,16.628999999999998,16.604000000000003,16.6155
2018-02-07 13:00:00,16.6155,16.652,16.585,16.59
2018-02-07 13:15:00,16.59,16.628500000000003,16.544,16.573500000000003
2018-02-07 13:30:00,16.573,16.581000000000003,16.518,16.527
2018-02-07 13:45:00,16.528,16.534,16.439500000000002,16.46
2018-02-07 14:00:00,16.4605,16.471,16.382,16.427999999999997
2018-02-07 14:15:00,16.427,16.4825,16.412,16.4735
2018-02-07 14:30:00,16.4675,16.517,16.42,16.4655
2018-02-07 14:45:00,16.465000000000003,16.521,16.4545,16.505
2018-02-07 15:00:00,16.503,16.518,16.4715,16.488
2018-02-07 15:15:00,16.491500000000002,16.4935,16.441,16.458000000000002
2018-02-07 15:30:00,16.456500000000002,16.458000000000002,16.422,16.4265
2018-02-07 15:45:00,16.4265,16.442,16.404000000000003,16.427
2018-02-07 16:00:00,16.4255,16.482000000000003,16.416999999999998,16.462500000000002
2018-02-07 16:15:00,16.463,16.477999999999998,16.456,16.457500000000003
2018-02-07 16:30:00,16.458000000000002,16.473,16.427999999999997,16.4365
2018-02-07 16:45:00,16.435,16.448999999999998,16.4165,16.4225
2018-02-07 17:00:00,16.425,16.497,16.412499999999998,16.477
2018-02-07 17:15:00,16.477,16.4825,16.4495,16.457
2018-02-07 17:30:00,16.457,16.473,16.447,16.453
2018-02-07 17:45:00,16.452499999999997,16.452499999999997,16.397499999999997,16.402
2018-02-07 18:00:00,16.404000000000003,16.410999999999998,16.353,16.3565
2018-02-07 18:15:00,16.355999999999998,16.3995,16.269,16.311999999999998
2018-02-07 18:30:00,16.307,16.381,16.307,16.334500000000002
2018-02-07 18:45:00,16.3335,16.37,16.319,16.338
2018-02-07 19:00:00,16.335,16.345499999999998,16.32,16.328
2018-02-07 19:15:00,16.325,16.359,16.323,16.349999999999998
2018-02-07 19:30:00,16.351,16.357499999999998,16.334,16.344
2018-02-07 19:45:00,16.344,16.3505,16.311999999999998,16.346
2018-02-07 20:00:00,16.346,16.3695,16.323999999999998,16.366999999999997
2018-02-07 20:15:00,16.366,16.3855,16.341499999999996,16.358
2018-02-07 20:30:00,16.357,16.3815,16.34,16.3775
2018-02-07 20:45:00,16.376,16.382,16.3325,16.3325
2018-02-07 21:00:00,16.338,16.355999999999998,16.336000000000002,16.355
2018-02-07 21:15:00,16.355999999999998,16.37,16.3455,16.366999999999997
2018-02-07 21:30:00,16.366500000000002,16.3675,16.3595,16.3675
2018-02-07 21:45:00,16.366500000000002,16.392,16.366500000000002,16.3755
2018-02-07 23:00:00,16.392,16.412,16.3825,16.398000000000003
2018-02-07 23:15:00,16.394,16.414,16.394,16.403000000000002
2018-02-07 23:30:00,16.403000000000002,16.408499999999997,16.398000000000003,16.408499999999997
2018-02-07 23:45:00,16.4075,16.413,16.3925,16.413
2018-02-08 01:00:00,16.3745,16.3745,16.314,16.329
2018-02-08 01:15:00,16.329,16.3415,16.311999999999998,16.330499999999997
2018-02-08 01:30:00,16.3325,16.345,16.316999999999997,16.339
2018-02-08 01:45:00,16.334,16.360500000000002,16.329,16.360500000000002
2018-02-08 02:00:00,16.355999999999998,16.3625,16.335,16.34
2018-02-08 02:15:00,16.3395,16.3475,16.33,16.338
2018-02-08 02:30:00,16.339,16.3465,16.318500000000004,16.32
2018-02-08 02:45:00,16.323999999999998,16.328,16.2955,16.308500000000002
2018-02-08 03:00:00,16.316,16.326999999999998,16.303,16.314
2018-02-08 03:15:00,16.315,16.326,16.303,16.316
2018-02-08 03:30:00,16.32,16.331,16.311500000000002,16.326999999999998
2018-02-08 03:45:00,16.3245,16.326999999999998,16.299500000000002,16.305
2018-02-08 04:00:00,16.305999999999997,16.310999999999996,16.293000000000003,16.298000000000002
2018-02-08 04:15:00,16.2975,16.309,16.259,16.26
2018-02-08 04:30:00,16.26,16.288999999999998,16.249999999999996,16.281000000000002
2018-02-08 04:45:00,16.278,16.3025,16.276000000000003,16.285
2018-02-08 05:00:00,16.284,16.299999999999997,16.2835,16.294
2018-02-08 05:15:00,16.294999999999998,16.305500000000002,16.294,16.299999999999997
2018-02-08 05:30:00,16.302,16.302500000000002,16.262,16.2985
2018-02-08 05:45:00,16.299999999999997,16.3095,16.293000000000003,16.293000000000003
2018-02-08 06:00:00,16.29,16.339,16.288,16.325
2018-02-08 06:15:00,16.3245,16.339,16.314,16.314
2018-02-08 06:30:00,16.319499999999998,16.326999999999998,16.299500000000002,16.305
2018-02-08 06:45:00,16.3085,16.3215,16.2985,16.3095
2018-02-08 07:00:00,16.31,16.368,16.31,16.358
2018-02-08 07:15:00,16.360999999999997,16.380499999999998,16.353,16.368
2018-02-08 07:30:00,16.371000000000002,16.376,16.351,16.360999999999997
2018-02-08 07:45:00,16.36,16.377,16.342499999999998,16.354000000000003
2018-02-08 08:00:00,16.3525,16.357,16.332,16.349
2018-02-08 08:15:00,16.3505,16.365000000000002,16.313,16.316999999999997
2018-02-08 08:30:00,16.3165,16.338,16.305999999999997,16.311999999999998
2018-02-08 08:45:00,16.3145,16.3315,16.294999999999998,16.297
2018-02-08 09:00:00,16.297,16.303,16.255999999999997,16.288999999999998
2018-02-08 09:15:00,16.288,16.3065,16.266,16.287000000000003
2018-02-08 09:30:00,16.286,16.291,16.27,16.281000000000002
2018-02-08 09:45:00,16.279,16.2915,16.27,16.2915
2018-02-08 10:00:00,16.288,16.305,16.26,16.305
2018-02-08 10:15:00,16.305,16.305,16.268500000000003,16.294
2018-02-08 10:30:00,16.293499999999998,16.318500000000004,16.292499999999997,16.298000000000002
2018-02-08 10:45:00,16.298000000000002,16.329,16.287499999999998,16.325499999999998
2018-02-08 11:00:00,16.325,16.325,16.292,16.294999999999998
2018-02-08 11:15:00,16.299,16.3005,16.284,16.299
2018-02-08 11:30:00,16.2975,16.310000000000002,16.283,16.291
2018-02-08 11:45:00,16.287000000000003,16.299,16.28,16.2805
2018-02-08 12:00:00,16.282000000000004,16.351,16.274499999999996,16.314
2018-02-08 12:15:00,16.311999999999998,16.314,16.256999999999998,16.284
2018-02-08 12:30:00,16.2845,16.308,16.267,16.302
2018-02-08 12:45:00,16.299500000000002,16.331,16.292,16.328
2018-02-08 13:00:00,16.3275,16.397000000000002,16.308,16.360999999999997
2018-02-08 13:15:00,16.360999999999997,16.412,16.360999999999997,16.3965
2018-02-08 13:30:00,16.3915,16.4295,16.374,16.401
2018-02-08 13:45:00,16.4,16.439999999999998,16.396,16.429
2018-02-08 14:00:00,16.427999999999997,16.4325,16.405,16.4285
2018-02-08 14:15:00,16.4285,16.468,16.42,16.455000000000002
2018-02-08 14:30:00,16.451999999999998,16.455000000000002,16.404000000000003,16.405
2018-02-08 14:45:00,16.404000000000003,16.4365,16.378999999999998,16.407
2018-02-08 15:00:00,16.4105,16.417,16.369,16.389
2018-02-08 15:15:00,16.392,16.394000000000002,16.348000000000003,16.364
2018-02-08 15:30:00,16.364,16.402499999999996,16.358,16.3765
2018-02-08 15:45:00,16.3705,16.392,16.345,16.362
2018-02-08 16:00:00,16.362,16.404000000000003,16.357,16.401
2018-02-08 16:15:00,16.405,16.416,16.3715,16.378999999999998
2018-02-08 16:30:00,16.38,16.416,16.3755,16.415499999999998
2018-02-08 16:45:00,16.4165,16.422,16.392,16.398000000000003
2018-02-08 17:00:00,16.398000000000003,16.419,16.387,16.412
2018-02-08 17:15:00,16.412,16.459000000000003,16.404000000000003,16.454
2018-02-08 17:30:00,16.455000000000002,16.475,16.416999999999998,16.423
2018-02-08 17:45:00,16.421000000000003,16.424500000000002,16.399,16.412
2018-02-08 18:00:00,16.412,16.4215,16.378999999999998,16.382
2018-02-08 18:15:00,16.38,16.408,16.369,16.378999999999998
2018-02-08 18:30:00,16.38,16.414,16.37,16.412
2018-02-08 18:45:00,16.4135,16.456,16.408,16.433
2018-02-08 19:00:00,16.435,16.454,16.4315,16.4425
2018-02-08 19:15:00,16.445999999999998,16.463,16.443,16.458000000000002
2018-02-08 19:30:00,16.459000000000003,16.46,16.4205,16.424
2018-02-08 19:45:00,16.424,16.4365,16.3965,16.418
2018-02-08 20:00:00,16.421000000000003,16.433,16.4055,16.407
2018-02-08 20:15:00,16.405,16.418,16.398000000000003,16.412
2018-02-08 20:30:00,16.412,16.424,16.394000000000002,16.397000000000002
2018-02-08 20:45:00,16.398000000000003,16.402,16.376,16.387999999999998
2018-02-08 21:00:00,16.386,16.402,16.3845,16.39
2018-02-08 21:15:00,16.3935,16.401,16.389,16.4005
2018-02-08 21:30:00,16.401,16.4165,16.3995,16.4045
2018-02-08 21:45:00,16.4045,16.427,16.4045,16.418
2018-02-08 23:00:00,16.409000000000002,16.430500000000002,16.407,16.43
2018-02-08 23:15:00,16.427500000000002,16.4505,16.424,16.447
2018-02-08 23:30:00,16.448,16.454,16.432999999999996,16.438000000000002
2018-02-08 23:45:00,16.438000000000002,16.4565,16.4295,16.448
2018-02-09 01:00:00,16.43,16.445,16.404000000000003,16.4105
2018-02-09 01:15:00,16.410000000000004,16.432000000000002,16.405,16.416
2018-02-09 01:30:00,16.416,16.445500000000003,16.415000000000003,16.430500000000002
2018-02-09 01:45:00,16.431,16.454,16.427,16.433999999999997
2018-02-09 02:00:00,16.431,16.440500000000004,16.403000000000002,16.408
2018-02-09 02:15:00,16.409000000000002,16.419,16.397000000000002,16.415000000000003
2018-02-09 02:30:00,16.4125,16.42,16.372,16.393
2018-02-09 02:45:00,16.394000000000002,16.397499999999997,16.375,16.391
2018-02-09 03:00:00,16.391,16.405,16.387,16.3995
2018-02-09 03:15:00,16.397000000000002,16.401500000000002,16.377999999999997,16.377999999999997
2018-02-09 03:30:00,16.378999999999998,16.393,16.366999999999997,16.382
2018-02-09 03:45:00,16.382,16.3855,16.372,16.383
2018-02-09 04:00:00,16.3885,16.398000000000003,16.383,16.393
2018-02-09 04:15:00,16.393,16.400000000000002,16.387999999999998,16.387999999999998
2018-02-09 04:30:00,16.387999999999998,16.3995,16.387999999999998,16.3995
2018-02-09 04:45:00,16.399,16.399,16.3885,16.393
2018-02-09 05:00:00,16.396,16.396,16.3825,16.384
2018-02-09 05:15:00,16.378999999999998,16.399,16.378999999999998,16.398000000000003
2018-02-09 05:30:00,16.398000000000003,16.413,16.387999999999998,16.408
2018-02-09 05:45:00,16.409000000000002,16.413,16.397499999999997,16.399
2018-02-09 06:00:00,16.399,16.419,16.392,16.392
2018-02-09 06:15:00,16.394000000000002,16.416,16.393,16.41
2018-02-09 06:30:00,16.4115,16.4215,16.402,16.4085
2018-02-09 06:45:00,16.4085,16.4285,16.4085,16.4245
2018-02-09 07:00:00,16.4235,16.45,16.412,16.443
2018-02-09 07:15:00,16.444,16.445999999999998,16.423,16.427999999999997
2018-02-09 07:30:00,16.427500000000002,16.441,16.412,16.4305
2018-02-09 07:45:00,16.427,16.439,16.42,16.423
2018-02-09 08:00:00,16.423,16.423,16.3355,16.345
2018-02-09 08:15:00,16.344,16.355999999999998,16.3215,16.339
2018-02-09 08:30:00,16.3385,16.360999999999997,16.317999999999998,16.355999999999998
2018-02-09 08:45:00,16.353499999999997,16.3655,16.342499999999998,16.354000000000003
2018-02-09 09:00:00,16.355,16.373500000000003,16.345,16.362
2018-02-09 09:15:00,16.36,16.3755,16.354000000000003,16.366
2018-02-09 09:30:00,16.36,16.399,16.359,16.395
2018-02-09 09:45:00,16.395500000000002,16.4165,16.39,16.412
2018-02-09 10:00:00,16.410999999999998,16.422,16.394000000000002,16.398000000000003
2018-02-09 10:15:00,16.396,16.416,16.387999999999998,16.41
2018-02-09 10:30:00,16.409000000000002,16.41,16.387,16.389
2018-02-09 10:45:00,16.391,16.391,16.369,16.382
2018-02-09 11:00:00,16.387,16.412,16.374,16.3775
2018-02-09 11:15:00,16.372999999999998,16.3895,16.362,16.371000000000002
2018-02-09 11:30:00,16.372500000000002,16.382,16.354000000000003,16.369
2018-02-09 11:45:00,16.368,16.368,16.349999999999998,16.354499999999998
2018-02-09 12:00:00,16.352,16.3525,16.329500000000003,16.349999999999998
2018-02-09 12:15:00,16.348000000000003,16.374,16.348000000000003,16.351
2018-02-09 12:30:00,16.352,16.377999999999997,16.352,16.366500000000002
2018-02-09 12:45:00,16.366,16.376,16.3505,16.360999999999997
2018-02-09 13:00:00,16.360999999999997,16.394000000000002,16.34,16.378999999999998
2018-02-09 13:15:00,16.377,16.38,16.329500000000003,16.329500000000003
2018-02-09 13:30:00,16.3275,16.3395,16.305,16.332
2018-02-09 13:45:00,16.3325,16.3855,16.304000000000002,16.371000000000002
2018-02-09 14:00:00,16.372999999999998,16.375,16.335,16.341
2018-02-09 14:15:00,16.339,16.349,16.32,16.3245
2018-02-09 14:30:00,16.32,16.325499999999998,16.2885,16.311
2018-02-09 14:45:00,16.311,16.332,16.296,16.328500000000002
2018-02-09 15:00:00,16.326,16.331,16.2705,16.272000000000002
2018-02-09 15:15:00,16.2745,16.292,16.2305,16.248
2018-02-09 15:30:00,16.248,16.266,16.219,16.259
2018-02-09 15:45:00,16.259,16.325,16.249,16.272000000000002
2018-02-09 16:00:00,16.272000000000002,16.2775,16.231499999999997,16.250999999999998
2018-02-09 16:15:00,16.248,16.272000000000002,16.226000000000003,16.264499999999998
2018-02-09 16:30:00,16.264,16.286,16.2475,16.255999999999997
2018-02-09 16:45:00,16.259,16.316,16.258,16.29
2018-02-09 17:00:00,16.291,16.309,16.269,16.28
2018-02-09 17:15:00,16.279,16.284,16.254,16.2655
2018-02-09 17:30:00,16.264,16.266,16.236,16.237000000000002
2018-02-09 17:45:00,16.237000000000002,16.237000000000002,16.198999999999998,16.2
2018-02-09 18:00:00,16.201,16.227999999999998,16.1905,16.201999999999998
2018-02-09 18:15:00,16.206,16.227,16.189999999999998,16.206
2018-02-09 18:30:00,16.207,16.255,16.206,16.254
2018-02-09 18:45:00,16.253,16.288999999999998,16.244999999999997,16.274499999999996
2018-02-09 19:00:00,16.2765,16.3065,16.273,16.301
2018-02-09 19:15:00,16.301,16.3165,16.285500000000003,16.291
2018-02-09 19:30:00,16.2905,16.297,16.261,16.277
2018-02-09 19:45:00,16.277,16.296,16.262,16.288999999999998
2018-02-09 20:00:00,16.288,16.3075,16.2775,16.286
2018-02-09 20:15:00,16.288,16.3045,16.285,16.29
2018-02-09 20:30:00,16.294,16.314,16.2825,16.314
2018-02-09 20:45:00,16.311999999999998,16.333,16.2975,16.3235
2018-02-09 21:00:00,16.3245,16.357499999999998,16.3245,16.3465
2018-02-09 21:15:00,16.346,16.3625,16.335499999999996,16.36
2018-02-09 21:30:00,16.36,16.366500000000002,16.347,16.3525
2018-02-09 21:45:00,16.3505,16.37,16.344,16.355999999999998
2018-02-11 23:00:00,16.3415,16.38,16.330499999999997,16.359
2018-02-11 23:15:00,16.3595,16.372500000000002,16.35,16.3525
2018-02-11 23:30:00,16.35,16.353,16.334500000000002,16.3525
2018-02-11 23:45:00,16.3525,16.372,16.3525,16.372
2018-02-12 01:00:00,16.380499999999998,16.436999999999998,16.378999999999998,16.4295
2018-02-12 01:15:00,16.4295,16.4495,16.4125,16.424500000000002
2018-02-12 01:30:00,16.424,16.505,16.4175,16.46
2018-02-12 01:45:00,16.46,16.4835,16.4545,16.465000000000003
2018-02-12 02:00:00,16.464499999999997,16.500999999999998,16.4595,16.463
2018-02-12 02:15:00,16.462,16.475499999999997,16.455000000000002,16.464499999999997
2018-02-12 02:30:00,16.4615,16.4815,16.442999999999998,16.4805
2018-02-12 02:45:00,16.482,16.4845,16.466,16.476000000000003
2018-02-12 03:00:00,16.475,16.497,16.469,16.486
2018-02-12 03:15:00,16.486,16.4925,16.48,16.481
2018-02-12 03:30:00,16.4805,16.4865,16.4745,16.481
2018-02-12 03:45:00,16.481,16.4905,16.474,16.49
2018-02-12 04:00:00,16.4905,16.497,16.4835,16.488999999999997
2018-02-12 04:15:00,16.488,16.488,16.474,16.483
2018-02-12 04:30:00,16.4825,16.483999999999998,16.469499999999996,16.477
2018-02-12 04:45:00,16.475499999999997,16.4905,16.475499999999997,16.485
2018-02-12 05:00:00,16.485500000000002,16.4905,16.467,16.475499999999997
2018-02-12 05:15:00,16.479499999999998,16.479499999999998,16.468,16.4715
2018-02-12 05:30:00,16.473,16.485500000000002,16.459000000000003,16.475
2018-02-12 05:45:00,16.475,16.4905,16.4735,16.474
2018-02-12 06:00:00,16.4775,16.479,16.464499999999997,16.474
2018-02-12 06:15:00,16.475499999999997,16.491,16.4735,16.483999999999998
2018-02-12 06:30:00,16.4845,16.485,16.470499999999998,16.476000000000003
2018-02-12 06:45:00,16.479,16.491500000000002,16.475499999999997,16.479499999999998
2018-02-12 07:00:00,16.479499999999998,16.488999999999997,16.471,16.488
2018-02-12 07:15:00,16.4905,16.493000000000002,16.476000000000003,16.476000000000003
2018-02-12 07:30:00,16.475499999999997,16.476000000000003,16.4535,16.461
2018-02-12 07:45:00,16.4615,16.466,16.438999999999997,16.438999999999997
2018-02-12 08:00:00,16.442,16.443,16.42,16.4265
2018-02-12 08:15:00,16.427,16.463,16.424,16.463
2018-02-12 08:30:00,16.462,16.477,16.448999999999998,16.476499999999998
2018-02-12 08:45:00,16.477,16.477999999999998,16.439999999999998,16.453
2018-02-12 09:00:00,16.454,16.4665,16.4495,16.451
2018-02-12 09:15:00,16.451,16.456,16.435,16.439999999999998
2018-02-12 09:30:00,16.439999999999998,16.456,16.439999999999998,16.4505
2018-02-12 09:45:00,16.451500000000003,16.458000000000002,16.445999999999998,16.451999999999998
2018-02-12 10:00:00,16.448999999999998,16.4515,16.4405,16.4405
2018-02-12 10:15:00,16.439999999999998,16.442,16.429,16.4315
2018-02-12 10:30:00,16.432000000000002,16.455000000000002,16.432000000000002,16.451500000000003
2018-02-12 10:45:00,16.451999999999998,16.458499999999997,16.442,16.443
2018-02-12 11:00:00,16.443,16.443,16.4265,16.431
2018-02-12 11:15:00,16.431,16.441,16.425,16.426000000000002
2018-02-12 11:30:00,16.4295,16.451,16.427999999999997,16.433999999999997
2018-02-12 11:45:00,16.431,16.4355,16.415499999999998,16.4265
2018-02-12 12:00:00,16.426000000000002,16.43,16.410999999999998,16.414
2018-02-12 12:15:00,16.415000000000003,16.4255,16.407,16.421000000000003
2018-02-12 12:30:00,16.422,16.43,16.391,16.401
2018-02-12 12:45:00,16.3995,16.421000000000003,16.3995,16.4185
2018-02-12 13:00:00,16.418,16.424,16.397499999999997,16.4185
2018-02-12 13:15:00,16.4185,16.419,16.389,16.403499999999998
2018-02-12 13:30:00,16.408499999999997,16.415499999999998,16.386,16.389
2018-02-12 13:45:00,16.392,16.43,16.39,16.42
2018-02-12 14:00:00,16.423,16.448,16.409000000000002,16.438999999999997
2018-02-12 14:15:00,16.442,16.453,16.43,16.445999999999998
2018-02-12 14:30:00,16.4435,16.536,16.436,16.53
2018-02-12 14:45:00,16.531499999999998,16.561500000000002,16.522,16.543000000000003
2018-02-12 15:00:00,16.543000000000003,16.549,16.529,16.538999999999998
2018-02-12 15:15:00,16.538,16.5415,16.49,16.509
2018-02-12 15:30:00,16.512,16.578,16.508,16.512
2018-02-12 15:45:00,16.512,16.554000000000002,16.512,16.534
2018-02-12 16:00:00,16.534,16.544999999999998,16.509,16.544999999999998
2018-02-12 16:15:00,16.5445,16.5645,16.5215,16.549
2018-02-12 16:30:00,16.554000000000002,16.5595,16.529,16.538999999999998
2018-02-12 16:45:00,16.535,16.559,16.529,16.5485
2018-02-12 17:00:00,16.549,16.602,16.549,16.598000000000003
2018-02-12 17:15:00,16.599,16.616999999999997,16.591,16.6055
2018-02-12 17:30:00,16.607,16.610999999999997,16.588,16.595
2018-02-12 17:45:00,16.591499999999996,16.6095,16.577,16.601
2018-02-12 18:00:00,16.603,16.6245,16.596,16.610999999999997
2018-02-12 18:15:00,16.6115,16.6215,16.581000000000003,16.61
2018-02-12 18:30:00,16.614,16.622999999999998,16.557,16.567
2018-02-12 18:45:00,16.567999999999998,16.5775,16.561500000000002,16.57
2018-02-12 19:00:00,16.570999999999998,16.581000000000003,16.561999999999998,16.5685
2018-02-12 19:15:00,16.565,16.569499999999998,16.557,16.563
2018-02-12 19:30:00,16.563,16.582,16.563,16.567999999999998
2018-02-12 19:45:00,16.567999999999998,16.567999999999998,16.531000000000002,16.537000000000003
2018-02-12 20:00:00,16.537000000000003,16.582,16.531000000000002,16.579
2018-02-12 20:15:00,16.578,16.5835,16.5665,16.570999999999998
2018-02-12 20:30:00,16.572,16.579,16.546,16.5465
2018-02-12 20:45:00,16.547,16.5545,16.5205,16.523
2018-02-12 21:00:00,16.525000000000002,16.534,16.5215,16.531000000000002
2018-02-12 21:15:00,16.532000000000004,16.5545,16.5305,16.549
2018-02-12 21:30:00,16.5545,16.5545,16.5365,16.5475
2018-02-12 21:45:00,16.549000000000003,16.564,16.5465,16.554000000000002
2018-02-12 23:00:00,16.555,16.5775,16.555,16.567999999999998
2018-02-12 23:15:00,16.5685,16.569,16.559,16.5635
2018-02-12 23:30:00,16.559,16.5775,16.558,16.570999999999998
2018-02-12 23:45:00,16.5635,16.567,16.553,16.555999999999997
2018-02-13 01:00:00,16.567,16.5825,16.543000000000003,16.5825
2018-02-13 01:15:00,16.578,16.578,16.546,16.56
2018-02-13 01:30:00,16.559,16.585,16.555,16.567999999999998
2018-02-13 01:45:00,16.569,16.575,16.554000000000002,16.573500000000003
2018-02-13 02:00:00,16.575499999999998,16.584,16.565,16.575499999999998
2018-02-13 02:15:00,16.573,16.5775,16.569,16.569
2018-02-13 02:30:00,16.572,16.579500000000003,16.5685,16.579
2018-02-13 02:45:00,16.577,16.585,16.57,16.579
2018-02-13 03:00:00,16.579,16.595,16.572,16.591
2018-02-13 03:15:00,16.591,16.591,16.582,16.59
2018-02-13 03:30:00,16.59,16.595,16.585,16.591
2018-02-13 03:45:00,16.593000000000004,16.599,16.591,16.596
2018-02-13 04:00:00,16.596,16.605999999999998,16.5945,16.605999999999998
2018-02-13 04:15:00,16.605,16.610999999999997,16.599,16.605999999999998
2018-02-13 04:30:00,16.6065,16.625,16.594,16.612
2018-02-13 04:45:00,16.609,16.615000000000002,16.607499999999998,16.614
2018-02-13 05:00:00,16.614,16.619,16.6045,16.613
2018-02-13 05:15:00,16.61,16.616999999999997,16.607,16.616
2018-02-13 05:30:00,16.612,16.653000000000002,16.610999999999997,16.624
2018-02-13 05:45:00,16.624,16.647000000000002,16.62,16.634
2018-02-13 06:00:00,16.636499999999998,16.659000000000002,16.636499999999998,16.654000000000003
2018-02-13 06:15:00,16.653499999999998,16.659499999999998,16.643,16.647499999999997
2018-02-13 06:30:00,16.6495,16.657,16.621,16.6235
2018-02-13 06:45:00,16.6265,16.6355,16.607,16.6245
2018-02-13 07:00:00,16.625,16.639,16.6185,16.628
2018-02-13 07:15:00,16.628999999999998,16.629500000000004,16.6125,16.627
2018-02-13 07:30:00,16.628999999999998,16.649,16.62,16.641000000000002
2018-02-13 07:45:00,16.638,16.661,16.616,16.618
2018-02-13 08:00:00,16.616,16.628,16.607,16.613
2018-02-13 08:15:00,16.612,16.676000000000002,16.612,16.671999999999997
2018-02-13 08:30:00,16.67,16.689,16.651,16.66
2018-02-13 08:45:00,16.6605,16.679,16.639,16.646
2018-02-13 09:00:00,16.650000000000002,16.662499999999998,16.630499999999998,16.652
2018-02-13 09:15:00,16.652,16.662,16.642000000000003,16.646499999999996
2018-02-13 09:30:00,16.6465,16.651500000000002,16.621999999999996,16.621999999999996
2018-02-13 09:45:00,16.626,16.637,16.616,16.626
2018-02-13 10:00:00,16.628999999999998,16.645,16.622500000000002,16.6395
2018-02-13 10:15:00,16.639,16.6565,16.639,16.654000000000003
2018-02-13 10:30:00,16.653000000000002,16.681,16.6395,16.6645
2018-02-13 10:45:00,16.664,16.679,16.651500000000002,16.67
2018-02-13 11:00:00,16.67,16.674,16.65,16.655
2018-02-13 11:15:00,16.6545,16.663,16.639,16.644000000000002
2018-02-13 11:30:00,16.644000000000002,16.645,16.634999999999998,16.64
2018-02-13 11:45:00,16.644000000000002,16.646,16.6195,16.627
2018-02-13 12:00:00,16.624,16.656,16.6035,16.653000000000002
2018-02-13 12:15:00,16.653000000000002,16.660999999999998,16.643,16.653000000000002
2018-02-13 12:30:00,16.653000000000002,16.66,16.6205,16.621999999999996
2018-02-13 12:45:00,16.624,16.637,16.6065,16.616999999999997
2018-02-13 13:00:00,16.616,16.621,16.583,16.5885
2018-02-13 13:15:00,16.589,16.5935,16.5515,16.574499999999997
2018-02-13 13:30:00,16.572,16.577,16.530499999999996,16.565
2018-02-13 13:45:00,16.567,16.575499999999998,16.5095,16.524499999999996
2018-02-13 14:00:00,16.523,16.539,16.512999999999998,16.523
2018-02-13 14:15:00,16.523500000000002,16.538999999999998,16.488,16.535
2018-02-13 14:30:00,16.535,16.549500000000002,16.459000000000003,16.488
2018-02-13 14:45:00,16.483,16.5425,16.467,16.5425
2018-02-13 15:00:00,16.541,16.552,16.517,16.536
2018-02-13 15:15:00,16.5325,16.607,16.5325,16.582
2018-02-13 15:30:00,16.583,16.6145,16.564,16.566
2018-02-13 15:45:00,16.5645,16.579,16.5575,16.573
2018-02-13 16:00:00,16.570999999999998,16.59,16.555,16.59
2018-02-13 16:15:00,16.589,16.591,16.54,16.5595
2018-02-13 16:30:00,16.560999999999996,16.579,16.549500000000002,16.573
2018-02-13 16:45:00,16.573,16.5885,16.557,16.583
2018-02-13 17:00:00,16.584,16.592000000000002,16.578,16.592000000000002
2018-02-13 17:15:00,16.591499999999996,16.596,16.5725,16.585499999999996
2018-02-13 17:30:00,16.585,16.592000000000002,16.573,16.576
2018-02-13 17:45:00,16.573999999999998,16.59,16.573,16.59
2018-02-13 18:00:00,16.59,16.609,16.585,16.593000000000004
2018-02-13 18:15:00,16.593000000000004,16.5965,16.56,16.5705
2018-02-13 18:30:00,16.57,16.583,16.5605,16.565
2018-02-13 18:45:00,16.568500000000004,16.577,16.560999999999996,16.566
2018-02-13 19:00:00,16.566,16.575499999999998,16.56,16.57
2018-02-13 19:15:00,16.567999999999998,16.575,16.560999999999996,16.575
2018-02-13 19:30:00,16.573999999999998,16.578,16.569,16.573999999999998
2018-02-13 19:45:00,16.573,16.583,16.564,16.583
2018-02-13 20:00:00,16.584,16.598000000000003,16.583,16.592000000000002
2018-02-13 20:15:00,16.592000000000002,16.616,16.580000000000002,16.584500000000002
2018-02-13 20:30:00,16.5875,16.5955,16.577,16.580000000000002
2018-02-13 20:45:00,16.582,16.590500000000002,16.5645,16.567
2018-02-13 21:00:00,16.5645,16.5815,16.5645,16.5765
2018-02-13 21:15:00,16.577,16.583,16.576,16.580000000000002
2018-02-13 21:30:00,16.5775,16.5855,16.5735,16.5855
2018-02-13 21:45:00,16.5845,16.5845,16.5675,16.578500000000002
2018-02-13 23:00:00,16.5745,16.593000000000004,16.569499999999998,16.593000000000004
2018-02-13 23:15:00,16.592000000000002,16.626,16.592000000000002,16.6095
2018-02-13 23:30:00,16.610500000000002,16.625,16.601,16.6085
2018-02-13 23:45:00,16.605999999999998,16.616999999999997,16.605999999999998,16.615000000000002
2018-02-14 01:00:00,16.627,16.653000000000002,16.615,16.62
2018-02-14 01:15:00,16.621999999999996,16.626,16.604000000000003,16.626
2018-02-14 01:30:00,16.6235,16.626,16.603,16.616
2018-02-14 01:45:00,16.619,16.62,16.604000000000003,16.619
2018-02-14 02:00:00,16.610500000000002,16.6325,16.610500000000002,16.626
2018-02-14 02:15:00,16.630499999999998,16.636,16.6185,16.6325
2018-02-14 02:30:00,16.6345,16.6385,16.625,16.626
2018-02-14 02:45:00,16.628,16.6525,16.628,16.649
2018-02-14 03:00:00,16.649,16.653000000000002,16.6385,16.6465
2018-02-14 03:15:00,16.645500000000002,16.653000000000002,16.645500000000002,16.6515
2018-02-14 03:30:00,16.653499999999998,16.671999999999997,16.6525,16.662
2018-02-14 03:45:00,16.663,16.682999999999996,16.656,16.6695
2018-02-14 04:00:00,16.671999999999997,16.671999999999997,16.641000000000002,16.656
2018-02-14 04:15:00,16.658,16.661,16.641000000000002,16.6425
2018-02-14 04:30:00,16.643,16.662,16.6415,16.647000000000002
2018-02-14 04:45:00,16.649,16.6555,16.64,16.643
2018-02-14 05:00:00,16.642000000000003,16.654000000000003,16.641000000000002,16.6445
2018-02-14 05:15:00,16.645,16.655,16.641000000000002,16.641000000000002
2018-02-14 05:30:00,16.643,16.66,16.642000000000003,16.655
2018-02-14 05:45:00,16.657,16.665000000000003,16.645,16.6495
2018-02-14 06:00:00,16.649,16.655,16.644000000000002,16.65
2018-02-14 06:15:00,16.649,16.6545,16.64,16.6415
2018-02-14 06:30:00,16.64,16.6525,16.639,16.6525
2018-02-14 06:45:00,16.654000000000003,16.658,16.647000000000002,16.6545
2018-02-14 07:00:00,16.6545,16.6545,16.628,16.634999999999998
2018-02-14 07:15:00,16.638,16.641000000000002,16.6275,16.6275
2018-02-14 07:30:00,16.627,16.627,16.595499999999998,16.605999999999998
2018-02-14 07:45:00,16.609,16.609,16.588,16.5905
2018-02-14 08:00:00,16.59,16.6115,16.588,16.596
2018-02-14 08:15:00,16.5945,16.602,16.585,16.602
2018-02-14 08:30:00,16.597,16.633,16.592000000000002,16.628
2018-02-14 08:45:00,16.6275,16.6275,16.608,16.610999999999997
2018-02-14 09:00:00,16.6125,16.6125,16.592499999999998,16.599
2018-02-14 09:15:00,16.597499999999997,16.607499999999998,16.592499999999998,16.598000000000003
2018-02-14 09:30:00,16.598000000000003,16.599999999999998,16.5855,16.5875
2018-02-14 09:45:00,16.588,16.593000000000004,16.5855,16.59
2018-02-14 10:00:00,16.5905,16.595,16.587000000000003,16.5915
2018-02-14 10:15:00,16.595499999999998,16.608,16.594,16.6015
2018-02-14 10:30:00,16.599999999999998,16.6145,16.596,16.6065
2018-02-14 10:45:00,16.607,16.627,16.607,16.6145
2018-02-14 11:00:00,16.614,16.6145,16.603,16.6095
2018-02-14 11:15:00,16.609,16.609,16.59,16.599
2018-02-14 11:30:00,16.598499999999998,16.616500000000002,16.596,16.599999999999998
2018-02-14 11:45:00,16.601,16.605999999999998,16.584500000000002,16.595
2018-02-14 12:00:00,16.5995,16.621999999999996,16.5905,16.6125
2018-02-14 12:15:00,16.614,16.628999999999998,16.603,16.6115
2018-02-14 12:30:00,16.615,16.636,16.607499999999998,16.619
2018-02-14 12:45:00,16.62,16.637,16.618500000000004,16.621
2018-02-14 13:00:00,16.6215,16.625,16.5875,16.59
2018-02-14 13:15:00,16.5895,16.6085,16.5855,16.607
2018-02-14 13:30:00,16.6085,16.6095,16.3775,16.436
2018-02-14 13:45:00,16.432,16.488,16.415000000000003,16.4875
2018-02-14 14:00:00,16.4875,16.619,16.478,16.549500000000002
2018-02-14 14:15:00,16.556500000000003,16.651,16.5225,16.619
2018-02-14 14:30:00,16.6195,16.659499999999998,16.591499999999996,16.6325
2018-02-14 14:45:00,16.6315,16.658499999999997,16.607,16.616
2018-02-14 15:00:00,16.616,16.775000000000002,16.616,16.738999999999997
2018-02-14 15:15:00,16.7375,16.805500000000002,16.7375,16.769499999999997
2018-02-14 15:30:00,16.769000000000002,16.8295,16.7615,16.7885
2018-02-14 15:45:00,16.7895,16.833,16.769499999999997,16.806500000000003
2018-02-14 16:00:00,16.806500000000003,16.821,16.7515,16.8015
2018-02-14 16:15:00,16.804,16.8165,16.7845,16.8035
2018-02-14 16:30:00,16.803,16.8075,16.77,16.799999999999997
2018-02-14 16:45:00,16.804,16.8045,16.717,16.729
2018-02-14 17:00:00,16.7285,16.750500000000002,16.714499999999997,16.7475
2018-02-14 17:15:00,16.749,16.7765,16.748,16.775499999999997
2018-02-14 17:30:00,16.772,16.805500000000002,16.7715,16.802
2018-02-14 17:45:00,16.801500000000004,16.822,16.799999999999997,16.8215
2018-02-14 18:00:00,16.817999999999998,16.849,16.816,16.846
2018-02-14 18:15:00,16.849999999999998,16.935,16.8465,16.910999999999998
2018-02-14 18:30:00,16.913,16.9135,16.849,16.869
2018-02-14 18:45:00,16.8695,16.8915,16.865,16.8785
2018-02-14 19:00:00,16.876,16.9055,16.875999999999998,16.9005
2018-02-14 19:15:00,16.901,16.901,16.876,16.888
2018-02-14 19:30:00,16.885,16.904,16.880499999999998,16.89
2018-02-14 19:45:00,16.893,16.905,16.886000000000003,16.903000000000002
2018-02-14 20:00:00,16.9015,16.913,16.8905,16.900000000000002
2018-02-14 20:15:00,16.8985,16.903499999999998,16.876,16.8855
2018-02-14 20:30:00,16.89,16.899,16.8815,16.886499999999998
2018-02-14 20:45:00,16.885499999999997,16.885499999999997,16.8555,16.878999999999998
2018-02-14 21:00:00,16.878,16.886000000000003,16.86,16.860999999999997
2018-02-14 21:15:00,16.8645,16.8755,16.858,16.8715
2018-02-14 21:30:00,16.8715,16.872999999999998,16.866999999999997,16.867500000000003
2018-02-14 21:45:00,16.8655,16.874,16.852,16.866500000000002
2018-02-14 23:00:00,16.8655,16.8765,16.857,16.862
2018-02-14 23:15:00,16.862,16.872,16.862,16.868
2018-02-14 23:30:00,16.8705,16.903000000000002,16.867500000000003,16.903000000000002
2018-02-14 23:45:00,16.903000000000002,16.913,16.895,16.903499999999998
2018-02-15 01:00:00,16.879499999999997,16.8935,16.878500000000003,16.8875
2018-02-15 01:15:00,16.889,16.9285,16.888,16.924
2018-02-15 01:30:00,16.9245,16.941499999999998,16.9085,16.919
2018-02-15 01:45:00,16.918,16.9265,16.895,16.896
2018-02-15 02:00:00,16.9,16.9005,16.89,16.9
2018-02-15 02:15:00,16.9005,16.914,16.897000000000002,16.906
2018-02-15 02:30:00,16.906499999999998,16.938,16.8995,16.922500000000003
2018-02-15 02:45:00,16.924,16.927999999999997,16.915000000000003,16.918
2018-02-15 03:00:00,16.919,16.926999999999996,16.914,16.921999999999997
2018-02-15 03:15:00,16.912,16.927999999999997,16.909000000000002,16.92
2018-02-15 03:30:00,16.923,16.931,16.919,16.929
2018-02-15 03:45:00,16.925,16.936,16.925,16.9325
2018-02-15 04:00:00,16.936,16.939999999999998,16.926999999999996,16.935
2018-02-15 04:15:00,16.937,16.9405,16.916999999999998,16.9405
2018-02-15 04:30:00,16.939999999999998,16.941,16.9185,16.924
2018-02-15 04:45:00,16.92,16.927999999999997,16.916,16.919
2018-02-15 05:00:00,16.921999999999997,16.9305,16.916,16.92
2018-02-15 05:15:00,16.916,16.916999999999998,16.9025,16.9025
2018-02-15 05:30:00,16.902,16.926000000000002,16.901,16.92
2018-02-15 05:45:00,16.921,16.936,16.916999999999998,16.92
2018-02-15 06:00:00,16.9215,16.936,16.913,16.924
2018-02-15 06:15:00,16.927999999999997,16.941,16.914,16.919
2018-02-15 06:30:00,16.9175,16.9305,16.9125,16.92
2018-02-15 06:45:00,16.919,16.9255,16.893,16.9015
2018-02-15 07:00:00,16.9005,16.921,16.891000000000002,16.921
2018-02-15 07:15:00,16.918,16.936999999999998,16.9055,16.923500000000004
2018-02-15 07:30:00,16.927999999999997,16.942,16.914,16.93
2018-02-15 07:45:00,16.927999999999997,16.9355,16.910999999999998,16.9295
2018-02-15 08:00:00,16.9295,16.958000000000002,16.9135,16.952499999999997
2018-02-15 08:15:00,16.957499999999996,16.973,16.941,16.954
2018-02-15 08:30:00,16.954,16.975,16.949,16.965
2018-02-15 08:45:00,16.965999999999998,16.982,16.955,16.971999999999998
2018-02-15 09:00:00,16.973,16.977,16.932,16.9375
2018-02-15 09:15:00,16.9375,16.9555,16.9305,16.933500000000002
2018-02-15 09:30:00,16.936,16.96,16.935499999999998,16.955
2018-02-15 09:45:00,16.9545,16.961,16.943,16.9545
2018-02-15 10:00:00,16.953000000000003,16.956500000000002,16.933999999999997,16.944
2018-02-15 10:15:00,16.946,16.949,16.9175,16.918
2018-02-15 10:30:00,16.919,16.935,16.908,16.923
2018-02-15 10:45:00,16.924,16.924,16.9,16.909000000000002
2018-02-15 11:00:00,16.915,16.918499999999998,16.881,16.881
2018-02-15 11:15:00,16.8835,16.8855,16.843,16.874
2018-02-15 11:30:00,16.872999999999998,16.88,16.854999999999997,16.865000000000002
2018-02-15 11:45:00,16.867500000000003,16.868499999999997,16.8335,16.845
2018-02-15 12:00:00,16.8445,16.860500000000002,16.811999999999998,16.828500000000002
2018-02-15 12:15:00,16.8315,16.836000000000002,16.8105,16.832
2018-02-15 12:30:00,16.832,16.852,16.82,16.848000000000003
2018-02-15 12:45:00,16.847,16.859,16.832,16.847
2018-02-15 13:00:00,16.843999999999998,16.886000000000003,16.843,16.862
2018-02-15 13:15:00,16.862,16.866,16.802500000000002,16.8075
2018-02-15 13:30:00,16.805999999999997,16.858,16.7975,16.842000000000002
2018-02-15 13:45:00,16.842000000000002,16.859,16.815,16.821
2018-02-15 14:00:00,16.821,16.872999999999998,16.804,16.872999999999998
2018-02-15 14:15:00,16.871,16.896,16.869,16.876
2018-02-15 14:30:00,16.8765,16.878999999999998,16.824499999999997,16.824499999999997
2018-02-15 14:45:00,16.826,16.8515,16.809,16.835
2018-02-15 15:00:00,16.835499999999996,16.835499999999996,16.764000000000003,16.781499999999998
2018-02-15 15:15:00,16.781000000000002,16.781000000000002,16.711,16.766000000000002
2018-02-15 15:30:00,16.767,16.787000000000003,16.7575,16.759
2018-02-15 15:45:00,16.7575,16.777,16.67,16.678500000000003
2018-02-15 16:00:00,16.68,16.725,16.649,16.683999999999997
2018-02-15 16:15:00,16.683999999999997,16.719,16.68,16.718
2018-02-15 16:30:00,16.718,16.73,16.713,16.713
2018-02-15 16:45:00,16.713499999999996,16.765,16.707,16.745500000000003
2018-02-15 17:00:00,16.746,16.774,16.741,16.752499999999998
2018-02-15 17:15:00,16.753,16.759,16.713,16.732
2018-02-15 17:30:00,16.73,16.794999999999998,16.727999999999998,16.7855
2018-02-15 17:45:00,16.7865,16.826,16.777,16.817
2018-02-15 18:00:00,16.819,16.8495,16.808,16.849
2018-02-15 18:15:00,16.847,16.855,16.827,16.827
2018-02-15 18:30:00,16.830000000000002,16.837000000000003,16.797,16.82
2018-02-15 18:45:00,16.82,16.8405,16.811,16.8335
2018-02-15 19:00:00,16.835,16.852,16.835,16.847
2018-02-15 19:15:00,16.846,16.854,16.836000000000002,16.854
2018-02-15 19:30:00,16.855,16.8575,16.846,16.8535
2018-02-15 19:45:00,16.8545,16.8855,16.8545,16.884
2018-02-15 20:00:00,16.884,16.891000000000002,16.87,16.881
2018-02-15 20:15:00,16.8815,16.903000000000002,16.875,16.9
2018-02-15 20:30:00,16.899,16.9105,16.882,16.904999999999998
2018-02-15 20:45:00,16.904999999999998,16.907,16.8795,16.888
2018-02-15 21:00:00,16.889,16.89,16.860999999999997,16.878999999999998
2018-02-15 21:15:00,16.88,16.8835,16.866,16.8755
2018-02-15 21:30:00,16.872,16.8905,16.872,16.8815
2018-02-15 21:45:00,16.8815,16.8815,16.858999999999998,16.867500000000003
2018-02-15 23:00:00,16.8745,16.886499999999998,16.860500000000002,16.880499999999998
2018-02-15 23:15:00,16.884500000000003,16.884500000000003,16.8755,16.8755
2018-02-15 23:30:00,16.878,16.883,16.8735,16.883
2018-02-15 23:45:00,16.8785,16.889,16.862,16.866
2018-02-16 01:00:00,16.846,16.860999999999997,16.841,16.853
2018-02-16 01:15:00,16.854,16.8765,16.8535,16.868
2018-02-16 01:30:00,16.868,16.883,16.866999999999997,16.8715
2018-02-16 01:45:00,16.869,16.887,16.863,16.872999999999998
2018-02-16 02:00:00,16.874,16.877,16.8645,16.866999999999997
2018-02-16 02:15:00,16.866999999999997,16.903000000000002,16.866,16.901
2018-02-16 02:30:00,16.9005,16.91,16.896,16.91
2018-02-16 02:45:00,16.910999999999998,16.916,16.894,16.915
2018-02-16 03:00:00,16.912,16.913,16.9,16.9005
2018-02-16 03:15:00,16.9005,16.9055,16.887,16.89
2018-02-16 03:30:00,16.886499999999998,16.896,16.88,16.89
2018-02-16 03:45:00,16.8905,16.905,16.885499999999997,16.905
2018-02-16 04:00:00,16.9,16.923,16.884,16.922500000000003
2018-02-16 04:15:00,16.921999999999997,16.923,16.9,16.907
2018-02-16 04:30:00,16.914,16.916,16.895500000000002,16.907
2018-02-16 04:45:00,16.908,16.9195,16.903000000000002,16.907
2018-02-16 05:00:00,16.9085,16.921,16.904999999999998,16.9145
2018-02-16 05:15:00,16.9135,16.915,16.897000000000002,16.904
2018-02-16 05:30:00,16.903000000000002,16.914,16.898000000000003,16.899
2018-02-16 05:45:00,16.8995,16.9175,16.894,16.901
2018-02-16 06:00:00,16.9,16.903499999999998,16.893,16.896
2018-02-16 06:15:00,16.896499999999996,16.91,16.896499999999996,16.904999999999998
2018-02-16 06:30:00,16.903499999999998,16.904999999999998,16.8895,16.8895
2018-02-16 06:45:00,16.89,16.8905,16.872,16.882
2018-02-16 07:00:00,16.88,16.894,16.8745,16.884
2018-02-16 07:15:00,16.887,16.888,16.87,16.88
2018-02-16 07:30:00,16.883,16.901,16.8795,16.901
2018-02-16 07:45:00,16.899,16.91,16.892000000000003,16.899
2018-02-16 08:00:00,16.902,16.9375,16.902,16.9325
2018-02-16 08:15:00,16.9305,16.9315,16.893,16.893
2018-02-16 08:30:00,16.892000000000003,16.921,16.89,16.893
2018-02-16 08:45:00,16.893,16.916999999999998,16.892000000000003,16.906
2018-02-16 09:00:00,16.907,16.933,16.907,16.9295
2018-02-16 09:15:00,16.9305,16.9305,16.918,16.92
2018-02-16 09:30:00,16.92,16.95,16.92,16.93
2018-02-16 09:45:00,16.93,16.939999999999998,16.915000000000003,16.915000000000003
2018-02-16 10:00:00,16.9175,16.931,16.908,16.910999999999998
2018-02-16 10:15:00,16.910999999999998,16.9155,16.888,16.8885
2018-02-16 10:30:00,16.888,16.896,16.878,16.881
2018-02-16 10:45:00,16.88,16.880499999999998,16.855999999999998,16.865000000000002
2018-02-16 11:00:00,16.864,16.869,16.843,16.865000000000002
2018-02-16 11:15:00,16.865000000000002,16.875,16.8585,16.875
2018-02-16 11:30:00,16.877,16.881,16.843999999999998,16.847
2018-02-16 11:45:00,16.849999999999998,16.875,16.842000000000002,16.852
2018-02-16 12:00:00,16.8525,16.8525,16.817999999999998,16.833
2018-02-16 12:15:00,16.830000000000002,16.8325,16.769499999999997,16.796499999999998
2018-02-16 12:30:00,16.799999999999997,16.831000000000003,16.797,16.831000000000003
2018-02-16 12:45:00,16.830499999999997,16.836000000000002,16.801,16.827
2018-02-16 13:00:00,16.828500000000002,16.8375,16.7935,16.7985
2018-02-16 13:15:00,16.796,16.817500000000003,16.763,16.781499999999998
2018-02-16 13:30:00,16.782999999999998,16.798000000000002,16.764499999999998,16.78
2018-02-16 13:45:00,16.78,16.823,16.771,16.793999999999997
2018-02-16 14:00:00,16.791,16.791,16.74,16.780499999999996
2018-02-16 14:15:00,16.777,16.796,16.763,16.786
2018-02-16 14:30:00,16.7875,16.846,16.7725,16.817
2018-02-16 14:45:00,16.816,16.830499999999997,16.778,16.778
2018-02-16 15:00:00,16.782,16.782,16.726000000000003,16.758
2018-02-16 15:15:00,16.7555,16.8085,16.754,16.799
2018-02-16 15:30:00,16.799,16.819,16.787000000000003,16.787000000000003
2018-02-16 15:45:00,16.788999999999998,16.802,16.773,16.7875
2018-02-16 16:00:00,16.788,16.8335,16.788,16.829
2018-02-16 16:15:00,16.824,16.839,16.782999999999998,16.7855
2018-02-16 16:30:00,16.788,16.798000000000002,16.764000000000003,16.771
2018-02-16 16:45:00,16.771,16.791,16.7605,16.7615
2018-02-16 17:00:00,16.762,16.766000000000002,16.736,16.738999999999997
2018-02-16 17:15:00,16.738500000000002,16.770000000000003,16.729,16.765
2018-02-16 17:30:00,16.767,16.7855,16.762,16.774
2018-02-16 17:45:00,16.772,16.784,16.76,16.775000000000002
2018-02-16 18:00:00,16.779,16.779,16.749,16.762
2018-02-16 18:15:00,16.761,16.778,16.744999999999997,16.766000000000002
2018-02-16 18:30:00,16.766000000000002,16.768,16.738,16.746
2018-02-16 18:45:00,16.746,16.748,16.668,16.68
2018-02-16 19:00:00,16.68,16.682999999999996,16.622999999999998,16.639
2018-02-16 19:15:00,16.64,16.671,16.622500000000002,16.664
2018-02-16 19:30:00,16.662,16.683999999999997,16.646499999999996,16.653000000000002
2018-02-16 19:45:00,16.6545,16.668,16.628999999999998,16.658
2018-02-16 20:00:00,16.658,16.663,16.636,16.654000000000003
2018-02-16 20:15:00,16.657,16.669,16.6425,16.666
2018-02-16 20:30:00,16.666,16.6815,16.649,16.666
2018-02-16 20:45:00,16.664,16.695,16.663,16.694
2018-02-16 21:00:00,16.6915,16.7035,16.6915,16.697
2018-02-16 21:15:00,16.697,16.697,16.685499999999998,16.686
2018-02-16 21:30:00,16.685499999999998,16.6855,16.675,16.681
2018-02-16 21:45:00,16.681,16.681,16.657,16.657
2018-02-18 23:00:00,16.649,16.685499999999998,16.644000000000002,16.6805
2018-02-18 23:15:00,16.679,16.688,16.659000000000002,16.663
2018-02-18 23:30:00,16.6605,16.683999999999997,16.659000000000002,16.67
2018-02-18 23:45:00,16.669,16.669,16.6465,16.65
2018-02-19 01:00:00,16.692999999999998,16.7,16.6825,16.699
2018-02-19 01:15:00,16.695999999999998,16.7115,16.695999999999998,16.7035
2018-02-19 01:30:00,16.703000000000003,16.7115,16.688,16.711
2018-02-19 01:45:00,16.707,16.7225,16.706,16.717
2018-02-19 02:00:00,16.717,16.737000000000002,16.712,16.7345
2018-02-19 02:15:00,16.733999999999998,16.733999999999998,16.720000000000002,16.724
2018-02-19 02:30:00,16.720499999999998,16.729,16.714000000000002,16.719
2018-02-19 02:45:00,16.721,16.7315,16.720000000000002,16.724
2018-02-19 03:00:00,16.724,16.724,16.716,16.716
2018-02-19 03:15:00,16.716,16.7185,16.716,16.718
2018-02-19 03:30:00,16.718,16.720499999999998,16.7155,16.718
2018-02-19 03:45:00,16.7185,16.7185,16.702,16.713
2018-02-19 04:00:00,16.7125,16.716,16.692,16.704
2018-02-19 04:15:00,16.7035,16.709000000000003,16.692999999999998,16.707
2018-02-19 04:30:00,16.706,16.711,16.6805,16.682999999999996
2018-02-19 04:45:00,16.6825,16.689999999999998,16.6825,16.685499999999998
2018-02-19 05:00:00,16.683999999999997,16.689999999999998,16.679500000000004,16.689999999999998
2018-02-19 05:15:00,16.689999999999998,16.695,16.683999999999997,16.692
2018-02-19 05:30:00,16.689999999999998,16.6925,16.6745,16.6765
2018-02-19 05:45:00,16.677,16.6825,16.6745,16.675
2018-02-19 06:00:00,16.673,16.682,16.6725,16.681
2018-02-19 06:15:00,16.681,16.682,16.657,16.6705
2018-02-19 06:30:00,16.6685,16.688,16.6655,16.6655
2018-02-19 06:45:00,16.669,16.6995,16.669,16.6915
2018-02-19 07:00:00,16.690500000000004,16.715000000000003,16.685,16.7005
2018-02-19 07:15:00,16.704,16.7045,16.675,16.6875
2018-02-19 07:30:00,16.686,16.692999999999998,16.6705,16.688
2018-02-19 07:45:00,16.689,16.711,16.681,16.711
2018-02-19 08:00:00,16.711,16.7185,16.705000000000002,16.714499999999997
2018-02-19 08:15:00,16.714499999999997,16.717,16.685499999999998,16.693
2018-02-19 08:30:00,16.6925,16.695,16.6745,16.675
2018-02-19 08:45:00,16.677999999999997,16.697,16.664,16.6685
2018-02-19 09:00:00,16.669,16.679500000000004,16.66,16.67
2018-02-19 09:15:00,16.67,16.675,16.6555,16.6685
2018-02-19 09:30:00,16.669,16.671999999999997,16.65,16.671999999999997
2018-02-19 09:45:00,16.671999999999997,16.6725,16.657,16.662
2018-02-19 10:00:00,16.665000000000003,16.6815,16.660999999999998,16.6755
2018-02-19 10:15:00,16.671999999999997,16.6815,16.665000000000003,16.679
2018-02-19 10:30:00,16.679,16.7005,16.6745,16.697
2018-02-19 10:45:00,16.695999999999998,16.707,16.692,16.702
2018-02-19 11:00:00,16.7,16.707499999999996,16.691,16.692
2018-02-19 11:15:00,16.691,16.697,16.681,16.697
2018-02-19 11:30:00,16.7,16.706,16.6955,16.706
2018-02-19 11:45:00,16.704,16.7115,16.694,16.701
2018-02-19 12:00:00,16.702,16.717,16.6945,16.709000000000003
2018-02-19 12:15:00,16.711,16.711,16.695,16.7
2018-02-19 12:30:00,16.701,16.701,16.677,16.690500000000004
2018-02-19 12:45:00,16.689999999999998,16.689999999999998,16.666999999999998,16.6825
2018-02-19 13:00:00,16.682999999999996,16.683999999999997,16.666999999999998,16.682
2018-02-19 13:15:00,16.682,16.689999999999998,16.662,16.663
2018-02-19 13:30:00,16.6655,16.691499999999998,16.6605,16.671000000000003
2018-02-19 13:45:00,16.671999999999997,16.671999999999997,16.6315,16.649
2018-02-19 14:00:00,16.646,16.659000000000002,16.618,16.659000000000002
2018-02-19 14:15:00,16.658499999999997,16.674,16.655,16.67
2018-02-19 14:30:00,16.671,16.673,16.654000000000003,16.666999999999998
2018-02-19 14:45:00,16.666,16.6695,16.657,16.669
2018-02-19 15:00:00,16.67,16.687,16.662499999999998,16.67
2018-02-19 15:15:00,16.669,16.68,16.665000000000003,16.671
2018-02-19 15:30:00,16.675,16.6865,16.664,16.682
2018-02-19 15:45:00,16.685,16.702,16.676000000000002,16.697499999999998
2018-02-19 16:00:00,16.697,16.708499999999997,16.687,16.7055
2018-02-19 16:15:00,16.702,16.708000000000002,16.682,16.682
2018-02-19 16:30:00,16.682,16.688,16.674,16.688
2018-02-19 16:45:00,16.693,16.7155,16.692999999999998,16.707
2018-02-19 17:00:00,16.708000000000002,16.711,16.679,16.691
2018-02-19 17:15:00,16.691,16.698,16.690500000000004,16.695
2018-02-19 17:30:00,16.694,16.701,16.691,16.701
2018-02-19 17:45:00,16.701500000000003,16.705000000000002,16.659000000000002,16.6615
2018-02-19 18:00:00,16.659000000000002,16.6705,16.659000000000002,16.6705
2018-02-19 23:00:00,16.6845,16.706500000000002,16.678500000000003,16.687
2018-02-19 23:15:00,16.6875,16.695,16.681,16.682
2018-02-19 23:30:00,16.685,16.685,16.666,16.6725
2018-02-19 23:45:00,16.673,16.675,16.642000000000003,16.660999999999998
2018-02-20 01:00:00,16.643,16.645,16.6035,16.604000000000003
2018-02-20 01:15:00,16.6035,16.604000000000003,16.564,16.580000000000002
2018-02-20 01:30:00,16.579500000000003,16.602,16.574499999999997,16.5825
2018-02-20 01:45:00,16.585,16.588,16.554000000000002,16.573999999999998
2018-02-20 02:00:00,16.576,16.588,16.5645,16.585
2018-02-20 02:15:00,16.585,16.603,16.579500000000003,16.5945
2018-02-20 02:30:00,16.5945,16.595,16.573999999999998,16.574499999999997
2018-02-20 02:45:00,16.575,16.586499999999997,16.575,16.575
2018-02-20 03:00:00,16.575499999999998,16.5885,16.575,16.579
2018-02-20 03:15:00,16.575499999999998,16.588,16.575499999999998,16.580000000000002
2018-02-20 03:30:00,16.578,16.583,16.5605,16.5655
2018-02-20 03:45:00,16.566,16.583,16.566,16.580000000000002
2018-02-20 04:00:00,16.579500000000003,16.585499999999996,16.566,16.576
2018-02-20 04:15:00,16.5735,16.586499999999997,16.570999999999998,16.579
2018-02-20 04:30:00,16.583,16.593000000000004,16.582,16.582
2018-02-20 04:45:00,16.582,16.59,16.581000000000003,16.582
2018-02-20 05:00:00,16.582,16.5965,16.576,16.596
2018-02-20 05:15:00,16.591499999999996,16.5945,16.585499999999996,16.589
2018-02-20 05:30:00,16.5885,16.5885,16.5765,16.578
2018-02-20 05:45:00,16.578,16.588,16.561999999999998,16.570999999999998
2018-02-20 06:00:00,16.57,16.57,16.541,16.558500000000002
2018-02-20 06:15:00,16.5575,16.564,16.553,16.559
2018-02-20 06:30:00,16.558500000000002,16.567500000000003,16.555999999999997,16.5595
2018-02-20 06:45:00,16.563499999999998,16.5645,16.549500000000002,16.561999999999998
2018-02-20 07:00:00,16.561999999999998,16.573,16.552,16.552
2018-02-20 07:15:00,16.552,16.561999999999998,16.547,16.551
2018-02-20 07:30:00,16.548000000000002,16.553,16.494,16.500999999999998
2018-02-20 07:45:00,16.501500000000004,16.5175,16.476000000000003,16.5135
2018-02-20 08:00:00,16.514,16.516000000000002,16.4815,16.488
2018-02-20 08:15:00,16.482000000000003,16.504,16.471000000000004,16.502499999999998
2018-02-20 08:30:00,16.502499999999998,16.5045,16.4725,16.4835
2018-02-20 08:45:00,16.483999999999998,16.513499999999997,16.479,16.493000000000002
2018-02-20 09:00:00,16.494,16.508,16.483999999999998,16.488
2018-02-20 09:15:00,16.488,16.498,16.477999999999998,16.477999999999998
2018-02-20 09:30:00,16.477,16.517,16.473,16.512
2018-02-20 09:45:00,16.5115,16.512999999999998,16.486,16.486
2018-02-20 10:00:00,16.485500000000002,16.511,16.4845,16.4865
2018-02-20 10:15:00,16.483,16.4925,16.482000000000003,16.49
2018-02-20 10:30:00,16.49,16.49,16.4675,16.4785
2018-02-20 10:45:00,16.4775,16.509,16.4775,16.506999999999998
2018-02-20 11:00:00,16.5045,16.517,16.488,16.512999999999998
2018-02-20 11:15:00,16.511,16.553,16.511,16.547
2018-02-20 11:30:00,16.5465,16.5625,16.536,16.556500000000003
2018-02-20 11:45:00,16.556500000000003,16.567,16.541,16.555999999999997
2018-02-20 12:00:00,16.5575,16.575499999999998,16.54,16.54
2018-02-20 12:15:00,16.536,16.544999999999998,16.506,16.525499999999997
2018-02-20 12:30:00,16.526000000000003,16.537000000000003,16.516000000000002,16.532000000000004
2018-02-20 12:45:00,16.532000000000004,16.546,16.519499999999997,16.5455
2018-02-20 13:00:00,16.5455,16.555,16.531499999999998,16.5345
2018-02-20 13:15:00,16.532000000000004,16.578,16.5215,16.555500000000002
2018-02-20 13:30:00,16.5575,16.570999999999998,16.5425,16.5645
2018-02-20 13:45:00,16.564,16.5655,16.504,16.527
2018-02-20 14:00:00,16.525000000000002,16.5505,16.5135,16.5505
2018-02-20 14:15:00,16.549999999999997,16.678500000000003,16.549999999999997,16.648000000000003
2018-02-20 14:30:00,16.652,16.68,16.625999999999998,16.627
2018-02-20 14:45:00,16.627,16.649,16.616999999999997,16.621999999999996
2018-02-20 15:00:00,16.6245,16.647499999999997,16.607499999999998,16.628500000000003
2018-02-20 15:15:00,16.6275,16.6695,16.616500000000002,16.6485
2018-02-20 15:30:00,16.649,16.652,16.563499999999998,16.573999999999998
2018-02-20 15:45:00,16.574499999999997,16.596,16.56,16.5895
2018-02-20 16:00:00,16.590500000000002,16.6115,16.586499999999997,16.586499999999997
2018-02-20 16:15:00,16.588,16.588,16.509999999999998,16.527
2018-02-20 16:30:00,16.526000000000003,16.544999999999998,16.506,16.532000000000004
2018-02-20 16:45:00,16.533,16.542,16.516000000000002,16.5395
2018-02-20 17:00:00,16.536,16.547,16.4985,16.531000000000002
2018-02-20 17:15:00,16.534,16.557,16.531000000000002,16.55
2018-02-20 17:30:00,16.555999999999997,16.564,16.526000000000003,16.533
2018-02-20 17:45:00,16.529500000000002,16.542,16.522,16.526000000000003
2018-02-20 18:00:00,16.525499999999997,16.537000000000003,16.492,16.497
2018-02-20 18:15:00,16.497,16.506,16.467,16.476000000000003
2018-02-20 18:30:00,16.475,16.4915,16.458499999999997,16.462500000000002
2018-02-20 18:45:00,16.4675,16.49,16.464000000000002,16.477999999999998
2018-02-20 19:00:00,16.4795,16.499,16.4735,16.488999999999997
2018-02-20 19:15:00,16.49,16.508499999999998,16.488999999999997,16.4975
2018-02-20 19:30:00,16.496,16.500500000000002,16.479,16.49
2018-02-20 19:45:00,16.493000000000002,16.494999999999997,16.464000000000002,16.464000000000002
2018-02-20 20:00:00,16.467,16.469,16.431,16.453
2018-02-20 20:15:00,16.4535,16.477,16.442,16.4605
2018-02-20 20:30:00,16.461,16.4615,16.441,16.451500000000003
2018-02-20 20:45:00,16.453,16.477999999999998,16.4505,16.477999999999998
2018-02-20 21:00:00,16.475499999999997,16.477999999999998,16.465000000000003,16.466
2018-02-20 21:15:00,16.4655,16.4685,16.459000000000003,16.465000000000003
2018-02-20 21:30:00,16.4655,16.4655,16.455000000000002,16.4655
2018-02-20 21:45:00,16.4625,16.4665,16.4465,16.453
2018-02-20 23:00:00,16.462500000000002,16.4775,16.462500000000002,16.466
2018-02-20 23:15:00,16.4655,16.4825,16.465000000000003,16.481
2018-02-20 23:30:00,16.48,16.486,16.474,16.481
2018-02-20 23:45:00,16.48,16.48,16.465000000000003,16.475
2018-02-21 01:00:00,16.464499999999997,16.464499999999997,16.447,16.447499999999998
2018-02-21 01:15:00,16.444,16.4635,16.436999999999998,16.457
2018-02-21 01:30:00,16.4585,16.463,16.445500000000003,16.4485
2018-02-21 01:45:00,16.441,16.442,16.416,16.431
2018-02-21 02:00:00,16.427500000000002,16.468,16.427500000000002,16.457500000000003
2018-02-21 02:15:00,16.458499999999997,16.461000000000002,16.448,16.453
2018-02-21 02:30:00,16.448999999999998,16.448999999999998,16.4125,16.4285
2018-02-21 02:45:00,16.4285,16.430500000000002,16.418,16.418
2018-02-21 03:00:00,16.4175,16.427500000000002,16.413,16.424
2018-02-21 03:15:00,16.424,16.427500000000002,16.401,16.409499999999998
2018-02-21 03:30:00,16.409499999999998,16.4115,16.4,16.408
2018-02-21 03:45:00,16.406,16.418499999999998,16.406,16.415000000000003
2018-02-21 04:00:00,16.414499999999997,16.4225,16.409499999999998,16.421000000000003
2018-02-21 04:15:00,16.421000000000003,16.4325,16.421000000000003,16.426000000000002
2018-02-21 04:30:00,16.426000000000002,16.432000000000002,16.4215,16.426000000000002
2018-02-21 04:45:00,16.426000000000002,16.4265,16.403499999999998,16.409000000000002
2018-02-21 05:00:00,16.4105,16.421000000000003,16.404000000000003,16.4205
2018-02-21 05:15:00,16.421000000000003,16.423,16.416,16.421000000000003
2018-02-21 05:30:00,16.4215,16.4285,16.415000000000003,16.42
2018-02-21 05:45:00,16.42,16.429,16.414,16.425
2018-02-21 06:00:00,16.421000000000003,16.444,16.4185,16.433
2018-02-21 06:15:00,16.433,16.438999999999997,16.423,16.423
2018-02-21 06:30:00,16.419,16.43,16.413,16.4285
2018-02-21 06:45:00,16.4285,16.439999999999998,16.4225,16.439500000000002
2018-02-21 07:00:00,16.438999999999997,16.445,16.423,16.424
2018-02-21 07:15:00,16.424,16.438999999999997,16.424,16.425
2018-02-21 07:30:00,16.427500000000002,16.4285,16.407,16.4165
2018-02-21 07:45:00,16.418499999999998,16.4205,16.399,16.399
2018-02-21 08:00:00,16.397000000000002,16.431,16.3915,16.429
2018-02-21 08:15:00,16.429,16.445,16.421000000000003,16.4245
2018-02-21 08:30:00,16.4235,16.454,16.4205,16.445
2018-02-21 08:45:00,16.445999999999998,16.451500000000003,16.436,16.4435
2018-02-21 09:00:00,16.439500000000002,16.4515,16.427500000000002,16.4425
2018-02-21 09:15:00,16.443,16.4575,16.4375,16.451500000000003
2018-02-21 09:30:00,16.4535,16.457,16.428,16.441499999999998
2018-02-21 09:45:00,16.441499999999998,16.477,16.441499999999998,16.476000000000003
2018-02-21 10:00:00,16.477,16.478,16.4615,16.468
2018-02-21 10:15:00,16.466,16.468500000000002,16.457,16.462500000000002
2018-02-21 10:30:00,16.462500000000002,16.468,16.4555,16.458000000000002
2018-02-21 10:45:00,16.457,16.4875,16.4545,16.487000000000002
2018-02-21 11:00:00,16.4835,16.4915,16.448999999999998,16.4525
2018-02-21 11:15:00,16.451999999999998,16.453,16.433,16.438
2018-02-21 11:30:00,16.437,16.45,16.432000000000002,16.433
2018-02-21 11:45:00,16.432000000000002,16.438,16.430500000000002,16.4365
2018-02-21 12:00:00,16.43,16.454,16.4225,16.45
2018-02-21 12:15:00,16.4495,16.4515,16.4365,16.437
2018-02-21 12:30:00,16.437,16.444,16.4255,16.436
2018-02-21 12:45:00,16.437,16.4435,16.418,16.4385
2018-02-21 13:00:00,16.438999999999997,16.45,16.4205,16.4495
2018-02-21 13:15:00,16.451,16.4815,16.441499999999998,16.476499999999998
2018-02-21 13:30:00,16.4805,16.506500000000003,16.476499999999998,16.4915
2018-02-21 13:45:00,16.494500000000002,16.539,16.494500000000002,16.534
2018-02-21 14:00:00,16.5335,16.6085,16.527,16.5965
2018-02-21 14:15:00,16.5965,16.604000000000003,16.57,16.584500000000002
2018-02-21 14:30:00,16.580000000000002,16.6045,16.5535,16.573500000000003
2018-02-21 14:45:00,16.574499999999997,16.591,16.544999999999998,16.569
2018-02-21 15:00:00,16.569499999999998,16.6495,16.569499999999998,16.627
2018-02-21 15:15:00,16.6255,16.657,16.576,16.586499999999997
2018-02-21 15:30:00,16.5875,16.638,16.5835,16.622500000000002
2018-02-21 15:45:00,16.6215,16.663,16.601,16.6425
2018-02-21 16:00:00,16.6425,16.648000000000003,16.6215,16.6215
2018-02-21 16:15:00,16.62,16.666999999999998,16.62,16.628500000000003
2018-02-21 16:30:00,16.6255,16.646,16.6145,16.629500000000004
2018-02-21 16:45:00,16.6325,16.6355,16.624,16.6305
2018-02-21 17:00:00,16.630499999999998,16.659000000000002,16.614,16.624
2018-02-21 17:15:00,16.625,16.6435,16.6155,16.642000000000003
2018-02-21 17:30:00,16.643,16.6575,16.635499999999997,16.637
2018-02-21 17:45:00,16.6375,16.6755,16.626,16.6605
2018-02-21 18:00:00,16.660999999999998,16.671999999999997,16.6335,16.65
2018-02-21 18:15:00,16.645,16.658,16.625,16.633
2018-02-21 18:30:00,16.63,16.6345,16.580000000000002,16.584
2018-02-21 18:45:00,16.588,16.616999999999997,16.583,16.597499999999997
2018-02-21 19:00:00,16.598000000000003,16.773,16.575,16.712
2018-02-21 19:15:00,16.714000000000002,16.770000000000003,16.683999999999997,16.685
2018-02-21 19:30:00,16.683999999999997,16.7215,16.652499999999996,16.6875
2018-02-21 19:45:00,16.692,16.698,16.577,16.584
2018-02-21 20:00:00,16.586000000000002,16.586000000000002,16.475499999999997,16.508
2018-02-21 20:15:00,16.505,16.527,16.48,16.503
2018-02-21 20:30:00,16.500999999999998,16.506500000000003,16.459000000000003,16.491
2018-02-21 20:45:00,16.491500000000002,16.506,16.486,16.4905
2018-02-21 21:00:00,16.491,16.498,16.488500000000002,16.493000000000002
2018-02-21 21:15:00,16.491,16.493000000000002,16.477999999999998,16.477999999999998
2018-02-21 21:30:00,16.4775,16.4925,16.475499999999997,16.4925
2018-02-21 21:45:00,16.492,16.512999999999998,16.49,16.51
2018-02-21 23:00:00,16.499999999999996,16.514,16.487000000000002,16.509
2018-02-21 23:15:00,16.508,16.523,16.5075,16.523
2018-02-21 23:30:00,16.522,16.528,16.5105,16.527
2018-02-21 23:45:00,16.526000000000003,16.54,16.5205,16.532999999999998
2018-02-22 01:00:00,16.493999999999996,16.506,16.437,16.466
2018-02-22 01:15:00,16.465000000000003,16.470000000000002,16.442,16.463499999999996
2018-02-22 01:30:00,16.465000000000003,16.483999999999998,16.4545,16.465000000000003
2018-02-22 01:45:00,16.464000000000002,16.479499999999998,16.442,16.479499999999998
2018-02-22 02:00:00,16.474,16.488000000000003,16.465000000000003,16.4825
2018-02-22 02:15:00,16.479,16.4865,16.471,16.4775
2018-02-22 02:30:00,16.477999999999998,16.479,16.456,16.467
2018-02-22 02:45:00,16.469,16.474,16.457,16.464000000000002
2018-02-22 03:00:00,16.457,16.477,16.4495,16.4505
2018-02-22 03:15:00,16.4495,16.45,16.445,16.4495
2018-02-22 03:30:00,16.45,16.465000000000003,16.439500000000002,16.440500000000004
2018-02-22 03:45:00,16.4415,16.455000000000002,16.439,16.442
2018-02-22 04:00:00,16.4415,16.4725,16.439500000000002,16.465000000000003
2018-02-22 04:15:00,16.466,16.471000000000004,16.4575,16.465000000000003
2018-02-22 04:30:00,16.466,16.4785,16.466,16.469
2018-02-22 04:45:00,16.482000000000003,16.494999999999997,16.470499999999998,16.493
2018-02-22 05:00:00,16.492,16.494,16.4835,16.4895
2018-02-22 05:15:00,16.488,16.488999999999997,16.4825,16.4825
2018-02-22 05:30:00,16.4825,16.4845,16.48,16.4845
2018-02-22 05:45:00,16.485,16.492,16.455000000000002,16.457
2018-02-22 06:00:00,16.457,16.473,16.455000000000002,16.473
2018-02-22 06:15:00,16.470499999999998,16.477,16.456,16.456
2018-02-22 06:30:00,16.4575,16.462,16.4465,16.4475
2018-02-22 06:45:00,16.451,16.451,16.4215,16.4345
2018-02-22 07:00:00,16.433,16.4475,16.423,16.439999999999998
2018-02-22 07:15:00,16.4465,16.455,16.439999999999998,16.442
2018-02-22 07:30:00,16.443,16.4595,16.431,16.457500000000003
2018-02-22 07:45:00,16.456,16.467,16.451999999999998,16.4535
2018-02-22 08:00:00,16.454,16.457,16.424,16.431
2018-02-22 08:15:00,16.429,16.433,16.408,16.4315
2018-02-22 08:30:00,16.427999999999997,16.45,16.425,16.433
2018-02-22 08:45:00,16.4295,16.438,16.416,16.422
2018-02-22 09:00:00,16.4165,16.434500000000003,16.410999999999998,16.433999999999997
2018-02-22 09:15:00,16.4325,16.433999999999997,16.422,16.432000000000002
2018-02-22 09:30:00,16.4295,16.458000000000002,16.427999999999997,16.451999999999998
2018-02-22 09:45:00,16.451999999999998,16.459000000000003,16.445,16.454
2018-02-22 10:00:00,16.453,16.49,16.448,16.483999999999998
2018-02-22 10:15:00,16.486,16.492,16.4715,16.49
2018-02-22 10:30:00,16.488999999999997,16.514,16.479499999999998,16.51
2018-02-22 10:45:00,16.508,16.51,16.4835,16.497
2018-02-22 11:00:00,16.498,16.506999999999998,16.477,16.485500000000002
2018-02-22 11:15:00,16.4775,16.488,16.4605,16.467
2018-02-22 11:30:00,16.464499999999997,16.467,16.451,16.459000000000003
2018-02-22 11:45:00,16.4585,16.469,16.456,16.465000000000003
2018-02-22 12:00:00,16.464499999999997,16.469,16.4575,16.459000000000003
2018-02-22 12:15:00,16.46,16.482999999999997,16.46,16.48
2018-02-22 12:30:00,16.481,16.499999999999996,16.461,16.476000000000003
2018-02-22 12:45:00,16.477,16.493000000000002,16.458499999999997,16.492
2018-02-22 13:00:00,16.49,16.531000000000002,16.4835,16.512
2018-02-22 13:15:00,16.508,16.552,16.508,16.5205
2018-02-22 13:30:00,16.5185,16.54,16.5045,16.5325
2018-02-22 13:45:00,16.529,16.57,16.521,16.5655
2018-02-22 14:00:00,16.566,16.597,16.546499999999998,16.578
2018-02-22 14:15:00,16.578500000000002,16.5875,16.558,16.585
2018-02-22 14:30:00,16.5835,16.618,16.579500000000003,16.587000000000003
2018-02-22 14:45:00,16.586499999999997,16.592000000000002,16.5465,16.556500000000003
2018-02-22 15:00:00,16.556500000000003,16.616500000000002,16.556500000000003,16.6015
2018-02-22 15:15:00,16.597,16.642000000000003,16.587000000000003,16.616999999999997
2018-02-22 15:30:00,16.619,16.624499999999998,16.598499999999998,16.613500000000002
2018-02-22 15:45:00,16.612,16.637,16.6085,16.621
2018-02-22 16:00:00,16.622500000000002,16.647000000000002,16.616,16.641000000000002
2018-02-22 16:15:00,16.643,16.66,16.636499999999998,16.641499999999997
2018-02-22 16:30:00,16.643,16.643,16.612,16.622500000000002
2018-02-22 16:45:00,16.621999999999996,16.6525,16.6205,16.6385
2018-02-22 17:00:00,16.639,16.656,16.616,16.627
2018-02-22 17:15:00,16.625,16.679500000000004,16.62,16.6655
2018-02-22 17:30:00,16.677,16.690500000000004,16.6545,16.659499999999998
2018-02-22 17:45:00,16.66,16.6615,16.6375,16.639
2018-02-22 18:00:00,16.6405,16.645,16.622500000000002,16.6265
2018-02-22 18:15:00,16.622999999999998,16.624,16.6025,16.61
2018-02-22 18:30:00,16.613,16.6215,16.599,16.604000000000003
2018-02-22 18:45:00,16.604000000000003,16.609,16.573999999999998,16.591
2018-02-22 19:00:00,16.591,16.605,16.576,16.581000000000003
2018-02-22 19:15:00,16.580000000000002,16.616,16.579,16.615000000000002
2018-02-22 19:30:00,16.615000000000002,16.62,16.599,16.605
2018-02-22 19:45:00,16.6055,16.6055,16.5805,16.585
2018-02-22 20:00:00,16.584,16.6035,16.5815,16.591
2018-02-22 20:15:00,16.591,16.591,16.5815,16.5825
2018-02-22 20:30:00,16.584,16.596,16.5825,16.586000000000002
2018-02-22 20:45:00,16.586499999999997,16.6245,16.586499999999997,16.619
2018-02-22 21:00:00,16.6185,16.622999999999998,16.6085,16.613
2018-02-22 21:15:00,16.61,16.6135,16.6045,16.609
2018-02-22 21:30:00,16.607,16.6215,16.607,16.615
2018-02-22 21:45:00,16.6145,16.6235,16.612,16.616999999999997
2018-02-22 23:00:00,16.610999999999997,16.633,16.610999999999997,16.626
2018-02-22 23:15:00,16.625,16.6265,16.6205,16.6205
2018-02-22 23:30:00,16.613,16.6335,16.613,16.616500000000002
2018-02-22 23:45:00,16.616999999999997,16.6205,16.605,16.6065
2018-02-23 01:00:00,16.621999999999996,16.625,16.592000000000002,16.594
2018-02-23 01:15:00,16.5945,16.6025,16.5815,16.598000000000003
2018-02-23 01:30:00,16.597,16.609,16.594,16.597
2018-02-23 01:45:00,16.597499999999997,16.625,16.597,16.616
2018-02-23 02:00:00,16.616999999999997,16.625,16.599999999999998,16.603
2018-02-23 02:15:00,16.6025,16.608,16.59,16.597
2018-02-23 02:30:00,16.598000000000003,16.610000000000003,16.597,16.6055
2018-02-23 02:45:00,16.608,16.608,16.591,16.5965
2018-02-23 03:00:00,16.596,16.599999999999998,16.581000000000003,16.582
2018-02-23 03:15:00,16.583,16.589,16.5765,16.5825
2018-02-23 03:30:00,16.585,16.5905,16.581000000000003,16.581000000000003
2018-02-23 03:45:00,16.581000000000003,16.5815,16.5705,16.581000000000003
2018-02-23 04:00:00,16.5795,16.586000000000002,16.573,16.581000000000003
2018-02-23 04:15:00,16.578500000000002,16.5845,16.576,16.577
2018-02-23 04:30:00,16.5765,16.5845,16.573,16.573
2018-02-23 04:45:00,16.573999999999998,16.575499999999998,16.5575,16.565
2018-02-23 05:00:00,16.564,16.573,16.56,16.567999999999998
2018-02-23 05:15:00,16.567,16.5735,16.555500000000002,16.5725
2018-02-23 05:30:00,16.57,16.581000000000003,16.562500000000004,16.578500000000002
2018-02-23 05:45:00,16.5805,16.588,16.577,16.581000000000003
2018-02-23 06:00:00,16.5805,16.592000000000002,16.577,16.592000000000002
2018-02-23 06:15:00,16.593000000000004,16.603,16.5895,16.597
2018-02-23 06:30:00,16.595499999999998,16.595499999999998,16.5825,16.586499999999997
2018-02-23 06:45:00,16.5855,16.5915,16.561999999999998,16.5705
2018-02-23 07:00:00,16.57,16.591,16.56,16.578
2018-02-23 07:15:00,16.576,16.5885,16.567999999999998,16.573999999999998
2018-02-23 07:30:00,16.575,16.593,16.57,16.593
2018-02-23 07:45:00,16.5875,16.608999999999998,16.577,16.603
2018-02-23 08:00:00,16.6045,16.607,16.576,16.599999999999998
2018-02-23 08:15:00,16.604000000000003,16.605999999999998,16.581000000000003,16.592499999999998
2018-02-23 08:30:00,16.593000000000004,16.607,16.586000000000002,16.588
2018-02-23 08:45:00,16.587000000000003,16.6095,16.573999999999998,16.599
2018-02-23 09:00:00,16.598000000000003,16.61,16.567999999999998,16.573999999999998
2018-02-23 09:15:00,16.573,16.580499999999997,16.558,16.559
2018-02-23 09:30:00,16.564,16.576,16.5595,16.564
2018-02-23 09:45:00,16.563,16.580000000000002,16.56,16.569
2018-02-23 10:00:00,16.57,16.576,16.557,16.570999999999998
2018-02-23 10:15:00,16.5685,16.577,16.5655,16.573
2018-02-23 10:30:00,16.576,16.577,16.557,16.572
2018-02-23 10:45:00,16.573,16.586000000000002,16.569499999999998,16.5725
2018-02-23 11:00:00,16.575,16.578,16.557,16.567999999999998
2018-02-23 11:15:00,16.569,16.582,16.555999999999997,16.579
2018-02-23 11:30:00,16.5855,16.612,16.573,16.612
2018-02-23 11:45:00,16.612,16.626,16.6005,16.614
2018-02-23 12:00:00,16.614,16.627,16.603,16.619
2018-02-23 12:15:00,16.619500000000002,16.628999999999998,16.608,16.627
2018-02-23 12:30:00,16.628500000000003,16.6415,16.6125,16.62
2018-02-23 12:45:00,16.62,16.6215,16.602,16.612
2018-02-23 13:00:00,16.612,16.6265,16.610999999999997,16.6145
2018-02-23 13:15:00,16.614,16.616500000000002,16.580000000000002,16.580499999999997
2018-02-23 13:30:00,16.580000000000002,16.601,16.579,16.599
2018-02-23 13:45:00,16.5995,16.612,16.578,16.5825
2018-02-23 14:00:00,16.583,16.6015,16.576999999999998,16.5965
2018-02-23 14:15:00,16.593000000000004,16.6,16.574499999999997,16.5775
2018-02-23 14:30:00,16.578,16.5815,16.5455,16.549500000000002
2018-02-23 14:45:00,16.5465,16.5465,16.506,16.534
2018-02-23 15:00:00,16.5355,16.549,16.514,16.524
2018-02-23 15:15:00,16.525000000000002,16.533,16.517,16.528
2018-02-23 15:30:00,16.5285,16.567500000000003,16.527,16.5635
2018-02-23 15:45:00,16.5655,16.568500000000004,16.53,16.5385
2018-02-23 16:00:00,16.538,16.543000000000003,16.515,16.537499999999998
2018-02-23 16:15:00,16.5355,16.5515,16.525000000000002,16.544999999999998
2018-02-23 16:30:00,16.5465,16.5485,16.531000000000002,16.534
2018-02-23 16:45:00,16.5325,16.5575,16.532000000000004,16.5425
2018-02-23 17:00:00,16.544999999999998,16.555999999999997,16.538999999999998,16.544999999999998
2018-02-23 17:15:00,16.5435,16.544,16.5265,16.531000000000002
2018-02-23 17:30:00,16.533,16.536,16.523,16.532000000000004
2018-02-23 17:45:00,16.530499999999996,16.557,16.530499999999996,16.5475
2018-02-23 18:00:00,16.549,16.549500000000002,16.517,16.523
2018-02-23 18:15:00,16.5235,16.5455,16.511,16.521
2018-02-23 18:30:00,16.520000000000003,16.5335,16.520000000000003,16.526000000000003
2018-02-23 18:45:00,16.525000000000002,16.526,16.515,16.516000000000002
2018-02-23 19:00:00,16.521,16.5355,16.516000000000002,16.530499999999996
2018-02-23 19:15:00,16.53,16.549500000000002,16.53,16.547
2018-02-23 19:30:00,16.546,16.5545,16.541,16.549500000000002
2018-02-23 19:45:00,16.552,16.555999999999997,16.546,16.549500000000002
2018-02-23 20:00:00,16.548000000000002,16.561999999999998,16.548000000000002,16.561500000000002
2018-02-23 20:15:00,16.5605,16.563499999999998,16.548000000000002,16.549999999999997
2018-02-23 20:30:00,16.5505,16.552,16.537,16.5405
2018-02-23 20:45:00,16.542,16.542,16.525499999999997,16.528
2018-02-23 21:00:00,16.5265,16.528,16.5205,16.527
2018-02-23 21:15:00,16.528,16.535,16.5265,16.5335
2018-02-23 21:30:00,16.533,16.5415,16.525000000000002,16.5415
2018-02-23 21:45:00,16.5395,16.548000000000002,16.5215,16.5345
2018-02-25 23:00:00,16.5095,16.5425,16.4975,16.509999999999998
2018-02-25 23:15:00,16.5115,16.528,16.504,16.5235
2018-02-25 23:30:00,16.526000000000003,16.528,16.5045,16.5045
2018-02-25 23:45:00,16.506999999999998,16.511,16.492,16.504
2018-02-26 01:00:00,16.514,16.567,16.512999999999998,16.5575
2018-02-26 01:15:00,16.557,16.573500000000003,16.5425,16.5465
2018-02-26 01:30:00,16.548000000000002,16.6145,16.548000000000002,16.604000000000003
2018-02-26 01:45:00,16.603,16.6315,16.599,16.608
2018-02-26 02:00:00,16.6095,16.6465,16.6095,16.627
2018-02-26 02:15:00,16.626,16.653499999999998,16.626,16.651
2018-02-26 02:30:00,16.656,16.71,16.654000000000003,16.7075
2018-02-26 02:45:00,16.7065,16.7095,16.692,16.6965
2018-02-26 03:00:00,16.697,16.712,16.686999999999998,16.71
2018-02-26 03:15:00,16.711,16.738999999999997,16.705000000000002,16.727999999999998
2018-02-26 03:30:00,16.7265,16.7265,16.7035,16.711
2018-02-26 03:45:00,16.71,16.713499999999996,16.6935,16.702
2018-02-26 04:00:00,16.703000000000003,16.714000000000002,16.699,16.7035
2018-02-26 04:15:00,16.703000000000003,16.705,16.683500000000002,16.689
2018-02-26 04:30:00,16.6885,16.7015,16.687,16.687
2018-02-26 04:45:00,16.689,16.699,16.686,16.692
2018-02-26 05:00:00,16.693,16.705000000000002,16.687,16.701
2018-02-26 05:15:00,16.6985,16.703000000000003,16.6935,16.702
2018-02-26 05:30:00,16.702,16.7595,16.7015,16.758
2018-02-26 05:45:00,16.756,16.759,16.744,16.758
2018-02-26 06:00:00,16.758,16.7725,16.735,16.738
2018-02-26 06:15:00,16.7465,16.759,16.731,16.738999999999997
2018-02-26 06:30:00,16.7415,16.744500000000002,16.7265,16.7285
2018-02-26 06:45:00,16.731,16.744500000000002,16.726000000000003,16.7305
2018-02-26 07:00:00,16.731,16.7375,16.717,16.732
2018-02-26 07:15:00,16.732999999999997,16.76,16.725,16.742
2018-02-26 07:30:00,16.743,16.766000000000002,16.742,16.76
2018-02-26 07:45:00,16.76,16.763499999999997,16.7255,16.727999999999998
2018-02-26 08:00:00,16.729,16.746,16.718,16.743
2018-02-26 08:15:00,16.742,16.761,16.732,16.7365
2018-02-26 08:30:00,16.736,16.738,16.721,16.721
2018-02-26 08:45:00,16.721,16.721,16.685,16.6865
2018-02-26 09:00:00,16.685499999999998,16.702,16.685,16.7015
2018-02-26 09:15:00,16.701,16.715,16.686,16.704
2018-02-26 09:30:00,16.704,16.7255,16.7,16.725
2018-02-26 09:45:00,16.727,16.7495,16.725,16.7325
2018-02-26 10:00:00,16.732999999999997,16.755,16.725,16.73
2018-02-26 10:15:00,16.731,16.7325,16.7175,16.727999999999998
2018-02-26 10:30:00,16.727999999999998,16.732,16.718,16.724
2018-02-26 10:45:00,16.723,16.724,16.712,16.717
2018-02-26 11:00:00,16.7155,16.719,16.695500000000003,16.701
2018-02-26 11:15:00,16.697499999999998,16.7015,16.686,16.686
2018-02-26 11:30:00,16.686,16.6885,16.6715,16.685
2018-02-26 11:45:00,16.684500000000003,16.689,16.66,16.671
2018-02-26 12:00:00,16.671,16.6865,16.6615,16.677
2018-02-26 12:15:00,16.676000000000002,16.692999999999998,16.675,16.685
2018-02-26 12:30:00,16.6845,16.688,16.662,16.6625
2018-02-26 12:45:00,16.666999999999998,16.673,16.649,16.6675
2018-02-26 13:00:00,16.666999999999998,16.688,16.658,16.664
2018-02-26 13:15:00,16.660999999999998,16.699,16.657,16.695999999999998
2018-02-26 13:30:00,16.699,16.704,16.6735,16.689
2018-02-26 13:45:00,16.689,16.692,16.658499999999997,16.664
2018-02-26 14:00:00,16.663,16.6655,16.621999999999996,16.633
2018-02-26 14:15:00,16.6325,16.636,16.608,16.610500000000002
2018-02-26 14:30:00,16.609,16.616999999999997,16.494500000000002,16.55
2018-02-26 14:45:00,16.5455,16.636,16.544999999999998,16.6275
2018-02-26 15:00:00,16.631,16.6405,16.598499999999998,16.604000000000003
2018-02-26 15:15:00,16.599,16.61,16.585,16.601
2018-02-26 15:30:00,16.599999999999998,16.614,16.577,16.608
2018-02-26 15:45:00,16.6085,16.614,16.5815,16.599999999999998
2018-02-26 16:00:00,16.599999999999998,16.6195,16.584,16.605
2018-02-26 16:15:00,16.6045,16.627,16.603,16.614
2018-02-26 16:30:00,16.615000000000002,16.626,16.601,16.6025
2018-02-26 16:45:00,16.6035,16.607,16.59,16.5945
2018-02-26 17:00:00,16.595,16.599999999999998,16.579,16.596
2018-02-26 17:15:00,16.598000000000003,16.608,16.581000000000003,16.586000000000002
2018-02-26 17:30:00,16.587000000000003,16.596,16.575499999999998,16.5955
2018-02-26 17:45:00,16.595,16.6395,16.595,16.634999999999998
2018-02-26 18:00:00,16.634,16.64,16.612,16.612
2018-02-26 18:15:00,16.610999999999997,16.616999999999997,16.596,16.6025
2018-02-26 18:30:00,16.602,16.604000000000003,16.59,16.6005
2018-02-26 18:45:00,16.599999999999998,16.6075,16.588,16.5995
2018-02-26 19:00:00,16.601,16.610999999999997,16.597499999999997,16.597499999999997
2018-02-26 19:15:00,16.601,16.613,16.595,16.613
2018-02-26 19:30:00,16.6115,16.621,16.610500000000002,16.621
2018-02-26 19:45:00,16.62,16.621,16.610500000000002,16.616
2018-02-26 20:00:00,16.616,16.618,16.609,16.616999999999997
2018-02-26 20:15:00,16.6155,16.643,16.6155,16.639
2018-02-26 20:30:00,16.636,16.64,16.6295,16.633
2018-02-26 20:45:00,16.631999999999998,16.6435,16.628999999999998,16.6405
2018-02-26 21:00:00,16.64,16.653000000000002,16.64,16.646
2018-02-26 21:15:00,16.645500000000002,16.6615,16.644000000000002,16.654000000000003
2018-02-26 21:30:00,16.653499999999998,16.666999999999998,16.652,16.664
2018-02-26 21:45:00,16.6645,16.6735,16.658,16.671
2018-02-26 23:00:00,16.652,16.668,16.636,16.641000000000002
2018-02-26 23:15:00,16.645500000000002,16.647499999999997,16.630499999999998,16.634500000000003
2018-02-26 23:30:00,16.635499999999997,16.6385,16.592499999999998,16.5965
2018-02-26 23:45:00,16.5995,16.649,16.597,16.642000000000003
2018-02-27 01:00:00,16.677,16.6995,16.675,16.691
2018-02-27 01:15:00,16.691,16.695999999999998,16.666,16.666
2018-02-27 01:30:00,16.666,16.695,16.666,16.691
2018-02-27 01:45:00,16.691,16.691,16.660999999999998,16.676000000000002
2018-02-27 02:00:00,16.679,16.691,16.671,16.685
2018-02-27 02:15:00,16.686,16.686,16.671,16.676000000000002
2018-02-27 02:30:00,16.674,16.678,16.660999999999998,16.671
2018-02-27 02:45:00,16.671,16.671,16.647000000000002,16.651
2018-02-27 03:00:00,16.652499999999996,16.652499999999996,16.631,16.634
2018-02-27 03:15:00,16.634999999999998,16.646,16.634999999999998,16.645
2018-02-27 03:30:00,16.645,16.654,16.645,16.65
2018-02-27 03:45:00,16.649,16.649,16.634999999999998,16.64
2018-02-27 04:00:00,16.64,16.646,16.636,16.636
2018-02-27 04:15:00,16.636,16.6415,16.62,16.626
2018-02-27 04:30:00,16.628999999999998,16.634,16.618,16.63
2018-02-27 04:45:00,16.628999999999998,16.63,16.624499999999998,16.6255
2018-02-27 05:00:00,16.6255,16.6315,16.621,16.6275
2018-02-27 05:15:00,16.628500000000003,16.631999999999998,16.625,16.625
2018-02-27 05:30:00,16.6295,16.639,16.6275,16.639
2018-02-27 05:45:00,16.642000000000003,16.651,16.6375,16.638
2018-02-27 06:00:00,16.638,16.6385,16.621999999999996,16.631999999999998
2018-02-27 06:15:00,16.634999999999998,16.645,16.631,16.641000000000002
2018-02-27 06:30:00,16.6425,16.6425,16.6255,16.6275
2018-02-27 06:45:00,16.6275,16.631,16.617500000000003,16.6245
2018-02-27 07:00:00,16.624,16.646,16.619,16.636
2018-02-27 07:15:00,16.634,16.6445,16.628,16.644000000000002
2018-02-27 07:30:00,16.643,16.644000000000002,16.628999999999998,16.634999999999998
2018-02-27 07:45:00,16.634999999999998,16.6505,16.634,16.64
2018-02-27 08:00:00,16.64,16.651500000000002,16.634999999999998,16.65
2018-02-27 08:15:00,16.657,16.662,16.6495,16.657
2018-02-27 08:30:00,16.660999999999998,16.662,16.649,16.652
2018-02-27 08:45:00,16.647000000000002,16.662,16.646,16.658
2018-02-27 09:00:00,16.657,16.6615,16.639,16.645
2018-02-27 09:15:00,16.6435,16.658499999999997,16.636,16.647000000000002
2018-02-27 09:30:00,16.648000000000003,16.657,16.640500000000003,16.645500000000002
2018-02-27 09:45:00,16.645500000000002,16.649,16.639,16.64
2018-02-27 10:00:00,16.638,16.6515,16.6115,16.617
2018-02-27 10:15:00,16.6145,16.631999999999998,16.61,16.622500000000002
2018-02-27 10:30:00,16.625999999999998,16.631,16.6095,16.614
2018-02-27 10:45:00,16.613500000000002,16.627,16.613500000000002,16.616999999999997
2018-02-27 11:00:00,16.616,16.6275,16.613,16.6265
2018-02-27 11:15:00,16.626,16.626,16.6095,16.616
2018-02-27 11:30:00,16.616,16.633,16.616,16.631
2018-02-27 11:45:00,16.628500000000003,16.628500000000003,16.602,16.610999999999997
2018-02-27 12:00:00,16.610999999999997,16.621,16.598499999999998,16.6185
2018-02-27 12:15:00,16.6245,16.637,16.621,16.6315
2018-02-27 12:30:00,16.6265,16.64,16.622999999999998,16.639
2018-02-27 12:45:00,16.6385,16.639,16.622999999999998,16.628999999999998
2018-02-27 13:00:00,16.628500000000003,16.6325,16.555500000000002,16.556500000000003
2018-02-27 13:15:00,16.5535,16.5585,16.529,16.542
2018-02-27 13:30:00,16.531000000000002,16.6255,16.5035,16.593999999999998
2018-02-27 13:45:00,16.592499999999998,16.645500000000002,16.582,16.586499999999997
2018-02-27 14:00:00,16.587000000000003,16.603,16.558,16.5695
2018-02-27 14:15:00,16.573,16.5945,16.554,16.591
2018-02-27 14:30:00,16.589,16.604000000000003,16.565,16.569
2018-02-27 14:45:00,16.566,16.566,16.5195,16.524
2018-02-27 15:00:00,16.521,16.538,16.4975,16.519499999999997
2018-02-27 15:15:00,16.518500000000003,16.519000000000002,16.4845,16.499
2018-02-27 15:30:00,16.494500000000002,16.502,16.454,16.456500000000002
2018-02-27 15:45:00,16.456,16.4575,16.336499999999997,16.3945
2018-02-27 16:00:00,16.3925,16.4315,16.360999999999997,16.407
2018-02-27 16:15:00,16.401,16.416,16.3795,16.3995
2018-02-27 16:30:00,16.399,16.4215,16.382,16.383
2018-02-27 16:45:00,16.382,16.421000000000003,16.375,16.381
2018-02-27 17:00:00,16.38,16.3925,16.351,16.351
2018-02-27 17:15:00,16.347,16.387,16.341,16.383
2018-02-27 17:30:00,16.383,16.401,16.372999999999998,16.3815
2018-02-27 17:45:00,16.3815,16.433,16.3815,16.410999999999998
2018-02-27 18:00:00,16.412,16.4225,16.397499999999997,16.409499999999998
2018-02-27 18:15:00,16.414,16.437,16.408,16.433999999999997
2018-02-27 18:30:00,16.4355,16.4505,16.423,16.433
2018-02-27 18:45:00,16.433,16.4425,16.423,16.437
2018-02-27 19:00:00,16.4385,16.442,16.412,16.426000000000002
2018-02-27 19:15:00,16.4235,16.439999999999998,16.4215,16.438999999999997
2018-02-27 19:30:00,16.432,16.445,16.427,16.434500000000003
2018-02-27 19:45:00,16.438,16.438999999999997,16.421000000000003,16.4295
2018-02-27 20:00:00,16.4295,16.445,16.427500000000002,16.429
2018-02-27 20:15:00,16.43,16.4345,16.427500000000002,16.429
2018-02-27 20:30:00,16.429,16.439500000000002,16.429,16.435
2018-02-27 20:45:00,16.432000000000002,16.433999999999997,16.4215,16.425
2018-02-27 21:00:00,16.424,16.425,16.4135,16.425
2018-02-27 21:15:00,16.425,16.425,16.4165,16.421999999999997
2018-02-27 21:30:00,16.422,16.429,16.4165,16.4265
2018-02-27 21:45:00,16.4265,16.438,16.4265,16.427999999999997
2018-02-27 23:00:00,16.428,16.45,16.423,16.439999999999998
2018-02-27 23:15:00,16.439500000000002,16.448999999999998,16.438999999999997,16.444
2018-02-27 23:30:00,16.4445,16.4485,16.4285,16.437
2018-02-27 23:45:00,16.438999999999997,16.438999999999997,16.418,16.427999999999997
2018-02-28 01:00:00,16.4215,16.433999999999997,16.387999999999998,16.426000000000002
2018-02-28 01:15:00,16.421000000000003,16.4285,16.402499999999996,16.4125
2018-02-28 01:30:00,16.413,16.4205,16.383,16.409000000000002
2018-02-28 01:45:00,16.412,16.427500000000002,16.408499999999997,16.409499999999998
2018-02-28 02:00:00,16.415,16.429,16.408499999999997,16.41
2018-02-28 02:15:00,16.4125,16.4215,16.405,16.416
2018-02-28 02:30:00,16.418,16.4225,16.410999999999998,16.414
2018-02-28 02:45:00,16.410999999999998,16.410999999999998,16.395,16.402499999999996
2018-02-28 03:00:00,16.404000000000003,16.412,16.399,16.4
2018-02-28 03:15:00,16.403000000000002,16.412,16.395500000000002,16.41
2018-02-28 03:30:00,16.407,16.418,16.4,16.403000000000002
2018-02-28 03:45:00,16.403499999999998,16.408,16.3945,16.399
2018-02-28 04:00:00,16.401500000000002,16.4065,16.3985,16.403499999999998
2018-02-28 04:15:00,16.403000000000002,16.403499999999998,16.3935,16.394000000000002
2018-02-28 04:30:00,16.3945,16.399,16.39,16.395
2018-02-28 04:45:00,16.395,16.403499999999998,16.39,16.397499999999997
2018-02-28 05:00:00,16.395500000000002,16.401,16.392,16.392
2018-02-28 05:15:00,16.393,16.399,16.389,16.394000000000002
2018-02-28 05:30:00,16.394000000000002,16.409000000000002,16.391,16.4055
2018-02-28 05:45:00,16.405,16.413,16.3985,16.409499999999998
2018-02-28 06:00:00,16.404000000000003,16.4125,16.387999999999998,16.391
2018-02-28 06:15:00,16.389,16.395,16.384,16.389
2018-02-28 06:30:00,16.3925,16.402499999999996,16.386499999999998,16.4
2018-02-28 06:45:00,16.3995,16.4135,16.3995,16.405
2018-02-28 07:00:00,16.4045,16.412,16.397499999999997,16.403000000000002
2018-02-28 07:15:00,16.403000000000002,16.407,16.395,16.396
2018-02-28 07:30:00,16.3965,16.406,16.395500000000002,16.401
2018-02-28 07:45:00,16.402,16.402,16.365000000000002,16.382
2018-02-28 08:00:00,16.382,16.387,16.364,16.379500000000004
2018-02-28 08:15:00,16.3805,16.382,16.3575,16.368
2018-02-28 08:30:00,16.368,16.3995,16.368,16.384
2018-02-28 08:45:00,16.384,16.400000000000002,16.378999999999998,16.3945
2018-02-28 09:00:00,16.3945,16.401,16.39,16.398000000000003
2018-02-28 09:15:00,16.397000000000002,16.439500000000002,16.3945,16.433
2018-02-28 09:30:00,16.433,16.4485,16.42,16.447499999999998
2018-02-28 09:45:00,16.4465,16.469,16.438,16.457500000000003
2018-02-28 10:00:00,16.457,16.467,16.445,16.445
2018-02-28 10:15:00,16.445,16.455000000000002,16.437,16.444
2018-02-28 10:30:00,16.445999999999998,16.455000000000002,16.4405,16.443
2018-02-28 10:45:00,16.448,16.448999999999998,16.43,16.431
2018-02-28 11:00:00,16.43,16.437,16.425,16.432
2018-02-28 11:15:00,16.435,16.442,16.410999999999998,16.416999999999998
2018-02-28 11:30:00,16.418,16.441,16.415499999999998,16.439999999999998
2018-02-28 11:45:00,16.4425,16.4425,16.408,16.427
2018-02-28 12:00:00,16.426000000000002,16.455000000000002,16.4195,16.455000000000002
2018-02-28 12:15:00,16.457,16.457,16.436,16.442
2018-02-28 12:30:00,16.438,16.457,16.431,16.4505
2018-02-28 12:45:00,16.45,16.451999999999998,16.436,16.4445
2018-02-28 13:00:00,16.4445,16.445500000000003,16.427,16.431
2018-02-28 13:15:00,16.429,16.4435,16.421000000000003,16.427
2018-02-28 13:30:00,16.426000000000002,16.444,16.398000000000003,16.403000000000002
2018-02-28 13:45:00,16.403000000000002,16.426000000000002,16.38,16.4185
2018-02-28 14:00:00,16.4205,16.46,16.418,16.4355
2018-02-28 14:15:00,16.433,16.457,16.428,16.4555
2018-02-28 14:30:00,16.4585,16.5095,16.443,16.459000000000003
2018-02-28 14:45:00,16.463,16.464000000000002,16.438,16.442
2018-02-28 15:00:00,16.442,16.457,16.4125,16.421000000000003
2018-02-28 15:15:00,16.416999999999998,16.45,16.415000000000003,16.440500000000004
2018-02-28 15:30:00,16.439999999999998,16.46,16.414,16.447
2018-02-28 15:45:00,16.447,16.477999999999998,16.4425,16.458000000000002
2018-02-28 16:00:00,16.458000000000002,16.467,16.447,16.463
2018-02-28 16:15:00,16.463,16.476,16.451,16.470000000000002
2018-02-28 16:30:00,16.4725,16.491,16.470000000000002,16.48
2018-02-28 16:45:00,16.48,16.483999999999998,16.458000000000002,16.4775
2018-02-28 17:00:00,16.477999999999998,16.4905,16.476499999999998,16.486
2018-02-28 17:15:00,16.4855,16.498,16.4655,16.477999999999998
2018-02-28 17:30:00,16.4775,16.479,16.464000000000002,16.476000000000003
2018-02-28 17:45:00,16.474,16.4825,16.469499999999996,16.471
2018-02-28 18:00:00,16.471,16.475,16.439999999999998,16.444
2018-02-28 18:15:00,16.445,16.45,16.3755,16.387999999999998
2018-02-28 18:30:00,16.387,16.413,16.378999999999998,16.397000000000002
2018-02-28 18:45:00,16.398000000000003,16.424,16.397000000000002,16.422
2018-02-28 19:00:00,16.423,16.436,16.418,16.435
2018-02-28 19:15:00,16.4345,16.4385,16.406,16.4115
2018-02-28 19:30:00,16.416,16.418,16.399,16.4055
2018-02-28 19:45:00,16.404000000000003,16.4115,16.3965,16.4115
2018-02-28 20:00:00,16.409000000000002,16.416,16.396,16.399
2018-02-28 20:15:00,16.394000000000002,16.397000000000002,16.384,16.387999999999998
2018-02-28 20:30:00,16.3895,16.406000000000002,16.384,16.396
2018-02-28 20:45:00,16.3945,16.402,16.387999999999998,16.4
2018-02-28 21:00:00,16.3975,16.407,16.3975,16.4015
2018-02-28 21:15:00,16.402,16.4165,16.401,16.413
2018-02-28 21:30:00,16.414499999999997,16.424500000000002,16.412499999999998,16.4195
2018-02-28 21:45:00,16.4195,16.4195,16.4075,16.4175
2018-02-28 23:00:00,16.4225,16.431,16.418499999999998,16.418499999999998
2018-02-28 23:15:00,16.419,16.4255,16.413,16.418
2018-02-28 23:30:00,16.419,16.421999999999997,16.407,16.413
2018-02-28 23:45:00,16.4135,16.4175,16.406,16.415499999999998
2018-03-01 01:00:00,16.3815,16.3915,16.368,16.386499999999998
2018-03-01 01:15:00,16.389,16.3915,16.372999999999998,16.377
2018-03-01 01:30:00,16.374,16.39,16.3615,16.3775
2018-03-01 01:45:00,16.377999999999997,16.394000000000002,16.377999999999997,16.387999999999998
2018-03-01 02:00:00,16.389,16.395500000000002,16.378500000000003,16.383
2018-03-01 02:15:00,16.378999999999998,16.387,16.372999999999998,16.383
2018-03-01 02:30:00,16.383,16.3895,16.377,16.3815
2018-03-01 02:45:00,16.377999999999997,16.384,16.3765,16.377
2018-03-01 03:00:00,16.377999999999997,16.386,16.374,16.374
2018-03-01 03:15:00,16.374,16.387999999999998,16.363,16.3875
2018-03-01 03:30:00,16.389,16.389,16.378999999999998,16.3835
2018-03-01 03:45:00,16.381,16.387999999999998,16.38,16.384999999999998
2018-03-01 04:00:00,16.382,16.391,16.369500000000002,16.372
2018-03-01 04:15:00,16.372,16.377,16.3525,16.37
2018-03-01 04:30:00,16.37,16.377999999999997,16.37,16.372999999999998
2018-03-01 04:45:00,16.372999999999998,16.374,16.366999999999997,16.3735
2018-03-01 05:00:00,16.3735,16.3755,16.368,16.375
2018-03-01 05:15:00,16.37,16.375,16.368,16.3695
2018-03-01 05:30:00,16.372500000000002,16.372500000000002,16.3585,16.364
2018-03-01 05:45:00,16.365000000000002,16.365000000000002,16.349999999999998,16.351
2018-03-01 06:00:00,16.342000000000002,16.3455,16.319,16.3195
2018-03-01 06:15:00,16.322,16.3375,16.316,16.331
2018-03-01 06:30:00,16.3355,16.3375,16.3195,16.3265
2018-03-01 06:45:00,16.325499999999998,16.3585,16.325499999999998,16.353499999999997
2018-03-01 07:00:00,16.347,16.3645,16.338,16.352
2018-03-01 07:15:00,16.352,16.3575,16.344,16.349999999999998
2018-03-01 07:30:00,16.3515,16.3735,16.351,16.3715
2018-03-01 07:45:00,16.3715,16.378500000000003,16.346500000000002,16.346500000000002
2018-03-01 08:00:00,16.3455,16.348000000000003,16.325499999999998,16.346
2018-03-01 08:15:00,16.343000000000004,16.3615,16.335,16.3615
2018-03-01 08:30:00,16.3565,16.3585,16.3415,16.353
2018-03-01 08:45:00,16.354000000000003,16.3555,16.337000000000003,16.347
2018-03-01 09:00:00,16.346,16.347499999999997,16.3155,16.317999999999998
2018-03-01 09:15:00,16.3185,16.3225,16.292499999999997,16.3025
2018-03-01 09:30:00,16.302,16.311999999999998,16.283,16.288999999999998
2018-03-01 09:45:00,16.288999999999998,16.304000000000002,16.288999999999998,16.293000000000003
2018-03-01 10:00:00,16.295,16.309,16.286,16.305999999999997
2018-03-01 10:15:00,16.307,16.317999999999998,16.3005,16.3155
2018-03-01 10:30:00,16.314,16.325,16.305999999999997,16.319
2018-03-01 10:45:00,16.32,16.34,16.317,16.319
2018-03-01 11:00:00,16.319,16.319,16.292499999999997,16.2975
2018-03-01 11:15:00,16.297,16.298000000000002,16.287000000000003,16.2885
2018-03-01 11:30:00,16.286,16.311999999999998,16.283,16.311999999999998
2018-03-01 11:45:00,16.3105,16.3135,16.29,16.3045
2018-03-01 12:00:00,16.305,16.316,16.273,16.278
2018-03-01 12:15:00,16.279,16.2945,16.2715,16.2835
2018-03-01 12:30:00,16.2835,16.308,16.2795,16.288
2018-03-01 12:45:00,16.288,16.290499999999998,16.241,16.252499999999998
2018-03-01 13:00:00,16.255,16.265,16.220000000000002,16.262999999999998
2018-03-01 13:15:00,16.262,16.27,16.2225,16.2395
2018-03-01 13:30:00,16.238500000000002,16.257500000000004,16.185,16.215000000000003
2018-03-01 13:45:00,16.214000000000002,16.311,16.207,16.303
2018-03-01 14:00:00,16.308,16.313,16.243000000000002,16.243000000000002
2018-03-01 14:15:00,16.2435,16.2545,16.237000000000002,16.2485
2018-03-01 14:30:00,16.249999999999996,16.253,16.2015,16.212500000000002
2018-03-01 14:45:00,16.2115,16.242,16.2005,16.217
2018-03-01 15:00:00,16.185,16.232499999999998,16.165000000000003,16.212
2018-03-01 15:15:00,16.214000000000002,16.2425,16.183,16.238
2018-03-01 15:30:00,16.238,16.336000000000002,16.233999999999998,16.298000000000002
2018-03-01 15:45:00,16.298000000000002,16.303,16.254,16.2605
2018-03-01 16:00:00,16.2605,16.276000000000003,16.250999999999998,16.258
2018-03-01 16:15:00,16.255999999999997,16.284,16.253,16.272000000000002
2018-03-01 16:30:00,16.275000000000002,16.3895,16.275000000000002,16.380499999999998
2018-03-01 16:45:00,16.384,16.407,16.3505,16.3595
2018-03-01 17:00:00,16.357,16.387999999999998,16.349,16.352
2018-03-01 17:15:00,16.353,16.372999999999998,16.344,16.360999999999997
2018-03-01 17:30:00,16.358,16.397499999999997,16.343000000000004,16.39
2018-03-01 17:45:00,16.387,16.387999999999998,16.358,16.3595
2018-03-01 18:00:00,16.360999999999997,16.3695,16.329,16.3445
2018-03-01 18:15:00,16.341499999999996,16.345,16.2655,16.271
2018-03-01 18:30:00,16.271,16.305999999999997,16.2685,16.281000000000002
2018-03-01 18:45:00,16.281000000000002,16.301,16.2605,16.288
2018-03-01 19:00:00,16.285,16.3165,16.284,16.314
2018-03-01 19:15:00,16.313,16.386499999999998,16.311,16.382
2018-03-01 19:30:00,16.384999999999998,16.406,16.3705,16.372
2018-03-01 19:45:00,16.3765,16.437,16.3715,16.433999999999997
2018-03-01 20:00:00,16.429,16.486,16.42,16.464499999999997
2018-03-01 20:15:00,16.464499999999997,16.495500000000003,16.461,16.491500000000002
2018-03-01 20:30:00,16.4935,16.554000000000002,16.4835,16.538
2018-03-01 20:45:00,16.5345,16.5385,16.482000000000003,16.488999999999997
2018-03-01 21:00:00,16.49,16.505,16.48,16.493000000000002
2018-03-01 21:15:00,16.492,16.492,16.4725,16.473
2018-03-01 21:30:00,16.473,16.488999999999997,16.473,16.474
2018-03-01 21:45:00,16.474,16.477,16.4635,16.477
2018-03-01 23:00:00,16.475499999999997,16.476000000000003,16.448,16.4675
2018-03-01 23:15:00,16.4665,16.469,16.457,16.4625
2018-03-01 23:30:00,16.4585,16.469,16.45,16.459000000000003
2018-03-01 23:45:00,16.458000000000002,16.473,16.456,16.471
2018-03-02 01:00:00,16.453,16.453,16.416,16.427
2018-03-02 01:15:00,16.426000000000002,16.4485,16.422,16.443
2018-03-02 01:30:00,16.444,16.465,16.4265,16.435
2018-03-02 01:45:00,16.435,16.459000000000003,16.427999999999997,16.448999999999998
2018-03-02 02:00:00,16.445,16.445999999999998,16.425,16.431
2018-03-02 02:15:00,16.435,16.4495,16.43,16.434500000000003
2018-03-02 02:30:00,16.432000000000002,16.435,16.421000000000003,16.434500000000003
2018-03-02 02:45:00,16.433,16.441,16.424500000000002,16.438
2018-03-02 03:00:00,16.438999999999997,16.4475,16.429,16.431
2018-03-02 03:15:00,16.432999999999996,16.4505,16.432999999999996,16.4455
2018-03-02 03:30:00,16.447,16.449,16.433500000000002,16.438999999999997
2018-03-02 03:45:00,16.4385,16.442999999999998,16.433999999999997,16.437
2018-03-02 04:00:00,16.4345,16.445999999999998,16.433999999999997,16.4355
2018-03-02 04:15:00,16.436,16.441,16.429,16.431
2018-03-02 04:30:00,16.432999999999996,16.4425,16.427999999999997,16.441
2018-03-02 04:45:00,16.442,16.45,16.438,16.438
2018-03-02 05:00:00,16.4385,16.445999999999998,16.437,16.4385
2018-03-02 05:15:00,16.437,16.4405,16.432000000000002,16.438
2018-03-02 05:30:00,16.438999999999997,16.465000000000003,16.4365,16.461
2018-03-02 05:45:00,16.458000000000002,16.48,16.457,16.468
2018-03-02 06:00:00,16.464000000000002,16.469,16.448999999999998,16.456500000000002
2018-03-02 06:15:00,16.456,16.459000000000003,16.4485,16.456
2018-03-02 06:30:00,16.456,16.463,16.4445,16.445999999999998
2018-03-02 06:45:00,16.447,16.453,16.433999999999997,16.4345
2018-03-02 07:00:00,16.432000000000002,16.445,16.418,16.438999999999997
2018-03-02 07:15:00,16.438,16.451999999999998,16.4375,16.4505
2018-03-02 07:30:00,16.45,16.453,16.422,16.4235
2018-03-02 07:45:00,16.421000000000003,16.439500000000002,16.416999999999998,16.424
2018-03-02 08:00:00,16.4235,16.436,16.4175,16.4355
2018-03-02 08:15:00,16.437,16.4405,16.427999999999997,16.438
2018-03-02 08:30:00,16.4425,16.461,16.438999999999997,16.455000000000002
2018-03-02 08:45:00,16.454,16.459000000000003,16.443,16.448999999999998
2018-03-02 09:00:00,16.4515,16.463,16.416999999999998,16.422
2018-03-02 09:15:00,16.4255,16.439,16.422,16.435
2018-03-02 09:30:00,16.436,16.445,16.419,16.425
2018-03-02 09:45:00,16.422,16.434500000000003,16.398000000000003,16.402
2018-03-02 10:00:00,16.4005,16.409000000000002,16.392,16.393
2018-03-02 10:15:00,16.393,16.412,16.391,16.412
2018-03-02 10:30:00,16.416,16.435,16.416,16.4265
2018-03-02 10:45:00,16.425,16.451,16.414,16.4505
2018-03-02 11:00:00,16.45,16.518,16.444,16.512
2018-03-02 11:15:00,16.512,16.532000000000004,16.476000000000003,16.499999999999996
2018-03-02 11:30:00,16.498,16.498,16.462,16.467
2018-03-02 11:45:00,16.462,16.4675,16.443,16.453
2018-03-02 12:00:00,16.4545,16.46,16.435,16.4565
2018-03-02 12:15:00,16.454,16.463,16.444,16.4515
2018-03-02 12:30:00,16.45,16.46,16.433999999999997,16.4555
2018-03-02 12:45:00,16.456,16.461,16.42,16.4295
2018-03-02 13:00:00,16.4305,16.4465,16.4235,16.4305
2018-03-02 13:15:00,16.431,16.4415,16.41,16.435
2018-03-02 13:30:00,16.433999999999997,16.514,16.430500000000002,16.509
2018-03-02 13:45:00,16.509,16.542,16.4625,16.542
2018-03-02 14:00:00,16.5415,16.549500000000002,16.521,16.525499999999997
2018-03-02 14:15:00,16.527,16.566,16.527,16.560999999999996
2018-03-02 14:30:00,16.5605,16.580000000000002,16.5025,16.508
2018-03-02 14:45:00,16.5055,16.525000000000002,16.488999999999997,16.512999999999998
2018-03-02 15:00:00,16.5125,16.534499999999998,16.4985,16.533
2018-03-02 15:15:00,16.533,16.537000000000003,16.494500000000002,16.5135
2018-03-02 15:30:00,16.508,16.5155,16.464000000000002,16.4925
2018-03-02 15:45:00,16.493000000000002,16.497,16.461,16.471
2018-03-02 16:00:00,16.470000000000002,16.487000000000002,16.4535,16.4615
2018-03-02 16:15:00,16.463,16.476,16.437,16.471
2018-03-02 16:30:00,16.4715,16.500999999999998,16.464499999999997,16.4675
2018-03-02 16:45:00,16.463,16.476499999999998,16.4465,16.463499999999996
2018-03-02 17:00:00,16.464000000000002,16.485,16.4535,16.48
2018-03-02 17:15:00,16.477,16.48,16.459000000000003,16.475499999999997
2018-03-02 17:30:00,16.4805,16.4805,16.458499999999997,16.462
2018-03-02 17:45:00,16.462,16.475499999999997,16.4485,16.4535
2018-03-02 18:00:00,16.4535,16.469,16.439500000000002,16.4445
2018-03-02 18:15:00,16.4445,16.498,16.4445,16.498
2018-03-02 18:30:00,16.498,16.5095,16.4855,16.502
2018-03-02 18:45:00,16.502,16.516000000000002,16.497,16.514
2018-03-02 19:00:00,16.512,16.525000000000002,16.502,16.518
2018-03-02 19:15:00,16.520000000000003,16.529,16.5125,16.527
2018-03-02 19:30:00,16.522,16.532000000000004,16.521,16.5215
2018-03-02 19:45:00,16.522,16.5265,16.515,16.5205
2018-03-02 20:00:00,16.522,16.53,16.502,16.512999999999998
2018-03-02 20:15:00,16.5115,16.517,16.5045,16.5095
2018-03-02 20:30:00,16.509999999999998,16.5105,16.495500000000003,16.502499999999998
2018-03-02 20:45:00,16.500500000000002,16.523500000000002,16.4925,16.519000000000002
2018-03-02 21:00:00,16.5185,16.524,16.5115,16.5135
2018-03-02 21:15:00,16.513499999999997,16.5195,16.512,16.5185
2018-03-02 21:30:00,16.518,16.518500000000003,16.5085,16.5105
2018-03-02 21:45:00,16.51,16.520000000000003,16.508,16.519499999999997
2018-03-04 23:00:00,16.531499999999998,16.544999999999998,16.519000000000002,16.536
2018-03-04 23:15:00,16.536,16.5455,16.499999999999996,16.5065
2018-03-04 23:30:00,16.506999999999998,16.5205,16.488000000000003,16.517500000000002
2018-03-04 23:45:00,16.521,16.53,16.512500000000003,16.5275
2018-03-05 01:00:00,16.5445,16.59,16.536,16.584500000000002
2018-03-05 01:15:00,16.581000000000003,16.599999999999998,16.575,16.596
2018-03-05 01:30:00,16.595,16.602,16.586000000000002,16.595
2018-03-05 01:45:00,16.596,16.6005,16.580000000000002,16.581000000000003
2018-03-05 02:00:00,16.576,16.591,16.570999999999998,16.59
2018-03-05 02:15:00,16.590500000000002,16.590500000000002,16.576,16.580000000000002
2018-03-05 02:30:00,16.580000000000002,16.580000000000002,16.5545,16.5575
2018-03-05 02:45:00,16.555,16.572,16.5545,16.565
2018-03-05 03:00:00,16.566,16.570999999999998,16.56,16.565
2018-03-05 03:15:00,16.5645,16.575,16.5645,16.574499999999997
2018-03-05 03:30:00,16.569,16.5825,16.569,16.5825
2018-03-05 03:45:00,16.579500000000003,16.5855,16.573999999999998,16.582
2018-03-05 04:00:00,16.585,16.586000000000002,16.576,16.584
2018-03-05 04:15:00,16.5845,16.585,16.575,16.580000000000002
2018-03-05 04:30:00,16.580000000000002,16.580000000000002,16.569,16.579
2018-03-05 04:45:00,16.579,16.580000000000002,16.564,16.569
2018-03-05 05:00:00,16.569499999999998,16.5795,16.568500000000004,16.573999999999998
2018-03-05 05:15:00,16.573500000000003,16.573999999999998,16.567999999999998,16.569
2018-03-05 05:30:00,16.569,16.573999999999998,16.567999999999998,16.569
2018-03-05 05:45:00,16.569,16.576,16.558,16.573999999999998
2018-03-05 06:00:00,16.570999999999998,16.581000000000003,16.569,16.5725
2018-03-05 06:15:00,16.573999999999998,16.5775,16.555999999999997,16.555999999999997
2018-03-05 06:30:00,16.56,16.56,16.5395,16.5455
2018-03-05 06:45:00,16.5455,16.5515,16.54,16.540499999999998
2018-03-05 07:00:00,16.54,16.555999999999997,16.528,16.528
2018-03-05 07:15:00,16.53,16.5345,16.518500000000003,16.5325
2018-03-05 07:30:00,16.5335,16.551,16.532000000000004,16.546
2018-03-05 07:45:00,16.5485,16.557,16.542,16.543000000000003
2018-03-05 08:00:00,16.536499999999997,16.5665,16.536499999999997,16.553
2018-03-05 08:15:00,16.555999999999997,16.566,16.5455,16.564
2018-03-05 08:30:00,16.565,16.565,16.537,16.5605
2018-03-05 08:45:00,16.5645,16.578500000000002,16.557,16.5585
2018-03-05 09:00:00,16.5575,16.567,16.552,16.563
2018-03-05 09:15:00,16.565,16.568500000000004,16.548000000000002,16.553
2018-03-05 09:30:00,16.5525,16.56,16.536499999999997,16.552
2018-03-05 09:45:00,16.5525,16.553,16.533,16.5355
2018-03-05 10:00:00,16.537000000000003,16.543000000000003,16.527,16.538
2018-03-05 10:15:00,16.538,16.544999999999998,16.528,16.542
2018-03-05 10:30:00,16.542,16.552500000000002,16.541,16.542
2018-03-05 10:45:00,16.542,16.548,16.530499999999996,16.548
2018-03-05 11:00:00,16.5435,16.549,16.529,16.534
2018-03-05 11:15:00,16.534,16.538999999999998,16.524,16.529500000000002
2018-03-05 11:30:00,16.5295,16.532000000000004,16.5035,16.515
2018-03-05 11:45:00,16.517,16.5205,16.503,16.503
2018-03-05 12:00:00,16.502,16.514,16.483,16.5095
2018-03-05 12:15:00,16.509,16.512999999999998,16.488,16.4915
2018-03-05 12:30:00,16.488999999999997,16.514,16.488999999999997,16.509
2018-03-05 12:45:00,16.509,16.519000000000002,16.504,16.504
2018-03-05 13:00:00,16.503,16.519000000000002,16.498,16.504
2018-03-05 13:15:00,16.509,16.519000000000002,16.492,16.496
2018-03-05 13:30:00,16.4935,16.496,16.437,16.445
2018-03-05 13:45:00,16.447499999999998,16.458000000000002,16.4285,16.441499999999998
2018-03-05 14:00:00,16.4365,16.441499999999998,16.421000000000003,16.43
2018-03-05 14:15:00,16.4295,16.438999999999997,16.418499999999998,16.4255
2018-03-05 14:30:00,16.423,16.423,16.380499999999998,16.3965
2018-03-05 14:45:00,16.4005,16.412,16.3805,16.4015
2018-03-05 15:00:00,16.402,16.412,16.365000000000002,16.372500000000002
2018-03-05 15:15:00,16.37,16.4375,16.362,16.43
2018-03-05 15:30:00,16.427999999999997,16.43,16.404000000000003,16.42
2018-03-05 15:45:00,16.415000000000003,16.419,16.397000000000002,16.405
2018-03-05 16:00:00,16.4055,16.429,16.395,16.426000000000002
2018-03-05 16:15:00,16.424,16.453,16.409000000000002,16.4385
2018-03-05 16:30:00,16.4385,16.4485,16.4245,16.435
2018-03-05 16:45:00,16.433999999999997,16.445999999999998,16.421000000000003,16.421000000000003
2018-03-05 17:00:00,16.422,16.436,16.407,16.414499999999997
2018-03-05 17:15:00,16.415000000000003,16.431,16.4045,16.4205
2018-03-05 17:30:00,16.42,16.433,16.41,16.425
2018-03-05 17:45:00,16.423,16.431,16.41,16.414
2018-03-05 18:00:00,16.416,16.4165,16.3985,16.4
2018-03-05 18:15:00,16.402,16.406,16.389,16.394000000000002
2018-03-05 18:30:00,16.396,16.4285,16.396,16.412
2018-03-05 18:45:00,16.41,16.414,16.3715,16.38
2018-03-05 19:00:00,16.384999999999998,16.405,16.375,16.399
2018-03-05 19:15:00,16.4,16.409499999999998,16.396,16.402
2018-03-05 19:30:00,16.399,16.405,16.394000000000002,16.405
2018-03-05 19:45:00,16.404000000000003,16.419,16.404000000000003,16.4185
2018-03-05 20:00:00,16.416999999999998,16.424,16.414,16.416999999999998
2018-03-05 20:15:00,16.416999999999998,16.423,16.409000000000002,16.4205
2018-03-05 20:30:00,16.42,16.435499999999998,16.415000000000003,16.435
2018-03-05 20:45:00,16.435,16.436,16.427,16.4355
2018-03-05 21:00:00,16.436,16.4445,16.4345,16.436
2018-03-05 21:15:00,16.435499999999998,16.436,16.431,16.431
2018-03-05 21:30:00,16.4315,16.4415,16.4315,16.436500000000002
2018-03-05 21:45:00,16.436500000000002,16.443,16.43,16.432000000000002
2018-03-05 23:00:00,16.421,16.463,16.398000000000003,16.409499999999998
2018-03-05 23:15:00,16.413,16.428,16.413,16.425
2018-03-05 23:30:00,16.425,16.455000000000002,16.421000000000003,16.448999999999998
2018-03-05 23:45:00,16.445,16.477,16.437,16.4375
2018-03-06 01:00:00,16.451,16.458499999999997,16.439999999999998,16.451999999999998
2018-03-06 01:15:00,16.451999999999998,16.471999999999998,16.451999999999998,16.461
2018-03-06 01:30:00,16.464000000000002,16.470000000000002,16.4585,16.463
2018-03-06 01:45:00,16.461,16.461,16.448999999999998,16.448999999999998
2018-03-06 02:00:00,16.448999999999998,16.454,16.432000000000002,16.437
2018-03-06 02:15:00,16.436,16.4415,16.433,16.438999999999997
2018-03-06 02:30:00,16.4425,16.444,16.4285,16.43
2018-03-06 02:45:00,16.432000000000002,16.435,16.4265,16.433500000000002
2018-03-06 03:00:00,16.435,16.4385,16.4315,16.438
2018-03-06 03:15:00,16.438,16.439999999999998,16.432999999999996,16.439999999999998
2018-03-06 03:30:00,16.4405,16.455000000000002,16.439500000000002,16.454
2018-03-06 03:45:00,16.442,16.454,16.4375,16.4375
2018-03-06 04:00:00,16.4375,16.454,16.4375,16.441499999999998
2018-03-06 04:15:00,16.454,16.4585,16.442,16.448999999999998
2018-03-06 04:30:00,16.4495,16.463,16.445,16.461000000000002
2018-03-06 04:45:00,16.46,16.4675,16.46,16.462500000000002
2018-03-06 05:00:00,16.463,16.4635,16.457500000000003,16.457500000000003
2018-03-06 05:15:00,16.457500000000003,16.4595,16.457,16.457500000000003
2018-03-06 05:30:00,16.4605,16.4745,16.447499999999998,16.4735
2018-03-06 05:45:00,16.4735,16.483,16.464000000000002,16.469499999999996
2018-03-06 06:00:00,16.470000000000002,16.481,16.463,16.48
2018-03-06 06:15:00,16.48,16.494,16.476000000000003,16.4785
2018-03-06 06:30:00,16.476000000000003,16.476499999999998,16.454,16.462500000000002
2018-03-06 06:45:00,16.4615,16.464499999999997,16.451999999999998,16.459000000000003
2018-03-06 07:00:00,16.459000000000003,16.468,16.433500000000002,16.442
2018-03-06 07:15:00,16.442,16.447499999999998,16.41,16.435
2018-03-06 07:30:00,16.435,16.455000000000002,16.433999999999997,16.435
2018-03-06 07:45:00,16.433999999999997,16.440500000000004,16.42,16.424
2018-03-06 08:00:00,16.424,16.454,16.4235,16.436
2018-03-06 08:15:00,16.436,16.456,16.435499999999998,16.45
2018-03-06 08:30:00,16.45,16.4675,16.4375,16.448
2018-03-06 08:45:00,16.45,16.459000000000003,16.448,16.454
2018-03-06 09:00:00,16.455000000000002,16.469,16.455000000000002,16.461
2018-03-06 09:15:00,16.464000000000002,16.474,16.456,16.467
2018-03-06 09:30:00,16.467,16.488500000000002,16.467,16.470499999999998
2018-03-06 09:45:00,16.470499999999998,16.497,16.470000000000002,16.491
2018-03-06 10:00:00,16.4915,16.535,16.4865,16.527
2018-03-06 10:15:00,16.5325,16.554,16.524499999999996,16.5455
2018-03-06 10:30:00,16.54,16.5585,16.54,16.553
2018-03-06 10:45:00,16.554000000000002,16.5605,16.546,16.559
2018-03-06 11:00:00,16.5585,16.567,16.542,16.557
2018-03-06 11:15:00,16.555500000000002,16.588,16.5545,16.573
2018-03-06 11:30:00,16.572,16.628999999999998,16.572,16.616
2018-03-06 11:45:00,16.616,16.628,16.603,16.621
2018-03-06 12:00:00,16.6215,16.625,16.592000000000002,16.597
2018-03-06 12:15:00,16.599999999999998,16.6155,16.597,16.6065
2018-03-06 12:30:00,16.6055,16.6205,16.592000000000002,16.61
2018-03-06 12:45:00,16.608,16.651500000000002,16.608,16.642000000000003
2018-03-06 13:00:00,16.640500000000003,16.6615,16.63,16.637
2018-03-06 13:15:00,16.637,16.644000000000002,16.6005,16.6145
2018-03-06 13:30:00,16.612,16.6265,16.604000000000003,16.626
2018-03-06 13:45:00,16.6265,16.654000000000003,16.622999999999998,16.6495
2018-03-06 14:00:00,16.645500000000002,16.6825,16.633,16.682
2018-03-06 14:15:00,16.683500000000002,16.6865,16.6435,16.653000000000002
2018-03-06 14:30:00,16.6515,16.682,16.641000000000002,16.678500000000003
2018-03-06 14:45:00,16.679,16.718,16.668,16.714000000000002
2018-03-06 15:00:00,16.714499999999997,16.753,16.713,16.75
2018-03-06 15:15:00,16.749,16.7875,16.748,16.7595
2018-03-06 15:30:00,16.764000000000003,16.816,16.764000000000003,16.8135
2018-03-06 15:45:00,16.82,16.831000000000003,16.7875,16.805
2018-03-06 16:00:00,16.805999999999997,16.862500000000004,16.801500000000004,16.851
2018-03-06 16:15:00,16.855999999999998,16.8655,16.819,16.824
2018-03-06 16:30:00,16.826,16.826,16.7865,16.81
2018-03-06 16:45:00,16.811,16.836499999999997,16.805,16.825000000000003
2018-03-06 17:00:00,16.829,16.836000000000002,16.7925,16.794999999999998
2018-03-06 17:15:00,16.793,16.8075,16.7885,16.804
2018-03-06 17:30:00,16.802,16.8075,16.779500000000002,16.7885
2018-03-06 17:45:00,16.788,16.7925,16.75,16.75
2018-03-06 18:00:00,16.75,16.78,16.744500000000002,16.759
2018-03-06 18:15:00,16.7545,16.7855,16.7515,16.7715
2018-03-06 18:30:00,16.7705,16.777,16.758,16.7715
2018-03-06 18:45:00,16.7725,16.784,16.753999999999998,16.7665
2018-03-06 19:00:00,16.767,16.781000000000002,16.7595,16.771
2018-03-06 19:15:00,16.773,16.787000000000003,16.766000000000002,16.781499999999998
2018-03-06 19:30:00,16.781499999999998,16.7865,16.7725,16.7775
2018-03-06 19:45:00,16.779,16.779,16.764000000000003,16.768
2018-03-06 20:00:00,16.762,16.769000000000002,16.7615,16.7655
2018-03-06 20:15:00,16.766000000000002,16.767,16.756,16.761
2018-03-06 20:30:00,16.758499999999998,16.767,16.7435,16.7435
2018-03-06 20:45:00,16.743999999999996,16.749,16.741,16.741500000000002
2018-03-06 21:00:00,16.743999999999996,16.748,16.732999999999997,16.7435
2018-03-06 21:15:00,16.7475,16.748,16.7415,16.747
2018-03-06 21:30:00,16.744500000000002,16.748,16.741,16.7465
2018-03-06 21:45:00,16.7465,16.7635,16.746,16.753999999999998
2018-03-06 23:00:00,16.799,16.8395,16.7885,16.825000000000003
2018-03-06 23:15:00,16.822,16.822,16.773,16.7945
2018-03-06 23:30:00,16.791,16.796499999999998,16.775000000000002,16.788
2018-03-06 23:45:00,16.788999999999998,16.7985,16.775499999999997,16.7825
2018-03-07 01:00:00,16.761,16.761,16.7405,16.747
2018-03-07 01:15:00,16.744999999999997,16.747,16.7305,16.741
2018-03-07 01:30:00,16.742,16.744999999999997,16.7265,16.741
2018-03-07 01:45:00,16.736,16.741,16.7125,16.721999999999998
2018-03-07 02:00:00,16.719499999999996,16.73,16.719499999999996,16.723
2018-03-07 02:15:00,16.725,16.727999999999998,16.715999999999998,16.717
2018-03-07 02:30:00,16.717,16.732999999999997,16.717,16.729
2018-03-07 02:45:00,16.7215,16.729,16.698,16.7065
2018-03-07 03:00:00,16.705,16.714000000000002,16.695500000000003,16.706
2018-03-07 03:15:00,16.705,16.712,16.691,16.707
2018-03-07 03:30:00,16.703000000000003,16.721999999999998,16.703000000000003,16.715000000000003
2018-03-07 03:45:00,16.717,16.717,16.706,16.7095
2018-03-07 04:00:00,16.712,16.712,16.702,16.7035
2018-03-07 04:15:00,16.703000000000003,16.704,16.6995,16.7015
2018-03-07 04:30:00,16.702,16.709000000000003,16.6965,16.7
2018-03-07 04:45:00,16.6995,16.7,16.6795,16.6925
2018-03-07 05:00:00,16.689999999999998,16.706,16.689500000000002,16.695
2018-03-07 05:15:00,16.6925,16.707,16.6885,16.7035
2018-03-07 05:30:00,16.703000000000003,16.711,16.692999999999998,16.701
2018-03-07 05:45:00,16.7,16.7,16.677500000000002,16.688
2018-03-07 06:00:00,16.6855,16.7,16.678500000000003,16.6925
2018-03-07 06:15:00,16.6885,16.708499999999997,16.6885,16.699
2018-03-07 06:30:00,16.6985,16.719,16.691,16.6915
2018-03-07 06:45:00,16.698,16.699,16.6875,16.694
2018-03-07 07:00:00,16.689,16.699,16.675,16.692999999999998
2018-03-07 07:15:00,16.695,16.6995,16.683,16.695500000000003
2018-03-07 07:30:00,16.694,16.702,16.682999999999996,16.699
2018-03-07 07:45:00,16.6985,16.708499999999997,16.683999999999997,16.683999999999997
2018-03-07 08:00:00,16.682999999999996,16.6855,16.660999999999998,16.682
2018-03-07 08:15:00,16.682,16.694,16.6745,16.692
2018-03-07 08:30:00,16.691499999999998,16.698,16.686,16.6935
2018-03-07 08:45:00,16.689,16.689,16.6765,16.682999999999996
2018-03-07 09:00:00,16.6825,16.689,16.6725,16.687
2018-03-07 09:15:00,16.6865,16.691,16.6765,16.685
2018-03-07 09:30:00,16.683999999999997,16.698,16.6745,16.6955
2018-03-07 09:45:00,16.699,16.715,16.6955,16.711
2018-03-07 10:00:00,16.707,16.713,16.7035,16.7115
2018-03-07 10:15:00,16.711,16.7215,16.703000000000003,16.705
2018-03-07 10:30:00,16.7055,16.736,16.7055,16.7225
2018-03-07 10:45:00,16.727,16.7275,16.7115,16.7155
2018-03-07 11:00:00,16.7155,16.719499999999996,16.695999999999998,16.706
2018-03-07 11:15:00,16.701,16.708000000000002,16.691499999999998,16.695
2018-03-07 11:30:00,16.695,16.697,16.664,16.679
2018-03-07 11:45:00,16.6755,16.695999999999998,16.67,16.67
2018-03-07 12:00:00,16.669,16.671,16.6345,16.634999999999998
2018-03-07 12:15:00,16.634999999999998,16.655,16.634999999999998,16.653499999999998
2018-03-07 12:30:00,16.652499999999996,16.663,16.6495,16.653000000000002
2018-03-07 12:45:00,16.653000000000002,16.6845,16.6485,16.6845
2018-03-07 13:00:00,16.6805,16.685,16.6405,16.648000000000003
2018-03-07 13:15:00,16.648000000000003,16.649,16.6085,16.633
2018-03-07 13:30:00,16.6335,16.669,16.626,16.637
2018-03-07 13:45:00,16.637,16.646,16.624,16.64
2018-03-07 14:00:00,16.6415,16.6425,16.612,16.618
2018-03-07 14:15:00,16.617500000000003,16.624499999999998,16.597,16.599999999999998
2018-03-07 14:30:00,16.605,16.605,16.5355,16.5705
2018-03-07 14:45:00,16.5715,16.573,16.529500000000002,16.557
2018-03-07 15:00:00,16.5595,16.59,16.554000000000002,16.567
2018-03-07 15:15:00,16.567999999999998,16.578500000000002,16.521,16.537000000000003
2018-03-07 15:30:00,16.537000000000003,16.5595,16.522,16.527
2018-03-07 15:45:00,16.5285,16.544,16.502,16.509
2018-03-07 16:00:00,16.508,16.524499999999996,16.483999999999998,16.498
2018-03-07 16:15:00,16.497,16.506500000000003,16.445,16.469
2018-03-07 16:30:00,16.471,16.4795,16.454,16.468
2018-03-07 16:45:00,16.468,16.4745,16.443,16.451999999999998
2018-03-07 17:00:00,16.454,16.502,16.4485,16.4825
2018-03-07 17:15:00,16.483,16.501500000000004,16.4685,16.476000000000003
2018-03-07 17:30:00,16.4735,16.482000000000003,16.465,16.465
2018-03-07 17:45:00,16.464499999999997,16.483,16.4595,16.477999999999998
2018-03-07 18:00:00,16.482000000000003,16.49,16.469,16.481
2018-03-07 18:15:00,16.4815,16.504,16.473,16.500999999999998
2018-03-07 18:30:00,16.499999999999996,16.514,16.4895,16.514
2018-03-07 18:45:00,16.509,16.525000000000002,16.493000000000002,16.494
2018-03-07 19:00:00,16.4935,16.4935,16.462,16.463
2018-03-07 19:15:00,16.462,16.475499999999997,16.4545,16.456
2018-03-07 19:30:00,16.456,16.4675,16.4445,16.448999999999998
2018-03-07 19:45:00,16.451999999999998,16.4845,16.427999999999997,16.462
2018-03-07 20:00:00,16.46,16.4805,16.4495,16.466
2018-03-07 20:15:00,16.470000000000002,16.48,16.464000000000002,16.466
2018-03-07 20:30:00,16.466,16.48,16.4605,16.4785
2018-03-07 20:45:00,16.477,16.488500000000002,16.471,16.4835
2018-03-07 21:00:00,16.488,16.5045,16.4835,16.499999999999996
2018-03-07 21:15:00,16.503,16.506,16.497500000000002,16.502
2018-03-07 21:30:00,16.506,16.5105,16.500500000000002,16.503
2018-03-07 21:45:00,16.499999999999996,16.506,16.4905,16.496
2018-03-07 23:00:00,16.4965,16.531000000000002,16.491500000000002,16.53
2018-03-07 23:15:00,16.533,16.538999999999998,16.507500000000004,16.512
2018-03-07 23:30:00,16.511,16.5125,16.5035,16.505
2018-03-07 23:45:00,16.503999999999998,16.509,16.487000000000002,16.488500000000002
2018-03-08 01:00:00,16.519000000000002,16.534499999999998,16.517,16.5195
2018-03-08 01:15:00,16.5185,16.5205,16.506999999999998,16.508
2018-03-08 01:30:00,16.514,16.520000000000003,16.497,16.518
2018-03-08 01:45:00,16.523,16.53,16.518,16.528
2018-03-08 02:00:00,16.5275,16.5415,16.5225,16.537000000000003
2018-03-08 02:15:00,16.534,16.546,16.533,16.546
2018-03-08 02:30:00,16.544,16.552500000000002,16.533,16.5445
2018-03-08 02:45:00,16.5505,16.555500000000002,16.529,16.533
2018-03-08 03:00:00,16.538,16.539,16.528,16.528
2018-03-08 03:15:00,16.533,16.5515,16.5275,16.5515
2018-03-08 03:30:00,16.547,16.547,16.538,16.544
2018-03-08 03:45:00,16.551,16.5525,16.5425,16.5445
2018-03-08 04:00:00,16.547,16.5475,16.538999999999998,16.5475
2018-03-08 04:15:00,16.547,16.553,16.537000000000003,16.544
2018-03-08 04:30:00,16.5465,16.5465,16.5335,16.534
2018-03-08 04:45:00,16.537000000000003,16.542,16.534,16.534
2018-03-08 05:00:00,16.535,16.536499999999997,16.5335,16.536499999999997
2018-03-08 05:15:00,16.5335,16.5435,16.528,16.536
2018-03-08 05:30:00,16.538999999999998,16.5405,16.508499999999998,16.511
2018-03-08 05:45:00,16.5105,16.524,16.508499999999998,16.513499999999997
2018-03-08 06:00:00,16.517,16.530499999999996,16.508499999999998,16.526
2018-03-08 06:15:00,16.526,16.530499999999996,16.5235,16.528
2018-03-08 06:30:00,16.525499999999997,16.558,16.5235,16.5565
2018-03-08 06:45:00,16.5505,16.5635,16.547,16.5595
2018-03-08 07:00:00,16.5585,16.573999999999998,16.5515,16.567500000000003
2018-03-08 07:15:00,16.566,16.57,16.5575,16.558
2018-03-08 07:30:00,16.5575,16.5715,16.5575,16.561
2018-03-08 07:45:00,16.561999999999998,16.5655,16.555500000000002,16.5585
2018-03-08 08:00:00,16.561500000000002,16.561500000000002,16.5355,16.5355
2018-03-08 08:15:00,16.5305,16.5415,16.529,16.5415
2018-03-08 08:30:00,16.546,16.546,16.5215,16.522
2018-03-08 08:45:00,16.526000000000003,16.526000000000003,16.496,16.500999999999998
2018-03-08 09:00:00,16.499,16.499,16.4715,16.483
2018-03-08 09:15:00,16.483999999999998,16.493,16.472,16.4855
2018-03-08 09:30:00,16.488,16.492,16.465000000000003,16.465000000000003
2018-03-08 09:45:00,16.4635,16.4785,16.463,16.4745
2018-03-08 10:00:00,16.469499999999996,16.494999999999997,16.46,16.49
2018-03-08 10:15:00,16.488999999999997,16.500999999999998,16.483,16.493000000000002
2018-03-08 10:30:00,16.494999999999997,16.503999999999998,16.481,16.485
2018-03-08 10:45:00,16.4825,16.491,16.48,16.482000000000003
2018-03-08 11:00:00,16.485,16.487000000000002,16.473,16.485
2018-03-08 11:15:00,16.4825,16.488500000000002,16.4665,16.4675
2018-03-08 11:30:00,16.4675,16.474,16.4615,16.464000000000002
2018-03-08 11:45:00,16.4665,16.4715,16.458000000000002,16.470000000000002
2018-03-08 12:00:00,16.467,16.494500000000002,16.4655,16.483999999999998
2018-03-08 12:15:00,16.4855,16.4875,16.4525,16.466
2018-03-08 12:30:00,16.4675,16.4865,16.46,16.482000000000003
2018-03-08 12:45:00,16.482000000000003,16.517500000000002,16.462500000000002,16.468
2018-03-08 13:00:00,16.4655,16.4895,16.463,16.4815
2018-03-08 13:15:00,16.4805,16.504,16.473499999999998,16.488999999999997
2018-03-08 13:30:00,16.491,16.5225,16.491,16.492
2018-03-08 13:45:00,16.492,16.522,16.474,16.520000000000003
2018-03-08 14:00:00,16.520000000000003,16.537000000000003,16.506999999999998,16.518
2018-03-08 14:15:00,16.518500000000003,16.528,16.491500000000002,16.4985
2018-03-08 14:30:00,16.491500000000002,16.498,16.429,16.474
2018-03-08 14:45:00,16.4745,16.512999999999998,16.457,16.462
2018-03-08 15:00:00,16.46,16.477,16.430500000000002,16.473
2018-03-08 15:15:00,16.477999999999998,16.492,16.455000000000002,16.477999999999998
2018-03-08 15:30:00,16.476499999999998,16.4775,16.439999999999998,16.445999999999998
2018-03-08 15:45:00,16.445,16.463499999999996,16.431,16.437
2018-03-08 16:00:00,16.439999999999998,16.492,16.433,16.488
2018-03-08 16:15:00,16.488,16.506999999999998,16.4805,16.486
2018-03-08 16:30:00,16.486,16.492,16.4525,16.463
2018-03-08 16:45:00,16.458000000000002,16.4875,16.45,16.4875
2018-03-08 17:00:00,16.483999999999998,16.493999999999996,16.4555,16.487000000000002
2018-03-08 17:15:00,16.487000000000002,16.496,16.4685,16.479
2018-03-08 17:30:00,16.476499999999998,16.486,16.465000000000003,16.467
2018-03-08 17:45:00,16.4685,16.4815,16.4605,16.475
2018-03-08 18:00:00,16.48,16.4905,16.470000000000002,16.48
2018-03-08 18:15:00,16.481,16.504,16.475,16.4925
2018-03-08 18:30:00,16.4905,16.4905,16.469,16.471
2018-03-08 18:45:00,16.471,16.491500000000002,16.465000000000003,16.49
2018-03-08 19:00:00,16.4905,16.499,16.479499999999998,16.48
2018-03-08 19:15:00,16.4805,16.485,16.466,16.476499999999998
2018-03-08 19:30:00,16.475,16.4815,16.469499999999996,16.475
2018-03-08 19:45:00,16.476000000000003,16.515,16.476000000000003,16.4985
2018-03-08 20:00:00,16.496,16.512,16.49,16.4925
2018-03-08 20:15:00,16.493000000000002,16.5015,16.4925,16.4975
2018-03-08 20:30:00,16.497,16.499000000000002,16.491,16.499
2018-03-08 20:45:00,16.493000000000002,16.506999999999998,16.4925,16.499
2018-03-08 21:00:00,16.498,16.499,16.492,16.498
2018-03-08 21:15:00,16.499,16.499,16.494999999999997,16.498
2018-03-08 21:30:00,16.4955,16.497500000000002,16.489,16.497
2018-03-08 21:45:00,16.4955,16.500500000000002,16.4865,16.493000000000002
2018-03-08 23:00:00,16.4895,16.505,16.4895,16.499999999999996
2018-03-08 23:15:00,16.500500000000002,16.505,16.491,16.493000000000002
2018-03-08 23:30:00,16.494999999999997,16.498,16.482000000000003,16.483
2018-03-08 23:45:00,16.482999999999997,16.496,16.481,16.49
2018-03-09 01:00:00,16.4545,16.457,16.436,16.445999999999998
2018-03-09 01:15:00,16.447,16.451999999999998,16.433999999999997,16.436
2018-03-09 01:30:00,16.436,16.437,16.416999999999998,16.427999999999997
2018-03-09 01:45:00,16.426000000000002,16.431,16.402,16.405
2018-03-09 02:00:00,16.403000000000002,16.422,16.3875,16.422
2018-03-09 02:15:00,16.422,16.431,16.416999999999998,16.425
2018-03-09 02:30:00,16.4245,16.4295,16.409000000000002,16.4265
2018-03-09 02:45:00,16.427,16.4385,16.424,16.437
2018-03-09 03:00:00,16.4365,16.4365,16.4235,16.426000000000002
2018-03-09 03:15:00,16.426000000000002,16.432000000000002,16.414499999999997,16.432000000000002
2018-03-09 03:30:00,16.4285,16.432000000000002,16.4195,16.426000000000002
2018-03-09 03:45:00,16.4265,16.427,16.4185,16.4185
2018-03-09 04:00:00,16.414,16.425,16.414,16.42
2018-03-09 04:15:00,16.42,16.4235,16.412,16.419
2018-03-09 04:30:00,16.419,16.43,16.419,16.43
2018-03-09 04:45:00,16.43,16.435,16.4235,16.435
2018-03-09 05:00:00,16.433,16.435,16.424500000000002,16.426000000000002
2018-03-09 05:15:00,16.426000000000002,16.43,16.418,16.43
2018-03-09 05:30:00,16.426000000000002,16.431,16.424,16.425
2018-03-09 05:45:00,16.4255,16.451999999999998,16.4225,16.447
2018-03-09 06:00:00,16.445999999999998,16.45,16.4425,16.447499999999998
2018-03-09 06:15:00,16.4495,16.451999999999998,16.443,16.448
2018-03-09 06:30:00,16.4415,16.4575,16.4415,16.4495
2018-03-09 06:45:00,16.4465,16.454,16.441499999999998,16.448999999999998
2018-03-09 07:00:00,16.4495,16.454,16.440500000000004,16.454
2018-03-09 07:15:00,16.453,16.4585,16.441,16.45
2018-03-09 07:30:00,16.4485,16.477,16.445,16.462
2018-03-09 07:45:00,16.4625,16.477,16.461,16.476000000000003
2018-03-09 08:00:00,16.473,16.476,16.461,16.469
2018-03-09 08:15:00,16.4685,16.4695,16.4495,16.4505
2018-03-09 08:30:00,16.45,16.46,16.4465,16.448999999999998
2018-03-09 08:45:00,16.4505,16.467,16.4495,16.462
2018-03-09 09:00:00,16.464499999999997,16.495500000000003,16.464499999999997,16.494999999999997
2018-03-09 09:15:00,16.4915,16.496,16.4835,16.488
2018-03-09 09:30:00,16.488500000000002,16.493000000000002,16.470499999999998,16.4735
2018-03-09 09:45:00,16.4745,16.476000000000003,16.464000000000002,16.466
2018-03-09 10:00:00,16.4655,16.49,16.461,16.4845
2018-03-09 10:15:00,16.4865,16.4905,16.473499999999998,16.4795
2018-03-09 10:30:00,16.482000000000003,16.4955,16.4785,16.494500000000002
2018-03-09 10:45:00,16.4955,16.506,16.474,16.4785
2018-03-09 11:00:00,16.48,16.49,16.474,16.4835
2018-03-09 11:15:00,16.4845,16.491,16.475499999999997,16.4815
2018-03-09 11:30:00,16.477,16.4915,16.477,16.4805
2018-03-09 11:45:00,16.4815,16.4825,16.4715,16.481
2018-03-09 12:00:00,16.481,16.4985,16.4745,16.477
2018-03-09 12:15:00,16.474,16.482000000000003,16.4675,16.482000000000003
2018-03-09 12:30:00,16.482000000000003,16.485,16.4595,16.462
2018-03-09 12:45:00,16.462500000000002,16.464499999999997,16.4535,16.454
2018-03-09 13:00:00,16.454,16.470000000000002,16.433,16.441
2018-03-09 13:15:00,16.439999999999998,16.445,16.396,16.4175
2018-03-09 13:30:00,16.4205,16.533,16.357499999999998,16.389
2018-03-09 13:45:00,16.3885,16.432000000000002,16.382,16.4175
2018-03-09 14:00:00,16.4175,16.4465,16.416999999999998,16.443
2018-03-09 14:15:00,16.443,16.469499999999996,16.436,16.451999999999998
2018-03-09 14:30:00,16.4495,16.456,16.414499999999997,16.4375
2018-03-09 14:45:00,16.439500000000002,16.578,16.4325,16.578
2018-03-09 15:00:00,16.5775,16.594,16.543000000000003,16.5635
2018-03-09 15:15:00,16.561999999999998,16.6215,16.561999999999998,16.5875
2018-03-09 15:30:00,16.586499999999997,16.6275,16.5775,16.5775
2018-03-09 15:45:00,16.572,16.642000000000003,16.5665,16.627
2018-03-09 16:00:00,16.631999999999998,16.656,16.603,16.6155
2018-03-09 16:15:00,16.614,16.649,16.614,16.644000000000002
2018-03-09 16:30:00,16.642000000000003,16.65,16.619,16.640500000000003
2018-03-09 16:45:00,16.64,16.679,16.622500000000002,16.654000000000003
2018-03-09 17:00:00,16.653499999999998,16.681,16.647499999999997,16.6805
2018-03-09 17:15:00,16.6805,16.689500000000002,16.64,16.647000000000002
2018-03-09 17:30:00,16.646,16.662,16.612,16.6265
2018-03-09 17:45:00,16.6275,16.6295,16.593000000000004,16.593000000000004
2018-03-09 18:00:00,16.5935,16.605999999999998,16.5815,16.588
2018-03-09 18:15:00,16.59,16.608,16.5765,16.5955
2018-03-09 18:30:00,16.5955,16.6,16.583,16.59
2018-03-09 18:45:00,16.592000000000002,16.6005,16.587000000000003,16.593000000000004
2018-03-09 19:00:00,16.5945,16.607,16.592000000000002,16.607
2018-03-09 19:15:00,16.608,16.63,16.602,16.613
2018-03-09 19:30:00,16.6125,16.614,16.601,16.603
2018-03-09 19:45:00,16.604000000000003,16.6155,16.5995,16.607
2018-03-09 20:00:00,16.607,16.616999999999997,16.588,16.592000000000002
2018-03-09 20:15:00,16.592000000000002,16.593999999999998,16.578,16.5825
2018-03-09 20:30:00,16.582,16.594,16.577,16.594
2018-03-09 20:45:00,16.593000000000004,16.595,16.5785,16.588
2018-03-09 21:00:00,16.586499999999997,16.592499999999998,16.57,16.5895
2018-03-09 21:15:00,16.5885,16.615000000000002,16.5885,16.609
2018-03-09 21:30:00,16.6095,16.6145,16.597,16.597
2018-03-09 21:45:00,16.597,16.603,16.582,16.59
2018-03-11 22:00:00,16.598499999999998,16.6185,16.592000000000002,16.6095
2018-03-11 22:15:00,16.608,16.608,16.5965,16.603
2018-03-11 22:30:00,16.602,16.6055,16.597,16.603
2018-03-11 22:45:00,16.6035,16.6035,16.588,16.5885
2018-03-11 23:00:00,16.588,16.602,16.586499999999997,16.598000000000003
2018-03-11 23:15:00,16.597499999999997,16.599999999999998,16.588,16.597499999999997
2018-03-11 23:30:00,16.597499999999997,16.609,16.597499999999997,16.609
2018-03-11 23:45:00,16.610999999999997,16.610999999999997,16.602,16.604000000000003
2018-03-12 01:00:00,16.591,16.605,16.559,16.565
2018-03-12 01:15:00,16.563499999999998,16.574499999999997,16.551,16.569
2018-03-12 01:30:00,16.5715,16.585,16.5635,16.575
2018-03-12 01:45:00,16.573500000000003,16.6045,16.573500000000003,16.595
2018-03-12 02:00:00,16.595499999999998,16.604000000000003,16.580000000000002,16.5885
2018-03-12 02:15:00,16.589,16.591499999999996,16.582,16.584
2018-03-12 02:30:00,16.580000000000002,16.598000000000003,16.579,16.589
2018-03-12 02:45:00,16.5885,16.59,16.5835,16.586000000000002
2018-03-12 03:00:00,16.586000000000002,16.5895,16.581000000000003,16.584500000000002
2018-03-12 03:15:00,16.584,16.586000000000002,16.573,16.573999999999998
2018-03-12 03:30:00,16.575,16.579500000000003,16.5645,16.57
2018-03-12 03:45:00,16.569499999999998,16.579,16.569,16.575499999999998
2018-03-12 04:00:00,16.575499999999998,16.576,16.569,16.5745
2018-03-12 04:15:00,16.576,16.576,16.567,16.570999999999998
2018-03-12 04:30:00,16.570999999999998,16.582,16.5645,16.5715
2018-03-12 04:45:00,16.5715,16.581000000000003,16.566,16.576
2018-03-12 05:00:00,16.576,16.581000000000003,16.564,16.566
2018-03-12 05:15:00,16.5665,16.567999999999998,16.560999999999996,16.5645
2018-03-12 05:30:00,16.567,16.572,16.5595,16.5665
2018-03-12 05:45:00,16.566,16.5665,16.5595,16.560999999999996
2018-03-12 06:00:00,16.555500000000002,16.557,16.541,16.544999999999998
2018-03-12 06:15:00,16.546,16.5535,16.544999999999998,16.551
2018-03-12 06:30:00,16.5465,16.555500000000002,16.546,16.555500000000002
2018-03-12 06:45:00,16.555,16.555500000000002,16.549,16.549
2018-03-12 07:00:00,16.549999999999997,16.559,16.543000000000003,16.546
2018-03-12 07:15:00,16.54,16.557,16.5355,16.5515
2018-03-12 07:30:00,16.553,16.5725,16.5505,16.562500000000004
2018-03-12 07:45:00,16.561,16.569,16.549,16.5515
2018-03-12 08:00:00,16.5505,16.562500000000004,16.542,16.5545
2018-03-12 08:15:00,16.552,16.552,16.5155,16.520000000000003
2018-03-12 08:30:00,16.519000000000002,16.522,16.506500000000003,16.517
2018-03-12 08:45:00,16.5165,16.529,16.512,16.5285
2018-03-12 09:00:00,16.526000000000003,16.526000000000003,16.495500000000003,16.496
2018-03-12 09:15:00,16.496499999999997,16.5045,16.4925,16.500500000000002
2018-03-12 09:30:00,16.498,16.500500000000002,16.479,16.485
2018-03-12 09:45:00,16.483999999999998,16.499,16.471999999999998,16.4735
2018-03-12 10:00:00,16.475,16.488500000000002,16.464000000000002,16.485
2018-03-12 10:15:00,16.486,16.494500000000002,16.478,16.494500000000002
2018-03-12 10:30:00,16.488,16.4925,16.468,16.4825
2018-03-12 10:45:00,16.482000000000003,16.487,16.471999999999998,16.476499999999998
2018-03-12 11:00:00,16.476,16.4835,16.4505,16.4825
2018-03-12 11:15:00,16.482000000000003,16.483999999999998,16.454,16.458499999999997
2018-03-12 11:30:00,16.4585,16.470000000000002,16.438,16.464000000000002
2018-03-12 11:45:00,16.463,16.4745,16.454,16.454
2018-03-12 12:00:00,16.4545,16.483999999999998,16.4545,16.477999999999998
2018-03-12 12:15:00,16.4785,16.488500000000002,16.454,16.456500000000002
2018-03-12 12:30:00,16.457500000000003,16.471999999999998,16.451999999999998,16.458499999999997
2018-03-12 12:45:00,16.457500000000003,16.4775,16.443,16.476499999999998
2018-03-12 13:00:00,16.475499999999997,16.485500000000002,16.467000000000002,16.4845
2018-03-12 13:15:00,16.482000000000003,16.512,16.482000000000003,16.483999999999998
2018-03-12 13:30:00,16.483,16.499000000000002,16.470000000000002,16.494999999999997
2018-03-12 13:45:00,16.4935,16.504,16.468,16.4725
2018-03-12 14:00:00,16.473,16.494999999999997,16.457500000000003,16.488
2018-03-12 14:15:00,16.488500000000002,16.4975,16.462,16.4655
2018-03-12 14:30:00,16.463499999999996,16.479499999999998,16.458000000000002,16.473
2018-03-12 14:45:00,16.4725,16.538999999999998,16.459000000000003,16.5385
2018-03-12 15:00:00,16.538999999999998,16.552,16.5095,16.5165
2018-03-12 15:15:00,16.516000000000002,16.5225,16.471999999999998,16.481
2018-03-12 15:30:00,16.4795,16.4875,16.4775,16.4775
2018-03-12 15:45:00,16.4785,16.500999999999998,16.475,16.488999999999997
2018-03-12 16:00:00,16.4895,16.5055,16.483999999999998,16.5025
2018-03-12 16:15:00,16.500999999999998,16.5035,16.470000000000002,16.4835
2018-03-12 16:30:00,16.486,16.497,16.474,16.49
2018-03-12 16:45:00,16.4895,16.505,16.48,16.4995
2018-03-12 17:00:00,16.494999999999997,16.514499999999998,16.488500000000002,16.512999999999998
2018-03-12 17:15:00,16.512500000000003,16.537499999999998,16.508,16.5275
2018-03-12 17:30:00,16.5285,16.5385,16.517500000000002,16.529
2018-03-12 17:45:00,16.527,16.5275,16.5105,16.517500000000002
2018-03-12 18:00:00,16.518,16.5285,16.518,16.528
2018-03-12 18:15:00,16.528000000000002,16.538999999999998,16.5205,16.5355
2018-03-12 18:30:00,16.536499999999997,16.556500000000003,16.536,16.552
2018-03-12 18:45:00,16.552,16.57,16.5505,16.56
2018-03-12 19:00:00,16.56,16.5655,16.555,16.5655
2018-03-12 19:15:00,16.566,16.566,16.549,16.555500000000002
2018-03-12 19:30:00,16.555,16.5575,16.540499999999998,16.546499999999998
2018-03-12 19:45:00,16.5455,16.554000000000002,16.54,16.554000000000002
2018-03-12 20:00:00,16.555999999999997,16.561999999999998,16.551,16.551
2018-03-12 20:15:00,16.552,16.552,16.541,16.541
2018-03-12 20:30:00,16.540499999999998,16.541,16.5335,16.5335
2018-03-12 20:45:00,16.5335,16.5365,16.5285,16.5355
2018-03-12 22:00:00,16.532,16.544999999999998,16.527,16.5345
2018-03-12 22:15:00,16.534,16.536499999999997,16.534,16.536
2018-03-12 22:30:00,16.534,16.5455,16.534,16.536
2018-03-12 22:45:00,16.531000000000002,16.5445,16.531000000000002,16.543000000000003
2018-03-12 23:00:00,16.543000000000003,16.559,16.536499999999997,16.553
2018-03-12 23:15:00,16.555,16.5705,16.555,16.559
2018-03-12 23:30:00,16.555,16.5685,16.555,16.565
2018-03-12 23:45:00,16.564,16.57,16.557,16.5605
2018-03-13 01:00:00,16.5645,16.57,16.555,16.569499999999998
2018-03-13 01:15:00,16.569,16.57,16.554000000000002,16.558999999999997
2018-03-13 01:30:00,16.555999999999997,16.560999999999996,16.5485,16.559
2018-03-13 01:45:00,16.560999999999996,16.5705,16.558,16.5585
2018-03-13 02:00:00,16.559,16.561,16.5515,16.553
2018-03-13 02:15:00,16.5535,16.555,16.543,16.544999999999998
2018-03-13 02:30:00,16.543,16.55,16.532000000000004,16.533
2018-03-13 02:45:00,16.5325,16.5325,16.524,16.527
2018-03-13 03:00:00,16.528,16.528,16.514,16.519000000000002
2018-03-13 03:15:00,16.520000000000003,16.53,16.519000000000002,16.5265
2018-03-13 03:30:00,16.526000000000003,16.531000000000002,16.520000000000003,16.525000000000002
2018-03-13 03:45:00,16.5225,16.526000000000003,16.515,16.525499999999997
2018-03-13 04:00:00,16.5225,16.525000000000002,16.5185,16.520000000000003
2018-03-13 04:15:00,16.520000000000003,16.520000000000003,16.506,16.511
2018-03-13 04:30:00,16.506500000000003,16.511,16.492,16.496
2018-03-13 04:45:00,16.494999999999997,16.494999999999997,16.4695,16.4725
2018-03-13 05:00:00,16.4725,16.4925,16.464499999999997,16.4915
2018-03-13 05:15:00,16.4925,16.500999999999998,16.492,16.497
2018-03-13 05:30:00,16.497,16.506999999999998,16.496499999999997,16.496499999999997
2018-03-13 05:45:00,16.495500000000003,16.506999999999998,16.4915,16.500500000000002
2018-03-13 06:00:00,16.499999999999996,16.512999999999998,16.495500000000003,16.506500000000003
2018-03-13 06:15:00,16.5085,16.5235,16.506999999999998,16.523
2018-03-13 06:30:00,16.5215,16.5215,16.4985,16.5035
2018-03-13 06:45:00,16.504,16.506500000000003,16.4845,16.4895
2018-03-13 07:00:00,16.489,16.5095,16.483999999999998,16.504
2018-03-13 07:15:00,16.502,16.505,16.494500000000002,16.499999999999996
2018-03-13 07:30:00,16.496,16.496,16.475,16.475
2018-03-13 07:45:00,16.475,16.492,16.474,16.483
2018-03-13 08:00:00,16.478,16.493,16.471,16.4895
2018-03-13 08:15:00,16.4915,16.500500000000002,16.486,16.495500000000003
2018-03-13 08:30:00,16.495500000000003,16.500500000000002,16.491,16.496
2018-03-13 08:45:00,16.496,16.500500000000002,16.492,16.492
2018-03-13 09:00:00,16.494500000000002,16.502,16.4845,16.4855
2018-03-13 09:15:00,16.486,16.491,16.475,16.483999999999998
2018-03-13 09:30:00,16.4825,16.499,16.479499999999998,16.494999999999997
2018-03-13 09:45:00,16.494999999999997,16.508499999999998,16.492,16.497
2018-03-13 10:00:00,16.498,16.514499999999998,16.494500000000002,16.508499999999998
2018-03-13 10:15:00,16.5125,16.512999999999998,16.5035,16.511
2018-03-13 10:30:00,16.511,16.523,16.506,16.5155
2018-03-13 10:45:00,16.518,16.541,16.5165,16.530499999999996
2018-03-13 11:00:00,16.53,16.53,16.514499999999998,16.5215
2018-03-13 11:15:00,16.5225,16.523,16.508,16.508
2018-03-13 11:30:00,16.509999999999998,16.514499999999998,16.505,16.512999999999998
2018-03-13 11:45:00,16.514,16.5325,16.503,16.509
2018-03-13 12:00:00,16.5115,16.515,16.498,16.506
2018-03-13 12:15:00,16.5035,16.518,16.4925,16.4925
2018-03-13 12:30:00,16.4955,16.671,16.459000000000003,16.628999999999998
2018-03-13 12:45:00,16.628999999999998,16.663,16.593000000000004,16.599
2018-03-13 13:00:00,16.601499999999998,16.639,16.583,16.624
2018-03-13 13:15:00,16.6255,16.634,16.573999999999998,16.5825
2018-03-13 13:30:00,16.5815,16.619500000000002,16.5815,16.610999999999997
2018-03-13 13:45:00,16.613500000000002,16.622,16.586000000000002,16.593000000000004
2018-03-13 14:00:00,16.596,16.622,16.5235,16.537499999999998
2018-03-13 14:15:00,16.534,16.549999999999997,16.487,16.5435
2018-03-13 14:30:00,16.544999999999998,16.567,16.536499999999997,16.564
2018-03-13 14:45:00,16.569,16.578500000000002,16.5525,16.562500000000004
2018-03-13 15:00:00,16.567999999999998,16.5855,16.548000000000002,16.553
2018-03-13 15:15:00,16.552,16.6085,16.5475,16.5995
2018-03-13 15:30:00,16.598499999999998,16.618,16.5815,16.587000000000003
2018-03-13 15:45:00,16.5855,16.609,16.5855,16.5955
2018-03-13 16:00:00,16.594,16.597,16.567500000000003,16.5775
2018-03-13 16:15:00,16.578500000000002,16.5885,16.566,16.572
2018-03-13 16:30:00,16.575,16.6065,16.5725,16.6065
2018-03-13 16:45:00,16.607,16.618,16.6015,16.616999999999997
2018-03-13 17:00:00,16.617500000000003,16.634,16.615000000000002,16.6205
2018-03-13 17:15:00,16.622999999999998,16.6295,16.6035,16.61
2018-03-13 17:30:00,16.6085,16.616,16.599,16.607
2018-03-13 17:45:00,16.605999999999998,16.615000000000002,16.601,16.61
2018-03-13 18:00:00,16.605999999999998,16.614,16.601499999999998,16.6055
2018-03-13 18:15:00,16.6055,16.6085,16.597499999999997,16.6035
2018-03-13 18:30:00,16.6065,16.622,16.603,16.617500000000003
2018-03-13 18:45:00,16.622,16.623500000000003,16.608,16.615000000000002
2018-03-13 19:00:00,16.614,16.619,16.589,16.589
2018-03-13 19:15:00,16.591,16.599,16.5885,16.5895
2018-03-13 19:30:00,16.590500000000002,16.5955,16.579,16.581000000000003
2018-03-13 19:45:00,16.5815,16.5845,16.565,16.570999999999998
2018-03-13 20:00:00,16.570999999999998,16.5775,16.566,16.573999999999998
2018-03-13 20:15:00,16.574499999999997,16.5835,16.573999999999998,16.582
2018-03-13 20:30:00,16.583000000000002,16.594,16.583000000000002,16.594
2018-03-13 20:45:00,16.5935,16.594,16.588,16.592499999999998
2018-03-13 22:00:00,16.592499999999998,16.6135,16.588,16.608
2018-03-13 22:15:00,16.608,16.6085,16.598000000000003,16.601499999999998
2018-03-13 22:30:00,16.601499999999998,16.602,16.597,16.601499999999998
2018-03-13 22:45:00,16.598000000000003,16.602,16.5835,16.591499999999996
2018-03-13 23:00:00,16.592000000000002,16.6005,16.586499999999997,16.59
2018-03-13 23:15:00,16.5905,16.599999999999998,16.589,16.59
2018-03-13 23:30:00,16.59,16.6005,16.59,16.594
2018-03-13 23:45:00,16.595,16.5995,16.593000000000004,16.596
2018-03-14 01:00:00,16.586000000000002,16.586000000000002,16.5705,16.5815
2018-03-14 01:15:00,16.581000000000003,16.591,16.5765,16.585
2018-03-14 01:30:00,16.586000000000002,16.615000000000002,16.580499999999997,16.6095
2018-03-14 01:45:00,16.61,16.622,16.599,16.6055
2018-03-14 02:00:00,16.6085,16.63,16.6085,16.621
2018-03-14 02:15:00,16.621,16.64,16.621,16.63
2018-03-14 02:30:00,16.634,16.639,16.628,16.638
2018-03-14 02:45:00,16.638,16.6465,16.634999999999998,16.6465
2018-03-14 03:00:00,16.6495,16.6495,16.622999999999998,16.629500000000004
2018-03-14 03:15:00,16.629500000000004,16.6355,16.624,16.634999999999998
2018-03-14 03:30:00,16.631,16.6325,16.624,16.628500000000003
2018-03-14 03:45:00,16.628500000000003,16.63,16.618500000000004,16.624
2018-03-14 04:00:00,16.624499999999998,16.63,16.618500000000004,16.619
2018-03-14 04:15:00,16.618,16.6265,16.618,16.624
2018-03-14 04:30:00,16.624,16.624,16.618,16.622999999999998
2018-03-14 04:45:00,16.621,16.622999999999998,16.619,16.619
2018-03-14 05:00:00,16.6195,16.6195,16.619,16.619
2018-03-14 05:15:00,16.621,16.6355,16.621,16.634
2018-03-14 05:30:00,16.634,16.657,16.634,16.651
2018-03-14 05:45:00,16.6565,16.659499999999998,16.635499999999997,16.636
2018-03-14 06:00:00,16.636,16.637,16.625,16.631
2018-03-14 06:15:00,16.631,16.631,16.595,16.5995
2018-03-14 06:30:00,16.601499999999998,16.61,16.5845,16.586000000000002
2018-03-14 06:45:00,16.586000000000002,16.6005,16.5855,16.6005
2018-03-14 07:00:00,16.601,16.607,16.591,16.597499999999997
2018-03-14 07:15:00,16.597499999999997,16.6125,16.596,16.6125
2018-03-14 07:30:00,16.612,16.616,16.596,16.5995
2018-03-14 07:45:00,16.599999999999998,16.605,16.585499999999996,16.586000000000002
2018-03-14 08:00:00,16.5845,16.6075,16.582,16.5855
2018-03-14 08:15:00,16.586499999999997,16.589000000000002,16.569,16.579500000000003
2018-03-14 08:30:00,16.579500000000003,16.6055,16.5605,16.595499999999998
2018-03-14 08:45:00,16.595,16.605999999999998,16.5835,16.6
2018-03-14 09:00:00,16.5995,16.6095,16.5885,16.605999999999998
2018-03-14 09:15:00,16.6055,16.61,16.595499999999998,16.601
2018-03-14 09:30:00,16.6005,16.6155,16.5705,16.570999999999998
2018-03-14 09:45:00,16.570999999999998,16.581000000000003,16.5705,16.577
2018-03-14 10:00:00,16.575499999999998,16.582,16.5655,16.580499999999997
2018-03-14 10:15:00,16.580499999999997,16.581000000000003,16.5725,16.575
2018-03-14 10:30:00,16.5745,16.579,16.5595,16.567999999999998
2018-03-14 10:45:00,16.567,16.585,16.564,16.585
2018-03-14 11:00:00,16.584,16.5855,16.5695,16.585
2018-03-14 11:15:00,16.584,16.605,16.580499999999997,16.584
2018-03-14 11:30:00,16.586000000000002,16.596,16.580499999999997,16.5955
2018-03-14 11:45:00,16.593000000000004,16.617,16.593000000000004,16.616
2018-03-14 12:00:00,16.616500000000002,16.6305,16.605,16.624499999999998
2018-03-14 12:15:00,16.622500000000002,16.631,16.577,16.5945
2018-03-14 12:30:00,16.6095,16.645500000000002,16.5945,16.605999999999998
2018-03-14 12:45:00,16.605999999999998,16.611,16.5405,16.552
2018-03-14 13:00:00,16.549,16.5895,16.5485,16.574499999999997
2018-03-14 13:15:00,16.575,16.575499999999998,16.551,16.5695
2018-03-14 13:30:00,16.566,16.5775,16.552500000000002,16.562500000000004
2018-03-14 13:45:00,16.557,16.577,16.5535,16.566
2018-03-14 14:00:00,16.5685,16.572,16.5575,16.561500000000002
2018-03-14 14:15:00,16.561500000000002,16.569,16.523500000000002,16.5655
2018-03-14 14:30:00,16.56,16.5895,16.5485,16.5815
2018-03-14 14:45:00,16.583,16.587000000000003,16.555999999999997,16.564
2018-03-14 15:00:00,16.5645,16.568500000000004,16.544,16.555500000000002
2018-03-14 15:15:00,16.555,16.558999999999997,16.5185,16.535
2018-03-14 15:30:00,16.535,16.559,16.5345,16.554000000000002
2018-03-14 15:45:00,16.5505,16.5545,16.531499999999998,16.546
2018-03-14 16:00:00,16.546,16.557,16.535,16.549999999999997
2018-03-14 16:15:00,16.553,16.5645,16.531000000000002,16.5345
2018-03-14 16:30:00,16.537499999999998,16.546,16.529500000000002,16.536
2018-03-14 16:45:00,16.537499999999998,16.537499999999998,16.527,16.528
2018-03-14 17:00:00,16.527,16.534,16.5185,16.528000000000002
2018-03-14 17:15:00,16.528,16.544999999999998,16.518500000000003,16.537000000000003
2018-03-14 17:30:00,16.536499999999997,16.543,16.5275,16.537499999999998
2018-03-14 17:45:00,16.5385,16.552,16.536,16.542
2018-03-14 18:00:00,16.542,16.551,16.5405,16.5415
2018-03-14 18:15:00,16.5415,16.549,16.5395,16.546
2018-03-14 18:30:00,16.547,16.5475,16.54,16.544999999999998
2018-03-14 18:45:00,16.543000000000003,16.549999999999997,16.5355,16.549
2018-03-14 19:00:00,16.5485,16.555,16.54,16.549999999999997
2018-03-14 19:15:00,16.549999999999997,16.565,16.5485,16.564
2018-03-14 19:30:00,16.5645,16.565,16.559,16.559
2018-03-14 19:45:00,16.559,16.559,16.554000000000002,16.559
2018-03-14 20:00:00,16.560999999999996,16.561999999999998,16.5545,16.556500000000003
2018-03-14 20:15:00,16.5525,16.556500000000003,16.549999999999997,16.5535
2018-03-14 20:30:00,16.5515,16.5515,16.5515,16.5515
2018-03-14 20:45:00,16.552,16.552,16.536,16.5455
2018-03-14 22:00:00,16.534499999999998,16.546,16.5295,16.542
2018-03-14 22:15:00,16.542,16.5425,16.522,16.536
2018-03-14 22:30:00,16.5355,16.536499999999997,16.531499999999998,16.536
2018-03-14 22:45:00,16.536,16.542,16.533,16.5385
2018-03-14 23:00:00,16.538999999999998,16.5415,16.538,16.5415
2018-03-14 23:15:00,16.538,16.5505,16.538,16.543000000000003
2018-03-14 23:30:00,16.5465,16.5485,16.537000000000003,16.547
2018-03-14 23:45:00,16.551,16.5665,16.541,16.565
2018-03-15 01:00:00,16.56,16.569,16.549999999999997,16.555
2018-03-15 01:15:00,16.5545,16.56,16.554000000000002,16.555
2018-03-15 01:30:00,16.555,16.575,16.555,16.567
2018-03-15 01:45:00,16.566,16.567,16.5545,16.555999999999997
2018-03-15 02:00:00,16.555999999999997,16.561999999999998,16.5505,16.553
2018-03-15 02:15:00,16.554000000000002,16.561500000000002,16.547,16.551
2018-03-15 02:30:00,16.549999999999997,16.561500000000002,16.5485,16.5575
2018-03-15 02:45:00,16.557,16.562500000000004,16.549500000000002,16.5575
2018-03-15 03:00:00,16.560999999999996,16.563,16.5515,16.561999999999998
2018-03-15 03:15:00,16.562500000000004,16.5715,16.561999999999998,16.567500000000003
2018-03-15 03:30:00,16.570999999999998,16.573999999999998,16.567999999999998,16.573
2018-03-15 03:45:00,16.572,16.573,16.567999999999998,16.569
2018-03-15 04:00:00,16.568500000000004,16.568500000000004,16.563,16.565
2018-03-15 04:15:00,16.5665,16.567,16.564,16.566
2018-03-15 04:30:00,16.566,16.566,16.5645,16.565
2018-03-15 04:45:00,16.5645,16.565,16.5645,16.565
2018-03-15 05:00:00,16.565,16.573999999999998,16.565,16.567999999999998
2018-03-15 05:15:00,16.569499999999998,16.5795,16.567999999999998,16.5725
2018-03-15 05:30:00,16.5725,16.5745,16.543000000000003,16.5505
2018-03-15 05:45:00,16.549999999999997,16.555,16.544999999999998,16.554000000000002
2018-03-15 06:00:00,16.554000000000002,16.559,16.544,16.5455
2018-03-15 06:15:00,16.5455,16.555,16.5445,16.5485
2018-03-15 06:30:00,16.5505,16.560000000000002,16.5485,16.558
2018-03-15 06:45:00,16.558,16.558,16.5445,16.544999999999998
2018-03-15 07:00:00,16.5455,16.5505,16.524,16.5385
2018-03-15 07:15:00,16.5385,16.544,16.5285,16.542
2018-03-15 07:30:00,16.537499999999998,16.549,16.5325,16.546499999999998
2018-03-15 07:45:00,16.547,16.549999999999997,16.538,16.5445
2018-03-15 08:00:00,16.543000000000003,16.549500000000002,16.524,16.524
2018-03-15 08:15:00,16.525000000000002,16.5265,16.494500000000002,16.4995
2018-03-15 08:30:00,16.4995,16.512,16.4905,16.506
2018-03-15 08:45:00,16.5055,16.512999999999998,16.5055,16.5075
2018-03-15 09:00:00,16.506500000000003,16.5195,16.4875,16.5155
2018-03-15 09:15:00,16.514,16.5195,16.4985,16.504
2018-03-15 09:30:00,16.505,16.509,16.4935,16.496
2018-03-15 09:45:00,16.494500000000002,16.5095,16.486,16.508499999999998
2018-03-15 10:00:00,16.506500000000003,16.519000000000002,16.504,16.514
2018-03-15 10:15:00,16.516000000000002,16.518,16.509,16.513499999999997
2018-03-15 10:30:00,16.5105,16.514499999999998,16.5015,16.514499999999998
2018-03-15 10:45:00,16.513499999999997,16.513499999999997,16.4935,16.4985
2018-03-15 11:00:00,16.4985,16.516000000000002,16.488500000000002,16.508499999999998
2018-03-15 11:15:00,16.5075,16.514499999999998,16.4845,16.494
2018-03-15 11:30:00,16.494500000000002,16.504,16.4855,16.4985
2018-03-15 11:45:00,16.499,16.509999999999998,16.486,16.499
2018-03-15 12:00:00,16.499999999999996,16.529,16.499999999999996,16.5125
2018-03-15 12:15:00,16.512999999999998,16.518500000000003,16.473,16.4805
2018-03-15 12:30:00,16.479499999999998,16.488,16.461,16.473
2018-03-15 12:45:00,16.4735,16.475499999999997,16.448,16.453
2018-03-15 13:00:00,16.4575,16.4635,16.425,16.455000000000002
2018-03-15 13:15:00,16.4555,16.475,16.4535,16.470499999999998
2018-03-15 13:30:00,16.468,16.4735,16.4225,16.425
2018-03-15 13:45:00,16.424,16.444,16.418499999999998,16.4415
2018-03-15 14:00:00,16.443,16.451999999999998,16.406000000000002,16.4135
2018-03-15 14:15:00,16.4105,16.4165,16.378500000000003,16.416
2018-03-15 14:30:00,16.414,16.433500000000002,16.393,16.41
2018-03-15 14:45:00,16.4105,16.424,16.3885,16.416
2018-03-15 15:00:00,16.418499999999998,16.4485,16.4135,16.443
2018-03-15 15:15:00,16.445,16.454,16.427999999999997,16.431
2018-03-15 15:30:00,16.4305,16.433500000000002,16.4135,16.4135
2018-03-15 15:45:00,16.412,16.418,16.394000000000002,16.408499999999997
2018-03-15 16:00:00,16.408,16.424,16.400000000000002,16.404000000000003
2018-03-15 16:15:00,16.410999999999998,16.442,16.4045,16.429
2018-03-15 16:30:00,16.429,16.4295,16.399,16.4005
2018-03-15 16:45:00,16.4,16.4165,16.3905,16.414
2018-03-15 17:00:00,16.4165,16.424,16.409000000000002,16.416999999999998
2018-03-15 17:15:00,16.418,16.438999999999997,16.414499999999997,16.430500000000002
2018-03-15 17:30:00,16.43,16.439,16.424,16.43
2018-03-15 17:45:00,16.4285,16.453,16.4285,16.4495
2018-03-15 18:00:00,16.45,16.45,16.424,16.4245
2018-03-15 18:15:00,16.427500000000002,16.433,16.424,16.425
2018-03-15 18:30:00,16.4255,16.4255,16.3945,16.3965
2018-03-15 18:45:00,16.3985,16.400000000000002,16.383,16.3855
2018-03-15 19:00:00,16.384,16.401,16.38,16.3985
2018-03-15 19:15:00,16.397000000000002,16.4015,16.391,16.391499999999997
2018-03-15 19:30:00,16.391,16.399,16.387,16.395
2018-03-15 19:45:00,16.395,16.3965,16.3885,16.389
2018-03-15 20:00:00,16.389,16.402,16.387999999999998,16.395
2018-03-15 20:15:00,16.394000000000002,16.399,16.39,16.394000000000002
2018-03-15 20:30:00,16.3955,16.400000000000002,16.39,16.395
2018-03-15 20:45:00,16.3995,16.4005,16.3945,16.396
2018-03-15 22:00:00,16.396,16.412499999999998,16.391,16.401500000000002
2018-03-15 22:15:00,16.401,16.4115,16.3995,16.4115
2018-03-15 22:30:00,16.4125,16.42,16.402,16.402
2018-03-15 22:45:00,16.401,16.406,16.397000000000002,16.403499999999998
2018-03-15 23:00:00,16.403499999999998,16.403499999999998,16.3925,16.3985
2018-03-15 23:15:00,16.398000000000003,16.410000000000004,16.3935,16.405
2018-03-15 23:30:00,16.407,16.408,16.3935,16.3945
2018-03-15 23:45:00,16.398000000000003,16.403000000000002,16.393,16.402499999999996
2018-03-16 01:00:00,16.4005,16.4205,16.4,16.409000000000002
2018-03-16 01:15:00,16.409499999999998,16.409499999999998,16.361,16.378999999999998
2018-03-16 01:30:00,16.376,16.391,16.3715,16.3795
2018-03-16 01:45:00,16.381,16.404000000000003,16.378500000000003,16.403000000000002
2018-03-16 02:00:00,16.403499999999998,16.413,16.396,16.413
2018-03-16 02:15:00,16.409499999999998,16.427,16.407500000000002,16.4215
2018-03-16 02:30:00,16.425,16.425,16.405,16.405
2018-03-16 02:45:00,16.41,16.416,16.405,16.410000000000004
2018-03-16 03:00:00,16.408,16.4115,16.4025,16.411
2018-03-16 03:15:00,16.4115,16.416,16.411,16.416
2018-03-16 03:30:00,16.415499999999998,16.426000000000002,16.415499999999998,16.4175
2018-03-16 03:45:00,16.418,16.424,16.416,16.419
2018-03-16 04:00:00,16.4165,16.421999999999997,16.4115,16.421999999999997
2018-03-16 04:15:00,16.421000000000003,16.427,16.416,16.425
2018-03-16 04:30:00,16.427,16.4305,16.421000000000003,16.4285
2018-03-16 04:45:00,16.4255,16.4325,16.416,16.423
2018-03-16 05:00:00,16.421999999999997,16.427500000000002,16.416,16.4205
2018-03-16 05:15:00,16.423,16.4315,16.42,16.427999999999997
2018-03-16 05:30:00,16.427,16.4495,16.421000000000003,16.442
2018-03-16 05:45:00,16.436,16.4435,16.436,16.438999999999997
2018-03-16 06:00:00,16.439999999999998,16.4525,16.436,16.439999999999998
2018-03-16 06:15:00,16.439999999999998,16.447499999999998,16.435,16.443
2018-03-16 06:30:00,16.4435,16.454,16.4435,16.4465
2018-03-16 06:45:00,16.448,16.448,16.4325,16.437
2018-03-16 07:00:00,16.436500000000002,16.456500000000002,16.435,16.4485
2018-03-16 07:15:00,16.447499999999998,16.454,16.439500000000002,16.4435
2018-03-16 07:30:00,16.4425,16.455000000000002,16.4385,16.4435
2018-03-16 07:45:00,16.443,16.448999999999998,16.433500000000002,16.442
2018-03-16 08:00:00,16.4425,16.457,16.439,16.455000000000002
2018-03-16 08:15:00,16.4575,16.4625,16.445,16.456
2018-03-16 08:30:00,16.457,16.4655,16.441,16.455000000000002
2018-03-16 08:45:00,16.457,16.461000000000002,16.451999999999998,16.456
2018-03-16 09:00:00,16.451999999999998,16.4835,16.451,16.477
2018-03-16 09:15:00,16.479,16.4935,16.4725,16.4905
2018-03-16 09:30:00,16.4905,16.4925,16.4815,16.485500000000002
2018-03-16 09:45:00,16.486,16.487000000000002,16.475499999999997,16.475499999999997
2018-03-16 10:00:00,16.475499999999997,16.485,16.464499999999997,16.4655
2018-03-16 10:15:00,16.4655,16.476000000000003,16.4635,16.473
2018-03-16 10:30:00,16.474,16.488500000000002,16.462500000000002,16.4805
2018-03-16 10:45:00,16.481,16.488,16.4695,16.474
2018-03-16 11:00:00,16.4735,16.5025,16.4735,16.487000000000002
2018-03-16 11:15:00,16.486,16.494,16.4715,16.4875
2018-03-16 11:30:00,16.4865,16.497,16.481,16.486
2018-03-16 11:45:00,16.4875,16.49,16.4715,16.473
2018-03-16 12:00:00,16.471999999999998,16.4775,16.455000000000002,16.471000000000004
2018-03-16 12:15:00,16.4665,16.472,16.448,16.465
2018-03-16 12:30:00,16.4665,16.475499999999997,16.447499999999998,16.451
2018-03-16 12:45:00,16.45,16.4505,16.425,16.4315
2018-03-16 13:00:00,16.427,16.453,16.4135,16.416999999999998
2018-03-16 13:15:00,16.4135,16.4255,16.398000000000003,16.408
2018-03-16 13:30:00,16.411,16.419,16.372500000000002,16.379500000000004
2018-03-16 13:45:00,16.383,16.396,16.3575,16.369
2018-03-16 14:00:00,16.366999999999997,16.366999999999997,16.280499999999996,16.286
2018-03-16 14:15:00,16.286499999999997,16.316999999999997,16.267500000000002,16.308
2018-03-16 14:30:00,16.3095,16.310000000000002,16.262,16.269499999999997
2018-03-16 14:45:00,16.268500000000003,16.2915,16.223,16.233999999999998
2018-03-16 15:00:00,16.23,16.2415,16.2175,16.235
2018-03-16 15:15:00,16.237000000000002,16.250999999999998,16.226499999999998,16.232000000000003
2018-03-16 15:30:00,16.232000000000003,16.258,16.232000000000003,16.253
2018-03-16 15:45:00,16.256999999999998,16.275000000000002,16.2525,16.271
2018-03-16 16:00:00,16.2745,16.291,16.269,16.286
2018-03-16 16:15:00,16.29,16.296,16.2745,16.2845
2018-03-16 16:30:00,16.285,16.305,16.279,16.2955
2018-03-16 16:45:00,16.293499999999998,16.308,16.293499999999998,16.3015
2018-03-16 17:00:00,16.302,16.3065,16.283,16.292
2018-03-16 17:15:00,16.288,16.296,16.273,16.279
2018-03-16 17:30:00,16.284,16.329,16.2835,16.321
2018-03-16 17:45:00,16.323,16.33,16.313,16.326999999999998
2018-03-16 18:00:00,16.326,16.33,16.308,16.317999999999998
2018-03-16 18:15:00,16.3185,16.321,16.313,16.313
2018-03-16 18:30:00,16.313,16.317999999999998,16.3075,16.3155
2018-03-16 18:45:00,16.315,16.3155,16.297,16.302
2018-03-16 19:00:00,16.297,16.311999999999998,16.297,16.309
2018-03-16 19:15:00,16.3065,16.3445,16.3065,16.335
2018-03-16 19:30:00,16.3345,16.335,16.314,16.316
2018-03-16 19:45:00,16.316999999999997,16.337000000000003,16.314,16.333000000000002
2018-03-16 20:00:00,16.33,16.3315,16.3225,16.328
2018-03-16 20:15:00,16.33,16.336499999999997,16.326999999999998,16.332
2018-03-16 20:30:00,16.333000000000002,16.333000000000002,16.326,16.329500000000003
2018-03-16 20:45:00,16.3305,16.341,16.325,16.34
2018-03-18 22:00:00,16.3265,16.3415,16.3265,16.3275
2018-03-18 22:15:00,16.328500000000002,16.330499999999997,16.3215,16.330499999999997
2018-03-18 22:30:00,16.3275,16.330499999999997,16.323500000000003,16.323500000000003
2018-03-18 22:45:00,16.322,16.323500000000003,16.307,16.3105
2018-03-18 23:00:00,16.311500000000002,16.3205,16.3105,16.316999999999997
2018-03-18 23:15:00,16.32,16.32,16.304000000000002,16.307
2018-03-18 23:30:00,16.305999999999997,16.305999999999997,16.286,16.299000000000003
2018-03-18 23:45:00,16.299999999999997,16.316999999999997,16.2975,16.3155
2018-03-19 01:00:00,16.299999999999997,16.299999999999997,16.2585,16.2655
2018-03-19 01:15:00,16.267500000000002,16.2855,16.2595,16.2655
2018-03-19 01:30:00,16.267,16.284,16.2545,16.2745
2018-03-19 01:45:00,16.274499999999996,16.2915,16.274,16.286
2018-03-19 02:00:00,16.283,16.2915,16.2825,16.291
2018-03-19 02:15:00,16.291,16.302500000000002,16.291,16.297
2018-03-19 02:30:00,16.294999999999998,16.301,16.29,16.29
2018-03-19 02:45:00,16.29,16.291,16.280499999999996,16.285
2018-03-19 03:00:00,16.282,16.283,16.274,16.281000000000002
2018-03-19 03:15:00,16.28,16.291,16.279500000000002,16.286
2018-03-19 03:30:00,16.288000000000004,16.293000000000003,16.280499999999996,16.283
2018-03-19 03:45:00,16.281000000000002,16.287000000000003,16.28,16.287000000000003
2018-03-19 04:00:00,16.287000000000003,16.296499999999998,16.287000000000003,16.290499999999998
2018-03-19 04:15:00,16.291,16.2945,16.284,16.284
2018-03-19 04:30:00,16.2845,16.2895,16.274499999999996,16.274499999999996
2018-03-19 04:45:00,16.2745,16.279,16.269,16.275000000000002
2018-03-19 05:00:00,16.275499999999997,16.29,16.2745,16.2745
2018-03-19 05:15:00,16.275499999999997,16.2765,16.271,16.2735
2018-03-19 05:30:00,16.2715,16.2745,16.243000000000002,16.2555
2018-03-19 05:45:00,16.2555,16.2605,16.2455,16.259999999999998
2018-03-19 06:00:00,16.2605,16.262,16.246,16.246
2018-03-19 06:15:00,16.2455,16.253,16.24,16.246
2018-03-19 06:30:00,16.247,16.264,16.2465,16.259
2018-03-19 06:45:00,16.2575,16.272000000000002,16.2575,16.2665
2018-03-19 07:00:00,16.26,16.2715,16.2555,16.271
2018-03-19 07:15:00,16.2705,16.2745,16.255999999999997,16.2615
2018-03-19 07:30:00,16.264499999999998,16.2705,16.253,16.266
2018-03-19 07:45:00,16.262999999999998,16.268,16.244,16.244
2018-03-19 08:00:00,16.2495,16.2495,16.229499999999998,16.233999999999998
2018-03-19 08:15:00,16.229499999999998,16.238999999999997,16.2285,16.238
2018-03-19 08:30:00,16.2345,16.241,16.2305,16.231
2018-03-19 08:45:00,16.2355,16.259999999999998,16.2305,16.259999999999998
2018-03-19 09:00:00,16.2555,16.275000000000002,16.243000000000002,16.266
2018-03-19 09:15:00,16.266,16.273,16.248,16.268
2018-03-19 09:30:00,16.266,16.279,16.262999999999998,16.265
2018-03-19 09:45:00,16.264,16.275000000000002,16.2595,16.271
2018-03-19 10:00:00,16.275000000000002,16.307,16.272000000000002,16.305
2018-03-19 10:15:00,16.305999999999997,16.3095,16.29,16.29
2018-03-19 10:30:00,16.291,16.3105,16.29,16.307
2018-03-19 10:45:00,16.305,16.3095,16.284,16.284
2018-03-19 11:00:00,16.284,16.292,16.279,16.288
2018-03-19 11:15:00,16.288999999999998,16.292,16.255,16.265
2018-03-19 11:30:00,16.261,16.2665,16.249,16.249999999999996
2018-03-19 11:45:00,16.249999999999996,16.261,16.238999999999997,16.259
2018-03-19 12:00:00,16.256500000000003,16.307,16.255999999999997,16.305500000000002
2018-03-19 12:15:00,16.3065,16.317999999999998,16.268,16.2765
2018-03-19 12:30:00,16.276000000000003,16.276000000000003,16.249,16.2495
2018-03-19 12:45:00,16.247,16.267,16.244,16.255999999999997
2018-03-19 13:00:00,16.256999999999998,16.268,16.23,16.242
2018-03-19 13:15:00,16.246,16.315,16.244,16.31
2018-03-19 13:30:00,16.311,16.323,16.294,16.296
2018-03-19 13:45:00,16.293000000000003,16.335,16.285,16.299
2018-03-19 14:00:00,16.299500000000002,16.323999999999998,16.284,16.288999999999998
2018-03-19 14:15:00,16.2895,16.31,16.264,16.284
2018-03-19 14:30:00,16.2835,16.286,16.269499999999997,16.274499999999996
2018-03-19 14:45:00,16.2775,16.2845,16.249999999999996,16.279
2018-03-19 15:00:00,16.28,16.28,16.254,16.267500000000002
2018-03-19 15:15:00,16.267,16.297,16.262,16.282000000000004
2018-03-19 15:30:00,16.278,16.3375,16.262500000000003,16.3325
2018-03-19 15:45:00,16.333000000000002,16.345,16.317999999999998,16.323999999999998
2018-03-19 16:00:00,16.323999999999998,16.360999999999997,16.323,16.3405
2018-03-19 16:15:00,16.339,16.352,16.3165,16.325499999999998
2018-03-19 16:30:00,16.328,16.343000000000004,16.316,16.33
2018-03-19 16:45:00,16.330499999999997,16.332,16.3105,16.324499999999997
2018-03-19 17:00:00,16.325,16.3415,16.313,16.319
2018-03-19 17:15:00,16.319499999999998,16.345,16.319499999999998,16.323500000000003
2018-03-19 17:30:00,16.323999999999998,16.337000000000003,16.3145,16.334
2018-03-19 17:45:00,16.3375,16.345,16.3335,16.335
2018-03-19 18:00:00,16.335,16.342000000000002,16.323999999999998,16.3295
2018-03-19 18:15:00,16.332,16.349,16.329,16.344
2018-03-19 18:30:00,16.3455,16.353,16.343000000000004,16.353
2018-03-19 18:45:00,16.353,16.360000000000003,16.3495,16.360000000000003
2018-03-19 19:00:00,16.358,16.362,16.344,16.346
2018-03-19 19:15:00,16.345,16.351,16.323999999999998,16.325
2018-03-19 19:30:00,16.323999999999998,16.332,16.322,16.329500000000003
2018-03-19 19:45:00,16.33,16.33,16.323999999999998,16.323999999999998
2018-03-19 20:00:00,16.325,16.33,16.319,16.3205
2018-03-19 20:15:00,16.321,16.326,16.321,16.326
2018-03-19 20:30:00,16.3265,16.3265,16.326,16.326
2018-03-19 20:45:00,16.326,16.3265,16.3155,16.316999999999997
2018-03-19 22:00:00,16.317999999999998,16.3375,16.317,16.326
2018-03-19 22:15:00,16.325499999999998,16.3265,16.3205,16.3205
2018-03-19 22:30:00,16.3205,16.3275,16.32,16.322
2018-03-19 22:45:00,16.323999999999998,16.328500000000002,16.323500000000003,16.328500000000002
2018-03-19 23:00:00,16.328500000000002,16.336499999999997,16.3275,16.335
2018-03-19 23:15:00,16.334,16.3435,16.334,16.338
2018-03-19 23:30:00,16.336000000000002,16.3445,16.335,16.341
2018-03-19 23:45:00,16.34,16.341,16.3275,16.330499999999997
2018-03-20 01:00:00,16.315,16.323999999999998,16.31,16.311500000000002
2018-03-20 01:15:00,16.3105,16.325,16.3065,16.317500000000003
2018-03-20 01:30:00,16.317500000000003,16.3335,16.3155,16.3275
2018-03-20 01:45:00,16.3275,16.3335,16.305999999999997,16.317
2018-03-20 02:00:00,16.318500000000004,16.3335,16.3165,16.326999999999998
2018-03-20 02:15:00,16.328500000000002,16.340500000000002,16.3265,16.3385
2018-03-20 02:30:00,16.337,16.345000000000002,16.33,16.333
2018-03-20 02:45:00,16.335499999999996,16.342000000000002,16.332,16.3325
2018-03-20 03:00:00,16.334,16.334500000000002,16.326,16.3265
2018-03-20 03:15:00,16.326999999999998,16.334,16.320999999999998,16.326999999999998
2018-03-20 03:30:00,16.328,16.328,16.3215,16.322
2018-03-20 03:45:00,16.320999999999998,16.3245,16.3205,16.324499999999997
2018-03-20 04:00:00,16.322,16.3305,16.317500000000003,16.319
2018-03-20 04:15:00,16.3215,16.325,16.317,16.32
2018-03-20 04:30:00,16.317500000000003,16.326,16.305500000000002,16.3075
2018-03-20 04:45:00,16.313,16.317,16.3035,16.306
2018-03-20 05:00:00,16.308,16.3105,16.294,16.2985
2018-03-20 05:15:00,16.296499999999998,16.3015,16.292,16.298000000000002
2018-03-20 05:30:00,16.299999999999997,16.3215,16.298000000000002,16.317500000000003
2018-03-20 05:45:00,16.319499999999998,16.319499999999998,16.3065,16.3125
2018-03-20 06:00:00,16.316,16.33,16.308,16.3275
2018-03-20 06:15:00,16.328,16.337,16.322,16.329
2018-03-20 06:30:00,16.3295,16.351499999999998,16.326999999999998,16.344
2018-03-20 06:45:00,16.346500000000002,16.351,16.3275,16.336000000000002
2018-03-20 07:00:00,16.334,16.336499999999997,16.31,16.3265
2018-03-20 07:15:00,16.328500000000002,16.3355,16.3045,16.307
2018-03-20 07:30:00,16.305500000000002,16.32,16.2985,16.3165
2018-03-20 07:45:00,16.3235,16.328500000000002,16.3125,16.3215
2018-03-20 08:00:00,16.317500000000003,16.3195,16.301,16.302500000000002
2018-03-20 08:15:00,16.305500000000002,16.3245,16.303,16.303
2018-03-20 08:30:00,16.303,16.32,16.302,16.311999999999998
2018-03-20 08:45:00,16.3125,16.330499999999997,16.307,16.33
2018-03-20 09:00:00,16.33,16.347,16.317999999999998,16.3385
2018-03-20 09:15:00,16.336499999999997,16.3395,16.323500000000003,16.323500000000003
2018-03-20 09:30:00,16.3235,16.3235,16.304000000000002,16.309
2018-03-20 09:45:00,16.3105,16.3105,16.278,16.2885
2018-03-20 10:00:00,16.286499999999997,16.293000000000003,16.264,16.274499999999996
2018-03-20 10:15:00,16.274499999999996,16.292499999999997,16.27,16.271
2018-03-20 10:30:00,16.274,16.282,16.2705,16.275000000000002
2018-03-20 10:45:00,16.275000000000002,16.2975,16.2705,16.2955
2018-03-20 11:00:00,16.294999999999998,16.299500000000002,16.285,16.287499999999998
2018-03-20 11:15:00,16.286499999999997,16.2945,16.281499999999998,16.2895
2018-03-20 11:30:00,16.2905,16.294,16.2685,16.274499999999996
2018-03-20 11:45:00,16.274,16.282,16.262500000000003,16.2665
2018-03-20 12:00:00,16.2655,16.2705,16.250500000000002,16.2595
2018-03-20 12:15:00,16.2595,16.269,16.237000000000002,16.2525
2018-03-20 12:30:00,16.249999999999996,16.265,16.2215,16.255
2018-03-20 12:45:00,16.250999999999998,16.282000000000004,16.2485,16.279
2018-03-20 13:00:00,16.281000000000002,16.285,16.2275,16.24
2018-03-20 13:15:00,16.241500000000002,16.2725,16.231499999999997,16.2685
2018-03-20 13:30:00,16.2665,16.2665,16.2355,16.2585
2018-03-20 13:45:00,16.256500000000003,16.262,16.172,16.201999999999998
2018-03-20 14:00:00,16.2015,16.2035,16.181,16.183999999999997
2018-03-20 14:15:00,16.182,16.1945,16.125500000000002,16.1425
2018-03-20 14:30:00,16.137,16.165499999999998,16.1355,16.1575
2018-03-20 14:45:00,16.1555,16.175,16.144,16.154000000000003
2018-03-20 15:00:00,16.1545,16.205,16.151,16.166999999999998
2018-03-20 15:15:00,16.1695,16.2015,16.161,16.191
2018-03-20 15:30:00,16.1885,16.197,16.169,16.173
2018-03-20 15:45:00,16.172,16.1845,16.1605,16.1695
2018-03-20 16:00:00,16.168499999999998,16.203,16.168499999999998,16.1925
2018-03-20 16:15:00,16.195999999999998,16.2045,16.171000000000003,16.174
2018-03-20 16:30:00,16.175,16.194,16.1745,16.1815
2018-03-20 16:45:00,16.183999999999997,16.1855,16.169,16.177500000000002
2018-03-20 17:00:00,16.177500000000002,16.192999999999998,16.173000000000002,16.186
2018-03-20 17:15:00,16.188,16.212,16.188,16.201999999999998
2018-03-20 17:30:00,16.203,16.208499999999997,16.1935,16.197499999999998
2018-03-20 17:45:00,16.197499999999998,16.206500000000002,16.193,16.206500000000002
2018-03-20 18:00:00,16.206,16.2115,16.201,16.2075
2018-03-20 18:15:00,16.208,16.216,16.2075,16.208
2018-03-20 18:30:00,16.213,16.213,16.192999999999998,16.198
2018-03-20 18:45:00,16.198,16.208,16.1965,16.207500000000003
2018-03-20 19:00:00,16.206500000000002,16.21,16.1985,16.1985
2018-03-20 19:15:00,16.1985,16.1985,16.183500000000002,16.191
2018-03-20 19:30:00,16.194999999999997,16.209,16.1945,16.208
2018-03-20 19:45:00,16.206500000000002,16.2105,16.203,16.204
2018-03-20 20:00:00,16.204,16.204,16.198,16.198
2018-03-20 20:15:00,16.1985,16.201,16.193,16.194
2018-03-20 20:30:00,16.194,16.2,16.194,16.1995
2018-03-20 20:45:00,16.2,16.207,16.1935,16.198
2018-03-20 22:00:00,16.18,16.2045,16.18,16.1985
2018-03-20 22:15:00,16.1995,16.206,16.195999999999998,16.2045
2018-03-20 22:30:00,16.2055,16.21,16.204,16.209
2018-03-20 22:45:00,16.209,16.209,16.2025,16.2055
2018-03-20 23:00:00,16.2045,16.2115,16.1995,16.207500000000003
2018-03-20 23:15:00,16.207,16.212500000000002,16.2035,16.208499999999997
2018-03-20 23:30:00,16.208,16.2085,16.1885,16.189999999999998
2018-03-20 23:45:00,16.194,16.197,16.189999999999998,16.191
2018-03-21 01:00:00,16.218,16.2305,16.21,16.222
2018-03-21 01:15:00,16.219499999999996,16.241,16.219499999999996,16.226499999999998
2018-03-21 01:30:00,16.2245,16.232000000000003,16.220000000000002,16.232000000000003
2018-03-21 01:45:00,16.231,16.258,16.231,16.258
2018-03-21 02:00:00,16.2575,16.267,16.249999999999996,16.2605
2018-03-21 02:15:00,16.2605,16.269,16.256999999999998,16.262500000000003
2018-03-21 02:30:00,16.256999999999998,16.262999999999998,16.2495,16.249999999999996
2018-03-21 02:45:00,16.250500000000002,16.256999999999998,16.2465,16.252499999999998
2018-03-21 03:00:00,16.2535,16.2615,16.250999999999998,16.255999999999997
2018-03-21 03:15:00,16.256500000000003,16.268,16.256500000000003,16.262999999999998
2018-03-21 03:30:00,16.264,16.268,16.262999999999998,16.266
2018-03-21 03:45:00,16.2655,16.269,16.262999999999998,16.265
2018-03-21 04:00:00,16.265,16.27,16.254,16.254
2018-03-21 04:15:00,16.2545,16.256500000000003,16.254,16.255
2018-03-21 04:30:00,16.2545,16.255999999999997,16.2485,16.255
2018-03-21 04:45:00,16.2535,16.26,16.2535,16.255999999999997
2018-03-21 05:00:00,16.2555,16.259,16.250999999999998,16.259
2018-03-21 05:15:00,16.26,16.264499999999998,16.2555,16.2555
2018-03-21 05:30:00,16.2555,16.2575,16.250999999999998,16.252
2018-03-21 05:45:00,16.252499999999998,16.252499999999998,16.231499999999997,16.241
2018-03-21 06:00:00,16.2395,16.247,16.232499999999998,16.232499999999998
2018-03-21 06:15:00,16.2345,16.2545,16.232,16.2485
2018-03-21 06:30:00,16.248,16.2585,16.248,16.2525
2018-03-21 06:45:00,16.2515,16.277,16.248,16.267
2018-03-21 07:00:00,16.265,16.287000000000003,16.2605,16.279
2018-03-21 07:15:00,16.277,16.283,16.271,16.283
2018-03-21 07:30:00,16.287000000000003,16.288,16.271,16.286499999999997
2018-03-21 07:45:00,16.2825,16.297,16.275000000000002,16.2895
2018-03-21 08:00:00,16.29,16.305,16.29,16.303
2018-03-21 08:15:00,16.3035,16.308500000000002,16.296499999999998,16.307
2018-03-21 08:30:00,16.307,16.316,16.304,16.309
2018-03-21 08:45:00,16.3085,16.3135,16.297,16.2975
2018-03-21 09:00:00,16.299,16.308500000000002,16.2895,16.293000000000003
2018-03-21 09:15:00,16.293499999999998,16.304000000000002,16.292499999999997,16.294
2018-03-21 09:30:00,16.293000000000003,16.303,16.286499999999997,16.29
2018-03-21 09:45:00,16.2905,16.2955,16.285500000000003,16.2885
2018-03-21 10:00:00,16.287499999999998,16.3005,16.287499999999998,16.3005
2018-03-21 10:15:00,16.294999999999998,16.3,16.2895,16.2945
2018-03-21 10:30:00,16.2985,16.3005,16.269499999999997,16.2745
2018-03-21 10:45:00,16.2735,16.28,16.268500000000003,16.269499999999997
2018-03-21 11:00:00,16.269499999999997,16.28,16.268500000000003,16.273
2018-03-21 11:15:00,16.2725,16.2725,16.256999999999998,16.256999999999998
2018-03-21 11:30:00,16.256999999999998,16.281499999999998,16.2405,16.276000000000003
2018-03-21 11:45:00,16.274499999999996,16.279500000000002,16.243000000000002,16.2435
2018-03-21 12:00:00,16.2435,16.2535,16.23,16.2365
2018-03-21 12:15:00,16.2375,16.252499999999998,16.233,16.235
2018-03-21 12:30:00,16.236,16.249,16.213,16.233
2018-03-21 12:45:00,16.232499999999998,16.278,16.2245,16.2725
2018-03-21 13:00:00,16.273,16.307,16.272000000000002,16.277
2018-03-21 13:15:00,16.28,16.504,16.28,16.455000000000002
2018-03-21 13:30:00,16.455000000000002,16.476000000000003,16.431,16.45
2018-03-21 13:45:00,16.451,16.48,16.401,16.4075
2018-03-21 14:00:00,16.408,16.4175,16.391,16.414499999999997
2018-03-21 14:15:00,16.414,16.415000000000003,16.363,16.394000000000002
2018-03-21 14:30:00,16.395500000000002,16.439,16.393,16.4295
2018-03-21 14:45:00,16.433,16.445,16.424,16.4435
2018-03-21 15:00:00,16.4445,16.448999999999998,16.402,16.425
2018-03-21 15:15:00,16.4255,16.489,16.4255,16.481
2018-03-21 15:30:00,16.485,16.525499999999997,16.473,16.4995
2018-03-21 15:45:00,16.500500000000002,16.5055,16.4665,16.4715
2018-03-21 16:00:00,16.4715,16.4775,16.437,16.4595
2018-03-21 16:15:00,16.452499999999997,16.4735,16.4265,16.4295
2018-03-21 16:30:00,16.427,16.459000000000003,16.412499999999998,16.4585
2018-03-21 16:45:00,16.457,16.46,16.439,16.451999999999998
2018-03-21 17:00:00,16.451500000000003,16.462,16.4225,16.427
2018-03-21 17:15:00,16.427500000000002,16.438999999999997,16.401,16.4195
2018-03-21 17:30:00,16.418,16.445,16.414,16.439999999999998
2018-03-21 17:45:00,16.439500000000002,16.459000000000003,16.427999999999997,16.459000000000003
2018-03-21 18:00:00,16.4615,16.537499999999998,16.386,16.515
2018-03-21 18:15:00,16.515,16.5535,16.477999999999998,16.493000000000002
2018-03-21 18:30:00,16.493000000000002,16.516000000000002,16.438999999999997,16.516000000000002
2018-03-21 18:45:00,16.514,16.605,16.512999999999998,16.582
2018-03-21 19:00:00,16.581000000000003,16.625,16.567999999999998,16.621
2018-03-21 19:15:00,16.621,16.628500000000003,16.5885,16.613
2018-03-21 19:30:00,16.618,16.6525,16.616999999999997,16.636
2018-03-21 19:45:00,16.640500000000003,16.6435,16.6065,16.609
2018-03-21 20:00:00,16.615000000000002,16.615000000000002,16.567,16.582
2018-03-21 20:15:00,16.5845,16.588,16.566,16.572
2018-03-21 20:30:00,16.57,16.588,16.5645,16.5825
2018-03-21 20:45:00,16.5785,16.5875,16.5645,16.570999999999998
2018-03-21 22:00:00,16.570999999999998,16.578500000000002,16.565,16.5665
2018-03-21 22:15:00,16.567500000000003,16.5685,16.561999999999998,16.5635
2018-03-21 22:30:00,16.564,16.569499999999998,16.5575,16.5585
2018-03-21 22:45:00,16.558,16.5655,16.5455,16.547
2018-03-21 23:00:00,16.552,16.555999999999997,16.5455,16.5535
2018-03-21 23:15:00,16.553,16.558500000000002,16.535,16.54
2018-03-21 23:30:00,16.5445,16.5445,16.528,16.537499999999998
2018-03-21 23:45:00,16.534499999999998,16.5535,16.532000000000004,16.5515
2018-03-22 01:00:00,16.57,16.591499999999996,16.552,16.552
2018-03-22 01:15:00,16.549999999999997,16.561999999999998,16.5475,16.553
2018-03-22 01:30:00,16.555999999999997,16.564,16.546,16.56
2018-03-22 01:45:00,16.556500000000003,16.559,16.5285,16.538
2018-03-22 02:00:00,16.538,16.544,16.515,16.541
2018-03-22 02:15:00,16.5425,16.544,16.529,16.538
2018-03-22 02:30:00,16.536,16.541,16.531000000000002,16.537499999999998
2018-03-22 02:45:00,16.5385,16.541,16.529,16.53
2018-03-22 03:00:00,16.532000000000004,16.5415,16.525000000000002,16.5285
2018-03-22 03:15:00,16.528,16.534,16.525499999999997,16.532
2018-03-22 03:30:00,16.531499999999998,16.536499999999997,16.5285,16.534499999999998
2018-03-22 03:45:00,16.5355,16.549999999999997,16.532,16.5485
2018-03-22 04:00:00,16.537,16.537,16.532,16.534499999999998
2018-03-22 04:15:00,16.534499999999998,16.552,16.534,16.534
2018-03-22 04:30:00,16.534499999999998,16.535,16.531499999999998,16.534
2018-03-22 04:45:00,16.534,16.535,16.531499999999998,16.531499999999998
2018-03-22 05:00:00,16.531499999999998,16.5325,16.526000000000003,16.529
2018-03-22 05:15:00,16.53,16.532,16.526000000000003,16.526000000000003
2018-03-22 05:30:00,16.526000000000003,16.529,16.511,16.511
2018-03-22 05:45:00,16.515,16.517,16.507500000000004,16.516000000000002
2018-03-22 06:00:00,16.512,16.53,16.511,16.527
2018-03-22 06:15:00,16.528000000000002,16.532,16.524,16.532
2018-03-22 06:30:00,16.530499999999996,16.551,16.530499999999996,16.537
2018-03-22 06:45:00,16.537,16.537,16.5285,16.529
2018-03-22 07:00:00,16.529,16.551,16.5285,16.538
2018-03-22 07:15:00,16.5395,16.5575,16.536499999999997,16.551
2018-03-22 07:30:00,16.5515,16.583000000000002,16.5515,16.566
2018-03-22 07:45:00,16.5665,16.586499999999997,16.56,16.575499999999998
2018-03-22 08:00:00,16.5735,16.6015,16.5645,16.5965
2018-03-22 08:15:00,16.592499999999998,16.6085,16.59,16.604000000000003
2018-03-22 08:30:00,16.6005,16.615000000000002,16.591,16.591
2018-03-22 08:45:00,16.592000000000002,16.601,16.5855,16.591
2018-03-22 09:00:00,16.589000000000002,16.592000000000002,16.569499999999998,16.570999999999998
2018-03-22 09:15:00,16.573,16.576,16.551,16.559
2018-03-22 09:30:00,16.558,16.567,16.512500000000003,16.517
2018-03-22 09:45:00,16.519000000000002,16.5345,16.512,16.523
2018-03-22 10:00:00,16.5245,16.5335,16.507500000000004,16.5225
2018-03-22 10:15:00,16.519000000000002,16.521,16.509,16.521
2018-03-22 10:30:00,16.522,16.547,16.521,16.544
2018-03-22 10:45:00,16.544,16.549,16.536499999999997,16.546
2018-03-22 11:00:00,16.5475,16.563,16.535,16.557
2018-03-22 11:15:00,16.557,16.559,16.531499999999998,16.5435
2018-03-22 11:30:00,16.541,16.543000000000003,16.528,16.5335
2018-03-22 11:45:00,16.5275,16.536,16.518,16.527
2018-03-22 12:00:00,16.521,16.541,16.4795,16.494999999999997
2018-03-22 12:15:00,16.496,16.5345,16.488,16.5275
2018-03-22 12:30:00,16.5325,16.5525,16.523,16.5475
2018-03-22 12:45:00,16.547,16.5505,16.503,16.5095
2018-03-22 13:00:00,16.509999999999998,16.509999999999998,16.477,16.4895
2018-03-22 13:15:00,16.49,16.54,16.462,16.468
2018-03-22 13:30:00,16.471,16.474,16.429,16.4485
2018-03-22 13:45:00,16.448,16.4725,16.427999999999997,16.467
2018-03-22 14:00:00,16.467,16.485,16.453,16.482000000000003
2018-03-22 14:15:00,16.481,16.483999999999998,16.456,16.474
2018-03-22 14:30:00,16.476000000000003,16.476499999999998,16.4295,16.46
2018-03-22 14:45:00,16.457500000000003,16.462,16.426000000000002,16.433
2018-03-22 15:00:00,16.427500000000002,16.437,16.412,16.433999999999997
2018-03-22 15:15:00,16.432000000000002,16.432000000000002,16.399,16.407
2018-03-22 15:30:00,16.408,16.410999999999998,16.366999999999997,16.391499999999997
2018-03-22 15:45:00,16.39,16.403000000000002,16.3765,16.386
2018-03-22 16:00:00,16.384999999999998,16.3855,16.362,16.369
2018-03-22 16:15:00,16.3705,16.3975,16.344,16.391
2018-03-22 16:30:00,16.391499999999997,16.4015,16.386,16.396
2018-03-22 16:45:00,16.396,16.409000000000002,16.386,16.398000000000003
2018-03-22 17:00:00,16.397499999999997,16.401,16.372500000000002,16.382
2018-03-22 17:15:00,16.384,16.424,16.381,16.424
2018-03-22 17:30:00,16.423,16.424,16.4115,16.42
2018-03-22 17:45:00,16.416,16.423,16.403499999999998,16.409000000000002
2018-03-22 18:00:00,16.41,16.414,16.4,16.413
2018-03-22 18:15:00,16.4135,16.419,16.404000000000003,16.413
2018-03-22 18:30:00,16.412,16.413,16.398000000000003,16.402
2018-03-22 18:45:00,16.401,16.403499999999998,16.392,16.397000000000002
2018-03-22 19:00:00,16.394000000000002,16.4055,16.387999999999998,16.393
2018-03-22 19:15:00,16.396,16.403499999999998,16.392,16.399
2018-03-22 19:30:00,16.398000000000003,16.416,16.395,16.408
2018-03-22 19:45:00,16.407,16.4175,16.393,16.394000000000002
2018-03-22 20:00:00,16.394000000000002,16.401500000000002,16.391,16.399
2018-03-22 20:15:00,16.398000000000003,16.4065,16.393,16.402
2018-03-22 20:30:00,16.4025,16.4025,16.396,16.3965
2018-03-22 20:45:00,16.395,16.3975,16.3835,16.3925
2018-03-22 22:00:00,16.391,16.432999999999996,16.387999999999998,16.4205
2018-03-22 22:15:00,16.4215,16.4215,16.41,16.410999999999998
2018-03-22 22:30:00,16.411,16.4445,16.4055,16.4405
2018-03-22 22:45:00,16.439,16.444,16.417,16.439999999999998
2018-03-22 23:00:00,16.4325,16.4525,16.427500000000002,16.4445
2018-03-22 23:15:00,16.445,16.4665,16.444,16.46
2018-03-22 23:30:00,16.465,16.473,16.456,16.456
2018-03-22 23:45:00,16.451999999999998,16.464000000000002,16.451999999999998,16.4555
2018-03-23 01:00:00,16.512500000000003,16.5155,16.4745,16.491
2018-03-23 01:15:00,16.492,16.505,16.476000000000003,16.477999999999998
2018-03-23 01:30:00,16.477,16.511,16.476000000000003,16.506
2018-03-23 01:45:00,16.507500000000004,16.5215,16.505,16.512
2018-03-23 02:00:00,16.514,16.5215,16.493000000000002,16.504
2018-03-23 02:15:00,16.506,16.511,16.500999999999998,16.503
2018-03-23 02:30:00,16.503,16.5275,16.503,16.520000000000003
2018-03-23 02:45:00,16.520000000000003,16.543000000000003,16.512,16.5265
2018-03-23 03:00:00,16.5265,16.531000000000002,16.516000000000002,16.528
2018-03-23 03:15:00,16.528,16.5345,16.524,16.53
2018-03-23 03:30:00,16.53,16.532000000000004,16.514,16.515
2018-03-23 03:45:00,16.515,16.519000000000002,16.511,16.519000000000002
2018-03-23 04:00:00,16.522,16.526000000000003,16.515,16.520000000000003
2018-03-23 04:15:00,16.5205,16.5225,16.518500000000003,16.518500000000003
2018-03-23 04:30:00,16.518500000000003,16.519499999999997,16.504,16.5055
2018-03-23 04:45:00,16.505,16.5155,16.5045,16.508499999999998
2018-03-23 05:00:00,16.508499999999998,16.519000000000002,16.508499999999998,16.512999999999998
2018-03-23 05:15:00,16.512999999999998,16.518500000000003,16.508,16.518500000000003
2018-03-23 05:30:00,16.519000000000002,16.523,16.508,16.512999999999998
2018-03-23 05:45:00,16.514,16.514499999999998,16.500999999999998,16.508
2018-03-23 06:00:00,16.512,16.5225,16.5045,16.508
2018-03-23 06:15:00,16.5115,16.559,16.5095,16.553
2018-03-23 06:30:00,16.556500000000003,16.572,16.536499999999997,16.564
2018-03-23 06:45:00,16.5635,16.580499999999997,16.549,16.57
2018-03-23 07:00:00,16.57,16.572,16.5545,16.56
2018-03-23 07:15:00,16.559,16.575,16.555999999999997,16.565
2018-03-23 07:30:00,16.564,16.567,16.541,16.548000000000002
2018-03-23 07:45:00,16.546,16.546499999999998,16.5205,16.527
2018-03-23 08:00:00,16.524,16.5505,16.522,16.53
2018-03-23 08:15:00,16.53,16.5435,16.522,16.536499999999997
2018-03-23 08:30:00,16.537000000000003,16.548000000000002,16.53,16.536
2018-03-23 08:45:00,16.5335,16.547,16.5325,16.5425
2018-03-23 09:00:00,16.5425,16.5665,16.541,16.5455
2018-03-23 09:15:00,16.5455,16.5705,16.541,16.561999999999998
2018-03-23 09:30:00,16.5605,16.562500000000004,16.54,16.54
2018-03-23 09:45:00,16.54,16.549500000000002,16.532000000000004,16.5405
2018-03-23 10:00:00,16.541,16.555500000000002,16.536,16.552500000000002
2018-03-23 10:15:00,16.555999999999997,16.558,16.547,16.5515
2018-03-23 10:30:00,16.552,16.559,16.549999999999997,16.5515
2018-03-23 10:45:00,16.552,16.5575,16.54,16.549500000000002
2018-03-23 11:00:00,16.5505,16.5505,16.5215,16.524499999999996
2018-03-23 11:15:00,16.524,16.531000000000002,16.5105,16.512
2018-03-23 11:30:00,16.5125,16.541,16.511,16.534
2018-03-23 11:45:00,16.537499999999998,16.5475,16.5225,16.533
2018-03-23 12:00:00,16.5335,16.546,16.517500000000002,16.523500000000002
2018-03-23 12:15:00,16.523,16.628999999999998,16.5205,16.6015
2018-03-23 12:30:00,16.598499999999998,16.621000000000002,16.589,16.598499999999998
2018-03-23 12:45:00,16.598000000000003,16.6265,16.584,16.597499999999997
2018-03-23 13:00:00,16.594,16.640500000000003,16.578,16.6325
2018-03-23 13:15:00,16.630499999999998,16.641000000000002,16.6065,16.6375
2018-03-23 13:30:00,16.636,16.647000000000002,16.5205,16.5845
2018-03-23 13:45:00,16.5835,16.613500000000002,16.578500000000002,16.605999999999998
2018-03-23 14:00:00,16.608,16.6735,16.607,16.627
2018-03-23 14:15:00,16.633,16.633,16.569499999999998,16.607
2018-03-23 14:30:00,16.6035,16.63,16.597499999999997,16.618
2018-03-23 14:45:00,16.618500000000004,16.6235,16.573,16.5945
2018-03-23 15:00:00,16.59,16.590500000000002,16.536499999999997,16.5545
2018-03-23 15:15:00,16.554000000000002,16.5785,16.547,16.5665
2018-03-23 15:30:00,16.5655,16.5735,16.5405,16.567500000000003
2018-03-23 15:45:00,16.564999999999998,16.5825,16.562500000000004,16.581000000000003
2018-03-23 16:00:00,16.582,16.592499999999998,16.563,16.563
2018-03-23 16:15:00,16.564999999999998,16.604000000000003,16.561999999999998,16.579500000000003
2018-03-23 16:30:00,16.578,16.584500000000002,16.5705,16.579
2018-03-23 16:45:00,16.579,16.595,16.5765,16.584500000000002
2018-03-23 17:00:00,16.584500000000002,16.584500000000002,16.5515,16.567500000000003
2018-03-23 17:15:00,16.565,16.597,16.561500000000002,16.590500000000002
2018-03-23 17:30:00,16.592000000000002,16.592000000000002,16.575,16.59
2018-03-23 17:45:00,16.59,16.595,16.562500000000004,16.569
2018-03-23 18:00:00,16.567999999999998,16.5725,16.555999999999997,16.565
2018-03-23 18:15:00,16.567,16.581000000000003,16.5655,16.575499999999998
2018-03-23 18:30:00,16.575499999999998,16.591,16.561500000000002,16.564
2018-03-23 18:45:00,16.563,16.575499999999998,16.56,16.565
2018-03-23 19:00:00,16.567999999999998,16.567999999999998,16.5405,16.556500000000003
2018-03-23 19:15:00,16.553,16.567999999999998,16.544999999999998,16.555999999999997
2018-03-23 19:30:00,16.555500000000002,16.5585,16.543000000000003,16.544999999999998
2018-03-23 19:45:00,16.5475,16.558,16.536,16.536
2018-03-23 20:00:00,16.538,16.546,16.5345,16.544
2018-03-23 20:15:00,16.544999999999998,16.5625,16.544999999999998,16.561999999999998
2018-03-23 20:30:00,16.562500000000004,16.585,16.5515,16.573500000000003
2018-03-23 20:45:00,16.5745,16.576,16.5545,16.563499999999998
2018-03-25 22:00:00,16.573,16.628500000000003,16.573,16.628500000000003
2018-03-25 22:15:00,16.6275,16.646499999999996,16.625999999999998,16.644000000000002
2018-03-25 22:30:00,16.6445,16.663,16.637,16.661
2018-03-25 22:45:00,16.659,16.659,16.642000000000003,16.6445
2018-03-25 23:00:00,16.644000000000002,16.646,16.622,16.6245
2018-03-25 23:15:00,16.6235,16.644000000000002,16.6215,16.631999999999998
2018-03-25 23:30:00,16.631999999999998,16.638,16.6305,16.633
2018-03-25 23:45:00,16.633,16.638,16.618,16.621
2018-03-26 01:00:00,16.609,16.612,16.5835,16.59
2018-03-26 01:15:00,16.587000000000003,16.596,16.576999999999998,16.5775
2018-03-26 01:30:00,16.581000000000003,16.598000000000003,16.576,16.586000000000002
2018-03-26 01:45:00,16.585,16.592000000000002,16.582,16.588
2018-03-26 02:00:00,16.5915,16.596,16.581000000000003,16.589
2018-03-26 02:15:00,16.589,16.594,16.584,16.584
2018-03-26 02:30:00,16.5815,16.586000000000002,16.5795,16.583
2018-03-26 02:45:00,16.583,16.601,16.583,16.598000000000003
2018-03-26 03:00:00,16.599999999999998,16.611,16.598000000000003,16.61
2018-03-26 03:15:00,16.6065,16.6065,16.594,16.598499999999998
2018-03-26 03:30:00,16.599,16.601,16.5935,16.597
2018-03-26 03:45:00,16.595,16.603,16.592000000000002,16.597
2018-03-26 04:00:00,16.5935,16.6025,16.591,16.601
2018-03-26 04:15:00,16.6015,16.603,16.596,16.5965
2018-03-26 04:30:00,16.597,16.598499999999998,16.592499999999998,16.592499999999998
2018-03-26 04:45:00,16.593000000000004,16.593000000000004,16.5875,16.592499999999998
2018-03-26 05:00:00,16.593000000000004,16.593000000000004,16.5785,16.5795
2018-03-26 05:15:00,16.579,16.582,16.575499999999998,16.5775
2018-03-26 05:30:00,16.576999999999998,16.576999999999998,16.5605,16.566
2018-03-26 05:45:00,16.5635,16.5665,16.54,16.5515
2018-03-26 06:00:00,16.549,16.558,16.538,16.5465
2018-03-26 06:15:00,16.5465,16.563,16.5415,16.551
2018-03-26 06:30:00,16.554000000000002,16.555999999999997,16.533,16.5435
2018-03-26 06:45:00,16.544,16.562500000000004,16.543000000000003,16.547
2018-03-26 07:00:00,16.547,16.555,16.5425,16.5525
2018-03-26 07:15:00,16.5545,16.573999999999998,16.5545,16.569
2018-03-26 07:30:00,16.569,16.5765,16.558,16.5715
2018-03-26 07:45:00,16.570999999999998,16.578500000000002,16.564,16.5765
2018-03-26 08:00:00,16.573999999999998,16.574499999999997,16.5595,16.564
2018-03-26 08:15:00,16.563499999999998,16.581000000000003,16.5575,16.581000000000003
2018-03-26 08:30:00,16.581000000000003,16.586499999999997,16.573999999999998,16.581000000000003
2018-03-26 08:45:00,16.580000000000002,16.6055,16.578,16.601499999999998
2018-03-26 09:00:00,16.6005,16.624,16.6005,16.616500000000002
2018-03-26 09:15:00,16.616500000000002,16.636499999999998,16.61,16.624499999999998
2018-03-26 09:30:00,16.6255,16.64,16.621,16.6275
2018-03-26 09:45:00,16.628,16.640500000000003,16.61,16.614
2018-03-26 10:00:00,16.614,16.619,16.610999999999997,16.618500000000004
2018-03-26 10:15:00,16.619,16.625999999999998,16.619,16.6205
2018-03-26 10:30:00,16.62,16.62,16.61,16.6115
2018-03-26 10:45:00,16.61,16.615,16.608,16.614
2018-03-26 11:00:00,16.614,16.633,16.607499999999998,16.624
2018-03-26 11:15:00,16.6265,16.644000000000002,16.616,16.628999999999998
2018-03-26 11:30:00,16.628999999999998,16.6395,16.618,16.634999999999998
2018-03-26 11:45:00,16.634,16.6615,16.634,16.652499999999996
2018-03-26 12:00:00,16.6505,16.674500000000002,16.641000000000002,16.658
2018-03-26 12:15:00,16.659000000000002,16.664,16.62,16.646
2018-03-26 12:30:00,16.647499999999997,16.6505,16.607499999999998,16.607499999999998
2018-03-26 12:45:00,16.607499999999998,16.6155,16.591499999999996,16.6005
2018-03-26 13:00:00,16.603,16.6725,16.5995,16.6375
2018-03-26 13:15:00,16.639,16.702,16.631999999999998,16.701
2018-03-26 13:30:00,16.7005,16.768,16.688,16.742
2018-03-26 13:45:00,16.7415,16.7745,16.7305,16.748
2018-03-26 14:00:00,16.749,16.7765,16.7345,16.755
2018-03-26 14:15:00,16.755,16.767500000000002,16.7185,16.726000000000003
2018-03-26 14:30:00,16.725,16.781499999999998,16.725,16.779500000000002
2018-03-26 14:45:00,16.779500000000002,16.7895,16.74,16.7425
2018-03-26 15:00:00,16.743999999999996,16.764000000000003,16.74,16.752
2018-03-26 15:15:00,16.7535,16.758,16.7365,16.7525
2018-03-26 15:30:00,16.7495,16.774,16.746499999999997,16.758499999999998
2018-03-26 15:45:00,16.7575,16.769000000000002,16.7365,16.7425
2018-03-26 16:00:00,16.738999999999997,16.742,16.719,16.7215
2018-03-26 16:15:00,16.716,16.738,16.7095,16.7365
2018-03-26 16:30:00,16.738,16.744999999999997,16.7215,16.7275
2018-03-26 16:45:00,16.724,16.729,16.6755,16.724
2018-03-26 17:00:00,16.723499999999998,16.729,16.698,16.698
2018-03-26 17:15:00,16.6935,16.6985,16.677,16.678500000000003
2018-03-26 17:30:00,16.6815,16.6885,16.674,16.6825
2018-03-26 17:45:00,16.682,16.708499999999997,16.681,16.7025
2018-03-26 18:00:00,16.7035,16.723,16.703000000000003,16.7135
2018-03-26 18:15:00,16.706,16.718,16.705000000000002,16.708000000000002
2018-03-26 18:30:00,16.709000000000003,16.709000000000003,16.6925,16.7035
2018-03-26 18:45:00,16.7035,16.717,16.701,16.7105
2018-03-26 19:00:00,16.708000000000002,16.712500000000002,16.6995,16.707
2018-03-26 19:15:00,16.7055,16.717,16.699,16.702
2018-03-26 19:30:00,16.702,16.702,16.677999999999997,16.6905
2018-03-26 19:45:00,16.693,16.7005,16.681,16.697499999999998
2018-03-26 20:00:00,16.698,16.71,16.6905,16.705000000000002
2018-03-26 20:15:00,16.708000000000002,16.715000000000003,16.702,16.715000000000003
2018-03-26 20:30:00,16.713,16.714499999999997,16.7015,16.7035
2018-03-26 20:45:00,16.7035,16.714499999999997,16.7005,16.7115
2018-03-26 22:00:00,16.706,16.706,16.689999999999998,16.6935
2018-03-26 22:15:00,16.6885,16.694,16.681,16.694
2018-03-26 22:30:00,16.6935,16.7115,16.6935,16.711
2018-03-26 22:45:00,16.707,16.714499999999997,16.6965,16.7015
2018-03-26 23:00:00,16.7045,16.717499999999998,16.682999999999996,16.7155
2018-03-26 23:15:00,16.7165,16.723,16.714000000000002,16.715
2018-03-26 23:30:00,16.7215,16.724,16.714000000000002,16.716
2018-03-26 23:45:00,16.711,16.721999999999998,16.711,16.716
2018-03-27 01:00:00,16.6985,16.738,16.6985,16.721999999999998
2018-03-27 01:15:00,16.723,16.735,16.713499999999996,16.723
2018-03-27 01:30:00,16.723,16.732999999999997,16.722,16.724
2018-03-27 01:45:00,16.7255,16.727999999999998,16.713499999999996,16.713499999999996
2018-03-27 02:00:00,16.713,16.727,16.707499999999996,16.723
2018-03-27 02:15:00,16.723,16.727999999999998,16.717,16.727999999999998
2018-03-27 02:30:00,16.727,16.743,16.727,16.732
2018-03-27 02:45:00,16.7325,16.7345,16.721999999999998,16.727
2018-03-27 03:00:00,16.7265,16.747,16.726000000000003,16.741
2018-03-27 03:15:00,16.7435,16.7515,16.741,16.746
2018-03-27 03:30:00,16.746,16.749,16.741,16.744999999999997
2018-03-27 03:45:00,16.744999999999997,16.750999999999998,16.744999999999997,16.746
2018-03-27 04:00:00,16.746,16.746499999999997,16.74,16.7415
2018-03-27 04:15:00,16.74,16.749,16.74,16.749
2018-03-27 04:30:00,16.7485,16.753999999999998,16.7485,16.750999999999998
2018-03-27 04:45:00,16.750999999999998,16.750999999999998,16.737000000000002,16.737000000000002
2018-03-27 05:00:00,16.735,16.738,16.73,16.73
2018-03-27 05:15:00,16.731,16.735,16.7255,16.726000000000003
2018-03-27 05:30:00,16.721,16.7275,16.7115,16.7115
2018-03-27 05:45:00,16.707499999999996,16.732,16.705000000000002,16.731
2018-03-27 06:00:00,16.7305,16.75,16.724,16.7425
2018-03-27 06:15:00,16.74,16.75,16.737000000000002,16.742
2018-03-27 06:30:00,16.7415,16.796,16.7415,16.7865
2018-03-27 06:45:00,16.79,16.7925,16.773,16.775499999999997
2018-03-27 07:00:00,16.770000000000003,16.7975,16.7685,16.779
2018-03-27 07:15:00,16.779,16.785,16.764000000000003,16.767500000000002
2018-03-27 07:30:00,16.768499999999996,16.788,16.764499999999998,16.770000000000003
2018-03-27 07:45:00,16.770000000000003,16.7705,16.758,16.7595
2018-03-27 08:00:00,16.759,16.7615,16.7185,16.727999999999998
2018-03-27 08:15:00,16.731,16.750500000000002,16.7285,16.744500000000002
2018-03-27 08:30:00,16.746,16.7495,16.7155,16.721
2018-03-27 08:45:00,16.7215,16.7315,16.705000000000002,16.721
2018-03-27 09:00:00,16.720499999999998,16.724,16.695500000000003,16.708000000000002
2018-03-27 09:15:00,16.708499999999997,16.709000000000003,16.678500000000003,16.708499999999997
2018-03-27 09:30:00,16.708000000000002,16.711,16.6935,16.7005
2018-03-27 09:45:00,16.702499999999997,16.714000000000002,16.691499999999998,16.6925
2018-03-27 10:00:00,16.693,16.709000000000003,16.687,16.702499999999997
2018-03-27 10:15:00,16.702499999999997,16.702499999999997,16.679500000000004,16.6865
2018-03-27 10:30:00,16.688,16.701500000000003,16.682,16.686
2018-03-27 10:45:00,16.6875,16.695500000000003,16.6765,16.682
2018-03-27 11:00:00,16.685,16.685,16.6055,16.6075
2018-03-27 11:15:00,16.6125,16.6325,16.602,16.6085
2018-03-27 11:30:00,16.607,16.643,16.597499999999997,16.633
2018-03-27 11:45:00,16.631999999999998,16.6495,16.6265,16.63
2018-03-27 12:00:00,16.63,16.637,16.561500000000002,16.574499999999997
2018-03-27 12:15:00,16.5725,16.5975,16.5685,16.5775
2018-03-27 12:30:00,16.5775,16.592000000000002,16.566,16.5905
2018-03-27 12:45:00,16.598000000000003,16.6045,16.5725,16.577
2018-03-27 13:00:00,16.577,16.612,16.577,16.593000000000004
2018-03-27 13:15:00,16.593000000000004,16.613,16.580499999999997,16.589
2018-03-27 13:30:00,16.584500000000002,16.589,16.531499999999998,16.5535
2018-03-27 13:45:00,16.5525,16.576,16.548000000000002,16.561999999999998
2018-03-27 14:00:00,16.566,16.593999999999998,16.549500000000002,16.56
2018-03-27 14:15:00,16.5595,16.5655,16.528,16.5485
2018-03-27 14:30:00,16.547,16.557,16.5115,16.534
2018-03-27 14:45:00,16.534,16.5385,16.4805,16.4905
2018-03-27 15:00:00,16.4905,16.5125,16.477999999999998,16.507500000000004
2018-03-27 15:15:00,16.506,16.522000000000002,16.5025,16.512500000000003
2018-03-27 15:30:00,16.512500000000003,16.528,16.503,16.522
2018-03-27 15:45:00,16.519000000000002,16.535,16.518,16.5325
2018-03-27 16:00:00,16.532999999999998,16.552,16.5275,16.5485
2018-03-27 16:15:00,16.548000000000002,16.552,16.536499999999997,16.5385
2018-03-27 16:30:00,16.538,16.5655,16.5325,16.5515
2018-03-27 16:45:00,16.551,16.5745,16.5485,16.56
2018-03-27 17:00:00,16.560999999999996,16.567500000000003,16.554000000000002,16.556500000000003
2018-03-27 17:15:00,16.555999999999997,16.555999999999997,16.536499999999997,16.5395
2018-03-27 17:30:00,16.538999999999998,16.546,16.536,16.546
2018-03-27 17:45:00,16.548000000000002,16.551,16.533,16.538
2018-03-27 18:00:00,16.537499999999998,16.555,16.537499999999998,16.551
2018-03-27 18:15:00,16.552,16.554999999999996,16.546,16.552500000000002
2018-03-27 18:30:00,16.549,16.549,16.536,16.540499999999998
2018-03-27 18:45:00,16.538999999999998,16.5435,16.526000000000003,16.532999999999998
2018-03-27 19:00:00,16.531000000000002,16.54,16.5155,16.537499999999998
2018-03-27 19:15:00,16.54,16.544999999999998,16.526000000000003,16.526000000000003
2018-03-27 19:30:00,16.528,16.541,16.521,16.521
2018-03-27 19:45:00,16.521,16.524,16.502,16.520000000000003
2018-03-27 20:00:00,16.518,16.522,16.511,16.519000000000002
2018-03-27 20:15:00,16.518,16.528000000000002,16.518,16.524499999999996
2018-03-27 20:30:00,16.524,16.5245,16.5115,16.5115
2018-03-27 20:45:00,16.5115,16.533,16.5095,16.5305
2018-03-27 22:00:00,16.522000000000002,16.542,16.520000000000003,16.5335
2018-03-27 22:15:00,16.534,16.5385,16.5325,16.5385
2018-03-27 22:30:00,16.5385,16.543999999999997,16.534,16.538999999999998
2018-03-27 22:45:00,16.538999999999998,16.544999999999998,16.538999999999998,16.5435
2018-03-27 23:00:00,16.5435,16.5445,16.5385,16.5385
2018-03-27 23:15:00,16.5385,16.5385,16.5235,16.529
2018-03-27 23:30:00,16.531000000000002,16.531499999999998,16.5235,16.528
2018-03-27 23:45:00,16.53,16.5445,16.525000000000002,16.5445
2018-03-28 01:00:00,16.553,16.558,16.538999999999998,16.549
2018-03-28 01:15:00,16.5445,16.5665,16.529,16.5605
2018-03-28 01:30:00,16.563,16.569,16.552,16.553
2018-03-28 01:45:00,16.5525,16.5695,16.551,16.553
2018-03-28 02:00:00,16.553,16.558,16.535,16.536499999999997
2018-03-28 02:15:00,16.535,16.557,16.535,16.557
2018-03-28 02:30:00,16.554999999999996,16.566,16.5545,16.566
2018-03-28 02:45:00,16.565,16.567,16.556500000000003,16.5585
2018-03-28 03:00:00,16.559,16.564,16.552500000000002,16.554000000000002
2018-03-28 03:15:00,16.5535,16.562500000000004,16.553,16.558
2018-03-28 03:30:00,16.557,16.5635,16.557,16.5575
2018-03-28 03:45:00,16.5575,16.5585,16.5575,16.558
2018-03-28 04:00:00,16.558,16.5585,16.538999999999998,16.546
2018-03-28 04:15:00,16.540499999999998,16.5475,16.533,16.5455
2018-03-28 04:30:00,16.544,16.5465,16.535,16.544
2018-03-28 04:45:00,16.5415,16.55,16.531499999999998,16.536499999999997
2018-03-28 05:00:00,16.536499999999997,16.539,16.53,16.532
2018-03-28 05:15:00,16.5325,16.5445,16.5305,16.5415
2018-03-28 05:30:00,16.542,16.542,16.5215,16.5285
2018-03-28 05:45:00,16.527,16.5355,16.5165,16.517
2018-03-28 06:00:00,16.517500000000002,16.531499999999998,16.5125,16.518
2018-03-28 06:15:00,16.516000000000002,16.516000000000002,16.492,16.499
2018-03-28 06:30:00,16.499,16.499,16.477,16.496499999999997
2018-03-28 06:45:00,16.495500000000003,16.502499999999998,16.487000000000002,16.496
2018-03-28 07:00:00,16.496,16.512,16.492,16.499
2018-03-28 07:15:00,16.493999999999996,16.4995,16.4575,16.466
2018-03-28 07:30:00,16.467,16.475,16.458000000000002,16.467
2018-03-28 07:45:00,16.470499999999998,16.492,16.467,16.487000000000002
2018-03-28 08:00:00,16.485,16.498,16.483,16.491
2018-03-28 08:15:00,16.4925,16.494,16.475,16.49
2018-03-28 08:30:00,16.487000000000002,16.5035,16.481,16.499999999999996
2018-03-28 08:45:00,16.4995,16.504,16.49,16.500500000000002
2018-03-28 09:00:00,16.4975,16.499,16.4805,16.482
2018-03-28 09:15:00,16.479,16.491,16.476000000000003,16.477999999999998
2018-03-28 09:30:00,16.481,16.485500000000002,16.473,16.477999999999998
2018-03-28 09:45:00,16.477999999999998,16.488,16.476000000000003,16.479
2018-03-28 10:00:00,16.477999999999998,16.493,16.477,16.481
2018-03-28 10:15:00,16.482000000000003,16.486,16.474,16.479
2018-03-28 10:30:00,16.477999999999998,16.482000000000003,16.462,16.475
2018-03-28 10:45:00,16.4745,16.475,16.447,16.453
2018-03-28 11:00:00,16.4535,16.473,16.444,16.470499999999998
2018-03-28 11:15:00,16.470000000000002,16.4825,16.4585,16.4725
2018-03-28 11:30:00,16.4715,16.4825,16.4715,16.479499999999998
2018-03-28 11:45:00,16.4725,16.48,16.4555,16.469499999999996
2018-03-28 12:00:00,16.469499999999996,16.470000000000002,16.4215,16.4295
2018-03-28 12:15:00,16.4295,16.434500000000003,16.4135,16.424500000000002
2018-03-28 12:30:00,16.425,16.433500000000002,16.406,16.4295
2018-03-28 12:45:00,16.43,16.4305,16.393,16.418
2018-03-28 13:00:00,16.418,16.4315,16.3865,16.4055
2018-03-28 13:15:00,16.403499999999998,16.404000000000003,16.337000000000003,16.369
2018-03-28 13:30:00,16.3685,16.378500000000003,16.339,16.343
2018-03-28 13:45:00,16.344,16.352,16.323999999999998,16.347
2018-03-28 14:00:00,16.3465,16.3595,16.3105,16.3245
2018-03-28 14:15:00,16.3245,16.3335,16.294,16.299999999999997
2018-03-28 14:30:00,16.299,16.306,16.277,16.2915
2018-03-28 14:45:00,16.291,16.301,16.26,16.292
2018-03-28 15:00:00,16.298000000000002,16.3245,16.292499999999997,16.299
2018-03-28 15:15:00,16.299,16.318500000000004,16.281499999999998,16.2915
2018-03-28 15:30:00,16.2895,16.293000000000003,16.268,16.293000000000003
2018-03-28 15:45:00,16.294,16.3085,16.2845,16.2975
2018-03-28 16:00:00,16.2975,16.3015,16.27,16.281499999999998
2018-03-28 16:15:00,16.277,16.311500000000002,16.275499999999997,16.299500000000002
2018-03-28 16:30:00,16.299500000000002,16.3045,16.29,16.292499999999997
2018-03-28 16:45:00,16.293,16.304000000000002,16.2885,16.299500000000002
2018-03-28 17:00:00,16.2985,16.3025,16.282000000000004,16.2855
2018-03-28 17:15:00,16.2845,16.294,16.269,16.293000000000003
2018-03-28 17:30:00,16.293000000000003,16.302,16.28,16.299
2018-03-28 17:45:00,16.295,16.3045,16.284,16.2895
2018-03-28 18:00:00,16.290499999999998,16.292499999999997,16.279,16.279500000000002
2018-03-28 18:15:00,16.279500000000002,16.285,16.262,16.268500000000003
2018-03-28 18:30:00,16.267,16.277,16.2525,16.271
2018-03-28 18:45:00,16.2705,16.294,16.264499999999998,16.2905
2018-03-28 19:00:00,16.29,16.304000000000002,16.281000000000002,16.29
2018-03-28 19:15:00,16.287499999999998,16.288999999999998,16.28,16.285
2018-03-28 19:30:00,16.286499999999997,16.304000000000002,16.2855,16.301
2018-03-28 19:45:00,16.2975,16.301,16.2895,16.299999999999997
2018-03-28 20:00:00,16.301,16.313,16.296,16.3075
2018-03-28 20:15:00,16.307,16.308,16.3,16.3065
2018-03-28 20:30:00,16.3075,16.308,16.3035,16.3075
2018-03-28 20:45:00,16.3065,16.307,16.292499999999997,16.307
2018-03-28 22:00:00,16.307,16.3075,16.2895,16.299500000000002
2018-03-28 22:15:00,16.299500000000002,16.323500000000003,16.299500000000002,16.3225
2018-03-28 22:30:00,16.323500000000003,16.338,16.313,16.3135
2018-03-28 22:45:00,16.316,16.32,16.306,16.3105
2018-03-28 23:00:00,16.312500000000004,16.316999999999997,16.305500000000002,16.311500000000002
2018-03-28 23:15:00,16.3095,16.3105,16.3045,16.305500000000002
2018-03-28 23:30:00,16.305500000000002,16.305500000000002,16.296499999999998,16.3015
2018-03-28 23:45:00,16.301,16.317999999999998,16.296,16.317999999999998
2018-03-29 01:00:00,16.308500000000002,16.311500000000002,16.3005,16.3065
2018-03-29 01:15:00,16.303,16.311,16.302500000000002,16.3105
2018-03-29 01:30:00,16.309,16.311500000000002,16.3035,16.311
2018-03-29 01:45:00,16.311,16.311999999999998,16.305500000000002,16.305500000000002
2018-03-29 02:00:00,16.3045,16.316,16.3045,16.315
2018-03-29 02:15:00,16.3165,16.328,16.315,16.3215
2018-03-29 02:30:00,16.322,16.329,16.316,16.3205
2018-03-29 02:45:00,16.3185,16.328500000000002,16.3155,16.317999999999998
2018-03-29 03:00:00,16.317999999999998,16.326999999999998,16.313499999999998,16.316
2018-03-29 03:15:00,16.311500000000002,16.317999999999998,16.311,16.3165
2018-03-29 03:30:00,16.3165,16.3275,16.3155,16.326
2018-03-29 03:45:00,16.325,16.3275,16.321,16.3265
2018-03-29 04:00:00,16.325499999999998,16.3325,16.3215,16.325499999999998
2018-03-29 04:15:00,16.325499999999998,16.329,16.321,16.321
2018-03-29 04:30:00,16.3215,16.3225,16.315,16.316
2018-03-29 04:45:00,16.319499999999998,16.3235,16.316999999999997,16.32
2018-03-29 05:00:00,16.3155,16.32,16.311500000000002,16.311999999999998
2018-03-29 05:15:00,16.311999999999998,16.325,16.311999999999998,16.319
2018-03-29 05:30:00,16.32,16.329500000000003,16.317500000000003,16.328
2018-03-29 05:45:00,16.324499999999997,16.3305,16.3205,16.328500000000002
2018-03-29 06:00:00,16.323500000000003,16.326,16.276000000000003,16.291
2018-03-29 06:15:00,16.291,16.2955,16.276000000000003,16.287499999999998
2018-03-29 06:30:00,16.2885,16.293499999999998,16.250999999999998,16.266
2018-03-29 06:45:00,16.261,16.266,16.249999999999996,16.252
2018-03-29 07:00:00,16.252499999999998,16.267500000000002,16.2465,16.267
2018-03-29 07:15:00,16.267,16.272000000000002,16.256999999999998,16.272000000000002
2018-03-29 07:30:00,16.268500000000003,16.272000000000002,16.244500000000002,16.249999999999996
2018-03-29 07:45:00,16.249999999999996,16.262,16.239,16.256500000000003
2018-03-29 08:00:00,16.255999999999997,16.2665,16.235,16.262500000000003
2018-03-29 08:15:00,16.2615,16.2695,16.254,16.2695
2018-03-29 08:30:00,16.2665,16.280499999999996,16.259,16.262
2018-03-29 08:45:00,16.262,16.267500000000002,16.254,16.256999999999998
2018-03-29 09:00:00,16.255,16.262999999999998,16.2495,16.249999999999996
2018-03-29 09:15:00,16.250500000000002,16.275000000000002,16.250500000000002,16.268
2018-03-29 09:30:00,16.268,16.268500000000003,16.254,16.258
2018-03-29 09:45:00,16.259,16.278,16.259,16.276000000000003
2018-03-29 10:00:00,16.275499999999997,16.2765,16.262999999999998,16.267
2018-03-29 10:15:00,16.264499999999998,16.265,16.255,16.2585
2018-03-29 10:30:00,16.259,16.275499999999997,16.2545,16.259
2018-03-29 10:45:00,16.261,16.275000000000002,16.259,16.268
2018-03-29 11:00:00,16.267500000000002,16.301,16.267500000000002,16.294999999999998
2018-03-29 11:15:00,16.2955,16.299999999999997,16.275499999999997,16.292
2018-03-29 11:30:00,16.293000000000003,16.302,16.285,16.286499999999997
2018-03-29 11:45:00,16.2895,16.2975,16.286,16.286499999999997
2018-03-29 12:00:00,16.2895,16.2965,16.2825,16.2955
2018-03-29 12:15:00,16.294,16.299999999999997,16.2635,16.2655
2018-03-29 12:30:00,16.2635,16.267,16.232000000000003,16.247
2018-03-29 12:45:00,16.2465,16.2495,16.232000000000003,16.243000000000002
2018-03-29 13:00:00,16.242,16.262500000000003,16.242,16.253
2018-03-29 13:15:00,16.2535,16.2605,16.226000000000003,16.238999999999997
2018-03-29 13:30:00,16.24,16.32,16.24,16.282000000000004
2018-03-29 13:45:00,16.283,16.291,16.267500000000002,16.273500000000002
2018-03-29 14:00:00,16.274,16.290499999999998,16.268500000000003,16.290499999999998
2018-03-29 14:15:00,16.2865,16.299999999999997,16.273500000000002,16.299500000000002
2018-03-29 14:30:00,16.303,16.332,16.2805,16.310999999999996
2018-03-29 14:45:00,16.3145,16.3265,16.2965,16.313
2018-03-29 15:00:00,16.313499999999998,16.348499999999998,16.3075,16.329
2018-03-29 15:15:00,16.3345,16.340500000000002,16.305500000000002,16.307
2018-03-29 15:30:00,16.3085,16.316,16.282000000000004,16.3105
2018-03-29 15:45:00,16.3065,16.3155,16.2965,16.312500000000004
2018-03-29 16:00:00,16.311999999999998,16.3275,16.311999999999998,16.317500000000003
2018-03-29 16:15:00,16.317999999999998,16.33,16.317999999999998,16.3195
2018-03-29 16:30:00,16.3225,16.329,16.2945,16.299
2018-03-29 16:45:00,16.299999999999997,16.3045,16.2905,16.301
2018-03-29 17:00:00,16.303,16.3035,16.279,16.294999999999998
2018-03-29 17:15:00,16.294999999999998,16.319,16.2905,16.3165
2018-03-29 17:30:00,16.316999999999997,16.325499999999998,16.311,16.325499999999998
2018-03-29 17:45:00,16.325,16.335499999999996,16.319499999999998,16.335499999999996
2018-03-29 18:00:00,16.335,16.3635,16.331,16.3585
2018-03-29 18:15:00,16.362,16.363,16.3375,16.3525
2018-03-29 18:30:00,16.3565,16.365000000000002,16.351,16.3575
2018-03-29 18:45:00,16.3595,16.3655,16.3525,16.357
2018-03-29 19:00:00,16.3555,16.3695,16.349999999999998,16.369
2018-03-29 19:15:00,16.368,16.372,16.360500000000002,16.362
2018-03-29 19:30:00,16.363,16.366999999999997,16.353,16.358
2018-03-29 19:45:00,16.359,16.363,16.352,16.354000000000003
2018-03-29 20:00:00,16.355,16.355,16.3385,16.346
2018-03-29 20:15:00,16.345,16.363,16.345,16.359
2018-03-29 20:30:00,16.3565,16.3565,16.3495,16.354000000000003
2018-03-29 20:45:00,16.354499999999998,16.3685,16.354499999999998,16.3685
2018-04-01 22:00:00,16.364,16.377999999999997,16.360000000000003,16.3675
2018-04-01 22:15:00,16.3685,16.3745,16.366,16.3695
2018-04-01 22:30:00,16.369,16.371,16.363500000000002,16.365000000000002
2018-04-01 22:45:00,16.3695,16.389,16.368,16.3875
2018-04-01 23:00:00,16.386499999999998,16.412,16.386499999999998,16.409499999999998
2018-04-01 23:15:00,16.4075,16.424,16.404000000000003,16.4045
2018-04-01 23:30:00,16.406,16.413,16.394000000000002,16.399
2018-04-01 23:45:00,16.398000000000003,16.410999999999998,16.394000000000002,16.396
2018-04-02 01:00:00,16.429,16.4605,16.429,16.448
2018-04-02 01:15:00,16.4495,16.455000000000002,16.441499999999998,16.451999999999998
2018-04-02 01:30:00,16.453,16.458000000000002,16.4375,16.443
2018-04-02 01:45:00,16.4425,16.444,16.435499999999998,16.4435
2018-04-02 02:00:00,16.4435,16.451,16.427,16.433500000000002
2018-04-02 02:15:00,16.433999999999997,16.439,16.433,16.436
2018-04-02 02:30:00,16.433,16.437,16.427,16.427500000000002
2018-04-02 02:45:00,16.427500000000002,16.438,16.4265,16.4375
2018-04-02 03:00:00,16.4375,16.443,16.433,16.442
2018-04-02 03:15:00,16.4425,16.4425,16.431,16.432000000000002
2018-04-02 03:30:00,16.431,16.439500000000002,16.426000000000002,16.4265
2018-04-02 03:45:00,16.4255,16.4365,16.4255,16.436
2018-04-02 04:00:00,16.4365,16.4365,16.43,16.43
2018-04-02 04:15:00,16.431,16.435499999999998,16.4305,16.4305
2018-04-02 04:30:00,16.434500000000003,16.436999999999998,16.4255,16.435
2018-04-02 04:45:00,16.436,16.436999999999998,16.4285,16.4295
2018-04-02 05:00:00,16.43,16.431,16.423,16.425
2018-04-02 05:15:00,16.427,16.43,16.4185,16.419
2018-04-02 05:30:00,16.4195,16.4195,16.402,16.409000000000002
2018-04-02 05:45:00,16.409499999999998,16.4195,16.407,16.419
2018-04-02 06:00:00,16.419,16.4195,16.404000000000003,16.41
2018-04-02 06:15:00,16.414499999999997,16.4245,16.403000000000002,16.4245
2018-04-02 06:30:00,16.4255,16.436,16.4195,16.435499999999998
2018-04-02 06:45:00,16.435,16.443,16.4255,16.4385
2018-04-02 07:00:00,16.438999999999997,16.456500000000002,16.4385,16.439999999999998
2018-04-02 07:15:00,16.435,16.442999999999998,16.427500000000002,16.438999999999997
2018-04-02 07:30:00,16.440500000000004,16.457,16.440500000000004,16.456
2018-04-02 07:45:00,16.455000000000002,16.470000000000002,16.45,16.466
2018-04-02 08:00:00,16.466,16.4795,16.464000000000002,16.477999999999998
2018-04-02 08:15:00,16.477999999999998,16.4825,16.467000000000002,16.479
2018-04-02 08:30:00,16.477999999999998,16.486,16.467,16.469
2018-04-02 08:45:00,16.470000000000002,16.474,16.4655,16.469
2018-04-02 09:00:00,16.473,16.475499999999997,16.465000000000003,16.469
2018-04-02 09:15:00,16.469,16.472,16.464000000000002,16.468
2018-04-02 09:30:00,16.467,16.473499999999998,16.467,16.4715
2018-04-02 09:45:00,16.471999999999998,16.471999999999998,16.471999999999998,16.471999999999998
2018-04-02 10:00:00,16.471999999999998,16.471999999999998,16.463,16.471
2018-04-02 10:15:00,16.471999999999998,16.476000000000003,16.471999999999998,16.473
2018-04-02 10:30:00,16.474,16.4785,16.473,16.477999999999998
2018-04-02 10:45:00,16.477999999999998,16.477999999999998,16.477,16.477999999999998
2018-04-02 11:00:00,16.4825,16.498,16.4825,16.498
2018-04-02 11:15:00,16.4985,16.511,16.497,16.5055
2018-04-02 11:30:00,16.5045,16.544,16.5045,16.534
2018-04-02 11:45:00,16.5335,16.5335,16.516000000000002,16.53
2018-04-02 12:00:00,16.5305,16.5585,16.5295,16.546
2018-04-02 12:15:00,16.5445,16.637,16.538,16.613
2018-04-02 12:30:00,16.6135,16.6205,16.587000000000003,16.602
2018-04-02 12:45:00,16.6015,16.648,16.6015,16.612
2018-04-02 13:00:00,16.613,16.615000000000002,16.570999999999998,16.592499999999998
2018-04-02 13:15:00,16.591,16.610999999999997,16.578500000000002,16.581000000000003
2018-04-02 13:30:00,16.584,16.586499999999997,16.538,16.563
2018-04-02 13:45:00,16.566,16.5715,16.536,16.5605
2018-04-02 14:00:00,16.5645,16.565,16.534,16.559
2018-04-02 14:15:00,16.5585,16.624,16.5585,16.604000000000003
2018-04-02 14:30:00,16.605,16.6305,16.596,16.622999999999998
2018-04-02 14:45:00,16.623500000000003,16.658499999999997,16.6115,16.628
2018-04-02 15:00:00,16.621999999999996,16.6405,16.608,16.638
2018-04-02 15:15:00,16.636,16.642000000000003,16.597,16.598000000000003
2018-04-02 15:30:00,16.601499999999998,16.6025,16.557,16.584
2018-04-02 15:45:00,16.5825,16.598000000000003,16.557,16.593000000000004
2018-04-02 16:00:00,16.592499999999998,16.6095,16.584500000000002,16.584500000000002
2018-04-02 16:15:00,16.584500000000002,16.5945,16.57,16.59
2018-04-02 16:30:00,16.5905,16.596,16.5715,16.594
2018-04-02 16:45:00,16.595499999999998,16.6045,16.578,16.601
2018-04-02 17:00:00,16.599999999999998,16.619,16.595,16.609
2018-04-02 17:15:00,16.609,16.683999999999997,16.609,16.671999999999997
2018-04-02 17:30:00,16.6655,16.671,16.65,16.662
2018-04-02 17:45:00,16.6625,16.67,16.651500000000002,16.653000000000002
2018-04-02 18:00:00,16.6545,16.6545,16.627,16.641000000000002
2018-04-02 18:15:00,16.646,16.652,16.637,16.637
2018-04-02 18:30:00,16.6385,16.649,16.6335,16.638
2018-04-02 18:45:00,16.638,16.646,16.631999999999998,16.637
2018-04-02 19:00:00,16.638,16.639,16.616,16.621
2018-04-02 19:15:00,16.617500000000003,16.627,16.613,16.622999999999998
2018-04-02 19:30:00,16.626,16.626,16.599,16.6035
2018-04-02 19:45:00,16.601,16.616999999999997,16.598000000000003,16.616999999999997
2018-04-02 20:00:00,16.615000000000002,16.616500000000002,16.5955,16.596
2018-04-02 20:15:00,16.5945,16.6025,16.5895,16.6005
2018-04-02 20:30:00,16.6005,16.6035,16.598499999999998,16.603
2018-04-02 20:45:00,16.603,16.6065,16.5935,16.5945
2018-04-02 22:00:00,16.592000000000002,16.605999999999998,16.589000000000002,16.596
2018-04-02 22:15:00,16.5965,16.599,16.5635,16.565
2018-04-02 22:30:00,16.564,16.5975,16.558,16.5975
2018-04-02 22:45:00,16.5965,16.5995,16.5945,16.5995
2018-04-02 23:00:00,16.6005,16.610500000000002,16.595499999999998,16.601
2018-04-02 23:15:00,16.603,16.605999999999998,16.599,16.601
2018-04-02 23:30:00,16.602,16.604999999999997,16.592000000000002,16.598000000000003
2018-04-02 23:45:00,16.601,16.605999999999998,16.593000000000004,16.596
2018-04-03 01:00:00,16.597,16.602,16.576,16.591
2018-04-03 01:15:00,16.588,16.592000000000002,16.552,16.552
2018-04-03 01:30:00,16.553,16.561999999999998,16.537499999999998,16.547
2018-04-03 01:45:00,16.5475,16.561999999999998,16.5355,16.555999999999997
2018-04-03 02:00:00,16.555,16.574499999999997,16.549999999999997,16.569
2018-04-03 02:15:00,16.569,16.573500000000003,16.563,16.569
2018-04-03 02:30:00,16.569,16.571,16.553,16.5585
2018-04-03 02:45:00,16.5585,16.572,16.554000000000002,16.567500000000003
2018-04-03 03:00:00,16.567500000000003,16.576,16.565,16.57
2018-04-03 03:15:00,16.57,16.5715,16.5595,16.5645
2018-04-03 03:30:00,16.563499999999998,16.5645,16.558,16.5625
2018-04-03 03:45:00,16.5605,16.567,16.555,16.555500000000002
2018-04-03 04:00:00,16.5545,16.557,16.546,16.5475
2018-04-03 04:15:00,16.548000000000002,16.556500000000003,16.5475,16.5505
2018-04-03 04:30:00,16.551,16.5685,16.551,16.562500000000004
2018-04-03 04:45:00,16.563499999999998,16.5675,16.557,16.567
2018-04-03 05:00:00,16.567,16.567500000000003,16.5515,16.5585
2018-04-03 05:15:00,16.559,16.561500000000002,16.5435,16.553
2018-04-03 05:30:00,16.549,16.5655,16.5465,16.555999999999997
2018-04-03 05:45:00,16.563499999999998,16.57,16.549,16.560999999999996
2018-04-03 06:00:00,16.555999999999997,16.583000000000002,16.555500000000002,16.577
2018-04-03 06:15:00,16.5815,16.582,16.5665,16.577
2018-04-03 06:30:00,16.5815,16.592499999999998,16.577,16.5875
2018-04-03 06:45:00,16.5885,16.605,16.582,16.592499999999998
2018-04-03 07:00:00,16.593000000000004,16.594,16.5715,16.577
2018-04-03 07:15:00,16.5765,16.582,16.566,16.5695
2018-04-03 07:30:00,16.57,16.5725,16.5545,16.565
2018-04-03 07:45:00,16.5645,16.57,16.5605,16.5685
2018-04-03 08:00:00,16.567999999999998,16.573999999999998,16.543000000000003,16.552
2018-04-03 08:15:00,16.5525,16.563,16.547,16.5595
2018-04-03 08:30:00,16.5575,16.564,16.549,16.5545
2018-04-03 08:45:00,16.552,16.561500000000002,16.542,16.552
2018-04-03 09:00:00,16.554000000000002,16.561999999999998,16.547,16.548000000000002
2018-04-03 09:15:00,16.5475,16.5545,16.5425,16.553
2018-04-03 09:30:00,16.552,16.555,16.5425,16.553
2018-04-03 09:45:00,16.553,16.5575,16.5485,16.5545
2018-04-03 10:00:00,16.553,16.566,16.5485,16.560999999999996
2018-04-03 10:15:00,16.559,16.571,16.5585,16.5645
2018-04-03 10:30:00,16.565,16.565,16.549500000000002,16.5535
2018-04-03 10:45:00,16.5545,16.557,16.535,16.54
2018-04-03 11:00:00,16.538,16.543000000000003,16.521,16.537499999999998
2018-04-03 11:15:00,16.538,16.551,16.5325,16.551
2018-04-03 11:30:00,16.5475,16.552,16.542,16.551
2018-04-03 11:45:00,16.551,16.5625,16.551,16.555500000000002
2018-04-03 12:00:00,16.5575,16.598000000000003,16.551,16.5895
2018-04-03 12:15:00,16.591,16.622500000000002,16.588,16.598499999999998
2018-04-03 12:30:00,16.595,16.601,16.547,16.548000000000002
2018-04-03 12:45:00,16.544,16.563,16.541,16.546
2018-04-03 13:00:00,16.5475,16.555500000000002,16.483999999999998,16.486
2018-04-03 13:15:00,16.483999999999998,16.486,16.4425,16.456
2018-04-03 13:30:00,16.456,16.471,16.442,16.455000000000002
2018-04-03 13:45:00,16.4545,16.481,16.442,16.4615
2018-04-03 14:00:00,16.456500000000002,16.4605,16.424,16.436
2018-04-03 14:15:00,16.437,16.445500000000003,16.4215,16.4255
2018-04-03 14:30:00,16.4265,16.4265,16.380499999999998,16.3925
2018-04-03 14:45:00,16.391,16.4,16.362,16.382
2018-04-03 15:00:00,16.386,16.4175,16.382,16.394000000000002
2018-04-03 15:15:00,16.3925,16.4205,16.39,16.413
2018-04-03 15:30:00,16.4085,16.429,16.408,16.416
2018-04-03 15:45:00,16.4165,16.4175,16.396500000000003,16.408499999999997
2018-04-03 16:00:00,16.408499999999997,16.4185,16.4015,16.408
2018-04-03 16:15:00,16.408,16.4325,16.4005,16.427
2018-04-03 16:30:00,16.427500000000002,16.438,16.4225,16.4265
2018-04-03 16:45:00,16.429,16.4375,16.4265,16.437
2018-04-03 17:00:00,16.437,16.4525,16.433999999999997,16.438
2018-04-03 17:15:00,16.438,16.4425,16.41,16.4235
2018-04-03 17:30:00,16.4265,16.43,16.416999999999998,16.416999999999998
2018-04-03 17:45:00,16.416999999999998,16.4215,16.408,16.409499999999998
2018-04-03 18:00:00,16.4115,16.4175,16.406499999999998,16.4125
2018-04-03 18:15:00,16.4125,16.422,16.408,16.421000000000003
2018-04-03 18:30:00,16.4175,16.4315,16.4135,16.429
2018-04-03 18:45:00,16.4295,16.43,16.415000000000003,16.418
2018-04-03 19:00:00,16.418499999999998,16.418499999999998,16.399,16.412
2018-04-03 19:15:00,16.409499999999998,16.412,16.396500000000003,16.404000000000003
2018-04-03 19:30:00,16.404000000000003,16.407,16.395500000000002,16.397000000000002
2018-04-03 19:45:00,16.3995,16.418,16.3995,16.416999999999998
2018-04-03 20:00:00,16.416999999999998,16.424,16.416,16.422
2018-04-03 20:15:00,16.42,16.425,16.4165,16.422
2018-04-03 20:30:00,16.42,16.42,16.418,16.418
2018-04-03 20:45:00,16.418,16.425,16.416999999999998,16.42
2018-04-03 22:00:00,16.428,16.433999999999997,16.42,16.427
2018-04-03 22:15:00,16.427500000000002,16.439,16.4265,16.436
2018-04-03 22:30:00,16.438,16.442,16.424,16.424
2018-04-03 22:45:00,16.425,16.435,16.424,16.4315
2018-04-03 23:00:00,16.431,16.4315,16.4245,16.4245
2018-04-03 23:15:00,16.425,16.425,16.4175,16.42
2018-04-03 23:30:00,16.419,16.4235,16.414,16.419
2018-04-03 23:45:00,16.42,16.4285,16.42,16.4205
2018-04-04 01:00:00,16.421000000000003,16.428,16.412,16.4225
2018-04-04 01:15:00,16.4225,16.4225,16.4005,16.402499999999996
2018-04-04 01:30:00,16.403000000000002,16.4175,16.403000000000002,16.4125
2018-04-04 01:45:00,16.4125,16.424,16.41,16.424
2018-04-04 02:00:00,16.424,16.4415,16.424,16.434500000000003
2018-04-04 02:15:00,16.436,16.439999999999998,16.432000000000002,16.433999999999997
2018-04-04 02:30:00,16.4345,16.441,16.429,16.4385
2018-04-04 02:45:00,16.439500000000002,16.445500000000003,16.4385,16.444
2018-04-04 03:00:00,16.443,16.443,16.426000000000002,16.427999999999997
2018-04-04 03:15:00,16.427,16.429,16.423,16.4235
2018-04-04 03:30:00,16.424,16.445500000000003,16.4235,16.441
2018-04-04 03:45:00,16.440500000000004,16.445999999999998,16.435,16.435
2018-04-04 04:00:00,16.435499999999998,16.438,16.435499999999998,16.4375
2018-04-04 04:15:00,16.4385,16.451999999999998,16.4385,16.451999999999998
2018-04-04 04:30:00,16.451999999999998,16.4625,16.447,16.457
2018-04-04 04:45:00,16.456,16.461,16.451999999999998,16.451999999999998
2018-04-04 05:00:00,16.448,16.4575,16.4375,16.439
2018-04-04 05:15:00,16.437,16.444,16.423,16.424
2018-04-04 05:30:00,16.42,16.427500000000002,16.412499999999998,16.419
2018-04-04 05:45:00,16.419,16.4325,16.419,16.431
2018-04-04 06:00:00,16.426000000000002,16.432000000000002,16.418499999999998,16.4255
2018-04-04 06:15:00,16.424500000000002,16.429,16.4175,16.4225
2018-04-04 06:30:00,16.424500000000002,16.436,16.4225,16.424500000000002
2018-04-04 06:45:00,16.423,16.434500000000003,16.4195,16.434500000000003
2018-04-04 07:00:00,16.435,16.45,16.4255,16.45
2018-04-04 07:15:00,16.4495,16.4555,16.431,16.439999999999998
2018-04-04 07:30:00,16.438999999999997,16.492,16.435499999999998,16.4835
2018-04-04 07:45:00,16.483,16.4935,16.4615,16.4815
2018-04-04 08:00:00,16.482,16.5095,16.461,16.489
2018-04-04 08:15:00,16.491,16.5205,16.4855,16.506
2018-04-04 08:30:00,16.506999999999998,16.517500000000002,16.4805,16.5035
2018-04-04 08:45:00,16.498,16.512,16.488999999999997,16.494999999999997
2018-04-04 09:00:00,16.4975,16.5165,16.4905,16.514499999999998
2018-04-04 09:15:00,16.511,16.518,16.500999999999998,16.503
2018-04-04 09:30:00,16.502499999999998,16.516000000000002,16.4915,16.516000000000002
2018-04-04 09:45:00,16.5155,16.5165,16.488,16.494500000000002
2018-04-04 10:00:00,16.4935,16.504,16.486,16.488
2018-04-04 10:15:00,16.49,16.49,16.462,16.4815
2018-04-04 10:30:00,16.482000000000003,16.482000000000003,16.444,16.468
2018-04-04 10:45:00,16.468,16.474,16.445,16.45
2018-04-04 11:00:00,16.447499999999998,16.4995,16.447,16.498
2018-04-04 11:15:00,16.495500000000003,16.497,16.4785,16.4785
2018-04-04 11:30:00,16.48,16.4865,16.471,16.483
2018-04-04 11:45:00,16.482000000000003,16.536,16.477999999999998,16.532000000000004
2018-04-04 12:00:00,16.5325,16.5355,16.477,16.483
2018-04-04 12:15:00,16.4815,16.528,16.4575,16.486
2018-04-04 12:30:00,16.486,16.491,16.461000000000002,16.466
2018-04-04 12:45:00,16.4665,16.509,16.4605,16.4745
2018-04-04 13:00:00,16.475499999999997,16.4775,16.34,16.340500000000002
2018-04-04 13:15:00,16.341,16.360999999999997,16.299999999999997,16.3225
2018-04-04 13:30:00,16.323,16.328,16.267500000000002,16.2825
2018-04-04 13:45:00,16.281499999999998,16.334500000000002,16.2535,16.3265
2018-04-04 14:00:00,16.3225,16.374499999999998,16.314,16.3525
2018-04-04 14:15:00,16.352,16.3745,16.337000000000003,16.372
2018-04-04 14:30:00,16.373500000000003,16.386499999999998,16.333000000000002,16.353499999999997
2018-04-04 14:45:00,16.353,16.353,16.288999999999998,16.301
2018-04-04 15:00:00,16.303,16.3105,16.283,16.286499999999997
2018-04-04 15:15:00,16.283,16.288999999999998,16.267500000000002,16.274
2018-04-04 15:30:00,16.275000000000002,16.314,16.27,16.31
2018-04-04 15:45:00,16.3065,16.319,16.279,16.287499999999998
2018-04-04 16:00:00,16.285,16.304000000000002,16.274,16.285500000000003
2018-04-04 16:15:00,16.285,16.305999999999997,16.277,16.305999999999997
2018-04-04 16:30:00,16.309,16.3135,16.292,16.303
2018-04-04 16:45:00,16.303,16.317999999999998,16.2885,16.2895
2018-04-04 17:00:00,16.293000000000003,16.299999999999997,16.288999999999998,16.296
2018-04-04 17:15:00,16.294999999999998,16.3145,16.273500000000002,16.302
2018-04-04 17:30:00,16.304000000000002,16.317,16.296,16.3105
2018-04-04 17:45:00,16.311,16.3165,16.309,16.311500000000002
2018-04-04 18:00:00,16.3095,16.3095,16.285,16.29
2018-04-04 18:15:00,16.288999999999998,16.301,16.283,16.288
2018-04-04 18:30:00,16.283,16.305,16.2775,16.303
2018-04-04 18:45:00,16.303,16.308,16.296,16.297
2018-04-04 19:00:00,16.297,16.308,16.293499999999998,16.297
2018-04-04 19:15:00,16.297,16.308,16.292,16.303
2018-04-04 19:30:00,16.303,16.313,16.302,16.313
2018-04-04 19:45:00,16.311999999999998,16.319,16.302,16.311999999999998
2018-04-04 20:00:00,16.316,16.321,16.313,16.318500000000004
2018-04-04 20:15:00,16.3195,16.321,16.3125,16.3125
2018-04-04 20:30:00,16.317500000000003,16.326999999999998,16.317500000000003,16.3245
2018-04-04 20:45:00,16.325,16.328,16.3195,16.3245
2018-04-04 22:00:00,16.323999999999998,16.331,16.315,16.328
2018-04-04 22:15:00,16.328500000000002,16.359,16.328,16.352
2018-04-04 22:30:00,16.352,16.352,16.334,16.338
2018-04-04 22:45:00,16.339,16.342499999999998,16.333000000000002,16.3355
2018-04-04 23:00:00,16.336000000000002,16.34,16.329,16.329
2018-04-04 23:15:00,16.3315,16.3355,16.323,16.323
2018-04-04 23:30:00,16.323999999999998,16.33,16.314,16.319
2018-04-04 23:45:00,16.3225,16.323,16.313,16.3145
2018-04-05 01:00:00,16.2955,16.3135,16.2955,16.305999999999997
2018-04-05 01:15:00,16.305500000000002,16.305999999999997,16.296,16.2965
2018-04-05 01:30:00,16.297,16.305999999999997,16.2965,16.297
2018-04-05 01:45:00,16.302,16.3035,16.2965,16.2975
2018-04-05 02:00:00,16.297,16.3095,16.296,16.307
2018-04-05 02:15:00,16.307,16.314,16.3015,16.3075
2018-04-05 02:30:00,16.3075,16.3075,16.2975,16.3025
2018-04-05 02:45:00,16.3015,16.3095,16.3015,16.308
2018-04-05 03:00:00,16.310000000000002,16.310000000000002,16.3025,16.309
2018-04-05 03:15:00,16.308500000000002,16.308500000000002,16.299500000000002,16.303
2018-04-05 03:30:00,16.3045,16.309,16.299,16.307
2018-04-05 03:45:00,16.308,16.309,16.2975,16.2975
2018-04-05 04:00:00,16.298000000000002,16.298000000000002,16.277,16.277
2018-04-05 04:15:00,16.2765,16.2825,16.266,16.2665
2018-04-05 04:30:00,16.266,16.3065,16.262,16.275000000000002
2018-04-05 04:45:00,16.275000000000002,16.28,16.275000000000002,16.28
2018-04-05 05:00:00,16.280499999999996,16.291,16.277,16.2905
2018-04-05 05:15:00,16.2895,16.296,16.2845,16.29
2018-04-05 05:30:00,16.291,16.296499999999998,16.285,16.292
2018-04-05 05:45:00,16.29,16.2915,16.2825,16.2885
2018-04-05 06:00:00,16.288999999999998,16.2905,16.276000000000003,16.276000000000003
2018-04-05 06:15:00,16.276000000000003,16.276000000000003,16.254,16.265
2018-04-05 06:30:00,16.262500000000003,16.2715,16.255,16.2605
2018-04-05 06:45:00,16.259,16.271,16.255,16.2665
2018-04-05 07:00:00,16.2655,16.2655,16.190500000000004,16.2245
2018-04-05 07:15:00,16.2245,16.271,16.2195,16.248
2018-04-05 07:30:00,16.2485,16.269,16.2375,16.256999999999998
2018-04-05 07:45:00,16.258,16.261,16.2415,16.2415
2018-04-05 08:00:00,16.242,16.254,16.237000000000002,16.238500000000002
2018-04-05 08:15:00,16.238,16.2735,16.227999999999998,16.2655
2018-04-05 08:30:00,16.265,16.265,16.227,16.231499999999997
2018-04-05 08:45:00,16.228,16.235,16.225,16.2285
2018-04-05 09:00:00,16.226499999999998,16.232000000000003,16.219499999999996,16.231
2018-04-05 09:15:00,16.232000000000003,16.2465,16.229,16.246
2018-04-05 09:30:00,16.2465,16.2555,16.241,16.2415
2018-04-05 09:45:00,16.241,16.250500000000002,16.238999999999997,16.2425
2018-04-05 10:00:00,16.2425,16.293000000000003,16.2425,16.2855
2018-04-05 10:15:00,16.286,16.3015,16.2685,16.296499999999998
2018-04-05 10:30:00,16.2975,16.307,16.286,16.3045
2018-04-05 10:45:00,16.304,16.3075,16.284,16.2895
2018-04-05 11:00:00,16.287000000000003,16.3155,16.284,16.2975
2018-04-05 11:15:00,16.294999999999998,16.299,16.2745,16.277
2018-04-05 11:30:00,16.278,16.2835,16.264499999999998,16.2835
2018-04-05 11:45:00,16.284,16.293499999999998,16.2785,16.288999999999998
2018-04-05 12:00:00,16.2905,16.304000000000002,16.2895,16.304000000000002
2018-04-05 12:15:00,16.3025,16.31,16.237000000000002,16.2485
2018-04-05 12:30:00,16.247,16.281000000000002,16.242,16.267
2018-04-05 12:45:00,16.268,16.272000000000002,16.222,16.2245
2018-04-05 13:00:00,16.223,16.245,16.2115,16.2335
2018-04-05 13:15:00,16.231499999999997,16.2375,16.21,16.2155
2018-04-05 13:30:00,16.217,16.3895,16.211000000000002,16.377
2018-04-05 13:45:00,16.378999999999998,16.4025,16.3655,16.3775
2018-04-05 14:00:00,16.38,16.3825,16.3375,16.354499999999998
2018-04-05 14:15:00,16.3555,16.365,16.296,16.3095
2018-04-05 14:30:00,16.307,16.3345,16.305,16.313499999999998
2018-04-05 14:45:00,16.315,16.33,16.285500000000003,16.321
2018-04-05 15:00:00,16.3215,16.366999999999997,16.3215,16.351499999999998
2018-04-05 15:15:00,16.349,16.365000000000002,16.334500000000002,16.344
2018-04-05 15:30:00,16.3415,16.363500000000002,16.3385,16.352
2018-04-05 15:45:00,16.352,16.38,16.349999999999998,16.377
2018-04-05 16:00:00,16.375,16.387999999999998,16.3625,16.373500000000003
2018-04-05 16:15:00,16.374499999999998,16.377,16.3565,16.365000000000002
2018-04-05 16:30:00,16.365000000000002,16.383,16.365000000000002,16.3815
2018-04-05 16:45:00,16.3815,16.398000000000003,16.379500000000004,16.395
2018-04-05 17:00:00,16.394000000000002,16.427,16.389,16.410999999999998
2018-04-05 17:15:00,16.410999999999998,16.416,16.355999999999998,16.360500000000002
2018-04-05 17:30:00,16.360999999999997,16.3825,16.360999999999997,16.372999999999998
2018-04-05 17:45:00,16.372,16.381,16.362,16.371000000000002
2018-04-05 18:00:00,16.371000000000002,16.372,16.363,16.371000000000002
2018-04-05 18:15:00,16.371000000000002,16.386499999999998,16.366999999999997,16.385499999999997
2018-04-05 18:30:00,16.384999999999998,16.3925,16.384,16.39
2018-04-05 18:45:00,16.3875,16.3985,16.3875,16.3985
2018-04-05 19:00:00,16.399,16.404000000000003,16.396,16.399
2018-04-05 19:15:00,16.401,16.405,16.398000000000003,16.399
2018-04-05 19:30:00,16.399,16.399,16.3885,16.393
2018-04-05 19:45:00,16.394000000000002,16.397000000000002,16.3875,16.397000000000002
2018-04-05 20:00:00,16.3965,16.402499999999996,16.392,16.4
2018-04-05 20:15:00,16.399,16.3995,16.387999999999998,16.389
2018-04-05 20:30:00,16.393,16.395,16.3855,16.386
2018-04-05 20:45:00,16.387,16.392,16.3765,16.377
2018-04-05 22:00:00,16.375,16.3965,16.375,16.386499999999998
2018-04-05 22:15:00,16.387999999999998,16.3945,16.384999999999998,16.391
2018-04-05 22:30:00,16.3945,16.395,16.389,16.39
2018-04-05 22:45:00,16.391,16.4055,16.384999999999998,16.401
2018-04-05 23:00:00,16.401,16.409000000000002,16.390500000000003,16.408
2018-04-05 23:15:00,16.408499999999997,16.409499999999998,16.3985,16.409499999999998
2018-04-05 23:30:00,16.4115,16.435499999999998,16.4055,16.435
2018-04-05 23:45:00,16.431,16.435,16.404000000000003,16.421000000000003
2018-04-06 01:00:00,16.427,16.444,16.4265,16.442
2018-04-06 01:15:00,16.439999999999998,16.447,16.4295,16.436
2018-04-06 01:30:00,16.435499999999998,16.441,16.431,16.436
2018-04-06 01:45:00,16.4365,16.4425,16.434500000000003,16.435499999999998
2018-04-06 02:00:00,16.436,16.436,16.42,16.42
2018-04-06 02:15:00,16.42,16.421000000000003,16.41,16.42
2018-04-06 02:30:00,16.4215,16.4295,16.418499999999998,16.418499999999998
2018-04-06 02:45:00,16.4195,16.4245,16.4175,16.419
2018-04-06 03:00:00,16.419,16.422,16.412499999999998,16.415499999999998
2018-04-06 03:15:00,16.412,16.414499999999997,16.3945,16.4
2018-04-06 03:30:00,16.3995,16.4005,16.387999999999998,16.3895
2018-04-06 03:45:00,16.389,16.401,16.389,16.3995
2018-04-06 04:00:00,16.3985,16.4,16.389,16.395
2018-04-06 04:15:00,16.394000000000002,16.4,16.3735,16.378999999999998
2018-04-06 04:30:00,16.377,16.378500000000003,16.34,16.3405
2018-04-06 04:45:00,16.332,16.3575,16.3195,16.348499999999998
2018-04-06 05:00:00,16.353,16.358,16.339000000000002,16.352
2018-04-06 05:15:00,16.354499999999998,16.357,16.333000000000002,16.345
2018-04-06 05:30:00,16.343000000000004,16.357499999999998,16.342499999999998,16.351499999999998
2018-04-06 05:45:00,16.3505,16.3595,16.3455,16.355
2018-04-06 06:00:00,16.3555,16.357,16.326999999999998,16.334500000000002
2018-04-06 06:15:00,16.335,16.346500000000002,16.317999999999998,16.335
2018-04-06 06:30:00,16.3355,16.347,16.317999999999998,16.317999999999998
2018-04-06 06:45:00,16.317999999999998,16.333000000000002,16.313,16.328
2018-04-06 07:00:00,16.3265,16.328,16.304000000000002,16.317999999999998
2018-04-06 07:15:00,16.317999999999998,16.323500000000003,16.27,16.274499999999996
2018-04-06 07:30:00,16.28,16.296499999999998,16.271,16.2955
2018-04-06 07:45:00,16.293499999999998,16.318500000000004,16.286499999999997,16.3165
2018-04-06 08:00:00,16.3155,16.3265,16.3065,16.309
2018-04-06 08:15:00,16.3095,16.311,16.2955,16.302
2018-04-06 08:30:00,16.299999999999997,16.3155,16.297,16.3155
2018-04-06 08:45:00,16.3145,16.316,16.305999999999997,16.3065
2018-04-06 09:00:00,16.3065,16.317500000000003,16.3015,16.311999999999998
2018-04-06 09:15:00,16.311999999999998,16.326,16.311500000000002,16.316
2018-04-06 09:30:00,16.314,16.332,16.312500000000004,16.3275
2018-04-06 09:45:00,16.328,16.332,16.317500000000003,16.326999999999998
2018-04-06 10:00:00,16.3265,16.329,16.307,16.3165
2018-04-06 10:15:00,16.317500000000003,16.3195,16.292499999999997,16.3025
2018-04-06 10:30:00,16.302,16.303,16.296,16.297
2018-04-06 10:45:00,16.2975,16.3015,16.292499999999997,16.292499999999997
2018-04-06 11:00:00,16.293000000000003,16.2985,16.282000000000004,16.2905
2018-04-06 11:15:00,16.2905,16.318500000000004,16.285,16.3075
2018-04-06 11:30:00,16.307,16.307,16.287499999999998,16.294999999999998
2018-04-06 11:45:00,16.293499999999998,16.3005,16.288,16.288999999999998
2018-04-06 12:00:00,16.292499999999997,16.305999999999997,16.274,16.299500000000002
2018-04-06 12:15:00,16.305,16.3945,16.294999999999998,16.3355
2018-04-06 12:30:00,16.3375,16.471999999999998,16.3375,16.391
2018-04-06 12:45:00,16.3915,16.458000000000002,16.316,16.445999999999998
2018-04-06 13:00:00,16.447,16.468,16.4265,16.441
2018-04-06 13:15:00,16.442,16.4995,16.438999999999997,16.482000000000003
2018-04-06 13:30:00,16.4845,16.497,16.453,16.488999999999997
2018-04-06 13:45:00,16.493000000000002,16.494999999999997,16.397499999999997,16.431
2018-04-06 14:00:00,16.432000000000002,16.457,16.422,16.443
2018-04-06 14:15:00,16.442,16.4465,16.389,16.399
2018-04-06 14:30:00,16.403499999999998,16.4425,16.3995,16.422
2018-04-06 14:45:00,16.423,16.439500000000002,16.38,16.389
2018-04-06 15:00:00,16.390500000000003,16.395500000000002,16.357,16.37
2018-04-06 15:15:00,16.368,16.39,16.348499999999998,16.381
2018-04-06 15:30:00,16.384999999999998,16.3975,16.3575,16.396500000000003
2018-04-06 15:45:00,16.397000000000002,16.407,16.381,16.391499999999997
2018-04-06 16:00:00,16.3945,16.405,16.378999999999998,16.386499999999998
2018-04-06 16:15:00,16.387,16.3935,16.371000000000002,16.3715
2018-04-06 16:30:00,16.372999999999998,16.3825,16.348000000000003,16.3625
2018-04-06 16:45:00,16.363,16.387999999999998,16.3565,16.382
2018-04-06 17:00:00,16.384,16.387,16.3455,16.347
2018-04-06 17:15:00,16.346,16.4015,16.346,16.395
2018-04-06 17:30:00,16.396,16.4,16.372,16.375
2018-04-06 17:45:00,16.376,16.3805,16.359,16.36
2018-04-06 18:00:00,16.363,16.377,16.357,16.377
2018-04-06 18:15:00,16.377,16.384500000000003,16.3655,16.366
2018-04-06 18:30:00,16.366,16.368,16.344,16.351
2018-04-06 18:45:00,16.351,16.363,16.341,16.3615
2018-04-06 19:00:00,16.360999999999997,16.3815,16.360999999999997,16.377
2018-04-06 19:15:00,16.376,16.381,16.366,16.372
2018-04-06 19:30:00,16.371000000000002,16.382,16.371000000000002,16.381
2018-04-06 19:45:00,16.382,16.382,16.37,16.371000000000002
2018-04-06 20:00:00,16.372,16.3835,16.3705,16.382
2018-04-06 20:15:00,16.382,16.3825,16.3765,16.377
2018-04-06 20:30:00,16.377999999999997,16.386499999999998,16.377,16.381
2018-04-06 20:45:00,16.380499999999998,16.3825,16.372,16.377
2018-04-08 22:00:00,16.43,16.433999999999997,16.410000000000004,16.421000000000003
2018-04-08 22:15:00,16.421000000000003,16.426000000000002,16.407,16.412
2018-04-08 22:30:00,16.4115,16.4265,16.4065,16.4255
2018-04-08 22:45:00,16.4265,16.4265,16.4175,16.421999999999997
2018-04-08 23:00:00,16.4235,16.4285,16.415499999999998,16.4195
2018-04-08 23:15:00,16.4185,16.424500000000002,16.4135,16.415499999999998
2018-04-08 23:30:00,16.415499999999998,16.4355,16.402,16.402
2018-04-08 23:45:00,16.406,16.412499999999998,16.4005,16.410999999999998
2018-04-09 01:00:00,16.409000000000002,16.422,16.397000000000002,16.398000000000003
2018-04-09 01:15:00,16.3995,16.4005,16.381,16.382
2018-04-09 01:30:00,16.387999999999998,16.408499999999997,16.384,16.401
2018-04-09 01:45:00,16.403000000000002,16.408,16.396500000000003,16.396500000000003
2018-04-09 02:00:00,16.398000000000003,16.41,16.396,16.4045
2018-04-09 02:15:00,16.407,16.416999999999998,16.4005,16.416999999999998
2018-04-09 02:30:00,16.415000000000003,16.427999999999997,16.415000000000003,16.427
2018-04-09 02:45:00,16.429,16.437,16.425,16.433500000000002
2018-04-09 03:00:00,16.440500000000004,16.441,16.42,16.429
2018-04-09 03:15:00,16.424500000000002,16.427,16.4195,16.426000000000002
2018-04-09 03:30:00,16.427,16.432999999999996,16.416999999999998,16.432999999999996
2018-04-09 03:45:00,16.432000000000002,16.434500000000003,16.416999999999998,16.421000000000003
2018-04-09 04:00:00,16.4205,16.424,16.411,16.423
2018-04-09 04:15:00,16.424,16.427,16.421000000000003,16.424
2018-04-09 04:30:00,16.4265,16.435,16.421000000000003,16.431
2018-04-09 04:45:00,16.432999999999996,16.432999999999996,16.421000000000003,16.424
2018-04-09 05:00:00,16.424,16.4255,16.419,16.42
2018-04-09 05:15:00,16.419,16.425,16.415499999999998,16.421000000000003
2018-04-09 05:30:00,16.4205,16.444,16.4205,16.436
2018-04-09 05:45:00,16.4355,16.439999999999998,16.4285,16.4355
2018-04-09 06:00:00,16.433,16.433999999999997,16.4055,16.427
2018-04-09 06:15:00,16.427999999999997,16.43,16.416,16.427999999999997
2018-04-09 06:30:00,16.4255,16.438999999999997,16.419,16.436
2018-04-09 06:45:00,16.4375,16.4375,16.427500000000002,16.427999999999997
2018-04-09 07:00:00,16.427,16.429,16.3795,16.382
2018-04-09 07:15:00,16.377999999999997,16.394000000000002,16.3705,16.389
2018-04-09 07:30:00,16.3935,16.394000000000002,16.372,16.384999999999998
2018-04-09 07:45:00,16.386,16.397000000000002,16.381,16.390500000000003
2018-04-09 08:00:00,16.3895,16.398000000000003,16.381,16.3925
2018-04-09 08:15:00,16.3925,16.402,16.3815,16.3895
2018-04-09 08:30:00,16.3935,16.3965,16.326,16.366500000000002
2018-04-09 08:45:00,16.366,16.38,16.360999999999997,16.3705
2018-04-09 09:00:00,16.3695,16.3815,16.3685,16.372500000000002
2018-04-09 09:15:00,16.372500000000002,16.3905,16.372500000000002,16.375
2018-04-09 09:30:00,16.374,16.374,16.356,16.362
2018-04-09 09:45:00,16.362,16.369,16.3455,16.3455
2018-04-09 10:00:00,16.3455,16.352,16.337,16.341
2018-04-09 10:15:00,16.3415,16.346,16.336499999999997,16.3395
2018-04-09 10:30:00,16.341,16.358,16.338,16.35
2018-04-09 10:45:00,16.35,16.357499999999998,16.342000000000002,16.35
2018-04-09 11:00:00,16.351499999999998,16.364,16.337,16.343
2018-04-09 11:15:00,16.344,16.357,16.338,16.345
2018-04-09 11:30:00,16.3455,16.361,16.345000000000002,16.3575
2018-04-09 11:45:00,16.356,16.369,16.342000000000002,16.366500000000002
2018-04-09 12:00:00,16.366500000000002,16.399,16.358,16.3905
2018-04-09 12:15:00,16.3915,16.4015,16.3855,16.386
2018-04-09 12:30:00,16.389,16.410999999999998,16.381,16.410999999999998
2018-04-09 12:45:00,16.410999999999998,16.440500000000004,16.403000000000002,16.427500000000002
2018-04-09 13:00:00,16.433500000000002,16.4385,16.3975,16.427999999999997
2018-04-09 13:15:00,16.431,16.4415,16.412,16.428
2018-04-09 13:30:00,16.428,16.4485,16.386499999999998,16.392
2018-04-09 13:45:00,16.393,16.431,16.393,16.4215
2018-04-09 14:00:00,16.424500000000002,16.427,16.396,16.402
2018-04-09 14:15:00,16.400000000000002,16.4265,16.3965,16.4215
2018-04-09 14:30:00,16.422,16.465,16.42,16.46
2018-04-09 14:45:00,16.4615,16.464499999999997,16.4285,16.4325
2018-04-09 15:00:00,16.4325,16.4575,16.4265,16.4575
2018-04-09 15:15:00,16.4535,16.4865,16.451999999999998,16.453
2018-04-09 15:30:00,16.451999999999998,16.4625,16.4385,16.46
2018-04-09 15:45:00,16.4555,16.467499999999998,16.444,16.4595
2018-04-09 16:00:00,16.462,16.4695,16.453,16.464000000000002
2018-04-09 16:15:00,16.464000000000002,16.470000000000002,16.4505,16.4665
2018-04-09 16:30:00,16.4695,16.5115,16.469,16.5035
2018-04-09 16:45:00,16.5035,16.508,16.4925,16.498
2018-04-09 17:00:00,16.499,16.555500000000002,16.499,16.554000000000002
2018-04-09 17:15:00,16.555500000000002,16.5585,16.5235,16.5235
2018-04-09 17:30:00,16.524,16.5455,16.5235,16.5425
2018-04-09 17:45:00,16.54,16.5505,16.525499999999997,16.5335
2018-04-09 18:00:00,16.534499999999998,16.5455,16.530499999999996,16.536499999999997
2018-04-09 18:15:00,16.5355,16.539,16.5275,16.531499999999998
2018-04-09 18:30:00,16.53,16.5425,16.5275,16.5425
2018-04-09 18:45:00,16.5435,16.5475,16.536,16.54
2018-04-09 19:00:00,16.537000000000003,16.537000000000003,16.5115,16.516000000000002
2018-04-09 19:15:00,16.516000000000002,16.5195,16.5015,16.502
2018-04-09 19:30:00,16.500999999999998,16.509999999999998,16.500500000000002,16.5055
2018-04-09 19:45:00,16.5055,16.5115,16.4995,16.506500000000003
2018-04-09 20:00:00,16.506,16.511,16.5055,16.5055
2018-04-09 20:15:00,16.503999999999998,16.506,16.500500000000002,16.5045
2018-04-09 20:30:00,16.500999999999998,16.500999999999998,16.494500000000002,16.4955
2018-04-09 20:45:00,16.4975,16.4975,16.4905,16.4965
2018-04-09 22:00:00,16.494999999999997,16.5055,16.488500000000002,16.5045
2018-04-09 22:15:00,16.497,16.5115,16.4955,16.4955
2018-04-09 22:30:00,16.4955,16.4975,16.4925,16.4935
2018-04-09 22:45:00,16.4935,16.4955,16.4845,16.4865
2018-04-09 23:00:00,16.487000000000002,16.4915,16.4825,16.4825
2018-04-09 23:15:00,16.4815,16.4895,16.4815,16.4865
2018-04-09 23:30:00,16.4895,16.4965,16.486,16.491
2018-04-09 23:45:00,16.4895,16.503,16.4895,16.4955
2018-04-10 01:00:00,16.523,16.523,16.5045,16.5055
2018-04-10 01:15:00,16.505,16.512500000000003,16.488500000000002,16.497
2018-04-10 01:30:00,16.497,16.5035,16.4845,16.4905
2018-04-10 01:45:00,16.491,16.491,16.4715,16.4775
2018-04-10 02:00:00,16.471999999999998,16.483,16.464000000000002,16.474
2018-04-10 02:15:00,16.475,16.486,16.463,16.4805
2018-04-10 02:30:00,16.48,16.4955,16.48,16.485
2018-04-10 02:45:00,16.485,16.493,16.485,16.485500000000002
2018-04-10 03:00:00,16.485500000000002,16.487,16.472,16.474
2018-04-10 03:15:00,16.475,16.477999999999998,16.4625,16.4695
2018-04-10 03:30:00,16.4715,16.4725,16.4385,16.4465
2018-04-10 03:45:00,16.447499999999998,16.4615,16.4385,16.46
2018-04-10 04:00:00,16.46,16.4665,16.456,16.4615
2018-04-10 04:15:00,16.462500000000002,16.4675,16.461000000000002,16.462500000000002
2018-04-10 04:30:00,16.4625,16.4685,16.4625,16.4675
2018-04-10 04:45:00,16.466,16.473499999999998,16.466,16.4725
2018-04-10 05:00:00,16.4695,16.471999999999998,16.448999999999998,16.453
2018-04-10 05:15:00,16.4495,16.4525,16.437,16.4465
2018-04-10 05:30:00,16.4445,16.464000000000002,16.443,16.456500000000002
2018-04-10 05:45:00,16.456500000000002,16.462500000000002,16.454,16.4605
2018-04-10 06:00:00,16.4605,16.462,16.4505,16.453
2018-04-10 06:15:00,16.453,16.4665,16.451,16.455000000000002
2018-04-10 06:30:00,16.456,16.476499999999998,16.454,16.4725
2018-04-10 06:45:00,16.474,16.48,16.463,16.475499999999997
2018-04-10 07:00:00,16.476000000000003,16.483,16.459000000000003,16.463
2018-04-10 07:15:00,16.463,16.491,16.459000000000003,16.488500000000002
2018-04-10 07:30:00,16.486,16.508,16.486,16.500500000000002
2018-04-10 07:45:00,16.499999999999996,16.5205,16.494999999999997,16.514499999999998
2018-04-10 08:00:00,16.516000000000002,16.517500000000002,16.4925,16.4925
2018-04-10 08:15:00,16.492,16.5015,16.4805,16.4805
2018-04-10 08:30:00,16.4805,16.5075,16.4775,16.496
2018-04-10 08:45:00,16.497999999999998,16.521,16.4965,16.5205
2018-04-10 09:00:00,16.517,16.53,16.506999999999998,16.506999999999998
2018-04-10 09:15:00,16.506999999999998,16.518,16.5025,16.5165
2018-04-10 09:30:00,16.517500000000002,16.517500000000002,16.500500000000002,16.5015
2018-04-10 09:45:00,16.5025,16.504,16.491500000000002,16.497
2018-04-10 10:00:00,16.496,16.512500000000003,16.492,16.5095
2018-04-10 10:15:00,16.509,16.5115,16.4965,16.4995
2018-04-10 10:30:00,16.5,16.5105,16.4955,16.509
2018-04-10 10:45:00,16.509,16.5105,16.4975,16.499
2018-04-10 11:00:00,16.4985,16.506999999999998,16.4815,16.502
2018-04-10 11:15:00,16.500999999999998,16.5275,16.500999999999998,16.5275
2018-04-10 11:30:00,16.5245,16.566,16.522,16.5545
2018-04-10 11:45:00,16.556500000000003,16.5595,16.529500000000002,16.531499999999998
2018-04-10 12:00:00,16.5275,16.5695,16.526000000000003,16.5595
2018-04-10 12:15:00,16.5595,16.597,16.5595,16.5965
2018-04-10 12:30:00,16.592499999999998,16.623500000000003,16.567999999999998,16.589
2018-04-10 12:45:00,16.5855,16.6035,16.5535,16.5965
2018-04-10 13:00:00,16.592499999999998,16.6445,16.584,16.630499999999998
2018-04-10 13:15:00,16.631999999999998,16.647499999999997,16.619,16.63
2018-04-10 13:30:00,16.634,16.653499999999998,16.627,16.6335
2018-04-10 13:45:00,16.632,16.632,16.519000000000002,16.55
2018-04-10 14:00:00,16.549500000000002,16.5955,16.549500000000002,16.588
2018-04-10 14:15:00,16.587000000000003,16.6205,16.587000000000003,16.6035
2018-04-10 14:30:00,16.604,16.619,16.585499999999996,16.6025
2018-04-10 14:45:00,16.6035,16.6185,16.597499999999997,16.6085
2018-04-10 15:00:00,16.613,16.617500000000003,16.594,16.601
2018-04-10 15:15:00,16.601,16.604000000000003,16.549,16.560999999999996
2018-04-10 15:30:00,16.561999999999998,16.579,16.553,16.573999999999998
2018-04-10 15:45:00,16.573,16.592000000000002,16.569,16.591
2018-04-10 16:00:00,16.59,16.6015,16.5885,16.5885
2018-04-10 16:15:00,16.588,16.5935,16.573999999999998,16.592499999999998
2018-04-10 16:30:00,16.590500000000002,16.603,16.582,16.599
2018-04-10 16:45:00,16.597499999999997,16.6065,16.590500000000002,16.597
2018-04-10 17:00:00,16.597499999999997,16.604,16.588,16.598
2018-04-10 17:15:00,16.599,16.618,16.587000000000003,16.612
2018-04-10 17:30:00,16.610999999999997,16.6135,16.593000000000004,16.597
2018-04-10 17:45:00,16.5995,16.602,16.575,16.578
2018-04-10 18:00:00,16.577,16.592000000000002,16.5745,16.5895
2018-04-10 18:15:00,16.5875,16.598000000000003,16.586000000000002,16.5945
2018-04-10 18:30:00,16.593000000000004,16.6055,16.5895,16.6025
2018-04-10 18:45:00,16.6035,16.616,16.598499999999998,16.616
2018-04-10 19:00:00,16.6145,16.6185,16.605999999999998,16.610999999999997
2018-04-10 19:15:00,16.613,16.6155,16.585,16.589
2018-04-10 19:30:00,16.5885,16.5885,16.580000000000002,16.581000000000003
2018-04-10 19:45:00,16.582,16.586000000000002,16.580000000000002,16.5825
2018-04-10 20:00:00,16.583,16.583,16.576,16.578500000000002
2018-04-10 20:15:00,16.578500000000002,16.578500000000002,16.573999999999998,16.5765
2018-04-10 20:30:00,16.575499999999998,16.579500000000003,16.5725,16.578
2018-04-10 20:45:00,16.575499999999998,16.579,16.560999999999996,16.567
2018-04-10 22:00:00,16.573999999999998,16.579,16.567,16.573999999999998
2018-04-10 22:15:00,16.5745,16.5825,16.5745,16.5825
2018-04-10 22:30:00,16.5835,16.5835,16.573999999999998,16.5775
2018-04-10 22:45:00,16.578500000000002,16.589000000000002,16.578500000000002,16.584500000000002
2018-04-10 23:00:00,16.5835,16.591499999999996,16.580499999999997,16.5885
2018-04-10 23:15:00,16.588,16.5965,16.586499999999997,16.5875
2018-04-10 23:30:00,16.584500000000002,16.595,16.584500000000002,16.594
2018-04-10 23:45:00,16.595,16.598000000000003,16.592000000000002,16.5965
2018-04-11 01:00:00,16.598499999999998,16.601,16.5855,16.589
2018-04-11 01:15:00,16.589000000000002,16.591,16.575,16.581000000000003
2018-04-11 01:30:00,16.5815,16.583,16.5655,16.57
2018-04-11 01:45:00,16.570999999999998,16.578500000000002,16.562500000000004,16.562500000000004
2018-04-11 02:00:00,16.562500000000004,16.566,16.5515,16.56
2018-04-11 02:15:00,16.561500000000002,16.5775,16.5595,16.570999999999998
2018-04-11 02:30:00,16.5715,16.5775,16.561500000000002,16.567
2018-04-11 02:45:00,16.5645,16.5665,16.5575,16.559
2018-04-11 03:00:00,16.56,16.5655,16.5525,16.5535
2018-04-11 03:15:00,16.558,16.5605,16.553,16.553
2018-04-11 03:30:00,16.553,16.563,16.553,16.5585
2018-04-11 03:45:00,16.5585,16.569,16.5585,16.567999999999998
2018-04-11 04:00:00,16.567999999999998,16.572,16.562500000000004,16.563
2018-04-11 04:15:00,16.567,16.573999999999998,16.561500000000002,16.563499999999998
2018-04-11 04:30:00,16.563,16.57,16.5585,16.5645
2018-04-11 04:45:00,16.565,16.5695,16.5625,16.5695
2018-04-11 05:00:00,16.5695,16.580000000000002,16.5685,16.579
2018-04-11 05:15:00,16.579,16.584,16.5685,16.572
2018-04-11 05:30:00,16.573999999999998,16.5805,16.5655,16.576
2018-04-11 05:45:00,16.5765,16.5775,16.57,16.573
2018-04-11 06:00:00,16.5715,16.612,16.567999999999998,16.609
2018-04-11 06:15:00,16.609,16.624,16.6045,16.622500000000002
2018-04-11 06:30:00,16.622999999999998,16.637,16.619,16.6265
2018-04-11 06:45:00,16.625,16.626,16.609,16.6155
2018-04-11 07:00:00,16.615000000000002,16.6245,16.601,16.612
2018-04-11 07:15:00,16.6135,16.622999999999998,16.6065,16.6115
2018-04-11 07:30:00,16.61,16.6185,16.607499999999998,16.617500000000003
2018-04-11 07:45:00,16.616999999999997,16.618,16.603,16.605
2018-04-11 08:00:00,16.6055,16.612,16.575,16.583
2018-04-11 08:15:00,16.5855,16.5935,16.578,16.5875
2018-04-11 08:30:00,16.586499999999997,16.588,16.548000000000002,16.5505
2018-04-11 08:45:00,16.5505,16.564999999999998,16.5485,16.556500000000003
2018-04-11 09:00:00,16.5575,16.561500000000002,16.5515,16.5575
2018-04-11 09:15:00,16.557,16.5665,16.5405,16.541
2018-04-11 09:30:00,16.5395,16.5795,16.5345,16.5745
2018-04-11 09:45:00,16.573999999999998,16.5895,16.573999999999998,16.586000000000002
2018-04-11 10:00:00,16.5855,16.59,16.5835,16.5885
2018-04-11 10:15:00,16.5895,16.6185,16.5845,16.593000000000004
2018-04-11 10:30:00,16.593000000000004,16.599,16.5835,16.599
2018-04-11 10:45:00,16.597499999999997,16.601,16.569499999999998,16.593
2018-04-11 11:00:00,16.593,16.633,16.578,16.622500000000002
2018-04-11 11:15:00,16.621,16.634999999999998,16.616999999999997,16.6215
2018-04-11 11:30:00,16.622999999999998,16.644,16.607,16.607
2018-04-11 11:45:00,16.604000000000003,16.6245,16.5765,16.587000000000003
2018-04-11 12:00:00,16.5895,16.6185,16.573999999999998,16.5875
2018-04-11 12:15:00,16.585,16.6325,16.5845,16.6265
2018-04-11 12:30:00,16.6305,16.691,16.6305,16.656
2018-04-11 12:45:00,16.6555,16.663,16.6045,16.6265
2018-04-11 13:00:00,16.6255,16.6475,16.610999999999997,16.6455
2018-04-11 13:15:00,16.647000000000002,16.653000000000002,16.6005,16.635499999999997
2018-04-11 13:30:00,16.633,16.7005,16.633,16.7005
2018-04-11 13:45:00,16.7005,16.7415,16.678,16.6965
2018-04-11 14:00:00,16.697,16.735500000000002,16.6845,16.735
2018-04-11 14:15:00,16.735,16.744500000000002,16.7225,16.7315
2018-04-11 14:30:00,16.725,16.769499999999997,16.713,16.763
2018-04-11 14:45:00,16.762,16.851,16.762,16.843999999999998
2018-04-11 15:00:00,16.847,16.866,16.8175,16.8175
2018-04-11 15:15:00,16.817999999999998,16.8755,16.8175,16.8565
2018-04-11 15:30:00,16.8585,16.8695,16.847,16.8535
2018-04-11 15:45:00,16.8515,16.8595,16.79,16.796499999999998
2018-04-11 16:00:00,16.796,16.8375,16.7855,16.8325
2018-04-11 16:15:00,16.830499999999997,16.8325,16.744,16.7875
2018-04-11 16:30:00,16.787000000000003,16.817500000000003,16.781499999999998,16.817500000000003
2018-04-11 16:45:00,16.823,16.823,16.803,16.811500000000002
2018-04-11 17:00:00,16.8095,16.811500000000002,16.763,16.778
2018-04-11 17:15:00,16.7795,16.782,16.7565,16.7725
2018-04-11 17:30:00,16.773500000000002,16.793,16.7555,16.76
2018-04-11 17:45:00,16.76,16.76,16.729,16.739500000000003
2018-04-11 18:00:00,16.738999999999997,16.76,16.618,16.636499999999998
2018-04-11 18:15:00,16.636499999999998,16.6665,16.6185,16.665000000000003
2018-04-11 18:30:00,16.6645,16.6695,16.6185,16.645
2018-04-11 18:45:00,16.646,16.6625,16.639,16.646
2018-04-11 19:00:00,16.647499999999997,16.6755,16.6355,16.6655
2018-04-11 19:15:00,16.6665,16.68,16.6635,16.675
2018-04-11 19:30:00,16.675,16.676000000000002,16.66,16.6635
2018-04-11 19:45:00,16.665000000000003,16.6655,16.657,16.6655
2018-04-11 20:00:00,16.662499999999998,16.6685,16.6605,16.6675
2018-04-11 20:15:00,16.6695,16.678500000000003,16.6645,16.677500000000002
2018-04-11 20:30:00,16.677500000000002,16.679500000000004,16.671,16.678500000000003
2018-04-11 20:45:00,16.679500000000004,16.683500000000002,16.6685,16.674500000000002
2018-04-11 22:00:00,16.67,16.689500000000002,16.67,16.6845
2018-04-11 22:15:00,16.6845,16.6855,16.6845,16.6855
2018-04-11 22:30:00,16.6865,16.689,16.68,16.6815
2018-04-11 22:45:00,16.680500000000002,16.685,16.68,16.6845
2018-04-11 23:00:00,16.678,16.6845,16.666,16.6725
2018-04-11 23:15:00,16.668,16.683500000000002,16.651,16.676000000000002
2018-04-11 23:30:00,16.677,16.692,16.6755,16.682999999999996
2018-04-11 23:45:00,16.685,16.693,16.682,16.6925
2018-04-12 01:00:00,16.6765,16.681,16.6625,16.676000000000002
2018-04-12 01:15:00,16.676000000000002,16.683500000000002,16.671,16.6825
2018-04-12 01:30:00,16.6825,16.689999999999998,16.679,16.6865
2018-04-12 01:45:00,16.6855,16.6855,16.65,16.6725
2018-04-12 02:00:00,16.669,16.677,16.647000000000002,16.6505
2018-04-12 02:15:00,16.654000000000003,16.6705,16.647000000000002,16.657
2018-04-12 02:30:00,16.656499999999998,16.6565,16.637,16.642000000000003
2018-04-12 02:45:00,16.6435,16.66,16.6435,16.649
2018-04-12 03:00:00,16.65,16.6615,16.645,16.6615
2018-04-12 03:15:00,16.663,16.666999999999998,16.655,16.660999999999998
2018-04-12 03:30:00,16.657,16.6715,16.6565,16.6695
2018-04-12 03:45:00,16.671,16.6765,16.666,16.6685
2018-04-12 04:00:00,16.6675,16.67,16.656,16.660999999999998
2018-04-12 04:15:00,16.662,16.666999999999998,16.645,16.656
2018-04-12 04:30:00,16.652499999999996,16.653499999999998,16.625,16.6315
2018-04-12 04:45:00,16.63,16.6375,16.625,16.6375
2018-04-12 05:00:00,16.636499999999998,16.637,16.626,16.627
2018-04-12 05:15:00,16.627,16.646,16.6255,16.641000000000002
2018-04-12 05:30:00,16.6435,16.648000000000003,16.6375,16.648000000000003
2018-04-12 05:45:00,16.647499999999997,16.6575,16.6425,16.6515
2018-04-12 06:00:00,16.6505,16.669,16.6435,16.669
2018-04-12 06:15:00,16.669,16.673,16.6615,16.673
2018-04-12 06:30:00,16.673,16.682,16.666999999999998,16.678500000000003
2018-04-12 06:45:00,16.676000000000002,16.686,16.662,16.6655
2018-04-12 07:00:00,16.6655,16.674,16.66,16.674
2018-04-12 07:15:00,16.675,16.689,16.675,16.676000000000002
2018-04-12 07:30:00,16.676000000000002,16.676000000000002,16.65,16.6655
2018-04-12 07:45:00,16.665000000000003,16.6665,16.639,16.6465
2018-04-12 08:00:00,16.647000000000002,16.662,16.6435,16.652
2018-04-12 08:15:00,16.653499999999998,16.6705,16.653499999999998,16.665000000000003
2018-04-12 08:30:00,16.6655,16.6655,16.6265,16.629500000000004
2018-04-12 08:45:00,16.634999999999998,16.6355,16.5855,16.5855
2018-04-12 09:00:00,16.591,16.6125,16.5585,16.580499999999997
2018-04-12 09:15:00,16.579,16.604000000000003,16.5735,16.598000000000003
2018-04-12 09:30:00,16.597499999999997,16.605999999999998,16.5775,16.6035
2018-04-12 09:45:00,16.603,16.6215,16.5965,16.6215
2018-04-12 10:00:00,16.621,16.6355,16.6045,16.619
2018-04-12 10:15:00,16.6185,16.628,16.596,16.6015
2018-04-12 10:30:00,16.6025,16.6025,16.5645,16.580499999999997
2018-04-12 10:45:00,16.582,16.618500000000004,16.575499999999998,16.618500000000004
2018-04-12 11:00:00,16.618500000000004,16.671999999999997,16.615000000000002,16.641499999999997
2018-04-12 11:15:00,16.641499999999997,16.660999999999998,16.633,16.6335
2018-04-12 11:30:00,16.634,16.653000000000002,16.616,16.6465
2018-04-12 11:45:00,16.6465,16.649,16.6135,16.614
2018-04-12 12:00:00,16.6125,16.6375,16.5915,16.632
2018-04-12 12:15:00,16.6325,16.6325,16.5095,16.549
2018-04-12 12:30:00,16.549,16.586000000000002,16.5415,16.5425
2018-04-12 12:45:00,16.544999999999998,16.584,16.537000000000003,16.5485
2018-04-12 13:00:00,16.5485,16.5905,16.542,16.561999999999998
2018-04-12 13:15:00,16.561999999999998,16.561999999999998,16.5115,16.538
2018-04-12 13:30:00,16.5355,16.546,16.494999999999997,16.519000000000002
2018-04-12 13:45:00,16.519000000000002,16.544999999999998,16.499,16.519000000000002
2018-04-12 14:00:00,16.515,16.549500000000002,16.4975,16.503
2018-04-12 14:15:00,16.505,16.505,16.4785,16.499
2018-04-12 14:30:00,16.4995,16.5165,16.4845,16.511
2018-04-12 14:45:00,16.5115,16.527,16.499999999999996,16.509999999999998
2018-04-12 15:00:00,16.5105,16.5285,16.500999999999998,16.5155
2018-04-12 15:15:00,16.5155,16.5275,16.4975,16.511
2018-04-12 15:30:00,16.509,16.5265,16.5025,16.517500000000002
2018-04-12 15:45:00,16.5165,16.541,16.516000000000002,16.5225
2018-04-12 16:00:00,16.5215,16.544999999999998,16.521,16.544999999999998
2018-04-12 16:15:00,16.542,16.5455,16.524,16.524
2018-04-12 16:30:00,16.5245,16.5345,16.516000000000002,16.525000000000002
2018-04-12 16:45:00,16.521,16.535,16.511,16.5285
2018-04-12 17:00:00,16.525499999999997,16.53,16.5105,16.518
2018-04-12 17:15:00,16.5165,16.5295,16.486,16.502
2018-04-12 17:30:00,16.505,16.514499999999998,16.495500000000003,16.5055
2018-04-12 17:45:00,16.5035,16.511,16.4955,16.502
2018-04-12 18:00:00,16.4975,16.506500000000003,16.4955,16.496
2018-04-12 18:15:00,16.496,16.5015,16.4825,16.488
2018-04-12 18:30:00,16.488500000000002,16.511,16.488500000000002,16.5055
2018-04-12 18:45:00,16.506,16.511,16.4955,16.496
2018-04-12 19:00:00,16.494999999999997,16.503,16.493000000000002,16.503
2018-04-12 19:15:00,16.499999999999996,16.5035,16.4725,16.475499999999997
2018-04-12 19:30:00,16.4785,16.481,16.4545,16.473
2018-04-12 19:45:00,16.473,16.488999999999997,16.469499999999996,16.488
2018-04-12 20:00:00,16.485,16.491,16.4835,16.485
2018-04-12 20:15:00,16.483999999999998,16.4875,16.475499999999997,16.4815
2018-04-12 20:30:00,16.478,16.4835,16.4725,16.477
2018-04-12 20:45:00,16.4745,16.477,16.462,16.471
2018-04-12 22:00:00,16.475,16.488500000000002,16.469,16.48
2018-04-12 22:15:00,16.4805,16.49,16.479499999999998,16.486
2018-04-12 22:30:00,16.486,16.508,16.485500000000002,16.504
2018-04-12 22:45:00,16.503,16.506,16.4935,16.500500000000002
2018-04-12 23:00:00,16.500500000000002,16.502,16.488,16.494999999999997
2018-04-12 23:15:00,16.498,16.498,16.491,16.494500000000002
2018-04-12 23:30:00,16.498,16.500999999999998,16.49,16.4975
2018-04-12 23:45:00,16.497,16.4975,16.487000000000002,16.488500000000002
2018-04-13 01:00:00,16.498,16.5165,16.498,16.5015
2018-04-13 01:15:00,16.5015,16.502,16.497,16.5015
2018-04-13 01:30:00,16.5015,16.5085,16.4995,16.500999999999998
2018-04-13 01:45:00,16.5015,16.506999999999998,16.498,16.5025
2018-04-13 02:00:00,16.5025,16.512,16.498,16.512
2018-04-13 02:15:00,16.512,16.523,16.512,16.5185
2018-04-13 02:30:00,16.518,16.532000000000004,16.515,16.5265
2018-04-13 02:45:00,16.5265,16.532,16.522,16.528
2018-04-13 03:00:00,16.527,16.527,16.511,16.517
2018-04-13 03:15:00,16.515,16.5195,16.5115,16.516000000000002
2018-04-13 03:30:00,16.517,16.527,16.512999999999998,16.527
2018-04-13 03:45:00,16.5275,16.528,16.523,16.528
2018-04-13 04:00:00,16.529500000000002,16.533,16.5265,16.528
2018-04-13 04:15:00,16.528,16.531499999999998,16.523,16.531499999999998
2018-04-13 04:30:00,16.5325,16.541,16.5245,16.528
2018-04-13 04:45:00,16.5285,16.535,16.524,16.534
2018-04-13 05:00:00,16.534,16.534,16.5285,16.5305
2018-04-13 05:15:00,16.529,16.531499999999998,16.518,16.5205
2018-04-13 05:30:00,16.5205,16.53,16.5205,16.53
2018-04-13 05:45:00,16.53,16.531000000000002,16.5105,16.5105
2018-04-13 06:00:00,16.512500000000003,16.513499999999997,16.4895,16.494999999999997
2018-04-13 06:15:00,16.4975,16.508,16.496,16.4965
2018-04-13 06:30:00,16.494999999999997,16.5045,16.4895,16.494
2018-04-13 06:45:00,16.494,16.494500000000002,16.4805,16.493999999999996
2018-04-13 07:00:00,16.4925,16.4955,16.479499999999998,16.4865
2018-04-13 07:15:00,16.488,16.524,16.482000000000003,16.5155
2018-04-13 07:30:00,16.516000000000002,16.532000000000004,16.511,16.53
2018-04-13 07:45:00,16.5305,16.536499999999997,16.524,16.533
2018-04-13 08:00:00,16.5325,16.55,16.531000000000002,16.5455
2018-04-13 08:15:00,16.5465,16.5465,16.5355,16.544999999999998
2018-04-13 08:30:00,16.5455,16.563,16.5455,16.5535
2018-04-13 08:45:00,16.552,16.5595,16.551,16.559
2018-04-13 09:00:00,16.56,16.5645,16.555,16.56
2018-04-13 09:15:00,16.56,16.5605,16.5485,16.5505
2018-04-13 09:30:00,16.551,16.5605,16.546,16.556500000000003
2018-04-13 09:45:00,16.555500000000002,16.563,16.551,16.555500000000002
2018-04-13 10:00:00,16.555500000000002,16.559,16.551,16.558999999999997
2018-04-13 10:15:00,16.556500000000003,16.5585,16.5545,16.5575
2018-04-13 10:30:00,16.558,16.558,16.551,16.5535
2018-04-13 10:45:00,16.554,16.5545,16.5215,16.524
2018-04-13 11:00:00,16.524,16.526000000000003,16.468,16.5115
2018-04-13 11:15:00,16.5125,16.5215,16.4935,16.5165
2018-04-13 11:30:00,16.518,16.5325,16.516000000000002,16.5265
2018-04-13 11:45:00,16.527,16.5325,16.503,16.5045
2018-04-13 12:00:00,16.506999999999998,16.524,16.488999999999997,16.520000000000003
2018-04-13 12:15:00,16.519000000000002,16.54,16.515,16.54
2018-04-13 12:30:00,16.544999999999998,16.598000000000003,16.5325,16.567500000000003
2018-04-13 12:45:00,16.567500000000003,16.583,16.5625,16.5725
2018-04-13 13:00:00,16.5725,16.598499999999998,16.548000000000002,16.563
2018-04-13 13:15:00,16.5625,16.610500000000002,16.547,16.610500000000002
2018-04-13 13:30:00,16.6155,16.652,16.610999999999997,16.638
2018-04-13 13:45:00,16.634999999999998,16.652,16.633,16.6485
2018-04-13 14:00:00,16.648000000000003,16.67,16.648000000000003,16.6545
2018-04-13 14:15:00,16.6555,16.669,16.6275,16.647499999999997
2018-04-13 14:30:00,16.647000000000002,16.653499999999998,16.629500000000004,16.647499999999997
2018-04-13 14:45:00,16.6485,16.681,16.6425,16.67
2018-04-13 15:00:00,16.674,16.6855,16.655,16.6755
2018-04-13 15:15:00,16.675,16.675,16.653000000000002,16.6625
2018-04-13 15:30:00,16.6645,16.669,16.653000000000002,16.654000000000003
2018-04-13 15:45:00,16.653000000000002,16.6605,16.64,16.651
2018-04-13 16:00:00,16.647000000000002,16.6635,16.6375,16.658
2018-04-13 16:15:00,16.658499999999997,16.681,16.658499999999997,16.677999999999997
2018-04-13 16:30:00,16.676000000000002,16.689,16.6755,16.689
2018-04-13 16:45:00,16.689500000000002,16.689999999999998,16.6735,16.6865
2018-04-13 17:00:00,16.6875,16.6875,16.671999999999997,16.673
2018-04-13 17:15:00,16.677,16.677999999999997,16.6625,16.673
2018-04-13 17:30:00,16.6685,16.6735,16.6555,16.656
2018-04-13 17:45:00,16.6515,16.656,16.640500000000003,16.6455
2018-04-13 18:00:00,16.647000000000002,16.657,16.644000000000002,16.652
2018-04-13 18:15:00,16.653499999999998,16.659000000000002,16.6495,16.651
2018-04-13 18:30:00,16.651,16.656,16.645,16.646
2018-04-13 18:45:00,16.645,16.646,16.627,16.642000000000003
2018-04-13 19:00:00,16.6425,16.6615,16.6425,16.652
2018-04-13 19:15:00,16.649,16.662,16.6445,16.647000000000002
2018-04-13 19:30:00,16.648000000000003,16.65,16.638,16.646
2018-04-13 19:45:00,16.646,16.6495,16.641000000000002,16.646
2018-04-13 20:00:00,16.6445,16.651,16.641000000000002,16.647000000000002
2018-04-13 20:15:00,16.652,16.658,16.643,16.655
2018-04-13 20:30:00,16.655,16.66,16.646,16.646499999999996
2018-04-13 20:45:00,16.65,16.664,16.6445,16.663
2018-04-15 22:00:00,16.674,16.677,16.5945,16.599999999999998
2018-04-15 22:15:00,16.599999999999998,16.601,16.576999999999998,16.5845
2018-04-15 22:30:00,16.585,16.61,16.5845,16.604000000000003
2018-04-15 22:45:00,16.607,16.610999999999997,16.596,16.6065
2018-04-15 23:00:00,16.607,16.624,16.598499999999998,16.6195
2018-04-15 23:15:00,16.622999999999998,16.653000000000002,16.6195,16.649
2018-04-15 23:30:00,16.648000000000003,16.652,16.63,16.6505
2018-04-15 23:45:00,16.649,16.650000000000002,16.6345,16.634999999999998
2018-04-16 01:00:00,16.636499999999998,16.683500000000002,16.636,16.6655
2018-04-16 01:15:00,16.6665,16.675,16.662499999999998,16.674500000000002
2018-04-16 01:30:00,16.6755,16.698,16.6615,16.6695
2018-04-16 01:45:00,16.669,16.682999999999996,16.662,16.681
2018-04-16 02:00:00,16.681,16.681,16.66,16.666999999999998
2018-04-16 02:15:00,16.6705,16.682000000000002,16.6615,16.675
2018-04-16 02:30:00,16.677,16.689,16.674,16.674
2018-04-16 02:45:00,16.675,16.6885,16.6675,16.683999999999997
2018-04-16 03:00:00,16.685,16.685499999999998,16.674,16.678500000000003
2018-04-16 03:15:00,16.677999999999997,16.678500000000003,16.671999999999997,16.677500000000002
2018-04-16 03:30:00,16.677500000000002,16.683500000000002,16.677500000000002,16.677999999999997
2018-04-16 03:45:00,16.677500000000002,16.677500000000002,16.661,16.6695
2018-04-16 04:00:00,16.669,16.6735,16.6655,16.668
2018-04-16 04:15:00,16.666999999999998,16.6675,16.66,16.664
2018-04-16 04:30:00,16.663,16.664,16.644000000000002,16.6505
2018-04-16 04:45:00,16.651500000000002,16.653000000000002,16.646499999999996,16.648000000000003
2018-04-16 05:00:00,16.652,16.652,16.6395,16.647000000000002
2018-04-16 05:15:00,16.647000000000002,16.651500000000002,16.642000000000003,16.65
2018-04-16 05:30:00,16.649,16.652,16.6415,16.6435
2018-04-16 05:45:00,16.645500000000002,16.6515,16.6215,16.627
2018-04-16 06:00:00,16.628999999999998,16.631999999999998,16.6205,16.628500000000003
2018-04-16 06:15:00,16.6265,16.6265,16.605999999999998,16.622500000000002
2018-04-16 06:30:00,16.621999999999996,16.621999999999996,16.6025,16.607
2018-04-16 06:45:00,16.6065,16.612,16.586499999999997,16.5885
2018-04-16 07:00:00,16.5885,16.5885,16.569,16.5775
2018-04-16 07:15:00,16.577,16.577,16.557,16.566
2018-04-16 07:30:00,16.566,16.591,16.563499999999998,16.588
2018-04-16 07:45:00,16.588,16.6185,16.588,16.6135
2018-04-16 08:00:00,16.616,16.627,16.610500000000002,16.6115
2018-04-16 08:15:00,16.6115,16.6245,16.610999999999997,16.6145
2018-04-16 08:30:00,16.616,16.6265,16.610999999999997,16.616500000000002
2018-04-16 08:45:00,16.617500000000003,16.621000000000002,16.605999999999998,16.616
2018-04-16 09:00:00,16.6155,16.6215,16.610500000000002,16.617500000000003
2018-04-16 09:15:00,16.6205,16.622500000000002,16.607,16.6125
2018-04-16 09:30:00,16.6125,16.633,16.6075,16.6275
2018-04-16 09:45:00,16.6275,16.6385,16.622500000000002,16.6275
2018-04-16 10:00:00,16.6275,16.628,16.613500000000002,16.6185
2018-04-16 10:15:00,16.619500000000002,16.6335,16.619500000000002,16.6335
2018-04-16 10:30:00,16.633,16.633,16.613500000000002,16.628
2018-04-16 10:45:00,16.628,16.63,16.6025,16.6055
2018-04-16 11:00:00,16.608,16.6085,16.5935,16.603
2018-04-16 11:15:00,16.604000000000003,16.604000000000003,16.592000000000002,16.599999999999998
2018-04-16 11:30:00,16.601,16.622999999999998,16.597499999999997,16.622999999999998
2018-04-16 11:45:00,16.622999999999998,16.622999999999998,16.6055,16.612
2018-04-16 12:00:00,16.6115,16.653000000000002,16.607,16.647499999999997
2018-04-16 12:15:00,16.648000000000003,16.648000000000003,16.6215,16.64
2018-04-16 12:30:00,16.639,16.691,16.634999999999998,16.674500000000002
2018-04-16 12:45:00,16.6795,16.709000000000003,16.6705,16.689999999999998
2018-04-16 13:00:00,16.689999999999998,16.736,16.678500000000003,16.716
2018-04-16 13:15:00,16.717,16.754,16.711,16.7305
2018-04-16 13:30:00,16.7305,16.746499999999997,16.698,16.713
2018-04-16 13:45:00,16.713,16.754,16.712,16.7375
2018-04-16 14:00:00,16.738500000000002,16.7635,16.733999999999998,16.76
2018-04-16 14:15:00,16.76,16.774499999999996,16.756,16.771
2018-04-16 14:30:00,16.772000000000002,16.7775,16.7495,16.769000000000002
2018-04-16 14:45:00,16.769000000000002,16.774,16.748,16.7495
2018-04-16 15:00:00,16.751500000000004,16.7535,16.7285,16.738
2018-04-16 15:15:00,16.738,16.741,16.714000000000002,16.7185
2018-04-16 15:30:00,16.719,16.723,16.6825,16.692
2018-04-16 15:45:00,16.696499999999997,16.718,16.6935,16.718
2018-04-16 16:00:00,16.717499999999998,16.7215,16.707,16.713
2018-04-16 16:15:00,16.715000000000003,16.7285,16.715000000000003,16.7185
2018-04-16 16:30:00,16.721,16.7235,16.706500000000002,16.711
2018-04-16 16:45:00,16.71,16.718,16.698,16.703000000000003
2018-04-16 17:00:00,16.697499999999998,16.701500000000003,16.6875,16.692
2018-04-16 17:15:00,16.689500000000002,16.6935,16.668,16.678500000000003
2018-04-16 17:30:00,16.677500000000002,16.6935,16.6695,16.6855
2018-04-16 17:45:00,16.685,16.6945,16.682000000000002,16.689500000000002
2018-04-16 18:00:00,16.6905,16.695,16.6885,16.689999999999998
2018-04-16 18:15:00,16.6885,16.694,16.6845,16.685
2018-04-16 18:30:00,16.688,16.689,16.677999999999997,16.683500000000002
2018-04-16 18:45:00,16.683999999999997,16.692,16.679,16.6855
2018-04-16 19:00:00,16.6855,16.687,16.659499999999998,16.6615
2018-04-16 19:15:00,16.665000000000003,16.677500000000002,16.6635,16.674
2018-04-16 19:30:00,16.676000000000002,16.6825,16.673,16.680500000000002
2018-04-16 19:45:00,16.681,16.681,16.6715,16.677
2018-04-16 20:00:00,16.676000000000002,16.68,16.6685,16.671999999999997
2018-04-16 20:15:00,16.673,16.677,16.6695,16.6765
2018-04-16 20:30:00,16.673,16.676000000000002,16.669,16.6695
2018-04-16 20:45:00,16.676000000000002,16.676000000000002,16.663,16.6635
2018-04-16 22:00:00,16.67,16.686,16.669,16.682999999999996
2018-04-16 22:15:00,16.6825,16.703000000000003,16.6815,16.695
2018-04-16 22:30:00,16.6945,16.6955,16.685499999999998,16.6865
2018-04-16 22:45:00,16.693,16.693,16.68,16.688
2018-04-16 23:00:00,16.688,16.693,16.682,16.689999999999998
2018-04-16 23:15:00,16.692,16.701,16.685499999999998,16.699
2018-04-16 23:30:00,16.6995,16.708000000000002,16.699,16.701
2018-04-16 23:45:00,16.7,16.709000000000003,16.697,16.7015
2018-04-17 01:00:00,16.714000000000002,16.7315,16.708000000000002,16.712
2018-04-17 01:15:00,16.713,16.717,16.701,16.709000000000003
2018-04-17 01:30:00,16.709000000000003,16.711,16.695999999999998,16.7
2018-04-17 01:45:00,16.6995,16.6995,16.6805,16.689999999999998
2018-04-17 02:00:00,16.688,16.692,16.681,16.686
2018-04-17 02:15:00,16.686,16.697,16.6845,16.6945
2018-04-17 02:30:00,16.695,16.697,16.689999999999998,16.692
2018-04-17 02:45:00,16.695,16.695999999999998,16.6875,16.6875
2018-04-17 03:00:00,16.6885,16.693,16.677,16.68
2018-04-17 03:15:00,16.6805,16.6875,16.673,16.6875
2018-04-17 03:30:00,16.682999999999996,16.6915,16.6665,16.671
2018-04-17 03:45:00,16.6725,16.681,16.671999999999997,16.680500000000002
2018-04-17 04:00:00,16.680500000000002,16.682000000000002,16.67,16.676000000000002
2018-04-17 04:15:00,16.6795,16.682999999999996,16.677,16.6815
2018-04-17 04:30:00,16.682,16.6875,16.6815,16.6825
2018-04-17 04:45:00,16.6825,16.6825,16.677500000000002,16.677500000000002
2018-04-17 05:00:00,16.681,16.6845,16.677500000000002,16.6845
2018-04-17 05:15:00,16.6825,16.682999999999996,16.677500000000002,16.678500000000003
2018-04-17 05:30:00,16.6735,16.685,16.6675,16.682999999999996
2018-04-17 05:45:00,16.682999999999996,16.703000000000003,16.682999999999996,16.702499999999997
2018-04-17 06:00:00,16.7,16.708000000000002,16.688,16.7055
2018-04-17 06:15:00,16.7055,16.721,16.7045,16.705000000000002
2018-04-17 06:30:00,16.7055,16.715999999999998,16.704,16.7095
2018-04-17 06:45:00,16.714000000000002,16.743999999999996,16.71,16.739500000000003
2018-04-17 07:00:00,16.737000000000002,16.7405,16.719,16.74
2018-04-17 07:15:00,16.739500000000003,16.7405,16.707499999999996,16.708499999999997
2018-04-17 07:30:00,16.708499999999997,16.71,16.68,16.689500000000002
2018-04-17 07:45:00,16.689,16.689,16.6135,16.6375
2018-04-17 08:00:00,16.637,16.6375,16.617500000000003,16.6335
2018-04-17 08:15:00,16.6295,16.6385,16.6095,16.614
2018-04-17 08:30:00,16.614,16.636499999999998,16.5945,16.636499999999998
2018-04-17 08:45:00,16.6375,16.6395,16.6265,16.627
2018-04-17 09:00:00,16.624,16.6335,16.616500000000002,16.6315
2018-04-17 09:15:00,16.631999999999998,16.639,16.625,16.631999999999998
2018-04-17 09:30:00,16.6325,16.634,16.6115,16.6115
2018-04-17 09:45:00,16.6125,16.617500000000003,16.591499999999996,16.595
2018-04-17 10:00:00,16.596,16.613,16.596,16.605
2018-04-17 10:15:00,16.607,16.624,16.607,16.622500000000002
2018-04-17 10:30:00,16.6205,16.633,16.6125,16.631
2018-04-17 10:45:00,16.63,16.649,16.6265,16.634999999999998
2018-04-17 11:00:00,16.634,16.641000000000002,16.6235,16.631999999999998
2018-04-17 11:15:00,16.630499999999998,16.6435,16.6085,16.638
2018-04-17 11:30:00,16.637,16.652,16.633,16.651
2018-04-17 11:45:00,16.6505,16.653000000000002,16.6425,16.6425
2018-04-17 12:00:00,16.6445,16.6665,16.6335,16.6395
2018-04-17 12:15:00,16.6395,16.656,16.6245,16.649
2018-04-17 12:30:00,16.650000000000002,16.6545,16.6045,16.621999999999996
2018-04-17 12:45:00,16.62,16.6405,16.605999999999998,16.6395
2018-04-17 13:00:00,16.636499999999998,16.6545,16.622500000000002,16.654000000000003
2018-04-17 13:15:00,16.653499999999998,16.7325,16.6495,16.697499999999998
2018-04-17 13:30:00,16.6965,16.7525,16.686999999999998,16.7305
2018-04-17 13:45:00,16.732,16.758,16.715000000000003,16.7255
2018-04-17 14:00:00,16.727,16.768,16.7155,16.743
2018-04-17 14:15:00,16.7435,16.7435,16.652,16.671999999999997
2018-04-17 14:30:00,16.671,16.720000000000002,16.6675,16.717
2018-04-17 14:45:00,16.718,16.7605,16.7155,16.7435
2018-04-17 15:00:00,16.7435,16.775000000000002,16.738,16.756
2018-04-17 15:15:00,16.758,16.774499999999996,16.7515,16.7615
2018-04-17 15:30:00,16.7625,16.775499999999997,16.736,16.7525
2018-04-17 15:45:00,16.7545,16.7575,16.7415,16.7535
2018-04-17 16:00:00,16.752499999999998,16.7745,16.7475,16.768
2018-04-17 16:15:00,16.764000000000003,16.7685,16.7525,16.7575
2018-04-17 16:30:00,16.7565,16.776,16.754,16.772000000000002
2018-04-17 16:45:00,16.772000000000002,16.7875,16.757499999999997,16.787000000000003
2018-04-17 17:00:00,16.787000000000003,16.79,16.771,16.775000000000002
2018-04-17 17:15:00,16.776,16.789,16.771,16.778
2018-04-17 17:30:00,16.7795,16.781000000000002,16.7545,16.7665
2018-04-17 17:45:00,16.767,16.7735,16.761,16.7735
2018-04-17 18:00:00,16.772,16.78,16.769000000000002,16.777
2018-04-17 18:15:00,16.781000000000002,16.7875,16.777,16.784
2018-04-17 18:30:00,16.784,16.7895,16.776,16.7775
2018-04-17 18:45:00,16.778000000000002,16.781000000000002,16.7665,16.771
2018-04-17 19:00:00,16.774,16.782,16.77,16.7785
2018-04-17 19:15:00,16.775000000000002,16.787,16.775000000000002,16.787
2018-04-17 19:30:00,16.7865,16.7985,16.7865,16.7945
2018-04-17 19:45:00,16.794,16.7945,16.771,16.7745
2018-04-17 20:00:00,16.7735,16.777,16.766,16.773
2018-04-17 20:15:00,16.775000000000002,16.782000000000004,16.7705,16.773
2018-04-17 20:30:00,16.773,16.782999999999998,16.7685,16.782999999999998
2018-04-17 20:45:00,16.7785,16.784,16.7785,16.7825
2018-04-17 22:00:00,16.7775,16.788,16.7715,16.7805
2018-04-17 22:15:00,16.7785,16.782,16.769000000000002,16.7745
2018-04-17 22:30:00,16.778,16.782999999999998,16.7665,16.773
2018-04-17 22:45:00,16.776000000000003,16.777,16.767,16.7735
2018-04-17 23:00:00,16.7735,16.778,16.7735,16.776000000000003
2018-04-17 23:15:00,16.772,16.7725,16.7625,16.771
2018-04-17 23:30:00,16.767,16.771,16.758,16.7635
2018-04-17 23:45:00,16.764000000000003,16.774,16.76,16.768
2018-04-18 01:00:00,16.759,16.763,16.744500000000002,16.763
2018-04-18 01:15:00,16.7625,16.769000000000002,16.7555,16.765
2018-04-18 01:30:00,16.764499999999998,16.765,16.750999999999998,16.755
2018-04-18 01:45:00,16.753,16.755,16.727999999999998,16.7365
2018-04-18 02:00:00,16.7365,16.753,16.736,16.7425
2018-04-18 02:15:00,16.743,16.7465,16.739500000000003,16.743
2018-04-18 02:30:00,16.746,16.750999999999998,16.7375,16.750999999999998
2018-04-18 02:45:00,16.750999999999998,16.7525,16.738,16.743
2018-04-18 03:00:00,16.7405,16.7455,16.736,16.741500000000002
2018-04-18 03:15:00,16.741500000000002,16.746,16.7335,16.741500000000002
2018-04-18 03:30:00,16.7405,16.7455,16.735,16.742
2018-04-18 03:45:00,16.741500000000002,16.7565,16.7375,16.753
2018-04-18 04:00:00,16.7525,16.762,16.75,16.756
2018-04-18 04:15:00,16.756999999999998,16.758,16.7495,16.7565
2018-04-18 04:30:00,16.7565,16.756999999999998,16.741,16.7475
2018-04-18 04:45:00,16.744500000000002,16.750999999999998,16.738500000000002,16.750999999999998
2018-04-18 05:00:00,16.746,16.750999999999998,16.7435,16.746
2018-04-18 05:15:00,16.7455,16.747999999999998,16.7365,16.7475
2018-04-18 05:30:00,16.746,16.753,16.7365,16.752
2018-04-18 05:45:00,16.7485,16.753,16.739500000000003,16.7525
2018-04-18 06:00:00,16.7525,16.7915,16.743999999999996,16.7865
2018-04-18 06:15:00,16.786,16.813,16.780499999999996,16.811
2018-04-18 06:30:00,16.814999999999998,16.830499999999997,16.799500000000002,16.809
2018-04-18 06:45:00,16.808999999999997,16.811999999999998,16.794,16.808
2018-04-18 07:00:00,16.805,16.807,16.7705,16.7855
2018-04-18 07:15:00,16.786,16.797,16.7835,16.792
2018-04-18 07:30:00,16.794999999999998,16.811999999999998,16.7925,16.8015
2018-04-18 07:45:00,16.8035,16.847,16.8015,16.846
2018-04-18 08:00:00,16.8485,16.857,16.8345,16.8445
2018-04-18 08:15:00,16.843,16.848,16.836000000000002,16.8465
2018-04-18 08:30:00,16.843,16.8495,16.8225,16.829
2018-04-18 08:45:00,16.830000000000002,16.837,16.811999999999998,16.817999999999998
2018-04-18 09:00:00,16.817,16.830499999999997,16.801,16.830499999999997
2018-04-18 09:15:00,16.829,16.8495,16.829,16.844
2018-04-18 09:30:00,16.845,16.865000000000002,16.844,16.86
2018-04-18 09:45:00,16.859,16.8595,16.8355,16.839
2018-04-18 10:00:00,16.8395,16.8595,16.839000000000002,16.858999999999998
2018-04-18 10:15:00,16.858,16.8745,16.8555,16.8745
2018-04-18 10:30:00,16.872500000000002,16.9405,16.872500000000002,16.9405
2018-04-18 10:45:00,16.9375,16.941499999999998,16.916,16.9315
2018-04-18 11:00:00,16.931,16.958000000000002,16.929,16.946499999999997
2018-04-18 11:15:00,16.946499999999997,16.988999999999997,16.932,16.983999999999998
2018-04-18 11:30:00,16.986,16.9985,16.977,16.987
2018-04-18 11:45:00,16.985500000000002,16.9925,16.973,16.9895
2018-04-18 12:00:00,16.9895,17.0625,16.9815,17.042
2018-04-18 12:15:00,17.0455,17.146499999999996,17.041,17.096
2018-04-18 12:30:00,17.0955,17.108999999999998,17.0465,17.0465
2018-04-18 12:45:00,17.0475,17.112,17.044999999999998,17.0995
2018-04-18 13:00:00,17.1005,17.108999999999998,17.050500000000003,17.0975
2018-04-18 13:15:00,17.0975,17.1595,17.0835,17.1485
2018-04-18 13:30:00,17.1485,17.19,17.1205,17.1625
2018-04-18 13:45:00,17.1595,17.175,17.0845,17.134
2018-04-18 14:00:00,17.135,17.233999999999998,17.131,17.2175
2018-04-18 14:15:00,17.2175,17.2555,17.2075,17.213
2018-04-18 14:30:00,17.215999999999998,17.234500000000004,17.1885,17.213
2018-04-18 14:45:00,17.2135,17.2145,17.122500000000002,17.187
2018-04-18 15:00:00,17.187,17.216,17.176,17.2115
2018-04-18 15:15:00,17.214000000000002,17.224500000000003,17.1935,17.224
2018-04-18 15:30:00,17.229,17.233500000000003,17.2055,17.215999999999998
2018-04-18 15:45:00,17.212,17.2225,17.208499999999997,17.218
2018-04-18 16:00:00,17.2195,17.223,17.1855,17.223
2018-04-18 16:15:00,17.2235,17.233,17.2105,17.233
2018-04-18 16:30:00,17.227999999999998,17.25,17.227999999999998,17.2405
2018-04-18 16:45:00,17.2455,17.2655,17.2435,17.25
2018-04-18 17:00:00,17.252499999999998,17.253,17.2175,17.2225
2018-04-18 17:15:00,17.2225,17.255000000000003,17.211,17.217
2018-04-18 17:30:00,17.2165,17.2345,17.1965,17.201
2018-04-18 17:45:00,17.200499999999998,17.225,17.191000000000003,17.224500000000003
2018-04-18 18:00:00,17.225,17.225,17.2105,17.217
2018-04-18 18:15:00,17.216,17.226,17.216,17.2215
2018-04-18 18:30:00,17.222,17.2265,17.1945,17.1995
2018-04-18 18:45:00,17.200499999999998,17.203000000000003,17.1945,17.196
2018-04-18 19:00:00,17.196,17.1995,17.1615,17.163
2018-04-18 19:15:00,17.163500000000003,17.177999999999997,17.1595,17.1735
2018-04-18 19:30:00,17.172500000000003,17.179,17.166999999999998,17.177999999999997
2018-04-18 19:45:00,17.179,17.189500000000002,17.166500000000003,17.188
2018-04-18 20:00:00,17.1875,17.198999999999998,17.1855,17.1865
2018-04-18 20:15:00,17.189,17.195,17.187,17.192
2018-04-18 20:30:00,17.191499999999998,17.196,17.1895,17.1925
2018-04-18 20:45:00,17.1935,17.2025,17.191499999999998,17.194
2018-04-18 22:00:00,17.201,17.2125,17.194,17.2125
2018-04-18 22:15:00,17.209,17.217,17.208499999999997,17.212
2018-04-18 22:30:00,17.215999999999998,17.233999999999998,17.215999999999998,17.233999999999998
2018-04-18 22:45:00,17.227500000000003,17.238,17.217,17.2175
2018-04-18 23:00:00,17.2175,17.221999999999998,17.211499999999997,17.2125
2018-04-18 23:15:00,17.215999999999998,17.221999999999998,17.211499999999997,17.2175
2018-04-18 23:30:00,17.221,17.2215,17.21,17.21
2018-04-18 23:45:00,17.21,17.212,17.199,17.209000000000003
2018-04-19 01:00:00,17.1765,17.194,17.165,17.165
2018-04-19 01:15:00,17.165999999999997,17.1765,17.1435,17.153000000000002
2018-04-19 01:30:00,17.156,17.169999999999998,17.1425,17.1425
2018-04-19 01:45:00,17.144000000000002,17.158,17.127,17.142000000000003
2018-04-19 02:00:00,17.144,17.162,17.141499999999997,17.1565
2018-04-19 02:15:00,17.1555,17.19,17.154,17.183
2018-04-19 02:30:00,17.1825,17.193,17.1675,17.193
2018-04-19 02:45:00,17.191499999999998,17.233999999999998,17.186,17.229499999999998
2018-04-19 03:00:00,17.232,17.2545,17.226,17.241
2018-04-19 03:15:00,17.236,17.246,17.2235,17.230999999999998
2018-04-19 03:30:00,17.232,17.236,17.2225,17.23
2018-04-19 03:45:00,17.221,17.23,17.219,17.23
2018-04-19 04:00:00,17.23,17.24,17.2165,17.236
2018-04-19 04:15:00,17.24,17.246499999999997,17.2345,17.246499999999997
2018-04-19 04:30:00,17.238999999999997,17.253,17.2305,17.2315
2018-04-19 04:45:00,17.233999999999998,17.233999999999998,17.2175,17.2315
2018-04-19 05:00:00,17.2305,17.235,17.221,17.2255
2018-04-19 05:15:00,17.231,17.2455,17.2225,17.2405
2018-04-19 05:30:00,17.2415,17.250500000000002,17.227500000000003,17.2305
2018-04-19 05:45:00,17.233999999999998,17.2485,17.228500000000004,17.2415
2018-04-19 06:00:00,17.238500000000002,17.253,17.227999999999998,17.238
2018-04-19 06:15:00,17.242,17.252000000000002,17.2225,17.2305
2018-04-19 06:30:00,17.233,17.2705,17.227500000000003,17.255000000000003
2018-04-19 06:45:00,17.2545,17.2735,17.241,17.272
2018-04-19 07:00:00,17.2705,17.282,17.244,17.252000000000002
2018-04-19 07:15:00,17.248,17.319499999999998,17.2415,17.294999999999998
2018-04-19 07:30:00,17.293999999999997,17.305,17.2745,17.291999999999998
2018-04-19 07:45:00,17.291,17.291,17.258000000000003,17.2655
2018-04-19 08:00:00,17.263499999999997,17.2825,17.2535,17.258499999999998
2018-04-19 08:15:00,17.258000000000003,17.267,17.2375,17.252499999999998
2018-04-19 08:30:00,17.250500000000002,17.252000000000002,17.221999999999998,17.233500000000003
2018-04-19 08:45:00,17.232,17.2565,17.229,17.2485
2018-04-19 09:00:00,17.2485,17.2505,17.2165,17.238999999999997
2018-04-19 09:15:00,17.238999999999997,17.2405,17.143,17.189
2018-04-19 09:30:00,17.19,17.195,17.1765,17.195
2018-04-19 09:45:00,17.192,17.215,17.19,17.215
2018-04-19 10:00:00,17.215,17.215,17.154999999999998,17.182
2018-04-19 10:15:00,17.1785,17.221,17.1765,17.213
2018-04-19 10:30:00,17.214000000000002,17.2285,17.208499999999997,17.2195
2018-04-19 10:45:00,17.219,17.223,17.205000000000002,17.2075
2018-04-19 11:00:00,17.2075,17.208499999999997,17.195,17.204
2018-04-19 11:15:00,17.202499999999997,17.2495,17.198,17.247
2018-04-19 11:30:00,17.247,17.2935,17.24,17.2575
2018-04-19 11:45:00,17.2575,17.271,17.2415,17.271
2018-04-19 12:00:00,17.2685,17.274,17.244999999999997,17.2455
2018-04-19 12:15:00,17.249,17.3135,17.1695,17.3135
2018-04-19 12:30:00,17.31,17.355999999999998,17.227999999999998,17.348999999999997
2018-04-19 12:45:00,17.349999999999998,17.349999999999998,17.2875,17.311
2018-04-19 13:00:00,17.3115,17.3345,17.2,17.251
2018-04-19 13:15:00,17.2545,17.305,17.2545,17.275000000000002
2018-04-19 13:30:00,17.2745,17.307,17.264000000000003,17.2915
2018-04-19 13:45:00,17.2905,17.3525,17.277,17.3395
2018-04-19 14:00:00,17.3395,17.344,17.3075,17.334
2018-04-19 14:15:00,17.330000000000002,17.357,17.330000000000002,17.348999999999997
2018-04-19 14:30:00,17.347,17.357,17.2765,17.2895
2018-04-19 14:45:00,17.288999999999998,17.2965,17.263,17.2925
2018-04-19 15:00:00,17.288999999999998,17.294500000000003,17.1825,17.255
2018-04-19 15:15:00,17.2555,17.264000000000003,17.2135,17.221999999999998
2018-04-19 15:30:00,17.220000000000002,17.224500000000003,17.1005,17.140499999999996
2018-04-19 15:45:00,17.14,17.2055,17.1385,17.1945
2018-04-19 16:00:00,17.192,17.2655,17.191000000000003,17.263
2018-04-19 16:15:00,17.2605,17.28,17.233999999999998,17.244500000000002
2018-04-19 16:30:00,17.244500000000002,17.2535,17.2255,17.251
2018-04-19 16:45:00,17.2515,17.2795,17.244999999999997,17.276
2018-04-19 17:00:00,17.2765,17.279,17.248,17.2555
2018-04-19 17:15:00,17.252499999999998,17.2605,17.2355,17.247
2018-04-19 17:30:00,17.246,17.262,17.241,17.262
2018-04-19 17:45:00,17.261499999999998,17.2625,17.2505,17.257
2018-04-19 18:00:00,17.256,17.256,17.233999999999998,17.2405
2018-04-19 18:15:00,17.2415,17.253,17.238500000000002,17.2465
2018-04-19 18:30:00,17.2465,17.2495,17.209,17.2175
2018-04-19 18:45:00,17.219,17.2395,17.209000000000003,17.2255
2018-04-19 19:00:00,17.227,17.25,17.2195,17.2475
2018-04-19 19:15:00,17.246,17.2505,17.2365,17.238999999999997
2018-04-19 19:30:00,17.2355,17.259,17.2305,17.258499999999998
2018-04-19 19:45:00,17.252499999999998,17.268,17.244999999999997,17.26
2018-04-19 20:00:00,17.26,17.268,17.2555,17.2625
2018-04-19 20:15:00,17.258499999999998,17.268,17.257,17.265
2018-04-19 20:30:00,17.265,17.269000000000002,17.2615,17.2665
2018-04-19 20:45:00,17.262,17.2675,17.25,17.2535
2018-04-19 22:00:00,17.235,17.247,17.229,17.246
2018-04-19 22:15:00,17.2425,17.246,17.2345,17.2425
2018-04-19 22:30:00,17.2425,17.257,17.2425,17.257
2018-04-19 22:45:00,17.259999999999998,17.259999999999998,17.246,17.2485
2018-04-19 23:00:00,17.2485,17.2605,17.248,17.257
2018-04-19 23:15:00,17.2555,17.261,17.2415,17.25
2018-04-19 23:30:00,17.2495,17.252000000000002,17.2335,17.2375
2018-04-19 23:45:00,17.238999999999997,17.2475,17.233500000000003,17.235500000000002
2018-04-20 01:00:00,17.2345,17.258499999999998,17.2345,17.244
2018-04-20 01:15:00,17.244500000000002,17.247,17.18,17.18
2018-04-20 01:30:00,17.182,17.19,17.1675,17.177999999999997
2018-04-20 01:45:00,17.180999999999997,17.208499999999997,17.173500000000004,17.189
2018-04-20 02:00:00,17.1885,17.212,17.1885,17.208499999999997
2018-04-20 02:15:00,17.209000000000003,17.2145,17.2015,17.2045
2018-04-20 02:30:00,17.208000000000002,17.208499999999997,17.186,17.1865
2018-04-20 02:45:00,17.1865,17.1925,17.185,17.1875
2018-04-20 03:00:00,17.187,17.19,17.1815,17.183500000000002
2018-04-20 03:15:00,17.185,17.189,17.1845,17.1875
2018-04-20 03:30:00,17.1865,17.1885,17.186,17.188
2018-04-20 03:45:00,17.189,17.189,17.1875,17.189
2018-04-20 04:00:00,17.1885,17.1885,17.1845,17.1845
2018-04-20 04:15:00,17.1855,17.187,17.1845,17.1865
2018-04-20 04:30:00,17.1875,17.1875,17.1845,17.187
2018-04-20 04:45:00,17.1865,17.189500000000002,17.1865,17.1885
2018-04-20 05:00:00,17.189500000000002,17.189500000000002,17.1625,17.1825
2018-04-20 05:15:00,17.1825,17.191499999999998,17.1805,17.1845
2018-04-20 05:30:00,17.1845,17.2015,17.177500000000002,17.182
2018-04-20 05:45:00,17.1805,17.1935,17.179,17.189
2018-04-20 06:00:00,17.1875,17.1935,17.15,17.156
2018-04-20 06:15:00,17.156,17.189,17.1515,17.173
2018-04-20 06:30:00,17.1735,17.1865,17.169,17.177999999999997
2018-04-20 06:45:00,17.177,17.191000000000003,17.1705,17.172500000000003
2018-04-20 07:00:00,17.172500000000003,17.1805,17.1685,17.18
2018-04-20 07:15:00,17.181,17.187,17.1555,17.164
2018-04-20 07:30:00,17.164,17.1645,17.12,17.129
2018-04-20 07:45:00,17.1285,17.1375,17.1135,17.114
2018-04-20 08:00:00,17.113500000000002,17.130499999999998,17.0935,17.125
2018-04-20 08:15:00,17.125,17.132,17.112,17.1255
2018-04-20 08:30:00,17.124,17.136000000000003,17.115,17.136000000000003
2018-04-20 08:45:00,17.135,17.139,17.11,17.116
2018-04-20 09:00:00,17.115,17.1215,17.086000000000002,17.095
2018-04-20 09:15:00,17.098999999999997,17.105999999999998,17.0775,17.080000000000002
2018-04-20 09:30:00,17.0815,17.084,17.0475,17.081
2018-04-20 09:45:00,17.081,17.0945,17.0785,17.094
2018-04-20 10:00:00,17.093,17.0985,17.0795,17.087
2018-04-20 10:15:00,17.088,17.1145,17.082,17.114
2018-04-20 10:30:00,17.1145,17.127,17.1125,17.122
2018-04-20 10:45:00,17.1205,17.123500000000003,17.110500000000002,17.121
2018-04-20 11:00:00,17.122,17.147000000000002,17.102,17.141499999999997
2018-04-20 11:15:00,17.141499999999997,17.166,17.135,17.154
2018-04-20 11:30:00,17.1545,17.1605,17.124,17.124
2018-04-20 11:45:00,17.125,17.14,17.1155,17.1205
2018-04-20 12:00:00,17.1205,17.171999999999997,17.119999999999997,17.1655
2018-04-20 12:15:00,17.1655,17.19,17.1655,17.183
2018-04-20 12:30:00,17.18,17.2155,17.1795,17.2
2018-04-20 12:45:00,17.198,17.202,17.136499999999998,17.139
2018-04-20 13:00:00,17.136000000000003,17.209999999999997,17.136000000000003,17.1795
2018-04-20 13:15:00,17.1755,17.2125,17.141000000000002,17.141499999999997
2018-04-20 13:30:00,17.142000000000003,17.173,17.1195,17.14
2018-04-20 13:45:00,17.137,17.177,17.135499999999997,17.14
2018-04-20 14:00:00,17.141000000000002,17.158,17.1255,17.1265
2018-04-20 14:15:00,17.1255,17.147499999999997,17.110999999999997,17.1215
2018-04-20 14:30:00,17.1205,17.1535,17.116500000000002,17.1325
2018-04-20 14:45:00,17.131,17.185,17.122500000000002,17.182
2018-04-20 15:00:00,17.185499999999998,17.2075,17.1785,17.205000000000002
2018-04-20 15:15:00,17.205000000000002,17.212,17.182,17.2035
2018-04-20 15:30:00,17.204,17.212,17.183999999999997,17.200499999999998
2018-04-20 15:45:00,17.2015,17.2165,17.19,17.19
2018-04-20 16:00:00,17.192,17.208000000000002,17.1855,17.19
2018-04-20 16:15:00,17.188,17.191000000000003,17.1705,17.175
2018-04-20 16:30:00,17.1755,17.191000000000003,17.1615,17.1865
2018-04-20 16:45:00,17.187,17.197000000000003,17.1755,17.18
2018-04-20 17:00:00,17.186,17.1905,17.168,17.171
2018-04-20 17:15:00,17.172,17.183,17.144000000000002,17.147000000000002
2018-04-20 17:30:00,17.1485,17.165,17.1485,17.1585
2018-04-20 17:45:00,17.158,17.1705,17.158,17.1595
2018-04-20 18:00:00,17.16,17.169999999999998,17.158,17.163
2018-04-20 18:15:00,17.165,17.1655,17.1545,17.1585
2018-04-20 18:30:00,17.16,17.165,17.158,17.1645
2018-04-20 18:45:00,17.16,17.162,17.1455,17.1455
2018-04-20 19:00:00,17.147000000000002,17.1495,17.129,17.130499999999998
2018-04-20 19:15:00,17.130000000000003,17.139,17.119999999999997,17.130499999999998
2018-04-20 19:30:00,17.130000000000003,17.1375,17.128,17.1325
2018-04-20 19:45:00,17.1325,17.141000000000002,17.1275,17.1345
2018-04-20 20:00:00,17.136499999999998,17.1405,17.1315,17.132
2018-04-20 20:15:00,17.1315,17.1375,17.127,17.1295
2018-04-20 20:30:00,17.1285,17.130000000000003,17.1235,17.127
2018-04-20 20:45:00,17.1265,17.1275,17.118499999999997,17.122500000000002
2018-04-22 22:00:00,17.12,17.1325,17.09,17.096
2018-04-22 22:15:00,17.095,17.1045,17.076999999999998,17.0925
2018-04-22 22:30:00,17.092000000000002,17.103,17.0905,17.098999999999997
2018-04-22 22:45:00,17.099999999999998,17.102,17.074499999999997,17.085499999999996
2018-04-22 23:00:00,17.085,17.108,17.0825,17.108
2018-04-22 23:15:00,17.105500000000003,17.115000000000002,17.0955,17.1065
2018-04-22 23:30:00,17.105500000000003,17.105500000000003,17.0905,17.0925
2018-04-22 23:45:00,17.095,17.096,17.0815,17.086499999999997
2018-04-23 01:00:00,17.086000000000002,17.091,17.0535,17.068
2018-04-23 01:15:00,17.071,17.0715,17.044999999999998,17.0515
2018-04-23 01:30:00,17.052,17.0745,17.0405,17.0625
2018-04-23 01:45:00,17.058999999999997,17.072,17.0575,17.0685
2018-04-23 02:00:00,17.068,17.07,17.0525,17.061999999999998
2018-04-23 02:15:00,17.0605,17.071,17.0565,17.063
2018-04-23 02:30:00,17.063,17.0735,17.0585,17.0675
2018-04-23 02:45:00,17.07,17.072,17.053,17.06
2018-04-23 03:00:00,17.057,17.0645,17.052,17.0575
2018-04-23 03:15:00,17.059,17.065,17.0575,17.061
2018-04-23 03:30:00,17.063,17.0775,17.0585,17.071
2018-04-23 03:45:00,17.072000000000003,17.076,17.07,17.076
2018-04-23 04:00:00,17.078,17.0785,17.0705,17.078
2018-04-23 04:15:00,17.075000000000003,17.079,17.073,17.0775
2018-04-23 04:30:00,17.075499999999998,17.077,17.067,17.0725
2018-04-23 04:45:00,17.0715,17.079,17.0715,17.0765
2018-04-23 05:00:00,17.0765,17.089,17.0765,17.086499999999997
2018-04-23 05:15:00,17.085,17.087,17.0815,17.087
2018-04-23 05:30:00,17.086000000000002,17.0975,17.0825,17.094
2018-04-23 05:45:00,17.0935,17.0985,17.0825,17.0945
2018-04-23 06:00:00,17.093,17.0945,17.084,17.0945
2018-04-23 06:15:00,17.093,17.1035,17.0875,17.089499999999997
2018-04-23 06:30:00,17.088,17.0965,17.0835,17.09
2018-04-23 06:45:00,17.0885,17.116500000000002,17.0825,17.104
2018-04-23 07:00:00,17.1045,17.111500000000003,17.0885,17.0925
2018-04-23 07:15:00,17.0915,17.099,17.0575,17.0595
2018-04-23 07:30:00,17.063,17.069000000000003,17.047,17.058
2018-04-23 07:45:00,17.057,17.079,17.055999999999997,17.0665
2018-04-23 08:00:00,17.065,17.074499999999997,17.043,17.0525
2018-04-23 08:15:00,17.0535,17.058,17.02,17.0245
2018-04-23 08:30:00,17.024,17.028,16.964000000000002,16.988999999999997
2018-04-23 08:45:00,16.991,16.992,16.958499999999997,16.962
2018-04-23 09:00:00,16.9625,16.9665,16.9355,16.963499999999996
2018-04-23 09:15:00,16.961,16.966,16.922500000000003,16.9425
2018-04-23 09:30:00,16.9405,16.941499999999998,16.9025,16.924500000000002
2018-04-23 09:45:00,16.9255,16.953000000000003,16.922,16.95
2018-04-23 10:00:00,16.948,16.955000000000002,16.9365,16.953000000000003
2018-04-23 10:15:00,16.952499999999997,16.955000000000002,16.938,16.955000000000002
2018-04-23 10:30:00,16.9565,16.963,16.9465,16.9565
2018-04-23 10:45:00,16.9575,16.969,16.949,16.9495
2018-04-23 11:00:00,16.948,16.9535,16.9355,16.943
2018-04-23 11:15:00,16.941,16.9555,16.939,16.948
2018-04-23 11:30:00,16.9485,16.977,16.933,16.977
2018-04-23 11:45:00,16.9785,16.99,16.968,16.977
2018-04-23 12:00:00,16.9765,16.977,16.921,16.921
2018-04-23 12:15:00,16.9215,16.9235,16.843999999999998,16.8495
2018-04-23 12:30:00,16.849,16.849,16.7325,16.762500000000003
2018-04-23 12:45:00,16.7595,16.816,16.75,16.791
2018-04-23 13:00:00,16.7915,16.794999999999998,16.7435,16.756999999999998
2018-04-23 13:15:00,16.758499999999998,16.792,16.7575,16.761
2018-04-23 13:30:00,16.7605,16.7905,16.74,16.7785
2018-04-23 13:45:00,16.779,16.779,16.7035,16.727999999999998
2018-04-23 14:00:00,16.7255,16.732999999999997,16.634999999999998,16.659000000000002
2018-04-23 14:15:00,16.658,16.6935,16.649,16.6755
2018-04-23 14:30:00,16.6735,16.708499999999997,16.659000000000002,16.694
2018-04-23 14:45:00,16.697499999999998,16.715000000000003,16.6865,16.6925
2018-04-23 15:00:00,16.698,16.713,16.682,16.701
2018-04-23 15:15:00,16.7045,16.714499999999997,16.682,16.691
2018-04-23 15:30:00,16.6875,16.6935,16.664,16.6735
2018-04-23 15:45:00,16.6715,16.6725,16.623500000000003,16.641000000000002
2018-04-23 16:00:00,16.642000000000003,16.685,16.637,16.6545
2018-04-23 16:15:00,16.6555,16.677500000000002,16.6555,16.664
2018-04-23 16:30:00,16.667,16.672,16.659,16.668
2018-04-23 16:45:00,16.6645,16.671999999999997,16.658,16.666
2018-04-23 17:00:00,16.666,16.666999999999998,16.6245,16.6325
2018-04-23 17:15:00,16.636,16.639,16.5995,16.6115
2018-04-23 17:30:00,16.6125,16.65,16.6125,16.642000000000003
2018-04-23 17:45:00,16.643,16.646,16.618,16.637
2018-04-23 18:00:00,16.6375,16.6505,16.6335,16.65
2018-04-23 18:15:00,16.65,16.656,16.646,16.6485
2018-04-23 18:30:00,16.648000000000003,16.658499999999997,16.6465,16.6485
2018-04-23 18:45:00,16.6515,16.656,16.625,16.625
2018-04-23 19:00:00,16.628999999999998,16.647000000000002,16.6265,16.638
2018-04-23 19:15:00,16.636,16.638,16.604,16.6075
2018-04-23 19:30:00,16.6115,16.628999999999998,16.607,16.6245
2018-04-23 19:45:00,16.625999999999998,16.638,16.625,16.6375
2018-04-23 20:00:00,16.6325,16.637,16.621,16.6265
2018-04-23 20:15:00,16.627,16.627,16.62,16.624
2018-04-23 20:30:00,16.619,16.625,16.616,16.621
2018-04-23 20:45:00,16.6205,16.6275,16.611,16.6205
2018-04-23 22:00:00,16.6315,16.645,16.631,16.6355
2018-04-23 22:15:00,16.6355,16.648000000000003,16.6355,16.6415
2018-04-23 22:30:00,16.6425,16.6485,16.6315,16.639
2018-04-23 22:45:00,16.643,16.647000000000002,16.6325,16.6405
2018-04-23 23:00:00,16.6405,16.6485,16.6405,16.6465
2018-04-23 23:15:00,16.648,16.650000000000002,16.6425,16.643
2018-04-23 23:30:00,16.645,16.656,16.634999999999998,16.652
2018-04-23 23:45:00,16.6495,16.654000000000003,16.6375,16.649
2018-04-24 01:00:00,16.659,16.673,16.6335,16.640500000000003
2018-04-24 01:15:00,16.6445,16.6545,16.621,16.653499999999998
2018-04-24 01:30:00,16.650000000000002,16.6725,16.643,16.661
2018-04-24 01:45:00,16.659499999999998,16.682999999999996,16.6505,16.6765
2018-04-24 02:00:00,16.68,16.6915,16.6755,16.688
2018-04-24 02:15:00,16.689,16.695,16.683,16.6905
2018-04-24 02:30:00,16.689,16.698,16.6855,16.6935
2018-04-24 02:45:00,16.695,16.695,16.676000000000002,16.687
2018-04-24 03:00:00,16.6865,16.691,16.6825,16.6865
2018-04-24 03:15:00,16.6845,16.6845,16.6765,16.678500000000003
2018-04-24 03:30:00,16.6795,16.685,16.676000000000002,16.6815
2018-04-24 03:45:00,16.6825,16.6875,16.6815,16.6845
2018-04-24 04:00:00,16.6865,16.6865,16.6765,16.677500000000002
2018-04-24 04:15:00,16.68,16.682000000000002,16.6765,16.680500000000002
2018-04-24 04:30:00,16.679,16.691,16.677,16.686999999999998
2018-04-24 04:45:00,16.6905,16.695999999999998,16.6865,16.6905
2018-04-24 05:00:00,16.6905,16.7045,16.6905,16.6945
2018-04-24 05:15:00,16.6945,16.7045,16.694,16.7035
2018-04-24 05:30:00,16.7025,16.7075,16.699,16.706500000000002
2018-04-24 05:45:00,16.7075,16.7105,16.688,16.6885
2018-04-24 06:00:00,16.689500000000002,16.705000000000002,16.678,16.7025
2018-04-24 06:15:00,16.7045,16.7255,16.704,16.7115
2018-04-24 06:30:00,16.711000000000002,16.717,16.686999999999998,16.689999999999998
2018-04-24 06:45:00,16.686999999999998,16.689999999999998,16.656499999999998,16.656499999999998
2018-04-24 07:00:00,16.656,16.681,16.656,16.668
2018-04-24 07:15:00,16.666999999999998,16.703000000000003,16.666999999999998,16.691
2018-04-24 07:30:00,16.689500000000002,16.689500000000002,16.658499999999997,16.6615
2018-04-24 07:45:00,16.663,16.681,16.662499999999998,16.679
2018-04-24 08:00:00,16.6755,16.692,16.673,16.677
2018-04-24 08:15:00,16.673,16.6795,16.6655,16.6725
2018-04-24 08:30:00,16.674,16.6985,16.6715,16.692
2018-04-24 08:45:00,16.691,16.7095,16.683500000000002,16.708000000000002
2018-04-24 09:00:00,16.715000000000003,16.722,16.6925,16.699
2018-04-24 09:15:00,16.697499999999998,16.709,16.692999999999998,16.6965
2018-04-24 09:30:00,16.6945,16.699,16.681,16.688
2018-04-24 09:45:00,16.689500000000002,16.694,16.68,16.685
2018-04-24 10:00:00,16.688,16.702,16.685499999999998,16.697
2018-04-24 10:15:00,16.692,16.702,16.686999999999998,16.686999999999998
2018-04-24 10:30:00,16.685499999999998,16.695999999999998,16.677,16.681
2018-04-24 10:45:00,16.683999999999997,16.692999999999998,16.6315,16.6355
2018-04-24 11:00:00,16.6355,16.636,16.599,16.6245
2018-04-24 11:15:00,16.624,16.639,16.617500000000003,16.638
2018-04-24 11:30:00,16.634999999999998,16.655,16.6265,16.641000000000002
2018-04-24 11:45:00,16.639,16.6665,16.638,16.6635
2018-04-24 12:00:00,16.662499999999998,16.68,16.6495,16.659
2018-04-24 12:15:00,16.656,16.664,16.596,16.6035
2018-04-24 12:30:00,16.6075,16.610500000000002,16.5795,16.5795
2018-04-24 12:45:00,16.5795,16.619,16.567999999999998,16.6005
2018-04-24 13:00:00,16.6,16.6645,16.5845,16.6415
2018-04-24 13:15:00,16.646,16.6605,16.6325,16.6505
2018-04-24 13:30:00,16.653000000000002,16.677,16.6405,16.661
2018-04-24 13:45:00,16.659499999999998,16.732,16.6555,16.726
2018-04-24 14:00:00,16.7305,16.7405,16.7005,16.7155
2018-04-24 14:15:00,16.716,16.732,16.706,16.72
2018-04-24 14:30:00,16.721,16.738,16.699,16.7075
2018-04-24 14:45:00,16.705000000000002,16.722,16.6925,16.7035
2018-04-24 15:00:00,16.7055,16.728,16.701,16.7185
2018-04-24 15:15:00,16.7225,16.758499999999998,16.709,16.7305
2018-04-24 15:30:00,16.7315,16.735500000000002,16.694,16.697
2018-04-24 15:45:00,16.704,16.7255,16.7,16.719
2018-04-24 16:00:00,16.715,16.724,16.703000000000003,16.7105
2018-04-24 16:15:00,16.708000000000002,16.738,16.707,16.732
2018-04-24 16:30:00,16.7305,16.744999999999997,16.726,16.733999999999998
2018-04-24 16:45:00,16.7365,16.743000000000002,16.728,16.7405
2018-04-24 17:00:00,16.7405,16.7405,16.711000000000002,16.716
2018-04-24 17:15:00,16.714000000000002,16.732,16.7045,16.724
2018-04-24 17:30:00,16.726,16.729,16.712,16.722
2018-04-24 17:45:00,16.7255,16.728,16.714000000000002,16.724
2018-04-24 18:00:00,16.724,16.728,16.71,16.7165
2018-04-24 18:15:00,16.715,16.727,16.7115,16.725
2018-04-24 18:30:00,16.7225,16.731,16.719,16.731
2018-04-24 18:45:00,16.726,16.732000000000003,16.7245,16.727999999999998
2018-04-24 19:00:00,16.7315,16.739500000000003,16.728,16.739500000000003
2018-04-24 19:15:00,16.739,16.741500000000002,16.733999999999998,16.738
2018-04-24 19:30:00,16.738,16.7425,16.733999999999998,16.741
2018-04-24 19:45:00,16.7405,16.7435,16.7345,16.738
2018-04-24 20:00:00,16.7365,16.738500000000002,16.726,16.735500000000002
2018-04-24 20:15:00,16.736,16.736,16.7245,16.726
2018-04-24 20:30:00,16.725,16.7335,16.7245,16.7245
2018-04-24 20:45:00,16.727,16.732,16.719,16.720499999999998
2018-04-24 22:00:00,16.718,16.749,16.713,16.720000000000002
2018-04-24 22:15:00,16.718,16.727,16.718,16.726000000000003
2018-04-24 22:30:00,16.721999999999998,16.731,16.719499999999996,16.7245
2018-04-24 22:45:00,16.729,16.729,16.7165,16.720499999999998
2018-04-24 23:00:00,16.7215,16.7275,16.717499999999998,16.7215
2018-04-24 23:15:00,16.7225,16.7325,16.717499999999998,16.7325
2018-04-24 23:30:00,16.7295,16.736,16.7245,16.736
2018-04-24 23:45:00,16.7305,16.739500000000003,16.729,16.739500000000003
2018-04-25 01:00:00,16.727,16.727,16.708000000000002,16.7125
2018-04-25 01:15:00,16.7135,16.7135,16.683500000000002,16.685
2018-04-25 01:30:00,16.685,16.698,16.682,16.695999999999998
2018-04-25 01:45:00,16.695999999999998,16.7025,16.6955,16.6955
2018-04-25 02:00:00,16.6955,16.7015,16.6905,16.6995
2018-04-25 02:15:00,16.699,16.699,16.689999999999998,16.6955
2018-04-25 02:30:00,16.6935,16.6995,16.691,16.691
2018-04-25 02:45:00,16.691,16.707,16.691,16.702
2018-04-25 03:00:00,16.702,16.721,16.7015,16.720499999999998
2018-04-25 03:15:00,16.72,16.723,16.715,16.720000000000002
2018-04-25 03:30:00,16.720000000000002,16.7275,16.7185,16.727
2018-04-25 03:45:00,16.7265,16.7275,16.706,16.711000000000002
2018-04-25 04:00:00,16.712,16.717,16.7055,16.7055
2018-04-25 04:15:00,16.708000000000002,16.721,16.705000000000002,16.7125
2018-04-25 04:30:00,16.71,16.7125,16.6925,16.7025
2018-04-25 04:45:00,16.7025,16.707,16.689,16.7035
2018-04-25 05:00:00,16.7005,16.7035,16.691,16.697499999999998
2018-04-25 05:15:00,16.695,16.7015,16.677999999999997,16.6885
2018-04-25 05:30:00,16.689500000000002,16.7015,16.683500000000002,16.6945
2018-04-25 05:45:00,16.695,16.701,16.682999999999996,16.6885
2018-04-25 06:00:00,16.686,16.686999999999998,16.6575,16.6575
2018-04-25 06:15:00,16.6575,16.668,16.644000000000002,16.646
2018-04-25 06:30:00,16.646,16.668,16.646,16.6635
2018-04-25 06:45:00,16.6655,16.67,16.644000000000002,16.645500000000002
2018-04-25 07:00:00,16.648,16.648,16.608999999999998,16.631999999999998
2018-04-25 07:15:00,16.631,16.631,16.6145,16.624
2018-04-25 07:30:00,16.625,16.6395,16.622,16.6235
2018-04-25 07:45:00,16.624,16.6335,16.608999999999998,16.6125
2018-04-25 08:00:00,16.612,16.627,16.6035,16.608999999999998
2018-04-25 08:15:00,16.6095,16.613500000000002,16.592499999999998,16.612
2018-04-25 08:30:00,16.6125,16.613500000000002,16.601,16.6045
2018-04-25 08:45:00,16.605999999999998,16.614,16.603,16.6035
2018-04-25 09:00:00,16.6045,16.617,16.597499999999997,16.617
2018-04-25 09:15:00,16.616,16.625,16.613,16.624
2018-04-25 09:30:00,16.6245,16.6275,16.608,16.611
2018-04-25 09:45:00,16.608,16.6125,16.601,16.6035
2018-04-25 10:00:00,16.604000000000003,16.621000000000002,16.5855,16.588
2018-04-25 10:15:00,16.5885,16.597,16.587,16.592499999999998
2018-04-25 10:30:00,16.592000000000002,16.597,16.5815,16.592000000000002
2018-04-25 10:45:00,16.591,16.592000000000002,16.5665,16.587000000000003
2018-04-25 11:00:00,16.5885,16.602,16.5835,16.586000000000002
2018-04-25 11:15:00,16.5835,16.585,16.5625,16.580000000000002
2018-04-25 11:30:00,16.577,16.577,16.536499999999997,16.5545
2018-04-25 11:45:00,16.555500000000002,16.558999999999997,16.5325,16.539
2018-04-25 12:00:00,16.5385,16.5485,16.5205,16.5435
2018-04-25 12:15:00,16.5435,16.558,16.5225,16.5225
2018-04-25 12:30:00,16.5225,16.5465,16.506500000000003,16.5335
2018-04-25 12:45:00,16.534,16.563,16.5335,16.5435
2018-04-25 13:00:00,16.54,16.585,16.535,16.567
2018-04-25 13:15:00,16.567999999999998,16.5825,16.563,16.582
2018-04-25 13:30:00,16.582,16.5945,16.561500000000002,16.580499999999997
2018-04-25 13:45:00,16.579500000000003,16.599,16.556500000000003,16.5645
2018-04-25 14:00:00,16.564,16.571,16.541,16.557
2018-04-25 14:15:00,16.556,16.5645,16.531499999999998,16.544
2018-04-25 14:30:00,16.5415,16.5625,16.5335,16.547
2018-04-25 14:45:00,16.547,16.5655,16.519000000000002,16.524
2018-04-25 15:00:00,16.528,16.532,16.516000000000002,16.532
2018-04-25 15:15:00,16.532,16.563,16.532,16.554
2018-04-25 15:30:00,16.555,16.5585,16.542,16.552500000000002
2018-04-25 15:45:00,16.552,16.572,16.552,16.5645
2018-04-25 16:00:00,16.564,16.5655,16.544999999999998,16.554
2018-04-25 16:15:00,16.554,16.5695,16.544,16.5535
2018-04-25 16:30:00,16.553,16.573,16.5475,16.561999999999998
2018-04-25 16:45:00,16.563,16.5635,16.548,16.548
2018-04-25 17:00:00,16.551,16.567500000000003,16.5395,16.558999999999997
2018-04-25 17:15:00,16.557,16.561,16.529,16.5395
2018-04-25 17:30:00,16.543000000000003,16.5835,16.5415,16.554000000000002
2018-04-25 17:45:00,16.555,16.56,16.544999999999998,16.554
2018-04-25 18:00:00,16.554,16.559,16.544999999999998,16.549500000000002
2018-04-25 18:15:00,16.5475,16.5595,16.5475,16.555
2018-04-25 18:30:00,16.556,16.559,16.5535,16.5585
2018-04-25 18:45:00,16.5545,16.564,16.5545,16.561500000000002
2018-04-25 19:00:00,16.5595,16.573999999999998,16.5535,16.573999999999998
2018-04-25 19:15:00,16.573,16.573999999999998,16.556,16.567999999999998
2018-04-25 19:30:00,16.564999999999998,16.579,16.5645,16.573999999999998
2018-04-25 19:45:00,16.577,16.577,16.559,16.567500000000003
2018-04-25 20:00:00,16.567999999999998,16.577,16.5645,16.569
2018-04-25 20:15:00,16.573,16.573,16.5605,16.567999999999998
2018-04-25 20:30:00,16.561999999999998,16.567999999999998,16.551,16.558
2018-04-25 20:45:00,16.557,16.564,16.549999999999997,16.558
2018-04-25 22:00:00,16.565,16.572,16.5445,16.5515
2018-04-25 22:15:00,16.5515,16.561999999999998,16.549500000000002,16.554000000000002
2018-04-25 22:30:00,16.555,16.565,16.551,16.563
2018-04-25 22:45:00,16.564,16.5745,16.5605,16.573500000000003
2018-04-25 23:00:00,16.573,16.585499999999996,16.5705,16.5825
2018-04-25 23:15:00,16.584,16.5845,16.578,16.578500000000002
2018-04-25 23:30:00,16.5795,16.585,16.573,16.5765
2018-04-25 23:45:00,16.578500000000002,16.585,16.575,16.581000000000003
2018-04-26 01:00:00,16.586499999999997,16.594,16.5775,16.5875
2018-04-26 01:15:00,16.588,16.588,16.561999999999998,16.567500000000003
2018-04-26 01:30:00,16.5665,16.5895,16.5665,16.586499999999997
2018-04-26 01:45:00,16.5875,16.598,16.5825,16.5945
2018-04-26 02:00:00,16.5945,16.5945,16.586000000000002,16.5945
2018-04-26 02:15:00,16.597499999999997,16.597499999999997,16.5855,16.586499999999997
2018-04-26 02:30:00,16.586499999999997,16.59,16.578,16.585
2018-04-26 02:45:00,16.585,16.585,16.576,16.5765
2018-04-26 03:00:00,16.577,16.586000000000002,16.5745,16.579
2018-04-26 03:15:00,16.580000000000002,16.588,16.573500000000003,16.588
2018-04-26 03:30:00,16.589000000000002,16.593000000000004,16.5845,16.593000000000004
2018-04-26 03:45:00,16.595,16.599,16.5845,16.586499999999997
2018-04-26 04:00:00,16.5855,16.587,16.580000000000002,16.581000000000003
2018-04-26 04:15:00,16.5835,16.5935,16.580000000000002,16.5935
2018-04-26 04:30:00,16.5935,16.5935,16.5735,16.5765
2018-04-26 04:45:00,16.577,16.5835,16.575499999999998,16.5775
2018-04-26 05:00:00,16.575,16.580000000000002,16.572,16.579
2018-04-26 05:15:00,16.579,16.587000000000003,16.5705,16.573999999999998
2018-04-26 05:30:00,16.572,16.594,16.564999999999998,16.580499999999997
2018-04-26 05:45:00,16.578,16.586499999999997,16.578,16.5795
2018-04-26 06:00:00,16.580000000000002,16.593000000000004,16.575,16.575
2018-04-26 06:15:00,16.573999999999998,16.5845,16.5655,16.5685
2018-04-26 06:30:00,16.5695,16.585,16.564999999999998,16.5775
2018-04-26 06:45:00,16.580499999999997,16.6055,16.5765,16.5875
2018-04-26 07:00:00,16.593,16.622500000000002,16.5905,16.610500000000002
2018-04-26 07:15:00,16.613500000000002,16.619500000000002,16.596,16.604
2018-04-26 07:30:00,16.608,16.6125,16.587,16.59
2018-04-26 07:45:00,16.5905,16.5915,16.5485,16.553
2018-04-26 08:00:00,16.555,16.555999999999997,16.533,16.5475
2018-04-26 08:15:00,16.546,16.558,16.5425,16.55
2018-04-26 08:30:00,16.5505,16.5535,16.5385,16.543
2018-04-26 08:45:00,16.541,16.541,16.4985,16.534
2018-04-26 09:00:00,16.5335,16.5335,16.5095,16.517
2018-04-26 09:15:00,16.517,16.538999999999998,16.5115,16.533
2018-04-26 09:30:00,16.534,16.549,16.5275,16.5465
2018-04-26 09:45:00,16.5455,16.561999999999998,16.541,16.55
2018-04-26 10:00:00,16.548,16.552,16.538,16.5425
2018-04-26 10:15:00,16.5435,16.55,16.538,16.5425
2018-04-26 10:30:00,16.5425,16.5625,16.542,16.5625
2018-04-26 10:45:00,16.561999999999998,16.598,16.5595,16.578
2018-04-26 11:00:00,16.578,16.5915,16.575499999999998,16.587
2018-04-26 11:15:00,16.5885,16.5885,16.5745,16.582
2018-04-26 11:30:00,16.5795,16.587000000000003,16.5665,16.587000000000003
2018-04-26 11:45:00,16.586000000000002,16.591,16.541,16.5415
2018-04-26 12:00:00,16.546,16.579,16.541,16.549
2018-04-26 12:15:00,16.5475,16.558999999999997,16.5205,16.533
2018-04-26 12:30:00,16.532,16.5585,16.506,16.5515
2018-04-26 12:45:00,16.5525,16.5915,16.536,16.5645
2018-04-26 13:00:00,16.5655,16.579,16.528,16.5585
2018-04-26 13:15:00,16.557,16.6005,16.557,16.594
2018-04-26 13:30:00,16.594,16.610500000000002,16.5345,16.560999999999996
2018-04-26 13:45:00,16.5605,16.561999999999998,16.535,16.5465
2018-04-26 14:00:00,16.5465,16.5465,16.517500000000002,16.518
2018-04-26 14:15:00,16.520000000000003,16.5265,16.426000000000002,16.4715
2018-04-26 14:30:00,16.470499999999998,16.493000000000002,16.451999999999998,16.4715
2018-04-26 14:45:00,16.471,16.498,16.464499999999997,16.477999999999998
2018-04-26 15:00:00,16.474,16.4975,16.463,16.485
2018-04-26 15:15:00,16.485,16.512,16.4775,16.4835
2018-04-26 15:30:00,16.4835,16.4925,16.4485,16.459000000000003
2018-04-26 15:45:00,16.4575,16.483,16.4525,16.48
2018-04-26 16:00:00,16.4835,16.491,16.4745,16.4865
2018-04-26 16:15:00,16.4865,16.4965,16.478,16.491500000000002
2018-04-26 16:30:00,16.488500000000002,16.5105,16.488,16.5055
2018-04-26 16:45:00,16.5045,16.5075,16.4905,16.5015
2018-04-26 17:00:00,16.5015,16.520000000000003,16.4955,16.514499999999998
2018-04-26 17:15:00,16.5135,16.542,16.5125,16.5245
2018-04-26 17:30:00,16.5295,16.5445,16.5235,16.538
2018-04-26 17:45:00,16.534499999999998,16.538,16.5285,16.5295
2018-04-26 18:00:00,16.53,16.534,16.5185,16.5235
2018-04-26 18:15:00,16.525000000000002,16.5285,16.5135,16.514
2018-04-26 18:30:00,16.514499999999998,16.528,16.5105,16.520000000000003
2018-04-26 18:45:00,16.5235,16.5425,16.520000000000003,16.536499999999997
2018-04-26 19:00:00,16.537000000000003,16.554000000000002,16.5275,16.5275
2018-04-26 19:15:00,16.5275,16.5335,16.5225,16.5225
2018-04-26 19:30:00,16.5225,16.551,16.5215,16.5455
2018-04-26 19:45:00,16.549500000000002,16.5535,16.5305,16.5305
2018-04-26 20:00:00,16.531000000000002,16.532999999999998,16.5205,16.523500000000002
2018-04-26 20:15:00,16.528,16.530499999999996,16.525499999999997,16.53
2018-04-26 20:30:00,16.529500000000002,16.532000000000004,16.5165,16.526
2018-04-26 20:45:00,16.527,16.529,16.520000000000003,16.5215
2018-04-26 22:00:00,16.521,16.55,16.516000000000002,16.5415
2018-04-26 22:15:00,16.541,16.543999999999997,16.538999999999998,16.54
2018-04-26 22:30:00,16.538999999999998,16.5485,16.538999999999998,16.548000000000002
2018-04-26 22:45:00,16.5455,16.546,16.5335,16.5345
2018-04-26 23:00:00,16.534,16.541,16.532000000000004,16.541
2018-04-26 23:15:00,16.536499999999997,16.542,16.536499999999997,16.538
2018-04-26 23:30:00,16.537499999999998,16.543000000000003,16.537000000000003,16.54
2018-04-26 23:45:00,16.541,16.5515,16.541,16.547
2018-04-27 01:00:00,16.554,16.554,16.5325,16.5335
2018-04-27 01:15:00,16.531499999999998,16.534,16.515,16.5245
2018-04-27 01:30:00,16.525499999999997,16.528000000000002,16.506999999999998,16.5205
2018-04-27 01:45:00,16.521,16.542,16.5205,16.537499999999998
2018-04-27 02:00:00,16.534499999999998,16.537499999999998,16.5235,16.525000000000002
2018-04-27 02:15:00,16.525499999999997,16.532000000000004,16.5185,16.528
2018-04-27 02:30:00,16.526000000000003,16.526000000000003,16.5135,16.5155
2018-04-27 02:45:00,16.5135,16.519000000000002,16.505,16.506500000000003
2018-04-27 03:00:00,16.5075,16.5085,16.497,16.497
2018-04-27 03:15:00,16.4965,16.5085,16.494500000000002,16.5015
2018-04-27 03:30:00,16.502,16.512999999999998,16.5015,16.5105
2018-04-27 03:45:00,16.509999999999998,16.5205,16.5075,16.5185
2018-04-27 04:00:00,16.5165,16.517500000000002,16.508499999999998,16.5155
2018-04-27 04:15:00,16.517500000000002,16.524,16.517500000000002,16.522
2018-04-27 04:30:00,16.522,16.5285,16.5215,16.5245
2018-04-27 04:45:00,16.5215,16.5275,16.5205,16.5225
2018-04-27 05:00:00,16.5235,16.5245,16.506999999999998,16.511
2018-04-27 05:15:00,16.511,16.520000000000003,16.506999999999998,16.514
2018-04-27 05:30:00,16.5115,16.521,16.5075,16.516000000000002
2018-04-27 05:45:00,16.517500000000002,16.524,16.5075,16.5115
2018-04-27 06:00:00,16.513499999999997,16.5205,16.506999999999998,16.5075
2018-04-27 06:15:00,16.506500000000003,16.5095,16.4865,16.491500000000002
2018-04-27 06:30:00,16.4925,16.5075,16.4875,16.500999999999998
2018-04-27 06:45:00,16.5015,16.512999999999998,16.493,16.499999999999996
2018-04-27 07:00:00,16.4975,16.5095,16.4875,16.491500000000002
2018-04-27 07:15:00,16.4935,16.5125,16.483,16.5125
2018-04-27 07:30:00,16.514,16.514,16.4935,16.508
2018-04-27 07:45:00,16.509,16.534,16.503,16.525499999999997
2018-04-27 08:00:00,16.529,16.5535,16.529,16.5355
2018-04-27 08:15:00,16.537,16.542,16.5275,16.5325
2018-04-27 08:30:00,16.5325,16.5335,16.5015,16.503
2018-04-27 08:45:00,16.5045,16.5115,16.4895,16.491
2018-04-27 09:00:00,16.4935,16.5235,16.4925,16.5235
2018-04-27 09:15:00,16.518500000000003,16.537000000000003,16.517,16.527
2018-04-27 09:30:00,16.53,16.5355,16.522,16.531499999999998
2018-04-27 09:45:00,16.5305,16.5335,16.516000000000002,16.5325
2018-04-27 10:00:00,16.531499999999998,16.5395,16.512,16.521
2018-04-27 10:15:00,16.521,16.523,16.506,16.506500000000003
2018-04-27 10:30:00,16.5095,16.5465,16.5075,16.536499999999997
2018-04-27 10:45:00,16.536499999999997,16.5435,16.518,16.531499999999998
2018-04-27 11:00:00,16.531000000000002,16.552500000000002,16.5275,16.5415
2018-04-27 11:15:00,16.541,16.541,16.5155,16.525499999999997
2018-04-27 11:30:00,16.525000000000002,16.531499999999998,16.5135,16.519000000000002
2018-04-27 11:45:00,16.515,16.5185,16.4835,16.4895
2018-04-27 12:00:00,16.488500000000002,16.5245,16.48,16.522000000000002
2018-04-27 12:15:00,16.5195,16.5335,16.5105,16.5265
2018-04-27 12:30:00,16.525499999999997,16.5485,16.4745,16.529
2018-04-27 12:45:00,16.535,16.5705,16.5235,16.5485
2018-04-27 13:00:00,16.552500000000002,16.569499999999998,16.535,16.542
2018-04-27 13:15:00,16.537499999999998,16.537499999999998,16.4995,16.503
2018-04-27 13:30:00,16.5015,16.547,16.4955,16.509
2018-04-27 13:45:00,16.509999999999998,16.521,16.48,16.49
2018-04-27 14:00:00,16.49,16.5055,16.468,16.4715
2018-04-27 14:15:00,16.4715,16.4825,16.4615,16.477
2018-04-27 14:30:00,16.4775,16.5115,16.4715,16.4895
2018-04-27 14:45:00,16.49,16.497,16.476499999999998,16.492
2018-04-27 15:00:00,16.4915,16.4995,16.481,16.4955
2018-04-27 15:15:00,16.4955,16.5045,16.473499999999998,16.476000000000003
2018-04-27 15:30:00,16.477999999999998,16.489,16.4595,16.464000000000002
2018-04-27 15:45:00,16.4675,16.476499999999998,16.463,16.4695
2018-04-27 16:00:00,16.4675,16.473,16.45,16.4575
2018-04-27 16:15:00,16.456,16.4805,16.4445,16.4675
2018-04-27 16:30:00,16.4655,16.473,16.448999999999998,16.4525
2018-04-27 16:45:00,16.453,16.4595,16.4435,16.451
2018-04-27 17:00:00,16.4575,16.466,16.4485,16.453
2018-04-27 17:15:00,16.4525,16.470000000000002,16.4445,16.464000000000002
2018-04-27 17:30:00,16.462,16.479,16.4605,16.473499999999998
2018-04-27 17:45:00,16.473499999999998,16.49,16.4655,16.4845
2018-04-27 18:00:00,16.4845,16.498,16.476499999999998,16.493000000000002
2018-04-27 18:15:00,16.494,16.4975,16.4815,16.488
2018-04-27 18:30:00,16.4845,16.517500000000002,16.483,16.517500000000002
2018-04-27 18:45:00,16.5155,16.5455,16.509999999999998,16.5415
2018-04-27 19:00:00,16.5415,16.5475,16.5325,16.534499999999998
2018-04-27 19:15:00,16.5355,16.542,16.5295,16.5305
2018-04-27 19:30:00,16.531000000000002,16.536,16.5285,16.531000000000002
2018-04-27 19:45:00,16.53,16.536,16.525000000000002,16.5295
2018-04-27 20:00:00,16.5305,16.536,16.527,16.53
2018-04-27 20:15:00,16.5285,16.536,16.5285,16.533
2018-04-27 20:30:00,16.531499999999998,16.536499999999997,16.5265,16.527
2018-04-27 20:45:00,16.527,16.5345,16.517500000000002,16.522
2018-04-29 22:00:00,16.519000000000002,16.5215,16.512,16.5165
2018-04-29 22:15:00,16.5135,16.5155,16.5135,16.5155
2018-04-29 22:30:00,16.5215,16.5245,16.498,16.5215
2018-04-29 22:45:00,16.521,16.527,16.515,16.5185
2018-04-29 23:00:00,16.5185,16.5285,16.517500000000002,16.5205
2018-04-29 23:15:00,16.5195,16.524,16.5195,16.524
2018-04-29 23:30:00,16.523500000000002,16.532999999999998,16.5185,16.525499999999997
2018-04-29 23:45:00,16.525000000000002,16.532999999999998,16.517500000000002,16.525499999999997
2018-04-30 01:00:00,16.537499999999998,16.5435,16.5215,16.5225
2018-04-30 01:15:00,16.522,16.5285,16.5165,16.5225
2018-04-30 01:30:00,16.523,16.527,16.512999999999998,16.515
2018-04-30 01:45:00,16.515,16.526000000000003,16.512999999999998,16.5245
2018-04-30 02:00:00,16.5245,16.53,16.515,16.5155
2018-04-30 02:15:00,16.5155,16.516000000000002,16.5025,16.509999999999998
2018-04-30 02:30:00,16.506,16.508,16.485500000000002,16.497
2018-04-30 02:45:00,16.4985,16.5025,16.4805,16.4845
2018-04-30 03:00:00,16.485500000000002,16.491500000000002,16.4775,16.4875
2018-04-30 03:15:00,16.485500000000002,16.488999999999997,16.4815,16.488
2018-04-30 03:30:00,16.4865,16.4895,16.4715,16.476499999999998
2018-04-30 03:45:00,16.477,16.4825,16.470000000000002,16.4725
2018-04-30 04:00:00,16.473,16.487000000000002,16.470000000000002,16.481
2018-04-30 04:15:00,16.481,16.4815,16.470499999999998,16.471
2018-04-30 04:30:00,16.471,16.476499999999998,16.470499999999998,16.4715
2018-04-30 04:45:00,16.4715,16.482000000000003,16.4715,16.4775
2018-04-30 05:00:00,16.4785,16.486,16.469,16.470499999999998
2018-04-30 05:15:00,16.4745,16.487,16.470499999999998,16.486
2018-04-30 05:30:00,16.4865,16.488999999999997,16.4785,16.4825
2018-04-30 05:45:00,16.4815,16.485500000000002,16.475,16.476499999999998
2018-04-30 06:00:00,16.476499999999998,16.476499999999998,16.4175,16.427999999999997
2018-04-30 06:15:00,16.427999999999997,16.439999999999998,16.421,16.4375
2018-04-30 06:30:00,16.438,16.4385,16.4205,16.4235
2018-04-30 06:45:00,16.4225,16.437,16.419,16.4245
2018-04-30 07:00:00,16.421000000000003,16.426000000000002,16.403499999999998,16.4175
2018-04-30 07:15:00,16.4165,16.430500000000002,16.4165,16.4255
2018-04-30 07:30:00,16.4255,16.435,16.42,16.4295
2018-04-30 07:45:00,16.4315,16.434500000000003,16.4215,16.4325
2018-04-30 08:00:00,16.433999999999997,16.4355,16.4215,16.427500000000002
2018-04-30 08:15:00,16.429,16.4365,16.422,16.4295
2018-04-30 08:30:00,16.429,16.431,16.4225,16.425
2018-04-30 08:45:00,16.425,16.426000000000002,16.409000000000002,16.4135
2018-04-30 09:00:00,16.414499999999997,16.419,16.4075,16.416
2018-04-30 09:15:00,16.4175,16.4205,16.413,16.413
2018-04-30 09:30:00,16.415499999999998,16.418,16.4065,16.415499999999998
2018-04-30 09:45:00,16.415499999999998,16.4255,16.415,16.4255
2018-04-30 10:00:00,16.427500000000002,16.432,16.4225,16.427
2018-04-30 10:15:00,16.4285,16.4285,16.403000000000002,16.403499999999998
2018-04-30 10:30:00,16.404000000000003,16.4045,16.38,16.391
2018-04-30 10:45:00,16.389,16.394000000000002,16.378500000000003,16.3805
2018-04-30 11:00:00,16.378999999999998,16.396,16.363,16.366500000000002
2018-04-30 11:15:00,16.3615,16.372500000000002,16.358,16.365000000000002
2018-04-30 11:30:00,16.362,16.362,16.336499999999997,16.336499999999997
2018-04-30 11:45:00,16.3355,16.347,16.3225,16.3395
2018-04-30 12:00:00,16.3385,16.345,16.3185,16.3335
2018-04-30 12:15:00,16.334,16.3355,16.302,16.302
2018-04-30 12:30:00,16.3035,16.305999999999997,16.250999999999998,16.278
2018-04-30 12:45:00,16.278,16.296,16.265,16.2725
2018-04-30 13:00:00,16.273,16.2765,16.25,16.2525
2018-04-30 13:15:00,16.253999999999998,16.259,16.227999999999998,16.253
2018-04-30 13:30:00,16.250500000000002,16.250500000000002,16.2175,16.233999999999998
2018-04-30 13:45:00,16.231499999999997,16.231499999999997,16.2025,16.219
2018-04-30 14:00:00,16.216,16.387999999999998,16.2135,16.325
2018-04-30 14:15:00,16.3225,16.46,16.3225,16.357499999999998
2018-04-30 14:30:00,16.357499999999998,16.357499999999998,16.316,16.334
2018-04-30 14:45:00,16.334,16.3415,16.299,16.3325
2018-04-30 15:00:00,16.336000000000002,16.354000000000003,16.287499999999998,16.2905
2018-04-30 15:15:00,16.293000000000003,16.3105,16.288,16.296
2018-04-30 15:30:00,16.298000000000002,16.323,16.296,16.3125
2018-04-30 15:45:00,16.3135,16.347,16.307,16.339000000000002
2018-04-30 16:00:00,16.3395,16.374,16.331,16.348499999999998
2018-04-30 16:15:00,16.348000000000003,16.3685,16.334,16.343000000000004
2018-04-30 16:30:00,16.344,16.344,16.328500000000002,16.33
2018-04-30 16:45:00,16.33,16.3525,16.3185,16.325
2018-04-30 17:00:00,16.328500000000002,16.336499999999997,16.305500000000002,16.3325
2018-04-30 17:15:00,16.332,16.4,16.332,16.369
2018-04-30 17:30:00,16.366999999999997,16.372,16.3495,16.369500000000002
2018-04-30 17:45:00,16.374,16.384,16.366500000000002,16.374
2018-04-30 18:00:00,16.377,16.389,16.3615,16.378500000000003
2018-04-30 18:15:00,16.3775,16.383,16.3615,16.368
2018-04-30 18:30:00,16.3615,16.383,16.357499999999998,16.374
2018-04-30 18:45:00,16.371999999999996,16.375,16.355999999999998,16.355999999999998
2018-04-30 19:00:00,16.3565,16.366500000000002,16.355999999999998,16.362
2018-04-30 19:15:00,16.3595,16.364,16.3415,16.345
2018-04-30 19:30:00,16.351,16.355,16.3365,16.3505
2018-04-30 19:45:00,16.3455,16.3475,16.326999999999998,16.329
2018-04-30 20:00:00,16.328,16.34,16.3205,16.33
2018-04-30 20:15:00,16.3265,16.349000000000004,16.3265,16.349000000000004
2018-04-30 20:30:00,16.345,16.348499999999998,16.337000000000003,16.3395
2018-04-30 20:45:00,16.34,16.3405,16.3225,16.3225
2018-04-30 22:00:00,16.319,16.3405,16.319,16.338
2018-04-30 22:15:00,16.339,16.343,16.334,16.338
2018-04-30 22:30:00,16.337000000000003,16.347,16.336000000000002,16.347
2018-04-30 22:45:00,16.347,16.347,16.334,16.334500000000002
2018-04-30 23:00:00,16.334500000000002,16.334500000000002,16.325499999999998,16.332
2018-04-30 23:15:00,16.331,16.331,16.317999999999998,16.32
2018-04-30 23:30:00,16.319,16.326,16.308,16.32
2018-04-30 23:45:00,16.326999999999998,16.332,16.319,16.3225
2018-05-01 01:00:00,16.3355,16.3355,16.319,16.3245
2018-05-01 01:15:00,16.325,16.325,16.304,16.313
2018-05-01 01:30:00,16.313,16.313,16.2975,16.3005
2018-05-01 01:45:00,16.299500000000002,16.302,16.2825,16.291
2018-05-01 02:00:00,16.2895,16.299500000000002,16.2855,16.296499999999998
2018-05-01 02:15:00,16.295,16.299500000000002,16.282000000000004,16.288
2018-05-01 02:30:00,16.2895,16.298000000000002,16.287499999999998,16.298000000000002
2018-05-01 02:45:00,16.296499999999998,16.298000000000002,16.286499999999997,16.2915
2018-05-01 03:00:00,16.290499999999998,16.294999999999998,16.2835,16.29
2018-05-01 03:15:00,16.287499999999998,16.2955,16.287499999999998,16.293499999999998
2018-05-01 03:30:00,16.297,16.297,16.292499999999997,16.294999999999998
2018-05-01 03:45:00,16.29,16.296,16.2885,16.292499999999997
2018-05-01 04:00:00,16.293000000000003,16.293000000000003,16.2835,16.2855
2018-05-01 04:15:00,16.288,16.292,16.2855,16.288999999999998
2018-05-01 04:30:00,16.2885,16.292,16.2835,16.2895
2018-05-01 04:45:00,16.287000000000003,16.290499999999998,16.284000000000002,16.285
2018-05-01 05:00:00,16.285,16.285,16.268,16.2725
2018-05-01 05:15:00,16.276000000000003,16.277,16.265,16.267500000000002
2018-05-01 05:30:00,16.272,16.2735,16.2625,16.2655
2018-05-01 05:45:00,16.269,16.2765,16.2595,16.2765
2018-05-01 06:00:00,16.272000000000002,16.282,16.264499999999998,16.2655
2018-05-01 06:15:00,16.2635,16.269,16.2545,16.258
2018-05-01 06:30:00,16.258499999999998,16.259999999999998,16.250500000000002,16.250500000000002
2018-05-01 06:45:00,16.2545,16.2735,16.2545,16.2705
2018-05-01 07:00:00,16.2715,16.2765,16.262,16.2665
2018-05-01 07:15:00,16.2655,16.2785,16.2545,16.258499999999998
2018-05-01 07:30:00,16.258,16.2655,16.252499999999998,16.259
2018-05-01 07:45:00,16.2585,16.266,16.2495,16.2595
2018-05-01 08:00:00,16.2595,16.267,16.238,16.2425
2018-05-01 08:15:00,16.2435,16.2635,16.2435,16.2625
2018-05-01 08:30:00,16.261,16.261,16.241,16.247
2018-05-01 08:45:00,16.244,16.2515,16.2375,16.242
2018-05-01 09:00:00,16.245,16.249999999999996,16.2275,16.2465
2018-05-01 09:15:00,16.243,16.265,16.238500000000002,16.265
2018-05-01 09:30:00,16.2655,16.2745,16.2595,16.269
2018-05-01 09:45:00,16.2745,16.2915,16.2715,16.2845
2018-05-01 10:00:00,16.2855,16.2865,16.274,16.2785
2018-05-01 10:15:00,16.278000000000002,16.279,16.2655,16.2665
2018-05-01 10:30:00,16.2665,16.2685,16.2485,16.2525
2018-05-01 10:45:00,16.255,16.255,16.245,16.250500000000002
2018-05-01 11:00:00,16.244500000000002,16.271,16.2405,16.2605
2018-05-01 11:15:00,16.2605,16.2715,16.249,16.267
2018-05-01 11:30:00,16.2695,16.275000000000002,16.261,16.2655
2018-05-01 11:45:00,16.2655,16.281000000000002,16.2605,16.279
2018-05-01 12:00:00,16.28,16.28,16.249,16.2665
2018-05-01 12:15:00,16.27,16.3125,16.2665,16.309
2018-05-01 12:30:00,16.305999999999997,16.346,16.305999999999997,16.3195
2018-05-01 12:45:00,16.3165,16.326,16.288999999999998,16.298000000000002
2018-05-01 13:00:00,16.2975,16.336000000000002,16.2945,16.296499999999998
2018-05-01 13:15:00,16.296499999999998,16.299,16.237000000000002,16.238
2018-05-01 13:30:00,16.235,16.2595,16.2105,16.2295
2018-05-01 13:45:00,16.2285,16.247500000000002,16.21,16.216
2018-05-01 14:00:00,16.233,16.254,16.1245,16.132
2018-05-01 14:15:00,16.133,16.189999999999998,16.1315,16.1845
2018-05-01 14:30:00,16.186500000000002,16.197499999999998,16.086499999999997,16.086499999999997
2018-05-01 14:45:00,16.086,16.105999999999998,16.07,16.1015
2018-05-01 15:00:00,16.1005,16.101,16.057,16.095
2018-05-01 15:15:00,16.0955,16.1125,16.075499999999998,16.087
2018-05-01 15:30:00,16.0875,16.116,16.078,16.102
2018-05-01 15:45:00,16.104499999999998,16.1335,16.1005,16.125500000000002
2018-05-01 16:00:00,16.1245,16.1395,16.1105,16.116
2018-05-01 16:15:00,16.116999999999997,16.143,16.1065,16.132
2018-05-01 16:30:00,16.1295,16.1425,16.1205,16.1205
2018-05-01 16:45:00,16.117,16.1375,16.113,16.12
2018-05-01 17:00:00,16.1205,16.14,16.1135,16.1155
2018-05-01 17:15:00,16.1185,16.133,16.103499999999997,16.1235
2018-05-01 17:30:00,16.1245,16.134,16.1135,16.123
2018-05-01 17:45:00,16.1205,16.1575,16.1205,16.1475
2018-05-01 18:00:00,16.1485,16.164499999999997,16.148,16.157
2018-05-01 18:15:00,16.1545,16.173,16.1475,16.165499999999998
2018-05-01 18:30:00,16.165000000000003,16.188999999999997,16.165000000000003,16.1845
2018-05-01 18:45:00,16.179,16.192,16.1745,16.1765
2018-05-01 19:00:00,16.1785,16.192,16.1665,16.1665
2018-05-01 19:15:00,16.169,16.177500000000002,16.16,16.172
2018-05-01 19:30:00,16.1735,16.177500000000002,16.161,16.1665
2018-05-01 19:45:00,16.1665,16.1755,16.1615,16.171
2018-05-01 20:00:00,16.17,16.1755,16.1615,16.1675
2018-05-01 20:15:00,16.165499999999998,16.179,16.165499999999998,16.1725
2018-05-01 20:30:00,16.176000000000002,16.176000000000002,16.162499999999998,16.162499999999998
2018-05-01 20:45:00,16.162499999999998,16.171000000000003,16.1575,16.163
2018-05-01 22:00:00,16.168,16.183,16.1575,16.171000000000003
2018-05-01 22:15:00,16.175,16.1875,16.175,16.1815
2018-05-01 22:30:00,16.181,16.192,16.181,16.189500000000002
2018-05-01 22:45:00,16.1925,16.194,16.172,16.177500000000002
2018-05-01 23:00:00,16.1785,16.1875,16.171999999999997,16.1875
2018-05-01 23:15:00,16.1845,16.1945,16.1825,16.1945
2018-05-01 23:30:00,16.194999999999997,16.1985,16.1865,16.193
2018-05-01 23:45:00,16.1915,16.1965,16.1845,16.188999999999997
2018-05-02 01:00:00,16.2275,16.2835,16.225,16.274
2018-05-02 01:15:00,16.274,16.296499999999998,16.259,16.296
2018-05-02 01:30:00,16.296499999999998,16.3095,16.292499999999997,16.292499999999997
2018-05-02 01:45:00,16.292499999999997,16.316999999999997,16.2895,16.305500000000002
2018-05-02 02:00:00,16.306,16.315,16.3,16.3075
2018-05-02 02:15:00,16.3045,16.3145,16.3005,16.3045
2018-05-02 02:30:00,16.3035,16.311,16.298000000000002,16.3095
2018-05-02 02:45:00,16.3095,16.317999999999998,16.304000000000002,16.314999999999998
2018-05-02 03:00:00,16.3125,16.3195,16.3125,16.3155
2018-05-02 03:15:00,16.3145,16.3235,16.3145,16.317999999999998
2018-05-02 03:30:00,16.317500000000003,16.3355,16.3165,16.3335
2018-05-02 03:45:00,16.3355,16.349,16.321,16.3225
2018-05-02 04:00:00,16.3225,16.3275,16.3185,16.3245
2018-05-02 04:15:00,16.3235,16.323999999999998,16.3135,16.322
2018-05-02 04:30:00,16.323,16.3235,16.3135,16.314
2018-05-02 04:45:00,16.314,16.316,16.3075,16.311999999999998
2018-05-02 05:00:00,16.3105,16.310999999999996,16.296499999999998,16.298000000000002
2018-05-02 05:15:00,16.2985,16.3,16.286,16.3
2018-05-02 05:30:00,16.299,16.316,16.294,16.309
2018-05-02 05:45:00,16.3145,16.3235,16.305,16.3095
2018-05-02 06:00:00,16.3095,16.3125,16.293,16.299500000000002
2018-05-02 06:15:00,16.2985,16.3275,16.2985,16.326
2018-05-02 06:30:00,16.325,16.3375,16.317999999999998,16.3275
2018-05-02 06:45:00,16.323999999999998,16.337000000000003,16.3165,16.325
2018-05-02 07:00:00,16.325,16.33,16.314,16.329
2018-05-02 07:15:00,16.3235,16.349,16.322,16.3445
2018-05-02 07:30:00,16.3455,16.347,16.331,16.3335
2018-05-02 07:45:00,16.334500000000002,16.3375,16.326999999999998,16.3315
2018-05-02 08:00:00,16.3335,16.34,16.328500000000002,16.3355
2018-05-02 08:15:00,16.337000000000003,16.345000000000002,16.3135,16.323999999999998
2018-05-02 08:30:00,16.325499999999998,16.34,16.325499999999998,16.3345
2018-05-02 08:45:00,16.335,16.336499999999997,16.3205,16.336499999999997
2018-05-02 09:00:00,16.336499999999997,16.348499999999998,16.3315,16.3455
2018-05-02 09:15:00,16.3465,16.368,16.343,16.3615
2018-05-02 09:30:00,16.3645,16.3825,16.3585,16.377
2018-05-02 09:45:00,16.3765,16.379500000000004,16.357499999999998,16.363
2018-05-02 10:00:00,16.3625,16.368,16.3505,16.358
2018-05-02 10:15:00,16.357,16.357,16.342000000000002,16.343000000000004
2018-05-02 10:30:00,16.342000000000002,16.346,16.334500000000002,16.3405
2018-05-02 10:45:00,16.3405,16.353,16.3405,16.35
2018-05-02 11:00:00,16.349,16.3685,16.347,16.348499999999998
2018-05-02 11:15:00,16.348000000000003,16.363500000000002,16.348000000000003,16.354499999999998
2018-05-02 11:30:00,16.3565,16.359,16.34,16.353499999999997
2018-05-02 11:45:00,16.357,16.358,16.3385,16.343000000000004
2018-05-02 12:00:00,16.3435,16.366,16.3435,16.364
2018-05-02 12:15:00,16.359,16.439,16.341499999999996,16.3855
2018-05-02 12:30:00,16.39,16.414499999999997,16.3675,16.395500000000002
2018-05-02 12:45:00,16.403499999999998,16.413,16.3885,16.4
2018-05-02 13:00:00,16.399,16.408,16.384500000000003,16.3925
2018-05-02 13:15:00,16.393,16.3965,16.37,16.395500000000002
2018-05-02 13:30:00,16.393,16.4015,16.365000000000002,16.366
2018-05-02 13:45:00,16.3655,16.372500000000002,16.3245,16.3435
2018-05-02 14:00:00,16.3415,16.375,16.325,16.3715
2018-05-02 14:15:00,16.3705,16.400000000000002,16.3625,16.391
2018-05-02 14:30:00,16.387999999999998,16.3975,16.365000000000002,16.3855
2018-05-02 14:45:00,16.3855,16.4285,16.3765,16.426000000000002
2018-05-02 15:00:00,16.425,16.4435,16.424,16.4315
2018-05-02 15:15:00,16.43,16.4345,16.4205,16.425
2018-05-02 15:30:00,16.426000000000002,16.4415,16.424,16.430500000000002
2018-05-02 15:45:00,16.430500000000002,16.4345,16.3975,16.401
2018-05-02 16:00:00,16.401,16.4075,16.372500000000002,16.3765
2018-05-02 16:15:00,16.375999999999998,16.3825,16.364,16.372
2018-05-02 16:30:00,16.3715,16.375999999999998,16.349,16.364
2018-05-02 16:45:00,16.3625,16.364,16.3475,16.3625
2018-05-02 17:00:00,16.3585,16.3615,16.3325,16.352
2018-05-02 17:15:00,16.352,16.362,16.3295,16.358
2018-05-02 17:30:00,16.357,16.37,16.345,16.355999999999998
2018-05-02 17:45:00,16.3555,16.3765,16.3555,16.369
2018-05-02 18:00:00,16.360000000000003,16.5035,16.355999999999998,16.4835
2018-05-02 18:15:00,16.4835,16.503,16.448,16.492
2018-05-02 18:30:00,16.4925,16.531499999999998,16.4735,16.509
2018-05-02 18:45:00,16.5095,16.516000000000002,16.456,16.458000000000002
2018-05-02 19:00:00,16.459000000000003,16.475,16.416,16.4665
2018-05-02 19:15:00,16.4665,16.473499999999998,16.4,16.4045
2018-05-02 19:30:00,16.4025,16.409000000000002,16.387,16.3935
2018-05-02 19:45:00,16.389,16.3935,16.367,16.369
2018-05-02 20:00:00,16.369,16.391,16.364,16.391
2018-05-02 20:15:00,16.3835,16.3845,16.372999999999998,16.3755
2018-05-02 20:30:00,16.374,16.377,16.364,16.364
2018-05-02 20:45:00,16.3685,16.3885,16.365000000000002,16.384999999999998
2018-05-02 22:00:00,16.3895,16.398000000000003,16.38,16.398000000000003
2018-05-02 22:15:00,16.398000000000003,16.403000000000002,16.395,16.403000000000002
2018-05-02 22:30:00,16.402,16.402,16.384999999999998,16.386499999999998
2018-05-02 22:45:00,16.387,16.398000000000003,16.387,16.394
2018-05-02 23:00:00,16.395,16.406,16.3935,16.4045
2018-05-02 23:15:00,16.404000000000003,16.4075,16.395500000000002,16.403499999999998
2018-05-02 23:30:00,16.404000000000003,16.4075,16.391499999999997,16.401500000000002
2018-05-02 23:45:00,16.396,16.4025,16.391499999999997,16.395500000000002
2018-05-03 01:00:00,16.425,16.4325,16.409499999999998,16.415000000000003
2018-05-03 01:15:00,16.4135,16.436,16.4115,16.433999999999997
2018-05-03 01:30:00,16.4355,16.4595,16.4355,16.456500000000002
2018-05-03 01:45:00,16.4555,16.463,16.438999999999997,16.4405
2018-05-03 02:00:00,16.442999999999998,16.4465,16.426,16.433
2018-05-03 02:15:00,16.4325,16.438999999999997,16.418499999999998,16.419
2018-05-03 02:30:00,16.4205,16.4225,16.4055,16.412499999999998
2018-05-03 02:45:00,16.4085,16.4215,16.407,16.413
2018-05-03 03:00:00,16.414,16.423,16.4085,16.4205
2018-05-03 03:15:00,16.4205,16.4305,16.419,16.4285
2018-05-03 03:30:00,16.4285,16.4285,16.4195,16.4195
2018-05-03 03:45:00,16.418,16.4225,16.414499999999997,16.4195
2018-05-03 04:00:00,16.4175,16.424,16.414,16.414499999999997
2018-05-03 04:15:00,16.414499999999997,16.4255,16.414499999999997,16.4255
2018-05-03 04:30:00,16.4255,16.4265,16.4175,16.424500000000002
2018-05-03 04:45:00,16.4235,16.424500000000002,16.4195,16.4225
2018-05-03 05:00:00,16.424500000000002,16.424500000000002,16.4195,16.4195
2018-05-03 05:15:00,16.4195,16.423,16.414499999999997,16.4205
2018-05-03 05:30:00,16.4165,16.431,16.4165,16.424
2018-05-03 05:45:00,16.424,16.433999999999997,16.411,16.411
2018-05-03 06:00:00,16.4115,16.414,16.393,16.4
2018-05-03 06:15:00,16.4005,16.427,16.3945,16.415000000000003
2018-05-03 06:30:00,16.414499999999997,16.416,16.409499999999998,16.41
2018-05-03 06:45:00,16.41,16.4175,16.397499999999997,16.4005
2018-05-03 07:00:00,16.400000000000002,16.400000000000002,16.361,16.375
2018-05-03 07:15:00,16.378500000000003,16.421,16.378500000000003,16.41
2018-05-03 07:30:00,16.4085,16.451999999999998,16.408499999999997,16.451
2018-05-03 07:45:00,16.4505,16.464000000000002,16.445999999999998,16.453
2018-05-03 08:00:00,16.451,16.462,16.4345,16.439999999999998
2018-05-03 08:15:00,16.4405,16.4785,16.439999999999998,16.474
2018-05-03 08:30:00,16.474,16.504,16.4625,16.4985
2018-05-03 08:45:00,16.4985,16.4995,16.4745,16.475499999999997
2018-05-03 09:00:00,16.475499999999997,16.491500000000002,16.464499999999997,16.4865
2018-05-03 09:15:00,16.4865,16.533,16.4865,16.5205
2018-05-03 09:30:00,16.5225,16.5305,16.4985,16.4985
2018-05-03 09:45:00,16.500500000000002,16.5055,16.49,16.500500000000002
2018-05-03 10:00:00,16.506500000000003,16.521,16.4935,16.495500000000003
2018-05-03 10:15:00,16.495500000000003,16.498,16.4775,16.4815
2018-05-03 10:30:00,16.4825,16.503,16.4825,16.496
2018-05-03 10:45:00,16.4925,16.496,16.476499999999998,16.4775
2018-05-03 11:00:00,16.477,16.4785,16.468,16.478
2018-05-03 11:15:00,16.479,16.483,16.463499999999996,16.4775
2018-05-03 11:30:00,16.477999999999998,16.524,16.477999999999998,16.509999999999998
2018-05-03 11:45:00,16.506500000000003,16.59,16.491500000000002,16.578500000000002
2018-05-03 12:00:00,16.578,16.5795,16.515,16.5535
2018-05-03 12:15:00,16.5575,16.5575,16.5295,16.538
2018-05-03 12:30:00,16.537499999999998,16.5595,16.523500000000002,16.5385
2018-05-03 12:45:00,16.535,16.544,16.5225,16.5275
2018-05-03 13:00:00,16.532000000000004,16.532000000000004,16.49,16.5035
2018-05-03 13:15:00,16.5015,16.527,16.496,16.527
2018-05-03 13:30:00,16.527,16.527,16.473,16.5015
2018-05-03 13:45:00,16.5015,16.532,16.4965,16.53
2018-05-03 14:00:00,16.53,16.553,16.502,16.5225
2018-05-03 14:15:00,16.518,16.518,16.451999999999998,16.466
2018-05-03 14:30:00,16.4615,16.466,16.427,16.451999999999998
2018-05-03 14:45:00,16.447499999999998,16.4615,16.42,16.436
2018-05-03 15:00:00,16.437,16.438999999999997,16.412499999999998,16.4315
2018-05-03 15:15:00,16.4325,16.434500000000003,16.418499999999998,16.427500000000002
2018-05-03 15:30:00,16.429,16.438,16.4225,16.4285
2018-05-03 15:45:00,16.4315,16.4415,16.4115,16.43
2018-05-03 16:00:00,16.425,16.438,16.406000000000002,16.409000000000002
2018-05-03 16:15:00,16.414499999999997,16.444,16.414499999999997,16.439500000000002
2018-05-03 16:30:00,16.4405,16.451999999999998,16.4295,16.436
2018-05-03 16:45:00,16.4365,16.4485,16.4255,16.436
2018-05-03 17:00:00,16.435,16.435,16.404,16.419
2018-05-03 17:15:00,16.4195,16.437,16.408499999999997,16.433
2018-05-03 17:30:00,16.434500000000003,16.4635,16.433,16.4605
2018-05-03 17:45:00,16.457,16.4605,16.4485,16.456
2018-05-03 18:00:00,16.4515,16.473499999999998,16.448999999999998,16.469499999999996
2018-05-03 18:15:00,16.469,16.473499999999998,16.4635,16.464499999999997
2018-05-03 18:30:00,16.4655,16.477,16.463,16.464499999999997
2018-05-03 18:45:00,16.4675,16.4675,16.4475,16.4505
2018-05-03 19:00:00,16.451999999999998,16.46,16.442999999999998,16.457
2018-05-03 19:15:00,16.457,16.463,16.4545,16.458000000000002
2018-05-03 19:30:00,16.457,16.457,16.4355,16.438
2018-05-03 19:45:00,16.435,16.439999999999998,16.424,16.4255
2018-05-03 20:00:00,16.429,16.4295,16.4225,16.429
2018-05-03 20:15:00,16.4315,16.436,16.4265,16.431
2018-05-03 20:30:00,16.435,16.439,16.430500000000002,16.4365
2018-05-03 20:45:00,16.4365,16.444,16.4325,16.439500000000002
2018-05-03 22:00:00,16.441,16.4595,16.441,16.456500000000002
2018-05-03 22:15:00,16.4555,16.4625,16.4535,16.456500000000002
2018-05-03 22:30:00,16.456500000000002,16.461000000000002,16.454,16.456
2018-05-03 22:45:00,16.4555,16.4605,16.4505,16.451500000000003
2018-05-03 23:00:00,16.451500000000003,16.454,16.443,16.451
2018-05-03 23:15:00,16.451,16.4605,16.448,16.454
2018-05-03 23:30:00,16.4605,16.467,16.4525,16.4525
2018-05-03 23:45:00,16.455000000000002,16.461,16.451,16.4515
2018-05-04 01:00:00,16.4415,16.445999999999998,16.433500000000002,16.4345
2018-05-04 01:15:00,16.438999999999997,16.471999999999998,16.4375,16.4695
2018-05-04 01:30:00,16.4685,16.4725,16.462500000000002,16.470499999999998
2018-05-04 01:45:00,16.4685,16.483,16.468,16.479499999999998
2018-05-04 02:00:00,16.4825,16.4825,16.4665,16.4725
2018-05-04 02:15:00,16.471999999999998,16.483,16.469499999999996,16.476000000000003
2018-05-04 02:30:00,16.476000000000003,16.479499999999998,16.4675,16.4675
2018-05-04 02:45:00,16.4655,16.4725,16.4625,16.4685
2018-05-04 03:00:00,16.4685,16.4685,16.4585,16.464000000000002
2018-05-04 03:15:00,16.4635,16.473499999999998,16.4635,16.4725
2018-05-04 03:30:00,16.473499999999998,16.4745,16.464499999999997,16.4665
2018-05-04 03:45:00,16.465,16.4685,16.4585,16.4585
2018-05-04 04:00:00,16.458000000000002,16.4635,16.4575,16.463
2018-05-04 04:15:00,16.4585,16.466,16.4575,16.4585
2018-05-04 04:30:00,16.4605,16.4635,16.456500000000002,16.456500000000002
2018-05-04 04:45:00,16.4575,16.4575,16.4465,16.448
2018-05-04 05:00:00,16.4465,16.447499999999998,16.439,16.447
2018-05-04 05:15:00,16.447,16.4515,16.447,16.4515
2018-05-04 05:30:00,16.4525,16.4665,16.45,16.456500000000002
2018-05-04 05:45:00,16.4585,16.4665,16.4525,16.4655
2018-05-04 06:00:00,16.463,16.463,16.4265,16.4265
2018-05-04 06:15:00,16.4265,16.4445,16.4265,16.4445
2018-05-04 06:30:00,16.4445,16.4555,16.4355,16.45
2018-05-04 06:45:00,16.4495,16.456,16.4355,16.436
2018-05-04 07:00:00,16.433500000000002,16.433500000000002,16.3985,16.4065
2018-05-04 07:15:00,16.4065,16.432000000000002,16.402,16.4175
2018-05-04 07:30:00,16.418499999999998,16.418499999999998,16.394000000000002,16.4055
2018-05-04 07:45:00,16.406000000000002,16.412,16.3965,16.4065
2018-05-04 08:00:00,16.405,16.4265,16.405,16.409499999999998
2018-05-04 08:15:00,16.4075,16.409000000000002,16.3935,16.397000000000002
2018-05-04 08:30:00,16.3975,16.409499999999998,16.3945,16.4045
2018-05-04 08:45:00,16.4055,16.4055,16.386499999999998,16.386499999999998
2018-05-04 09:00:00,16.383,16.4005,16.3815,16.3995
2018-05-04 09:15:00,16.399,16.403499999999998,16.3915,16.398000000000003
2018-05-04 09:30:00,16.395500000000002,16.398000000000003,16.3875,16.392
2018-05-04 09:45:00,16.391,16.401,16.387999999999998,16.401
2018-05-04 10:00:00,16.4025,16.403000000000002,16.396,16.3975
2018-05-04 10:15:00,16.398000000000003,16.403499999999998,16.3965,16.403000000000002
2018-05-04 10:30:00,16.403000000000002,16.409000000000002,16.3985,16.4065
2018-05-04 10:45:00,16.406000000000002,16.418,16.403499999999998,16.418
2018-05-04 11:00:00,16.415499999999998,16.421999999999997,16.4075,16.416999999999998
2018-05-04 11:15:00,16.418,16.4195,16.4025,16.412
2018-05-04 11:30:00,16.4135,16.439,16.4135,16.425
2018-05-04 11:45:00,16.4265,16.437,16.424,16.4255
2018-05-04 12:00:00,16.4255,16.426000000000002,16.406,16.4075
2018-05-04 12:15:00,16.408,16.408,16.39,16.4025
2018-05-04 12:30:00,16.404000000000003,16.477999999999998,16.404000000000003,16.466
2018-05-04 12:45:00,16.464499999999997,16.470000000000002,16.438999999999997,16.451999999999998
2018-05-04 13:00:00,16.451500000000003,16.456500000000002,16.396,16.4265
2018-05-04 13:15:00,16.4235,16.4265,16.381,16.387
2018-05-04 13:30:00,16.3845,16.4065,16.372,16.386
2018-05-04 13:45:00,16.3855,16.4105,16.3835,16.398000000000003
2018-05-04 14:00:00,16.398000000000003,16.4405,16.3915,16.4355
2018-05-04 14:15:00,16.4405,16.447,16.430500000000002,16.4375
2018-05-04 14:30:00,16.4375,16.4785,16.4375,16.464499999999997
2018-05-04 14:45:00,16.464499999999997,16.467,16.4255,16.435
2018-05-04 15:00:00,16.437,16.442,16.421,16.422
2018-05-04 15:15:00,16.4235,16.429,16.413,16.423
2018-05-04 15:30:00,16.42,16.437,16.415499999999998,16.432
2018-05-04 15:45:00,16.432,16.4515,16.432,16.445999999999998
2018-05-04 16:00:00,16.447,16.451999999999998,16.425,16.451999999999998
2018-05-04 16:15:00,16.451,16.4745,16.447,16.461000000000002
2018-05-04 16:30:00,16.465,16.476499999999998,16.451,16.473499999999998
2018-05-04 16:45:00,16.473,16.491500000000002,16.4685,16.4865
2018-05-04 17:00:00,16.486,16.492,16.476,16.483
2018-05-04 17:15:00,16.4855,16.4985,16.476,16.485500000000002
2018-05-04 17:30:00,16.485500000000002,16.492,16.470000000000002,16.474
2018-05-04 17:45:00,16.474,16.4905,16.474,16.4825
2018-05-04 18:00:00,16.485,16.4915,16.479499999999998,16.49
2018-05-04 18:15:00,16.49,16.500500000000002,16.485,16.5
2018-05-04 18:30:00,16.497,16.505,16.494999999999997,16.4975
2018-05-04 18:45:00,16.500500000000002,16.5115,16.499,16.506
2018-05-04 19:00:00,16.5045,16.5055,16.4985,16.500500000000002
2018-05-04 19:15:00,16.504,16.504,16.494999999999997,16.4955
2018-05-04 19:30:00,16.495500000000003,16.500500000000002,16.491,16.499
2018-05-04 19:45:00,16.494999999999997,16.5095,16.494,16.506999999999998
2018-05-04 20:00:00,16.506500000000003,16.5235,16.503999999999998,16.520000000000003
2018-05-04 20:15:00,16.5205,16.5265,16.5205,16.5215
2018-05-04 20:30:00,16.522,16.525000000000002,16.521,16.5215
2018-05-04 20:45:00,16.5245,16.531499999999998,16.514499999999998,16.526000000000003
2018-05-06 22:00:00,16.511,16.531499999999998,16.508,16.531000000000002
2018-05-06 22:15:00,16.529,16.5385,16.5285,16.5325
2018-05-06 22:30:00,16.533,16.533,16.526000000000003,16.5265
2018-05-06 22:45:00,16.5265,16.5345,16.523500000000002,16.527
2018-05-06 23:00:00,16.527,16.536499999999997,16.516000000000002,16.526000000000003
2018-05-06 23:15:00,16.5205,16.529,16.518,16.525499999999997
2018-05-06 23:30:00,16.529500000000002,16.529500000000002,16.511,16.525000000000002
2018-05-06 23:45:00,16.517500000000002,16.521,16.506999999999998,16.5125
2018-05-07 01:00:00,16.55,16.558999999999997,16.536,16.558
2018-05-07 01:15:00,16.558999999999997,16.56,16.5475,16.5485
2018-05-07 01:30:00,16.551,16.558,16.542,16.5485
2018-05-07 01:45:00,16.5465,16.5465,16.532,16.535
2018-05-07 02:00:00,16.54,16.549,16.5325,16.549
2018-05-07 02:15:00,16.549,16.558999999999997,16.548,16.554
2018-05-07 02:30:00,16.553,16.5545,16.5445,16.55
2018-05-07 02:45:00,16.55,16.551,16.546,16.55
2018-05-07 03:00:00,16.555,16.561500000000002,16.548,16.5585
2018-05-07 03:15:00,16.5595,16.56,16.552500000000002,16.556
2018-05-07 03:30:00,16.558,16.5705,16.556,16.5655
2018-05-07 03:45:00,16.564999999999998,16.567,16.552,16.5535
2018-05-07 04:00:00,16.5535,16.558,16.544,16.5535
2018-05-07 04:15:00,16.552500000000002,16.556,16.540499999999998,16.544999999999998
2018-05-07 04:30:00,16.544999999999998,16.552,16.54,16.541
2018-05-07 04:45:00,16.54,16.5485,16.535,16.539
2018-05-07 05:00:00,16.5395,16.542,16.53,16.537000000000003
2018-05-07 05:15:00,16.534,16.536499999999997,16.5195,16.5245
2018-05-07 05:30:00,16.525499999999997,16.525499999999997,16.506,16.519000000000002
2018-05-07 05:45:00,16.519000000000002,16.525000000000002,16.509,16.519000000000002
2018-05-07 06:00:00,16.519000000000002,16.519000000000002,16.469,16.473
2018-05-07 06:15:00,16.472,16.491,16.469,16.476
2018-05-07 06:30:00,16.478,16.479,16.4625,16.470499999999998
2018-05-07 06:45:00,16.470000000000002,16.483999999999998,16.466,16.478
2018-05-07 07:00:00,16.478,16.4785,16.451500000000003,16.4605
2018-05-07 07:15:00,16.462500000000002,16.4735,16.4615,16.4695
2018-05-07 07:30:00,16.4715,16.476499999999998,16.463,16.4715
2018-05-07 07:45:00,16.470000000000002,16.475499999999997,16.457500000000003,16.469499999999996
2018-05-07 08:00:00,16.463,16.467000000000002,16.4535,16.4635
2018-05-07 08:15:00,16.464000000000002,16.464499999999997,16.4545,16.464000000000002
2018-05-07 08:30:00,16.464000000000002,16.489,16.464000000000002,16.483999999999998
2018-05-07 08:45:00,16.485,16.4905,16.478,16.478
2018-05-07 09:00:00,16.478,16.4845,16.468,16.48
2018-05-07 09:15:00,16.48,16.4805,16.471,16.477999999999998
2018-05-07 09:30:00,16.477999999999998,16.4815,16.472,16.478
2018-05-07 09:45:00,16.4785,16.4875,16.474,16.483
2018-05-07 10:00:00,16.486,16.4975,16.477999999999998,16.494500000000002
2018-05-07 10:15:00,16.494500000000002,16.497,16.463,16.467000000000002
2018-05-07 10:30:00,16.4665,16.469499999999996,16.45,16.456500000000002
2018-05-07 10:45:00,16.456,16.456,16.427,16.427
2018-05-07 11:00:00,16.426,16.4595,16.426,16.454
2018-05-07 11:15:00,16.45,16.458000000000002,16.4455,16.448
2018-05-07 11:30:00,16.4485,16.4485,16.427500000000002,16.432
2018-05-07 11:45:00,16.433999999999997,16.433999999999997,16.408499999999997,16.4195
2018-05-07 12:00:00,16.4195,16.4235,16.408,16.423
2018-05-07 12:15:00,16.4255,16.463,16.412499999999998,16.4515
2018-05-07 12:30:00,16.454,16.476499999999998,16.4525,16.473499999999998
2018-05-07 12:45:00,16.469499999999996,16.4785,16.467,16.471999999999998
2018-05-07 13:00:00,16.470000000000002,16.492,16.4595,16.4695
2018-05-07 13:15:00,16.469,16.471999999999998,16.442999999999998,16.4635
2018-05-07 13:30:00,16.464000000000002,16.464000000000002,16.4285,16.448999999999998
2018-05-07 13:45:00,16.4495,16.4505,16.429,16.444
2018-05-07 14:00:00,16.444,16.4895,16.442999999999998,16.466
2018-05-07 14:15:00,16.466,16.4925,16.466,16.4815
2018-05-07 14:30:00,16.483,16.496,16.48,16.485
2018-05-07 14:45:00,16.488,16.502,16.465,16.4745
2018-05-07 15:00:00,16.473499999999998,16.5135,16.473499999999998,16.509
2018-05-07 15:15:00,16.5075,16.515,16.488,16.4985
2018-05-07 15:30:00,16.4985,16.5125,16.483999999999998,16.483999999999998
2018-05-07 15:45:00,16.483999999999998,16.4915,16.481,16.491
2018-05-07 16:00:00,16.4935,16.502,16.488,16.491
2018-05-07 16:15:00,16.49,16.5015,16.478,16.4995
2018-05-07 16:30:00,16.4995,16.503999999999998,16.4905,16.499
2018-05-07 16:45:00,16.4985,16.4985,16.48,16.483
2018-05-07 17:00:00,16.483,16.4865,16.470000000000002,16.472
2018-05-07 17:15:00,16.470000000000002,16.481,16.465,16.479
2018-05-07 17:30:00,16.4785,16.4925,16.474,16.483
2018-05-07 17:45:00,16.482,16.4935,16.4815,16.4895
2018-05-07 18:00:00,16.49,16.4965,16.4875,16.4905
2018-05-07 18:15:00,16.4905,16.5025,16.4875,16.4995
2018-05-07 18:30:00,16.5,16.5,16.4815,16.486
2018-05-07 18:45:00,16.485500000000002,16.488500000000002,16.479,16.485500000000002
2018-05-07 19:00:00,16.485500000000002,16.491500000000002,16.4785,16.4825
2018-05-07 19:15:00,16.4825,16.4825,16.4635,16.4655
2018-05-07 19:30:00,16.465,16.4775,16.4635,16.473499999999998
2018-05-07 19:45:00,16.473,16.483999999999998,16.470000000000002,16.478
2018-05-07 20:00:00,16.483999999999998,16.483999999999998,16.472,16.474
2018-05-07 20:15:00,16.4735,16.4805,16.4725,16.4805
2018-05-07 20:30:00,16.479,16.486,16.475499999999997,16.4805
2018-05-07 20:45:00,16.4805,16.488,16.476499999999998,16.4825
2018-05-07 22:00:00,16.485,16.494999999999997,16.481,16.49
2018-05-07 22:15:00,16.489,16.4935,16.482,16.493000000000002
2018-05-07 22:30:00,16.4935,16.4935,16.482,16.486
2018-05-07 22:45:00,16.482,16.491,16.48,16.4845
2018-05-07 23:00:00,16.4845,16.4925,16.483999999999998,16.4865
2018-05-07 23:15:00,16.487000000000002,16.491,16.479499999999998,16.491
2018-05-07 23:30:00,16.492,16.506999999999998,16.489,16.506500000000003
2018-05-07 23:45:00,16.503,16.512,16.499,16.5045
2018-05-08 01:00:00,16.506999999999998,16.512999999999998,16.494999999999997,16.500999999999998
2018-05-08 01:15:00,16.5015,16.5035,16.496,16.4975
2018-05-08 01:30:00,16.4975,16.500999999999998,16.4595,16.4665
2018-05-08 01:45:00,16.471999999999998,16.4815,16.4655,16.481
2018-05-08 02:00:00,16.479499999999998,16.483,16.468,16.476
2018-05-08 02:15:00,16.4785,16.485,16.475,16.4815
2018-05-08 02:30:00,16.4805,16.4825,16.467000000000002,16.471
2018-05-08 02:45:00,16.470000000000002,16.48,16.470000000000002,16.473
2018-05-08 03:00:00,16.4725,16.476,16.467000000000002,16.476
2018-05-08 03:15:00,16.477999999999998,16.48,16.470000000000002,16.474
2018-05-08 03:30:00,16.4735,16.4745,16.4715,16.4715
2018-05-08 03:45:00,16.4715,16.476499999999998,16.454,16.4605
2018-05-08 04:00:00,16.46,16.46,16.445999999999998,16.451
2018-05-08 04:15:00,16.4535,16.4585,16.445500000000003,16.4535
2018-05-08 04:30:00,16.455000000000002,16.459000000000003,16.4535,16.458000000000002
2018-05-08 04:45:00,16.455000000000002,16.458000000000002,16.45,16.451999999999998
2018-05-08 05:00:00,16.451,16.4535,16.445999999999998,16.445999999999998
2018-05-08 05:15:00,16.445500000000003,16.456500000000002,16.445500000000003,16.451
2018-05-08 05:30:00,16.451999999999998,16.469,16.451,16.4665
2018-05-08 05:45:00,16.469,16.488500000000002,16.463,16.483
2018-05-08 06:00:00,16.48,16.492,16.475499999999997,16.489
2018-05-08 06:15:00,16.491,16.497999999999998,16.472,16.489
2018-05-08 06:30:00,16.489,16.509,16.485,16.4935
2018-05-08 06:45:00,16.4935,16.5035,16.483,16.487
2018-05-08 07:00:00,16.4875,16.508,16.487000000000002,16.508
2018-05-08 07:15:00,16.508,16.5225,16.4995,16.5015
2018-05-08 07:30:00,16.4995,16.511,16.4835,16.5055
2018-05-08 07:45:00,16.505,16.5205,16.499999999999996,16.503999999999998
2018-05-08 08:00:00,16.5035,16.5075,16.493000000000002,16.4975
2018-05-08 08:15:00,16.498,16.499,16.459000000000003,16.462
2018-05-08 08:30:00,16.461000000000002,16.4615,16.4445,16.4555
2018-05-08 08:45:00,16.453,16.4635,16.448999999999998,16.4615
2018-05-08 09:00:00,16.459000000000003,16.459000000000003,16.4175,16.442
2018-05-08 09:15:00,16.444,16.454,16.434500000000003,16.4365
2018-05-08 09:30:00,16.432,16.442,16.416999999999998,16.422
2018-05-08 09:45:00,16.4225,16.4315,16.421,16.43
2018-05-08 10:00:00,16.427,16.439500000000002,16.422,16.43
2018-05-08 10:15:00,16.43,16.433,16.414499999999997,16.4165
2018-05-08 10:30:00,16.417,16.4325,16.413,16.4255
2018-05-08 10:45:00,16.426,16.451999999999998,16.4205,16.4375
2018-05-08 11:00:00,16.436,16.4515,16.4315,16.4365
2018-05-08 11:15:00,16.436,16.442999999999998,16.4265,16.438999999999997
2018-05-08 11:30:00,16.4375,16.4865,16.435,16.481
2018-05-08 11:45:00,16.481,16.4865,16.470000000000002,16.483999999999998
2018-05-08 12:00:00,16.486,16.492,16.454,16.4715
2018-05-08 12:15:00,16.4715,16.509999999999998,16.462,16.509
2018-05-08 12:30:00,16.5105,16.5105,16.488500000000002,16.493
2018-05-08 12:45:00,16.494999999999997,16.4985,16.458499999999997,16.468
2018-05-08 13:00:00,16.4715,16.477,16.432,16.439999999999998
2018-05-08 13:15:00,16.439999999999998,16.465,16.439,16.4465
2018-05-08 13:30:00,16.448999999999998,16.448999999999998,16.3585,16.3585
2018-05-08 13:45:00,16.36,16.3815,16.348000000000003,16.357499999999998
2018-05-08 14:00:00,16.357,16.362,16.3325,16.353499999999997
2018-05-08 14:15:00,16.354,16.366500000000002,16.344,16.351499999999998
2018-05-08 14:30:00,16.355,16.369500000000002,16.3405,16.3555
2018-05-08 14:45:00,16.354499999999998,16.366,16.342499999999998,16.342499999999998
2018-05-08 15:00:00,16.3435,16.367,16.319,16.342499999999998
2018-05-08 15:15:00,16.343,16.355999999999998,16.328500000000002,16.339000000000002
2018-05-08 15:30:00,16.338,16.423,16.3335,16.402
2018-05-08 15:45:00,16.4005,16.429,16.3935,16.4115
2018-05-08 16:00:00,16.411,16.473,16.4065,16.473
2018-05-08 16:15:00,16.4725,16.4935,16.458499999999997,16.470000000000002
2018-05-08 16:30:00,16.470499999999998,16.474,16.447,16.4525
2018-05-08 16:45:00,16.455000000000002,16.46,16.4215,16.4495
2018-05-08 17:00:00,16.4495,16.4495,16.4205,16.444
2018-05-08 17:15:00,16.442999999999998,16.464000000000002,16.433999999999997,16.4635
2018-05-08 17:30:00,16.4695,16.473499999999998,16.451,16.459000000000003
2018-05-08 17:45:00,16.4545,16.463,16.4485,16.4495
2018-05-08 18:00:00,16.4485,16.498,16.442999999999998,16.498
2018-05-08 18:15:00,16.4985,16.524,16.456,16.4745
2018-05-08 18:30:00,16.4745,16.525499999999997,16.473499999999998,16.507500000000004
2018-05-08 18:45:00,16.511,16.517500000000002,16.483,16.488500000000002
2018-05-08 19:00:00,16.4905,16.502,16.487,16.493
2018-05-08 19:15:00,16.4965,16.506500000000003,16.4925,16.494
2018-05-08 19:30:00,16.493,16.506999999999998,16.493,16.4935
2018-05-08 19:45:00,16.491500000000002,16.4925,16.475499999999997,16.476499999999998
2018-05-08 20:00:00,16.4825,16.491,16.478,16.482
2018-05-08 20:15:00,16.48,16.482999999999997,16.476000000000003,16.477999999999998
2018-05-08 20:30:00,16.479,16.491,16.477999999999998,16.4845
2018-05-08 20:45:00,16.485500000000002,16.488500000000002,16.4745,16.4815
2018-05-08 22:00:00,16.483,16.49,16.468,16.4785
2018-05-08 22:15:00,16.4835,16.491,16.4805,16.4845
2018-05-08 22:30:00,16.4845,16.4965,16.4835,16.4955
2018-05-08 22:45:00,16.494999999999997,16.495500000000003,16.4785,16.4835
2018-05-08 23:00:00,16.483999999999998,16.4925,16.4835,16.4925
2018-05-08 23:15:00,16.4925,16.500999999999998,16.489,16.492
2018-05-08 23:30:00,16.4955,16.506,16.4935,16.4985
2018-05-08 23:45:00,16.503,16.511,16.4905,16.497999999999998
2018-05-09 01:00:00,16.456500000000002,16.456500000000002,16.426,16.436999999999998
2018-05-09 01:15:00,16.437,16.448,16.4235,16.426000000000002
2018-05-09 01:30:00,16.43,16.4525,16.4235,16.437
2018-05-09 01:45:00,16.439,16.451999999999998,16.431,16.451
2018-05-09 02:00:00,16.451,16.462,16.447,16.458000000000002
2018-05-09 02:15:00,16.459000000000003,16.463,16.4555,16.458000000000002
2018-05-09 02:30:00,16.459000000000003,16.459000000000003,16.437,16.442
2018-05-09 02:45:00,16.442999999999998,16.448,16.4375,16.4435
2018-05-09 03:00:00,16.4435,16.4435,16.437,16.438
2018-05-09 03:15:00,16.438,16.448,16.437,16.448
2018-05-09 03:30:00,16.445500000000003,16.457,16.4375,16.451999999999998
2018-05-09 03:45:00,16.451999999999998,16.453,16.4375,16.4385
2018-05-09 04:00:00,16.439999999999998,16.4425,16.432000000000002,16.4425
2018-05-09 04:15:00,16.4425,16.454,16.441,16.453
2018-05-09 04:30:00,16.4485,16.453,16.4455,16.448999999999998
2018-05-09 04:45:00,16.448,16.45,16.4425,16.4485
2018-05-09 05:00:00,16.4485,16.45,16.432000000000002,16.439
2018-05-09 05:15:00,16.4375,16.445999999999998,16.4375,16.444
2018-05-09 05:30:00,16.444,16.448999999999998,16.441,16.444
2018-05-09 05:45:00,16.445,16.45,16.439,16.4445
2018-05-09 06:00:00,16.444,16.448999999999998,16.408499999999997,16.419
2018-05-09 06:15:00,16.4165,16.43,16.41,16.419
2018-05-09 06:30:00,16.418499999999998,16.4255,16.4075,16.415
2018-05-09 06:45:00,16.41,16.41,16.398000000000003,16.4005
2018-05-09 07:00:00,16.3995,16.401,16.3655,16.374
2018-05-09 07:15:00,16.375999999999998,16.3825,16.3525,16.3815
2018-05-09 07:30:00,16.3805,16.3845,16.362,16.3815
2018-05-09 07:45:00,16.3795,16.3895,16.36,16.3895
2018-05-09 08:00:00,16.393,16.394000000000002,16.3805,16.384
2018-05-09 08:15:00,16.3815,16.4065,16.381,16.397499999999997
2018-05-09 08:30:00,16.397000000000002,16.398000000000003,16.383,16.387999999999998
2018-05-09 08:45:00,16.386,16.412,16.386,16.41
2018-05-09 09:00:00,16.41,16.424,16.4065,16.419
2018-05-09 09:15:00,16.418499999999998,16.43,16.416,16.4255
2018-05-09 09:30:00,16.424,16.425,16.413,16.419
2018-05-09 09:45:00,16.42,16.431,16.408499999999997,16.413
2018-05-09 10:00:00,16.413,16.415499999999998,16.3945,16.405
2018-05-09 10:15:00,16.405,16.4105,16.399,16.405
2018-05-09 10:30:00,16.406000000000002,16.421,16.404,16.419
2018-05-09 10:45:00,16.419,16.445,16.411,16.445
2018-05-09 11:00:00,16.444,16.4485,16.435,16.443
2018-05-09 11:15:00,16.442999999999998,16.464499999999997,16.438,16.464499999999997
2018-05-09 11:30:00,16.464499999999997,16.4935,16.4625,16.475
2018-05-09 11:45:00,16.476499999999998,16.479,16.4665,16.4725
2018-05-09 12:00:00,16.473499999999998,16.496,16.472,16.4805
2018-05-09 12:15:00,16.4805,16.4865,16.448999999999998,16.456
2018-05-09 12:30:00,16.454,16.4935,16.454,16.4745
2018-05-09 12:45:00,16.476499999999998,16.529,16.474,16.5035
2018-05-09 13:00:00,16.5045,16.542,16.5035,16.54
2018-05-09 13:15:00,16.5415,16.5665,16.5115,16.523
2018-05-09 13:30:00,16.5245,16.553,16.500999999999998,16.542
2018-05-09 13:45:00,16.54,16.5945,16.515,16.578
2018-05-09 14:00:00,16.577,16.595,16.5695,16.595
2018-05-09 14:15:00,16.596,16.597499999999997,16.5815,16.592000000000002
2018-05-09 14:30:00,16.594,16.62,16.591,16.6185
2018-05-09 14:45:00,16.6195,16.6205,16.5715,16.5725
2018-05-09 15:00:00,16.5765,16.586000000000002,16.5465,16.549
2018-05-09 15:15:00,16.554,16.554,16.508499999999998,16.531499999999998
2018-05-09 15:30:00,16.5285,16.542,16.525499999999997,16.536499999999997
2018-05-09 15:45:00,16.536499999999997,16.553,16.526000000000003,16.5455
2018-05-09 16:00:00,16.546,16.553,16.5155,16.5225
2018-05-09 16:15:00,16.521,16.535,16.516000000000002,16.527
2018-05-09 16:30:00,16.527,16.5305,16.492,16.500999999999998
2018-05-09 16:45:00,16.503999999999998,16.526,16.5015,16.5015
2018-05-09 17:00:00,16.5015,16.5235,16.500999999999998,16.5235
2018-05-09 17:15:00,16.5245,16.527,16.508499999999998,16.519000000000002
2018-05-09 17:30:00,16.5215,16.531499999999998,16.5205,16.528000000000002
2018-05-09 17:45:00,16.5295,16.5295,16.517500000000002,16.5185
2018-05-09 18:00:00,16.520000000000003,16.5215,16.5075,16.517
2018-05-09 18:15:00,16.517,16.518,16.5015,16.506999999999998
2018-05-09 18:30:00,16.506999999999998,16.514,16.506,16.511
2018-05-09 18:45:00,16.511,16.5225,16.506,16.519499999999997
2018-05-09 19:00:00,16.518,16.521,16.508499999999998,16.5135
2018-05-09 19:15:00,16.509999999999998,16.512999999999998,16.505,16.5055
2018-05-09 19:30:00,16.5055,16.5075,16.4825,16.492
2018-05-09 19:45:00,16.492,16.499,16.487000000000002,16.493
2018-05-09 20:00:00,16.494999999999997,16.4955,16.486,16.4925
2018-05-09 20:15:00,16.493,16.4995,16.4895,16.494999999999997
2018-05-09 20:30:00,16.493,16.494500000000002,16.488500000000002,16.49
2018-05-09 20:45:00,16.491500000000002,16.497,16.482,16.488999999999997
2018-05-09 22:00:00,16.503999999999998,16.506999999999998,16.479,16.491500000000002
2018-05-09 22:15:00,16.489,16.492,16.4835,16.488
2018-05-09 22:30:00,16.492,16.492,16.48,16.485
2018-05-09 22:45:00,16.49,16.4985,16.485,16.488999999999997
2018-05-09 23:00:00,16.49,16.506,16.4895,16.5025
2018-05-09 23:15:00,16.503,16.505,16.494999999999997,16.4995
2018-05-09 23:30:00,16.503,16.503,16.479,16.485
2018-05-09 23:45:00,16.491500000000002,16.491500000000002,16.476000000000003,16.488
2018-05-10 01:00:00,16.483,16.531000000000002,16.479499999999998,16.531000000000002
2018-05-10 01:15:00,16.5295,16.53,16.519000000000002,16.53
2018-05-10 01:30:00,16.5295,16.546,16.5205,16.540499999999998
2018-05-10 01:45:00,16.5425,16.5455,16.5295,16.531000000000002
2018-05-10 02:00:00,16.532,16.551,16.5305,16.54
2018-05-10 02:15:00,16.5385,16.541,16.533,16.534
2018-05-10 02:30:00,16.534,16.534,16.522,16.5245
2018-05-10 02:45:00,16.5235,16.525499999999997,16.512999999999998,16.514499999999998
2018-05-10 03:00:00,16.5155,16.5285,16.514,16.5275
2018-05-10 03:15:00,16.5275,16.53,16.5225,16.527
2018-05-10 03:30:00,16.526,16.5285,16.517500000000002,16.524
2018-05-10 03:45:00,16.524,16.534,16.519000000000002,16.53
2018-05-10 04:00:00,16.5285,16.53,16.526,16.528000000000002
2018-05-10 04:15:00,16.531000000000002,16.537,16.529,16.533
2018-05-10 04:30:00,16.533,16.542,16.531000000000002,16.541
2018-05-10 04:45:00,16.5415,16.553,16.539,16.548
2018-05-10 05:00:00,16.548,16.55,16.531499999999998,16.539
2018-05-10 05:15:00,16.537000000000003,16.5435,16.5285,16.5335
2018-05-10 05:30:00,16.536,16.544,16.524,16.5305
2018-05-10 05:45:00,16.529,16.531000000000002,16.525499999999997,16.525499999999997
2018-05-10 06:00:00,16.5245,16.5245,16.494999999999997,16.519000000000002
2018-05-10 06:15:00,16.519000000000002,16.535,16.512,16.517
2018-05-10 06:30:00,16.515,16.5395,16.5115,16.526
2018-05-10 06:45:00,16.53,16.54,16.514,16.517
2018-05-10 07:00:00,16.5135,16.5155,16.481,16.505
2018-05-10 07:15:00,16.505,16.5245,16.4975,16.5105
2018-05-10 07:30:00,16.508,16.514,16.4955,16.514
2018-05-10 07:45:00,16.514499999999998,16.515,16.488999999999997,16.512
2018-05-10 08:00:00,16.511,16.534,16.511,16.515
2018-05-10 08:15:00,16.514499999999998,16.531499999999998,16.51,16.529
2018-05-10 08:30:00,16.5275,16.544,16.5275,16.536
2018-05-10 08:45:00,16.5385,16.573500000000003,16.536,16.5725
2018-05-10 09:00:00,16.575,16.579,16.561,16.5685
2018-05-10 09:15:00,16.572,16.59,16.572,16.584
2018-05-10 09:30:00,16.580499999999997,16.594,16.579,16.5935
2018-05-10 09:45:00,16.5935,16.602,16.59,16.591
2018-05-10 10:00:00,16.592000000000002,16.596,16.589000000000002,16.595
2018-05-10 10:15:00,16.596,16.614,16.5905,16.614
2018-05-10 10:30:00,16.613,16.622,16.608999999999998,16.616500000000002
2018-05-10 10:45:00,16.618,16.624,16.604999999999997,16.604999999999997
2018-05-10 11:00:00,16.6045,16.6205,16.5895,16.5915
2018-05-10 11:15:00,16.591,16.6195,16.591,16.611
2018-05-10 11:30:00,16.614,16.644000000000002,16.614,16.6385
2018-05-10 11:45:00,16.6405,16.6405,16.6265,16.637
2018-05-10 12:00:00,16.636,16.652,16.613,16.645
2018-05-10 12:15:00,16.644000000000002,16.660999999999998,16.6295,16.6575
2018-05-10 12:30:00,16.674,16.7575,16.674,16.7
2018-05-10 12:45:00,16.7035,16.7345,16.691,16.7275
2018-05-10 13:00:00,16.7275,16.7355,16.7025,16.7165
2018-05-10 13:15:00,16.7165,16.726,16.706,16.707
2018-05-10 13:30:00,16.708000000000002,16.7405,16.663,16.669
2018-05-10 13:45:00,16.669,16.714000000000002,16.6685,16.6955
2018-05-10 14:00:00,16.6965,16.712,16.659000000000002,16.697
2018-05-10 14:15:00,16.6945,16.706,16.6815,16.6995
2018-05-10 14:30:00,16.697499999999998,16.7215,16.697,16.707
2018-05-10 14:45:00,16.7065,16.7115,16.67,16.6755
2018-05-10 15:00:00,16.678,16.699,16.6645,16.690500000000004
2018-05-10 15:15:00,16.689999999999998,16.7165,16.687,16.7075
2018-05-10 15:30:00,16.7105,16.718,16.698,16.7055
2018-05-10 15:45:00,16.7095,16.722,16.6965,16.717
2018-05-10 16:00:00,16.7165,16.717,16.686,16.686
2018-05-10 16:15:00,16.6855,16.719,16.6855,16.708499999999997
2018-05-10 16:30:00,16.7095,16.716,16.697499999999998,16.697499999999998
2018-05-10 16:45:00,16.6985,16.7075,16.692999999999998,16.693
2018-05-10 17:00:00,16.695,16.7155,16.6845,16.703000000000003
2018-05-10 17:15:00,16.7045,16.742,16.703000000000003,16.738500000000002
2018-05-10 17:30:00,16.7375,16.741,16.712,16.723
2018-05-10 17:45:00,16.723499999999998,16.728,16.7155,16.728
2018-05-10 18:00:00,16.728,16.7315,16.721,16.7305
2018-05-10 18:15:00,16.73,16.739500000000003,16.729,16.738500000000002
2018-05-10 18:30:00,16.741,16.749,16.7375,16.745500000000003
2018-05-10 18:45:00,16.743,16.754,16.741,16.749
2018-05-10 19:00:00,16.750999999999998,16.7525,16.729,16.735500000000002
2018-05-10 19:15:00,16.735500000000002,16.744,16.7305,16.741
2018-05-10 19:30:00,16.738999999999997,16.7425,16.732,16.7365
2018-05-10 19:45:00,16.737,16.737,16.7135,16.718
2018-05-10 20:00:00,16.7155,16.72,16.708000000000002,16.713
2018-05-10 20:15:00,16.7135,16.722,16.7105,16.717499999999998
2018-05-10 20:30:00,16.7215,16.7225,16.7135,16.7165
2018-05-10 20:45:00,16.717,16.7265,16.7115,16.723
2018-05-10 22:00:00,16.738999999999997,16.748,16.719,16.7225
2018-05-10 22:15:00,16.7235,16.7315,16.719499999999996,16.7265
2018-05-10 22:30:00,16.727,16.731,16.721,16.7225
2018-05-10 22:45:00,16.7215,16.7275,16.7165,16.719
2018-05-10 23:00:00,16.7185,16.720499999999998,16.714000000000002,16.714499999999997
2018-05-10 23:15:00,16.715000000000003,16.7195,16.708000000000002,16.71
2018-05-10 23:30:00,16.714000000000002,16.719,16.708000000000002,16.7105
2018-05-10 23:45:00,16.71,16.718,16.704,16.71
2018-05-11 01:00:00,16.719,16.719,16.706,16.7075
2018-05-11 01:15:00,16.7105,16.716,16.703000000000003,16.716
2018-05-11 01:30:00,16.714499999999997,16.718,16.697,16.708000000000002
2018-05-11 01:45:00,16.707,16.708499999999997,16.692999999999998,16.698
2018-05-11 02:00:00,16.697,16.699,16.687,16.692999999999998
2018-05-11 02:15:00,16.6905,16.694,16.6795,16.6855
2018-05-11 02:30:00,16.6865,16.6965,16.683999999999997,16.6965
2018-05-11 02:45:00,16.6935,16.695999999999998,16.685,16.685
2018-05-11 03:00:00,16.681,16.6865,16.675,16.6865
2018-05-11 03:15:00,16.686999999999998,16.701,16.6865,16.6955
2018-05-11 03:30:00,16.6955,16.706500000000002,16.6955,16.7055
2018-05-11 03:45:00,16.706,16.715,16.7025,16.704
2018-05-11 04:00:00,16.704,16.7125,16.702,16.7095
2018-05-11 04:15:00,16.709,16.7135,16.708000000000002,16.7135
2018-05-11 04:30:00,16.713,16.713,16.704,16.704
2018-05-11 04:45:00,16.704,16.707,16.6985,16.704
2018-05-11 05:00:00,16.7055,16.715,16.704,16.715
2018-05-11 05:15:00,16.715,16.715,16.7055,16.707
2018-05-11 05:30:00,16.71,16.7115,16.6885,16.6885
2018-05-11 05:45:00,16.689500000000002,16.6935,16.682999999999996,16.6865
2018-05-11 06:00:00,16.6865,16.708499999999997,16.68,16.7015
2018-05-11 06:15:00,16.7035,16.714000000000002,16.6905,16.6915
2018-05-11 06:30:00,16.694,16.697,16.6725,16.686
2018-05-11 06:45:00,16.683,16.695999999999998,16.682,16.685
2018-05-11 07:00:00,16.685,16.714000000000002,16.677,16.704
2018-05-11 07:15:00,16.706,16.718,16.7005,16.7005
2018-05-11 07:30:00,16.7,16.714499999999997,16.6955,16.712
2018-05-11 07:45:00,16.7095,16.729,16.703000000000003,16.723
2018-05-11 08:00:00,16.721,16.739,16.719,16.732
2018-05-11 08:15:00,16.732,16.758,16.731,16.7475
2018-05-11 08:30:00,16.7485,16.758499999999998,16.738,16.744
2018-05-11 08:45:00,16.744,16.764499999999998,16.744,16.758
2018-05-11 09:00:00,16.758,16.761,16.741,16.7465
2018-05-11 09:15:00,16.746,16.756500000000003,16.739500000000003,16.756
2018-05-11 09:30:00,16.757499999999997,16.774,16.756,16.771
2018-05-11 09:45:00,16.771,16.7795,16.7655,16.776
2018-05-11 10:00:00,16.775499999999997,16.781499999999998,16.769499999999997,16.776
2018-05-11 10:15:00,16.7775,16.781499999999998,16.758499999999998,16.779
2018-05-11 10:30:00,16.7785,16.804000000000002,16.773,16.7775
2018-05-11 10:45:00,16.775000000000002,16.78,16.77,16.7795
2018-05-11 11:00:00,16.776,16.788,16.766,16.784499999999998
2018-05-11 11:15:00,16.785,16.7915,16.781499999999998,16.791
2018-05-11 11:30:00,16.791,16.800500000000003,16.7825,16.797
2018-05-11 11:45:00,16.7955,16.8035,16.79,16.799500000000002
2018-05-11 12:00:00,16.8035,16.808,16.775000000000002,16.78
2018-05-11 12:15:00,16.7795,16.8095,16.779,16.807
2018-05-11 12:30:00,16.804000000000002,16.8355,16.7945,16.8225
2018-05-11 12:45:00,16.8215,16.8325,16.805999999999997,16.81
2018-05-11 13:00:00,16.811500000000002,16.825499999999998,16.7975,16.8185
2018-05-11 13:15:00,16.819,16.830000000000002,16.805999999999997,16.8205
2018-05-11 13:30:00,16.8155,16.832,16.7975,16.802500000000002
2018-05-11 13:45:00,16.8025,16.819499999999998,16.789,16.815
2018-05-11 14:00:00,16.8155,16.827,16.7925,16.805
2018-05-11 14:15:00,16.799500000000002,16.8085,16.775499999999997,16.7775
2018-05-11 14:30:00,16.777,16.787,16.7685,16.772000000000002
2018-05-11 14:45:00,16.772000000000002,16.777,16.76,16.7635
2018-05-11 15:00:00,16.762,16.776999999999997,16.743,16.747
2018-05-11 15:15:00,16.748,16.75,16.705000000000002,16.7325
2018-05-11 15:30:00,16.739500000000003,16.742,16.717499999999998,16.737
2018-05-11 15:45:00,16.738,16.755,16.738,16.750999999999998
2018-05-11 16:00:00,16.753,16.753,16.727,16.7315
2018-05-11 16:15:00,16.7305,16.75,16.725,16.728
2018-05-11 16:30:00,16.7295,16.7295,16.719499999999996,16.7215
2018-05-11 16:45:00,16.724,16.7465,16.715,16.736
2018-05-11 17:00:00,16.7365,16.738999999999997,16.719,16.7335
2018-05-11 17:15:00,16.7325,16.738,16.7125,16.726000000000003
2018-05-11 17:30:00,16.7215,16.732000000000003,16.7115,16.720000000000002
2018-05-11 17:45:00,16.7185,16.7295,16.7165,16.727
2018-05-11 18:00:00,16.726,16.727,16.717,16.722
2018-05-11 18:15:00,16.724,16.724,16.683,16.6865
2018-05-11 18:30:00,16.685,16.689999999999998,16.664,16.6685
2018-05-11 18:45:00,16.668,16.699,16.6615,16.699
2018-05-11 19:00:00,16.694,16.7,16.683,16.6865
2018-05-11 19:15:00,16.686,16.688,16.671,16.686999999999998
2018-05-11 19:30:00,16.686999999999998,16.6915,16.675,16.683
2018-05-11 19:45:00,16.681,16.687,16.671999999999997,16.678500000000003
2018-05-11 20:00:00,16.679,16.6885,16.6735,16.674
2018-05-11 20:15:00,16.6725,16.6815,16.672,16.675
2018-05-11 20:30:00,16.6735,16.676000000000002,16.662499999999998,16.676000000000002
2018-05-11 20:45:00,16.676000000000002,16.676000000000002,16.648,16.6655
2018-05-13 22:00:00,16.682000000000002,16.682000000000002,16.664,16.6725
2018-05-13 22:15:00,16.6725,16.691,16.6725,16.688
2018-05-13 22:30:00,16.683999999999997,16.6925,16.683999999999997,16.6925
2018-05-13 22:45:00,16.695,16.6965,16.6865,16.6885
2018-05-13 23:00:00,16.688,16.6935,16.6845,16.692
2018-05-13 23:15:00,16.6955,16.7005,16.689,16.7005
2018-05-13 23:30:00,16.695,16.701,16.689500000000002,16.701
2018-05-13 23:45:00,16.695999999999998,16.7075,16.694,16.7035
2018-05-14 01:00:00,16.73,16.731,16.715,16.72
2018-05-14 01:15:00,16.72,16.7245,16.712,16.719499999999996
2018-05-14 01:30:00,16.719,16.723,16.712,16.715
2018-05-14 01:45:00,16.7155,16.719,16.708000000000002,16.7155
2018-05-14 02:00:00,16.7135,16.716,16.701,16.704
2018-05-14 02:15:00,16.7035,16.718,16.7025,16.714000000000002
2018-05-14 02:30:00,16.717,16.719,16.709,16.709
2018-05-14 02:45:00,16.709,16.719,16.7075,16.719
2018-05-14 03:00:00,16.7185,16.7245,16.715,16.723
2018-05-14 03:15:00,16.724,16.724,16.713,16.714000000000002
2018-05-14 03:30:00,16.714000000000002,16.721999999999998,16.714000000000002,16.719
2018-05-14 03:45:00,16.719,16.721999999999998,16.7135,16.718
2018-05-14 04:00:00,16.718,16.718,16.707,16.709
2018-05-14 04:15:00,16.709,16.709,16.703000000000003,16.707499999999996
2018-05-14 04:30:00,16.705000000000002,16.71,16.7025,16.709
2018-05-14 04:45:00,16.709,16.709,16.7,16.704
2018-05-14 05:00:00,16.702,16.725,16.702,16.72
2018-05-14 05:15:00,16.718,16.720499999999998,16.705000000000002,16.713
2018-05-14 05:30:00,16.714000000000002,16.721,16.7045,16.72
2018-05-14 05:45:00,16.72,16.723499999999998,16.7115,16.72
2018-05-14 06:00:00,16.7185,16.739,16.717499999999998,16.7335
2018-05-14 06:15:00,16.733999999999998,16.737000000000002,16.7165,16.718
2018-05-14 06:30:00,16.717,16.718,16.707,16.71
2018-05-14 06:45:00,16.709,16.709000000000003,16.6905,16.6915
2018-05-14 07:00:00,16.693,16.720499999999998,16.686,16.7175
2018-05-14 07:15:00,16.7175,16.729,16.7125,16.72
2018-05-14 07:30:00,16.72,16.7215,16.711,16.7185
2018-05-14 07:45:00,16.72,16.7215,16.7095,16.716
2018-05-14 08:00:00,16.717,16.723,16.694,16.701
2018-05-14 08:15:00,16.699,16.7005,16.689999999999998,16.7005
2018-05-14 08:30:00,16.698,16.712,16.697,16.707
2018-05-14 08:45:00,16.707,16.7175,16.702,16.702
2018-05-14 09:00:00,16.705000000000002,16.712,16.6995,16.701
2018-05-14 09:15:00,16.701,16.701,16.691,16.695
2018-05-14 09:30:00,16.692999999999998,16.6955,16.6795,16.686
2018-05-14 09:45:00,16.683999999999997,16.686999999999998,16.6705,16.672
2018-05-14 10:00:00,16.675,16.676,16.657,16.661
2018-05-14 10:15:00,16.6615,16.662,16.64,16.652
2018-05-14 10:30:00,16.651,16.654,16.6205,16.631
2018-05-14 10:45:00,16.631,16.653499999999998,16.63,16.653499999999998
2018-05-14 11:00:00,16.656,16.675,16.6355,16.6355
2018-05-14 11:15:00,16.634999999999998,16.6405,16.631,16.636
2018-05-14 11:30:00,16.6345,16.642000000000003,16.610999999999997,16.639
2018-05-14 11:45:00,16.640500000000003,16.6445,16.633,16.641000000000002
2018-05-14 12:00:00,16.6375,16.66,16.6345,16.645
2018-05-14 12:15:00,16.644000000000002,16.654,16.62,16.6315
2018-05-14 12:30:00,16.63,16.631,16.6005,16.6035
2018-05-14 12:45:00,16.603,16.622999999999998,16.603,16.621
2018-05-14 13:00:00,16.625,16.6545,16.6055,16.639
2018-05-14 13:15:00,16.638,16.675,16.638,16.6605
2018-05-14 13:30:00,16.659499999999998,16.666,16.646,16.6565
2018-05-14 13:45:00,16.6555,16.677,16.653499999999998,16.653499999999998
2018-05-14 14:00:00,16.6505,16.664,16.64,16.6545
2018-05-14 14:15:00,16.6515,16.66,16.6295,16.636
2018-05-14 14:30:00,16.634999999999998,16.67,16.631999999999998,16.6655
2018-05-14 14:45:00,16.664,16.6715,16.6605,16.6715
2018-05-14 15:00:00,16.668,16.676,16.658,16.661
2018-05-14 15:15:00,16.6615,16.666,16.6505,16.66
2018-05-14 15:30:00,16.659,16.666,16.657,16.666
2018-05-14 15:45:00,16.662499999999998,16.662499999999998,16.6505,16.655
2018-05-14 16:00:00,16.656,16.663,16.6465,16.661
2018-05-14 16:15:00,16.663,16.67,16.654,16.6545
2018-05-14 16:30:00,16.655,16.659499999999998,16.646,16.647000000000002
2018-05-14 16:45:00,16.647000000000002,16.6485,16.633,16.645
2018-05-14 17:00:00,16.647000000000002,16.647000000000002,16.636,16.6405
2018-05-14 17:15:00,16.6385,16.642000000000003,16.6155,16.6235
2018-05-14 17:30:00,16.6245,16.6245,16.6065,16.612
2018-05-14 17:45:00,16.611,16.612,16.556500000000003,16.5625
2018-05-14 18:00:00,16.563,16.563,16.5225,16.529
2018-05-14 18:15:00,16.53,16.5425,16.503,16.5355
2018-05-14 18:30:00,16.5355,16.54,16.509,16.5195
2018-05-14 18:45:00,16.5195,16.5245,16.5115,16.5185
2018-05-14 19:00:00,16.5195,16.538,16.514,16.53
2018-05-14 19:15:00,16.5285,16.531000000000002,16.5235,16.528000000000002
2018-05-14 19:30:00,16.5295,16.536,16.5225,16.525000000000002
2018-05-14 19:45:00,16.5245,16.534499999999998,16.519499999999997,16.5205
2018-05-14 20:00:00,16.521,16.5295,16.520000000000003,16.521
2018-05-14 20:15:00,16.522000000000002,16.5275,16.517500000000002,16.5205
2018-05-14 20:30:00,16.520000000000003,16.522000000000002,16.5185,16.519499999999997
2018-05-14 20:45:00,16.519000000000002,16.5325,16.516000000000002,16.5325
2018-05-14 22:00:00,16.531000000000002,16.5455,16.524,16.5455
2018-05-14 22:15:00,16.5455,16.555999999999997,16.5455,16.555999999999997
2018-05-14 22:30:00,16.5535,16.555999999999997,16.5415,16.554999999999996
2018-05-14 22:45:00,16.553,16.554999999999996,16.54,16.5465
2018-05-14 23:00:00,16.5465,16.5475,16.5295,16.538999999999998
2018-05-14 23:15:00,16.534499999999998,16.54,16.525499999999997,16.534499999999998
2018-05-14 23:30:00,16.531000000000002,16.54,16.53,16.532000000000004
2018-05-14 23:45:00,16.5335,16.546,16.53,16.532000000000004
2018-05-15 01:00:00,16.549,16.5575,16.5425,16.547
2018-05-15 01:15:00,16.549,16.554000000000002,16.542,16.5475
2018-05-15 01:30:00,16.547,16.549,16.532000000000004,16.5435
2018-05-15 01:45:00,16.544999999999998,16.55,16.541,16.541
2018-05-15 02:00:00,16.538999999999998,16.544999999999998,16.531000000000002,16.5325
2018-05-15 02:15:00,16.5325,16.5395,16.5325,16.537499999999998
2018-05-15 02:30:00,16.537499999999998,16.5415,16.531000000000002,16.5385
2018-05-15 02:45:00,16.537499999999998,16.543,16.536499999999997,16.5385
2018-05-15 03:00:00,16.5385,16.54,16.5335,16.5335
2018-05-15 03:15:00,16.5325,16.534,16.531000000000002,16.534
2018-05-15 03:30:00,16.534,16.535,16.529,16.534499999999998
2018-05-15 03:45:00,16.534499999999998,16.541,16.534499999999998,16.535
2018-05-15 04:00:00,16.535,16.541,16.529500000000002,16.53
2018-05-15 04:15:00,16.5265,16.531000000000002,16.503999999999998,16.506999999999998
2018-05-15 04:30:00,16.506,16.5125,16.4925,16.493
2018-05-15 04:45:00,16.4925,16.4995,16.482,16.4835
2018-05-15 05:00:00,16.4825,16.500999999999998,16.477,16.499
2018-05-15 05:15:00,16.499,16.506,16.494,16.500500000000002
2018-05-15 05:30:00,16.5025,16.5025,16.48,16.482
2018-05-15 05:45:00,16.481,16.492,16.476000000000003,16.491
2018-05-15 06:00:00,16.491,16.491,16.465,16.4655
2018-05-15 06:15:00,16.470499999999998,16.48,16.4655,16.471999999999998
2018-05-15 06:30:00,16.4715,16.476000000000003,16.46,16.4665
2018-05-15 06:45:00,16.4635,16.476,16.4605,16.476
2018-05-15 07:00:00,16.4725,16.4815,16.457,16.46
2018-05-15 07:15:00,16.4625,16.475,16.458499999999997,16.474
2018-05-15 07:30:00,16.474,16.475,16.458000000000002,16.459000000000003
2018-05-15 07:45:00,16.463,16.463,16.4425,16.448
2018-05-15 08:00:00,16.448,16.459000000000003,16.444,16.451999999999998
2018-05-15 08:15:00,16.451999999999998,16.456500000000002,16.428,16.433
2018-05-15 08:30:00,16.4315,16.437,16.427500000000002,16.432000000000002
2018-05-15 08:45:00,16.429,16.4435,16.427,16.4425
2018-05-15 09:00:00,16.4415,16.455000000000002,16.438999999999997,16.448
2018-05-15 09:15:00,16.4485,16.454,16.443,16.444
2018-05-15 09:30:00,16.444,16.454,16.439,16.448
2018-05-15 09:45:00,16.4435,16.4485,16.436,16.436
2018-05-15 10:00:00,16.437,16.441,16.426,16.431
2018-05-15 10:15:00,16.4325,16.433500000000002,16.417,16.431
2018-05-15 10:30:00,16.433,16.433999999999997,16.4195,16.424500000000002
2018-05-15 10:45:00,16.429,16.432000000000002,16.4135,16.416
2018-05-15 11:00:00,16.415,16.4295,16.399,16.4065
2018-05-15 11:15:00,16.403000000000002,16.405,16.386499999999998,16.3965
2018-05-15 11:30:00,16.3985,16.4075,16.378999999999998,16.378999999999998
2018-05-15 11:45:00,16.378,16.387,16.363,16.3715
2018-05-15 12:00:00,16.372500000000002,16.378500000000003,16.359,16.375999999999998
2018-05-15 12:15:00,16.377,16.3875,16.3585,16.36
2018-05-15 12:30:00,16.359,16.366,16.296499999999998,16.301
2018-05-15 12:45:00,16.302500000000002,16.3075,16.267500000000002,16.2715
2018-05-15 13:00:00,16.2715,16.278000000000002,16.244,16.2715
2018-05-15 13:15:00,16.2735,16.275499999999997,16.2405,16.27
2018-05-15 13:30:00,16.269499999999997,16.27,16.2245,16.231499999999997
2018-05-15 13:45:00,16.231,16.233999999999998,16.206500000000002,16.219
2018-05-15 14:00:00,16.220000000000002,16.2785,16.2185,16.2595
2018-05-15 14:15:00,16.258,16.259,16.228,16.232
2018-05-15 14:30:00,16.232,16.252,16.2115,16.2355
2018-05-15 14:45:00,16.2355,16.2535,16.2215,16.244
2018-05-15 15:00:00,16.2465,16.2575,16.2355,16.250500000000002
2018-05-15 15:15:00,16.2515,16.308500000000002,16.2515,16.292499999999997
2018-05-15 15:30:00,16.292499999999997,16.3065,16.289,16.296
2018-05-15 15:45:00,16.295,16.3015,16.282,16.2855
2018-05-15 16:00:00,16.283,16.290499999999998,16.255999999999997,16.2595
2018-05-15 16:15:00,16.2575,16.293,16.255,16.288
2018-05-15 16:30:00,16.286,16.292499999999997,16.271,16.276000000000003
2018-05-15 16:45:00,16.275000000000002,16.277,16.262,16.267
2018-05-15 17:00:00,16.267,16.274,16.261,16.2615
2018-05-15 17:15:00,16.2585,16.292499999999997,16.245,16.286
2018-05-15 17:30:00,16.282,16.293,16.2805,16.287499999999998
2018-05-15 17:45:00,16.287000000000003,16.293499999999998,16.2835,16.2845
2018-05-15 18:00:00,16.2855,16.2855,16.255,16.256999999999998
2018-05-15 18:15:00,16.253999999999998,16.2715,16.250999999999998,16.267
2018-05-15 18:30:00,16.2685,16.3045,16.268,16.2885
2018-05-15 18:45:00,16.289,16.3005,16.264499999999998,16.2685
2018-05-15 19:00:00,16.2735,16.293,16.2685,16.287000000000003
2018-05-15 19:15:00,16.2895,16.293,16.2795,16.282
2018-05-15 19:30:00,16.28,16.299500000000002,16.28,16.287499999999998
2018-05-15 19:45:00,16.29,16.29,16.275000000000002,16.286
2018-05-15 20:00:00,16.283,16.292,16.278000000000002,16.287499999999998
2018-05-15 20:15:00,16.282000000000004,16.2915,16.281499999999998,16.283
2018-05-15 20:30:00,16.283,16.2855,16.2705,16.2725
2018-05-15 20:45:00,16.2725,16.2765,16.2655,16.2665
2018-05-15 22:00:00,16.284,16.286,16.266,16.281000000000002
2018-05-15 22:15:00,16.280499999999996,16.292,16.279500000000002,16.286
2018-05-15 22:30:00,16.287000000000003,16.291,16.2805,16.291
2018-05-15 22:45:00,16.288,16.291,16.2785,16.2785
2018-05-15 23:00:00,16.279,16.2885,16.279,16.286
2018-05-15 23:15:00,16.2885,16.2885,16.2865,16.287000000000003
2018-05-15 23:30:00,16.287000000000003,16.294,16.2775,16.2885
2018-05-15 23:45:00,16.287499999999998,16.293,16.276,16.281000000000002
2018-05-16 01:00:00,16.28,16.281499999999998,16.259,16.267
2018-05-16 01:15:00,16.267500000000002,16.27,16.262,16.27
2018-05-16 01:30:00,16.266,16.2745,16.253,16.27
2018-05-16 01:45:00,16.27,16.279,16.2605,16.2775
2018-05-16 02:00:00,16.281000000000002,16.287499999999998,16.275499999999997,16.287499999999998
2018-05-16 02:15:00,16.286,16.302,16.282000000000004,16.302
2018-05-16 02:30:00,16.302,16.305,16.2885,16.2885
2018-05-16 02:45:00,16.29,16.301,16.288,16.2975
2018-05-16 03:00:00,16.2975,16.302,16.285,16.287499999999998
2018-05-16 03:15:00,16.287000000000003,16.296499999999998,16.287000000000003,16.296
2018-05-16 03:30:00,16.2955,16.304,16.2895,16.297
2018-05-16 03:45:00,16.294,16.303,16.294,16.297
2018-05-16 04:00:00,16.2975,16.298000000000002,16.287000000000003,16.291
2018-05-16 04:15:00,16.290499999999998,16.296,16.2855,16.294
2018-05-16 04:30:00,16.293,16.302,16.292,16.3015
2018-05-16 04:45:00,16.302500000000002,16.305,16.297,16.305
2018-05-16 05:00:00,16.303,16.3065,16.2975,16.3015
2018-05-16 05:15:00,16.301,16.304000000000002,16.301,16.301
2018-05-16 05:30:00,16.301,16.3095,16.292,16.306
2018-05-16 05:45:00,16.3035,16.317500000000003,16.3035,16.313
2018-05-16 06:00:00,16.3105,16.318500000000004,16.304,16.3145
2018-05-16 06:15:00,16.32,16.32,16.299500000000002,16.299500000000002
2018-05-16 06:30:00,16.2985,16.308,16.2945,16.299
2018-05-16 06:45:00,16.2985,16.320999999999998,16.295,16.3135
2018-05-16 07:00:00,16.3125,16.3205,16.3045,16.317500000000003
2018-05-16 07:15:00,16.317500000000003,16.3295,16.315,16.3275
2018-05-16 07:30:00,16.326999999999998,16.3465,16.320999999999998,16.331
2018-05-16 07:45:00,16.331,16.334,16.3265,16.333000000000002
2018-05-16 08:00:00,16.334,16.334,16.3225,16.3275
2018-05-16 08:15:00,16.326,16.332,16.3185,16.3195
2018-05-16 08:30:00,16.3185,16.3235,16.294,16.2945
2018-05-16 08:45:00,16.295,16.3035,16.274,16.2855
2018-05-16 09:00:00,16.2865,16.292499999999997,16.273,16.273
2018-05-16 09:15:00,16.272000000000002,16.2725,16.249,16.2635
2018-05-16 09:30:00,16.2595,16.267,16.2515,16.253999999999998
2018-05-16 09:45:00,16.2555,16.265,16.2495,16.255999999999997
2018-05-16 10:00:00,16.261,16.267,16.238999999999997,16.2465
2018-05-16 10:15:00,16.243,16.2655,16.238999999999997,16.254
2018-05-16 10:30:00,16.254,16.259,16.2395,16.2525
2018-05-16 10:45:00,16.249999999999996,16.263499999999997,16.249999999999996,16.263499999999997
2018-05-16 11:00:00,16.263499999999997,16.269,16.254,16.262
2018-05-16 11:15:00,16.256500000000003,16.2715,16.247,16.2545
2018-05-16 11:30:00,16.253,16.2545,16.206500000000002,16.214499999999997
2018-05-16 11:45:00,16.214000000000002,16.236,16.212,16.234
2018-05-16 12:00:00,16.235,16.238500000000002,16.212500000000002,16.223
2018-05-16 12:15:00,16.226000000000003,16.226000000000003,16.189999999999998,16.1945
2018-05-16 12:30:00,16.1935,16.223,16.1935,16.221
2018-05-16 12:45:00,16.222,16.226499999999998,16.2015,16.2215
2018-05-16 13:00:00,16.223,16.277,16.223,16.255999999999997
2018-05-16 13:15:00,16.2585,16.308,16.2515,16.294999999999998
2018-05-16 13:30:00,16.298000000000002,16.3005,16.27,16.283
2018-05-16 13:45:00,16.286,16.315,16.2795,16.310000000000002
2018-05-16 14:00:00,16.3095,16.3245,16.296499999999998,16.303
2018-05-16 14:15:00,16.304,16.3145,16.2835,16.286
2018-05-16 14:30:00,16.285,16.311999999999998,16.2845,16.3065
2018-05-16 14:45:00,16.3065,16.3075,16.2725,16.281000000000002
2018-05-16 15:00:00,16.279,16.3105,16.278000000000002,16.299
2018-05-16 15:15:00,16.301,16.311,16.2855,16.311
2018-05-16 15:30:00,16.311,16.311,16.302500000000002,16.308
2018-05-16 15:45:00,16.308,16.316,16.303,16.311500000000002
2018-05-16 16:00:00,16.31,16.3185,16.305,16.311500000000002
2018-05-16 16:15:00,16.311500000000002,16.329,16.311,16.328500000000002
2018-05-16 16:30:00,16.330499999999997,16.336499999999997,16.326,16.335
2018-05-16 16:45:00,16.332,16.3655,16.33,16.3655
2018-05-16 17:00:00,16.361,16.3825,16.355,16.36
2018-05-16 17:15:00,16.3625,16.401,16.354499999999998,16.387999999999998
2018-05-16 17:30:00,16.387999999999998,16.4105,16.387999999999998,16.406000000000002
2018-05-16 17:45:00,16.4105,16.424500000000002,16.3965,16.4215
2018-05-16 18:00:00,16.4205,16.427999999999997,16.413,16.413
2018-05-16 18:15:00,16.419,16.4235,16.404,16.4055
2018-05-16 18:30:00,16.4055,16.4085,16.397000000000002,16.404
2018-05-16 18:45:00,16.406000000000002,16.406000000000002,16.3875,16.3965
2018-05-16 19:00:00,16.395,16.3965,16.3795,16.384500000000003
2018-05-16 19:15:00,16.384500000000003,16.386,16.38,16.381
2018-05-16 19:30:00,16.3815,16.386499999999998,16.3805,16.381999999999998
2018-05-16 19:45:00,16.383,16.3835,16.371,16.3775
2018-05-16 20:00:00,16.377,16.387,16.372999999999998,16.386
2018-05-16 20:15:00,16.3815,16.386,16.3755,16.3765
2018-05-16 20:30:00,16.3765,16.384,16.375999999999998,16.384
2018-05-16 20:45:00,16.384999999999998,16.3895,16.378500000000003,16.3855
2018-05-16 22:00:00,16.381,16.384,16.363500000000002,16.378999999999998
2018-05-16 22:15:00,16.3795,16.384999999999998,16.377,16.381
2018-05-16 22:30:00,16.378999999999998,16.386,16.377,16.383
2018-05-16 22:45:00,16.378500000000003,16.3855,16.378500000000003,16.3835
2018-05-16 23:00:00,16.3825,16.3875,16.378500000000003,16.383
2018-05-16 23:15:00,16.381999999999998,16.384999999999998,16.3745,16.375999999999998
2018-05-16 23:30:00,16.3765,16.381999999999998,16.3705,16.375999999999998
2018-05-16 23:45:00,16.3765,16.387,16.373500000000003,16.3825
2018-05-17 01:00:00,16.3795,16.384999999999998,16.36,16.366
2018-05-17 01:15:00,16.366500000000002,16.384999999999998,16.366500000000002,16.384999999999998
2018-05-17 01:30:00,16.384,16.389,16.374,16.389
2018-05-17 01:45:00,16.391,16.409499999999998,16.391,16.3965
2018-05-17 02:00:00,16.3965,16.433999999999997,16.395500000000002,16.4215
2018-05-17 02:15:00,16.4215,16.430500000000002,16.416,16.430500000000002
2018-05-17 02:30:00,16.427500000000002,16.432000000000002,16.415,16.415
2018-05-17 02:45:00,16.415,16.4215,16.411,16.415499999999998
2018-05-17 03:00:00,16.415,16.415499999999998,16.4065,16.4065
2018-05-17 03:15:00,16.406000000000002,16.408,16.4005,16.405
2018-05-17 03:30:00,16.405,16.405,16.386,16.386
2018-05-17 03:45:00,16.386499999999998,16.3885,16.3805,16.3825
2018-05-17 04:00:00,16.381,16.3925,16.38,16.3905
2018-05-17 04:15:00,16.389,16.395500000000002,16.387,16.394000000000002
2018-05-17 04:30:00,16.395500000000002,16.396500000000003,16.3835,16.3855
2018-05-17 04:45:00,16.387999999999998,16.391,16.381,16.382
2018-05-17 05:00:00,16.3765,16.392,16.3765,16.3855
2018-05-17 05:15:00,16.386499999999998,16.387,16.369500000000002,16.374
2018-05-17 05:30:00,16.3765,16.387,16.372999999999998,16.3805
2018-05-17 05:45:00,16.384,16.401,16.38,16.3975
2018-05-17 06:00:00,16.3965,16.3965,16.351499999999998,16.354000000000003
2018-05-17 06:15:00,16.354499999999998,16.3565,16.334,16.355
2018-05-17 06:30:00,16.354499999999998,16.360500000000002,16.336499999999997,16.354499999999998
2018-05-17 06:45:00,16.3555,16.357,16.3335,16.3415
2018-05-17 07:00:00,16.344,16.35,16.332,16.3445
2018-05-17 07:15:00,16.343,16.361,16.341,16.361
2018-05-17 07:30:00,16.3625,16.39,16.3595,16.3855
2018-05-17 07:45:00,16.386,16.391,16.378,16.3895
2018-05-17 08:00:00,16.394000000000002,16.3965,16.360500000000002,16.364
2018-05-17 08:15:00,16.365,16.37,16.360999999999997,16.3645
2018-05-17 08:30:00,16.365,16.365,16.3495,16.357
2018-05-17 08:45:00,16.354499999999998,16.3795,16.354499999999998,16.378500000000003
2018-05-17 09:00:00,16.378,16.401,16.375,16.3995
2018-05-17 09:15:00,16.400000000000002,16.406,16.396,16.404
2018-05-17 09:30:00,16.404,16.4075,16.3835,16.39
2018-05-17 09:45:00,16.389,16.394000000000002,16.3825,16.390500000000003
2018-05-17 10:00:00,16.387999999999998,16.4045,16.387999999999998,16.397000000000002
2018-05-17 10:15:00,16.396,16.396,16.360999999999997,16.371000000000002
2018-05-17 10:30:00,16.3695,16.3805,16.3655,16.375999999999998
2018-05-17 10:45:00,16.375999999999998,16.405,16.375999999999998,16.3995
2018-05-17 11:00:00,16.3995,16.403499999999998,16.3835,16.398000000000003
2018-05-17 11:15:00,16.401,16.4195,16.3995,16.415
2018-05-17 11:30:00,16.414499999999997,16.417,16.395,16.404
2018-05-17 11:45:00,16.404,16.414499999999997,16.395,16.407
2018-05-17 12:00:00,16.407,16.448999999999998,16.404,16.447
2018-05-17 12:15:00,16.448,16.4505,16.4205,16.4215
2018-05-17 12:30:00,16.421,16.462,16.416999999999998,16.448
2018-05-17 12:45:00,16.4515,16.4725,16.43,16.465000000000003
2018-05-17 13:00:00,16.463,16.481,16.447,16.455000000000002
2018-05-17 13:15:00,16.454,16.470000000000002,16.451,16.4595
2018-05-17 13:30:00,16.4535,16.456500000000002,16.4205,16.4255
2018-05-17 13:45:00,16.424500000000002,16.448999999999998,16.4205,16.438
2018-05-17 14:00:00,16.436,16.458000000000002,16.426000000000002,16.447499999999998
2018-05-17 14:15:00,16.448,16.4745,16.447499999999998,16.467
2018-05-17 14:30:00,16.4655,16.48,16.46,16.4655
2018-05-17 14:45:00,16.4665,16.485,16.4535,16.479499999999998
2018-05-17 15:00:00,16.4845,16.4935,16.457,16.462
2018-05-17 15:15:00,16.467,16.4865,16.458000000000002,16.4835
2018-05-17 15:30:00,16.4845,16.491500000000002,16.468,16.468
2018-05-17 15:45:00,16.4685,16.4715,16.4535,16.4635
2018-05-17 16:00:00,16.464499999999997,16.489,16.464499999999997,16.474
2018-05-17 16:15:00,16.474,16.492,16.4715,16.488
2018-05-17 16:30:00,16.487,16.4905,16.477,16.49
2018-05-17 16:45:00,16.4905,16.4905,16.4775,16.482000000000003
2018-05-17 17:00:00,16.486,16.486,16.4555,16.464000000000002
2018-05-17 17:15:00,16.463,16.4835,16.4385,16.4485
2018-05-17 17:30:00,16.448999999999998,16.456,16.4325,16.437
2018-05-17 17:45:00,16.436999999999998,16.444,16.4285,16.432000000000002
2018-05-17 18:00:00,16.431,16.4345,16.423,16.4295
2018-05-17 18:15:00,16.427500000000002,16.448999999999998,16.427500000000002,16.447499999999998
2018-05-17 18:30:00,16.447499999999998,16.457,16.444,16.447
2018-05-17 18:45:00,16.448,16.455000000000002,16.4445,16.448
2018-05-17 19:00:00,16.4505,16.4545,16.445999999999998,16.45
2018-05-17 19:15:00,16.4465,16.45,16.432,16.433999999999997
2018-05-17 19:30:00,16.433999999999997,16.439,16.428,16.433999999999997
2018-05-17 19:45:00,16.433999999999997,16.448,16.432,16.447
2018-05-17 20:00:00,16.4435,16.447,16.431,16.4365
2018-05-17 20:15:00,16.436999999999998,16.441,16.427,16.4315
2018-05-17 20:30:00,16.435,16.4375,16.426000000000002,16.430500000000002
2018-05-17 20:45:00,16.427,16.436,16.425,16.4315
2018-05-17 22:00:00,16.425,16.438,16.424,16.433
2018-05-17 22:15:00,16.4325,16.433999999999997,16.423,16.431
2018-05-17 22:30:00,16.4315,16.442,16.4315,16.433500000000002
2018-05-17 22:45:00,16.4355,16.442,16.4325,16.439999999999998
2018-05-17 23:00:00,16.439500000000002,16.4415,16.4355,16.4405
2018-05-17 23:15:00,16.437,16.440500000000004,16.429,16.437
2018-05-17 23:30:00,16.4315,16.437,16.4235,16.4305
2018-05-17 23:45:00,16.435,16.437,16.426000000000002,16.43
2018-05-18 01:00:00,16.451,16.451999999999998,16.431,16.434500000000003
2018-05-18 01:15:00,16.433500000000002,16.433500000000002,16.424500000000002,16.431
2018-05-18 01:30:00,16.4325,16.4325,16.4075,16.411
2018-05-18 01:45:00,16.412499999999998,16.418499999999998,16.408,16.4175
2018-05-18 02:00:00,16.415499999999998,16.424,16.412,16.4215
2018-05-18 02:15:00,16.422,16.427,16.4175,16.419
2018-05-18 02:30:00,16.4195,16.436,16.418,16.4295
2018-05-18 02:45:00,16.427,16.427,16.415000000000003,16.416
2018-05-18 03:00:00,16.416,16.417,16.4115,16.416
2018-05-18 03:15:00,16.416,16.4255,16.416,16.422
2018-05-18 03:30:00,16.421,16.426,16.4165,16.4225
2018-05-18 03:45:00,16.421999999999997,16.424500000000002,16.4165,16.4175
2018-05-18 04:00:00,16.4195,16.4215,16.416,16.417
2018-05-18 04:15:00,16.42,16.4215,16.4115,16.4115
2018-05-18 04:30:00,16.4115,16.416,16.406,16.4065
2018-05-18 04:45:00,16.409499999999998,16.4115,16.4045,16.4105
2018-05-18 05:00:00,16.4105,16.413,16.405,16.411
2018-05-18 05:15:00,16.411,16.4265,16.4105,16.423
2018-05-18 05:30:00,16.4205,16.43,16.4205,16.4295
2018-05-18 05:45:00,16.431,16.432,16.422,16.428
2018-05-18 06:00:00,16.4265,16.436,16.415499999999998,16.433500000000002
2018-05-18 06:15:00,16.4355,16.442,16.426000000000002,16.4375
2018-05-18 06:30:00,16.436999999999998,16.4405,16.426,16.4325
2018-05-18 06:45:00,16.4325,16.447,16.4265,16.445500000000003
2018-05-18 07:00:00,16.4465,16.4675,16.444,16.4575
2018-05-18 07:15:00,16.456,16.4585,16.445999999999998,16.448999999999998
2018-05-18 07:30:00,16.4485,16.451999999999998,16.4405,16.444
2018-05-18 07:45:00,16.445999999999998,16.445999999999998,16.428,16.433
2018-05-18 08:00:00,16.4315,16.436,16.4255,16.429
2018-05-18 08:15:00,16.429,16.4295,16.408,16.4115
2018-05-18 08:30:00,16.412,16.415,16.403000000000002,16.4105
2018-05-18 08:45:00,16.4105,16.421000000000003,16.4105,16.4165
2018-05-18 09:00:00,16.414,16.4175,16.4045,16.412
2018-05-18 09:15:00,16.412,16.412,16.3925,16.398000000000003
2018-05-18 09:30:00,16.3985,16.403499999999998,16.381,16.3815
2018-05-18 09:45:00,16.383,16.398000000000003,16.3815,16.3835
2018-05-18 10:00:00,16.3825,16.394000000000002,16.3825,16.393
2018-05-18 10:15:00,16.392,16.398000000000003,16.386,16.392
2018-05-18 10:30:00,16.389,16.3985,16.3875,16.396
2018-05-18 10:45:00,16.3935,16.403499999999998,16.3885,16.403499999999998
2018-05-18 11:00:00,16.4,16.404,16.387999999999998,16.401
2018-05-18 11:15:00,16.400000000000002,16.415,16.400000000000002,16.405
2018-05-18 11:30:00,16.405,16.4195,16.404000000000003,16.416
2018-05-18 11:45:00,16.413,16.433,16.413,16.433
2018-05-18 12:00:00,16.433999999999997,16.444,16.4285,16.435
2018-05-18 12:15:00,16.435,16.4485,16.4315,16.438
2018-05-18 12:30:00,16.438999999999997,16.4405,16.384999999999998,16.3885
2018-05-18 12:45:00,16.386,16.399,16.37,16.386499999999998
2018-05-18 13:00:00,16.386,16.390500000000003,16.367,16.39
2018-05-18 13:15:00,16.391,16.4065,16.3815,16.390500000000003
2018-05-18 13:30:00,16.387999999999998,16.428,16.380499999999998,16.410999999999998
2018-05-18 13:45:00,16.414,16.416,16.3945,16.3985
2018-05-18 14:00:00,16.396,16.405,16.382,16.396
2018-05-18 14:15:00,16.397000000000002,16.4165,16.3895,16.4045
2018-05-18 14:30:00,16.409499999999998,16.439500000000002,16.4005,16.4315
2018-05-18 14:45:00,16.4345,16.466,16.4345,16.462
2018-05-18 15:00:00,16.4625,16.469499999999996,16.45,16.4535
2018-05-18 15:15:00,16.453,16.454,16.431,16.436
2018-05-18 15:30:00,16.4365,16.4415,16.4215,16.433500000000002
2018-05-18 15:45:00,16.433500000000002,16.433500000000002,16.412,16.4215
2018-05-18 16:00:00,16.425,16.4295,16.4215,16.4215
2018-05-18 16:15:00,16.42,16.448,16.418499999999998,16.4365
2018-05-18 16:30:00,16.436999999999998,16.4435,16.4295,16.4415
2018-05-18 16:45:00,16.439999999999998,16.4515,16.432,16.444
2018-05-18 17:00:00,16.4425,16.455000000000002,16.442,16.451
2018-05-18 17:15:00,16.448999999999998,16.4495,16.4315,16.447499999999998
2018-05-18 17:30:00,16.445,16.4535,16.444,16.4515
2018-05-18 17:45:00,16.4485,16.451,16.433999999999997,16.441
2018-05-18 18:00:00,16.441,16.441,16.4315,16.4365
2018-05-18 18:15:00,16.4405,16.453,16.435,16.4435
2018-05-18 18:30:00,16.4485,16.4685,16.444,16.4665
2018-05-18 18:45:00,16.4655,16.471000000000004,16.459000000000003,16.4635
2018-05-18 19:00:00,16.4665,16.4695,16.4625,16.466
2018-05-18 19:15:00,16.465,16.475,16.458000000000002,16.4605
2018-05-18 19:30:00,16.4625,16.463,16.4405,16.442
2018-05-18 19:45:00,16.4415,16.4475,16.427500000000002,16.4315
2018-05-18 20:00:00,16.4325,16.437,16.426,16.433500000000002
2018-05-18 20:15:00,16.4295,16.436,16.4265,16.433999999999997
2018-05-18 20:30:00,16.428,16.443,16.4225,16.441
2018-05-18 20:45:00,16.436,16.456,16.434500000000003,16.4525
2018-05-20 22:00:00,16.421000000000003,16.463,16.418,16.459000000000003
2018-05-20 22:15:00,16.459000000000003,16.4605,16.4535,16.456500000000002
2018-05-20 22:30:00,16.4495,16.4495,16.436500000000002,16.443
2018-05-20 22:45:00,16.441,16.443,16.4255,16.4295
2018-05-20 23:00:00,16.430500000000002,16.443,16.4295,16.438
2018-05-20 23:15:00,16.433,16.451,16.433,16.445500000000003
2018-05-20 23:30:00,16.448,16.453,16.4425,16.445999999999998
2018-05-20 23:45:00,16.445500000000003,16.461000000000002,16.445500000000003,16.4495
2018-05-21 01:00:00,16.427999999999997,16.4365,16.418,16.4265
2018-05-21 01:15:00,16.4265,16.4385,16.4265,16.433999999999997
2018-05-21 01:30:00,16.436,16.444,16.427,16.4435
2018-05-21 01:45:00,16.4405,16.4445,16.4255,16.429
2018-05-21 02:00:00,16.4295,16.432,16.422,16.424500000000002
2018-05-21 02:15:00,16.425,16.425,16.415499999999998,16.415499999999998
2018-05-21 02:30:00,16.4165,16.4255,16.414,16.4165
2018-05-21 02:45:00,16.416999999999998,16.416999999999998,16.4015,16.4015
2018-05-21 03:00:00,16.401,16.401,16.395,16.395
2018-05-21 03:15:00,16.395500000000002,16.401,16.395500000000002,16.399
2018-05-21 03:30:00,16.400000000000002,16.401,16.3965,16.401
2018-05-21 03:45:00,16.401,16.402,16.3875,16.3875
2018-05-21 04:00:00,16.387,16.39,16.378,16.3815
2018-05-21 04:15:00,16.38,16.3905,16.375999999999998,16.39
2018-05-21 04:30:00,16.387,16.39,16.38,16.381
2018-05-21 04:45:00,16.3805,16.3855,16.3775,16.378500000000003
2018-05-21 05:00:00,16.378,16.384,16.375999999999998,16.378999999999998
2018-05-21 05:15:00,16.378500000000003,16.3795,16.363,16.3705
2018-05-21 05:30:00,16.372999999999998,16.372999999999998,16.329500000000003,16.329500000000003
2018-05-21 05:45:00,16.334,16.343,16.33,16.341
2018-05-21 06:00:00,16.342000000000002,16.347499999999997,16.330499999999997,16.3375
2018-05-21 06:15:00,16.337,16.342000000000002,16.293,16.296
2018-05-21 06:30:00,16.2985,16.307,16.286499999999997,16.299
2018-05-21 06:45:00,16.299500000000002,16.305,16.287000000000003,16.299
2018-05-21 07:00:00,16.2985,16.3,16.273,16.287000000000003
2018-05-21 07:15:00,16.287000000000003,16.29,16.2775,16.286
2018-05-21 07:30:00,16.2845,16.308,16.281499999999998,16.291
2018-05-21 07:45:00,16.2945,16.296499999999998,16.288999999999998,16.2955
2018-05-21 08:00:00,16.293,16.309,16.2845,16.3035
2018-05-21 08:15:00,16.305500000000002,16.313,16.303,16.311
2018-05-21 08:30:00,16.311999999999998,16.317,16.3075,16.3075
2018-05-21 08:45:00,16.307,16.334,16.307,16.328500000000002
2018-05-21 09:00:00,16.328500000000002,16.335,16.3215,16.3325
2018-05-21 09:15:00,16.332,16.341,16.33,16.336000000000002
2018-05-21 09:30:00,16.333000000000002,16.360500000000002,16.333000000000002,16.351
2018-05-21 09:45:00,16.35,16.355,16.346,16.351499999999998
2018-05-21 10:00:00,16.35,16.355999999999998,16.349,16.353
2018-05-21 10:15:00,16.351,16.355999999999998,16.345000000000002,16.3505
2018-05-21 10:30:00,16.351,16.366,16.3445,16.362
2018-05-21 10:45:00,16.362,16.3655,16.344,16.344
2018-05-21 11:00:00,16.342000000000002,16.357499999999998,16.342000000000002,16.351499999999998
2018-05-21 11:15:00,16.351,16.395,16.347,16.386
2018-05-21 11:30:00,16.387,16.403499999999998,16.386,16.395
2018-05-21 11:45:00,16.3965,16.3965,16.3775,16.3905
2018-05-21 12:00:00,16.392,16.4045,16.3895,16.393
2018-05-21 12:15:00,16.39,16.421000000000003,16.3835,16.405
2018-05-21 12:30:00,16.4055,16.45,16.398000000000003,16.45
2018-05-21 12:45:00,16.451,16.523500000000002,16.441,16.4925
2018-05-21 13:00:00,16.493,16.508499999999998,16.4805,16.486
2018-05-21 13:15:00,16.4865,16.512,16.481,16.493
2018-05-21 13:30:00,16.488500000000002,16.502,16.4865,16.491500000000002
2018-05-21 13:45:00,16.494999999999997,16.494999999999997,16.425,16.467
2018-05-21 14:00:00,16.4665,16.488500000000002,16.442,16.451
2018-05-21 14:15:00,16.4515,16.457,16.432,16.451999999999998
2018-05-21 14:30:00,16.453,16.479,16.4385,16.4695
2018-05-21 14:45:00,16.467000000000002,16.476499999999998,16.435,16.471
2018-05-21 15:00:00,16.470499999999998,16.4875,16.464499999999997,16.481
2018-05-21 15:15:00,16.486,16.4955,16.471,16.4725
2018-05-21 15:30:00,16.471,16.49,16.469499999999996,16.4805
2018-05-21 15:45:00,16.4845,16.486,16.4545,16.476499999999998
2018-05-21 16:00:00,16.48,16.494999999999997,16.4615,16.494999999999997
2018-05-21 16:15:00,16.494999999999997,16.496,16.4745,16.4805
2018-05-21 16:30:00,16.475499999999997,16.491,16.475499999999997,16.4875
2018-05-21 16:45:00,16.4875,16.506999999999998,16.485,16.500500000000002
2018-05-21 17:00:00,16.499999999999996,16.515,16.4905,16.5095
2018-05-21 17:15:00,16.508499999999998,16.521,16.493,16.5035
2018-05-21 17:30:00,16.5045,16.506,16.496,16.5
2018-05-21 17:45:00,16.4985,16.514,16.4985,16.5095
2018-05-21 18:00:00,16.512,16.515,16.4975,16.503
2018-05-21 18:15:00,16.503,16.503,16.4865,16.488
2018-05-21 18:30:00,16.488999999999997,16.5025,16.488999999999997,16.499
2018-05-21 18:45:00,16.496,16.506999999999998,16.496,16.503
2018-05-21 19:00:00,16.5025,16.517,16.499,16.517
2018-05-21 19:15:00,16.518,16.518,16.506999999999998,16.512999999999998
2018-05-21 19:30:00,16.5095,16.5185,16.5095,16.5185
2018-05-21 19:45:00,16.516000000000002,16.518,16.5015,16.506999999999998
2018-05-21 20:00:00,16.5075,16.517500000000002,16.505,16.517500000000002
2018-05-21 20:15:00,16.519000000000002,16.519000000000002,16.512,16.518
2018-05-21 20:30:00,16.517500000000002,16.522000000000002,16.514,16.5185
2018-05-21 20:45:00,16.519000000000002,16.521,16.508,16.508
2018-05-21 22:00:00,16.512999999999998,16.519000000000002,16.51,16.515
2018-05-21 22:15:00,16.516000000000002,16.528,16.514499999999998,16.524
2018-05-21 22:30:00,16.525000000000002,16.528,16.5225,16.523
2018-05-21 22:45:00,16.525000000000002,16.528,16.521,16.5245
2018-05-21 23:00:00,16.5245,16.5285,16.512999999999998,16.516000000000002
2018-05-21 23:15:00,16.517,16.521,16.512,16.512
2018-05-21 23:30:00,16.516000000000002,16.520000000000003,16.5075,16.511
2018-05-21 23:45:00,16.51,16.5155,16.498,16.511
2018-05-22 01:00:00,16.514,16.517500000000002,16.499999999999996,16.5035
2018-05-22 01:15:00,16.504,16.504,16.492,16.4995
2018-05-22 01:30:00,16.4995,16.4995,16.485,16.486
2018-05-22 01:45:00,16.485500000000002,16.488500000000002,16.475,16.4815
2018-05-22 02:00:00,16.483999999999998,16.485,16.4635,16.468
2018-05-22 02:15:00,16.468,16.475499999999997,16.463,16.468
2018-05-22 02:30:00,16.4725,16.475499999999997,16.466,16.466
2018-05-22 02:45:00,16.4665,16.482,16.4665,16.4805
2018-05-22 03:00:00,16.4805,16.483,16.476499999999998,16.48
2018-05-22 03:15:00,16.481,16.483,16.4725,16.475499999999997
2018-05-22 03:30:00,16.475,16.4805,16.468,16.4805
2018-05-22 03:45:00,16.4805,16.4805,16.4715,16.4715
2018-05-22 04:00:00,16.470499999999998,16.476,16.468,16.473499999999998
2018-05-22 04:15:00,16.473,16.4785,16.4715,16.4775
2018-05-22 04:30:00,16.4785,16.481,16.4615,16.4615
2018-05-22 04:45:00,16.4625,16.4685,16.459000000000003,16.4665
2018-05-22 05:00:00,16.4655,16.469,16.458499999999997,16.468
2018-05-22 05:15:00,16.469,16.476499999999998,16.4585,16.475
2018-05-22 05:30:00,16.477,16.483999999999998,16.475,16.4825
2018-05-22 05:45:00,16.482,16.493,16.479,16.488500000000002
2018-05-22 06:00:00,16.4875,16.5105,16.476499999999998,16.4835
2018-05-22 06:15:00,16.487,16.489,16.474,16.475499999999997
2018-05-22 06:30:00,16.472,16.475,16.4615,16.467000000000002
2018-05-22 06:45:00,16.468,16.485,16.4585,16.4585
2018-05-22 07:00:00,16.457,16.48,16.4535,16.478
2018-05-22 07:15:00,16.4785,16.514,16.4785,16.506
2018-05-22 07:30:00,16.503,16.5355,16.502,16.5295
2018-05-22 07:45:00,16.5285,16.553,16.528000000000002,16.552
2018-05-22 08:00:00,16.5515,16.586000000000002,16.5515,16.5725
2018-05-22 08:15:00,16.569,16.569,16.558999999999997,16.567
2018-05-22 08:30:00,16.5655,16.570999999999998,16.561500000000002,16.561500000000002
2018-05-22 08:45:00,16.564,16.577,16.56,16.564999999999998
2018-05-22 09:00:00,16.564999999999998,16.580000000000002,16.564999999999998,16.570999999999998
2018-05-22 09:15:00,16.570999999999998,16.572,16.56,16.5685
2018-05-22 09:30:00,16.5725,16.5835,16.567999999999998,16.580000000000002
2018-05-22 09:45:00,16.579,16.5995,16.578,16.592499999999998
2018-05-22 10:00:00,16.594,16.6035,16.587000000000003,16.598000000000003
2018-05-22 10:15:00,16.5995,16.604000000000003,16.5845,16.5845
2018-05-22 10:30:00,16.584,16.5895,16.580000000000002,16.583000000000002
2018-05-22 10:45:00,16.582,16.592000000000002,16.573500000000003,16.5765
2018-05-22 11:00:00,16.580000000000002,16.593999999999998,16.5725,16.5915
2018-05-22 11:15:00,16.5915,16.593999999999998,16.5735,16.5805
2018-05-22 11:30:00,16.5815,16.616,16.5775,16.616
2018-05-22 11:45:00,16.616999999999997,16.6305,16.61,16.62
2018-05-22 12:00:00,16.6205,16.628,16.584,16.5945
2018-05-22 12:15:00,16.5945,16.6255,16.5845,16.6185
2018-05-22 12:30:00,16.6195,16.672,16.617500000000003,16.653000000000002
2018-05-22 12:45:00,16.654000000000003,16.6615,16.6315,16.6455
2018-05-22 13:00:00,16.6455,16.6455,16.616500000000002,16.628500000000003
2018-05-22 13:15:00,16.626,16.6495,16.612,16.647000000000002
2018-05-22 13:30:00,16.644000000000002,16.662499999999998,16.634500000000003,16.6495
2018-05-22 13:45:00,16.6495,16.6495,16.604,16.6275
2018-05-22 14:00:00,16.621,16.626,16.5425,16.546
2018-05-22 14:15:00,16.5435,16.5505,16.525000000000002,16.549
2018-05-22 14:30:00,16.55,16.592000000000002,16.5445,16.585499999999996
2018-05-22 14:45:00,16.586000000000002,16.5905,16.572,16.5875
2018-05-22 15:00:00,16.588,16.6055,16.5735,16.592000000000002
2018-05-22 15:15:00,16.594,16.6025,16.5685,16.5715
2018-05-22 15:30:00,16.569,16.598499999999998,16.569,16.5955
2018-05-22 15:45:00,16.596,16.596,16.5765,16.587000000000003
2018-05-22 16:00:00,16.586000000000002,16.598,16.576,16.577
2018-05-22 16:15:00,16.579,16.5845,16.575499999999998,16.575499999999998
2018-05-22 16:30:00,16.575499999999998,16.594,16.5705,16.5835
2018-05-22 16:45:00,16.586000000000002,16.593,16.5795,16.5815
2018-05-22 17:00:00,16.582,16.582,16.552,16.552500000000002
2018-05-22 17:15:00,16.5505,16.566,16.5475,16.566
2018-05-22 17:30:00,16.564,16.5765,16.5575,16.570999999999998
2018-05-22 17:45:00,16.5685,16.5725,16.558,16.563
2018-05-22 18:00:00,16.5625,16.5625,16.5425,16.554
2018-05-22 18:15:00,16.558,16.5695,16.558,16.569
2018-05-22 18:30:00,16.569,16.573999999999998,16.564,16.567
2018-05-22 18:45:00,16.567999999999998,16.573,16.5475,16.548
2018-05-22 19:00:00,16.5465,16.55,16.54,16.549500000000002
2018-05-22 19:15:00,16.549500000000002,16.558,16.539,16.555500000000002
2018-05-22 19:30:00,16.559,16.559,16.538,16.5455
2018-05-22 19:45:00,16.5455,16.558,16.540499999999998,16.5505
2018-05-22 20:00:00,16.553,16.5535,16.5455,16.5475
2018-05-22 20:15:00,16.5475,16.549999999999997,16.5435,16.549
2018-05-22 20:30:00,16.549500000000002,16.5535,16.546,16.5515
2018-05-22 20:45:00,16.5515,16.552500000000002,16.5235,16.527
2018-05-22 22:00:00,16.535,16.551,16.531499999999998,16.5475
2018-05-22 22:15:00,16.538999999999998,16.552500000000002,16.538999999999998,16.5505
2018-05-22 22:30:00,16.5505,16.555,16.547,16.552
2018-05-22 22:45:00,16.552500000000002,16.5545,16.5505,16.5545
2018-05-22 23:00:00,16.5545,16.561,16.549999999999997,16.5605
2018-05-22 23:15:00,16.555500000000002,16.567,16.5515,16.563
2018-05-22 23:30:00,16.566,16.567999999999998,16.560999999999996,16.561999999999998
2018-05-22 23:45:00,16.560999999999996,16.57,16.5605,16.5635
2018-05-23 01:00:00,16.5485,16.573999999999998,16.5445,16.573999999999998
2018-05-23 01:15:00,16.5705,16.586499999999997,16.5705,16.586499999999997
2018-05-23 01:30:00,16.586499999999997,16.586499999999997,16.5415,16.549500000000002
2018-05-23 01:45:00,16.5515,16.5635,16.5335,16.5575
2018-05-23 02:00:00,16.5585,16.564,16.5515,16.552
2018-05-23 02:15:00,16.552,16.552500000000002,16.5395,16.5455
2018-05-23 02:30:00,16.5455,16.549,16.534499999999998,16.537499999999998
2018-05-23 02:45:00,16.537499999999998,16.540499999999998,16.531499999999998,16.534499999999998
2018-05-23 03:00:00,16.534499999999998,16.5395,16.524,16.5285
2018-05-23 03:15:00,16.529,16.5385,16.5265,16.533
2018-05-23 03:30:00,16.5325,16.5455,16.532000000000004,16.5425
2018-05-23 03:45:00,16.5415,16.5645,16.5415,16.5645
2018-05-23 04:00:00,16.564999999999998,16.564999999999998,16.5515,16.561500000000002
2018-05-23 04:15:00,16.560999999999996,16.566,16.558,16.566
2018-05-23 04:30:00,16.5655,16.5665,16.5525,16.557
2018-05-23 04:45:00,16.558,16.558,16.5535,16.5575
2018-05-23 05:00:00,16.5585,16.5585,16.549500000000002,16.556500000000003
2018-05-23 05:15:00,16.556,16.556,16.5415,16.5465
2018-05-23 05:30:00,16.5455,16.5455,16.523,16.532
2018-05-23 05:45:00,16.5295,16.536,16.519000000000002,16.522000000000002
2018-05-23 06:00:00,16.5225,16.535,16.512500000000003,16.5285
2018-05-23 06:15:00,16.5225,16.5285,16.506500000000003,16.5095
2018-05-23 06:30:00,16.511,16.5295,16.5075,16.523
2018-05-23 06:45:00,16.526,16.534,16.5195,16.5235
2018-05-23 07:00:00,16.5235,16.5295,16.4995,16.5215
2018-05-23 07:15:00,16.524,16.5575,16.514499999999998,16.5485
2018-05-23 07:30:00,16.5475,16.5485,16.514499999999998,16.5275
2018-05-23 07:45:00,16.528,16.5335,16.519000000000002,16.533
2018-05-23 08:00:00,16.532000000000004,16.546,16.5095,16.5125
2018-05-23 08:15:00,16.5095,16.515,16.4935,16.506
2018-05-23 08:30:00,16.506,16.5105,16.492,16.494999999999997
2018-05-23 08:45:00,16.494999999999997,16.494999999999997,16.479,16.4915
2018-05-23 09:00:00,16.4925,16.5235,16.488500000000002,16.514499999999998
2018-05-23 09:15:00,16.514499999999998,16.524,16.505,16.514
2018-05-23 09:30:00,16.514499999999998,16.525000000000002,16.506500000000003,16.519000000000002
2018-05-23 09:45:00,16.520000000000003,16.553,16.514,16.543999999999997
2018-05-23 10:00:00,16.5465,16.549999999999997,16.537000000000003,16.547
2018-05-23 10:15:00,16.5465,16.5505,16.5335,16.542
2018-05-23 10:30:00,16.544,16.549,16.536499999999997,16.544
2018-05-23 10:45:00,16.543,16.5485,16.5235,16.5335
2018-05-23 11:00:00,16.5335,16.5485,16.526000000000003,16.537499999999998
2018-05-23 11:15:00,16.536499999999997,16.536499999999997,16.518,16.527
2018-05-23 11:30:00,16.5275,16.5445,16.5265,16.5445
2018-05-23 11:45:00,16.5445,16.551,16.5425,16.544999999999998
2018-05-23 12:00:00,16.544999999999998,16.544999999999998,16.4975,16.507500000000004
2018-05-23 12:15:00,16.51,16.520000000000003,16.488500000000002,16.4915
2018-05-23 12:30:00,16.4915,16.4935,16.362,16.387
2018-05-23 12:45:00,16.386499999999998,16.397000000000002,16.3625,16.3875
2018-05-23 13:00:00,16.384,16.391,16.339,16.356
2018-05-23 13:15:00,16.353,16.3685,16.3245,16.354000000000003
2018-05-23 13:30:00,16.355999999999998,16.3805,16.3325,16.3475
2018-05-23 13:45:00,16.348000000000003,16.366500000000002,16.3385,16.364
2018-05-23 14:00:00,16.3615,16.403000000000002,16.349999999999998,16.393
2018-05-23 14:15:00,16.393,16.408,16.372999999999998,16.399
2018-05-23 14:30:00,16.395500000000002,16.395500000000002,16.359,16.371000000000002
2018-05-23 14:45:00,16.37,16.3895,16.359,16.371000000000002
2018-05-23 15:00:00,16.3695,16.433500000000002,16.362,16.433500000000002
2018-05-23 15:15:00,16.427500000000002,16.435,16.3975,16.412
2018-05-23 15:30:00,16.414,16.4255,16.4045,16.4165
2018-05-23 15:45:00,16.4165,16.430500000000002,16.39,16.3975
2018-05-23 16:00:00,16.3975,16.4215,16.394000000000002,16.4215
2018-05-23 16:15:00,16.422,16.4315,16.406,16.411
2018-05-23 16:30:00,16.410999999999998,16.427999999999997,16.4105,16.4215
2018-05-23 16:45:00,16.416,16.424500000000002,16.408,16.408499999999997
2018-05-23 17:00:00,16.408499999999997,16.421000000000003,16.4075,16.4175
2018-05-23 17:15:00,16.4175,16.4225,16.386,16.3925
2018-05-23 17:30:00,16.391,16.395,16.3805,16.3875
2018-05-23 17:45:00,16.386499999999998,16.3895,16.377999999999997,16.3855
2018-05-23 18:00:00,16.384999999999998,16.442999999999998,16.378500000000003,16.405
2018-05-23 18:15:00,16.407,16.471999999999998,16.405,16.471999999999998
2018-05-23 18:30:00,16.468,16.4845,16.435499999999998,16.4715
2018-05-23 18:45:00,16.469,16.488999999999997,16.4655,16.471
2018-05-23 19:00:00,16.469499999999996,16.494999999999997,16.448,16.4555
2018-05-23 19:15:00,16.4535,16.466,16.448999999999998,16.459000000000003
2018-05-23 19:30:00,16.459000000000003,16.473,16.4585,16.4655
2018-05-23 19:45:00,16.465,16.468,16.454,16.459000000000003
2018-05-23 20:00:00,16.462,16.468,16.459000000000003,16.462
2018-05-23 20:15:00,16.461,16.468,16.4575,16.466
2018-05-23 20:30:00,16.465000000000003,16.466,16.4585,16.463
2018-05-23 20:45:00,16.4605,16.4625,16.451999999999998,16.4545
2018-05-23 22:00:00,16.467000000000002,16.4835,16.467000000000002,16.4735
2018-05-23 22:15:00,16.4735,16.479499999999998,16.4685,16.473499999999998
2018-05-23 22:30:00,16.4745,16.4775,16.464499999999997,16.464499999999997
2018-05-23 22:45:00,16.465000000000003,16.469,16.462500000000002,16.464499999999997
2018-05-23 23:00:00,16.4675,16.470000000000002,16.451999999999998,16.463
2018-05-23 23:15:00,16.462,16.475,16.4595,16.4715
2018-05-23 23:30:00,16.475,16.476000000000003,16.467,16.475499999999997
2018-05-23 23:45:00,16.476000000000003,16.481,16.471000000000004,16.475499999999997
2018-05-24 01:00:00,16.456500000000002,16.456500000000002,16.435,16.4445
2018-05-24 01:15:00,16.445500000000003,16.4505,16.439999999999998,16.448
2018-05-24 01:30:00,16.447499999999998,16.458000000000002,16.4325,16.436
2018-05-24 01:45:00,16.436,16.441499999999998,16.425,16.4355
2018-05-24 02:00:00,16.4355,16.439999999999998,16.4265,16.4375
2018-05-24 02:15:00,16.439,16.451500000000003,16.436,16.445500000000003
2018-05-24 02:30:00,16.4465,16.4575,16.445500000000003,16.448999999999998
2018-05-24 02:45:00,16.4495,16.451500000000003,16.436999999999998,16.439500000000002
2018-05-24 03:00:00,16.4385,16.445500000000003,16.435,16.442
2018-05-24 03:15:00,16.4415,16.447499999999998,16.436,16.447499999999998
2018-05-24 03:30:00,16.443,16.448999999999998,16.4405,16.443
2018-05-24 03:45:00,16.443,16.4475,16.438999999999997,16.443
2018-05-24 04:00:00,16.445999999999998,16.453,16.445999999999998,16.451
2018-05-24 04:15:00,16.4515,16.4535,16.4425,16.447499999999998
2018-05-24 04:30:00,16.447499999999998,16.4555,16.4435,16.4515
2018-05-24 04:45:00,16.451999999999998,16.4535,16.447499999999998,16.447499999999998
2018-05-24 05:00:00,16.448,16.4525,16.448,16.45
2018-05-24 05:15:00,16.4465,16.462,16.4465,16.458000000000002
2018-05-24 05:30:00,16.4585,16.4585,16.4355,16.4365
2018-05-24 05:45:00,16.4355,16.4425,16.4295,16.4425
2018-05-24 06:00:00,16.442999999999998,16.442999999999998,16.409000000000002,16.434500000000003
2018-05-24 06:15:00,16.439500000000002,16.447499999999998,16.4285,16.436
2018-05-24 06:30:00,16.436,16.4445,16.4325,16.4435
2018-05-24 06:45:00,16.4415,16.4595,16.439999999999998,16.452499999999997
2018-05-24 07:00:00,16.4555,16.477999999999998,16.453,16.473
2018-05-24 07:15:00,16.473499999999998,16.512,16.470499999999998,16.500999999999998
2018-05-24 07:30:00,16.500999999999998,16.5055,16.494500000000002,16.500999999999998
2018-05-24 07:45:00,16.5015,16.502,16.486,16.4925
2018-05-24 08:00:00,16.4905,16.512,16.486,16.5115
2018-05-24 08:15:00,16.512999999999998,16.524499999999996,16.509999999999998,16.5105
2018-05-24 08:30:00,16.514499999999998,16.536,16.514499999999998,16.532000000000004
2018-05-24 08:45:00,16.5295,16.534499999999998,16.514499999999998,16.534499999999998
2018-05-24 09:00:00,16.5335,16.567999999999998,16.5335,16.552
2018-05-24 09:15:00,16.549,16.552500000000002,16.537499999999998,16.541
2018-05-24 09:30:00,16.5425,16.5585,16.538,16.5585
2018-05-24 09:45:00,16.558,16.5585,16.5425,16.543000000000003
2018-05-24 10:00:00,16.543000000000003,16.549500000000002,16.534499999999998,16.537499999999998
2018-05-24 10:15:00,16.542,16.542,16.531499999999998,16.536499999999997
2018-05-24 10:30:00,16.536499999999997,16.538,16.5285,16.5295
2018-05-24 10:45:00,16.5295,16.532,16.523,16.529
2018-05-24 11:00:00,16.527,16.528000000000002,16.5115,16.5205
2018-05-24 11:15:00,16.520000000000003,16.5435,16.517500000000002,16.537499999999998
2018-05-24 11:30:00,16.536,16.5465,16.5295,16.542
2018-05-24 11:45:00,16.5385,16.540499999999998,16.521,16.5285
2018-05-24 12:00:00,16.529,16.5455,16.521,16.535
2018-05-24 12:15:00,16.5395,16.548000000000002,16.5265,16.537499999999998
2018-05-24 12:30:00,16.5395,16.631999999999998,16.5395,16.588
2018-05-24 12:45:00,16.588,16.6075,16.5795,16.5905
2018-05-24 13:00:00,16.5895,16.59,16.5485,16.5775
2018-05-24 13:15:00,16.5815,16.5915,16.5645,16.584
2018-05-24 13:30:00,16.582,16.598000000000003,16.5665,16.591
2018-05-24 13:45:00,16.589,16.6495,16.570999999999998,16.631999999999998
2018-05-24 14:00:00,16.635499999999997,16.6615,16.6335,16.6395
2018-05-24 14:15:00,16.6395,16.647000000000002,16.617500000000003,16.624499999999998
2018-05-24 14:30:00,16.6245,16.653499999999998,16.621,16.6275
2018-05-24 14:45:00,16.628999999999998,16.6325,16.605999999999998,16.618
2018-05-24 15:00:00,16.618,16.6425,16.607499999999998,16.6075
2018-05-24 15:15:00,16.6085,16.63,16.6085,16.621999999999996
2018-05-24 15:30:00,16.621999999999996,16.6395,16.621999999999996,16.6375
2018-05-24 15:45:00,16.638,16.641000000000002,16.6235,16.631999999999998
2018-05-24 16:00:00,16.6325,16.6335,16.618500000000004,16.6335
2018-05-24 16:15:00,16.633,16.6495,16.628,16.6435
2018-05-24 16:30:00,16.645,16.66,16.6415,16.658499999999997
2018-05-24 16:45:00,16.659499999999998,16.6615,16.645,16.649
2018-05-24 17:00:00,16.654999999999998,16.6645,16.649,16.658499999999997
2018-05-24 17:15:00,16.658,16.689,16.658,16.660999999999998
2018-05-24 17:30:00,16.660999999999998,16.6715,16.6575,16.6705
2018-05-24 17:45:00,16.671999999999997,16.6885,16.6705,16.677
2018-05-24 18:00:00,16.676000000000002,16.683500000000002,16.674500000000002,16.675
2018-05-24 18:15:00,16.676,16.68,16.669,16.6695
2018-05-24 18:30:00,16.6695,16.681,16.669,16.675
2018-05-24 18:45:00,16.675,16.682999999999996,16.6735,16.674
2018-05-24 19:00:00,16.674,16.6855,16.663,16.68
2018-05-24 19:15:00,16.68,16.6935,16.679,16.689500000000002
2018-05-24 19:30:00,16.689,16.691,16.685,16.6855
2018-05-24 19:45:00,16.686,16.686,16.6635,16.664
2018-05-24 20:00:00,16.6645,16.673,16.6645,16.67
2018-05-24 20:15:00,16.673,16.675,16.6665,16.6725
2018-05-24 20:30:00,16.671999999999997,16.6765,16.6675,16.6715
2018-05-24 20:45:00,16.666,16.676,16.659000000000002,16.659000000000002
2018-05-24 22:00:00,16.665000000000003,16.671999999999997,16.6605,16.6695
2018-05-24 22:15:00,16.6695,16.683999999999997,16.6675,16.681
2018-05-24 22:30:00,16.677999999999997,16.677999999999997,16.6715,16.675
2018-05-24 22:45:00,16.675,16.679,16.671999999999997,16.6755
2018-05-24 23:00:00,16.6755,16.6765,16.671,16.6715
2018-05-24 23:15:00,16.674500000000002,16.674500000000002,16.66,16.664
2018-05-24 23:30:00,16.6615,16.666999999999998,16.655,16.6605
2018-05-24 23:45:00,16.662,16.6685,16.66,16.66
2018-05-25 01:00:00,16.644000000000002,16.6485,16.6265,16.64
2018-05-25 01:15:00,16.639,16.64,16.6215,16.622999999999998
2018-05-25 01:30:00,16.626,16.646,16.621,16.632
2018-05-25 01:45:00,16.634,16.634,16.6145,16.618
2018-05-25 02:00:00,16.618,16.6195,16.6065,16.618
2018-05-25 02:15:00,16.617500000000003,16.621999999999996,16.6055,16.6145
2018-05-25 02:30:00,16.6145,16.619,16.607499999999998,16.610999999999997
2018-05-25 02:45:00,16.6135,16.614,16.608,16.6085
2018-05-25 03:00:00,16.608,16.6115,16.6015,16.6065
2018-05-25 03:15:00,16.6075,16.616,16.605999999999998,16.6145
2018-05-25 03:30:00,16.613,16.616500000000002,16.6095,16.613500000000002
2018-05-25 03:45:00,16.610999999999997,16.616,16.6065,16.607
2018-05-25 04:00:00,16.61,16.61,16.603,16.605
2018-05-25 04:15:00,16.602,16.610500000000002,16.602,16.609
2018-05-25 04:30:00,16.610999999999997,16.6155,16.6095,16.615000000000002
2018-05-25 04:45:00,16.614,16.616500000000002,16.6125,16.6125
2018-05-25 05:00:00,16.6155,16.6185,16.612,16.6145
2018-05-25 05:15:00,16.6155,16.6205,16.6125,16.6185
2018-05-25 05:30:00,16.62,16.625,16.605999999999998,16.6085
2018-05-25 05:45:00,16.6075,16.608,16.5905,16.591
2018-05-25 06:00:00,16.5895,16.593000000000004,16.5805,16.5895
2018-05-25 06:15:00,16.592499999999998,16.5965,16.585,16.5945
2018-05-25 06:30:00,16.596,16.612,16.593,16.6035
2018-05-25 06:45:00,16.6025,16.6185,16.601499999999998,16.6075
2018-05-25 07:00:00,16.609,16.613,16.598499999999998,16.6025
2018-05-25 07:15:00,16.6035,16.628999999999998,16.6035,16.628999999999998
2018-05-25 07:30:00,16.6295,16.636,16.622,16.6235
2018-05-25 07:45:00,16.6245,16.63,16.617500000000003,16.622500000000002
2018-05-25 08:00:00,16.622500000000002,16.6445,16.622500000000002,16.6385
2018-05-25 08:15:00,16.6375,16.651,16.6335,16.648000000000003
2018-05-25 08:30:00,16.6505,16.668,16.647499999999997,16.6635
2018-05-25 08:45:00,16.663,16.6765,16.658,16.673
2018-05-25 09:00:00,16.6685,16.677999999999997,16.6575,16.6685
2018-05-25 09:15:00,16.6685,16.669,16.6495,16.6495
2018-05-25 09:30:00,16.6505,16.67,16.644000000000002,16.67
2018-05-25 09:45:00,16.669,16.669,16.6525,16.6635
2018-05-25 10:00:00,16.6635,16.674500000000002,16.653499999999998,16.671
2018-05-25 10:15:00,16.6705,16.691,16.6685,16.691
2018-05-25 10:30:00,16.6925,16.6965,16.680500000000002,16.680500000000002
2018-05-25 10:45:00,16.680500000000002,16.689,16.675,16.680500000000002
2018-05-25 11:00:00,16.677500000000002,16.698,16.671,16.6935
2018-05-25 11:15:00,16.694,16.695500000000003,16.683999999999997,16.689
2018-05-25 11:30:00,16.689,16.7105,16.685,16.6945
2018-05-25 11:45:00,16.697499999999998,16.697499999999998,16.6375,16.641000000000002
2018-05-25 12:00:00,16.641000000000002,16.653000000000002,16.63,16.6485
2018-05-25 12:15:00,16.6495,16.653000000000002,16.618,16.6215
2018-05-25 12:30:00,16.621,16.6935,16.617500000000003,16.683500000000002
2018-05-25 12:45:00,16.683500000000002,16.7165,16.681,16.7015
2018-05-25 13:00:00,16.701,16.702,16.666,16.685
2018-05-25 13:15:00,16.681,16.688,16.634500000000003,16.634500000000003
2018-05-25 13:30:00,16.634999999999998,16.642000000000003,16.585499999999996,16.5855
2018-05-25 13:45:00,16.5825,16.5825,16.537000000000003,16.555999999999997
2018-05-25 14:00:00,16.555999999999997,16.588,16.5435,16.57
2018-05-25 14:15:00,16.57,16.5775,16.5455,16.5605
2018-05-25 14:30:00,16.561500000000002,16.5705,16.5235,16.5245
2018-05-25 14:45:00,16.524,16.5335,16.4935,16.5215
2018-05-25 15:00:00,16.5225,16.543000000000003,16.516000000000002,16.540499999999998
2018-05-25 15:15:00,16.54,16.549,16.527,16.5415
2018-05-25 15:30:00,16.541,16.5535,16.540499999999998,16.548000000000002
2018-05-25 15:45:00,16.551,16.558,16.540499999999998,16.5455
2018-05-25 16:00:00,16.544,16.552500000000002,16.5395,16.5485
2018-05-25 16:15:00,16.5475,16.551,16.531000000000002,16.536
2018-05-25 16:30:00,16.5385,16.540499999999998,16.524,16.5335
2018-05-25 16:45:00,16.534499999999998,16.5515,16.5295,16.5295
2018-05-25 17:00:00,16.53,16.5415,16.526000000000003,16.5355
2018-05-25 17:15:00,16.5325,16.540499999999998,16.5205,16.5355
2018-05-25 17:30:00,16.534,16.535,16.525000000000002,16.5305
2018-05-25 17:45:00,16.5335,16.537000000000003,16.5295,16.5295
2018-05-25 18:00:00,16.5275,16.5295,16.5245,16.5275
2018-05-25 18:15:00,16.526,16.536,16.5245,16.532000000000004
2018-05-25 18:30:00,16.5335,16.535,16.525499999999997,16.527
2018-05-25 18:45:00,16.5295,16.5295,16.515,16.523
2018-05-25 19:00:00,16.5235,16.525499999999997,16.5105,16.5125
2018-05-25 19:15:00,16.5135,16.5195,16.5025,16.508
2018-05-25 19:30:00,16.508,16.5185,16.5035,16.5085
2018-05-25 19:45:00,16.5085,16.5085,16.4975,16.499999999999996
2018-05-25 20:00:00,16.498,16.515,16.488,16.512
2018-05-25 20:15:00,16.515,16.521,16.509,16.512
2018-05-25 20:30:00,16.515,16.515,16.506500000000003,16.506500000000003
2018-05-25 20:45:00,16.506500000000003,16.51,16.488999999999997,16.5035
2018-05-27 22:00:00,16.5105,16.5135,16.475499999999997,16.477999999999998
2018-05-27 22:15:00,16.477999999999998,16.485500000000002,16.477999999999998,16.485
2018-05-27 22:30:00,16.4835,16.492,16.477,16.485
2018-05-27 22:45:00,16.488999999999997,16.498,16.486,16.492
2018-05-27 23:00:00,16.491500000000002,16.495500000000003,16.4815,16.486
2018-05-27 23:15:00,16.4845,16.488,16.476499999999998,16.483
2018-05-27 23:30:00,16.487000000000002,16.497,16.48,16.4895
2018-05-27 23:45:00,16.493000000000002,16.5045,16.4905,16.4955
2018-05-28 01:00:00,16.509,16.5135,16.469499999999996,16.4815
2018-05-28 01:15:00,16.477,16.481,16.4635,16.4685
2018-05-28 01:30:00,16.466,16.481,16.466,16.469
2018-05-28 01:45:00,16.469,16.488999999999997,16.4665,16.4865
2018-05-28 02:00:00,16.485500000000002,16.485500000000002,16.473499999999998,16.481
2018-05-28 02:15:00,16.476499999999998,16.4925,16.475499999999997,16.485500000000002
2018-05-28 02:30:00,16.4805,16.485,16.471999999999998,16.48
2018-05-28 02:45:00,16.475,16.485,16.4715,16.4815
2018-05-28 03:00:00,16.4775,16.4865,16.4725,16.4865
2018-05-28 03:15:00,16.49,16.49,16.4775,16.485500000000002
2018-05-28 03:30:00,16.4825,16.494500000000002,16.481,16.486
2018-05-28 03:45:00,16.486,16.4955,16.485500000000002,16.491
2018-05-28 04:00:00,16.488500000000002,16.499,16.485500000000002,16.4965
2018-05-28 04:15:00,16.499,16.4995,16.4905,16.494500000000002
2018-05-28 04:30:00,16.4925,16.495500000000003,16.4785,16.485500000000002
2018-05-28 04:45:00,16.4805,16.500500000000002,16.479499999999998,16.4965
2018-05-28 05:00:00,16.4955,16.4995,16.4905,16.491
2018-05-28 05:15:00,16.494500000000002,16.495500000000003,16.488500000000002,16.494999999999997
2018-05-28 05:30:00,16.496,16.499999999999996,16.4895,16.4965
2018-05-28 05:45:00,16.496,16.4965,16.475499999999997,16.476499999999998
2018-05-28 06:00:00,16.4715,16.476000000000003,16.4545,16.4555
2018-05-28 06:15:00,16.4555,16.470000000000002,16.451999999999998,16.4625
2018-05-28 06:30:00,16.466,16.4805,16.464000000000002,16.476
2018-05-28 06:45:00,16.4775,16.4845,16.463,16.477999999999998
2018-05-28 07:00:00,16.4805,16.481,16.464499999999997,16.467
2018-05-28 07:15:00,16.4725,16.4795,16.4585,16.4635
2018-05-28 07:30:00,16.465000000000003,16.465000000000003,16.433500000000002,16.4425
2018-05-28 07:45:00,16.4425,16.471,16.442,16.4685
2018-05-28 08:00:00,16.470000000000002,16.470000000000002,16.444,16.45
2018-05-28 08:15:00,16.448999999999998,16.456500000000002,16.439500000000002,16.455000000000002
2018-05-28 08:30:00,16.454,16.4615,16.447499999999998,16.4515
2018-05-28 08:45:00,16.453,16.467000000000002,16.4485,16.4615
2018-05-28 09:00:00,16.464000000000002,16.464000000000002,16.4375,16.451999999999998
2018-05-28 09:15:00,16.4525,16.463,16.447499999999998,16.4595
2018-05-28 09:30:00,16.4625,16.487,16.458499999999997,16.483
2018-05-28 09:45:00,16.483,16.4845,16.471,16.482
2018-05-28 10:00:00,16.481,16.483999999999998,16.4625,16.468
2018-05-28 10:15:00,16.4695,16.4695,16.4435,16.453
2018-05-28 10:30:00,16.45,16.4675,16.4425,16.465
2018-05-28 10:45:00,16.465,16.475,16.4585,16.468
2018-05-28 11:00:00,16.4675,16.471000000000004,16.455000000000002,16.4615
2018-05-28 11:15:00,16.462,16.477,16.461000000000002,16.463499999999996
2018-05-28 11:30:00,16.464499999999997,16.477,16.463499999999996,16.476
2018-05-28 11:45:00,16.476499999999998,16.479,16.4635,16.477
2018-05-28 12:00:00,16.482,16.491,16.4715,16.4905
2018-05-28 12:15:00,16.4895,16.5025,16.474,16.476499999999998
2018-05-28 12:30:00,16.4805,16.4875,16.4665,16.4715
2018-05-28 12:45:00,16.4725,16.476499999999998,16.4575,16.458000000000002
2018-05-28 13:00:00,16.458000000000002,16.465,16.4495,16.4495
2018-05-28 13:15:00,16.4525,16.466,16.45,16.455000000000002
2018-05-28 13:30:00,16.4515,16.465000000000003,16.4505,16.464499999999997
2018-05-28 13:45:00,16.465,16.474,16.4595,16.4605
2018-05-28 14:00:00,16.46,16.467000000000002,16.457,16.461000000000002
2018-05-28 14:15:00,16.4615,16.4785,16.4515,16.4775
2018-05-28 14:30:00,16.4785,16.4865,16.475,16.4775
2018-05-28 14:45:00,16.481,16.4835,16.4665,16.470000000000002
2018-05-28 15:00:00,16.473499999999998,16.4865,16.470000000000002,16.479499999999998
2018-05-28 15:15:00,16.479499999999998,16.485,16.474,16.479499999999998
2018-05-28 15:30:00,16.4775,16.479499999999998,16.464499999999997,16.469
2018-05-28 15:45:00,16.4665,16.4825,16.4655,16.473499999999998
2018-05-28 16:00:00,16.4775,16.4815,16.4685,16.475499999999997
2018-05-28 16:15:00,16.475,16.48,16.470000000000002,16.474
2018-05-28 16:30:00,16.475,16.479,16.469499999999996,16.4775
2018-05-28 16:45:00,16.4775,16.485,16.473499999999998,16.4785
2018-05-28 22:00:00,16.4785,16.479,16.469,16.469
2018-05-28 22:15:00,16.474,16.482000000000003,16.470000000000002,16.482000000000003
2018-05-28 22:30:00,16.4785,16.479,16.467,16.4675
2018-05-28 22:45:00,16.466,16.4785,16.465000000000003,16.475
2018-05-28 23:00:00,16.475499999999997,16.483999999999998,16.4745,16.476499999999998
2018-05-28 23:15:00,16.477999999999998,16.483999999999998,16.4685,16.4775
2018-05-28 23:30:00,16.4785,16.4865,16.472,16.4865
2018-05-28 23:45:00,16.4845,16.497999999999998,16.479,16.4865
2018-05-29 01:00:00,16.4905,16.4905,16.4615,16.4715
2018-05-29 01:15:00,16.477,16.488500000000002,16.4715,16.4865
2018-05-29 01:30:00,16.4895,16.496,16.479499999999998,16.4895
2018-05-29 01:45:00,16.491,16.4935,16.479499999999998,16.483999999999998
2018-05-29 02:00:00,16.4835,16.4925,16.4825,16.488999999999997
2018-05-29 02:15:00,16.488,16.5035,16.488,16.494500000000002
2018-05-29 02:30:00,16.499,16.500999999999998,16.49,16.4905
2018-05-29 02:45:00,16.4905,16.494500000000002,16.481,16.481
2018-05-29 03:00:00,16.479499999999998,16.4805,16.470499999999998,16.470499999999998
2018-05-29 03:15:00,16.470000000000002,16.479499999999998,16.4655,16.4665
2018-05-29 03:30:00,16.4665,16.4715,16.4635,16.4715
2018-05-29 03:45:00,16.470499999999998,16.4745,16.4545,16.455000000000002
2018-05-29 04:00:00,16.4595,16.4715,16.4585,16.4695
2018-05-29 04:15:00,16.468,16.477,16.468,16.477
2018-05-29 04:30:00,16.475499999999997,16.479499999999998,16.471,16.4785
2018-05-29 04:45:00,16.479,16.4805,16.459000000000003,16.461
2018-05-29 05:00:00,16.4595,16.4625,16.4555,16.4625
2018-05-29 05:15:00,16.4635,16.470499999999998,16.4625,16.465
2018-05-29 05:30:00,16.4695,16.470499999999998,16.464000000000002,16.467
2018-05-29 05:45:00,16.467,16.4675,16.4585,16.4665
2018-05-29 06:00:00,16.469,16.489,16.4665,16.477999999999998
2018-05-29 06:15:00,16.48,16.4815,16.448999999999998,16.457
2018-05-29 06:30:00,16.4535,16.456500000000002,16.4265,16.427500000000002
2018-05-29 06:45:00,16.4265,16.433500000000002,16.391499999999997,16.403000000000002
2018-05-29 07:00:00,16.407,16.4215,16.393,16.399
2018-05-29 07:15:00,16.3995,16.422,16.397000000000002,16.416
2018-05-29 07:30:00,16.4175,16.422,16.377999999999997,16.3795
2018-05-29 07:45:00,16.378500000000003,16.3835,16.363,16.3795
2018-05-29 08:00:00,16.378999999999998,16.404000000000003,16.3775,16.3975
2018-05-29 08:15:00,16.3975,16.438999999999997,16.3875,16.4295
2018-05-29 08:30:00,16.433500000000002,16.495500000000003,16.429,16.4775
2018-05-29 08:45:00,16.4775,16.479499999999998,16.453,16.4665
2018-05-29 09:00:00,16.467,16.485500000000002,16.46,16.467
2018-05-29 09:15:00,16.465,16.4655,16.441,16.455000000000002
2018-05-29 09:30:00,16.456,16.46,16.436,16.46
2018-05-29 09:45:00,16.462,16.482000000000003,16.4595,16.4685
2018-05-29 10:00:00,16.464499999999997,16.4915,16.462,16.477
2018-05-29 10:15:00,16.471000000000004,16.476499999999998,16.4575,16.467000000000002
2018-05-29 10:30:00,16.4675,16.470000000000002,16.444,16.454
2018-05-29 10:45:00,16.451,16.4535,16.427,16.441
2018-05-29 11:00:00,16.4425,16.4735,16.442,16.445
2018-05-29 11:15:00,16.4405,16.4605,16.4345,16.4505
2018-05-29 11:30:00,16.4505,16.451,16.42,16.424500000000002
2018-05-29 11:45:00,16.425,16.4415,16.424500000000002,16.43
2018-05-29 12:00:00,16.43,16.436,16.415,16.429
2018-05-29 12:15:00,16.4295,16.441,16.3815,16.389
2018-05-29 12:30:00,16.389,16.3945,16.3385,16.355
2018-05-29 12:45:00,16.355,16.384500000000003,16.353499999999997,16.3745
2018-05-29 13:00:00,16.3735,16.3805,16.32,16.347
2018-05-29 13:15:00,16.3495,16.384,16.3325,16.379500000000004
2018-05-29 13:30:00,16.382,16.4005,16.347,16.3525
2018-05-29 13:45:00,16.352,16.377999999999997,16.3475,16.362
2018-05-29 14:00:00,16.366500000000002,16.416,16.358,16.399
2018-05-29 14:15:00,16.397000000000002,16.4205,16.3935,16.407
2018-05-29 14:30:00,16.4065,16.408499999999997,16.376,16.4
2018-05-29 14:45:00,16.3965,16.463,16.3935,16.4325
2018-05-29 15:00:00,16.433500000000002,16.4375,16.409000000000002,16.4115
2018-05-29 15:15:00,16.412499999999998,16.4225,16.4025,16.416
2018-05-29 15:30:00,16.416999999999998,16.442999999999998,16.402,16.4305
2018-05-29 15:45:00,16.431,16.432000000000002,16.397000000000002,16.408
2018-05-29 16:00:00,16.4065,16.423,16.3985,16.415000000000003
2018-05-29 16:15:00,16.4165,16.4415,16.414,16.424
2018-05-29 16:30:00,16.427,16.4355,16.4025,16.41
2018-05-29 16:45:00,16.409000000000002,16.416,16.3975,16.4115
2018-05-29 17:00:00,16.412499999999998,16.4175,16.396,16.396
2018-05-29 17:15:00,16.3965,16.399,16.359,16.3695
2018-05-29 17:30:00,16.3715,16.4005,16.366,16.3995
2018-05-29 17:45:00,16.397499999999997,16.408,16.3905,16.4045
2018-05-29 18:00:00,16.403499999999998,16.415499999999998,16.393,16.407500000000002
2018-05-29 18:15:00,16.4075,16.4355,16.4055,16.434500000000003
2018-05-29 18:30:00,16.435,16.439999999999998,16.41,16.414
2018-05-29 18:45:00,16.415499999999998,16.441,16.401,16.408
2018-05-29 19:00:00,16.412,16.415499999999998,16.39,16.414499999999997
2018-05-29 19:15:00,16.412499999999998,16.412499999999998,16.3995,16.4045
2018-05-29 19:30:00,16.404000000000003,16.418499999999998,16.399,16.41
2018-05-29 19:45:00,16.406,16.414499999999997,16.4025,16.407
2018-05-29 20:00:00,16.4055,16.4175,16.403000000000002,16.411
2018-05-29 20:15:00,16.4065,16.412,16.4045,16.4055
2018-05-29 20:30:00,16.4045,16.407,16.391,16.3945
2018-05-29 20:45:00,16.397000000000002,16.3985,16.387999999999998,16.3965
2018-05-29 22:00:00,16.365,16.4,16.365,16.387
2018-05-29 22:15:00,16.384999999999998,16.394000000000002,16.384999999999998,16.393
2018-05-29 22:30:00,16.393,16.398000000000003,16.386,16.3925
2018-05-29 22:45:00,16.3915,16.4075,16.3885,16.393
2018-05-29 23:00:00,16.393,16.4105,16.393,16.404000000000003
2018-05-29 23:15:00,16.4045,16.4125,16.395500000000002,16.4085
2018-05-29 23:30:00,16.41,16.4245,16.409000000000002,16.418499999999998
2018-05-29 23:45:00,16.4195,16.4225,16.401500000000002,16.410000000000004
2018-05-30 01:00:00,16.4195,16.4195,16.4065,16.414499999999997
2018-05-30 01:15:00,16.416,16.4175,16.404,16.404
2018-05-30 01:30:00,16.4065,16.4075,16.392,16.3985
2018-05-30 01:45:00,16.3985,16.404000000000003,16.3945,16.404000000000003
2018-05-30 02:00:00,16.402,16.403499999999998,16.377999999999997,16.3845
2018-05-30 02:15:00,16.384999999999998,16.3895,16.374,16.3745
2018-05-30 02:30:00,16.3775,16.3875,16.3755,16.382
2018-05-30 02:45:00,16.378500000000003,16.386499999999998,16.377999999999997,16.3825
2018-05-30 03:00:00,16.3815,16.3825,16.3735,16.3745
2018-05-30 03:15:00,16.3765,16.3845,16.3705,16.3815
2018-05-30 03:30:00,16.3805,16.386499999999998,16.3745,16.3815
2018-05-30 03:45:00,16.3815,16.3815,16.372500000000002,16.3755
2018-05-30 04:00:00,16.3735,16.3735,16.3565,16.3615
2018-05-30 04:15:00,16.36,16.369500000000002,16.3585,16.361
2018-05-30 04:30:00,16.3595,16.3705,16.3585,16.365000000000002
2018-05-30 04:45:00,16.366500000000002,16.366500000000002,16.360500000000002,16.3625
2018-05-30 05:00:00,16.3625,16.363500000000002,16.357499999999998,16.360500000000002
2018-05-30 05:15:00,16.36,16.3685,16.3565,16.3655
2018-05-30 05:30:00,16.3675,16.369,16.357,16.366500000000002
2018-05-30 05:45:00,16.366500000000002,16.3895,16.366,16.381
2018-05-30 06:00:00,16.3825,16.387999999999998,16.3755,16.383
2018-05-30 06:15:00,16.3825,16.3915,16.365000000000002,16.366500000000002
2018-05-30 06:30:00,16.365,16.375,16.346,16.349999999999998
2018-05-30 06:45:00,16.3525,16.366,16.347,16.360500000000002
2018-05-30 07:00:00,16.360500000000002,16.3655,16.3275,16.336499999999997
2018-05-30 07:15:00,16.336499999999997,16.338,16.3195,16.337000000000003
2018-05-30 07:30:00,16.3375,16.3645,16.3275,16.3645
2018-05-30 07:45:00,16.365,16.39,16.361,16.374
2018-05-30 08:00:00,16.377,16.384999999999998,16.355,16.3675
2018-05-30 08:15:00,16.366,16.3875,16.3525,16.387
2018-05-30 08:30:00,16.387,16.391499999999997,16.374499999999998,16.378999999999998
2018-05-30 08:45:00,16.378500000000003,16.387,16.372500000000002,16.387
2018-05-30 09:00:00,16.3875,16.4025,16.3835,16.4005
2018-05-30 09:15:00,16.3995,16.409499999999998,16.394000000000002,16.3985
2018-05-30 09:30:00,16.398000000000003,16.424,16.3965,16.418499999999998
2018-05-30 09:45:00,16.418499999999998,16.419,16.3995,16.3995
2018-05-30 10:00:00,16.3975,16.4015,16.384,16.3855
2018-05-30 10:15:00,16.386499999999998,16.3895,16.373500000000003,16.375
2018-05-30 10:30:00,16.374499999999998,16.4005,16.374499999999998,16.394000000000002
2018-05-30 10:45:00,16.3935,16.3935,16.3765,16.381
2018-05-30 11:00:00,16.381,16.396,16.3715,16.3815
2018-05-30 11:15:00,16.3845,16.3915,16.377999999999997,16.383
2018-05-30 11:30:00,16.386,16.406000000000002,16.386,16.3945
2018-05-30 11:45:00,16.3935,16.406000000000002,16.393,16.395500000000002
2018-05-30 12:00:00,16.397499999999997,16.433,16.3945,16.4175
2018-05-30 12:15:00,16.4215,16.461,16.418,16.4465
2018-05-30 12:30:00,16.463499999999996,16.465000000000003,16.433999999999997,16.458000000000002
2018-05-30 12:45:00,16.4555,16.458499999999997,16.4195,16.424
2018-05-30 13:00:00,16.425,16.438999999999997,16.4135,16.4295
2018-05-30 13:15:00,16.433500000000002,16.459000000000003,16.433500000000002,16.4435
2018-05-30 13:30:00,16.439500000000002,16.4675,16.439500000000002,16.4485
2018-05-30 13:45:00,16.451999999999998,16.483999999999998,16.433,16.439500000000002
2018-05-30 14:00:00,16.4385,16.456,16.4325,16.4505
2018-05-30 14:15:00,16.451,16.467,16.439500000000002,16.443
2018-05-30 14:30:00,16.443,16.4625,16.437,16.456
2018-05-30 14:45:00,16.4555,16.462,16.4415,16.4465
2018-05-30 15:00:00,16.4425,16.4605,16.4425,16.4605
2018-05-30 15:15:00,16.4615,16.4785,16.461000000000002,16.4725
2018-05-30 15:30:00,16.474,16.488500000000002,16.459000000000003,16.477999999999998
2018-05-30 15:45:00,16.481,16.524,16.476499999999998,16.5155
2018-05-30 16:00:00,16.515,16.5595,16.515,16.527
2018-05-30 16:15:00,16.527,16.535,16.5045,16.508
2018-05-30 16:30:00,16.505,16.505,16.4775,16.4875
2018-05-30 16:45:00,16.487000000000002,16.5105,16.4785,16.5105
2018-05-30 17:00:00,16.5095,16.5105,16.4935,16.508
2018-05-30 17:15:00,16.509,16.5335,16.5045,16.526000000000003
2018-05-30 17:30:00,16.5245,16.536499999999997,16.521,16.525000000000002
2018-05-30 17:45:00,16.5275,16.5275,16.494999999999997,16.4975
2018-05-30 18:00:00,16.499,16.5025,16.4935,16.4985
2018-05-30 18:15:00,16.499,16.499,16.491500000000002,16.4935
2018-05-30 18:30:00,16.4925,16.502,16.4875,16.4985
2018-05-30 18:45:00,16.5,16.517500000000002,16.4985,16.5125
2018-05-30 19:00:00,16.512,16.5165,16.5085,16.5095
2018-05-30 19:15:00,16.512,16.514,16.5045,16.5045
2018-05-30 19:30:00,16.5105,16.512,16.5035,16.5115
2018-05-30 19:45:00,16.5085,16.5275,16.505,16.5165
2018-05-30 20:00:00,16.5165,16.521,16.514499999999998,16.520000000000003
2018-05-30 20:15:00,16.5165,16.5165,16.506999999999998,16.515
2018-05-30 20:30:00,16.5135,16.520000000000003,16.5135,16.520000000000003
2018-05-30 20:45:00,16.518,16.520000000000003,16.5095,16.5115
2018-05-30 22:00:00,16.511,16.516000000000002,16.5075,16.5115
2018-05-30 22:15:00,16.5115,16.517,16.5115,16.517
2018-05-30 22:30:00,16.516000000000002,16.523,16.511,16.522
2018-05-30 22:45:00,16.520000000000003,16.5225,16.5075,16.508
2018-05-30 23:00:00,16.5125,16.519000000000002,16.5115,16.5165
2018-05-30 23:15:00,16.5185,16.525000000000002,16.514499999999998,16.515
2018-05-30 23:30:00,16.518,16.523,16.51,16.519499999999997
2018-05-30 23:45:00,16.5235,16.5285,16.514,16.514499999999998
2018-05-31 01:00:00,16.522,16.523500000000002,16.5115,16.5205
2018-05-31 01:15:00,16.522000000000002,16.5235,16.5135,16.522
2018-05-31 01:30:00,16.521,16.5215,16.5015,16.506
2018-05-31 01:45:00,16.505,16.509999999999998,16.493000000000002,16.499
2018-05-31 02:00:00,16.499000000000002,16.5135,16.4965,16.5015
2018-05-31 02:15:00,16.5015,16.512999999999998,16.5015,16.5075
2018-05-31 02:30:00,16.5085,16.5125,16.5035,16.5085
2018-05-31 02:45:00,16.506999999999998,16.509,16.5015,16.5035
2018-05-31 03:00:00,16.506999999999998,16.5155,16.5055,16.512999999999998
2018-05-31 03:15:00,16.5155,16.518,16.5075,16.515
2018-05-31 03:30:00,16.5135,16.514499999999998,16.5075,16.5125
2018-05-31 03:45:00,16.514,16.518,16.5085,16.5085
2018-05-31 04:00:00,16.5085,16.5155,16.5085,16.512999999999998
2018-05-31 04:15:00,16.5095,16.5125,16.5035,16.503999999999998
2018-05-31 04:30:00,16.506999999999998,16.5215,16.506999999999998,16.5215
2018-05-31 04:45:00,16.5205,16.529,16.520000000000003,16.5265
2018-05-31 05:00:00,16.528000000000002,16.5355,16.525000000000002,16.531499999999998
2018-05-31 05:15:00,16.531000000000002,16.5385,16.526,16.534
2018-05-31 05:30:00,16.536499999999997,16.549500000000002,16.533,16.541
2018-05-31 05:45:00,16.5415,16.5415,16.529,16.5325
2018-05-31 06:00:00,16.534,16.5385,16.524,16.5285
2018-05-31 06:15:00,16.53,16.5725,16.53,16.5715
2018-05-31 06:30:00,16.5695,16.573999999999998,16.554,16.5575
2018-05-31 06:45:00,16.5585,16.5775,16.555500000000002,16.561500000000002
2018-05-31 07:00:00,16.5635,16.573999999999998,16.553,16.5535
2018-05-31 07:15:00,16.553,16.5665,16.5505,16.5645
2018-05-31 07:30:00,16.565,16.582,16.560999999999996,16.5765
2018-05-31 07:45:00,16.576,16.598,16.575499999999998,16.575499999999998
2018-05-31 08:00:00,16.5775,16.5885,16.555999999999997,16.587000000000003
2018-05-31 08:15:00,16.5875,16.588,16.573,16.5795
2018-05-31 08:30:00,16.5795,16.5855,16.5685,16.5795
2018-05-31 08:45:00,16.578500000000002,16.5835,16.5715,16.579
2018-05-31 09:00:00,16.579,16.5835,16.557,16.5635
2018-05-31 09:15:00,16.560999999999996,16.572,16.5535,16.558
2018-05-31 09:30:00,16.5535,16.563,16.552500000000002,16.5575
2018-05-31 09:45:00,16.5585,16.5735,16.5585,16.5735
2018-05-31 10:00:00,16.5735,16.5735,16.5485,16.5595
2018-05-31 10:15:00,16.5585,16.5585,16.5335,16.5335
2018-05-31 10:30:00,16.5335,16.5625,16.5325,16.561999999999998
2018-05-31 10:45:00,16.569499999999998,16.5715,16.540499999999998,16.5505
2018-05-31 11:00:00,16.547,16.5645,16.5335,16.5585
2018-05-31 11:15:00,16.558,16.5775,16.5485,16.573
2018-05-31 11:30:00,16.5735,16.5825,16.567500000000003,16.5775
2018-05-31 11:45:00,16.5775,16.5825,16.5725,16.578500000000002
2018-05-31 12:00:00,16.5775,16.5775,16.536499999999997,16.549500000000002
2018-05-31 12:15:00,16.5485,16.5505,16.503,16.533
2018-05-31 12:30:00,16.531000000000002,16.532,16.4255,16.4995
2018-05-31 12:45:00,16.494999999999997,16.5055,16.470499999999998,16.470499999999998
2018-05-31 13:00:00,16.4725,16.502,16.454,16.502
2018-05-31 13:15:00,16.502,16.511,16.486,16.506500000000003
2018-05-31 13:30:00,16.506,16.5505,16.494,16.514
2018-05-31 13:45:00,16.512,16.5415,16.5095,16.53
2018-05-31 14:00:00,16.531000000000002,16.5685,16.526000000000003,16.549999999999997
2018-05-31 14:15:00,16.5485,16.559,16.540499999999998,16.5475
2018-05-31 14:30:00,16.549,16.563499999999998,16.5385,16.542
2018-05-31 14:45:00,16.546,16.564,16.524499999999996,16.537000000000003
2018-05-31 15:00:00,16.538999999999998,16.5435,16.509999999999998,16.513499999999997
2018-05-31 15:15:00,16.512999999999998,16.5165,16.483,16.494999999999997
2018-05-31 15:30:00,16.494,16.511,16.4895,16.509
2018-05-31 15:45:00,16.509999999999998,16.516000000000002,16.494999999999997,16.503
2018-05-31 16:00:00,16.500500000000002,16.511,16.500500000000002,16.503
2018-05-31 16:15:00,16.5025,16.5105,16.500500000000002,16.5035
2018-05-31 16:30:00,16.503,16.521,16.502,16.516000000000002
2018-05-31 16:45:00,16.5185,16.521,16.496,16.5025
2018-05-31 17:00:00,16.497999999999998,16.5115,16.4975,16.5035
2018-05-31 17:15:00,16.497,16.4995,16.435,16.463
2018-05-31 17:30:00,16.464000000000002,16.477999999999998,16.4575,16.4675
2018-05-31 17:45:00,16.4665,16.4695,16.451,16.454
2018-05-31 18:00:00,16.448,16.451,16.438,16.4435
2018-05-31 18:15:00,16.444,16.447499999999998,16.4235,16.433500000000002
2018-05-31 18:30:00,16.433,16.439500000000002,16.4195,16.426000000000002
2018-05-31 18:45:00,16.427,16.4445,16.4195,16.4225
2018-05-31 19:00:00,16.421000000000003,16.431,16.4185,16.424
2018-05-31 19:15:00,16.424500000000002,16.4315,16.416,16.425
2018-05-31 19:30:00,16.422,16.425,16.412499999999998,16.418
2018-05-31 19:45:00,16.416999999999998,16.431,16.4135,16.431
2018-05-31 20:00:00,16.4325,16.4325,16.42,16.4205
2018-05-31 20:15:00,16.418,16.426000000000002,16.4065,16.4235
2018-05-31 20:30:00,16.4225,16.427,16.417,16.424
2018-05-31 20:45:00,16.4235,16.438,16.416,16.438
2018-05-31 22:00:00,16.435,16.435,16.4205,16.435
2018-05-31 22:15:00,16.435,16.441,16.432999999999996,16.439999999999998
2018-05-31 22:30:00,16.438999999999997,16.444,16.434500000000003,16.442
2018-05-31 22:45:00,16.4445,16.447499999999998,16.439999999999998,16.4415
2018-05-31 23:00:00,16.4415,16.445,16.4345,16.4345
2018-05-31 23:15:00,16.442,16.443,16.425,16.431
2018-05-31 23:30:00,16.433999999999997,16.447499999999998,16.43,16.447499999999998
2018-05-31 23:45:00,16.447,16.447,16.432,16.440500000000004
2018-06-01 01:00:00,16.441,16.468,16.440500000000004,16.455000000000002
2018-06-01 01:15:00,16.458000000000002,16.458000000000002,16.436,16.443
2018-06-01 01:30:00,16.449,16.4555,16.445,16.4525
2018-06-01 01:45:00,16.4505,16.4575,16.439999999999998,16.45
2018-06-01 02:00:00,16.4425,16.45,16.439500000000002,16.439500000000002
2018-06-01 02:15:00,16.4405,16.451999999999998,16.436,16.445999999999998
2018-06-01 02:30:00,16.441,16.447,16.4375,16.442
2018-06-01 02:45:00,16.444,16.445999999999998,16.433999999999997,16.433999999999997
2018-06-01 03:00:00,16.4285,16.438999999999997,16.426000000000002,16.4315
2018-06-01 03:15:00,16.432000000000002,16.432000000000002,16.4195,16.4315
2018-06-01 03:30:00,16.43,16.436,16.427500000000002,16.428
2018-06-01 03:45:00,16.4285,16.433500000000002,16.426,16.4285
2018-06-01 04:00:00,16.4315,16.4315,16.4265,16.4315
2018-06-01 04:15:00,16.4295,16.4295,16.423,16.427
2018-06-01 04:30:00,16.428,16.432,16.4225,16.427500000000002
2018-06-01 04:45:00,16.4265,16.435,16.424,16.427500000000002
2018-06-01 05:00:00,16.4265,16.4265,16.409499999999998,16.4165
2018-06-01 05:15:00,16.415499999999998,16.4225,16.413,16.4205
2018-06-01 05:30:00,16.4205,16.4355,16.42,16.4355
2018-06-01 05:45:00,16.4325,16.435,16.4265,16.430500000000002
2018-06-01 06:00:00,16.4315,16.433500000000002,16.4175,16.423
2018-06-01 06:15:00,16.4235,16.433,16.4225,16.433
2018-06-01 06:30:00,16.432,16.436,16.429,16.433500000000002
2018-06-01 06:45:00,16.433,16.447499999999998,16.429,16.447
2018-06-01 07:00:00,16.4485,16.46,16.433500000000002,16.439500000000002
2018-06-01 07:15:00,16.441499999999998,16.452499999999997,16.439500000000002,16.448999999999998
2018-06-01 07:30:00,16.448999999999998,16.4625,16.445999999999998,16.451999999999998
2018-06-01 07:45:00,16.451,16.455000000000002,16.442999999999998,16.4525
2018-06-01 08:00:00,16.451999999999998,16.475,16.4485,16.4655
2018-06-01 08:15:00,16.4625,16.4625,16.455000000000002,16.456
2018-06-01 08:30:00,16.4545,16.4655,16.4495,16.4505
2018-06-01 08:45:00,16.4505,16.4655,16.4505,16.4595
2018-06-01 09:00:00,16.4595,16.4605,16.451,16.4575
2018-06-01 09:15:00,16.458000000000002,16.465000000000003,16.448999999999998,16.461
2018-06-01 09:30:00,16.46,16.4685,16.4585,16.464000000000002
2018-06-01 09:45:00,16.4655,16.467000000000002,16.45,16.457
2018-06-01 10:00:00,16.458000000000002,16.4675,16.455000000000002,16.4605
2018-06-01 10:15:00,16.4585,16.4625,16.4375,16.4375
2018-06-01 10:30:00,16.4375,16.4425,16.4265,16.427500000000002
2018-06-01 10:45:00,16.4265,16.430500000000002,16.399,16.42
2018-06-01 11:00:00,16.417,16.436,16.416,16.429
2018-06-01 11:15:00,16.429,16.433500000000002,16.401500000000002,16.405
2018-06-01 11:30:00,16.402,16.4105,16.3825,16.4
2018-06-01 11:45:00,16.4,16.4075,16.3875,16.3975
2018-06-01 12:00:00,16.398000000000003,16.4115,16.3905,16.395500000000002
2018-06-01 12:15:00,16.394000000000002,16.4045,16.382,16.3965
2018-06-01 12:30:00,16.3915,16.410000000000004,16.341,16.3915
2018-06-01 12:45:00,16.391,16.4075,16.3595,16.363
2018-06-01 13:00:00,16.360500000000002,16.4255,16.36,16.4235
2018-06-01 13:15:00,16.429,16.4635,16.4045,16.419
2018-06-01 13:30:00,16.419,16.435,16.404000000000003,16.434500000000003
2018-06-01 13:45:00,16.439500000000002,16.4745,16.438,16.454
2018-06-01 14:00:00,16.451,16.476000000000003,16.4315,16.436
2018-06-01 14:15:00,16.433,16.451999999999998,16.4195,16.4325
2018-06-01 14:30:00,16.432000000000002,16.438,16.407,16.407
2018-06-01 14:45:00,16.4115,16.464499999999997,16.4115,16.464499999999997
2018-06-01 15:00:00,16.458000000000002,16.506,16.4505,16.4985
2018-06-01 15:15:00,16.502,16.5045,16.467000000000002,16.471
2018-06-01 15:30:00,16.4725,16.4805,16.452499999999997,16.463
2018-06-01 15:45:00,16.4625,16.4825,16.451999999999998,16.46
2018-06-01 16:00:00,16.462,16.4815,16.457,16.4665
2018-06-01 16:15:00,16.4665,16.471999999999998,16.4545,16.471
2018-06-01 16:30:00,16.4725,16.4745,16.4545,16.4545
2018-06-01 16:45:00,16.4505,16.451999999999998,16.4265,16.4365
2018-06-01 17:00:00,16.438,16.4505,16.4235,16.430500000000002
2018-06-01 17:15:00,16.429,16.4445,16.419,16.433999999999997
2018-06-01 17:30:00,16.4345,16.4345,16.4175,16.423
2018-06-01 17:45:00,16.4235,16.4265,16.408499999999997,16.413
2018-06-01 18:00:00,16.416,16.425,16.412499999999998,16.416
2018-06-01 18:15:00,16.415000000000003,16.4215,16.4115,16.421000000000003
2018-06-01 18:30:00,16.421000000000003,16.421000000000003,16.401,16.4065
2018-06-01 18:45:00,16.4075,16.4075,16.3825,16.386
2018-06-01 19:00:00,16.384500000000003,16.394000000000002,16.3755,16.378500000000003
2018-06-01 19:15:00,16.3775,16.3855,16.3675,16.372500000000002
2018-06-01 19:30:00,16.372,16.389,16.3705,16.386499999999998
2018-06-01 19:45:00,16.3875,16.4045,16.3875,16.395500000000002
2018-06-01 20:00:00,16.391,16.418,16.391,16.408
2018-06-01 20:15:00,16.409000000000002,16.414,16.4025,16.414
2018-06-01 20:30:00,16.4085,16.414,16.4075,16.413
2018-06-01 20:45:00,16.410999999999998,16.416,16.399,16.416
2018-06-03 22:00:00,16.4125,16.418,16.405,16.412
2018-06-03 22:15:00,16.4125,16.4125,16.41,16.41
2018-06-03 22:30:00,16.414,16.419,16.404999999999998,16.408499999999997
2018-06-03 22:45:00,16.4135,16.416999999999998,16.409000000000002,16.409499999999998
2018-06-03 23:00:00,16.409499999999998,16.425,16.409000000000002,16.409000000000002
2018-06-03 23:15:00,16.416,16.423,16.404999999999998,16.409000000000002
2018-06-03 23:30:00,16.409499999999998,16.418,16.404000000000003,16.4075
2018-06-03 23:45:00,16.412,16.412,16.399,16.4055
2018-06-04 01:00:00,16.4235,16.436500000000002,16.418,16.418
2018-06-04 01:15:00,16.4195,16.4225,16.415,16.421000000000003
2018-06-04 01:30:00,16.4195,16.4425,16.4195,16.440500000000004
2018-06-04 01:45:00,16.438,16.4425,16.427,16.4295
2018-06-04 02:00:00,16.43,16.433500000000002,16.4195,16.4235
2018-06-04 02:15:00,16.422,16.427500000000002,16.415499999999998,16.421999999999997
2018-06-04 02:30:00,16.418,16.419,16.410999999999998,16.419
2018-06-04 02:45:00,16.418499999999998,16.4195,16.418,16.418499999999998
2018-06-04 03:00:00,16.418499999999998,16.4235,16.415000000000003,16.416999999999998
2018-06-04 03:15:00,16.4165,16.4215,16.4165,16.4215
2018-06-04 03:30:00,16.42,16.426000000000002,16.4135,16.42
2018-06-04 03:45:00,16.4165,16.423,16.414499999999997,16.4205
2018-06-04 04:00:00,16.419,16.4215,16.410999999999998,16.413
2018-06-04 04:15:00,16.4105,16.4235,16.41,16.418499999999998
2018-06-04 04:30:00,16.4195,16.42,16.407500000000002,16.407500000000002
2018-06-04 04:45:00,16.407500000000002,16.408,16.387,16.3985
2018-06-04 05:00:00,16.3965,16.401,16.3875,16.395500000000002
2018-06-04 05:15:00,16.3955,16.3995,16.3885,16.3965
2018-06-04 05:30:00,16.395500000000002,16.3995,16.3845,16.3925
2018-06-04 05:45:00,16.3935,16.399,16.3895,16.3895
2018-06-04 06:00:00,16.3875,16.3935,16.3765,16.3895
2018-06-04 06:15:00,16.3895,16.4025,16.3895,16.394000000000002
2018-06-04 06:30:00,16.393,16.395,16.3745,16.395
2018-06-04 06:45:00,16.3925,16.404,16.390500000000003,16.396
2018-06-04 07:00:00,16.395500000000002,16.4365,16.3795,16.4285
2018-06-04 07:15:00,16.4295,16.445500000000003,16.425,16.433
2018-06-04 07:30:00,16.4325,16.4405,16.423,16.424
2018-06-04 07:45:00,16.4235,16.429,16.414499999999997,16.418499999999998
2018-06-04 08:00:00,16.4175,16.4285,16.414,16.424
2018-06-04 08:15:00,16.4235,16.429,16.414499999999997,16.425
2018-06-04 08:30:00,16.4265,16.441,16.424500000000002,16.435
2018-06-04 08:45:00,16.433999999999997,16.435,16.422,16.433999999999997
2018-06-04 09:00:00,16.436,16.445500000000003,16.436,16.445500000000003
2018-06-04 09:15:00,16.445500000000003,16.456,16.4365,16.455000000000002
2018-06-04 09:30:00,16.455000000000002,16.463,16.4485,16.451
2018-06-04 09:45:00,16.454,16.4545,16.439500000000002,16.444
2018-06-04 10:00:00,16.4445,16.458499999999997,16.438,16.447499999999998
2018-06-04 10:15:00,16.447,16.447,16.433,16.4415
2018-06-04 10:30:00,16.4465,16.457,16.442999999999998,16.4535
2018-06-04 10:45:00,16.4515,16.457,16.4465,16.451999999999998
2018-06-04 11:00:00,16.451999999999998,16.458499999999997,16.4465,16.456
2018-06-04 11:15:00,16.455000000000002,16.4575,16.448999999999998,16.4545
2018-06-04 11:30:00,16.4555,16.461000000000002,16.445,16.4605
2018-06-04 11:45:00,16.4605,16.4815,16.445500000000003,16.4815
2018-06-04 12:00:00,16.4835,16.506500000000003,16.471999999999998,16.504
2018-06-04 12:15:00,16.5045,16.527,16.49,16.518
2018-06-04 12:30:00,16.518,16.547,16.513499999999997,16.538999999999998
2018-06-04 12:45:00,16.540499999999998,16.546,16.523,16.524
2018-06-04 13:00:00,16.523,16.535,16.496499999999997,16.527
2018-06-04 13:15:00,16.525499999999997,16.533,16.5035,16.505
2018-06-04 13:30:00,16.5045,16.529,16.494500000000002,16.494500000000002
2018-06-04 13:45:00,16.494500000000002,16.502,16.471,16.491
2018-06-04 14:00:00,16.491500000000002,16.5015,16.462,16.4655
2018-06-04 14:15:00,16.463499999999996,16.491500000000002,16.4625,16.476000000000003
2018-06-04 14:30:00,16.476499999999998,16.491,16.471,16.4805
2018-06-04 14:45:00,16.482000000000003,16.4905,16.455000000000002,16.4615
2018-06-04 15:00:00,16.462,16.4665,16.430500000000002,16.4375
2018-06-04 15:15:00,16.4365,16.447,16.433500000000002,16.441499999999998
2018-06-04 15:30:00,16.4405,16.448,16.427500000000002,16.439999999999998
2018-06-04 15:45:00,16.443,16.4495,16.4355,16.4495
2018-06-04 16:00:00,16.4495,16.4495,16.4345,16.4385
2018-06-04 16:15:00,16.4385,16.448,16.433500000000002,16.4425
2018-06-04 16:30:00,16.4415,16.4485,16.433500000000002,16.444
2018-06-04 16:45:00,16.445,16.4485,16.421000000000003,16.427500000000002
2018-06-04 17:00:00,16.4255,16.433500000000002,16.418499999999998,16.4255
2018-06-04 17:15:00,16.427500000000002,16.4365,16.4115,16.4235
2018-06-04 17:30:00,16.4235,16.424,16.418,16.4235
2018-06-04 17:45:00,16.4235,16.424500000000002,16.418499999999998,16.418499999999998
2018-06-04 18:00:00,16.418499999999998,16.42,16.417,16.419
2018-06-04 18:15:00,16.419,16.428,16.418499999999998,16.424500000000002
2018-06-04 18:30:00,16.4235,16.426000000000002,16.409000000000002,16.418
2018-06-04 18:45:00,16.4175,16.4215,16.4105,16.4135
2018-06-04 19:00:00,16.4105,16.419,16.409000000000002,16.415499999999998
2018-06-04 19:15:00,16.414499999999997,16.416,16.4105,16.4115
2018-06-04 19:30:00,16.4105,16.4215,16.4105,16.4105
2018-06-04 19:45:00,16.4105,16.415499999999998,16.406,16.409499999999998
2018-06-04 20:00:00,16.409499999999998,16.418499999999998,16.409000000000002,16.416999999999998
2018-06-04 20:15:00,16.414499999999997,16.418,16.409499999999998,16.418
2018-06-04 20:30:00,16.418,16.419,16.418,16.419
2018-06-04 20:45:00,16.418,16.42,16.414499999999997,16.419
2018-06-04 22:00:00,16.429,16.429,16.4195,16.4235
2018-06-04 22:15:00,16.424500000000002,16.424500000000002,16.4205,16.4205
2018-06-04 22:30:00,16.421999999999997,16.427,16.415499999999998,16.426000000000002
2018-06-04 22:45:00,16.427999999999997,16.427999999999997,16.4205,16.4205
2018-06-04 23:00:00,16.421,16.421000000000003,16.4165,16.42
2018-06-04 23:15:00,16.416999999999998,16.425,16.4165,16.42
2018-06-04 23:30:00,16.421000000000003,16.421000000000003,16.413,16.416
2018-06-04 23:45:00,16.418,16.418,16.409499999999998,16.414
2018-06-05 01:00:00,16.4075,16.414499999999997,16.401,16.409499999999998
2018-06-05 01:15:00,16.409000000000002,16.4115,16.4025,16.4105
2018-06-05 01:30:00,16.409499999999998,16.431,16.409000000000002,16.430500000000002
2018-06-05 01:45:00,16.433,16.4345,16.4295,16.4325
2018-06-05 02:00:00,16.435,16.435,16.422,16.4265
2018-06-05 02:15:00,16.424500000000002,16.4295,16.4195,16.4215
2018-06-05 02:30:00,16.4195,16.421000000000003,16.407,16.407
2018-06-05 02:45:00,16.4055,16.414499999999997,16.4045,16.4105
2018-06-05 03:00:00,16.4105,16.4215,16.4105,16.4175
2018-06-05 03:15:00,16.4165,16.422,16.4115,16.4215
2018-06-05 03:30:00,16.4215,16.4225,16.4195,16.4215
2018-06-05 03:45:00,16.4195,16.423,16.4195,16.423
2018-06-05 04:00:00,16.4215,16.428,16.4215,16.4225
2018-06-05 04:15:00,16.4225,16.4235,16.411,16.4115
2018-06-05 04:30:00,16.4135,16.4135,16.4105,16.4115
2018-06-05 04:45:00,16.413,16.415499999999998,16.4075,16.410999999999998
2018-06-05 05:00:00,16.412,16.412499999999998,16.382,16.386499999999998
2018-06-05 05:15:00,16.386,16.3965,16.384999999999998,16.386499999999998
2018-06-05 05:30:00,16.386499999999998,16.3965,16.3855,16.391499999999997
2018-06-05 05:45:00,16.39,16.4065,16.39,16.4065
2018-06-05 06:00:00,16.4055,16.4075,16.393,16.406000000000002
2018-06-05 06:15:00,16.407,16.4115,16.3965,16.3965
2018-06-05 06:30:00,16.396,16.404,16.3915,16.4025
2018-06-05 06:45:00,16.4005,16.435,16.4005,16.43
2018-06-05 07:00:00,16.4325,16.445999999999998,16.413,16.418499999999998
2018-06-05 07:15:00,16.418499999999998,16.418499999999998,16.407,16.4075
2018-06-05 07:30:00,16.4075,16.4075,16.3915,16.3985
2018-06-05 07:45:00,16.3985,16.409000000000002,16.3935,16.4055
2018-06-05 08:00:00,16.4055,16.424500000000002,16.3995,16.4195
2018-06-05 08:15:00,16.4195,16.425,16.412499999999998,16.418499999999998
2018-06-05 08:30:00,16.418499999999998,16.439999999999998,16.418499999999998,16.439500000000002
2018-06-05 08:45:00,16.4385,16.439500000000002,16.433500000000002,16.433999999999997
2018-06-05 09:00:00,16.4325,16.4365,16.4235,16.4235
2018-06-05 09:15:00,16.4235,16.4385,16.4235,16.4345
2018-06-05 09:30:00,16.429,16.4295,16.418499999999998,16.4195
2018-06-05 09:45:00,16.4195,16.4235,16.418,16.422
2018-06-05 10:00:00,16.418499999999998,16.4225,16.4085,16.412
2018-06-05 10:15:00,16.4115,16.412499999999998,16.3935,16.3965
2018-06-05 10:30:00,16.3965,16.400000000000002,16.3895,16.3975
2018-06-05 10:45:00,16.3975,16.3975,16.384500000000003,16.386
2018-06-05 11:00:00,16.386,16.4015,16.384500000000003,16.3895
2018-06-05 11:15:00,16.3895,16.39,16.3775,16.3795
2018-06-05 11:30:00,16.3765,16.404000000000003,16.366500000000002,16.399
2018-06-05 11:45:00,16.3985,16.404000000000003,16.384,16.4005
2018-06-05 12:00:00,16.403499999999998,16.435,16.394000000000002,16.42
2018-06-05 12:15:00,16.42,16.433,16.405,16.427999999999997
2018-06-05 12:30:00,16.432,16.433500000000002,16.403000000000002,16.414
2018-06-05 12:45:00,16.412,16.4235,16.408,16.4115
2018-06-05 13:00:00,16.412499999999998,16.4635,16.412499999999998,16.4595
2018-06-05 13:15:00,16.4535,16.456500000000002,16.436,16.445500000000003
2018-06-05 13:30:00,16.447,16.4615,16.430500000000002,16.445
2018-06-05 13:45:00,16.4425,16.4425,16.4055,16.4235
2018-06-05 14:00:00,16.4205,16.422,16.3965,16.413
2018-06-05 14:15:00,16.414,16.4425,16.409000000000002,16.433
2018-06-05 14:30:00,16.433999999999997,16.4535,16.4295,16.4505
2018-06-05 14:45:00,16.4505,16.473,16.444,16.473
2018-06-05 15:00:00,16.473499999999998,16.5035,16.467,16.4925
2018-06-05 15:15:00,16.493000000000002,16.514499999999998,16.475,16.4985
2018-06-05 15:30:00,16.4985,16.5115,16.4905,16.504
2018-06-05 15:45:00,16.505,16.5055,16.4745,16.488999999999997
2018-06-05 16:00:00,16.4905,16.4955,16.475,16.4955
2018-06-05 16:15:00,16.496,16.527,16.4895,16.523500000000002
2018-06-05 16:30:00,16.523500000000002,16.537000000000003,16.5035,16.5115
2018-06-05 16:45:00,16.5115,16.512999999999998,16.503,16.507500000000004
2018-06-05 17:00:00,16.509999999999998,16.531499999999998,16.509,16.531000000000002
2018-06-05 17:15:00,16.5295,16.533,16.5105,16.5125
2018-06-05 17:30:00,16.512999999999998,16.527,16.5125,16.5205
2018-06-05 17:45:00,16.520000000000003,16.526000000000003,16.5055,16.521
2018-06-05 18:00:00,16.517,16.524,16.511,16.511
2018-06-05 18:15:00,16.5125,16.517500000000002,16.504,16.504
2018-06-05 18:30:00,16.504,16.512,16.500500000000002,16.5095
2018-06-05 18:45:00,16.5075,16.509,16.493000000000002,16.4985
2018-06-05 19:00:00,16.5,16.506,16.498,16.506
2018-06-05 19:15:00,16.500999999999998,16.5025,16.496,16.4975
2018-06-05 19:30:00,16.500999999999998,16.5195,16.4965,16.5035
2018-06-05 19:45:00,16.503999999999998,16.506,16.488500000000002,16.4925
2018-06-05 20:00:00,16.493999999999996,16.496,16.488,16.494999999999997
2018-06-05 20:15:00,16.493000000000002,16.496,16.491,16.491
2018-06-05 20:30:00,16.495500000000003,16.496,16.491,16.494999999999997
2018-06-05 20:45:00,16.493999999999996,16.4965,16.4865,16.488999999999997
2018-06-05 22:00:00,16.492,16.504,16.491500000000002,16.4965
2018-06-05 22:15:00,16.4975,16.500500000000002,16.492,16.498
2018-06-05 22:30:00,16.499,16.499999999999996,16.496,16.499999999999996
2018-06-05 22:45:00,16.503,16.503,16.4955,16.5
2018-06-05 23:00:00,16.4995,16.509,16.4995,16.5035
2018-06-05 23:15:00,16.506,16.5115,16.5015,16.505
2018-06-05 23:30:00,16.502,16.51,16.500500000000002,16.502
2018-06-05 23:45:00,16.506,16.51,16.4995,16.5015
2018-06-06 01:00:00,16.514,16.5165,16.5075,16.5115
2018-06-06 01:15:00,16.5125,16.5155,16.5095,16.514
2018-06-06 01:30:00,16.512999999999998,16.528000000000002,16.512999999999998,16.5165
2018-06-06 01:45:00,16.516000000000002,16.5265,16.5135,16.516000000000002
2018-06-06 02:00:00,16.518,16.519000000000002,16.509999999999998,16.515
2018-06-06 02:15:00,16.512999999999998,16.517,16.5095,16.512
2018-06-06 02:30:00,16.515,16.516000000000002,16.5095,16.514
2018-06-06 02:45:00,16.5125,16.517,16.511,16.512999999999998
2018-06-06 03:00:00,16.514,16.516000000000002,16.5045,16.5115
2018-06-06 03:15:00,16.5115,16.5215,16.5095,16.519000000000002
2018-06-06 03:30:00,16.517500000000002,16.5225,16.517500000000002,16.520000000000003
2018-06-06 03:45:00,16.5245,16.529,16.522000000000002,16.528000000000002
2018-06-06 04:00:00,16.5275,16.5295,16.5225,16.5235
2018-06-06 04:15:00,16.525499999999997,16.525499999999997,16.516000000000002,16.517500000000002
2018-06-06 04:30:00,16.520000000000003,16.520000000000003,16.515,16.5185
2018-06-06 04:45:00,16.5165,16.520000000000003,16.5165,16.5185
2018-06-06 05:00:00,16.5185,16.525499999999997,16.518,16.5195
2018-06-06 05:15:00,16.5205,16.5335,16.5205,16.532000000000004
2018-06-06 05:30:00,16.536,16.5395,16.5295,16.536
2018-06-06 05:45:00,16.537499999999998,16.549500000000002,16.535,16.546499999999998
2018-06-06 06:00:00,16.548000000000002,16.560999999999996,16.546,16.549500000000002
2018-06-06 06:15:00,16.546,16.5665,16.544999999999998,16.5575
2018-06-06 06:30:00,16.555500000000002,16.569,16.552500000000002,16.555999999999997
2018-06-06 06:45:00,16.5585,16.569,16.5435,16.553
2018-06-06 07:00:00,16.555,16.5765,16.541,16.576
2018-06-06 07:15:00,16.573999999999998,16.579,16.567500000000003,16.57
2018-06-06 07:30:00,16.575,16.582,16.567500000000003,16.573999999999998
2018-06-06 07:45:00,16.5735,16.5775,16.5645,16.57
2018-06-06 08:00:00,16.5725,16.589000000000002,16.566,16.581000000000003
2018-06-06 08:15:00,16.580000000000002,16.588,16.5635,16.564
2018-06-06 08:30:00,16.5645,16.567500000000003,16.5505,16.552500000000002
2018-06-06 08:45:00,16.554000000000002,16.561500000000002,16.551,16.5545
2018-06-06 09:00:00,16.555,16.558,16.522,16.5275
2018-06-06 09:15:00,16.525499999999997,16.5325,16.5205,16.5285
2018-06-06 09:30:00,16.5275,16.5325,16.5235,16.531000000000002
2018-06-06 09:45:00,16.531000000000002,16.539,16.5235,16.5385
2018-06-06 10:00:00,16.537499999999998,16.556500000000003,16.531499999999998,16.556500000000003
2018-06-06 10:15:00,16.5575,16.558500000000002,16.5465,16.5535
2018-06-06 10:30:00,16.556,16.557,16.552500000000002,16.5535
2018-06-06 10:45:00,16.552500000000002,16.552500000000002,16.5395,16.546
2018-06-06 11:00:00,16.5465,16.557,16.528,16.555999999999997
2018-06-06 11:15:00,16.555500000000002,16.570999999999998,16.555500000000002,16.5665
2018-06-06 11:30:00,16.5685,16.5835,16.566,16.5795
2018-06-06 11:45:00,16.5765,16.591499999999996,16.5725,16.576
2018-06-06 12:00:00,16.576,16.580499999999997,16.561999999999998,16.561999999999998
2018-06-06 12:15:00,16.557,16.62,16.557,16.62
2018-06-06 12:30:00,16.6195,16.656,16.6135,16.656
2018-06-06 12:45:00,16.655,16.67,16.643,16.662
2018-06-06 13:00:00,16.662,16.68,16.656,16.6665
2018-06-06 13:15:00,16.6665,16.691,16.6515,16.681
2018-06-06 13:30:00,16.68,16.7255,16.68,16.6905
2018-06-06 13:45:00,16.686,16.736,16.686,16.715000000000003
2018-06-06 14:00:00,16.718,16.73,16.698,16.705000000000002
2018-06-06 14:15:00,16.7045,16.722,16.68,16.685
2018-06-06 14:30:00,16.685,16.687,16.656,16.6865
2018-06-06 14:45:00,16.6875,16.7005,16.6735,16.692
2018-06-06 15:00:00,16.689999999999998,16.705,16.688,16.688
2018-06-06 15:15:00,16.6875,16.694,16.672,16.6905
2018-06-06 15:30:00,16.6885,16.71,16.688,16.71
2018-06-06 15:45:00,16.7095,16.733999999999998,16.7095,16.7335
2018-06-06 16:00:00,16.7345,16.735500000000002,16.711,16.719499999999996
2018-06-06 16:15:00,16.719,16.726,16.706,16.713
2018-06-06 16:30:00,16.7125,16.7255,16.7005,16.719499999999996
2018-06-06 16:45:00,16.720499999999998,16.723499999999998,16.682,16.688
2018-06-06 17:00:00,16.687,16.698,16.6755,16.682
2018-06-06 17:15:00,16.680500000000002,16.685,16.651500000000002,16.664
2018-06-06 17:30:00,16.6615,16.6655,16.637,16.641000000000002
2018-06-06 17:45:00,16.640500000000003,16.646,16.626,16.636
2018-06-06 18:00:00,16.637,16.651,16.628999999999998,16.644000000000002
2018-06-06 18:15:00,16.6425,16.655,16.636499999999998,16.6545
2018-06-06 18:30:00,16.653499999999998,16.6695,16.652,16.665000000000003
2018-06-06 18:45:00,16.6665,16.680500000000002,16.6665,16.675
2018-06-06 19:00:00,16.673,16.674,16.66,16.6675
2018-06-06 19:15:00,16.6685,16.689999999999998,16.664,16.689999999999998
2018-06-06 19:30:00,16.689,16.697,16.6885,16.6945
2018-06-06 19:45:00,16.6955,16.6955,16.682999999999996,16.683500000000002
2018-06-06 20:00:00,16.683999999999997,16.683999999999997,16.677500000000002,16.679500000000004
2018-06-06 20:15:00,16.683,16.683,16.6765,16.681
2018-06-06 20:30:00,16.677999999999997,16.681,16.6715,16.6755
2018-06-06 20:45:00,16.673,16.6795,16.659499999999998,16.67
2018-06-06 22:00:00,16.679,16.6885,16.6735,16.6805
2018-06-06 22:15:00,16.6845,16.692,16.683999999999997,16.6885
2018-06-06 22:30:00,16.689,16.6925,16.6805,16.6845
2018-06-06 22:45:00,16.685,16.6935,16.6845,16.6885
2018-06-06 23:00:00,16.689500000000002,16.695,16.6885,16.691
2018-06-06 23:15:00,16.689999999999998,16.695999999999998,16.686,16.6935
2018-06-06 23:30:00,16.692,16.698,16.683999999999997,16.692
2018-06-06 23:45:00,16.695,16.695500000000003,16.6805,16.683999999999997
2018-06-07 01:00:00,16.674500000000002,16.68,16.66,16.676000000000002
2018-06-07 01:15:00,16.676000000000002,16.688,16.6715,16.6875
2018-06-07 01:30:00,16.6885,16.6885,16.6725,16.685
2018-06-07 01:45:00,16.683500000000002,16.683500000000002,16.672,16.677
2018-06-07 02:00:00,16.677,16.6825,16.662,16.662
2018-06-07 02:15:00,16.662,16.667,16.657,16.6655
2018-06-07 02:30:00,16.6655,16.669,16.653000000000002,16.6545
2018-06-07 02:45:00,16.654000000000003,16.6615,16.649,16.6515
2018-06-07 03:00:00,16.6515,16.664,16.6515,16.6545
2018-06-07 03:15:00,16.651,16.6575,16.6465,16.6525
2018-06-07 03:30:00,16.656,16.661,16.6525,16.66
2018-06-07 03:45:00,16.658,16.662499999999998,16.656499999999998,16.658499999999997
2018-06-07 04:00:00,16.658499999999997,16.6645,16.653000000000002,16.663
2018-06-07 04:15:00,16.6655,16.6705,16.662499999999998,16.6655
2018-06-07 04:30:00,16.664,16.6675,16.66,16.6605
2018-06-07 04:45:00,16.6605,16.6755,16.6545,16.671999999999997
2018-06-07 05:00:00,16.6705,16.6795,16.6675,16.6795
2018-06-07 05:15:00,16.678500000000003,16.686,16.676,16.678500000000003
2018-06-07 05:30:00,16.678,16.683999999999997,16.6735,16.683999999999997
2018-06-07 05:45:00,16.6845,16.686999999999998,16.6685,16.6695
2018-06-07 06:00:00,16.6695,16.675,16.6575,16.6735
2018-06-07 06:15:00,16.674500000000002,16.6855,16.674500000000002,16.685
2018-06-07 06:30:00,16.683500000000002,16.7,16.683500000000002,16.689500000000002
2018-06-07 06:45:00,16.6905,16.698,16.6815,16.695
2018-06-07 07:00:00,16.695,16.7185,16.6845,16.715000000000003
2018-06-07 07:15:00,16.714000000000002,16.724,16.7125,16.7155
2018-06-07 07:30:00,16.714499999999997,16.7265,16.7135,16.723499999999998
2018-06-07 07:45:00,16.7255,16.7315,16.7185,16.7185
2018-06-07 08:00:00,16.7185,16.7215,16.709000000000003,16.709000000000003
2018-06-07 08:15:00,16.7075,16.720499999999998,16.7,16.720499999999998
2018-06-07 08:30:00,16.720499999999998,16.721,16.706,16.7165
2018-06-07 08:45:00,16.7165,16.721,16.7095,16.720499999999998
2018-06-07 09:00:00,16.719499999999996,16.738,16.719499999999996,16.7345
2018-06-07 09:15:00,16.7365,16.743000000000002,16.733,16.741500000000002
2018-06-07 09:30:00,16.742,16.7465,16.731,16.732999999999997
2018-06-07 09:45:00,16.732999999999997,16.742,16.719,16.74
2018-06-07 10:00:00,16.74,16.759,16.736,16.741500000000002
2018-06-07 10:15:00,16.743000000000002,16.7585,16.739500000000003,16.7465
2018-06-07 10:30:00,16.747,16.7475,16.743000000000002,16.744500000000002
2018-06-07 10:45:00,16.7465,16.748,16.727,16.7335
2018-06-07 11:00:00,16.7365,16.765,16.7305,16.759
2018-06-07 11:15:00,16.758,16.758,16.736,16.7455
2018-06-07 11:30:00,16.744999999999997,16.747,16.7315,16.732
2018-06-07 11:45:00,16.735500000000002,16.7825,16.7325,16.781000000000002
2018-06-07 12:00:00,16.7805,16.797,16.776000000000003,16.794999999999998
2018-06-07 12:15:00,16.799,16.862500000000004,16.7865,16.855999999999998
2018-06-07 12:30:00,16.857,16.8885,16.8385,16.8825
2018-06-07 12:45:00,16.882,16.887,16.848000000000003,16.8705
2018-06-07 13:00:00,16.8715,16.901,16.858,16.879499999999997
2018-06-07 13:15:00,16.8795,16.890500000000003,16.7865,16.8175
2018-06-07 13:30:00,16.813,16.860999999999997,16.81,16.8335
2018-06-07 13:45:00,16.8315,16.8315,16.762,16.799
2018-06-07 14:00:00,16.798000000000002,16.834,16.797,16.819
2018-06-07 14:15:00,16.82,16.8515,16.8175,16.848000000000003
2018-06-07 14:30:00,16.849999999999998,16.859,16.8315,16.836000000000002
2018-06-07 14:45:00,16.835,16.849,16.825499999999998,16.8485
2018-06-07 15:00:00,16.848000000000003,16.8775,16.847,16.872
2018-06-07 15:15:00,16.872,16.8835,16.864,16.8765
2018-06-07 15:30:00,16.8765,16.897499999999997,16.872999999999998,16.8795
2018-06-07 15:45:00,16.8785,16.8785,16.8505,16.8595
2018-06-07 16:00:00,16.857,16.86,16.811999999999998,16.833
2018-06-07 16:15:00,16.833000000000002,16.836000000000002,16.8215,16.8335
2018-06-07 16:30:00,16.832,16.8335,16.79,16.799999999999997
2018-06-07 16:45:00,16.799999999999997,16.812500000000004,16.7975,16.802500000000002
2018-06-07 17:00:00,16.8015,16.8085,16.7885,16.807
2018-06-07 17:15:00,16.805999999999997,16.819499999999998,16.774,16.7865
2018-06-07 17:30:00,16.782999999999998,16.7885,16.692,16.692
2018-06-07 17:45:00,16.697,16.736,16.688,16.702
2018-06-07 18:00:00,16.7005,16.702,16.6655,16.682
2018-06-07 18:15:00,16.682,16.7185,16.674,16.715
2018-06-07 18:30:00,16.717,16.735500000000002,16.714000000000002,16.7285
2018-06-07 18:45:00,16.728,16.728,16.714000000000002,16.720000000000002
2018-06-07 19:00:00,16.7165,16.721,16.703000000000003,16.703000000000003
2018-06-07 19:15:00,16.7035,16.721,16.7015,16.719499999999996
2018-06-07 19:30:00,16.7185,16.7215,16.712,16.719499999999996
2018-06-07 19:45:00,16.720499999999998,16.726999999999997,16.697499999999998,16.699
2018-06-07 20:00:00,16.7,16.719,16.7,16.711
2018-06-07 20:15:00,16.712,16.719,16.7105,16.715999999999998
2018-06-07 20:30:00,16.712,16.719,16.7075,16.718
2018-06-07 20:45:00,16.714499999999997,16.717,16.699,16.7025
2018-06-07 22:00:00,16.718,16.735500000000002,16.71,16.729
2018-06-07 22:15:00,16.7275,16.731,16.724,16.73
2018-06-07 22:30:00,16.73,16.732999999999997,16.724,16.727999999999998
2018-06-07 22:45:00,16.731,16.7345,16.7255,16.7255
2018-06-07 23:00:00,16.7255,16.743000000000002,16.714499999999997,16.7355
2018-06-07 23:15:00,16.7345,16.743000000000002,16.732,16.743000000000002
2018-06-07 23:30:00,16.741,16.744999999999997,16.735,16.735
2018-06-07 23:45:00,16.735,16.738500000000002,16.726,16.7325
2018-06-08 01:00:00,16.732999999999997,16.735500000000002,16.7005,16.702
2018-06-08 01:15:00,16.6995,16.71,16.696499999999997,16.7025
2018-06-08 01:30:00,16.704,16.705000000000002,16.6995,16.7015
2018-06-08 01:45:00,16.7005,16.7015,16.677,16.677999999999997
2018-06-08 02:00:00,16.678500000000003,16.6845,16.6745,16.683
2018-06-08 02:15:00,16.685,16.692,16.682,16.6865
2018-06-08 02:30:00,16.6865,16.6915,16.6845,16.6885
2018-06-08 02:45:00,16.6885,16.6925,16.6865,16.692
2018-06-08 03:00:00,16.691,16.6935,16.6855,16.6855
2018-06-08 03:15:00,16.6855,16.686999999999998,16.679,16.6825
2018-06-08 03:30:00,16.681,16.6885,16.68,16.685
2018-06-08 03:45:00,16.6885,16.691,16.682000000000002,16.6885
2018-06-08 04:00:00,16.688,16.6905,16.683500000000002,16.683999999999997
2018-06-08 04:15:00,16.683500000000002,16.693,16.681,16.691
2018-06-08 04:30:00,16.6905,16.7035,16.689,16.7015
2018-06-08 04:45:00,16.7025,16.7125,16.702,16.707
2018-06-08 05:00:00,16.706500000000002,16.7075,16.6935,16.697499999999998
2018-06-08 05:15:00,16.697,16.697499999999998,16.663,16.6765
2018-06-08 05:30:00,16.675,16.6795,16.663,16.6675
2018-06-08 05:45:00,16.666,16.686,16.6645,16.678500000000003
2018-06-08 06:00:00,16.678500000000003,16.68,16.6605,16.669
2018-06-08 06:15:00,16.666,16.6705,16.631,16.6415
2018-06-08 06:30:00,16.6425,16.65,16.627,16.643
2018-06-08 06:45:00,16.6435,16.650000000000002,16.6265,16.6445
2018-06-08 07:00:00,16.644000000000002,16.6615,16.636,16.653499999999998
2018-06-08 07:15:00,16.653499999999998,16.669,16.647499999999997,16.6675
2018-06-08 07:30:00,16.666999999999998,16.682999999999996,16.662,16.6735
2018-06-08 07:45:00,16.6765,16.718,16.675,16.706
2018-06-08 08:00:00,16.712,16.7155,16.697499999999998,16.697499999999998
2018-06-08 08:15:00,16.6965,16.71,16.681,16.6865
2018-06-08 08:30:00,16.6855,16.6955,16.6815,16.6915
2018-06-08 08:45:00,16.6925,16.698,16.6865,16.692
2018-06-08 09:00:00,16.6925,16.707,16.6865,16.7025
2018-06-08 09:15:00,16.7025,16.7125,16.695999999999998,16.7115
2018-06-08 09:30:00,16.7095,16.73,16.702,16.7135
2018-06-08 09:45:00,16.7155,16.723499999999998,16.706,16.709
2018-06-08 10:00:00,16.7095,16.7155,16.6945,16.7155
2018-06-08 10:15:00,16.713499999999996,16.747999999999998,16.7095,16.747999999999998
2018-06-08 10:30:00,16.746,16.7595,16.7335,16.737
2018-06-08 10:45:00,16.739500000000003,16.741500000000002,16.714000000000002,16.723
2018-06-08 11:00:00,16.722,16.749,16.708499999999997,16.7225
2018-06-08 11:15:00,16.7175,16.7405,16.717,16.733
2018-06-08 11:30:00,16.7285,16.7425,16.717,16.7425
2018-06-08 11:45:00,16.7425,16.7425,16.723499999999998,16.733
2018-06-08 12:00:00,16.732,16.770000000000003,16.726000000000003,16.7555
2018-06-08 12:15:00,16.7555,16.819,16.735,16.8035
2018-06-08 12:30:00,16.8035,16.832,16.7765,16.793
2018-06-08 12:45:00,16.7885,16.792,16.762500000000003,16.770000000000003
2018-06-08 13:00:00,16.772,16.7825,16.747,16.779
2018-06-08 13:15:00,16.7795,16.811,16.7775,16.807499999999997
2018-06-08 13:30:00,16.805999999999997,16.811500000000002,16.768,16.773
2018-06-08 13:45:00,16.7725,16.782999999999998,16.756999999999998,16.7675
2018-06-08 14:00:00,16.772,16.788,16.7525,16.7615
2018-06-08 14:15:00,16.766000000000002,16.772,16.753,16.768
2018-06-08 14:30:00,16.769499999999997,16.7775,16.708000000000002,16.723499999999998
2018-06-08 14:45:00,16.719,16.743999999999996,16.7185,16.7425
2018-06-08 15:00:00,16.748,16.748,16.7225,16.727999999999998
2018-06-08 15:15:00,16.728,16.7335,16.713,16.7335
2018-06-08 15:30:00,16.729,16.757499999999997,16.729,16.757499999999997
2018-06-08 15:45:00,16.7575,16.7635,16.743,16.7635
2018-06-08 16:00:00,16.763,16.773,16.759,16.7625
2018-06-08 16:15:00,16.7615,16.78,16.7475,16.748
2018-06-08 16:30:00,16.752499999999998,16.756999999999998,16.7375,16.7435
2018-06-08 16:45:00,16.744500000000002,16.749,16.736,16.7405
2018-06-08 17:00:00,16.743,16.7475,16.732,16.739500000000003
2018-06-08 17:15:00,16.739500000000003,16.744500000000002,16.715,16.7305
2018-06-08 17:30:00,16.7325,16.7435,16.721,16.73
2018-06-08 17:45:00,16.732,16.742,16.725,16.7335
2018-06-08 18:00:00,16.732999999999997,16.7535,16.7325,16.7495
2018-06-08 18:15:00,16.7525,16.7525,16.738,16.744500000000002
2018-06-08 18:30:00,16.7465,16.754,16.7425,16.750500000000002
2018-06-08 18:45:00,16.7525,16.761,16.7485,16.757499999999997
2018-06-08 19:00:00,16.76,16.7665,16.7515,16.7595
2018-06-08 19:15:00,16.758499999999998,16.776,16.758,16.7735
2018-06-08 19:30:00,16.773,16.7795,16.768,16.779
2018-06-08 19:45:00,16.78,16.781000000000002,16.7685,16.7705
2018-06-08 20:00:00,16.7705,16.781000000000002,16.764499999999998,16.775499999999997
2018-06-08 20:15:00,16.7775,16.779,16.767,16.7735
2018-06-08 20:30:00,16.777,16.785,16.773,16.78
2018-06-08 20:45:00,16.781499999999998,16.7865,16.7765,16.7825
2018-06-10 22:00:00,16.7905,16.793,16.756,16.7575
2018-06-10 22:15:00,16.759,16.7635,16.7535,16.7575
2018-06-10 22:30:00,16.76,16.761,16.7465,16.7495
2018-06-10 22:45:00,16.75,16.7555,16.749,16.7545
2018-06-10 23:00:00,16.7545,16.764000000000003,16.7545,16.764000000000003
2018-06-10 23:15:00,16.7615,16.774,16.756,16.7565
2018-06-10 23:30:00,16.756999999999998,16.773,16.756999999999998,16.769000000000002
2018-06-10 23:45:00,16.7665,16.774,16.7605,16.764499999999998
2018-06-11 01:00:00,16.7765,16.7855,16.7665,16.7665
2018-06-11 01:15:00,16.767,16.807,16.7665,16.799999999999997
2018-06-11 01:30:00,16.8045,16.918,16.8045,16.9045
2018-06-11 01:45:00,16.901,16.9195,16.890500000000003,16.910999999999998
2018-06-11 02:00:00,16.9125,16.928500000000003,16.904999999999998,16.9155
2018-06-11 02:15:00,16.9155,16.922,16.91,16.91
2018-06-11 02:30:00,16.9105,16.9105,16.892000000000003,16.899
2018-06-11 02:45:00,16.901,16.902499999999996,16.886499999999998,16.901
2018-06-11 03:00:00,16.896,16.903000000000002,16.892000000000003,16.901
2018-06-11 03:15:00,16.901,16.903499999999998,16.8955,16.897000000000002
2018-06-11 03:30:00,16.8955,16.902,16.89,16.901
2018-06-11 03:45:00,16.901,16.901,16.894000000000002,16.896
2018-06-11 04:00:00,16.897499999999997,16.8985,16.886499999999998,16.8955
2018-06-11 04:15:00,16.897499999999997,16.9005,16.891000000000002,16.894
2018-06-11 04:30:00,16.8955,16.8955,16.8905,16.8955
2018-06-11 04:45:00,16.8955,16.8995,16.8905,16.8905
2018-06-11 05:00:00,16.89,16.89,16.865999999999996,16.883
2018-06-11 05:15:00,16.884,16.8875,16.872999999999998,16.8875
2018-06-11 05:30:00,16.8885,16.896499999999996,16.8875,16.8895
2018-06-11 05:45:00,16.8915,16.893,16.886499999999998,16.8875
2018-06-11 06:00:00,16.889000000000003,16.906,16.872,16.901
2018-06-11 06:15:00,16.897000000000002,16.9065,16.8765,16.8925
2018-06-11 06:30:00,16.892000000000003,16.8925,16.8765,16.878
2018-06-11 06:45:00,16.875,16.875,16.831000000000003,16.839000000000002
2018-06-11 07:00:00,16.8355,16.852,16.833,16.847
2018-06-11 07:15:00,16.846,16.851,16.8315,16.836000000000002
2018-06-11 07:30:00,16.8355,16.841,16.8265,16.833
2018-06-11 07:45:00,16.8335,16.838,16.826,16.829
2018-06-11 08:00:00,16.825000000000003,16.8325,16.817,16.817
2018-06-11 08:15:00,16.817,16.819,16.764499999999998,16.78
2018-06-11 08:30:00,16.7785,16.7785,16.7625,16.7675
2018-06-11 08:45:00,16.769000000000002,16.793,16.764499999999998,16.764499999999998
2018-06-11 09:00:00,16.762,16.7825,16.7535,16.7795
2018-06-11 09:15:00,16.7795,16.782,16.776,16.781499999999998
2018-06-11 09:30:00,16.781000000000002,16.786,16.764000000000003,16.779
2018-06-11 09:45:00,16.7785,16.787000000000003,16.7735,16.782999999999998
2018-06-11 10:00:00,16.780499999999996,16.782999999999998,16.7555,16.7775
2018-06-11 10:15:00,16.776,16.7775,16.763,16.764499999999998
2018-06-11 10:30:00,16.7685,16.781000000000002,16.7605,16.764499999999998
2018-06-11 10:45:00,16.769000000000002,16.78,16.7635,16.768
2018-06-11 11:00:00,16.769000000000002,16.78,16.758499999999998,16.7735
2018-06-11 11:15:00,16.7735,16.7825,16.769499999999997,16.769499999999997
2018-06-11 11:30:00,16.769499999999997,16.804000000000002,16.769499999999997,16.803
2018-06-11 11:45:00,16.8035,16.8095,16.7935,16.8085
2018-06-11 12:00:00,16.8085,16.834,16.804999999999996,16.8265
2018-06-11 12:15:00,16.826,16.853,16.819,16.841499999999996
2018-06-11 12:30:00,16.842499999999998,16.872,16.842499999999998,16.862
2018-06-11 12:45:00,16.8625,16.8745,16.848000000000003,16.866500000000002
2018-06-11 13:00:00,16.865000000000002,16.869,16.833000000000002,16.8435
2018-06-11 13:15:00,16.8445,16.885,16.8355,16.8715
2018-06-11 13:30:00,16.877,16.903499999999998,16.868,16.8945
2018-06-11 13:45:00,16.8945,16.9045,16.8885,16.894
2018-06-11 14:00:00,16.8995,16.918,16.886499999999998,16.8875
2018-06-11 14:15:00,16.89,16.951,16.887,16.92
2018-06-11 14:30:00,16.919,16.924,16.880499999999998,16.892000000000003
2018-06-11 14:45:00,16.893,16.92,16.886499999999998,16.894
2018-06-11 15:00:00,16.896,16.916,16.8895,16.9075
2018-06-11 15:15:00,16.91,16.9365,16.8965,16.9205
2018-06-11 15:30:00,16.921,16.932,16.916,16.922500000000003
2018-06-11 15:45:00,16.923500000000004,16.927,16.91,16.9215
2018-06-11 16:00:00,16.9215,16.924500000000002,16.9045,16.92
2018-06-11 16:15:00,16.9205,16.9205,16.9145,16.916999999999998
2018-06-11 16:30:00,16.916,16.922500000000003,16.906,16.9205
2018-06-11 16:45:00,16.92,16.9285,16.9195,16.922
2018-06-11 17:00:00,16.9215,16.939,16.9215,16.936999999999998
2018-06-11 17:15:00,16.936,16.939500000000002,16.9065,16.9125
2018-06-11 17:30:00,16.912,16.916,16.908,16.9105
2018-06-11 17:45:00,16.9095,16.9195,16.907,16.919
2018-06-11 18:00:00,16.9185,16.9235,16.9155,16.9195
2018-06-11 18:15:00,16.9195,16.923,16.9175,16.9185
2018-06-11 18:30:00,16.921,16.921,16.902,16.9195
2018-06-11 18:45:00,16.921999999999997,16.924500000000002,16.9135,16.9235
2018-06-11 19:00:00,16.924500000000002,16.932,16.922500000000003,16.932
2018-06-11 19:15:00,16.9305,16.939,16.929,16.938
2018-06-11 19:30:00,16.9365,16.939,16.91,16.931
2018-06-11 19:45:00,16.933,16.935,16.921000000000003,16.935
2018-06-11 20:00:00,16.933,16.935,16.9245,16.93
2018-06-11 20:15:00,16.923,16.9295,16.923,16.924
2018-06-11 20:30:00,16.922500000000003,16.929,16.922500000000003,16.927999999999997
2018-06-11 20:45:00,16.929,16.938,16.9265,16.927
2018-06-11 22:00:00,16.93,16.93,16.9145,16.9175
2018-06-11 22:15:00,16.9165,16.9185,16.909000000000002,16.9095
2018-06-11 22:30:00,16.9095,16.916999999999998,16.903499999999998,16.913
2018-06-11 22:45:00,16.913,16.924500000000002,16.909000000000002,16.9165
2018-06-11 23:00:00,16.916999999999998,16.9215,16.9055,16.9095
2018-06-11 23:15:00,16.9115,16.915999999999997,16.904999999999998,16.907
2018-06-11 23:30:00,16.9065,16.910999999999998,16.9015,16.907
2018-06-11 23:45:00,16.9025,16.9105,16.901,16.908
2018-06-12 01:00:00,16.8965,16.8965,16.8505,16.8645
2018-06-12 01:15:00,16.8685,16.887,16.8685,16.875
2018-06-12 01:30:00,16.871,16.8745,16.86,16.8715
2018-06-12 01:45:00,16.8675,16.878999999999998,16.8655,16.878999999999998
2018-06-12 02:00:00,16.88,16.897000000000002,16.874,16.8955
2018-06-12 02:15:00,16.897000000000002,16.910999999999998,16.872500000000002,16.8825
2018-06-12 02:30:00,16.883,16.8935,16.881,16.8935
2018-06-12 02:45:00,16.8905,16.8945,16.886000000000003,16.886000000000003
2018-06-12 03:00:00,16.886000000000003,16.886000000000003,16.880499999999998,16.8845
2018-06-12 03:15:00,16.886499999999998,16.887,16.872500000000002,16.8825
2018-06-12 03:30:00,16.882,16.883,16.866500000000002,16.871
2018-06-12 03:45:00,16.871,16.878,16.871,16.878
2018-06-12 04:00:00,16.8775,16.8835,16.877,16.882
2018-06-12 04:15:00,16.88,16.885,16.877,16.883
2018-06-12 04:30:00,16.883,16.886499999999998,16.867500000000003,16.877
2018-06-12 04:45:00,16.877,16.8795,16.8745,16.8775
2018-06-12 05:00:00,16.8775,16.8875,16.866999999999997,16.8875
2018-06-12 05:15:00,16.8875,16.8925,16.8825,16.8885
2018-06-12 05:30:00,16.885,16.8985,16.883,16.895500000000002
2018-06-12 05:45:00,16.892000000000003,16.8965,16.879499999999997,16.884
2018-06-12 06:00:00,16.883,16.8855,16.859,16.86
2018-06-12 06:15:00,16.8535,16.862,16.851,16.862
2018-06-12 06:30:00,16.861500000000003,16.864,16.849,16.8585
2018-06-12 06:45:00,16.8575,16.866500000000002,16.852,16.866
2018-06-12 07:00:00,16.8715,16.8795,16.860500000000002,16.8765
2018-06-12 07:15:00,16.8755,16.891000000000002,16.8755,16.886499999999998
2018-06-12 07:30:00,16.8855,16.8915,16.875,16.875
2018-06-12 07:45:00,16.875,16.8755,16.863500000000002,16.8645
2018-06-12 08:00:00,16.8645,16.878999999999998,16.852,16.8535
2018-06-12 08:15:00,16.853,16.8685,16.851,16.8545
2018-06-12 08:30:00,16.854,16.862,16.843999999999998,16.861500000000003
2018-06-12 08:45:00,16.8625,16.8685,16.8495,16.8545
2018-06-12 09:00:00,16.8545,16.8565,16.8375,16.8555
2018-06-12 09:15:00,16.8535,16.866999999999997,16.853,16.8625
2018-06-12 09:30:00,16.858999999999998,16.8775,16.858999999999998,16.872500000000002
2018-06-12 09:45:00,16.872999999999998,16.872999999999998,16.857499999999998,16.858999999999998
2018-06-12 10:00:00,16.858,16.8675,16.8555,16.866500000000002
2018-06-12 10:15:00,16.866500000000002,16.878,16.8585,16.877
2018-06-12 10:30:00,16.877,16.8875,16.876,16.884
2018-06-12 10:45:00,16.884,16.884,16.8595,16.8595
2018-06-12 11:00:00,16.8595,16.864,16.852,16.8585
2018-06-12 11:15:00,16.854,16.863500000000002,16.852,16.8595
2018-06-12 11:30:00,16.858,16.878,16.855999999999998,16.869
2018-06-12 11:45:00,16.8695,16.8735,16.852,16.854
2018-06-12 12:00:00,16.849,16.8545,16.7945,16.8045
2018-06-12 12:15:00,16.801,16.811,16.755,16.79
2018-06-12 12:30:00,16.788999999999998,16.8555,16.7855,16.8485
2018-06-12 12:45:00,16.8465,16.8565,16.8285,16.836499999999997
2018-06-12 13:00:00,16.834,16.8685,16.822,16.862
2018-06-12 13:15:00,16.861500000000003,16.9175,16.849999999999998,16.880499999999998
2018-06-12 13:30:00,16.8825,16.9045,16.880499999999998,16.8915
2018-06-12 13:45:00,16.894,16.9155,16.886499999999998,16.8965
2018-06-12 14:00:00,16.897000000000002,16.916999999999998,16.887,16.9015
2018-06-12 14:15:00,16.903499999999998,16.914,16.885,16.885
2018-06-12 14:30:00,16.8895,16.9325,16.878999999999998,16.916
2018-06-12 14:45:00,16.913,16.957,16.910999999999998,16.9265
2018-06-12 15:00:00,16.9265,16.933500000000002,16.8935,16.916
2018-06-12 15:15:00,16.9165,16.9265,16.904,16.9265
2018-06-12 15:30:00,16.924,16.931,16.9095,16.9115
2018-06-12 15:45:00,16.9115,16.914,16.8905,16.906499999999998
2018-06-12 16:00:00,16.906499999999998,16.924500000000002,16.8955,16.9235
2018-06-12 16:15:00,16.9205,16.9255,16.9055,16.9055
2018-06-12 16:30:00,16.9045,16.9095,16.8945,16.895
2018-06-12 16:45:00,16.896499999999996,16.910999999999998,16.89,16.894
2018-06-12 17:00:00,16.8905,16.8935,16.8485,16.8525
2018-06-12 17:15:00,16.852,16.8765,16.8375,16.866
2018-06-12 17:30:00,16.864,16.87,16.852,16.8545
2018-06-12 17:45:00,16.855,16.885,16.8545,16.872
2018-06-12 18:00:00,16.8705,16.8705,16.8435,16.8495
2018-06-12 18:15:00,16.845499999999998,16.858,16.8315,16.847
2018-06-12 18:30:00,16.845,16.848000000000003,16.826,16.8385
2018-06-12 18:45:00,16.841499999999996,16.841499999999996,16.8285,16.8325
2018-06-12 19:00:00,16.833,16.855999999999998,16.8225,16.8525
2018-06-12 19:15:00,16.852,16.862,16.852,16.861500000000003
2018-06-12 19:30:00,16.862,16.866,16.857499999999998,16.862500000000004
2018-06-12 19:45:00,16.861500000000003,16.869,16.8595,16.866
2018-06-12 20:00:00,16.858500000000003,16.869500000000002,16.858500000000003,16.864
2018-06-12 20:15:00,16.865000000000002,16.865000000000002,16.864,16.864
2018-06-12 20:30:00,16.864,16.864,16.8525,16.858
2018-06-12 20:45:00,16.857,16.862,16.849999999999998,16.8575
2018-06-12 22:00:00,16.855,16.864,16.852,16.855
2018-06-12 22:15:00,16.8575,16.860999999999997,16.8545,16.8565
2018-06-12 22:30:00,16.8575,16.8575,16.853,16.853
2018-06-12 22:45:00,16.849,16.8545,16.848000000000003,16.851
2018-06-12 23:00:00,16.8515,16.853,16.8475,16.849
2018-06-12 23:15:00,16.855999999999998,16.8595,16.8525,16.8525
2018-06-12 23:30:00,16.853,16.857,16.851,16.855999999999998
2018-06-12 23:45:00,16.8575,16.8575,16.849,16.8515
2018-06-13 01:00:00,16.842000000000002,16.842000000000002,16.8165,16.8175
2018-06-13 01:15:00,16.8145,16.825499999999998,16.811500000000002,16.821
2018-06-13 01:30:00,16.8225,16.8275,16.817,16.824
2018-06-13 01:45:00,16.823,16.830000000000002,16.823,16.8235
2018-06-13 02:00:00,16.8235,16.830499999999997,16.8185,16.8295
2018-06-13 02:15:00,16.831000000000003,16.836499999999997,16.825499999999998,16.826
2018-06-13 02:30:00,16.8235,16.8315,16.8235,16.830499999999997
2018-06-13 02:45:00,16.830499999999997,16.832,16.825499999999998,16.825499999999998
2018-06-13 03:00:00,16.825000000000003,16.828,16.8235,16.825000000000003
2018-06-13 03:15:00,16.825000000000003,16.827,16.8155,16.827
2018-06-13 03:30:00,16.8265,16.8325,16.8265,16.830499999999997
2018-06-13 03:45:00,16.830499999999997,16.8335,16.8245,16.829
2018-06-13 04:00:00,16.8295,16.8295,16.8205,16.825499999999998
2018-06-13 04:15:00,16.823,16.825499999999998,16.8175,16.821
2018-06-13 04:30:00,16.8225,16.832,16.8205,16.825000000000003
2018-06-13 04:45:00,16.825499999999998,16.827,16.8225,16.826
2018-06-13 05:00:00,16.826,16.8325,16.82,16.830499999999997
2018-06-13 05:15:00,16.8285,16.8335,16.8285,16.830000000000002
2018-06-13 05:30:00,16.830499999999997,16.836499999999997,16.8295,16.835
2018-06-13 05:45:00,16.8345,16.841,16.8345,16.8405
2018-06-13 06:00:00,16.839000000000002,16.844,16.836000000000002,16.836499999999997
2018-06-13 06:15:00,16.838,16.8415,16.821,16.8225
2018-06-13 06:30:00,16.8245,16.836499999999997,16.82,16.8285
2018-06-13 06:45:00,16.8295,16.836000000000002,16.825499999999998,16.8355
2018-06-13 07:00:00,16.8335,16.849,16.8335,16.8435
2018-06-13 07:15:00,16.845,16.847,16.836499999999997,16.838
2018-06-13 07:30:00,16.838,16.845,16.825000000000003,16.825000000000003
2018-06-13 07:45:00,16.825000000000003,16.830499999999997,16.82,16.8295
2018-06-13 08:00:00,16.830499999999997,16.8435,16.825000000000003,16.835
2018-06-13 08:15:00,16.837000000000003,16.837000000000003,16.8045,16.8215
2018-06-13 08:30:00,16.821,16.835,16.819499999999998,16.829
2018-06-13 08:45:00,16.8285,16.8395,16.824,16.8395
2018-06-13 09:00:00,16.8385,16.8595,16.8325,16.8515
2018-06-13 09:15:00,16.853,16.863500000000002,16.848,16.860500000000002
2018-06-13 09:30:00,16.8585,16.8645,16.849999999999998,16.8555
2018-06-13 09:45:00,16.86,16.878500000000003,16.8535,16.865000000000002
2018-06-13 10:00:00,16.8675,16.8745,16.855999999999998,16.8745
2018-06-13 10:15:00,16.8755,16.886499999999998,16.8755,16.8815
2018-06-13 10:30:00,16.882,16.892000000000003,16.877,16.8815
2018-06-13 10:45:00,16.8795,16.906499999999998,16.872,16.899
2018-06-13 11:00:00,16.8985,16.9175,16.8945,16.9015
2018-06-13 11:15:00,16.9045,16.9045,16.8925,16.902
2018-06-13 11:30:00,16.9015,16.9045,16.8945,16.8955
2018-06-13 11:45:00,16.894000000000002,16.9005,16.888,16.897499999999997
2018-06-13 12:00:00,16.897000000000002,16.923,16.8945,16.9195
2018-06-13 12:15:00,16.9195,16.929,16.918499999999998,16.924500000000002
2018-06-13 12:30:00,16.9255,16.9495,16.9185,16.924
2018-06-13 12:45:00,16.927,16.9465,16.914,16.934500000000003
2018-06-13 13:00:00,16.9365,16.983999999999998,16.933500000000002,16.980999999999998
2018-06-13 13:15:00,16.980999999999998,16.983500000000003,16.9605,16.976000000000003
2018-06-13 13:30:00,16.976000000000003,16.9795,16.9505,16.965999999999998
2018-06-13 13:45:00,16.965,16.98,16.9305,16.9315
2018-06-13 14:00:00,16.933500000000002,16.9605,16.933500000000002,16.944
2018-06-13 14:15:00,16.949,16.959000000000003,16.935499999999998,16.9555
2018-06-13 14:30:00,16.9595,16.9815,16.954,16.958499999999997
2018-06-13 14:45:00,16.9615,16.9665,16.9455,16.965
2018-06-13 15:00:00,16.968,16.9845,16.965,16.983500000000003
2018-06-13 15:15:00,16.9805,16.9845,16.97,16.98
2018-06-13 15:30:00,16.9815,16.9895,16.9715,16.974
2018-06-13 15:45:00,16.975,16.976999999999997,16.9545,16.964000000000002
2018-06-13 16:00:00,16.964499999999997,16.9735,16.9555,16.9685
2018-06-13 16:15:00,16.970000000000002,16.986,16.968,16.982
2018-06-13 16:30:00,16.982,16.983500000000003,16.9705,16.9715
2018-06-13 16:45:00,16.9715,16.9805,16.963,16.9775
2018-06-13 17:00:00,16.9785,16.99,16.9765,16.9825
2018-06-13 17:15:00,16.983999999999998,16.99,16.941,16.941499999999998
2018-06-13 17:30:00,16.946,16.953000000000003,16.9205,16.923
2018-06-13 17:45:00,16.922500000000003,16.9485,16.921,16.9375
2018-06-13 18:00:00,16.9425,16.9425,16.8395,16.875
2018-06-13 18:15:00,16.878500000000003,16.9015,16.831,16.8355
2018-06-13 18:30:00,16.8315,16.941,16.8145,16.9405
2018-06-13 18:45:00,16.9405,17.004,16.896,16.9995
2018-06-13 19:00:00,16.9965,17.054000000000002,16.971999999999998,17.003
2018-06-13 19:15:00,17.006500000000003,17.0325,16.982,17.0225
2018-06-13 19:30:00,17.022,17.113,17.0185,17.0945
2018-06-13 19:45:00,17.092000000000002,17.104999999999997,17.069499999999998,17.069499999999998
2018-06-13 20:00:00,17.0715,17.077,17.0465,17.0505
2018-06-13 20:15:00,17.0505,17.055500000000002,17.0205,17.025000000000002
2018-06-13 20:30:00,17.025499999999997,17.0335,17.0175,17.031000000000002
2018-06-13 20:45:00,17.0295,17.0425,17.025000000000002,17.0425
2018-06-13 22:00:00,17.041,17.055500000000002,17.034,17.055500000000002
2018-06-13 22:15:00,17.055500000000002,17.0605,17.04,17.043
2018-06-13 22:30:00,17.042,17.047,17.0335,17.038
2018-06-13 22:45:00,17.038999999999998,17.0455,17.0315,17.0315
2018-06-13 23:00:00,17.0335,17.0365,17.028,17.032999999999998
2018-06-13 23:15:00,17.031000000000002,17.0315,17.021,17.021
2018-06-13 23:30:00,17.021,17.0325,17.020000000000003,17.0285
2018-06-13 23:45:00,17.0285,17.038999999999998,17.019499999999997,17.027
2018-06-14 01:00:00,17.003,17.01,16.9735,16.9745
2018-06-14 01:15:00,16.9735,16.9775,16.951500000000003,16.9695
2018-06-14 01:30:00,16.9695,16.9755,16.9425,16.9555
2018-06-14 01:45:00,16.9555,16.965,16.9465,16.947000000000003
2018-06-14 02:00:00,16.951,16.9605,16.944,16.9565
2018-06-14 02:15:00,16.953000000000003,16.9535,16.939500000000002,16.941499999999998
2018-06-14 02:30:00,16.941499999999998,16.947000000000003,16.941499999999998,16.9445
2018-06-14 02:45:00,16.945,16.950000000000003,16.9405,16.947499999999998
2018-06-14 03:00:00,16.947499999999998,16.9615,16.9435,16.958499999999997
2018-06-14 03:15:00,16.9605,16.9705,16.9595,16.9685
2018-06-14 03:30:00,16.965999999999998,16.9935,16.965999999999998,16.9895
2018-06-14 03:45:00,16.9895,16.9995,16.985,16.993
2018-06-14 04:00:00,16.993,16.993,16.988,16.988999999999997
2018-06-14 04:15:00,16.9905,16.991999999999997,16.988500000000002,16.988500000000002
2018-06-14 04:30:00,16.9865,17.0095,16.986,17.0095
2018-06-14 04:45:00,17.0095,17.0105,16.9995,16.9995
2018-06-14 05:00:00,17.0055,17.019499999999997,17.005,17.016
2018-06-14 05:15:00,17.0165,17.022,17.0105,17.0155
2018-06-14 05:30:00,17.015,17.015,16.994500000000002,16.994500000000002
2018-06-14 05:45:00,16.994999999999997,17.005,16.9915,17.000500000000002
2018-06-14 06:00:00,16.999,17.065,16.9975,17.050500000000003
2018-06-14 06:15:00,17.0545,17.087000000000003,17.0515,17.0725
2018-06-14 06:30:00,17.069000000000003,17.0825,17.0655,17.0795
2018-06-14 06:45:00,17.079,17.145500000000002,17.0735,17.121
2018-06-14 07:00:00,17.1255,17.1435,17.108,17.119
2018-06-14 07:15:00,17.1185,17.1185,17.080499999999997,17.0965
2018-06-14 07:30:00,17.098000000000003,17.1195,17.0915,17.099
2018-06-14 07:45:00,17.098000000000003,17.118,17.095,17.118
2018-06-14 08:00:00,17.116999999999997,17.122999999999998,17.1035,17.1095
2018-06-14 08:15:00,17.1065,17.112,17.093,17.0955
2018-06-14 08:30:00,17.0995,17.104,17.093,17.103
2018-06-14 08:45:00,17.1045,17.1135,17.0995,17.104
2018-06-14 09:00:00,17.1045,17.108,17.0955,17.1045
2018-06-14 09:15:00,17.1045,17.136000000000003,17.104,17.1315
2018-06-14 09:30:00,17.130499999999998,17.1425,17.126,17.134
2018-06-14 09:45:00,17.1355,17.146,17.128,17.1335
2018-06-14 10:00:00,17.1325,17.141000000000002,17.1245,17.131
2018-06-14 10:15:00,17.130499999999998,17.1515,17.130000000000003,17.132
2018-06-14 10:30:00,17.1325,17.142000000000003,17.129,17.130499999999998
2018-06-14 10:45:00,17.130000000000003,17.132,17.1235,17.1265
2018-06-14 11:00:00,17.127,17.17,17.119,17.16
2018-06-14 11:15:00,17.1605,17.1655,17.132,17.145
2018-06-14 11:30:00,17.1465,17.159000000000002,17.130000000000003,17.1335
2018-06-14 11:45:00,17.131,17.159000000000002,17.0775,17.098000000000003
2018-06-14 12:00:00,17.102,17.1395,17.093,17.137
2018-06-14 12:15:00,17.1335,17.281000000000002,17.133000000000003,17.249
2018-06-14 12:30:00,17.241999999999997,17.319499999999998,17.227999999999998,17.284
2018-06-14 12:45:00,17.2855,17.305,17.226999999999997,17.243
2018-06-14 13:00:00,17.2425,17.244500000000002,17.136499999999998,17.166999999999998
2018-06-14 13:15:00,17.166999999999998,17.188,17.1185,17.182
2018-06-14 13:30:00,17.183,17.207499999999996,17.1615,17.201499999999996
2018-06-14 13:45:00,17.201499999999996,17.212,17.169,17.1755
2018-06-14 14:00:00,17.1755,17.2015,17.152,17.161
2018-06-14 14:15:00,17.161,17.204,17.1555,17.189500000000002
2018-06-14 14:30:00,17.19,17.252499999999998,17.1875,17.232
2018-06-14 14:45:00,17.234500000000004,17.2925,17.232,17.291
2018-06-14 15:00:00,17.294999999999998,17.294999999999998,17.218,17.243
2018-06-14 15:15:00,17.2455,17.248,17.211499999999997,17.2435
2018-06-14 15:30:00,17.243,17.243,17.196,17.206500000000002
2018-06-14 15:45:00,17.205,17.2175,17.1845,17.212
2018-06-14 16:00:00,17.2125,17.2195,17.1815,17.199
2018-06-14 16:15:00,17.2015,17.226,17.198,17.208000000000002
2018-06-14 16:30:00,17.208000000000002,17.221999999999998,17.199,17.2115
2018-06-14 16:45:00,17.21,17.238500000000002,17.2065,17.226
2018-06-14 17:00:00,17.226,17.236,17.2045,17.212
2018-06-14 17:15:00,17.212,17.252499999999998,17.2035,17.243
2018-06-14 17:30:00,17.2415,17.256500000000003,17.2055,17.211499999999997
2018-06-14 17:45:00,17.2145,17.217,17.19,17.195
2018-06-14 18:00:00,17.1965,17.197000000000003,17.166500000000003,17.1955
2018-06-14 18:15:00,17.195,17.196,17.171,17.1755
2018-06-14 18:30:00,17.176,17.1815,17.1595,17.181
2018-06-14 18:45:00,17.1805,17.1955,17.1745,17.1875
2018-06-14 19:00:00,17.1875,17.21,17.172500000000003,17.197499999999998
2018-06-14 19:15:00,17.1985,17.2075,17.1735,17.1785
2018-06-14 19:30:00,17.177,17.225,17.172,17.207499999999996
2018-06-14 19:45:00,17.205000000000002,17.209000000000003,17.1895,17.194
2018-06-14 20:00:00,17.193,17.2035,17.1875,17.1915
2018-06-14 20:15:00,17.189,17.1915,17.1865,17.1875
2018-06-14 20:30:00,17.1885,17.1915,17.179,17.18
2018-06-14 20:45:00,17.1795,17.1825,17.151,17.151
2018-06-14 22:00:00,17.1605,17.183999999999997,17.1605,17.183999999999997
2018-06-14 22:15:00,17.177999999999997,17.186,17.176,17.183
2018-06-14 22:30:00,17.183,17.192,17.183,17.19
2018-06-14 22:45:00,17.1885,17.1915,17.182,17.1865
2018-06-14 23:00:00,17.1865,17.1915,17.1825,17.1865
2018-06-14 23:15:00,17.187,17.192,17.176,17.178500000000003
2018-06-14 23:30:00,17.18,17.181,17.173,17.173
2018-06-14 23:45:00,17.173,17.1855,17.172500000000003,17.1755
2018-06-15 01:00:00,17.1445,17.1455,17.108,17.144000000000002
2018-06-15 01:15:00,17.144000000000002,17.147499999999997,17.130499999999998,17.137
2018-06-15 01:30:00,17.136000000000003,17.165999999999997,17.136000000000003,17.1595
2018-06-15 01:45:00,17.1595,17.191000000000003,17.157,17.1885
2018-06-15 02:00:00,17.1885,17.215,17.1845,17.208499999999997
2018-06-15 02:15:00,17.2045,17.2195,17.204,17.2175
2018-06-15 02:30:00,17.2165,17.2165,17.203000000000003,17.206
2018-06-15 02:45:00,17.2055,17.209999999999997,17.2,17.2035
2018-06-15 03:00:00,17.2035,17.2135,17.1935,17.195
2018-06-15 03:15:00,17.195,17.2015,17.185,17.185
2018-06-15 03:30:00,17.186,17.192,17.185,17.191000000000003
2018-06-15 03:45:00,17.191000000000003,17.191000000000003,17.173500000000004,17.179
2018-06-15 04:00:00,17.180999999999997,17.189,17.1765,17.185
2018-06-15 04:15:00,17.183999999999997,17.192,17.1795,17.191000000000003
2018-06-15 04:30:00,17.191000000000003,17.192,17.182,17.182
2018-06-15 04:45:00,17.181,17.189,17.1795,17.1865
2018-06-15 05:00:00,17.1865,17.1875,17.1755,17.179499999999997
2018-06-15 05:15:00,17.179499999999997,17.1815,17.174500000000002,17.1785
2018-06-15 05:30:00,17.179,17.1805,17.1615,17.175
2018-06-15 05:45:00,17.1735,17.177,17.146499999999996,17.1515
2018-06-15 06:00:00,17.1515,17.1515,17.108,17.133
2018-06-15 06:15:00,17.130000000000003,17.147499999999997,17.130000000000003,17.1425
2018-06-15 06:30:00,17.1425,17.151,17.128,17.1485
2018-06-15 06:45:00,17.1485,17.157,17.142,17.1465
2018-06-15 07:00:00,17.1445,17.147000000000002,17.092000000000002,17.113500000000002
2018-06-15 07:15:00,17.113500000000002,17.1375,17.105500000000003,17.1325
2018-06-15 07:30:00,17.132,17.1535,17.128,17.1515
2018-06-15 07:45:00,17.152,17.192,17.152,17.19
2018-06-15 08:00:00,17.1895,17.2015,17.1805,17.197499999999998
2018-06-15 08:15:00,17.197499999999998,17.209,17.184500000000003,17.206
2018-06-15 08:30:00,17.209,17.209,17.19,17.191000000000003
2018-06-15 08:45:00,17.191499999999998,17.2035,17.188,17.189
2018-06-15 09:00:00,17.1875,17.204,17.183,17.202
2018-06-15 09:15:00,17.2015,17.2175,17.2005,17.2095
2018-06-15 09:30:00,17.208499999999997,17.219,17.2,17.218
2018-06-15 09:45:00,17.2195,17.221,17.186,17.187
2018-06-15 10:00:00,17.187,17.1895,17.1755,17.1885
2018-06-15 10:15:00,17.188,17.208000000000002,17.159000000000002,17.208000000000002
2018-06-15 10:30:00,17.2075,17.208499999999997,17.192,17.205000000000002
2018-06-15 10:45:00,17.202499999999997,17.221,17.2005,17.215
2018-06-15 11:00:00,17.213,17.235,17.208000000000002,17.208499999999997
2018-06-15 11:15:00,17.208499999999997,17.2425,17.203000000000003,17.2395
2018-06-15 11:30:00,17.241,17.253,17.2135,17.226
2018-06-15 11:45:00,17.2285,17.2285,17.211499999999997,17.2155
2018-06-15 12:00:00,17.2175,17.2415,17.2145,17.216
2018-06-15 12:15:00,17.218,17.219,17.169,17.194
2018-06-15 12:30:00,17.1905,17.197499999999998,17.157,17.1575
2018-06-15 12:45:00,17.1585,17.1585,17.0515,17.0595
2018-06-15 13:00:00,17.0595,17.085,16.899,16.939999999999998
2018-06-15 13:15:00,16.9385,16.974,16.92,16.9545
2018-06-15 13:30:00,16.9545,16.9545,16.753999999999998,16.754
2018-06-15 13:45:00,16.756,16.8265,16.756,16.797
2018-06-15 14:00:00,16.7985,16.841,16.761,16.787000000000003
2018-06-15 14:15:00,16.785,16.7905,16.752499999999998,16.7725
2018-06-15 14:30:00,16.77,16.770000000000003,16.633,16.637
2018-06-15 14:45:00,16.637,16.7455,16.6285,16.6675
2018-06-15 15:00:00,16.666999999999998,16.7,16.646,16.674
2018-06-15 15:15:00,16.6725,16.677500000000002,16.644000000000002,16.6565
2018-06-15 15:30:00,16.6565,16.6565,16.5815,16.613
2018-06-15 15:45:00,16.613,16.621,16.571,16.5725
2018-06-15 16:00:00,16.567500000000003,16.5995,16.556500000000003,16.569499999999998
2018-06-15 16:15:00,16.568500000000004,16.616,16.5645,16.602
2018-06-15 16:30:00,16.601499999999998,16.6345,16.575,16.5935
2018-06-15 16:45:00,16.592000000000002,16.6015,16.528,16.53
2018-06-15 17:00:00,16.53,16.546,16.5075,16.532000000000004
2018-06-15 17:15:00,16.5305,16.5305,16.462,16.476
2018-06-15 17:30:00,16.4785,16.514499999999998,16.462,16.5115
2018-06-15 17:45:00,16.509999999999998,16.515,16.488500000000002,16.515
2018-06-15 18:00:00,16.515,16.541,16.508,16.537000000000003
2018-06-15 18:15:00,16.534,16.5595,16.534,16.546
2018-06-15 18:30:00,16.5445,16.593000000000004,16.544,16.591
2018-06-15 18:45:00,16.59,16.6115,16.583000000000002,16.601499999999998
2018-06-15 19:00:00,16.601499999999998,16.605999999999998,16.575499999999998,16.583
2018-06-15 19:15:00,16.583,16.597,16.5795,16.5845
2018-06-15 19:30:00,16.5845,16.6035,16.578500000000002,16.5945
2018-06-15 19:45:00,16.5955,16.6025,16.5805,16.6
2018-06-15 20:00:00,16.5875,16.5995,16.559,16.5815
2018-06-15 20:15:00,16.5855,16.5855,16.567999999999998,16.57
2018-06-15 20:30:00,16.570999999999998,16.570999999999998,16.5545,16.561999999999998
2018-06-15 20:45:00,16.561,16.569499999999998,16.5485,16.562500000000004
2018-06-17 22:00:00,16.547,16.575,16.5425,16.5715
2018-06-17 22:15:00,16.5715,16.572,16.544999999999998,16.5715
2018-06-17 22:30:00,16.57,16.575499999999998,16.5655,16.573
2018-06-17 22:45:00,16.573,16.583000000000002,16.5715,16.5795
2018-06-17 23:00:00,16.582,16.582,16.564,16.567
2018-06-17 23:15:00,16.570999999999998,16.583,16.560999999999996,16.566
2018-06-17 23:30:00,16.565,16.5815,16.562500000000004,16.5815
2018-06-17 23:45:00,16.5815,16.587000000000003,16.574499999999997,16.580000000000002
2018-06-18 01:00:00,16.584,16.592499999999998,16.578,16.5895
2018-06-18 01:15:00,16.5885,16.6005,16.5885,16.592000000000002
2018-06-18 01:30:00,16.592499999999998,16.594,16.584,16.592499999999998
2018-06-18 01:45:00,16.592499999999998,16.598,16.5855,16.592000000000002
2018-06-18 02:00:00,16.5895,16.5915,16.5805,16.5805
2018-06-18 02:15:00,16.588,16.588,16.561999999999998,16.564
2018-06-18 02:30:00,16.566,16.566,16.511,16.523
2018-06-18 02:45:00,16.5205,16.5205,16.508,16.509999999999998
2018-06-18 03:00:00,16.5105,16.523,16.5025,16.5075
2018-06-18 03:15:00,16.506500000000003,16.5225,16.506500000000003,16.517500000000002
2018-06-18 03:30:00,16.5185,16.536499999999997,16.5185,16.531000000000002
2018-06-18 03:45:00,16.532000000000004,16.537499999999998,16.5305,16.5325
2018-06-18 04:00:00,16.5325,16.542,16.5215,16.537
2018-06-18 04:15:00,16.537,16.537499999999998,16.5295,16.534
2018-06-18 04:30:00,16.53,16.5385,16.5285,16.531499999999998
2018-06-18 04:45:00,16.529,16.54,16.528000000000002,16.54
2018-06-18 05:00:00,16.5385,16.5385,16.521,16.5215
2018-06-18 05:15:00,16.5185,16.5385,16.5135,16.536499999999997
2018-06-18 05:30:00,16.536499999999997,16.546,16.536,16.537499999999998
2018-06-18 05:45:00,16.538,16.538,16.531000000000002,16.537499999999998
2018-06-18 06:00:00,16.538,16.5505,16.538,16.542
2018-06-18 06:15:00,16.541,16.5685,16.541,16.5515
2018-06-18 06:30:00,16.549500000000002,16.552,16.5285,16.5285
2018-06-18 06:45:00,16.532000000000004,16.5325,16.511,16.527
2018-06-18 07:00:00,16.525000000000002,16.5415,16.524,16.534
2018-06-18 07:15:00,16.5325,16.5415,16.529,16.5415
2018-06-18 07:30:00,16.5395,16.5465,16.5385,16.5445
2018-06-18 07:45:00,16.5465,16.560999999999996,16.5465,16.553
2018-06-18 08:00:00,16.553,16.5885,16.55,16.5835
2018-06-18 08:15:00,16.5835,16.605,16.5745,16.604000000000003
2018-06-18 08:30:00,16.604000000000003,16.615,16.5945,16.61
2018-06-18 08:45:00,16.6095,16.610500000000002,16.5965,16.6035
2018-06-18 09:00:00,16.6035,16.613,16.5965,16.61
2018-06-18 09:15:00,16.608,16.631999999999998,16.6005,16.624
2018-06-18 09:30:00,16.622999999999998,16.622999999999998,16.594,16.6005
2018-06-18 09:45:00,16.598,16.605999999999998,16.5875,16.5875
2018-06-18 10:00:00,16.5875,16.6055,16.587,16.6025
2018-06-18 10:15:00,16.601,16.6095,16.5945,16.6075
2018-06-18 10:30:00,16.607,16.61,16.5935,16.597499999999997
2018-06-18 10:45:00,16.5965,16.599,16.578,16.578500000000002
2018-06-18 11:00:00,16.578500000000002,16.610500000000002,16.5745,16.585
2018-06-18 11:15:00,16.5845,16.5905,16.5725,16.5725
2018-06-18 11:30:00,16.572,16.5735,16.549500000000002,16.555500000000002
2018-06-18 11:45:00,16.5545,16.559,16.543,16.546
2018-06-18 12:00:00,16.547,16.554000000000002,16.536499999999997,16.5535
2018-06-18 12:15:00,16.5545,16.607,16.516000000000002,16.5165
2018-06-18 12:30:00,16.5165,16.533,16.477999999999998,16.5055
2018-06-18 12:45:00,16.5045,16.5445,16.5045,16.519000000000002
2018-06-18 13:00:00,16.5205,16.547,16.4895,16.534499999999998
2018-06-18 13:15:00,16.5325,16.5715,16.518,16.544
2018-06-18 13:30:00,16.544,16.5545,16.4995,16.525499999999997
2018-06-18 13:45:00,16.526000000000003,16.5605,16.509999999999998,16.524499999999996
2018-06-18 14:00:00,16.521,16.549999999999997,16.4875,16.4975
2018-06-18 14:15:00,16.4975,16.5035,16.4405,16.4505
2018-06-18 14:30:00,16.4525,16.485500000000002,16.423,16.475499999999997
2018-06-18 14:45:00,16.475499999999997,16.500500000000002,16.4635,16.474
2018-06-18 15:00:00,16.473,16.5215,16.4655,16.494500000000002
2018-06-18 15:15:00,16.496,16.514499999999998,16.482000000000003,16.4955
2018-06-18 15:30:00,16.4955,16.5015,16.4675,16.475499999999997
2018-06-18 15:45:00,16.474,16.488500000000002,16.4575,16.4635
2018-06-18 16:00:00,16.4635,16.486,16.4605,16.468
2018-06-18 16:15:00,16.4675,16.473,16.4465,16.447499999999998
2018-06-18 16:30:00,16.447,16.459000000000003,16.4375,16.4575
2018-06-18 16:45:00,16.4575,16.471999999999998,16.4545,16.4715
2018-06-18 17:00:00,16.471,16.476000000000003,16.445999999999998,16.448999999999998
2018-06-18 17:15:00,16.4495,16.459000000000003,16.4285,16.4375
2018-06-18 17:30:00,16.438999999999997,16.470499999999998,16.4365,16.4695
2018-06-18 17:45:00,16.4695,16.505,16.4695,16.505
2018-06-18 18:00:00,16.504,16.527,16.488,16.500500000000002
2018-06-18 18:15:00,16.499,16.515,16.497999999999998,16.515
2018-06-18 18:30:00,16.515,16.518,16.476499999999998,16.497999999999998
2018-06-18 18:45:00,16.496,16.497999999999998,16.486,16.4915
2018-06-18 19:00:00,16.49,16.503,16.4865,16.493
2018-06-18 19:15:00,16.493,16.499999999999996,16.487,16.488500000000002
2018-06-18 19:30:00,16.488,16.488,16.474,16.474
2018-06-18 19:45:00,16.474,16.491,16.4695,16.488999999999997
2018-06-18 20:00:00,16.4895,16.4925,16.479,16.485
2018-06-18 20:15:00,16.485,16.4895,16.4835,16.485500000000002
2018-06-18 20:30:00,16.485500000000002,16.494,16.483999999999998,16.487000000000002
2018-06-18 20:45:00,16.487000000000002,16.4895,16.471,16.473
2018-06-18 22:00:00,16.465000000000003,16.501500000000004,16.465000000000003,16.501500000000004
2018-06-18 22:15:00,16.497,16.5165,16.497,16.5055
2018-06-18 22:30:00,16.505,16.516000000000002,16.504,16.506999999999998
2018-06-18 22:45:00,16.511,16.511,16.5015,16.5035
2018-06-18 23:00:00,16.503,16.5155,16.503,16.515
2018-06-18 23:15:00,16.5155,16.5155,16.500999999999998,16.500999999999998
2018-06-18 23:30:00,16.5035,16.525000000000002,16.502499999999998,16.520000000000003
2018-06-18 23:45:00,16.519499999999997,16.533,16.512,16.531000000000002
2018-06-19 01:00:00,16.529,16.529,16.464000000000002,16.519499999999997
2018-06-19 01:15:00,16.520000000000003,16.534499999999998,16.512500000000003,16.534499999999998
2018-06-19 01:30:00,16.534499999999998,16.540499999999998,16.517,16.532
2018-06-19 01:45:00,16.532999999999998,16.554,16.529,16.533
2018-06-19 02:00:00,16.536,16.541,16.5225,16.523
2018-06-19 02:15:00,16.524,16.552,16.521,16.543999999999997
2018-06-19 02:30:00,16.546,16.5535,16.536499999999997,16.538
2018-06-19 02:45:00,16.536499999999997,16.539,16.521,16.5345
2018-06-19 03:00:00,16.5335,16.543,16.5235,16.525499999999997
2018-06-19 03:15:00,16.5285,16.5335,16.523,16.533
2018-06-19 03:30:00,16.5285,16.534,16.522000000000002,16.524499999999996
2018-06-19 03:45:00,16.529,16.534,16.5225,16.525499999999997
2018-06-19 04:00:00,16.525499999999997,16.5325,16.523,16.524
2018-06-19 04:15:00,16.524,16.528000000000002,16.517500000000002,16.518
2018-06-19 04:30:00,16.517500000000002,16.522000000000002,16.506,16.5085
2018-06-19 04:45:00,16.5045,16.512,16.4995,16.5045
2018-06-19 05:00:00,16.504,16.506500000000003,16.479499999999998,16.483
2018-06-19 05:15:00,16.4805,16.491500000000002,16.475,16.478
2018-06-19 05:30:00,16.476000000000003,16.481,16.4525,16.476000000000003
2018-06-19 05:45:00,16.473499999999998,16.4785,16.4665,16.475
2018-06-19 06:00:00,16.475,16.475,16.432,16.4385
2018-06-19 06:15:00,16.4385,16.4515,16.427999999999997,16.4345
2018-06-19 06:30:00,16.434500000000003,16.4465,16.393,16.396500000000003
2018-06-19 06:45:00,16.397499999999997,16.4005,16.375999999999998,16.384500000000003
2018-06-19 07:00:00,16.385499999999997,16.409499999999998,16.378,16.396500000000003
2018-06-19 07:15:00,16.396500000000003,16.437,16.394000000000002,16.4345
2018-06-19 07:30:00,16.4345,16.4495,16.416,16.433999999999997
2018-06-19 07:45:00,16.435,16.445999999999998,16.4295,16.4325
2018-06-19 08:00:00,16.4325,16.453,16.419,16.423
2018-06-19 08:15:00,16.423,16.4295,16.3945,16.3995
2018-06-19 08:30:00,16.399,16.4075,16.3875,16.4045
2018-06-19 08:45:00,16.404000000000003,16.413,16.387,16.411
2018-06-19 09:00:00,16.411,16.424,16.3905,16.3915
2018-06-19 09:15:00,16.3905,16.3985,16.368,16.384
2018-06-19 09:30:00,16.384,16.4005,16.381,16.3945
2018-06-19 09:45:00,16.3945,16.399,16.378,16.389
