time,open,high,low,close
2015-01-01 23:00:00,1184.595,1186.7385,1183.78,1186.7385
2015-01-01 23:15:00,1186.739,1187.601,1186.603,1186.826
2015-01-01 23:30:00,1186.825,1187.625,1186.027,1186.278
2015-01-01 23:45:00,1186.29,1187.052,1186.29,1186.886
2015-01-02 01:00:00,1187.5535,1187.5535,1186.955,1187.035
2015-01-02 01:15:00,1187.065,1187.135,1184.855,1184.9914999999999
2015-01-02 01:30:00,1184.9959999999999,1185.2450000000001,1184.505,1185.145
2015-01-02 01:45:00,1185.185,1186.025,1185.135,1185.135
2015-01-02 02:00:00,1185.155,1185.5600000000002,1184.73,1184.8700000000001
2015-01-02 02:15:00,1184.845,1185.085,1184.42,1185.075
2015-01-02 02:30:00,1185.1,1185.28,1184.716,1185.045
2015-01-02 02:45:00,1185.0449999999998,1185.28,1184.84,1185.265
2015-01-02 03:00:00,1185.175,1185.675,1184.605,1185.675
2015-01-02 03:15:00,1185.675,1185.9450000000002,1185.3200000000002,1185.885
2015-01-02 03:30:00,1185.945,1186.205,1185.7549999999999,1185.965
2015-01-02 03:45:00,1185.9199999999998,1186.375,1185.81,1186.33
2015-01-02 04:00:00,1186.415,1186.625,1186.125,1186.5149999999999
2015-01-02 04:15:00,1186.425,1186.88,1186.13,1186.735
2015-01-02 04:30:00,1186.745,1187.54,1186.1380000000001,1186.1834999999999
2015-01-02 04:45:00,1186.1830000000002,1186.1965,1184.9135,1184.9135
2015-01-02 05:00:00,1184.9080000000001,1185.2830000000001,1184.6350000000002,1185.14
2015-01-02 05:15:00,1185.14,1185.825,1185.138,1185.745
2015-01-02 05:30:00,1185.7495,1186.1325000000002,1185.609,1186.0385
2015-01-02 05:45:00,1186.03,1186.135,1185.7224999999999,1186.085
2015-01-02 06:00:00,1186.03,1187.3650000000002,1186.02,1187.33
2015-01-02 06:15:00,1187.3280000000002,1187.369,1186.8385,1187.1305
2015-01-02 06:30:00,1187.1299999999999,1187.6215,1186.297,1186.613
2015-01-02 06:45:00,1186.6209999999999,1187.2865000000002,1186.6205,1187.0935
2015-01-02 07:00:00,1187.0985,1187.3165,1185.7350000000001,1185.895
2015-01-02 07:15:00,1185.8925,1185.9370000000001,1184.845,1185.475
2015-01-02 07:30:00,1185.4665,1186.74,1185.2185,1186.277
2015-01-02 07:45:00,1186.2625,1186.713,1185.3400000000001,1185.992
2015-01-02 08:00:00,1186.0115,1187.8965,1186.0115,1187.3519999999999
2015-01-02 08:15:00,1187.3564999999999,1188.1215000000002,1186.711,1186.8515
2015-01-02 08:30:00,1186.8445000000002,1187.6940000000002,1186.713,1187.3329999999999
2015-01-02 08:45:00,1187.3274999999999,1187.5245,1186.272,1186.7525
2015-01-02 09:00:00,1186.762,1187.151,1185.052,1185.192
2015-01-02 09:15:00,1185.1924999999999,1185.827,1185.152,1185.5095
2015-01-02 09:30:00,1185.515,1185.8115,1184.9264999999998,1185.7150000000001
2015-01-02 09:45:00,1185.721,1186.4465,1185.7150000000001,1186.406
2015-01-02 10:00:00,1186.4850000000001,1186.951,1186.101,1186.2965
2015-01-02 10:15:00,1186.297,1186.3465,1185.1315,1185.2315
2015-01-02 10:30:00,1185.2565,1185.286,1181.4544999999998,1182.922
2015-01-02 10:45:00,1182.9235,1183.9015,1182.286,1182.791
2015-01-02 11:00:00,1182.7865,1183.0815,1180.7359999999999,1180.7625
2015-01-02 11:15:00,1180.7575,1182.559,1180.7575,1182.2314999999999
2015-01-02 11:30:00,1182.2279999999998,1184.0104999999999,1182.0415,1182.547
2015-01-02 11:45:00,1182.554,1183.3864999999998,1181.2165,1182.846
2015-01-02 12:00:00,1182.916,1183.16,1181.9415,1182.4015
2015-01-02 12:15:00,1182.3965,1183.7285,1173.9465,1175.6945
2015-01-02 12:30:00,1175.736,1178.035,1173.654,1176.427
2015-01-02 12:45:00,1176.4344999999998,1178.5194999999999,1176.323,1177.2395
2015-01-02 13:00:00,1177.1129999999998,1178.3850000000002,1175.704,1177.3564999999999
2015-01-02 13:15:00,1177.3615,1177.8210000000001,1167.7685000000001,1171.697
2015-01-02 13:30:00,1171.6509999999998,1172.8965,1169.1715,1171.942
2015-01-02 13:45:00,1171.9515,1177.0715,1171.891,1174.3310000000001
2015-01-02 14:00:00,1174.3615,1174.5819999999999,1169.7755000000002,1171.883
2015-01-02 14:15:00,1171.9285,1172.8259999999998,1170.1799999999998,1170.945
2015-01-02 14:30:00,1170.9765,1172.7740000000001,1169.3310000000001,1172.27
2015-01-02 14:45:00,1172.2350000000001,1172.9265000000003,1171.6815000000001,1171.865
2015-01-02 15:00:00,1172.941,1174.6465,1171.611,1173.501
2015-01-02 15:15:00,1173.4855,1177.865,1172.8114999999998,1177.6525
2015-01-02 15:30:00,1177.69,1194.4875,1177.183,1191.6115000000002
2015-01-02 15:45:00,1191.644,1192.0684999999999,1186.5349999999999,1188.0880000000002
2015-01-02 16:00:00,1188.095,1190.6405,1187.8085,1188.998
2015-01-02 16:15:00,1189.0330000000001,1190.975,1187.8525,1190.2134999999998
2015-01-02 16:30:00,1190.2179999999998,1190.3615,1188.5020000000002,1190.0549999999998
2015-01-02 16:45:00,1190.1164999999999,1195.0945000000002,1190.115,1192.3980000000001
2015-01-02 17:00:00,1192.3899999999999,1193.003,1188.8225,1189.9375
2015-01-02 17:15:00,1189.9470000000001,1190.4675000000002,1186.1575,1187.452
2015-01-02 17:30:00,1187.544,1188.4464999999998,1186.606,1188.205
2015-01-02 17:45:00,1188.2075,1188.7075,1187.47,1187.5815
2015-01-02 18:00:00,1187.599,1188.177,1186.8220000000001,1186.9
2015-01-02 18:15:00,1186.9119999999998,1189.0295,1185.653,1186.286
2015-01-02 18:30:00,1186.298,1186.46,1184.919,1184.952
2015-01-02 18:45:00,1184.985,1185.323,1182.347,1182.796
2015-01-02 19:00:00,1182.818,1184.4995000000001,1182.597,1184.219
2015-01-02 19:15:00,1184.2105,1184.811,1183.7710000000002,1184.1719999999998
2015-01-02 19:30:00,1184.1605,1186.623,1184.004,1184.9039999999998
2015-01-02 19:45:00,1184.9160000000002,1185.525,1184.5960000000002,1185.318
2015-01-02 20:00:00,1185.3290000000002,1185.485,1184.515,1185.238
2015-01-02 20:15:00,1185.22,1187.6940000000002,1185.22,1186.5230000000001
2015-01-02 20:30:00,1186.543,1187.114,1186.1129999999998,1186.698
2015-01-02 20:45:00,1186.712,1187.6944999999998,1186.2020000000002,1187.568
2015-01-02 21:00:00,1187.608,1189.3139999999999,1187.2,1188.694
2015-01-02 21:15:00,1188.6945,1188.71,1187.505,1188.189
2015-01-02 21:30:00,1188.224,1188.8860000000002,1187.925,1188.4
2015-01-02 21:45:00,1188.4,1189.388,1188.325,1188.726
2015-01-04 23:00:00,1188.5049999999999,1188.79,1178.3764999999999,1180.65
2015-01-04 23:15:00,1180.4750000000001,1182.1,1178.258,1180.195
2015-01-04 23:30:00,1180.061,1183.625,1179.56,1183.1
2015-01-04 23:45:00,1183.1,1184.53,1181.9635,1184.1059999999998
2015-01-05 01:00:00,1189.9055,1193.095,1189.848,1192.305
2015-01-05 01:15:00,1192.285,1192.485,1191.6100000000001,1192.2435
2015-01-05 01:30:00,1192.23,1192.243,1190.3955,1191.4675
2015-01-05 01:45:00,1191.482,1191.9850000000001,1190.556,1191.5800000000002
2015-01-05 02:00:00,1191.5900000000001,1191.877,1190.1985,1190.855
2015-01-05 02:15:00,1190.865,1193.796,1190.865,1192.864
2015-01-05 02:30:00,1192.8605,1193.9399999999998,1192.267,1193.623
2015-01-05 02:45:00,1193.6105000000002,1194.3935,1192.9435,1193.215
2015-01-05 03:00:00,1193.275,1193.9885,1193.0785,1193.3135
2015-01-05 03:15:00,1193.3035,1193.7205,1192.7305000000001,1193.41
2015-01-05 03:30:00,1193.3985,1193.9495000000002,1192.8000000000002,1193.5659999999998
2015-01-05 03:45:00,1193.624,1193.6245,1192.7910000000002,1193.045
2015-01-05 04:00:00,1193.035,1193.035,1192.147,1192.3760000000002
2015-01-05 04:15:00,1192.3809999999999,1192.691,1192.202,1192.2575
2015-01-05 04:30:00,1192.2615,1192.3594999999998,1191.2825,1191.8110000000001
2015-01-05 04:45:00,1191.805,1192.4610000000002,1191.5929999999998,1191.8039999999999
2015-01-05 05:00:00,1191.7955,1192.356,1191.519,1192.2325
2015-01-05 05:15:00,1192.2450000000001,1192.906,1192.04,1192.8035000000002
2015-01-05 05:30:00,1192.8090000000002,1194.828,1192.8015,1194.7064999999998
2015-01-05 05:45:00,1194.7185,1197.846,1194.4189999999999,1196.6245000000001
2015-01-05 06:00:00,1196.6775,1197.19,1196.0,1196.19
2015-01-05 06:15:00,1196.1135,1196.635,1195.4799999999998,1195.783
2015-01-05 06:30:00,1195.795,1196.0839999999998,1194.885,1195.745
2015-01-05 06:45:00,1195.7635,1196.786,1195.5120000000002,1196.655
2015-01-05 07:00:00,1196.654,1196.8825,1195.6399999999999,1196.2530000000002
2015-01-05 07:15:00,1196.2535,1197.9334999999999,1196.148,1197.128
2015-01-05 07:30:00,1197.1285,1197.8159999999998,1196.526,1196.7685
2015-01-05 07:45:00,1196.758,1197.5339999999999,1195.647,1195.8265000000001
2015-01-05 08:00:00,1195.8095,1197.5545,1195.543,1196.1555
2015-01-05 08:15:00,1196.1645,1197.2485,1195.1399999999999,1195.988
2015-01-05 08:30:00,1195.9779999999998,1196.462,1195.5279999999998,1195.589
2015-01-05 08:45:00,1195.6135,1195.833,1193.432,1193.7205
2015-01-05 09:00:00,1193.759,1194.7814999999998,1193.2075000000002,1194.0985
2015-01-05 09:15:00,1194.1009999999999,1195.2785000000001,1193.892,1195.0605
2015-01-05 09:30:00,1195.0610000000001,1196.0705,1194.965,1195.0800000000002
2015-01-05 09:45:00,1195.073,1195.6685,1194.3065000000001,1194.561
2015-01-05 10:00:00,1194.567,1195.1885,1192.455,1192.948
2015-01-05 10:15:00,1192.9485,1193.7685,1192.0735,1192.1185
2015-01-05 10:30:00,1192.1055,1192.6985,1191.5825000000002,1192.3684999999998
2015-01-05 10:45:00,1192.3690000000001,1192.922,1188.665,1189.792
2015-01-05 11:00:00,1189.786,1191.395,1189.6004999999998,1190.5149999999999
2015-01-05 11:15:00,1190.5149999999999,1191.0230000000001,1189.9935,1190.5049999999999
2015-01-05 11:30:00,1190.5149999999999,1190.661,1187.11,1188.982
2015-01-05 11:45:00,1188.965,1189.587,1187.3685,1189.2389999999998
2015-01-05 12:00:00,1189.2160000000001,1190.0590000000002,1188.7335,1189.7275
2015-01-05 12:15:00,1189.6754999999998,1190.631,1188.568,1190.446
2015-01-05 12:30:00,1190.4454999999998,1190.704,1187.0235,1187.145
2015-01-05 12:45:00,1187.127,1189.771,1186.876,1189.2264999999998
2015-01-05 13:00:00,1189.2209999999998,1189.6765,1186.8815000000002,1188.985
2015-01-05 13:15:00,1188.976,1196.126,1188.145,1194.8985
2015-01-05 13:30:00,1194.904,1198.9470000000001,1194.28,1195.5235
2015-01-05 13:45:00,1195.5390000000002,1196.7145,1194.2885,1194.3885
2015-01-05 14:00:00,1194.3944999999999,1196.3825,1193.4605,1195.1564999999998
2015-01-05 14:15:00,1195.175,1196.3985,1193.836,1194.839
2015-01-05 14:30:00,1194.8635,1200.6975,1194.5140000000001,1197.425
2015-01-05 14:45:00,1197.4550000000002,1199.4164999999998,1197.069,1199.0384999999999
2015-01-05 15:00:00,1198.9950000000001,1202.2559999999999,1198.525,1199.62
2015-01-05 15:15:00,1199.6435,1201.333,1198.546,1200.7185
2015-01-05 15:30:00,1200.7185,1202.6345,1198.981,1199.7235
2015-01-05 15:45:00,1199.678,1199.7235,1197.5555,1198.853
2015-01-05 16:00:00,1198.8285,1199.002,1195.99,1196.8535
2015-01-05 16:15:00,1196.852,1197.7455,1195.3745000000001,1195.3995
2015-01-05 16:30:00,1195.483,1196.7839999999999,1194.563,1195.971
2015-01-05 16:45:00,1195.9904999999999,1196.918,1195.1185,1196.569
2015-01-05 17:00:00,1196.556,1197.2705,1195.955,1196.233
2015-01-05 17:15:00,1196.2285,1198.6170000000002,1196.1585,1198.045
2015-01-05 17:30:00,1198.021,1199.7065,1197.8505,1199.0149999999999
2015-01-05 17:45:00,1199.1135,1201.503,1199.1135,1201.0365
2015-01-05 18:00:00,1201.052,1201.933,1199.979,1200.9945
2015-01-05 18:15:00,1201.0259999999998,1204.532,1200.9425,1203.8954999999999
2015-01-05 18:30:00,1203.6940000000002,1204.241,1202.9979999999998,1203.843
2015-01-05 18:45:00,1203.835,1203.9085,1202.1650000000002,1202.694
2015-01-05 19:00:00,1202.6145,1203.6999999999998,1202.271,1203.631
2015-01-05 19:15:00,1203.7234999999998,1204.262,1203.3609999999999,1203.434
2015-01-05 19:30:00,1203.4575,1203.783,1202.1080000000002,1202.4134999999999
2015-01-05 19:45:00,1202.4615000000001,1204.56,1202.389,1204.116
2015-01-05 20:00:00,1204.1154999999999,1205.346,1203.6895,1204.961
2015-01-05 20:15:00,1205.042,1205.596,1204.9305,1205.431
2015-01-05 20:30:00,1205.4315,1206.7465,1205.431,1206.718
2015-01-05 20:45:00,1206.7930000000001,1207.5579999999998,1204.1779999999999,1205.9539999999997
2015-01-05 21:00:00,1205.969,1206.1345,1204.9769999999999,1205.466
2015-01-05 21:15:00,1205.461,1206.574,1205.386,1206.352
2015-01-05 21:30:00,1206.366,1206.376,1204.2485,1204.2485
2015-01-05 21:45:00,1204.249,1205.443,1203.6480000000001,1204.725
2015-01-05 22:00:00,1204.7830000000001,1204.7830000000001,1204.7830000000001,1204.7830000000001
2015-01-05 23:00:00,1203.0555,1203.8695,1202.5,1203.139
2015-01-05 23:15:00,1203.173,1203.535,1203.045,1203.5149999999999
2015-01-05 23:30:00,1203.5,1204.984,1203.475,1204.9140000000002
2015-01-05 23:45:00,1204.8890000000001,1204.8890000000001,1203.413,1203.413
2015-01-06 01:00:00,1203.3374999999999,1204.302,1202.923,1203.583
2015-01-06 01:15:00,1203.5885,1203.6750000000002,1202.622,1203.1505
2015-01-06 01:30:00,1203.146,1203.975,1203.097,1203.6545
2015-01-06 01:45:00,1203.6655,1204.9085,1203.3650000000002,1204.275
2015-01-06 02:00:00,1204.3105,1205.5005,1204.185,1204.519
2015-01-06 02:15:00,1204.514,1204.695,1204.285,1204.575
2015-01-06 02:30:00,1204.57,1205.03,1204.3715,1204.8825000000002
2015-01-06 02:45:00,1204.8885,1205.388,1204.4850000000001,1204.9759999999999
2015-01-06 03:00:00,1204.9865,1205.893,1204.644,1205.2785
2015-01-06 03:15:00,1205.2264999999998,1205.9750000000001,1204.9150000000002,1205.6850000000002
2015-01-06 03:30:00,1205.6995000000002,1205.747,1205.185,1205.5665
2015-01-06 03:45:00,1205.585,1205.8105,1205.125,1205.747
2015-01-06 04:00:00,1205.7915,1208.2735,1205.5965,1207.7715
2015-01-06 04:15:00,1207.7765,1208.1745,1207.0615,1208.1115
2015-01-06 04:30:00,1208.079,1208.199,1206.8415,1207.345
2015-01-06 04:45:00,1207.365,1207.45,1206.7315,1206.7315
2015-01-06 05:00:00,1206.755,1207.3815,1205.8515,1205.8715
2015-01-06 05:15:00,1205.866,1206.8165000000001,1205.771,1206.7615
2015-01-06 05:30:00,1206.8,1206.8605,1206.1715,1206.2095
2015-01-06 05:45:00,1206.2155,1206.2350000000001,1205.375,1206.152
2015-01-06 06:00:00,1206.1725,1207.185,1206.1615,1206.941
2015-01-06 06:15:00,1206.9275,1207.2649999999999,1206.381,1207.093
2015-01-06 06:30:00,1207.0675,1209.2694999999999,1207.0675,1209.067
2015-01-06 06:45:00,1209.0615,1210.6570000000002,1208.3449999999998,1208.554
2015-01-06 07:00:00,1208.637,1210.045,1208.559,1208.675
2015-01-06 07:15:00,1208.7565,1212.0085,1208.654,1210.43
2015-01-06 07:30:00,1210.3204999999998,1210.3204999999998,1208.6335,1209.702
2015-01-06 07:45:00,1209.7015000000001,1210.504,1208.7205000000001,1208.8020000000001
2015-01-06 08:00:00,1208.8149999999998,1209.664,1208.614,1209.2185
2015-01-06 08:15:00,1209.2235,1209.425,1206.785,1207.762
2015-01-06 08:30:00,1207.805,1210.0235,1207.3155,1209.2195
2015-01-06 08:45:00,1209.2265000000002,1212.541,1208.305,1211.8125
2015-01-06 09:00:00,1211.7985,1213.8245,1210.7949999999998,1213.6009999999999
2015-01-06 09:15:00,1213.5964999999999,1214.415,1212.2930000000001,1212.597
2015-01-06 09:30:00,1212.604,1213.184,1210.7140000000002,1211.9415
2015-01-06 09:45:00,1211.9150000000002,1213.8394999999998,1211.294,1213.4485
2015-01-06 10:00:00,1213.4564999999998,1213.537,1211.7215,1211.9524999999999
2015-01-06 10:15:00,1211.9485000000002,1211.9705,1210.6680000000001,1211.0735
2015-01-06 10:30:00,1211.073,1212.138,1210.469,1211.9579999999999
2015-01-06 10:45:00,1211.9634999999998,1212.468,1210.963,1211.0415
2015-01-06 11:00:00,1211.0335,1211.639,1209.982,1210.2785000000001
2015-01-06 11:15:00,1210.2765,1210.8139999999999,1209.9740000000002,1210.4815
2015-01-06 11:30:00,1210.487,1211.9775,1210.487,1211.2235
2015-01-06 11:45:00,1211.218,1211.2195,1209.0035,1210.2115000000001
2015-01-06 12:00:00,1210.201,1211.076,1209.9015,1211.0615
2015-01-06 12:15:00,1211.0430000000001,1211.3065000000001,1209.0165000000002,1209.725
2015-01-06 12:30:00,1209.7155,1209.7345,1208.2605,1208.5674999999999
2015-01-06 12:45:00,1208.5649999999998,1210.3185,1208.5149999999999,1210.2715
2015-01-06 13:00:00,1210.2805,1214.0575000000001,1208.841,1212.3039999999999
2015-01-06 13:15:00,1212.309,1212.9435,1209.9185,1211.6985
2015-01-06 13:30:00,1211.6885,1211.7549999999999,1210.613,1211.0485
2015-01-06 13:45:00,1211.049,1212.188,1210.6385,1210.7849999999999
2015-01-06 14:00:00,1210.7839999999999,1210.989,1208.3999999999999,1208.734
2015-01-06 14:15:00,1208.7015000000001,1210.5255,1208.315,1210.0325
2015-01-06 14:30:00,1210.0964999999999,1210.9385,1208.6915,1210.5145
2015-01-06 14:45:00,1210.5135,1211.719,1209.5514999999998,1210.0249999999999
2015-01-06 15:00:00,1210.084,1213.4515000000001,1210.084,1210.475
2015-01-06 15:15:00,1210.46,1210.8515,1205.5655,1207.445
2015-01-06 15:30:00,1207.341,1208.755,1205.921,1208.3639999999998
2015-01-06 15:45:00,1208.3604999999998,1209.507,1207.825,1208.935
2015-01-06 16:00:00,1208.939,1210.184,1207.3355,1207.565
2015-01-06 16:15:00,1207.5679999999998,1210.2115,1207.5430000000001,1209.72
2015-01-06 16:30:00,1209.7350000000001,1221.28,1209.735,1221.0430000000001
2015-01-06 16:45:00,1221.0665,1223.211,1217.2925,1219.867
2015-01-06 17:00:00,1219.6850000000002,1220.4455,1217.681,1217.911
2015-01-06 17:15:00,1217.935,1221.46,1217.911,1219.5695
2015-01-06 17:30:00,1219.5945,1221.016,1216.9750000000001,1218.9095
2015-01-06 17:45:00,1218.875,1219.5720000000001,1215.847,1217.0715
2015-01-06 18:00:00,1217.0795,1218.9669999999999,1217.0795,1218.9399999999998
2015-01-06 18:15:00,1218.9835,1220.9869999999999,1218.296,1219.7179999999998
2015-01-06 18:30:00,1219.7434999999998,1220.0884999999998,1218.5439999999999,1218.5590000000002
2015-01-06 18:45:00,1218.5795,1218.9745,1216.8890000000001,1217.066
2015-01-06 19:00:00,1217.0200000000002,1217.427,1214.566,1215.9565
2015-01-06 19:15:00,1215.9645,1217.284,1215.86,1217.013
2015-01-06 19:30:00,1216.9785000000002,1217.9669999999999,1216.4755,1217.961
2015-01-06 19:45:00,1218.059,1218.059,1216.9180000000001,1217.4424999999999
2015-01-06 20:00:00,1217.4479999999999,1219.0370000000003,1217.423,1218.718
2015-01-06 20:15:00,1218.687,1218.7245,1217.3875,1218.224
2015-01-06 20:30:00,1218.2359999999999,1219.4035,1217.57,1218.778
2015-01-06 20:45:00,1218.8645000000001,1219.426,1218.0810000000001,1219.07
2015-01-06 21:00:00,1219.0245,1219.9305,1218.301,1218.301
2015-01-06 21:15:00,1218.291,1218.726,1217.945,1218.4660000000001
2015-01-06 21:30:00,1218.431,1219.272,1218.431,1219.1865
2015-01-06 21:45:00,1219.172,1219.421,1218.52,1218.58
2015-01-06 22:00:00,1218.534,1218.534,1218.534,1218.534
2015-01-06 23:00:00,1218.8990000000001,1218.8995,1217.0159999999998,1217.7499999999998
2015-01-06 23:15:00,1217.75,1218.763,1217.25,1218.279
2015-01-06 23:30:00,1218.298,1218.298,1217.66,1217.66
2015-01-06 23:45:00,1217.694,1217.7939999999999,1216.127,1216.2870000000003
2015-01-07 01:00:00,1218.1665,1218.295,1216.768,1216.906
2015-01-07 01:15:00,1216.8955,1217.3195,1215.966,1216.565
2015-01-07 01:30:00,1216.5785,1217.2855,1216.4750000000001,1216.9589999999998
2015-01-07 01:45:00,1216.953,1217.6355,1216.78,1217.352
2015-01-07 02:00:00,1217.3165000000001,1217.3165000000001,1216.4395,1217.1845
2015-01-07 02:15:00,1217.1905,1217.639,1216.9335,1217.1775
2015-01-07 02:30:00,1217.1834999999999,1217.9,1217.175,1217.3880000000001
2015-01-07 02:45:00,1217.4240000000002,1217.4785,1216.6605,1216.8029999999999
2015-01-07 03:00:00,1216.795,1217.4085,1216.3285,1216.6385
2015-01-07 03:15:00,1216.6399999999999,1216.6399999999999,1215.7525,1215.8909999999998
2015-01-07 03:30:00,1215.8425000000002,1215.945,1214.545,1214.957
2015-01-07 03:45:00,1214.927,1215.194,1214.2355,1214.3129999999999
2015-01-07 04:00:00,1214.306,1214.75,1214.2625,1214.5555
2015-01-07 04:15:00,1214.566,1215.5265,1214.3515,1215.3325
2015-01-07 04:30:00,1215.3400000000001,1215.3400000000001,1214.6865,1215.0335
2015-01-07 04:45:00,1215.039,1215.315,1214.6634999999999,1215.315
2015-01-07 05:00:00,1215.2865,1215.2865,1213.341,1213.4465
2015-01-07 05:15:00,1213.4450000000002,1214.4550000000002,1213.204,1214.2450000000001
2015-01-07 05:30:00,1214.2745000000002,1214.3450000000003,1212.147,1213.035
2015-01-07 05:45:00,1213.0099999999998,1213.991,1212.829,1213.659
2015-01-07 06:00:00,1213.633,1215.0320000000002,1213.633,1214.7549999999999
2015-01-07 06:15:00,1214.745,1215.245,1214.5215,1214.776
2015-01-07 06:30:00,1214.7825,1215.0815000000002,1213.947,1214.047
2015-01-07 06:45:00,1214.03,1214.6195,1213.4824999999998,1213.9195
2015-01-07 07:00:00,1213.9144999999999,1213.975,1212.421,1213.714
2015-01-07 07:15:00,1213.7145,1213.934,1213.0575000000001,1213.5030000000002
2015-01-07 07:30:00,1213.5100000000002,1213.6490000000001,1212.95,1213.395
2015-01-07 07:45:00,1213.532,1214.6585,1213.5265,1214.2649999999999
2015-01-07 08:00:00,1214.2440000000001,1216.6035000000002,1214.2205000000001,1215.327
2015-01-07 08:15:00,1215.3355000000001,1215.511,1213.785,1214.1015
2015-01-07 08:30:00,1214.07,1215.136,1213.8799999999999,1214.9750000000001
2015-01-07 08:45:00,1214.9615000000001,1215.4434999999999,1214.8120000000001,1214.8500000000001
2015-01-07 09:00:00,1214.8655,1215.7505,1214.815,1215.641
2015-01-07 09:15:00,1215.635,1217.925,1214.9899999999998,1217.755
2015-01-07 09:30:00,1217.7450000000001,1218.08,1216.8765,1217.136
2015-01-07 09:45:00,1217.091,1217.455,1216.7,1217.215
2015-01-07 10:00:00,1217.194,1218.3885,1215.24,1215.6365
2015-01-07 10:15:00,1215.5849999999998,1215.664,1214.0265,1214.1365
2015-01-07 10:30:00,1214.145,1215.0735000000002,1213.5449999999998,1215.0735000000002
2015-01-07 10:45:00,1215.0985,1215.0985,1212.7259999999999,1213.3485
2015-01-07 11:00:00,1213.3735000000001,1215.0115,1213.0115,1214.0140000000001
2015-01-07 11:15:00,1214.009,1214.009,1213.0485,1213.55
2015-01-07 11:30:00,1213.4734999999998,1213.64,1211.1699999999998,1213.395
2015-01-07 11:45:00,1213.356,1214.105,1212.821,1213.5935
2015-01-07 12:00:00,1213.5915,1214.0365,1212.317,1212.631
2015-01-07 12:15:00,1212.6365,1214.072,1212.031,1212.632
2015-01-07 12:30:00,1212.6005,1214.172,1212.516,1213.604
2015-01-07 12:45:00,1213.562,1214.002,1212.78,1212.9009999999998
2015-01-07 13:00:00,1212.8909999999998,1213.244,1211.5705,1212.955
2015-01-07 13:15:00,1212.729,1213.5655,1209.106,1210.54
2015-01-07 13:30:00,1210.47,1213.12,1209.14,1211.95
2015-01-07 13:45:00,1212.0315,1213.36,1211.345,1212.497
2015-01-07 14:00:00,1212.4715,1212.824,1211.085,1212.317
2015-01-07 14:15:00,1212.3329999999999,1213.1185,1211.375,1212.6615
2015-01-07 14:30:00,1212.6664999999998,1214.17,1211.5884999999998,1211.9685
2015-01-07 14:45:00,1211.97,1212.9225,1211.3220000000001,1212.414
2015-01-07 15:00:00,1212.4095,1212.6735,1210.819,1211.8805
2015-01-07 15:15:00,1211.88,1212.1285,1210.7534999999998,1211.6535
2015-01-07 15:30:00,1211.6495,1215.974,1211.615,1214.6685
2015-01-07 15:45:00,1214.6750000000002,1216.5045,1213.8805,1214.6149999999998
2015-01-07 16:00:00,1214.6049999999998,1216.2565,1214.2949999999998,1215.14
2015-01-07 16:15:00,1215.193,1215.8850000000002,1214.2430000000002,1215.0514999999998
2015-01-07 16:30:00,1214.9750000000001,1215.47,1211.9800000000002,1213.1595
2015-01-07 16:45:00,1213.151,1213.2614999999998,1211.3585,1212.21
2015-01-07 17:00:00,1212.2215,1213.415,1211.1665,1213.1535
2015-01-07 17:15:00,1213.1415,1214.0915,1212.936,1213.424
2015-01-07 17:30:00,1213.344,1213.518,1212.8815,1213.139
2015-01-07 17:45:00,1213.1135,1213.9095000000002,1212.929,1213.564
2015-01-07 18:00:00,1213.4405000000002,1213.5145,1212.3965,1212.7459999999999
2015-01-07 18:15:00,1212.7369999999999,1212.776,1210.3690000000001,1210.625
2015-01-07 18:30:00,1210.6,1211.8680000000002,1210.3339999999998,1211.444
2015-01-07 18:45:00,1211.422,1211.645,1210.18,1211.004
2015-01-07 19:00:00,1211.019,1214.682,1209.6299999999999,1213.4319999999998
2015-01-07 19:15:00,1213.41,1215.3939999999998,1212.424,1213.591
2015-01-07 19:30:00,1213.5965,1214.188,1211.8955,1213.768
2015-01-07 19:45:00,1213.779,1216.607,1213.0504999999998,1215.8339999999998
2015-01-07 20:00:00,1215.804,1216.044,1214.463,1215.728
2015-01-07 20:15:00,1215.7689999999998,1216.785,1214.048,1214.441
2015-01-07 20:30:00,1214.424,1214.913,1213.619,1214.458
2015-01-07 20:45:00,1214.4134999999999,1214.9305,1212.2005,1212.3605
2015-01-07 21:00:00,1212.3609999999999,1213.5290000000002,1212.092,1213.5100000000002
2015-01-07 21:15:00,1213.559,1213.62,1211.7450000000001,1211.785
2015-01-07 21:30:00,1211.76,1211.764,1209.9569999999999,1210.7614999999998
2015-01-07 21:45:00,1210.7275,1211.675,1210.46,1211.355
2015-01-07 22:00:00,1211.286,1211.4560000000001,1211.286,1211.356
2015-01-07 23:00:00,1211.255,1212.856,1211.0565000000001,1212.692
2015-01-07 23:15:00,1212.6619999999998,1212.7069999999999,1212.142,1212.478
2015-01-07 23:30:00,1212.453,1212.6560000000002,1212.2250000000001,1212.45
2015-01-07 23:45:00,1212.45,1212.8319999999999,1212.45,1212.535
2015-01-08 01:00:00,1212.815,1214.1465,1212.542,1213.9205
2015-01-08 01:15:00,1213.9199999999998,1214.3535,1213.3455,1213.6
2015-01-08 01:30:00,1213.606,1213.8549999999998,1213.045,1213.3035
2015-01-08 01:45:00,1213.3084999999999,1213.4135,1212.218,1212.334
2015-01-08 02:00:00,1212.3284999999998,1212.5484999999999,1211.4415000000001,1212.211
2015-01-08 02:15:00,1212.2115000000001,1212.663,1211.921,1212.5565
2015-01-08 02:30:00,1212.582,1212.6135,1210.681,1211.335
2015-01-08 02:45:00,1211.3425,1211.7615,1209.722,1210.3564999999999
2015-01-08 03:00:00,1210.365,1210.7179999999998,1209.83,1209.91
2015-01-08 03:15:00,1209.8975,1210.3435000000002,1206.7415,1207.77
2015-01-08 03:30:00,1207.7665,1208.3674999999998,1207.5605,1208.3095
2015-01-08 03:45:00,1208.315,1208.5455,1207.4585000000002,1207.5835000000002
2015-01-08 04:00:00,1207.564,1207.6205,1206.1444999999999,1207.2649999999999
2015-01-08 04:15:00,1207.2749999999999,1207.2749999999999,1204.96,1207.2649999999999
2015-01-08 04:30:00,1207.2649999999999,1207.5725,1206.875,1206.875
2015-01-08 04:45:00,1206.877,1207.4289999999999,1206.623,1207.3895
2015-01-08 05:00:00,1207.384,1208.575,1206.8935,1208.286
2015-01-08 05:15:00,1208.2775,1209.1770000000001,1207.8735,1208.9315
2015-01-08 05:30:00,1208.9405,1209.775,1208.726,1209.5720000000001
2015-01-08 05:45:00,1209.5620000000001,1210.29,1209.4335,1209.884
2015-01-08 06:00:00,1209.804,1209.804,1209.037,1209.131
2015-01-08 06:15:00,1209.088,1209.488,1208.9779999999998,1209.29
2015-01-08 06:30:00,1209.288,1210.1,1209.1329999999998,1209.1384999999998
2015-01-08 06:45:00,1209.1445,1209.3394999999998,1208.105,1208.558
2015-01-08 07:00:00,1208.5355,1208.5355,1206.99,1207.663
2015-01-08 07:15:00,1207.5955000000001,1208.01,1206.946,1208.01
2015-01-08 07:30:00,1207.986,1208.8215,1207.7214999999999,1207.9955
2015-01-08 07:45:00,1207.9850000000001,1209.011,1207.9,1208.6665
2015-01-08 08:00:00,1208.6885,1208.721,1207.9075,1207.9795000000001
2015-01-08 08:15:00,1207.9465,1208.523,1207.7504999999999,1208.277
2015-01-08 08:30:00,1208.2605,1208.2605,1205.7220000000002,1206.47
2015-01-08 08:45:00,1206.5185,1207.925,1206.268,1207.442
2015-01-08 09:00:00,1207.4325,1208.56,1207.2275,1208.455
2015-01-08 09:15:00,1208.4465,1209.06,1208.4050000000002,1208.4655
2015-01-08 09:30:00,1208.4845,1208.646,1207.5555,1207.7065
2015-01-08 09:45:00,1207.697,1208.2465,1207.544,1207.8855
2015-01-08 10:00:00,1207.877,1208.3535,1206.4655,1206.8574999999998
2015-01-08 10:15:00,1206.8625000000002,1206.8625000000002,1205.769,1206.4935
2015-01-08 10:30:00,1206.493,1207.0615,1206.368,1206.7335
2015-01-08 10:45:00,1206.722,1207.0795,1206.3965,1206.433
2015-01-08 11:00:00,1206.3880000000001,1206.4634999999998,1205.5815,1205.8525
2015-01-08 11:15:00,1205.904,1205.938,1205.4470000000001,1205.7120000000002
2015-01-08 11:30:00,1205.6889999999999,1207.029,1204.902,1206.8239999999998
2015-01-08 11:45:00,1206.799,1207.011,1206.3665,1206.9075
2015-01-08 12:00:00,1206.875,1207.29,1206.249,1206.8525000000002
2015-01-08 12:15:00,1206.855,1206.895,1205.855,1205.865
2015-01-08 12:30:00,1205.87,1209.436,1205.8,1208.741
2015-01-08 12:45:00,1208.7415,1211.2915,1208.4365,1210.1355
2015-01-08 13:00:00,1210.1589999999999,1210.868,1207.818,1208.6105
2015-01-08 13:15:00,1208.615,1210.4125,1208.565,1209.665
2015-01-08 13:30:00,1209.62,1212.512,1209.5649999999998,1211.0435
2015-01-08 13:45:00,1211.048,1213.1934999999999,1210.3535000000002,1213.0395
2015-01-08 14:00:00,1213.0469999999998,1213.995,1211.826,1212.0095
2015-01-08 14:15:00,1212.0249999999999,1213.195,1211.5950000000003,1212.607
2015-01-08 14:30:00,1212.564,1212.623,1210.675,1211.481
2015-01-08 14:45:00,1211.4765,1216.2314999999999,1210.764,1215.8515
2015-01-08 15:00:00,1215.8915,1216.559,1213.8609999999999,1214.9115
2015-01-08 15:15:00,1214.9035,1216.4645,1213.5365,1213.8839999999998
2015-01-08 15:30:00,1213.889,1216.1315,1213.6735,1214.508
2015-01-08 15:45:00,1214.501,1215.1309999999999,1212.3000000000002,1212.6435000000001
2015-01-08 16:00:00,1212.6455,1213.4425,1212.3215,1213.1815
2015-01-08 16:15:00,1213.1865,1214.738,1212.819,1214.6625
2015-01-08 16:30:00,1214.6605000000002,1215.3829999999998,1213.8584999999998,1214.1315
2015-01-08 16:45:00,1214.136,1214.338,1212.799,1213.249
2015-01-08 17:00:00,1213.229,1214.147,1212.5535,1213.501
2015-01-08 17:15:00,1213.4615000000001,1214.3654999999999,1213.0929999999998,1213.388
2015-01-08 17:30:00,1213.3815,1213.3875,1212.5075,1212.875
2015-01-08 17:45:00,1212.8854999999999,1213.981,1212.7865,1213.5249999999999
2015-01-08 18:00:00,1213.4885000000002,1213.6895,1209.3025,1210.1055
2015-01-08 18:15:00,1210.105,1210.3515,1208.261,1208.672
2015-01-08 18:30:00,1208.627,1209.8890000000001,1208.554,1209.6725
2015-01-08 18:45:00,1209.684,1209.684,1206.803,1207.953
2015-01-08 19:00:00,1207.9435,1208.466,1207.085,1207.098
2015-01-08 19:15:00,1207.082,1209.5410000000002,1206.8595,1209.1809999999998
2015-01-08 19:30:00,1209.1860000000001,1209.6365,1207.861,1208.319
2015-01-08 19:45:00,1208.3195,1208.4689999999998,1207.436,1207.72
2015-01-08 20:00:00,1207.7195,1208.3960000000002,1207.1190000000001,1207.2099999999998
2015-01-08 20:15:00,1207.2095000000002,1208.1805,1206.4235,1206.69
2015-01-08 20:30:00,1206.675,1208.3355000000001,1206.6145000000001,1208.1165
2015-01-08 20:45:00,1208.117,1208.304,1207.3255,1207.3895
2015-01-08 21:00:00,1207.39,1208.4565,1207.2555000000002,1208.4565
2015-01-08 21:15:00,1208.456,1209.0125,1208.3515,1208.799
2015-01-08 21:30:00,1208.7869999999998,1209.0745,1208.6490000000001,1208.68
2015-01-08 21:45:00,1208.65,1209.2044999999998,1208.604,1208.8895
2015-01-08 22:00:00,1208.893,1208.923,1208.893,1208.923
2015-01-08 23:00:00,1208.7,1208.734,1207.475,1208.3860000000002
2015-01-08 23:15:00,1208.3700000000001,1208.584,1207.791,1208.329
2015-01-08 23:30:00,1208.3295,1208.376,1207.921,1207.921
2015-01-08 23:45:00,1207.916,1208.277,1207.75,1208.269
2015-01-09 01:00:00,1209.839,1212.049,1209.7715,1211.62
2015-01-09 01:15:00,1211.6119999999999,1211.7655,1210.125,1210.6075
2015-01-09 01:30:00,1210.602,1211.7250000000001,1210.5795,1211.59
2015-01-09 01:45:00,1211.59,1212.2250000000001,1211.335,1212.2250000000001
2015-01-09 02:00:00,1212.211,1212.3215,1211.4294999999997,1212.0149999999999
2015-01-09 02:15:00,1212.001,1212.001,1211.294,1211.294
2015-01-09 02:30:00,1211.2945,1212.035,1211.253,1212.024
2015-01-09 02:45:00,1212.0185,1212.9015,1212.0,1212.7075000000002
2015-01-09 03:00:00,1212.7069999999999,1213.123,1211.7250000000001,1211.9399999999998
2015-01-09 03:15:00,1211.9569999999999,1211.9885,1211.051,1211.406
2015-01-09 03:30:00,1211.401,1211.5304999999998,1211.073,1211.158
2015-01-09 03:45:00,1211.1634999999999,1211.433,1210.8135,1211.1689999999999
2015-01-09 04:00:00,1211.126,1211.7615,1211.101,1211.7275
2015-01-09 04:15:00,1211.7765,1212.6455,1211.3415,1211.7935
2015-01-09 04:30:00,1211.8185,1212.1785,1211.378,1211.395
2015-01-09 04:45:00,1211.4265,1211.645,1210.9035,1211.5045
2015-01-09 05:00:00,1211.519,1212.035,1211.3895,1211.955
2015-01-09 05:15:00,1211.9530000000002,1212.1385,1211.645,1211.8485
2015-01-09 05:30:00,1211.8490000000002,1212.7314999999999,1211.803,1212.7314999999999
2015-01-09 05:45:00,1212.73,1213.267,1212.057,1212.3799999999999
2015-01-09 06:00:00,1212.3765,1213.026,1212.171,1212.861
2015-01-09 06:15:00,1212.855,1213.727,1212.7040000000002,1213.71
2015-01-09 06:30:00,1213.6805000000002,1214.352,1212.7649999999999,1212.9750000000001
2015-01-09 06:45:00,1212.9685,1213.29,1212.462,1212.462
2015-01-09 07:00:00,1212.4424999999999,1213.0234999999998,1212.1695,1212.9185
2015-01-09 07:15:00,1212.923,1213.2345,1211.598,1211.6275
2015-01-09 07:30:00,1211.6205,1212.115,1211.0815,1211.4185
2015-01-09 07:45:00,1211.3735,1211.8315,1211.306,1211.5249999999999
2015-01-09 08:00:00,1211.5269999999998,1212.4265,1211.357,1211.7435
2015-01-09 08:15:00,1211.7695,1212.059,1211.3485,1211.9859999999999
2015-01-09 08:30:00,1211.991,1212.036,1210.7815,1210.901
2015-01-09 08:45:00,1210.9485,1212.2150000000001,1210.9485,1211.715
2015-01-09 09:00:00,1211.71,1211.8165,1211.0175,1211.7275
2015-01-09 09:15:00,1211.7015000000001,1211.9050000000002,1211.302,1211.6415
2015-01-09 09:30:00,1211.629,1211.6365,1209.5549999999998,1210.466
2015-01-09 09:45:00,1210.4955,1211.405,1209.5520000000001,1210.8595
2015-01-09 10:00:00,1210.8294999999998,1211.434,1210.2214999999999,1211.281
2015-01-09 10:15:00,1211.2805,1211.5365000000002,1210.9415000000001,1211.235
2015-01-09 10:30:00,1211.245,1211.538,1210.5305,1211.4455
2015-01-09 10:45:00,1211.4465,1212.239,1211.4035000000001,1212.2365
2015-01-09 11:00:00,1212.257,1212.547,1211.529,1211.5490000000002
2015-01-09 11:15:00,1211.5825,1211.631,1211.1475,1211.431
2015-01-09 11:30:00,1211.4699999999998,1211.8915,1210.712,1211.7305
2015-01-09 11:45:00,1211.712,1212.401,1211.5964999999999,1212.137
2015-01-09 12:00:00,1212.177,1213.2385,1211.7649999999999,1212.815
2015-01-09 12:15:00,1212.854,1213.293,1212.0865000000001,1212.1264999999999
2015-01-09 12:30:00,1212.1475,1214.237,1212.0865000000001,1213.1365
2015-01-09 12:45:00,1213.1164999999999,1213.296,1209.79,1210.6985
2015-01-09 13:00:00,1210.6835,1213.0745000000002,1210.3635000000002,1212.7150000000001
2015-01-09 13:15:00,1212.7140000000002,1213.99,1211.35,1211.415
2015-01-09 13:30:00,1211.38,1218.5439999999999,1207.33,1210.013
2015-01-09 13:45:00,1210.0259999999998,1215.1019999999999,1210.003,1214.47
2015-01-09 14:00:00,1214.4035,1215.6865,1212.3200000000002,1213.601
2015-01-09 14:15:00,1213.6015,1214.8725,1212.239,1213.0365000000002
2015-01-09 14:30:00,1212.9915,1215.253,1212.9915,1213.345
2015-01-09 14:45:00,1213.335,1216.9270000000001,1213.335,1215.53
2015-01-09 15:00:00,1215.53,1219.7350000000001,1215.394,1218.0595
2015-01-09 15:15:00,1218.0475000000001,1220.1485,1216.77,1219.5265
2015-01-09 15:30:00,1219.4950000000001,1220.99,1218.4145,1219.195
2015-01-09 15:45:00,1219.2450000000001,1219.3629999999998,1216.0685,1218.106
2015-01-09 16:00:00,1218.087,1219.1745,1217.3175,1218.4999999999998
2015-01-09 16:15:00,1218.549,1219.095,1216.825,1216.9985000000001
2015-01-09 16:30:00,1217.078,1217.934,1216.498,1216.559
2015-01-09 16:45:00,1216.5595,1217.0085,1215.492,1216.1950000000002
2015-01-09 17:00:00,1216.188,1216.849,1216.001,1216.6454999999999
2015-01-09 17:15:00,1216.6550000000002,1218.1345000000001,1216.6015,1216.9499999999998
2015-01-09 17:30:00,1216.8945,1217.973,1216.5140000000001,1217.9355
2015-01-09 17:45:00,1217.943,1218.433,1217.603,1218.1860000000001
2015-01-09 18:00:00,1218.174,1218.489,1216.39,1217.3785
2015-01-09 18:15:00,1217.324,1217.6745,1216.156,1216.377
2015-01-09 18:30:00,1216.405,1218.3780000000002,1216.3595,1218.2775
2015-01-09 18:45:00,1218.279,1221.4560000000001,1218.2075000000002,1220.0610000000001
2015-01-09 19:00:00,1220.0710000000001,1220.4450000000002,1218.7649999999999,1219.05
2015-01-09 19:15:00,1219.065,1219.873,1218.0525,1218.826
2015-01-09 19:30:00,1218.8255,1219.233,1218.1740000000002,1219.233
2015-01-09 19:45:00,1219.236,1220.5655,1219.2275,1220.257
2015-01-09 20:00:00,1220.2685,1220.763,1218.9620000000002,1219.0729999999999
2015-01-09 20:15:00,1219.023,1219.472,1218.628,1218.774
2015-01-09 20:30:00,1218.785,1220.4585,1218.747,1220.1509999999998
2015-01-09 20:45:00,1220.176,1221.2520000000002,1220.0769999999998,1220.8805
2015-01-09 21:00:00,1220.8925000000002,1223.106,1220.346,1222.9805
2015-01-09 21:15:00,1222.9315,1224.174,1222.301,1222.8290000000002
2015-01-09 21:30:00,1222.8285,1222.9199999999998,1221.87,1222.8999999999999
2015-01-09 21:45:00,1222.8999999999999,1223.4985,1222.48,1223.36
2015-01-11 23:00:00,1223.315,1224.93,1222.955,1224.7585000000001
2015-01-11 23:15:00,1224.7525,1226.533,1224.589,1226.5325
2015-01-11 23:30:00,1226.5245,1226.5245,1225.5365,1225.5365
2015-01-11 23:45:00,1225.536,1226.106,1225.3825,1225.685
2015-01-12 01:00:00,1223.8415,1225.8100000000002,1222.4730000000002,1225.55
2015-01-12 01:15:00,1225.5575000000001,1226.963,1225.1635,1225.6325
2015-01-12 01:30:00,1225.6435,1226.7254999999998,1225.4885,1226.3500000000001
2015-01-12 01:45:00,1226.3574999999998,1226.64,1225.3705,1226.124
2015-01-12 02:00:00,1226.137,1226.442,1225.476,1226.049
2015-01-12 02:15:00,1226.0259999999998,1226.2015,1225.6154999999999,1225.7505
2015-01-12 02:30:00,1225.732,1226.3760000000002,1224.7669999999998,1226.14
2015-01-12 02:45:00,1226.1305,1228.3415000000002,1225.9195,1226.0235
2015-01-12 03:00:00,1226.05,1226.5315,1225.8835,1226.1599999999999
2015-01-12 03:15:00,1226.1554999999998,1227.2085,1226.1554999999998,1227.1200000000001
2015-01-12 03:30:00,1227.1200000000001,1227.317,1226.4365,1226.5215
2015-01-12 03:45:00,1226.529,1226.565,1225.1470000000002,1225.286
2015-01-12 04:00:00,1225.3215,1226.2350000000001,1225.3215,1225.9375
2015-01-12 04:15:00,1225.9315000000001,1225.9589999999998,1224.93,1224.9415
2015-01-12 04:30:00,1224.95,1226.3864999999998,1224.8010000000002,1226.2275
2015-01-12 04:45:00,1226.207,1226.879,1225.42,1225.619
2015-01-12 05:00:00,1225.6185,1226.564,1224.328,1226.469
2015-01-12 05:15:00,1226.4325,1226.7645,1225.7935,1226.299
2015-01-12 05:30:00,1226.305,1228.0075,1226.303,1227.5880000000002
2015-01-12 05:45:00,1227.5960000000002,1230.5715,1226.903,1229.41
2015-01-12 06:00:00,1229.36,1231.278,1229.19,1229.8065000000001
2015-01-12 06:15:00,1229.8010000000002,1229.9340000000002,1229.267,1229.8680000000002
2015-01-12 06:30:00,1229.8615000000002,1229.914,1228.982,1229.528
2015-01-12 06:45:00,1229.482,1229.8935000000001,1227.788,1227.9385
2015-01-12 07:00:00,1227.9085,1228.7715,1227.3765,1228.6764999999998
2015-01-12 07:15:00,1228.67,1228.989,1228.434,1228.507
2015-01-12 07:30:00,1228.502,1228.692,1227.398,1227.4955
2015-01-12 07:45:00,1227.432,1228.3059999999998,1226.7939999999999,1228.187
2015-01-12 08:00:00,1228.1795,1228.2805,1225.8955,1225.9744999999998
2015-01-12 08:15:00,1225.9934999999998,1226.3204999999998,1217.6135,1221.5205
2015-01-12 08:30:00,1221.531,1223.4065,1221.143,1222.942
2015-01-12 08:45:00,1222.937,1223.35,1221.483,1223.0515
2015-01-12 09:00:00,1223.087,1223.7169999999999,1221.9235,1223.6885000000002
2015-01-12 09:15:00,1223.7175,1224.4479999999999,1223.402,1224.1765
2015-01-12 09:30:00,1224.202,1224.385,1223.875,1224.1565
2015-01-12 09:45:00,1224.1970000000001,1224.257,1223.554,1223.6685
2015-01-12 10:00:00,1223.6515000000002,1223.6515000000002,1221.256,1221.3564999999999
2015-01-12 10:15:00,1221.394,1222.7675000000002,1221.1770000000001,1222.1235
2015-01-12 10:30:00,1222.123,1222.42,1221.773,1222.285
2015-01-12 10:45:00,1222.2749999999999,1222.3695,1220.46,1220.9415
2015-01-12 11:00:00,1220.9099999999999,1220.9099999999999,1219.277,1219.6999999999998
2015-01-12 11:15:00,1219.7050000000002,1220.918,1219.7050000000002,1220.663
2015-01-12 11:30:00,1220.655,1220.655,1219.3564999999999,1219.3564999999999
2015-01-12 11:45:00,1219.3555,1220.1100000000001,1219.3485,1219.614
2015-01-12 12:00:00,1219.6085,1221.7269999999999,1219.15,1221.128
2015-01-12 12:15:00,1221.1235,1222.103,1220.4305,1220.5985
2015-01-12 12:30:00,1220.5785,1220.725,1219.7314999999999,1220.6585
2015-01-12 12:45:00,1220.651,1220.8005,1218.339,1219.9695
2015-01-12 13:00:00,1219.9495,1223.388,1218.9350000000002,1222.3305
2015-01-12 13:15:00,1222.344,1224.7095,1222.0424999999998,1223.7145
2015-01-12 13:30:00,1223.723,1223.729,1222.2165,1222.4115000000002
2015-01-12 13:45:00,1222.4160000000002,1224.1805,1222.3515,1224.097
2015-01-12 14:00:00,1224.081,1224.8205,1222.297,1222.536
2015-01-12 14:15:00,1222.5665,1223.391,1222.4920000000002,1223.2295000000001
2015-01-12 14:30:00,1223.2065,1225.7235,1221.5240000000001,1224.23
2015-01-12 14:45:00,1224.2305,1228.079,1223.4405,1226.709
2015-01-12 15:00:00,1226.6955,1227.769,1224.8014999999998,1225.657
2015-01-12 15:15:00,1225.687,1227.3464999999999,1225.5970000000002,1227.0165
2015-01-12 15:30:00,1227.035,1227.7865,1226.5655,1226.6815
2015-01-12 15:45:00,1226.6565,1226.7785,1225.5939999999998,1225.9015
2015-01-12 16:00:00,1225.9065,1227.1374999999998,1225.8965,1226.6305
2015-01-12 16:15:00,1226.626,1226.873,1225.2965,1226.071
2015-01-12 16:30:00,1226.065,1226.9485,1225.6315,1226.555
2015-01-12 16:45:00,1226.55,1227.378,1226.2965000000002,1227.2585
2015-01-12 17:00:00,1227.2365,1227.2915,1225.9585,1226.4189999999999
2015-01-12 17:15:00,1226.4035,1228.869,1226.366,1228.515
2015-01-12 17:30:00,1228.521,1229.5159999999998,1228.5155,1229.005
2015-01-12 17:45:00,1229.0065,1229.7645,1227.7725,1228.3345000000002
2015-01-12 18:00:00,1228.3235,1229.5635,1228.261,1229.3595
2015-01-12 18:15:00,1229.34,1234.825,1228.7659999999998,1232.4750000000001
2015-01-12 18:30:00,1232.455,1235.1475,1232.34,1234.1895000000002
2015-01-12 18:45:00,1234.1664999999998,1234.2585,1232.3255,1232.908
2015-01-12 19:00:00,1232.9384999999997,1233.542,1231.9685,1232.505
2015-01-12 19:15:00,1232.511,1235.161,1232.4975,1234.8949999999998
2015-01-12 19:30:00,1234.881,1235.579,1234.355,1235.242
2015-01-12 19:45:00,1235.2295,1235.972,1233.4814999999999,1233.5395
2015-01-12 20:00:00,1233.549,1234.4695,1233.549,1233.756
2015-01-12 20:15:00,1233.7620000000002,1234.8425,1233.7160000000001,1234.827
2015-01-12 20:30:00,1234.811,1234.941,1233.7495000000001,1233.7520000000002
2015-01-12 20:45:00,1233.7345,1234.5839999999998,1232.76,1234.009
2015-01-12 21:00:00,1233.988,1234.114,1233.23,1233.3335
2015-01-12 21:15:00,1233.333,1233.426,1233.153,1233.203
2015-01-12 21:30:00,1233.2245,1233.8090000000002,1233.06,1233.66
2015-01-12 21:45:00,1233.68,1233.86,1233.249,1233.267
2015-01-12 23:00:00,1233.3899999999999,1233.556,1232.1255,1232.875
2015-01-12 23:15:00,1232.875,1233.3545000000001,1232.4275,1232.4275
2015-01-12 23:30:00,1232.4199999999998,1232.544,1231.5065,1231.521
2015-01-12 23:45:00,1231.551,1231.9044999999999,1230.8465,1231.4489999999998
2015-01-13 01:00:00,1233.297,1233.574,1232.2359999999999,1232.737
2015-01-13 01:15:00,1232.7865,1241.4850000000001,1232.7359999999999,1236.6285
2015-01-13 01:30:00,1236.6205,1236.827,1235.2640000000001,1235.7549999999999
2015-01-13 01:45:00,1235.75,1236.376,1235.45,1236.2015
2015-01-13 02:00:00,1236.1965,1236.7485,1235.6495,1236.2285
2015-01-13 02:15:00,1236.1779999999999,1236.268,1235.2,1235.637
2015-01-13 02:30:00,1235.65,1238.0620000000001,1235.518,1237.9765
2015-01-13 02:45:00,1237.917,1238.312,1237.2174999999997,1238.0369999999998
2015-01-13 03:00:00,1238.0435,1239.353,1237.6925,1237.7735
2015-01-13 03:15:00,1237.768,1238.1979999999999,1237.1765,1237.477
2015-01-13 03:30:00,1237.4665,1238.0344999999998,1237.0665,1237.7815
2015-01-13 03:45:00,1237.782,1238.03,1236.644,1236.6525
2015-01-13 04:00:00,1236.643,1237.4689999999998,1236.282,1237.107
2015-01-13 04:15:00,1237.0815,1237.1154999999999,1234.8445,1235.6935
2015-01-13 04:30:00,1235.7299999999998,1235.7939999999999,1234.5984999999998,1235.4424999999999
2015-01-13 04:45:00,1235.509,1235.7804999999998,1234.6785,1234.886
2015-01-13 05:00:00,1234.906,1235.503,1234.7355,1235.057
2015-01-13 05:15:00,1235.056,1236.306,1234.884,1236.2200000000003
2015-01-13 05:30:00,1236.2195,1237.152,1235.46,1235.6470000000002
2015-01-13 05:45:00,1235.654,1236.144,1235.5045,1235.8745
2015-01-13 06:00:00,1235.847,1235.9950000000001,1234.3675,1234.5105
2015-01-13 06:15:00,1234.4855,1234.873,1233.6025,1233.9295
2015-01-13 06:30:00,1233.93,1236.393,1233.93,1236.2545
2015-01-13 06:45:00,1236.2665,1236.6015,1235.5785,1235.7800000000002
2015-01-13 07:00:00,1235.7350000000001,1237.4365,1235.665,1237.402
2015-01-13 07:15:00,1237.4085,1238.5925,1236.831,1237.567
2015-01-13 07:30:00,1237.5725,1238.6570000000002,1237.06,1237.6615000000002
2015-01-13 07:45:00,1237.6655,1239.716,1237.64,1239.6795000000002
2015-01-13 08:00:00,1239.6595000000002,1244.237,1238.7415,1241.739
2015-01-13 08:15:00,1241.7475,1241.925,1240.6135,1241.4315
2015-01-13 08:30:00,1241.444,1241.529,1239.5235,1240.1685
2015-01-13 08:45:00,1240.193,1242.8315000000002,1239.7185,1242.681
2015-01-13 09:00:00,1242.7165,1243.846,1238.0980000000002,1238.608
2015-01-13 09:15:00,1238.6135,1239.4475,1238.0535,1238.593
2015-01-13 09:30:00,1238.629,1239.567,1236.9624999999999,1237.719
2015-01-13 09:45:00,1237.7140000000002,1239.269,1237.519,1239.2160000000001
2015-01-13 10:00:00,1239.213,1239.2225,1237.6285,1238.628
2015-01-13 10:15:00,1238.6045,1240.244,1237.902,1239.783
2015-01-13 10:30:00,1239.7935,1239.799,1238.9305,1238.9305
2015-01-13 10:45:00,1238.9334999999999,1240.165,1238.9334999999999,1239.2485000000001
2015-01-13 11:00:00,1239.315,1240.4279999999999,1239.021,1239.5195
2015-01-13 11:15:00,1239.51,1239.535,1238.227,1239.223
2015-01-13 11:30:00,1239.2250000000001,1240.0735000000002,1239.2250000000001,1239.535
2015-01-13 11:45:00,1239.5665000000001,1240.0220000000002,1238.0459999999998,1238.4785000000002
2015-01-13 12:00:00,1238.5035,1239.8295,1238.0945000000002,1239.7835
2015-01-13 12:15:00,1239.8085,1240.665,1239.2235,1239.945
2015-01-13 12:30:00,1239.931,1240.235,1238.8169999999998,1239.325
2015-01-13 12:45:00,1239.345,1239.6619999999998,1236.4585,1237.847
2015-01-13 13:00:00,1237.817,1242.255,1237.1545,1241.2649999999999
2015-01-13 13:15:00,1241.301,1243.0235,1238.4464999999998,1239.682
2015-01-13 13:30:00,1239.6734999999999,1239.725,1236.7830000000001,1237.64
2015-01-13 13:45:00,1237.6325,1239.3385,1237.53,1238.935
2015-01-13 14:00:00,1238.9479999999999,1239.0149999999999,1237.527,1238.4450000000002
2015-01-13 14:15:00,1238.372,1239.8205,1238.106,1238.5819999999999
2015-01-13 14:30:00,1238.59,1238.703,1235.129,1235.7085
2015-01-13 14:45:00,1235.705,1237.2589999999998,1233.3015,1235.745
2015-01-13 15:00:00,1235.76,1235.894,1231.6955,1235.7189999999998
2015-01-13 15:15:00,1235.7295000000001,1236.2615,1234.9270000000001,1235.3125
2015-01-13 15:30:00,1235.3015,1236.775,1235.058,1236.1789999999999
2015-01-13 15:45:00,1236.1705000000002,1236.5735,1235.265,1235.525
2015-01-13 16:00:00,1235.5315,1236.3605,1234.665,1235.754
2015-01-13 16:15:00,1235.732,1240.8439999999998,1235.4765,1239.555
2015-01-13 16:30:00,1239.531,1240.164,1237.4865,1237.627
2015-01-13 16:45:00,1237.6190000000001,1238.4115000000002,1237.1315,1237.6899999999998
2015-01-13 17:00:00,1237.6765,1237.6950000000002,1236.35,1236.5529999999999
2015-01-13 17:15:00,1236.5459999999998,1237.139,1236.1535,1236.5535
2015-01-13 17:30:00,1236.5725,1238.2625,1236.474,1237.8255
2015-01-13 17:45:00,1237.8285,1237.9465,1236.941,1236.9959999999999
2015-01-13 18:00:00,1236.979,1237.05,1235.477,1235.982
2015-01-13 18:15:00,1235.9925,1236.68,1233.186,1233.67
2015-01-13 18:30:00,1233.655,1236.449,1232.4850000000001,1234.871
2015-01-13 18:45:00,1234.8645000000001,1235.3764999999999,1233.582,1233.886
2015-01-13 19:00:00,1233.8715,1233.9375,1227.3695,1231.0289999999998
2015-01-13 19:15:00,1231.031,1235.587,1230.6339999999998,1234.307
2015-01-13 19:30:00,1234.3015,1235.2825,1233.0535000000002,1234.101
2015-01-13 19:45:00,1234.1045000000001,1234.3880000000001,1232.8485,1233.931
2015-01-13 20:00:00,1233.9385,1233.9865,1230.17,1232.695
2015-01-13 20:15:00,1232.6775000000002,1232.9275,1231.343,1231.343
2015-01-13 20:30:00,1231.3575,1231.721,1230.089,1230.779
2015-01-13 20:45:00,1230.7945,1231.9244999999999,1230.3605,1230.502
2015-01-13 21:00:00,1230.489,1231.391,1230.053,1230.52
2015-01-13 21:15:00,1230.496,1231.34,1230.3895,1230.9365
2015-01-13 21:30:00,1230.8865,1231.3980000000001,1230.8029999999999,1230.9045
2015-01-13 21:45:00,1230.904,1231.1555,1230.445,1230.775
2015-01-13 22:00:00,1230.735,1230.735,1230.6950000000002,1230.6950000000002
2015-01-13 23:00:00,1231.09,1232.2035,1230.715,1232.136
2015-01-13 23:15:00,1232.125,1232.3165,1231.6399999999999,1232.125
2015-01-13 23:30:00,1232.08,1232.1950000000002,1231.694,1231.9859999999999
2015-01-13 23:45:00,1231.982,1233.163,1231.942,1233.163
2015-01-14 01:00:00,1232.9165,1234.1619999999998,1231.925,1233.0439999999999
2015-01-14 01:15:00,1233.0494999999999,1233.298,1229.1164999999999,1229.4055
2015-01-14 01:30:00,1229.4005,1230.6695000000002,1229.0225,1230.57
2015-01-14 01:45:00,1230.5665000000001,1230.8385,1229.442,1230.1905000000002
2015-01-14 02:00:00,1230.182,1230.182,1225.1950000000002,1227.5790000000002
2015-01-14 02:15:00,1227.6240000000003,1228.3835,1227.5349999999999,1228.3560000000002
2015-01-14 02:30:00,1228.3609999999999,1230.127,1228.3609999999999,1229.0345
2015-01-14 02:45:00,1229.0295,1231.039,1228.9925,1230.745
2015-01-14 03:00:00,1230.745,1230.935,1227.9835,1228.08
2015-01-14 03:15:00,1228.0735,1228.8725,1227.4750000000001,1227.5279999999998
2015-01-14 03:30:00,1227.5349999999999,1228.795,1227.375,1228.105
2015-01-14 03:45:00,1228.1155,1228.805,1227.346,1227.915
2015-01-14 04:00:00,1227.9475,1229.492,1227.713,1228.8675
2015-01-14 04:15:00,1228.866,1229.5265,1228.4485,1229.3185
2015-01-14 04:30:00,1229.319,1229.7925,1229.0855000000001,1229.575
2015-01-14 04:45:00,1229.5819999999999,1230.086,1229.215,1229.8909999999998
2015-01-14 05:00:00,1229.8915000000002,1229.8915000000002,1228.661,1228.771
2015-01-14 05:15:00,1228.7765,1229.638,1228.5715,1229.5384999999999
2015-01-14 05:30:00,1229.5439999999999,1229.6725000000001,1225.84,1226.7624999999998
2015-01-14 05:45:00,1226.755,1227.77,1226.61,1227.7075
2015-01-14 06:00:00,1227.708,1228.3935,1227.1855,1228.3840000000002
2015-01-14 06:15:00,1228.3564999999999,1230.471,1227.6565,1229.8600000000001
2015-01-14 06:30:00,1229.8549999999998,1230.576,1229.2685,1229.618
2015-01-14 06:45:00,1229.6209999999999,1232.027,1229.254,1230.9685
2015-01-14 07:00:00,1230.9745,1233.112,1230.917,1232.9699999999998
2015-01-14 07:15:00,1232.97,1233.115,1231.611,1231.6435000000001
2015-01-14 07:30:00,1231.651,1231.7554999999998,1229.6395,1230.445
2015-01-14 07:45:00,1230.45,1230.982,1229.3795,1229.8449999999998
2015-01-14 08:00:00,1229.773,1231.4,1228.6005,1229.216
2015-01-14 08:15:00,1229.21,1229.7085,1225.676,1227.061
2015-01-14 08:30:00,1227.0515,1227.8985,1225.5825,1227.893
2015-01-14 08:45:00,1227.8600000000001,1229.3129999999999,1227.0620000000001,1227.5449999999998
2015-01-14 09:00:00,1227.5964999999999,1229.28,1227.221,1227.303
2015-01-14 09:15:00,1227.31,1228.6735,1226.213,1227.51
2015-01-14 09:30:00,1227.4935,1228.2905,1225.861,1226.4019999999998
2015-01-14 09:45:00,1226.408,1229.035,1225.4365,1228.0249999999999
2015-01-14 10:00:00,1228.02,1230.5865000000001,1227.353,1230.2514999999999
2015-01-14 10:15:00,1230.2589999999998,1230.298,1228.481,1229.3515
2015-01-14 10:30:00,1229.3505,1229.6615,1228.3425000000002,1229.0615
2015-01-14 10:45:00,1229.0620000000001,1230.399,1228.4279999999999,1229.2215
2015-01-14 11:00:00,1229.1799999999998,1229.195,1227.9579999999999,1228.1515
2015-01-14 11:15:00,1228.1605,1229.8539999999998,1227.1450000000002,1229.1550000000002
2015-01-14 11:30:00,1229.1685000000002,1229.1935,1228.0955,1228.105
2015-01-14 11:45:00,1228.1119999999999,1228.6745,1227.8465,1228.295
2015-01-14 12:00:00,1228.35,1228.5230000000001,1227.1229999999998,1228.246
2015-01-14 12:15:00,1228.251,1230.205,1228.2395000000001,1229.6989999999998
2015-01-14 12:30:00,1229.704,1232.0785,1229.5494999999999,1230.6474999999998
2015-01-14 12:45:00,1230.6365,1232.5659999999998,1229.32,1232.001
2015-01-14 13:00:00,1232.141,1234.234,1231.215,1232.9654999999998
2015-01-14 13:15:00,1232.9885000000002,1234.1484999999998,1232.466,1232.81
2015-01-14 13:30:00,1232.841,1239.9115,1232.841,1237.5215
2015-01-14 13:45:00,1237.517,1241.847,1237.517,1239.756
2015-01-14 14:00:00,1239.7665,1244.44,1239.718,1240.665
2015-01-14 14:15:00,1240.574,1242.1985,1238.575,1240.0555000000002
2015-01-14 14:30:00,1239.9885000000002,1242.3465,1238.9199999999998,1240.3839999999998
2015-01-14 14:45:00,1240.4234999999999,1241.0885,1235.6365,1237.0415
2015-01-14 15:00:00,1237.0674999999999,1237.97,1235.2535,1237.97
2015-01-14 15:15:00,1238.039,1240.3635,1237.573,1238.9595
2015-01-14 15:30:00,1238.9105,1241.2230000000002,1238.315,1238.743
2015-01-14 15:45:00,1238.7345,1239.9185,1238.4445,1238.613
2015-01-14 16:00:00,1238.572,1239.3084999999999,1237.2859999999998,1238.0430000000001
2015-01-14 16:15:00,1238.0915,1240.0849999999998,1237.584,1238.776
2015-01-14 16:30:00,1238.7685000000001,1239.1905000000002,1238.1105,1238.693
2015-01-14 16:45:00,1238.6875,1238.6965,1237.2185,1238.58
2015-01-14 17:00:00,1238.5349999999999,1239.6460000000002,1237.853,1239.058
2015-01-14 17:15:00,1239.0515,1239.2755000000002,1238.2665,1238.5325
2015-01-14 17:30:00,1238.509,1238.8120000000001,1238.0880000000002,1238.608
2015-01-14 17:45:00,1238.607,1239.39,1238.0790000000002,1238.7685000000001
2015-01-14 18:00:00,1238.7795,1238.8390000000002,1237.5315,1238.713
2015-01-14 18:15:00,1238.707,1239.0235,1233.3400000000001,1234.895
2015-01-14 18:30:00,1234.92,1238.0410000000002,1234.3275,1236.8355000000001
2015-01-14 18:45:00,1236.8275,1236.9725,1233.7800000000002,1234.2849999999999
2015-01-14 19:00:00,1234.355,1234.9634999999998,1233.214,1233.595
2015-01-14 19:15:00,1233.587,1234.095,1227.846,1231.694
2015-01-14 19:30:00,1231.664,1233.0310000000002,1231.396,1232.5015
2015-01-14 19:45:00,1232.499,1234.1149999999998,1232.3105,1233.14
2015-01-14 20:00:00,1233.103,1233.26,1232.4765,1232.7255
2015-01-14 20:15:00,1232.748,1233.4485,1231.1399999999999,1231.1399999999999
2015-01-14 20:30:00,1231.1299999999999,1231.1299999999999,1229.3825,1229.9885
2015-01-14 20:45:00,1230.0095000000001,1231.769,1228.1375,1228.196
2015-01-14 21:00:00,1228.176,1230.2344999999998,1228.1200000000001,1230.0825
2015-01-14 21:15:00,1230.086,1230.43,1229.5110000000002,1230.2064999999998
2015-01-14 21:30:00,1230.185,1231.4115,1229.9765,1230.3855
2015-01-14 21:45:00,1230.3609999999999,1230.6270000000002,1228.6,1228.6899999999998
2015-01-14 22:00:00,1228.72,1228.72,1228.72,1228.72
2015-01-14 23:00:00,1229.325,1230.0720000000001,1228.825,1230.0665000000001
2015-01-14 23:15:00,1230.066,1230.502,1229.6775,1230.432
2015-01-14 23:30:00,1230.4515000000001,1231.888,1230.3439999999998,1231.63
2015-01-14 23:45:00,1231.635,1231.635,1230.929,1231.0874999999999
2015-01-15 01:00:00,1230.511,1231.402,1227.1570000000002,1228.538
2015-01-15 01:15:00,1228.519,1229.7050000000002,1228.2125,1229.5335000000002
2015-01-15 01:30:00,1229.524,1229.5335000000002,1227.837,1228.275
2015-01-15 01:45:00,1228.2869999999998,1228.905,1228.111,1228.7825
2015-01-15 02:00:00,1228.745,1229.2385,1227.994,1229.175
2015-01-15 02:15:00,1229.1815,1229.636,1228.961,1229.3475
2015-01-15 02:30:00,1229.347,1230.518,1229.347,1230.1775
2015-01-15 02:45:00,1230.178,1230.7895,1230.019,1230.13
2015-01-15 03:00:00,1230.119,1230.6345000000001,1229.8110000000001,1230.4535
2015-01-15 03:15:00,1230.453,1231.327,1230.335,1231.031
2015-01-15 03:30:00,1231.0075,1231.6834999999999,1230.888,1231.241
2015-01-15 03:45:00,1231.2465,1231.2575000000002,1230.4085,1230.7459999999999
2015-01-15 04:00:00,1230.73,1231.3505,1230.7214999999999,1230.9065
2015-01-15 04:15:00,1230.9045,1231.1755,1230.403,1231.1254999999999
2015-01-15 04:30:00,1231.1395,1232.335,1230.938,1231.2155
2015-01-15 04:45:00,1231.2245,1231.715,1230.7625,1231.0469999999998
2015-01-15 05:00:00,1231.0265000000002,1231.0265000000002,1230.589,1230.744
2015-01-15 05:15:00,1230.7390000000003,1231.4235,1230.6155,1230.7155000000002
2015-01-15 05:30:00,1230.7165000000002,1230.879,1228.8585,1229.693
2015-01-15 05:45:00,1229.661,1230.1390000000001,1228.782,1229.585
2015-01-15 06:00:00,1229.5660000000003,1229.5660000000003,1227.8075000000001,1228.116
2015-01-15 06:15:00,1228.149,1228.171,1226.5905,1227.1049999999998
2015-01-15 06:30:00,1227.0805,1227.4585,1226.1265,1226.56
2015-01-15 06:45:00,1226.574,1229.011,1226.513,1227.858
2015-01-15 07:00:00,1227.853,1228.79,1227.0855000000001,1228.435
2015-01-15 07:15:00,1228.4505,1229.193,1227.878,1227.965
2015-01-15 07:30:00,1228.0075,1229.4830000000002,1227.9579999999999,1228.97
2015-01-15 07:45:00,1228.9725,1229.104,1228.2005,1228.7745
2015-01-15 08:00:00,1228.7649999999999,1228.902,1226.9855,1227.396
2015-01-15 08:15:00,1227.4055,1228.6960000000001,1227.3405,1228.0845
2015-01-15 08:30:00,1228.115,1228.429,1227.711,1228.098
2015-01-15 08:45:00,1228.059,1229.4850000000001,1227.6905,1229.1550000000002
2015-01-15 09:00:00,1229.1350000000002,1229.195,1227.3275,1227.66
2015-01-15 09:15:00,1227.654,1228.1185,1227.4850000000001,1227.8085
2015-01-15 09:30:00,1227.791,1234.7749999999999,1227.1015,1233.725
2015-01-15 09:45:00,1233.7255,1239.82,1232.2994999999999,1237.52
2015-01-15 10:00:00,1237.5605,1239.125,1228.847,1231.98
2015-01-15 10:15:00,1232.031,1236.1200000000001,1232.031,1235.85
2015-01-15 10:30:00,1235.805,1243.1149999999998,1234.97,1243.1149999999998
2015-01-15 10:45:00,1243.1685,1250.6805,1243.1390000000001,1249.9685
2015-01-15 11:00:00,1250.0,1254.1789999999999,1248.541,1252.7314999999999
2015-01-15 11:15:00,1252.732,1260.954,1251.874,1254.614
2015-01-15 11:30:00,1254.548,1258.351,1252.519,1255.1385
2015-01-15 11:45:00,1255.144,1258.114,1254.0240000000001,1256.104
2015-01-15 12:00:00,1256.129,1257.745,1252.009,1252.0135
2015-01-15 12:15:00,1252.02,1254.334,1250.24,1251.7295000000001
2015-01-15 12:30:00,1251.8135000000002,1252.5034999999998,1248.94,1249.394
2015-01-15 12:45:00,1249.404,1255.1635,1249.309,1255.0945
2015-01-15 13:00:00,1255.1295,1256.724,1253.833,1253.97
2015-01-15 13:15:00,1253.9289999999999,1256.9835,1253.1625,1255.715
2015-01-15 13:30:00,1255.7765,1256.1499999999999,1253.444,1254.2015
2015-01-15 13:45:00,1254.157,1256.522,1254.0790000000002,1254.6645
2015-01-15 14:00:00,1254.6475,1256.4945,1250.2514999999999,1252.383
2015-01-15 14:15:00,1252.391,1254.514,1250.1535000000001,1253.7659999999998
2015-01-15 14:30:00,1253.796,1259.2285,1252.965,1258.7555
2015-01-15 14:45:00,1258.7250000000001,1260.1335,1255.7794999999999,1256.2145
2015-01-15 15:00:00,1256.17,1264.1485,1256.17,1262.6770000000001
2015-01-15 15:15:00,1262.6715000000002,1263.068,1256.567,1256.747
2015-01-15 15:30:00,1256.712,1258.739,1255.64,1256.6970000000001
2015-01-15 15:45:00,1256.757,1260.155,1256.5885,1259.295
2015-01-15 16:00:00,1259.2635,1265.23,1258.57,1264.8095
2015-01-15 16:15:00,1264.8045,1266.8835,1261.64,1264.5775
2015-01-15 16:30:00,1264.501,1265.362,1261.68,1261.817
2015-01-15 16:45:00,1261.8495,1262.405,1259.4905,1261.7265
2015-01-15 17:00:00,1261.7135,1263.7545,1261.097,1262.455
2015-01-15 17:15:00,1262.4435,1263.4634999999998,1261.3785,1261.7285
2015-01-15 17:30:00,1261.659,1262.9035,1261.377,1262.584
2015-01-15 17:45:00,1262.5845,1264.2230000000002,1262.0095,1262.2845
2015-01-15 18:00:00,1262.3775,1263.3905,1261.4834999999998,1262.3039999999999
2015-01-15 18:15:00,1262.248,1265.5945,1261.359,1264.3785
2015-01-15 18:30:00,1264.404,1265.0275000000001,1263.289,1264.4045
2015-01-15 18:45:00,1264.429,1264.449,1260.6005,1260.634
2015-01-15 19:00:00,1260.6445,1261.27,1257.452,1258.7385
2015-01-15 19:15:00,1258.714,1259.536,1258.2345,1259.1685
2015-01-15 19:30:00,1259.1435000000001,1259.6080000000002,1257.13,1259.5485
2015-01-15 19:45:00,1259.5735000000002,1259.6495,1257.8505,1258.305
2015-01-15 20:00:00,1258.2985,1258.914,1257.564,1258.8635
2015-01-15 20:15:00,1258.899,1258.974,1257.6284999999998,1257.8285
2015-01-15 20:30:00,1257.829,1258.2745,1255.9989999999998,1256.434
2015-01-15 20:45:00,1256.4344999999998,1259.2089999999998,1256.4285,1258.98
2015-01-15 21:00:00,1258.9635,1259.0285000000001,1258.0290000000002,1258.704
2015-01-15 21:15:00,1258.7165,1259.5639999999999,1258.4634999999998,1259.349
2015-01-15 21:30:00,1259.2805,1261.533,1259.1889999999999,1261.199
2015-01-15 21:45:00,1261.1985,1263.4245,1260.6985,1262.656
2015-01-15 22:00:00,1262.666,1262.666,1262.596,1262.596
2015-01-15 23:00:00,1262.58,1263.915,1262.1105,1263.3509999999999
2015-01-15 23:15:00,1263.326,1263.8555000000001,1262.5905,1263.8439999999998
2015-01-15 23:30:00,1263.8435000000002,1263.856,1263.0939999999998,1263.7005
2015-01-15 23:45:00,1263.701,1263.926,1261.817,1262.1595
2015-01-16 01:00:00,1260.3850000000002,1261.9244999999999,1258.2235,1260.23
2015-01-16 01:15:00,1260.23,1263.7645,1259.9,1263.0900000000001
2015-01-16 01:30:00,1263.0900000000001,1263.43,1261.344,1261.7495000000001
2015-01-16 01:45:00,1261.749,1262.0595,1260.3690000000001,1261.0595
2015-01-16 02:00:00,1261.1499999999999,1261.4545,1260.3594999999998,1260.8845000000001
2015-01-16 02:15:00,1260.864,1261.4545,1260.1599999999999,1261.3205
2015-01-16 02:30:00,1261.36,1262.3645,1260.9545,1261.3805
2015-01-16 02:45:00,1261.37,1261.9170000000001,1260.89,1261.35
2015-01-16 03:00:00,1261.3,1261.35,1260.3685,1260.9395
2015-01-16 03:15:00,1260.9389999999999,1261.1599999999999,1259.5510000000002,1259.6354999999999
2015-01-16 03:30:00,1259.6415,1260.447,1259.6415,1260.191
2015-01-16 03:45:00,1260.1915,1260.6165,1259.5700000000002,1259.681
2015-01-16 04:00:00,1259.666,1259.9,1258.9665,1259.88
2015-01-16 04:15:00,1259.9,1260.28,1258.7714999999998,1258.817
2015-01-16 04:30:00,1258.7714999999998,1259.6299999999999,1258.0400000000002,1258.29
2015-01-16 04:45:00,1258.2895,1259.34,1258.1899999999998,1259.04
2015-01-16 05:00:00,1258.9855,1259.98,1258.89,1259.496
2015-01-16 05:15:00,1259.47,1259.8385,1259.077,1259.263
2015-01-16 05:30:00,1259.2685,1259.4735,1258.16,1258.3639999999998
2015-01-16 05:45:00,1258.3645000000001,1258.8654999999999,1257.18,1257.2800000000002
2015-01-16 06:00:00,1257.23,1258.38,1256.4335,1258.0400000000002
2015-01-16 06:15:00,1258.0400000000002,1258.0400000000002,1257.32,1257.86
2015-01-16 06:30:00,1257.87,1259.5800000000002,1257.2335,1259.4485
2015-01-16 06:45:00,1259.4235,1261.388,1258.5835,1261.1499999999999
2015-01-16 07:00:00,1261.155,1261.205,1259.0,1259.2
2015-01-16 07:15:00,1259.1865,1260.298,1258.3535,1259.906
2015-01-16 07:30:00,1259.9065,1260.1,1257.6399999999999,1258.01
2015-01-16 07:45:00,1258.0005,1258.111,1256.786,1257.53
2015-01-16 08:00:00,1257.54,1258.3885,1256.753,1256.753
2015-01-16 08:15:00,1256.785,1258.1885,1256.6815,1256.818
2015-01-16 08:30:00,1256.8085,1257.2535,1255.1299999999999,1257.021
2015-01-16 08:45:00,1256.967,1258.4485,1256.7115,1258.0500000000002
2015-01-16 09:00:00,1258.11,1259.1000000000001,1257.5505,1258.3915000000002
2015-01-16 09:15:00,1258.3899999999999,1259.5620000000001,1258.3899999999999,1259.406
2015-01-16 09:30:00,1259.411,1260.1634999999999,1258.311,1258.8165
2015-01-16 09:45:00,1258.822,1261.3895,1258.527,1258.655
2015-01-16 10:00:00,1258.638,1259.5549999999998,1258.3395,1258.7330000000002
2015-01-16 10:15:00,1258.7405,1259.4085,1257.8715,1258.1945
2015-01-16 10:30:00,1258.1885,1258.5515,1257.3555,1258.117
2015-01-16 10:45:00,1258.1465,1258.471,1257.2694999999999,1258.2095
2015-01-16 11:00:00,1258.251,1258.7685000000001,1257.648,1258.4234999999999
2015-01-16 11:15:00,1258.3935000000001,1258.475,1257.2649999999999,1257.675
2015-01-16 11:30:00,1257.68,1258.9625,1257.1774999999998,1258.942
2015-01-16 11:45:00,1258.922,1260.142,1258.6535000000001,1259.508
2015-01-16 12:00:00,1259.5765000000001,1261.2694999999999,1259.5765000000001,1260.4714999999999
2015-01-16 12:15:00,1260.4935,1262.5205,1260.4885,1261.9620000000002
2015-01-16 12:30:00,1261.9579999999999,1262.6864999999998,1260.9265,1260.984
2015-01-16 12:45:00,1260.9785,1261.025,1260.024,1260.8565
2015-01-16 13:00:00,1260.825,1264.518,1260.0539999999999,1264.355
2015-01-16 13:15:00,1264.396,1269.913,1262.438,1267.3400000000001
2015-01-16 13:30:00,1267.405,1268.42,1265.301,1265.8215
2015-01-16 13:45:00,1265.7969999999998,1267.21,1264.856,1265.5584999999999
2015-01-16 14:00:00,1265.6164999999999,1268.6315,1265.134,1268.5449999999998
2015-01-16 14:15:00,1268.5600000000002,1268.815,1265.7635,1267.3764999999999
2015-01-16 14:30:00,1267.3215,1269.5885,1266.9845,1268.9640000000002
2015-01-16 14:45:00,1268.9885,1274.275,1268.8375,1274.1945
2015-01-16 15:00:00,1274.22,1278.763,1271.7495,1276.9105
2015-01-16 15:15:00,1276.8799999999999,1277.275,1272.006,1272.34
2015-01-16 15:30:00,1272.285,1276.7859999999998,1272.2385,1273.7265
2015-01-16 15:45:00,1273.735,1275.1715000000002,1271.464,1272.3990000000001
2015-01-16 16:00:00,1272.4350000000002,1274.848,1271.6599999999999,1274.6485
2015-01-16 16:15:00,1274.649,1278.27,1274.0335,1277.342
2015-01-16 16:30:00,1277.3615,1282.15,1276.9265,1277.95
2015-01-16 16:45:00,1277.95,1280.5415,1276.91,1278.5405
2015-01-16 17:00:00,1278.5455000000002,1279.4499999999998,1276.533,1277.8745000000001
2015-01-16 17:15:00,1277.9085,1279.2645,1277.1049999999998,1277.9260000000002
2015-01-16 17:30:00,1277.9060000000002,1278.9205,1277.0535,1277.3425
2015-01-16 17:45:00,1277.342,1277.706,1275.7535,1276.5815
2015-01-16 18:00:00,1276.612,1276.75,1273.575,1273.869
2015-01-16 18:15:00,1273.875,1277.1435000000001,1273.2095000000002,1276.319
2015-01-16 18:30:00,1276.296,1278.525,1276.1445,1277.2425
2015-01-16 18:45:00,1277.209,1277.354,1275.7640000000001,1276.223
2015-01-16 19:00:00,1276.2235,1276.76,1275.5355,1276.5535
2015-01-16 19:15:00,1276.5539999999999,1278.115,1276.454,1277.5790000000002
2015-01-16 19:30:00,1277.5784999999998,1278.0795,1277.354,1278.0795
2015-01-16 19:45:00,1278.054,1278.384,1276.6235,1276.855
2015-01-16 20:00:00,1276.879,1277.4995000000001,1275.02,1275.2545
2015-01-16 20:15:00,1275.254,1276.08,1273.9035000000001,1274.68
2015-01-16 20:30:00,1274.7005000000001,1275.8765,1274.7005000000001,1275.876
2015-01-16 20:45:00,1275.8765,1276.8045000000002,1275.099,1275.789
2015-01-16 21:00:00,1275.736,1276.1,1275.309,1275.75
2015-01-16 21:15:00,1275.8,1280.15,1275.739,1279.55
2015-01-16 21:30:00,1279.55,1280.1299999999999,1278.575,1279.7035
2015-01-16 21:45:00,1279.6215,1280.645,1279.504,1280.6149999999998
2015-01-18 23:00:00,1280.375,1281.6734999999999,1278.3400000000001,1279.1550000000002
2015-01-18 23:15:00,1279.105,1279.26,1276.4334999999999,1276.655
2015-01-18 23:30:00,1276.6,1278.0145,1275.55,1278.0145
2015-01-18 23:45:00,1278.014,1278.7845,1277.0335,1278.7839999999999
2015-01-19 01:00:00,1278.5339999999999,1278.86,1276.605,1277.675
2015-01-19 01:15:00,1277.645,1278.6255,1276.2844999999998,1276.69
2015-01-19 01:30:00,1276.69,1276.9185,1275.645,1276.71
2015-01-19 01:45:00,1276.7199999999998,1277.1699999999998,1275.595,1275.725
2015-01-19 02:00:00,1275.705,1277.825,1275.225,1277.5715
2015-01-19 02:15:00,1277.5635000000002,1277.9170000000001,1277.2559999999999,1277.557
2015-01-19 02:30:00,1277.5635000000002,1277.7475,1276.435,1277.0215
2015-01-19 02:45:00,1277.022,1277.698,1276.4275,1277.53
2015-01-19 03:00:00,1277.5245,1277.7655,1276.5835,1277.0665
2015-01-19 03:15:00,1277.066,1277.406,1276.8045000000002,1277.0165
2015-01-19 03:30:00,1277.0015,1277.1065,1276.4064999999998,1276.6385
2015-01-19 03:45:00,1276.689,1276.876,1276.4009999999998,1276.4365
2015-01-19 04:00:00,1276.477,1276.602,1275.97,1276.0159999999998
2015-01-19 04:15:00,1276.023,1276.449,1275.8465,1275.864
2015-01-19 04:30:00,1275.874,1276.179,1275.5929999999998,1275.8825
2015-01-19 04:45:00,1275.884,1276.3500000000001,1275.851,1276.0204999999999
2015-01-19 05:00:00,1276.027,1277.215,1275.48,1277.1535
2015-01-19 05:15:00,1277.1589999999999,1277.5255000000002,1276.988,1277.0045
2015-01-19 05:30:00,1277.013,1277.282,1275.9205,1276.8395
2015-01-19 05:45:00,1276.8695,1277.5005,1276.3539999999998,1277.327
2015-01-19 06:00:00,1277.3185,1277.5020000000002,1276.2015,1277.321
2015-01-19 06:15:00,1277.3615,1277.502,1276.182,1276.736
2015-01-19 06:30:00,1276.7115000000001,1276.76,1275.915,1276.0705
2015-01-19 06:45:00,1276.0204999999999,1277.289,1275.8215,1277.1335000000001
2015-01-19 07:00:00,1277.0435,1277.3735,1275.1200000000001,1275.605
2015-01-19 07:15:00,1275.5805,1276.055,1274.8200000000002,1275.3600000000001
2015-01-19 07:30:00,1275.35,1276.1515,1275.203,1275.3165
2015-01-19 07:45:00,1275.3035,1275.5420000000001,1274.5915,1275.025
2015-01-19 08:00:00,1275.0255,1276.7055,1274.921,1275.94
2015-01-19 08:15:00,1275.9065,1278.387,1275.7445,1278.1405
2015-01-19 08:30:00,1278.0394999999999,1278.65,1275.4155,1276.077
2015-01-19 08:45:00,1276.0655,1276.7150000000001,1275.5835,1275.6644999999999
2015-01-19 09:00:00,1275.7155,1276.802,1274.634,1276.0365
2015-01-19 09:15:00,1276.0715,1276.646,1274.6064999999999,1275.825
2015-01-19 09:30:00,1275.7815,1276.664,1275.025,1276.3864999999998
2015-01-19 09:45:00,1276.3615,1276.8229999999999,1275.385,1276.561
2015-01-19 10:00:00,1276.5615,1276.5615,1275.4765,1276.0465
2015-01-19 10:15:00,1276.0214999999998,1277.195,1275.356,1276.7165
2015-01-19 10:30:00,1276.7485000000001,1276.867,1275.3455,1275.7365
2015-01-19 10:45:00,1275.737,1277.07,1275.736,1276.825
2015-01-19 11:00:00,1276.8015,1277.23,1276.7884999999999,1277.1515000000002
2015-01-19 11:15:00,1277.1519999999998,1277.47,1276.7365,1276.8535
2015-01-19 11:30:00,1276.853,1277.1385,1276.539,1276.8184999999999
2015-01-19 11:45:00,1276.7655,1277.993,1276.553,1277.843
2015-01-19 12:00:00,1277.828,1278.1885,1277.2635,1278.003
2015-01-19 12:15:00,1277.9180000000001,1278.2385,1277.7865,1277.9365
2015-01-19 12:30:00,1277.8990000000001,1278.6585,1277.5535,1278.5375
2015-01-19 12:45:00,1278.544,1279.0345,1277.319,1278.0865000000001
2015-01-19 13:00:00,1278.0965,1278.3850000000002,1276.397,1276.8665
2015-01-19 13:15:00,1276.9215,1277.689,1276.85,1277.314
2015-01-19 13:30:00,1277.3085,1278.475,1277.1115,1277.1599999999999
2015-01-19 13:45:00,1277.1115,1277.484,1276.0584999999999,1276.7640000000001
2015-01-19 14:00:00,1276.7165,1277.0385,1275.693,1276.304
2015-01-19 14:15:00,1276.2889999999998,1276.933,1276.064,1276.4385
2015-01-19 14:30:00,1276.4315,1276.7235,1276.1035,1276.2985
2015-01-19 14:45:00,1276.3035,1276.4785,1275.5984999999998,1275.694
2015-01-19 15:00:00,1275.6935,1275.698,1273.4,1274.3015
2015-01-19 15:15:00,1274.3335,1275.1535000000001,1273.5890000000002,1274.2935
2015-01-19 15:30:00,1274.2930000000001,1275.0735,1272.9735,1273.4180000000001
2015-01-19 15:45:00,1273.4135,1273.719,1272.1734999999999,1272.683
2015-01-19 16:00:00,1272.64,1274.0649999999998,1272.4575,1273.7165
2015-01-19 16:15:00,1273.7135,1277.315,1273.6049999999998,1275.0049999999999
2015-01-19 16:30:00,1274.958,1275.553,1273.905,1275.44
2015-01-19 16:45:00,1275.433,1276.83,1274.455,1276.201
2015-01-19 17:00:00,1276.206,1276.9965,1275.811,1276.449
2015-01-19 17:15:00,1276.495,1277.529,1275.8500000000001,1276.455
2015-01-19 17:30:00,1276.4615,1276.507,1275.8945,1276.426
2015-01-19 17:45:00,1276.512,1277.6875,1276.512,1276.934
2015-01-19 18:00:00,1276.926,1276.926,1276.83,1276.83
2015-01-19 23:00:00,1276.3999999999999,1276.625,1275.854,1275.981
2015-01-19 23:15:00,1275.9805000000001,1276.5230000000001,1275.869,1276.5065
2015-01-19 23:30:00,1276.507,1276.783,1276.1770000000001,1276.4759999999999
2015-01-19 23:45:00,1276.4605,1276.4605,1275.5720000000001,1275.72
2015-01-20 01:00:00,1274.5845,1275.3565,1274.3665,1274.3870000000002
2015-01-20 01:15:00,1274.393,1275.7,1274.126,1275.3575
2015-01-20 01:30:00,1275.3045,1276.6035,1274.8265,1276.4479999999999
2015-01-20 01:45:00,1276.4365,1277.7835,1276.4265,1277.42
2015-01-20 02:00:00,1277.428,1278.2785000000001,1277.2930000000001,1277.45
2015-01-20 02:15:00,1277.448,1278.6200000000001,1276.62,1276.81
2015-01-20 02:30:00,1276.7955000000002,1277.825,1276.3815,1277.5700000000002
2015-01-20 02:45:00,1277.5695,1277.9199999999998,1276.7375000000002,1277.2005
2015-01-20 03:00:00,1277.1905,1277.8315,1277.1200000000001,1277.4605
2015-01-20 03:15:00,1277.4805000000001,1278.0194999999999,1276.7804999999998,1276.8229999999999
2015-01-20 03:30:00,1276.8305,1277.5865,1276.315,1276.876
2015-01-20 03:45:00,1276.8965,1277.0935,1276.532,1276.7775000000001
2015-01-20 04:00:00,1276.7585000000001,1276.7585000000001,1276.2875000000001,1276.5825
2015-01-20 04:15:00,1276.5800000000002,1276.7884999999999,1276.1065,1276.5645
2015-01-20 04:30:00,1276.559,1276.7105000000001,1276.225,1276.3909999999998
2015-01-20 04:45:00,1276.4064999999998,1276.9185,1276.281,1276.8000000000002
2015-01-20 05:00:00,1276.8039999999999,1277.021,1276.4624999999999,1276.9814999999999
2015-01-20 05:15:00,1276.9859999999999,1276.9859999999999,1276.5925,1276.8915
2015-01-20 05:30:00,1276.8455,1277.1930000000002,1276.6009999999999,1277.1354999999999
2015-01-20 05:45:00,1277.1315,1277.1589999999999,1275.3410000000001,1276.9775
2015-01-20 06:00:00,1276.978,1277.1055000000001,1275.7,1275.8145
2015-01-20 06:15:00,1275.8095,1277.6195000000002,1275.7105,1276.922
2015-01-20 06:30:00,1276.9335,1278.447,1276.8365,1277.45
2015-01-20 06:45:00,1277.4415000000001,1278.071,1276.173,1276.1925
2015-01-20 07:00:00,1276.2,1277.62,1276.2,1277.2905
2015-01-20 07:15:00,1277.296,1277.6335,1276.8149999999998,1277.165
2015-01-20 07:30:00,1277.1345000000001,1279.2395,1276.812,1279.176
2015-01-20 07:45:00,1279.1945,1281.0865,1279.153,1280.108
2015-01-20 08:00:00,1280.117,1280.2050000000002,1278.669,1279.1715
2015-01-20 08:15:00,1279.166,1280.6215,1279.1105000000002,1280.046
2015-01-20 08:30:00,1280.0115,1285.147,1280.0115,1284.5905
2015-01-20 08:45:00,1284.591,1292.8955,1284.5900000000001,1291.5555000000002
2015-01-20 09:00:00,1291.5655,1292.065,1289.4605000000001,1290.6645
2015-01-20 09:15:00,1290.678,1294.2834999999998,1290.543,1292.9665
2015-01-20 09:30:00,1292.972,1293.616,1291.07,1292.325
2015-01-20 09:45:00,1292.3,1292.5835,1290.605,1291.055
2015-01-20 10:00:00,1291.064,1292.694,1289.945,1292.4965
2015-01-20 10:15:00,1292.5,1293.0585,1291.6285,1292.3010000000002
2015-01-20 10:30:00,1292.3055000000002,1292.395,1290.8319999999999,1291.7515
2015-01-20 10:45:00,1291.751,1292.2050000000002,1291.2785,1291.3095
2015-01-20 11:00:00,1291.333,1291.6895,1288.673,1290.373
2015-01-20 11:15:00,1290.3649999999998,1291.0885,1287.8535,1288.2755
2015-01-20 11:30:00,1288.3715,1288.6860000000001,1285.7430000000002,1286.4245
2015-01-20 11:45:00,1286.4095,1286.8,1285.3964999999998,1286.064
2015-01-20 12:00:00,1286.094,1288.819,1286.0715,1288.805
2015-01-20 12:15:00,1288.8235,1291.0155,1288.0065,1288.0684999999999
2015-01-20 12:30:00,1288.0635,1289.0185000000001,1287.924,1289.0125
2015-01-20 12:45:00,1289.007,1291.9,1287.7224999999999,1291.48
2015-01-20 13:00:00,1291.473,1291.9879999999998,1288.8349999999998,1289.0905
2015-01-20 13:15:00,1289.0829999999999,1289.0829999999999,1285.038,1285.5815
2015-01-20 13:30:00,1285.6035,1286.8295,1284.9505000000001,1286.658
2015-01-20 13:45:00,1286.6299999999999,1286.6299999999999,1285.059,1285.51
2015-01-20 14:00:00,1285.5584999999999,1287.8735,1285.064,1287.829
2015-01-20 14:15:00,1287.841,1287.9315,1285.568,1287.3835
2015-01-20 14:30:00,1287.359,1288.874,1285.915,1287.8115
2015-01-20 14:45:00,1287.7725,1292.4499999999998,1287.3100000000002,1289.6989999999998
2015-01-20 15:00:00,1289.7034999999998,1290.3595,1288.651,1290.1895
2015-01-20 15:15:00,1290.179,1291.9,1289.882,1290.0484999999999
2015-01-20 15:30:00,1290.0490000000002,1292.655,1290.0490000000002,1291.826
2015-01-20 15:45:00,1291.845,1293.4355,1290.3635000000002,1292.0645
2015-01-20 16:00:00,1292.0449999999998,1293.5500000000002,1291.1635,1291.4275
2015-01-20 16:15:00,1291.432,1293.5929999999998,1291.169,1292.749
2015-01-20 16:30:00,1292.774,1295.8915,1292.5425,1295.6785
2015-01-20 16:45:00,1295.655,1297.164,1295.1139999999998,1296.085
2015-01-20 17:00:00,1296.0955,1297.041,1295.1105,1296.1595
2015-01-20 17:15:00,1296.159,1297.2265,1295.286,1295.68
2015-01-20 17:30:00,1295.688,1296.122,1294.635,1295.5249999999999
2015-01-20 17:45:00,1295.4950000000001,1296.584,1293.665,1294.033
2015-01-20 18:00:00,1294.063,1295.0910000000001,1293.525,1294.991
2015-01-20 18:15:00,1294.9905,1295.547,1293.826,1294.0255
2015-01-20 18:30:00,1293.9254999999998,1293.9705,1291.9789999999998,1292.935
2015-01-20 18:45:00,1292.9355,1293.2605,1291.4415,1293.09
2015-01-20 19:00:00,1293.065,1293.076,1286.407,1290.627
2015-01-20 19:15:00,1290.6275,1293.5790000000002,1289.701,1293.461
2015-01-20 19:30:00,1293.4615000000001,1293.961,1291.687,1291.8985
2015-01-20 19:45:00,1291.8815,1293.5040000000001,1291.6080000000002,1293.3625
2015-01-20 20:00:00,1293.3564999999999,1295.231,1293.1255,1294.96
2015-01-20 20:15:00,1294.929,1295.6045,1294.504,1294.8295
2015-01-20 20:30:00,1294.829,1294.8555000000001,1293.1035,1293.1035
2015-01-20 20:45:00,1293.104,1294.754,1292.4965,1292.9375
2015-01-20 21:00:00,1292.922,1294.374,1292.3600000000001,1292.934
2015-01-20 21:15:00,1292.9435,1293.399,1292.5645,1293.1335000000001
2015-01-20 21:30:00,1293.1339999999998,1293.6785,1292.4755,1293.6060000000002
2015-01-20 21:45:00,1293.5929999999998,1295.5300000000002,1293.366,1295.3
2015-01-20 22:00:00,1295.248,1295.248,1295.028,1295.028
2015-01-20 23:00:00,1294.3905,1295.275,1293.675,1293.8245
2015-01-20 23:15:00,1293.825,1294.3999999999999,1293.654,1293.75
2015-01-20 23:30:00,1293.7749999999999,1293.7749999999999,1292.1665,1292.3295
2015-01-20 23:45:00,1292.3425,1292.993,1292.157,1292.25
2015-01-21 01:00:00,1292.75,1294.595,1292.3105,1294.05
2015-01-21 01:15:00,1294.126,1294.65,1293.126,1293.1840000000002
2015-01-21 01:30:00,1293.1895000000002,1293.9295000000002,1292.719,1293.1275
2015-01-21 01:45:00,1293.122,1293.7345,1292.71,1293.7175
2015-01-21 02:00:00,1293.708,1294.606,1293.5649999999998,1294.564
2015-01-21 02:15:00,1294.5535,1294.5535,1293.727,1294.2740000000001
2015-01-21 02:30:00,1294.2705,1297.2795,1294.2695,1295.6195
2015-01-21 02:45:00,1295.608,1296.525,1295.4744999999998,1296.3944999999999
2015-01-21 03:00:00,1296.3845,1297.355,1295.006,1295.1825
2015-01-21 03:15:00,1295.161,1297.8555000000001,1294.92,1297.5705
2015-01-21 03:30:00,1297.5715,1298.0394999999999,1296.2620000000002,1297.11
2015-01-21 03:45:00,1297.1185,1297.855,1295.817,1296.3545
2015-01-21 04:00:00,1296.3495,1296.515,1295.73,1295.9005000000002
2015-01-21 04:15:00,1295.8925000000002,1296.0155,1295.2065,1295.5645
2015-01-21 04:30:00,1295.5615,1296.462,1295.5615,1296.079
2015-01-21 04:45:00,1296.0795,1297.969,1295.9050000000002,1297.727
2015-01-21 05:00:00,1297.6685,1299.0729999999999,1297.0040000000001,1298.763
2015-01-21 05:15:00,1298.751,1299.693,1297.936,1298.866
2015-01-21 05:30:00,1298.866,1302.9199999999998,1298.8245,1302.3500000000001
2015-01-21 05:45:00,1302.3419999999999,1302.3795,1299.6995,1300.382
2015-01-21 06:00:00,1300.3795,1303.09,1299.9875,1302.515
2015-01-21 06:15:00,1302.4245,1303.6195,1301.8125000000002,1301.92
2015-01-21 06:30:00,1301.92,1303.1955,1300.8995,1301.37
2015-01-21 06:45:00,1301.37,1301.7735,1299.5149999999999,1300.1750000000002
2015-01-21 07:00:00,1300.1285,1301.07,1299.4199999999998,1300.864
2015-01-21 07:15:00,1300.8635,1301.14,1299.218,1299.2785000000001
2015-01-21 07:30:00,1299.2935,1300.0765000000001,1299.2150000000001,1299.9095
2015-01-21 07:45:00,1299.9145,1300.5109999999997,1298.6399999999999,1298.691
2015-01-21 08:00:00,1298.7044999999998,1299.258,1296.7445,1299.2075
2015-01-21 08:15:00,1299.213,1302.04,1299.14,1301.7810000000002
2015-01-21 08:30:00,1301.7949999999998,1303.5035,1300.4375,1300.8915
2015-01-21 08:45:00,1300.891,1301.7185000000002,1299.3929999999998,1299.808
2015-01-21 09:00:00,1299.8004999999998,1301.129,1299.195,1300.076
2015-01-21 09:15:00,1300.0755,1300.753,1299.5955000000001,1300.6225
2015-01-21 09:30:00,1300.576,1301.0975,1298.1635,1299.4135
2015-01-21 09:45:00,1299.4434999999999,1300.1539999999998,1299.2285000000002,1300.1
2015-01-21 10:00:00,1300.1125,1301.645,1298.2269999999999,1300.4325
2015-01-21 10:15:00,1300.414,1300.6495,1299.4589999999998,1299.6445
2015-01-21 10:30:00,1299.64,1300.9295000000002,1297.8545000000001,1298.328
2015-01-21 10:45:00,1298.3329999999999,1298.9840000000002,1297.0549999999998,1297.833
2015-01-21 11:00:00,1297.838,1298.751,1296.8574999999998,1297.757
2015-01-21 11:15:00,1297.7785000000001,1298.093,1296.9415,1297.9575
2015-01-21 11:30:00,1297.964,1298.6585,1296.3735,1296.524
2015-01-21 11:45:00,1296.5165000000002,1298.264,1296.411,1298.02
2015-01-21 12:00:00,1298.0115,1300.7325,1297.1019999999999,1300.3125
2015-01-21 12:15:00,1300.317,1300.973,1299.0315,1299.7135
2015-01-21 12:30:00,1299.7115000000001,1301.0035,1298.545,1299.6165
2015-01-21 12:45:00,1299.5955000000001,1301.583,1299.091,1301.0394999999999
2015-01-21 13:00:00,1301.04,1305.4650000000001,1300.9869999999999,1303.1444999999999
2015-01-21 13:15:00,1303.1499999999999,1303.7299999999998,1301.878,1303.08
2015-01-21 13:30:00,1303.151,1305.2630000000001,1300.8635,1301.311
2015-01-21 13:45:00,1301.3005,1302.6235,1299.8415,1301.8090000000002
2015-01-21 14:00:00,1301.8605,1303.447,1301.384,1302.225
2015-01-21 14:15:00,1302.2485,1303.4495,1301.6535000000001,1303.4445
2015-01-21 14:30:00,1303.4435,1305.1929999999998,1297.3790000000001,1299.3880000000001
2015-01-21 14:45:00,1299.4185,1300.646,1289.8685,1293.9714999999999
2015-01-21 15:00:00,1293.981,1295.785,1292.0545,1292.91
2015-01-21 15:15:00,1292.9115,1292.9560000000001,1284.9734999999998,1286.788
2015-01-21 15:30:00,1286.779,1291.2214999999999,1286.0475000000001,1286.5010000000002
2015-01-21 15:45:00,1286.444,1290.7735,1284.7185,1290.0584999999999
2015-01-21 16:00:00,1290.0404999999998,1292.0455,1288.79,1291.345
2015-01-21 16:15:00,1291.29,1292.0414999999998,1288.956,1289.085
2015-01-21 16:30:00,1289.085,1290.452,1286.4795000000001,1290.196
2015-01-21 16:45:00,1290.1995,1293.2515,1289.461,1292.546
2015-01-21 17:00:00,1292.5365,1292.5865,1291.1615000000002,1291.421
2015-01-21 17:15:00,1291.465,1292.8865,1291.2814999999998,1292.8405000000002
2015-01-21 17:30:00,1292.8365,1293.5349999999999,1290.305,1290.585
2015-01-21 17:45:00,1290.573,1293.14,1290.485,1292.56
2015-01-21 18:00:00,1292.5595,1294.11,1291.847,1293.8975
2015-01-21 18:15:00,1293.8845000000001,1294.271,1292.9930000000002,1293.235
2015-01-21 18:30:00,1293.2295,1293.3809999999999,1288.9295,1290.129
2015-01-21 18:45:00,1290.3455000000001,1293.1055000000001,1290.249,1293.015
2015-01-21 19:00:00,1293.0315,1293.1715000000002,1291.667,1292.453
2015-01-21 19:15:00,1292.4395,1295.0325,1292.0449999999998,1294.933
2015-01-21 19:30:00,1294.917,1295.8545000000001,1293.8995,1293.9969999999998
2015-01-21 19:45:00,1294.0085,1294.2824999999998,1292.783,1292.891
2015-01-21 20:00:00,1292.8835,1294.5885,1292.507,1293.375
2015-01-21 20:15:00,1293.395,1295.098,1292.9225,1294.98
2015-01-21 20:30:00,1294.9795,1294.99,1294.091,1294.3300000000002
2015-01-21 20:45:00,1294.3304999999998,1294.3509999999999,1293.3705,1293.617
2015-01-21 21:00:00,1293.6075,1293.9125000000001,1293.1315,1293.1879999999999
2015-01-21 21:15:00,1293.206,1293.529,1293.1065,1293.323
2015-01-21 21:30:00,1293.333,1293.9650000000001,1293.324,1293.49
2015-01-21 21:45:00,1293.493,1293.89,1293.0825,1293.1850000000002
2015-01-21 23:00:00,1293.5600000000002,1293.59,1292.125,1292.6725000000001
2015-01-21 23:15:00,1292.673,1292.82,1292.3200000000002,1292.3200000000002
2015-01-21 23:30:00,1292.3700000000001,1292.446,1291.3564999999999,1291.576
2015-01-21 23:45:00,1291.6000000000001,1292.3415,1291.1760000000002,1292.0194999999999
2015-01-22 01:00:00,1291.4255,1291.4255,1289.0605,1289.916
2015-01-22 01:15:00,1289.9165,1290.8355000000001,1289.765,1290.39
2015-01-22 01:30:00,1290.3905,1292.7649999999999,1290.2375,1292.2595
2015-01-22 01:45:00,1292.249,1293.416,1292.0175,1292.222
2015-01-22 02:00:00,1292.211,1292.722,1291.6905,1292.548
2015-01-22 02:15:00,1292.554,1292.9765,1292.3525,1292.6685
2015-01-22 02:30:00,1292.675,1293.1695000000002,1292.2540000000001,1292.261
2015-01-22 02:45:00,1292.2525,1293.1245000000001,1292.1635,1292.6755
2015-01-22 03:00:00,1292.669,1292.8245,1291.98,1292.551
2015-01-22 03:15:00,1292.5515,1292.8035000000002,1291.847,1291.847
2015-01-22 03:30:00,1291.881,1292.9635,1291.777,1292.645
2015-01-22 03:45:00,1292.6385,1293.0335,1292.6385,1292.84
2015-01-22 04:00:00,1292.8605,1293.0765000000001,1292.5755,1292.826
2015-01-22 04:15:00,1292.81,1292.81,1292.09,1292.3729999999998
2015-01-22 04:30:00,1292.3725,1293.736,1292.332,1293.567
2015-01-22 04:45:00,1293.5919999999999,1293.726,1293.2984999999999,1293.674
2015-01-22 05:00:00,1293.687,1293.8700000000001,1292.7225,1292.8365
2015-01-22 05:15:00,1292.857,1292.937,1291.7755,1292.3485
2015-01-22 05:30:00,1292.342,1292.3794999999998,1290.7935,1292.0449999999998
2015-01-22 05:45:00,1292.0390000000002,1292.157,1291.2545,1291.74
2015-01-22 06:00:00,1291.703,1292.0835,1288.751,1289.2565
2015-01-22 06:15:00,1289.2630000000001,1289.2710000000002,1285.579,1286.4285
2015-01-22 06:30:00,1286.5085000000001,1287.509,1283.493,1286.3
2015-01-22 06:45:00,1286.306,1287.4605,1284.8005,1287.3495
2015-01-22 07:00:00,1287.3415000000002,1288.6355,1286.96,1287.8535
2015-01-22 07:15:00,1287.842,1288.0189999999998,1285.3245000000002,1286.4850000000001
2015-01-22 07:30:00,1286.4879999999998,1288.156,1286.1115,1287.908
2015-01-22 07:45:00,1287.9180000000001,1288.27,1286.0585,1286.2745
2015-01-22 08:00:00,1286.279,1287.1164999999999,1284.245,1284.8885
2015-01-22 08:15:00,1284.9,1286.29,1284.2115,1285.8084999999999
2015-01-22 08:30:00,1285.7884999999999,1286.0745000000002,1284.8415,1285.5240000000001
2015-01-22 08:45:00,1285.5035,1286.4789999999998,1285.3785,1286.064
2015-01-22 09:00:00,1286.027,1289.7034999999998,1285.934,1288.5935
2015-01-22 09:15:00,1288.618,1289.693,1288.2505,1289.1955
2015-01-22 09:30:00,1289.184,1289.3285,1287.865,1288.035
2015-01-22 09:45:00,1288.0115,1288.0285000000001,1286.552,1286.6805
2015-01-22 10:00:00,1286.673,1287.3145000000002,1285.6784999999998,1285.6784999999998
2015-01-22 10:15:00,1285.6825000000001,1287.9234999999999,1285.6825000000001,1287.826
2015-01-22 10:30:00,1287.8329999999999,1288.025,1286.5705,1287.5675
2015-01-22 10:45:00,1287.5525,1287.5525,1286.076,1286.7235
2015-01-22 11:00:00,1286.7285,1286.7285,1285.0365,1286.406
2015-01-22 11:15:00,1286.4065,1287.7549999999999,1286.3905,1287.461
2015-01-22 11:30:00,1287.4615,1287.7334999999998,1286.7369999999999,1286.7925
2015-01-22 11:45:00,1286.8485,1287.8890000000001,1286.5310000000002,1287.3094999999998
2015-01-22 12:00:00,1287.3004999999998,1287.545,1284.7415,1284.7935
2015-01-22 12:15:00,1284.786,1285.275,1279.6889999999999,1283.019
2015-01-22 12:30:00,1282.9799999999998,1284.73,1282.4305,1283.86
2015-01-22 12:45:00,1283.869,1289.7485,1283.7555,1288.884
2015-01-22 13:00:00,1288.8494999999998,1292.5059999999999,1288.5200000000002,1290.0655000000002
2015-01-22 13:15:00,1290.056,1292.159,1288.181,1289.21
2015-01-22 13:30:00,1289.26,1297.8695,1287.095,1295.4470000000001
2015-01-22 13:45:00,1295.356,1296.7034999999998,1289.298,1295.59
2015-01-22 14:00:00,1295.595,1300.6415,1293.9085,1299.6164999999999
2015-01-22 14:15:00,1299.592,1304.046,1299.465,1302.306
2015-01-22 14:30:00,1302.26,1303.002,1294.439,1297.3055
2015-01-22 14:45:00,1297.306,1297.306,1292.7804999999998,1295.0299999999997
2015-01-22 15:00:00,1295.0485,1298.1885,1294.693,1296.759
2015-01-22 15:15:00,1296.7404999999999,1301.8429999999998,1296.2765000000002,1301.75
2015-01-22 15:30:00,1301.7685000000001,1303.3850000000002,1300.2694999999999,1302.789
2015-01-22 15:45:00,1302.782,1302.8604999999998,1298.5965,1299.4935
2015-01-22 16:00:00,1299.5035000000003,1303.355,1299.3600000000001,1301.9275
2015-01-22 16:15:00,1301.929,1307.676,1301.507,1303.1855
2015-01-22 16:30:00,1303.1995,1303.3200000000002,1301.185,1302.6025
2015-01-22 16:45:00,1302.6019999999999,1306.405,1302.5005,1302.66
2015-01-22 17:00:00,1302.635,1303.9835,1302.33,1302.625
2015-01-22 17:15:00,1302.66,1302.8355000000001,1300.8255,1301.3165000000001
2015-01-22 17:30:00,1301.301,1302.8655,1299.7195000000002,1302.801
2015-01-22 17:45:00,1302.741,1302.914,1300.6235,1301.0594999999998
2015-01-22 18:00:00,1301.0945,1301.3069999999998,1299.3559999999998,1300.5919999999999
2015-01-22 18:15:00,1300.5780000000002,1301.4714999999999,1299.0829999999999,1301.4714999999999
2015-01-22 18:30:00,1301.461,1303.529,1301.3065000000001,1302.5590000000002
2015-01-22 18:45:00,1302.5385,1302.817,1301.435,1301.7530000000002
2015-01-22 19:00:00,1301.741,1302.2705,1301.1945,1301.4995
2015-01-22 19:15:00,1301.5115,1302.2010000000002,1300.89,1301.929
2015-01-22 19:30:00,1301.9415,1302.416,1301.4234999999999,1302.224
2015-01-22 19:45:00,1302.245,1304.0849999999998,1302.1599999999999,1303.8225
2015-01-22 20:00:00,1303.8525,1304.6154999999999,1303.388,1304.39
2015-01-22 20:15:00,1304.3790000000001,1306.218,1304.2765,1305.389
2015-01-22 20:30:00,1305.3705,1305.8805,1303.6960000000001,1303.7500000000002
2015-01-22 20:45:00,1303.8465,1304.8500000000001,1303.2834999999998,1303.6979999999999
2015-01-22 21:00:00,1303.6629999999998,1303.828,1301.9635,1302.3415
2015-01-22 21:15:00,1302.329,1303.446,1301.816,1301.9105
2015-01-22 21:30:00,1301.902,1302.0635,1301.609,1301.95
2015-01-22 21:45:00,1301.9270000000001,1302.61,1301.55,1302.235
2015-01-22 22:00:00,1302.229,1302.229,1302.229,1302.229
2015-01-22 23:00:00,1302.155,1302.3105,1300.9499999999998,1301.5985
2015-01-22 23:15:00,1301.6,1302.0904999999998,1301.5245,1302.005
2015-01-22 23:30:00,1301.96,1302.005,1301.26,1301.288
2015-01-22 23:45:00,1301.3235000000002,1301.529,1300.672,1301.0964999999999
2015-01-23 01:00:00,1300.5725,1301.3545000000001,1299.1435,1299.185
2015-01-23 01:15:00,1299.1555,1299.655,1298.3509999999999,1298.875
2015-01-23 01:30:00,1298.845,1299.421,1298.5765000000001,1299.421
2015-01-23 01:45:00,1299.4144999999999,1300.5949999999998,1299.3645000000001,1300.5495
2015-01-23 02:00:00,1300.545,1300.665,1299.1865,1300.029
2015-01-23 02:15:00,1300.023,1300.023,1299.1885,1299.608
2015-01-23 02:30:00,1299.6155,1300.799,1299.6155,1300.307
2015-01-23 02:45:00,1300.289,1300.648,1299.8735,1299.937
2015-01-23 03:00:00,1299.945,1299.99,1298.8419999999999,1298.95
2015-01-23 03:15:00,1298.9555,1299.043,1297.74,1298.6135000000002
2015-01-23 03:30:00,1298.6180000000002,1298.6429999999998,1297.7235,1298.2340000000002
2015-01-23 03:45:00,1298.241,1298.5265,1297.725,1297.889
2015-01-23 04:00:00,1297.897,1298.338,1297.736,1297.7485
2015-01-23 04:15:00,1297.79,1298.2279999999998,1297.339,1298.0405
2015-01-23 04:30:00,1298.0320000000002,1298.0320000000002,1296.716,1297.5265
2015-01-23 04:45:00,1297.5315,1297.538,1296.5924999999997,1297.2884999999999
2015-01-23 05:00:00,1297.326,1297.5484999999999,1296.5445,1297.0085000000001
2015-01-23 05:15:00,1297.025,1297.249,1296.7179999999998,1297.155
2015-01-23 05:30:00,1297.1465,1297.5539999999999,1296.467,1296.5785
2015-01-23 05:45:00,1296.571,1296.6249999999998,1293.7925,1295.231
2015-01-23 06:00:00,1295.161,1296.033,1293.506,1295.847
2015-01-23 06:15:00,1295.8565,1296.604,1294.9705,1296.481
2015-01-23 06:30:00,1296.435,1297.5349999999999,1296.031,1296.3200000000002
2015-01-23 06:45:00,1296.3239999999998,1297.2820000000002,1295.8500000000001,1296.832
2015-01-23 07:00:00,1296.8225,1297.0165,1295.8185,1296.2155
2015-01-23 07:15:00,1296.2150000000001,1297.19,1295.8700000000001,1295.966
2015-01-23 07:30:00,1296.03,1296.1485,1294.3484999999998,1294.846
2015-01-23 07:45:00,1294.8525,1295.2565,1292.7845,1294.1575
2015-01-23 08:00:00,1294.124,1294.638,1293.431,1294.03
2015-01-23 08:15:00,1294.025,1296.735,1293.795,1296.138
2015-01-23 08:30:00,1296.153,1296.4825,1294.253,1294.516
2015-01-23 08:45:00,1294.5155,1296.7275,1293.9440000000002,1294.981
2015-01-23 09:00:00,1294.9859999999999,1296.4695,1294.448,1295.4685
2015-01-23 09:15:00,1295.439,1296.6055000000001,1294.8685,1296.544
2015-01-23 09:30:00,1296.5085,1297.1045,1295.9305,1296.2015
2015-01-23 09:45:00,1296.201,1296.201,1293.9589999999998,1294.9505
2015-01-23 10:00:00,1294.9605,1294.9605,1293.3345,1294.5185000000001
2015-01-23 10:15:00,1294.518,1294.903,1293.335,1293.5995
2015-01-23 10:30:00,1293.5985,1294.2335,1292.8925,1293.6305
2015-01-23 10:45:00,1293.623,1295.603,1293.586,1294.8275
2015-01-23 11:00:00,1294.809,1295.4365,1293.9399999999998,1295.276
2015-01-23 11:15:00,1295.3015,1295.556,1294.0365,1294.9475
2015-01-23 11:30:00,1294.9415,1295.442,1294.5600000000002,1294.9189999999999
2015-01-23 11:45:00,1294.9435,1296.5035,1294.258,1296.0635
2015-01-23 12:00:00,1296.0385,1298.086,1295.0485,1297.6409999999998
2015-01-23 12:15:00,1297.6415,1299.8184999999999,1297.627,1298.543
2015-01-23 12:30:00,1298.533,1298.5405,1296.763,1297.377
2015-01-23 12:45:00,1297.3775,1297.9265,1295.9105000000002,1297.715
2015-01-23 13:00:00,1297.7115,1298.5965,1295.8584999999998,1296.028
2015-01-23 13:15:00,1296.0435,1298.0035,1295.633,1296.43
2015-01-23 13:30:00,1296.48,1298.6084999999998,1295.9129999999998,1298.2565000000002
2015-01-23 13:45:00,1298.2749999999999,1298.6084999999998,1297.3849999999998,1297.8985
2015-01-23 14:00:00,1297.8999999999999,1298.0935,1296.2534999999998,1297.4885
2015-01-23 14:15:00,1297.503,1297.7640000000001,1294.22,1295.581
2015-01-23 14:30:00,1295.6,1296.015,1294.011,1295.355
2015-01-23 14:45:00,1295.3595,1295.979,1294.5185000000001,1295.461
2015-01-23 15:00:00,1295.4550000000002,1296.29,1286.9859999999999,1287.2444999999998
2015-01-23 15:15:00,1287.229,1289.0215,1284.4885000000002,1288.692
2015-01-23 15:30:00,1288.6915,1289.6815,1287.455,1288.74
2015-01-23 15:45:00,1288.779,1291.2150000000001,1288.3105,1290.855
2015-01-23 16:00:00,1290.8304999999998,1293.025,1289.9850000000001,1292.095
2015-01-23 16:15:00,1292.055,1292.255,1289.5949999999998,1289.8215
2015-01-23 16:30:00,1289.815,1291.2749999999999,1289.585,1290.6000000000001
2015-01-23 16:45:00,1290.5149999999999,1291.025,1289.6035,1290.785
2015-01-23 17:00:00,1290.8149999999998,1291.1760000000002,1289.73,1290.3700000000001
2015-01-23 17:15:00,1290.4099999999999,1290.46,1288.805,1289.7855
2015-01-23 17:30:00,1289.786,1290.493,1289.001,1290.442
2015-01-23 17:45:00,1290.4205000000002,1290.758,1289.787,1289.7975
2015-01-23 18:00:00,1289.835,1290.284,1289.3055,1289.786
2015-01-23 18:15:00,1289.762,1293.1000000000001,1289.7345,1292.594
2015-01-23 18:30:00,1292.5729999999999,1293.017,1291.643,1292.9295
2015-01-23 18:45:00,1292.8419999999999,1294.1885,1292.422,1293.357
2015-01-23 19:00:00,1293.3745,1293.5110000000002,1291.155,1291.2704999999999
2015-01-23 19:15:00,1291.271,1291.6640000000002,1290.594,1290.949
2015-01-23 19:30:00,1290.9685,1291.269,1290.5415,1291.2359999999999
2015-01-23 19:45:00,1291.2655,1291.881,1290.581,1291.2514999999999
2015-01-23 20:00:00,1291.2559999999999,1291.536,1290.895,1291.0104999999999
2015-01-23 20:15:00,1291.011,1293.3645000000001,1291.011,1293.3645000000001
2015-01-23 20:30:00,1293.4185,1295.369,1292.8194999999998,1294.84
2015-01-23 20:45:00,1294.823,1294.859,1293.509,1293.7649999999999
2015-01-23 21:00:00,1293.744,1294.68,1293.5704999999998,1294.58
2015-01-23 21:15:00,1294.584,1295.3300000000002,1294.53,1294.73
2015-01-23 21:30:00,1294.68,1295.1945,1294.53,1294.5615
2015-01-23 21:45:00,1294.561,1294.73,1294.0100000000002,1294.4199999999998
2015-01-25 23:00:00,1293.3899999999999,1295.615,1293.04,1294.2665
2015-01-25 23:15:00,1294.2415,1294.3194999999998,1290.2555,1292.213
2015-01-25 23:30:00,1292.2315,1294.422,1291.9460000000001,1293.7625
2015-01-25 23:45:00,1293.817,1298.16,1293.817,1297.0905
2015-01-26 01:00:00,1296.9395,1298.4,1295.375,1297.4550000000002
2015-01-26 01:15:00,1297.4550000000002,1299.25,1297.4550000000002,1298.51
2015-01-26 01:30:00,1298.51,1298.67,1296.808,1297.5415
2015-01-26 01:45:00,1297.55,1297.59,1296.297,1296.297
2015-01-26 02:00:00,1296.3384999999998,1296.6840000000002,1295.3855,1295.937
2015-01-26 02:15:00,1295.926,1296.2375,1295.4830000000002,1296.191
2015-01-26 02:30:00,1296.1915,1296.296,1295.1550000000002,1295.232
2015-01-26 02:45:00,1295.2314999999999,1296.5715,1295.2314999999999,1296.0215
2015-01-26 03:00:00,1296.0465,1296.359,1293.642,1295.262
2015-01-26 03:15:00,1295.1989999999998,1295.232,1293.1799999999998,1294.4605
2015-01-26 03:30:00,1294.4945,1294.791,1294.3725,1294.63
2015-01-26 03:45:00,1294.6245,1295.2015,1294.5774999999999,1294.72
2015-01-26 04:00:00,1294.7140000000002,1294.808,1293.3505,1294.6015
2015-01-26 04:15:00,1294.6085,1295.172,1293.5649999999998,1294.2425
2015-01-26 04:30:00,1294.252,1294.3415,1293.002,1293.1725000000001
2015-01-26 04:45:00,1293.1825,1294.3545,1293.0605,1294.2355
2015-01-26 05:00:00,1294.2085,1294.7350000000001,1293.661,1294.72
2015-01-26 05:15:00,1294.7185000000002,1295.1640000000002,1294.4655,1294.977
2015-01-26 05:30:00,1294.9705000000001,1295.1019999999999,1293.389,1294.014
2015-01-26 05:45:00,1294.02,1294.0465,1292.3539999999998,1292.3964999999998
2015-01-26 06:00:00,1292.3725000000002,1292.3770000000002,1290.977,1291.8755
2015-01-26 06:15:00,1291.88,1293.3899999999999,1291.743,1291.836
2015-01-26 06:30:00,1291.8500000000001,1293.029,1291.7645,1293.029
2015-01-26 06:45:00,1293.025,1293.3645000000001,1292.7489999999998,1293.1799999999998
2015-01-26 07:00:00,1293.1599999999999,1293.384,1292.4019999999998,1292.848
2015-01-26 07:15:00,1292.8325,1293.9695000000002,1292.2425,1293.796
2015-01-26 07:30:00,1293.8205,1293.9705,1291.326,1291.5265
2015-01-26 07:45:00,1291.5105,1291.6599999999999,1287.127,1289.0674999999999
2015-01-26 08:00:00,1289.0625,1289.5335,1286.8,1287.9355
2015-01-26 08:15:00,1287.938,1288.19,1286.365,1287.2855
2015-01-26 08:30:00,1287.23,1287.4750000000001,1285.9005,1286.268
2015-01-26 08:45:00,1286.234,1286.3735,1281.4740000000002,1282.7595000000001
2015-01-26 09:00:00,1282.816,1282.9115,1280.386,1281.9235
2015-01-26 09:15:00,1281.923,1283.3504999999998,1280.7300000000002,1283.2865
2015-01-26 09:30:00,1283.271,1285.0375,1281.7785000000001,1282.8685
2015-01-26 09:45:00,1282.8475,1283.8470000000002,1281.7235,1283.4405
2015-01-26 10:00:00,1283.4495,1284.8600000000001,1282.2350000000001,1284.1985
2015-01-26 10:15:00,1284.1934999999999,1285.924,1283.404,1283.9705000000001
2015-01-26 10:30:00,1283.9655,1284.127,1282.406,1282.9834999999998
2015-01-26 10:45:00,1282.9805000000001,1283.3085,1282.492,1283.26
2015-01-26 11:00:00,1283.242,1283.6955,1282.9455,1283.0400000000002
2015-01-26 11:15:00,1283.0394999999999,1283.0394999999999,1277.9534999999998,1278.6735
2015-01-26 11:30:00,1278.6565,1279.6085,1277.3990000000001,1278.127
2015-01-26 11:45:00,1278.135,1278.7575,1277.378,1277.5974999999999
2015-01-26 12:00:00,1277.5935,1280.641,1275.9940000000001,1279.1695
2015-01-26 12:15:00,1279.1725,1282.101,1279.036,1281.5035
2015-01-26 12:30:00,1281.509,1283.4485,1281.2459999999999,1282.8445
2015-01-26 12:45:00,1282.8305,1284.526,1282.358,1284.2884999999999
2015-01-26 13:00:00,1284.2765,1285.783,1281.4354999999998,1282.2424999999998
2015-01-26 13:15:00,1282.2440000000001,1287.6235000000001,1281.573,1286.605
2015-01-26 13:30:00,1286.6025,1287.0875,1284.477,1286.2285
2015-01-26 13:45:00,1286.228,1287.1315,1285.5684999999999,1286.0755000000001
2015-01-26 14:00:00,1286.05,1287.192,1284.2024999999999,1284.5485
2015-01-26 14:15:00,1284.5324999999998,1284.6915,1283.1455,1284.2975
2015-01-26 14:30:00,1284.279,1284.522,1280.5385,1281.7834999999998
2015-01-26 14:45:00,1281.784,1283.1225,1281.3645000000001,1281.68
2015-01-26 15:00:00,1281.654,1281.963,1276.1435,1277.4335
2015-01-26 15:15:00,1277.4285,1278.6774999999998,1276.125,1277.76
2015-01-26 15:30:00,1277.76,1279.0185,1276.3860000000002,1278.0525
2015-01-26 15:45:00,1278.0665,1280.895,1277.9530000000002,1279.4840000000002
2015-01-26 16:00:00,1279.4985000000001,1279.9399999999998,1277.722,1278.3035
2015-01-26 16:15:00,1278.2885,1280.2225,1278.0505,1279.5765
2015-01-26 16:30:00,1279.587,1280.0855000000001,1278.7965,1279.9814999999999
2015-01-26 16:45:00,1279.9745,1280.0810000000001,1277.8075000000001,1278.983
2015-01-26 17:00:00,1278.99,1280.2749999999999,1278.884,1279.94
2015-01-26 17:15:00,1279.9395,1280.6509999999998,1279.2505,1280.059
2015-01-26 17:30:00,1280.07,1281.8035,1279.9089999999999,1281.225
2015-01-26 17:45:00,1281.217,1281.5280000000002,1280.6680000000001,1281.058
2015-01-26 18:00:00,1281.0179999999998,1281.138,1279.634,1280.435
2015-01-26 18:15:00,1280.4470000000001,1280.7269999999999,1279.401,1279.703
2015-01-26 18:30:00,1279.727,1280.6090000000002,1278.304,1279.232
2015-01-26 18:45:00,1279.243,1279.8780000000002,1278.829,1279.5729999999999
2015-01-26 19:00:00,1279.7175,1280.2535,1279.289,1280.0575000000001
2015-01-26 19:15:00,1280.0194999999999,1280.6450000000002,1279.917,1280.378
2015-01-26 19:30:00,1280.3899999999999,1281.237,1280.3899999999999,1281.186
2015-01-26 19:45:00,1281.209,1281.744,1280.8955,1281.282
2015-01-26 20:00:00,1281.268,1281.4495000000002,1280.745,1280.788
2015-01-26 20:15:00,1280.7945,1281.1505,1279.2485,1279.386
2015-01-26 20:30:00,1279.383,1280.6509999999998,1279.383,1280.444
2015-01-26 20:45:00,1280.492,1281.0155,1279.5639999999999,1280.482
2015-01-26 21:00:00,1280.483,1281.365,1279.908,1281.225
2015-01-26 21:15:00,1281.2459999999999,1281.4360000000001,1280.7279999999998,1281.0400000000002
2015-01-26 21:30:00,1281.0289999999998,1281.0349999999999,1280.3395,1280.834
2015-01-26 21:45:00,1280.864,1281.739,1280.864,1281.324
2015-01-26 22:00:00,1281.346,1281.4240000000002,1281.346,1281.4240000000002
2015-01-26 23:00:00,1281.25,1281.8,1280.796,1281.1855
2015-01-26 23:15:00,1281.164,1282.5455,1280.9750000000001,1281.8564999999999
2015-01-26 23:30:00,1281.7535,1281.7535,1280.0065,1280.194
2015-01-26 23:45:00,1280.181,1280.404,1279.376,1280.042
2015-01-27 01:00:00,1275.5455000000002,1278.3999999999999,1275.5455000000002,1277.684
2015-01-27 01:15:00,1277.6685,1278.04,1276.972,1277.0415
2015-01-27 01:30:00,1277.0475000000001,1278.0,1276.2315,1276.9505000000001
2015-01-27 01:45:00,1276.9755,1277.3500000000001,1275.0555,1276.3974999999998
2015-01-27 02:00:00,1276.404,1277.5639999999999,1276.299,1277.2145
2015-01-27 02:15:00,1277.214,1277.4515000000001,1276.3294999999998,1276.3725000000002
2015-01-27 02:30:00,1276.3519999999999,1277.478,1275.887,1277.0790000000002
2015-01-27 02:45:00,1277.066,1278.8875,1277.055,1278.37
2015-01-27 03:00:00,1278.3225,1279.9714999999999,1278.1599999999999,1278.6560000000002
2015-01-27 03:15:00,1278.6629999999998,1278.678,1277.5515,1277.9415
2015-01-27 03:30:00,1277.941,1279.32,1277.8945,1279.0065
2015-01-27 03:45:00,1279.006,1279.006,1277.5615,1277.822
2015-01-27 04:00:00,1277.827,1278.01,1277.31,1277.882
2015-01-27 04:15:00,1277.8815,1278.094,1277.296,1277.685
2015-01-27 04:30:00,1277.7005,1278.2959999999998,1277.1405,1278.035
2015-01-27 04:45:00,1278.0345,1278.2654999999997,1277.4950000000001,1277.8005
2015-01-27 05:00:00,1277.7435,1278.6864999999998,1277.7355,1278.184
2015-01-27 05:15:00,1278.1895,1279.1000000000001,1278.103,1279.007
2015-01-27 05:30:00,1278.9940000000001,1279.2885,1277.2005,1277.686
2015-01-27 05:45:00,1277.6635,1278.638,1277.5449999999998,1278.637
2015-01-27 06:00:00,1278.6375,1280.0575000000001,1278.6375,1279.9040000000002
2015-01-27 06:15:00,1279.8985,1281.0424999999998,1279.1689999999999,1279.884
2015-01-27 06:30:00,1279.8850000000002,1280.131,1279.3835000000001,1279.639
2015-01-27 06:45:00,1279.644,1283.1825000000001,1279.644,1282.8145
2015-01-27 07:00:00,1282.7865,1284.0240000000001,1281.991,1283.0874999999999
2015-01-27 07:15:00,1283.0919999999999,1283.288,1282.078,1282.6955
2015-01-27 07:30:00,1282.695,1282.7815,1280.7030000000002,1281.3345
2015-01-27 07:45:00,1281.3215,1281.4205000000002,1279.775,1279.8605
2015-01-27 08:00:00,1279.8500000000001,1279.8725000000002,1278.423,1279.406
2015-01-27 08:15:00,1279.4205,1280.1275,1278.8685,1279.8685
2015-01-27 08:30:00,1279.9085000000002,1280.0595,1277.4935,1278.955
2015-01-27 08:45:00,1278.94,1282.2085,1278.913,1282.176
2015-01-27 09:00:00,1282.1715000000002,1282.2849999999999,1280.6915,1281.5225
2015-01-27 09:15:00,1281.5065,1281.7115,1280.4669999999999,1281.062
2015-01-27 09:30:00,1281.076,1282.4175,1280.8780000000002,1282.3229999999999
2015-01-27 09:45:00,1282.3285,1282.922,1281.575,1282.787
2015-01-27 10:00:00,1282.795,1283.2285,1281.97,1282.104
2015-01-27 10:15:00,1282.1125,1282.114,1279.618,1280.2235
2015-01-27 10:30:00,1280.178,1280.2769999999998,1279.2055,1279.8690000000001
2015-01-27 10:45:00,1279.875,1281.4209999999998,1279.8674999999998,1280.1785
2015-01-27 11:00:00,1280.201,1281.9225,1280.115,1281.3825
2015-01-27 11:15:00,1281.368,1281.9075000000003,1280.115,1281.741
2015-01-27 11:30:00,1281.7305000000001,1282.015,1281.0365000000002,1281.2165
2015-01-27 11:45:00,1281.2295,1281.615,1280.5384999999999,1280.5435
2015-01-27 12:00:00,1280.5315,1280.83,1279.5049999999999,1280.6834999999999
2015-01-27 12:15:00,1280.659,1281.731,1280.605,1280.6445
2015-01-27 12:30:00,1280.6495,1281.868,1280.6495,1281.285
2015-01-27 12:45:00,1281.2765,1283.6285,1281.1305,1283.3165000000001
2015-01-27 13:00:00,1283.335,1284.2749999999999,1282.9605000000001,1283.3615
2015-01-27 13:15:00,1283.3665,1283.453,1280.0874999999999,1281.08
2015-01-27 13:30:00,1281.08,1286.1290000000001,1280.152,1285.8495
2015-01-27 13:45:00,1285.846,1288.576,1285.6680000000001,1287.442
2015-01-27 14:00:00,1287.463,1287.5515,1285.2305000000001,1286.7250000000001
2015-01-27 14:15:00,1286.7335,1288.366,1286.2415,1286.6209999999999
2015-01-27 14:30:00,1286.576,1288.638,1285.98,1288.509
2015-01-27 14:45:00,1288.5145000000002,1291.288,1287.634,1290.0
2015-01-27 15:00:00,1289.9950000000001,1290.15,1287.81,1289.0485
2015-01-27 15:15:00,1289.0935,1291.677,1287.918,1291.1535000000001
2015-01-27 15:30:00,1291.2040000000002,1297.683,1290.5365,1296.147
2015-01-27 15:45:00,1296.148,1296.3555,1293.869,1294.5584999999999
2015-01-27 16:00:00,1294.5629999999999,1294.7185,1292.4524999999999,1293.5235
2015-01-27 16:15:00,1293.5089999999998,1295.762,1293.367,1293.46
2015-01-27 16:30:00,1293.4375,1295.2475,1293.3195,1295.055
2015-01-27 16:45:00,1295.059,1295.1599999999999,1293.0745,1293.1515000000002
2015-01-27 17:00:00,1293.1315000000002,1293.6085,1292.286,1293.2095
2015-01-27 17:15:00,1293.1989999999998,1293.1989999999998,1290.058,1290.0784999999998
2015-01-27 17:30:00,1290.0310000000002,1291.816,1289.762,1291.326
2015-01-27 17:45:00,1291.3325,1291.711,1290.4454999999998,1290.456
2015-01-27 18:00:00,1290.4515,1291.9355,1290.19,1291.7939999999999
2015-01-27 18:15:00,1291.7805,1292.6155,1290.6634999999999,1292.471
2015-01-27 18:30:00,1292.4415,1293.9360000000001,1292.2105,1293.105
2015-01-27 18:45:00,1293.1055000000001,1293.886,1292.8975,1293.3985
2015-01-27 19:00:00,1293.433,1294.031,1293.399,1293.8365000000001
2015-01-27 19:15:00,1293.884,1294.1195,1292.7475,1293.693
2015-01-27 19:30:00,1293.6705,1294.066,1293.5400000000002,1293.7685
2015-01-27 19:45:00,1293.768,1294.246,1293.6845,1294.0905
2015-01-27 20:00:00,1294.0865000000001,1294.3445000000002,1293.044,1294.3139999999999
2015-01-27 20:15:00,1294.2914999999998,1295.1090000000002,1294.2259999999999,1295.0145
2015-01-27 20:30:00,1295.007,1295.441,1294.7089999999998,1295.4165
2015-01-27 20:45:00,1295.3990000000001,1296.3190000000002,1294.6760000000002,1294.902
2015-01-27 21:00:00,1294.925,1295.298,1294.4255,1294.4255
2015-01-27 21:15:00,1294.285,1294.525,1293.5504999999998,1293.5504999999998
2015-01-27 21:30:00,1293.525,1293.6444999999999,1291.9685000000002,1292.4240000000002
2015-01-27 21:45:00,1292.4365,1292.8035,1292.214,1292.244
2015-01-27 23:00:00,1292.065,1293.225,1292.045,1292.675
2015-01-27 23:15:00,1292.6875,1293.275,1292.14,1293.22
2015-01-27 23:30:00,1293.239,1293.7350000000001,1292.8875,1293.5725000000002
2015-01-27 23:45:00,1293.5770000000002,1293.635,1293.32,1293.5335
2015-01-28 01:00:00,1292.285,1292.285,1290.8304999999998,1291.685
2015-01-28 01:15:00,1291.6844999999998,1291.6944999999998,1290.605,1290.8159999999998
2015-01-28 01:30:00,1290.799,1290.921,1290.18,1290.594
2015-01-28 01:45:00,1290.5945,1290.8935,1289.8065,1290.0259999999998
2015-01-28 02:00:00,1290.0155,1291.5910000000001,1289.8815,1290.126
2015-01-28 02:15:00,1290.1254999999999,1290.3334999999997,1289.469,1290.1219999999998
2015-01-28 02:30:00,1290.1029999999998,1291.8805,1290.1029999999998,1290.925
2015-01-28 02:45:00,1290.906,1291.3795,1290.257,1290.781
2015-01-28 03:00:00,1290.8165000000001,1291.373,1290.475,1290.5155
2015-01-28 03:15:00,1290.526,1291.225,1290.513,1291.1345000000001
2015-01-28 03:30:00,1291.1215,1291.266,1289.2469999999998,1289.6660000000002
2015-01-28 03:45:00,1289.6725,1289.955,1289.2669999999998,1289.5565
2015-01-28 04:00:00,1289.502,1289.7525,1288.653,1289.1095
2015-01-28 04:15:00,1289.1155,1289.7715,1289.1075,1289.6740000000002
2015-01-28 04:30:00,1289.667,1289.967,1289.4025,1289.8464999999999
2015-01-28 04:45:00,1289.8385,1290.2835,1289.4515000000001,1289.9835
2015-01-28 05:00:00,1289.9944999999998,1290.371,1289.593,1290.371
2015-01-28 05:15:00,1290.3115,1290.677,1289.5695,1290.6245000000001
2015-01-28 05:30:00,1290.6345,1291.321,1290.4665,1290.9865
2015-01-28 05:45:00,1290.961,1292.16,1290.8795,1291.6164999999999
2015-01-28 06:00:00,1291.6115,1292.2895,1291.3065,1291.667
2015-01-28 06:15:00,1291.6630000000002,1292.12,1291.2865,1291.36
2015-01-28 06:30:00,1291.31,1291.405,1290.2865,1290.9305
2015-01-28 06:45:00,1290.934,1290.934,1288.988,1289.255
2015-01-28 07:00:00,1289.2430000000002,1289.7955,1287.944,1289.2199999999998
2015-01-28 07:15:00,1289.214,1289.2450000000001,1287.614,1288.24
2015-01-28 07:30:00,1288.2455,1288.68,1287.0,1287.1465
2015-01-28 07:45:00,1287.1264999999999,1288.1725,1286.0765000000001,1288.1319999999998
2015-01-28 08:00:00,1288.152,1288.994,1287.2885,1288.661
2015-01-28 08:15:00,1288.6685,1289.6435000000001,1287.544,1288.2855
2015-01-28 08:30:00,1288.2939999999999,1288.6734999999999,1287.4955,1287.6185
2015-01-28 08:45:00,1287.583,1288.6725000000001,1287.2984999999999,1288.4315000000001
2015-01-28 09:00:00,1288.4385,1289.6535,1288.0135,1289.6419999999998
2015-01-28 09:15:00,1289.649,1289.649,1288.0130000000001,1288.3545
2015-01-28 09:30:00,1288.346,1289.0335,1287.679,1287.967
2015-01-28 09:45:00,1287.9605,1288.0805,1287.1845,1288.0185000000001
2015-01-28 10:00:00,1288.0140000000001,1288.9635,1287.5615,1288.3585
2015-01-28 10:15:00,1288.3385,1289.0595,1287.8655,1287.973
2015-01-28 10:30:00,1287.963,1288.0639999999999,1286.5449999999998,1286.968
2015-01-28 10:45:00,1286.998,1288.7105,1286.8365000000001,1288.6505
2015-01-28 11:00:00,1288.638,1291.909,1288.5925,1291.7745
2015-01-28 11:15:00,1291.8,1291.9985000000001,1290.672,1291.0835
2015-01-28 11:30:00,1291.078,1291.5800000000002,1290.7935,1290.8000000000002
2015-01-28 11:45:00,1290.8135000000002,1291.069,1289.809,1289.8285
2015-01-28 12:00:00,1289.864,1291.2115,1289.825,1290.896
2015-01-28 12:15:00,1290.887,1292.727,1290.259,1292.1885
2015-01-28 12:30:00,1292.184,1292.2725,1290.26,1290.741
2015-01-28 12:45:00,1290.7160000000001,1291.2915,1290.3125,1290.4495000000002
2015-01-28 13:00:00,1290.442,1292.375,1290.0224999999998,1291.819
2015-01-28 13:15:00,1291.815,1293.1705000000002,1289.6155,1289.6190000000001
2015-01-28 13:30:00,1289.5985,1289.5985,1288.2,1288.6979999999999
2015-01-28 13:45:00,1288.7,1289.2344999999998,1285.249,1286.9115000000002
2015-01-28 14:00:00,1286.8825000000002,1287.122,1284.9579999999999,1286.23
2015-01-28 14:15:00,1286.2385,1286.7375,1283.4279999999999,1285.541
2015-01-28 14:30:00,1285.5705,1287.825,1284.7825,1286.283
2015-01-28 14:45:00,1286.3475,1287.112,1285.104,1285.484
2015-01-28 15:00:00,1285.4835,1288.531,1284.6354999999999,1287.54
2015-01-28 15:15:00,1287.5145,1288.4275,1287.2440000000001,1288.18
2015-01-28 15:30:00,1288.1895,1289.0955,1286.9279999999999,1287.3725
2015-01-28 15:45:00,1287.3775,1288.915,1287.248,1288.263
2015-01-28 16:00:00,1288.288,1288.457,1287.3875,1288.1084999999998
2015-01-28 16:15:00,1288.0990000000002,1288.1135,1286.445,1286.8675
2015-01-28 16:30:00,1286.905,1287.3035,1285.73,1287.3035
2015-01-28 16:45:00,1287.2785000000001,1287.389,1285.47,1286.387
2015-01-28 17:00:00,1286.429,1287.1835,1285.6200000000001,1286.6835
2015-01-28 17:15:00,1286.6885,1286.998,1285.588,1286.6395
2015-01-28 17:30:00,1286.629,1287.365,1286.3374999999999,1286.439
2015-01-28 17:45:00,1286.464,1287.859,1286.276,1287.544
2015-01-28 18:00:00,1287.55,1288.1264999999999,1286.3455,1286.941
2015-01-28 18:15:00,1286.933,1287.401,1286.3295,1286.3799999999999
2015-01-28 18:30:00,1286.388,1289.5935,1286.28,1287.4655
2015-01-28 18:45:00,1287.465,1288.366,1285.974,1286.76
2015-01-28 19:00:00,1286.835,1289.589,1285.9555,1287.957
2015-01-28 19:15:00,1287.9815,1288.328,1279.921,1284.9325000000001
2015-01-28 19:30:00,1284.8965,1288.2849999999999,1283.85,1285.5169999999998
2015-01-28 19:45:00,1285.4955,1285.82,1282.4515,1285.384
2015-01-28 20:00:00,1285.3870000000002,1285.7814999999998,1283.254,1283.7085
2015-01-28 20:15:00,1283.73,1286.049,1283.2665,1284.1615000000002
2015-01-28 20:30:00,1284.1570000000002,1286.825,1283.8509999999999,1285.8609999999999
2015-01-28 20:45:00,1285.8605,1286.8215,1284.6225,1285.084
2015-01-28 21:00:00,1285.0539999999999,1286.0,1284.9454999999998,1285.3690000000001
2015-01-28 21:15:00,1285.3500000000001,1285.8035,1284.9734999999998,1285.5025
2015-01-28 21:30:00,1285.49,1285.7414999999999,1285.038,1285.1245
2015-01-28 21:45:00,1285.117,1285.3950000000002,1284.4950000000001,1284.595
2015-01-28 22:00:00,1284.3619999999999,1284.3619999999999,1284.3619999999999,1284.3619999999999
2015-01-28 23:00:00,1283.85,1285.295,1283.7965000000002,1283.925
2015-01-28 23:15:00,1283.938,1284.0465,1283.15,1283.573
2015-01-28 23:30:00,1283.5485,1284.5410000000002,1283.2905,1284.25
2015-01-28 23:45:00,1284.2595,1285.25,1284.2195,1285.0795
2015-01-29 01:00:00,1285.422,1286.003,1283.6905000000002,1284.313
2015-01-29 01:15:00,1284.338,1284.793,1283.3265000000001,1283.3764999999999
2015-01-29 01:30:00,1283.3719999999998,1283.3719999999998,1280.178,1281.307
2015-01-29 01:45:00,1281.316,1281.7365,1278.7050000000002,1279.4460000000001
2015-01-29 02:00:00,1279.409,1279.9455,1278.3045000000002,1279.518
2015-01-29 02:15:00,1279.5175,1280.4505,1279.278,1280.325
2015-01-29 02:30:00,1280.3249999999998,1281.1165,1279.971,1280.8165000000001
2015-01-29 02:45:00,1280.8105,1281.5439999999999,1280.0125,1281.341
2015-01-29 03:00:00,1281.2930000000001,1282.2430000000002,1281.1264999999999,1281.9055
2015-01-29 03:15:00,1281.893,1281.9325,1280.8654999999999,1281.328
2015-01-29 03:30:00,1281.3465,1281.647,1280.8654999999999,1281.469
2015-01-29 03:45:00,1281.4585000000002,1281.4779999999998,1280.922,1281.3525
2015-01-29 04:00:00,1281.3685,1283.631,1281.293,1283.216
2015-01-29 04:15:00,1283.176,1285.2305000000001,1282.165,1282.786
2015-01-29 04:30:00,1282.773,1283.335,1282.3039999999999,1282.857
2015-01-29 04:45:00,1282.845,1282.847,1281.8809999999999,1282.438
2015-01-29 05:00:00,1282.3955,1282.6019999999999,1281.583,1282.163
2015-01-29 05:15:00,1282.142,1282.6174999999998,1281.608,1282.221
2015-01-29 05:30:00,1282.1960000000001,1282.5015,1280.076,1282.146
2015-01-29 05:45:00,1282.1280000000002,1283.3480000000002,1282.1280000000002,1282.803
2015-01-29 06:00:00,1282.823,1283.635,1282.385,1283.042
2015-01-29 06:15:00,1283.0355000000002,1283.3395,1282.62,1283.0925
2015-01-29 06:30:00,1283.1055,1283.1585,1281.41,1282.126
2015-01-29 06:45:00,1282.1815000000001,1283.0645,1281.346,1282.462
2015-01-29 07:00:00,1282.472,1282.654,1277.625,1279.428
2015-01-29 07:15:00,1279.439,1280.7,1278.176,1280.3139999999999
2015-01-29 07:30:00,1280.2694999999999,1282.1870000000001,1278.8645,1281.8850000000002
2015-01-29 07:45:00,1281.8760000000002,1282.1745,1280.8505,1281.5484999999999
2015-01-29 08:00:00,1281.54,1281.54,1279.7435,1279.8760000000002
2015-01-29 08:15:00,1279.8755,1280.2119999999998,1276.8664999999999,1279.291
2015-01-29 08:30:00,1279.301,1279.6255,1278.3954999999999,1279.3835000000001
2015-01-29 08:45:00,1279.3735000000001,1281.309,1279.0130000000001,1280.019
2015-01-29 09:00:00,1280.031,1280.506,1276.7160000000001,1277.299
2015-01-29 09:15:00,1277.2559999999999,1277.717,1274.113,1275.919
2015-01-29 09:30:00,1275.929,1277.283,1274.2160000000001,1274.3105
2015-01-29 09:45:00,1274.319,1276.5695,1272.009,1275.754
2015-01-29 10:00:00,1275.7545,1277.45,1275.483,1276.618
2015-01-29 10:15:00,1276.6385,1276.8609999999999,1275.254,1275.5774999999999
2015-01-29 10:30:00,1275.5520000000001,1276.535,1275.3145,1276.365
2015-01-29 10:45:00,1276.4154999999998,1276.4154999999998,1274.781,1275.645
2015-01-29 11:00:00,1275.6415,1277.0205,1275.055,1276.659
2015-01-29 11:15:00,1276.65,1276.8735,1273.5965,1273.93
2015-01-29 11:30:00,1273.9564999999998,1274.0465,1263.955,1266.006
2015-01-29 11:45:00,1266.002,1270.668,1265.8339999999998,1268.9309999999998
2015-01-29 12:00:00,1268.9409999999998,1271.049,1268.154,1269.3799999999999
2015-01-29 12:15:00,1269.4025,1271.585,1269.181,1270.7585
2015-01-29 12:30:00,1270.76,1271.4634999999998,1268.8275,1270.765
2015-01-29 12:45:00,1270.7195,1271.079,1267.4465000000002,1268.4045
2015-01-29 13:00:00,1268.3305,1272.53,1266.4865,1272.3525
2015-01-29 13:15:00,1272.3579999999997,1274.2404999999999,1271.3055000000002,1273.145
2015-01-29 13:30:00,1273.135,1273.2890000000002,1269.111,1269.2535
2015-01-29 13:45:00,1269.2285,1272.4035000000001,1268.5205,1271.7310000000002
2015-01-29 14:00:00,1271.741,1272.814,1270.425,1270.9454999999998
2015-01-29 14:15:00,1270.9070000000002,1270.9575,1269.3799999999999,1269.8415
2015-01-29 14:30:00,1269.8419999999999,1270.963,1267.544,1270.6009999999999
2015-01-29 14:45:00,1270.5760000000002,1272.566,1270.361,1272.3600000000001
2015-01-29 15:00:00,1272.4644999999998,1272.9679999999998,1269.088,1269.3725
2015-01-29 15:15:00,1269.365,1271.341,1269.13,1270.3890000000001
2015-01-29 15:30:00,1270.396,1270.608,1265.9155,1267.3739999999998
2015-01-29 15:45:00,1267.335,1267.335,1262.605,1264.4180000000001
2015-01-29 16:00:00,1264.4315000000001,1265.7185,1261.829,1265.3514999999998
2015-01-29 16:15:00,1265.342,1265.342,1257.91,1259.324
2015-01-29 16:30:00,1259.339,1262.07,1257.9205,1259.4750000000001
2015-01-29 16:45:00,1259.4735,1259.7345,1256.8705000000002,1259.069
2015-01-29 17:00:00,1259.075,1259.1255,1255.925,1256.0465000000002
2015-01-29 17:15:00,1256.0155,1256.0275000000001,1252.2704999999999,1253.9845
2015-01-29 17:30:00,1253.9895000000001,1257.517,1253.7839999999999,1256.575
2015-01-29 17:45:00,1256.5505,1258.9455,1256.1175,1257.021
2015-01-29 18:00:00,1257.0515,1257.1415,1253.923,1254.4799999999998
2015-01-29 18:15:00,1254.5085,1256.9755,1252.2089999999998,1255.8205
2015-01-29 18:30:00,1255.871,1256.696,1255.4855,1255.7
2015-01-29 18:45:00,1255.7145,1258.192,1255.701,1257.722
2015-01-29 19:00:00,1257.747,1257.982,1255.6355,1255.8905
2015-01-29 19:15:00,1255.84,1257.992,1255.8155,1257.7315
2015-01-29 19:30:00,1257.744,1258.8654999999999,1257.5565000000001,1258.6165
2015-01-29 19:45:00,1258.6245,1258.7695,1256.2,1256.351
2015-01-29 20:00:00,1256.3595,1257.596,1255.9305,1257.596
2015-01-29 20:15:00,1257.5894999999998,1257.9740000000002,1256.6875,1257.101
2015-01-29 20:30:00,1257.09,1258.1040000000003,1254.8220000000001,1256.0404999999998
2015-01-29 20:45:00,1256.085,1258.6855,1256.085,1256.9714999999999
2015-01-29 21:00:00,1256.9189999999999,1258.548,1256.9189999999999,1258.0384999999999
2015-01-29 21:15:00,1258.0739999999998,1258.195,1256.315,1256.4624999999999
2015-01-29 21:30:00,1256.5285,1257.803,1256.4845,1256.5125
2015-01-29 21:45:00,1256.508,1257.907,1256.4530000000002,1257.43
2015-01-29 22:00:00,1257.498,1257.498,1257.498,1257.498
2015-01-29 23:00:00,1258.38,1259.525,1258.344,1259.375
2015-01-29 23:15:00,1259.35,1259.35,1258.3764999999999,1258.635
2015-01-29 23:30:00,1258.6605,1259.27,1258.3700000000001,1259.1999999999998
2015-01-29 23:45:00,1259.25,1261.0785,1259.1909999999998,1260.904
2015-01-30 01:00:00,1259.966,1259.97,1257.86,1259.1644999999999
2015-01-30 01:15:00,1259.2,1259.4195,1257.2414999999999,1259.216
2015-01-30 01:30:00,1259.2259999999999,1260.7189999999998,1259.09,1260.5
2015-01-30 01:45:00,1260.522,1260.6,1259.9,1260.3590000000002
2015-01-30 02:00:00,1260.3595,1260.6,1259.895,1260.268
2015-01-30 02:15:00,1260.3,1260.8700000000001,1260.1,1260.436
2015-01-30 02:30:00,1260.475,1261.3,1260.177,1261.204
2015-01-30 02:45:00,1261.2245000000003,1261.33,1258.62,1258.891
2015-01-30 03:00:00,1258.8905,1260.8,1258.886,1260.67
2015-01-30 03:15:00,1260.7649999999999,1261.6335,1260.515,1261.0495
2015-01-30 03:30:00,1261.049,1261.491,1260.2,1260.8084999999999
2015-01-30 03:45:00,1260.818,1261.0465,1260.0425,1260.6095
2015-01-30 04:00:00,1260.6235,1261.355,1260.5305,1261.335
2015-01-30 04:15:00,1261.3345,1261.7,1260.8,1261.1450000000002
2015-01-30 04:30:00,1261.1499999999999,1261.1885000000002,1260.3870000000002,1261.074
2015-01-30 04:45:00,1261.082,1261.187,1260.472,1260.527
2015-01-30 05:00:00,1260.547,1261.4205,1260.2555,1261.209
2015-01-30 05:15:00,1261.202,1261.704,1261.1155,1261.538
2015-01-30 05:30:00,1261.548,1261.8085,1260.881,1261.0810000000001
2015-01-30 05:45:00,1261.1004999999998,1261.4370000000001,1260.5674999999999,1260.901
2015-01-30 06:00:00,1260.926,1261.387,1260.2720000000002,1260.9935
2015-01-30 06:15:00,1261.0135,1261.2865,1260.8385,1260.9695
2015-01-30 06:30:00,1260.9985,1261.0735,1259.007,1259.665
2015-01-30 06:45:00,1259.6779999999999,1261.1495,1259.1539999999998,1261.065
2015-01-30 07:00:00,1261.055,1261.5110000000002,1260.5595,1261.0810000000001
2015-01-30 07:15:00,1261.1315000000002,1264.123,1261.125,1262.63
2015-01-30 07:30:00,1262.646,1262.825,1261.087,1262.4044999999999
2015-01-30 07:45:00,1262.3799999999999,1262.5585,1261.718,1262.4195
2015-01-30 08:00:00,1262.421,1263.6715000000002,1261.877,1262.1100000000001
2015-01-30 08:15:00,1262.1035,1262.862,1261.661,1262.4395
2015-01-30 08:30:00,1262.439,1262.9655,1260.7665000000002,1261.1280000000002
2015-01-30 08:45:00,1261.158,1263.5214999999998,1261.158,1263.4744999999998
2015-01-30 09:00:00,1263.4695000000002,1265.0165,1263.2865,1264.5990000000002
2015-01-30 09:15:00,1264.5875,1266.253,1264.5665,1264.8805
2015-01-30 09:30:00,1264.863,1265.0514999999998,1264.1305,1264.6004999999998
2015-01-30 09:45:00,1264.562,1264.913,1263.64,1264.6995
2015-01-30 10:00:00,1264.941,1265.4965,1264.0674999999999,1264.39
2015-01-30 10:15:00,1264.3975,1264.6100000000001,1263.5480000000002,1263.558
2015-01-30 10:30:00,1263.558,1263.9379999999999,1262.955,1263.1925
2015-01-30 10:45:00,1263.2175,1265.524,1262.9950000000001,1265.326
2015-01-30 11:00:00,1265.3055,1265.663,1263.4465,1264.6844999999998
2015-01-30 11:15:00,1264.6924999999999,1264.7645,1263.02,1263.8895
2015-01-30 11:30:00,1263.8764999999999,1264.814,1263.4270000000001,1263.9405
2015-01-30 11:45:00,1263.9175,1264.2759999999998,1261.9045,1263.0275
2015-01-30 12:00:00,1263.0125,1263.5204999999999,1262.5395,1263.1775
2015-01-30 12:15:00,1263.177,1263.573,1262.44,1263.4235
2015-01-30 12:30:00,1263.426,1264.3025,1263.1254999999999,1263.7915
2015-01-30 12:45:00,1263.7955,1264.3835,1262.9305,1263.5305
2015-01-30 13:00:00,1263.5059999999999,1263.666,1260.895,1260.945
2015-01-30 13:15:00,1260.9535,1262.2325,1258.6335,1260.3000000000002
2015-01-30 13:30:00,1260.3500000000001,1266.8045,1260.3290000000002,1264.478
2015-01-30 13:45:00,1264.503,1266.104,1263.1805,1263.605
2015-01-30 14:00:00,1263.62,1264.796,1261.4005,1262.678
2015-01-30 14:15:00,1262.711,1263.5885,1261.2245,1263.4295
2015-01-30 14:30:00,1263.4464999999998,1264.2434999999998,1259.412,1260.045
2015-01-30 14:45:00,1260.0449999999998,1261.496,1258.9175,1260.47
2015-01-30 15:00:00,1260.4705,1263.1745,1260.1435,1262.758
2015-01-30 15:15:00,1262.78,1266.1934999999999,1262.6365,1265.8664999999999
2015-01-30 15:30:00,1265.8415,1269.931,1265.8165000000001,1268.69
2015-01-30 15:45:00,1268.709,1273.925,1268.4655,1273.925
2015-01-30 16:00:00,1273.8890000000001,1275.1940000000002,1271.9355,1273.1445
2015-01-30 16:15:00,1273.1525,1273.4485,1270.851,1273.3335
2015-01-30 16:30:00,1273.353,1277.273,1273.3345,1276.2185
2015-01-30 16:45:00,1276.244,1278.0249999999999,1272.9130000000002,1273.2430000000002
2015-01-30 17:00:00,1273.2579999999998,1276.586,1273.067,1275.634
2015-01-30 17:15:00,1275.6345,1276.8845,1275.2855,1275.4795
2015-01-30 17:30:00,1275.4424999999999,1277.8345,1274.77,1276.225
2015-01-30 17:45:00,1276.2005,1276.6435,1275.3819999999998,1275.6045
2015-01-30 18:00:00,1275.605,1276.9759999999999,1274.7785000000001,1276.389
2015-01-30 18:15:00,1276.414,1279.0700000000002,1276.3809999999999,1278.3999999999999
2015-01-30 18:30:00,1278.3515000000002,1279.152,1276.6605,1277.035
2015-01-30 18:45:00,1277.025,1278.065,1275.82,1276.7725
2015-01-30 19:00:00,1276.8235,1280.325,1276.815,1280.052
2015-01-30 19:15:00,1280.079,1282.036,1279.4744999999998,1281.4995
2015-01-30 19:30:00,1281.5249999999999,1282.81,1280.5615,1280.824
2015-01-30 19:45:00,1280.8235,1282.855,1280.0729999999999,1282.4070000000002
2015-01-30 20:00:00,1282.4375,1283.4035,1280.601,1281.4495000000002
2015-01-30 20:15:00,1281.5175,1282.439,1281.1285,1282.0795
2015-01-30 20:30:00,1282.0895,1283.9455,1281.965,1283.5545
2015-01-30 20:45:00,1283.5925,1284.8645000000001,1283.1485,1284.5745000000002
2015-01-30 21:00:00,1284.5545000000002,1284.676,1283.451,1284.5199999999998
2015-01-30 21:15:00,1284.5085000000001,1284.9035000000001,1283.6015,1284.699
2015-01-30 21:30:00,1284.6634999999999,1284.725,1283.2805,1283.4455
2015-01-30 21:45:00,1283.446,1283.97,1283.2665,1283.685
2015-02-01 23:00:00,1282.099,1282.34,1279.65,1280.524
2015-02-01 23:15:00,1280.512,1281.52,1279.954,1281.4705
2015-02-01 23:30:00,1281.5049999999999,1282.02,1280.0405,1282.02
2015-02-01 23:45:00,1282.0635,1282.8345000000002,1280.762,1280.837
2015-02-02 01:00:00,1280.8545,1283.461,1280.4245,1283.257
2015-02-02 01:15:00,1283.244,1283.4295000000002,1281.6435000000001,1281.8175
2015-02-02 01:30:00,1281.8235000000002,1282.2350000000001,1280.414,1280.785
2015-02-02 01:45:00,1280.7855,1281.222,1279.6865,1279.786
2015-02-02 02:00:00,1279.81,1280.8365000000001,1278.9235,1280.524
2015-02-02 02:15:00,1280.525,1281.0604999999998,1280.227,1280.228
2015-02-02 02:30:00,1280.2295000000001,1280.9705000000001,1279.2375,1279.676
2015-02-02 02:45:00,1279.6715,1279.8145,1278.7945,1279.095
2015-02-02 03:00:00,1279.1015,1280.0315,1278.7314999999999,1279.5265
2015-02-02 03:15:00,1279.526,1280.8675,1279.379,1280.2769999999998
2015-02-02 03:30:00,1280.2810000000002,1280.641,1279.9099999999999,1280.6355
2015-02-02 03:45:00,1280.6439999999998,1280.6924999999999,1279.8205,1279.8285
2015-02-02 04:00:00,1279.8355000000001,1280.3295,1279.809,1280.2499999999998
2015-02-02 04:15:00,1280.26,1280.732,1279.9505,1280.627
2015-02-02 04:30:00,1280.6329999999998,1280.71,1279.801,1280.2450000000001
2015-02-02 04:45:00,1280.2585000000001,1280.7635,1280.0365,1280.6550000000002
2015-02-02 05:00:00,1280.6485,1281.4785000000002,1280.5935,1281.4785000000002
2015-02-02 05:15:00,1281.4499999999998,1281.5735,1280.9805000000001,1281.2504999999999
2015-02-02 05:30:00,1281.2540000000001,1281.338,1280.106,1280.3685
2015-02-02 05:45:00,1280.376,1280.6370000000002,1280.1255,1280.2984999999999
2015-02-02 06:00:00,1280.2904999999998,1280.9915,1279.884,1280.1685
2015-02-02 06:15:00,1280.1680000000001,1280.339,1279.0800000000002,1279.369
2015-02-02 06:30:00,1279.3685,1280.024,1278.849,1279.7075
2015-02-02 06:45:00,1279.7135,1280.1335,1279.5024999999998,1279.734
2015-02-02 07:00:00,1279.7285,1279.738,1279.0735000000002,1279.377
2015-02-02 07:15:00,1279.3705,1279.4535,1278.782,1278.8335
2015-02-02 07:30:00,1278.8305,1279.4450000000002,1278.7154999999998,1279.2785000000001
2015-02-02 07:45:00,1279.3035,1280.3464999999999,1278.9415,1280.3305
2015-02-02 08:00:00,1280.3245,1280.482,1279.0415,1279.3865
2015-02-02 08:15:00,1279.3775,1279.4685000000002,1276.031,1276.204
2015-02-02 08:30:00,1276.225,1277.262,1276.1995,1276.2235
2015-02-02 08:45:00,1276.1235,1276.886,1275.5939999999998,1276.636
2015-02-02 09:00:00,1276.6299999999999,1277.088,1276.1325,1276.169
2015-02-02 09:15:00,1276.1735,1276.1770000000001,1273.7315,1274.3435
2015-02-02 09:30:00,1274.336,1275.6585,1274.072,1275.643
2015-02-02 09:45:00,1275.629,1275.865,1274.67,1275.027
2015-02-02 10:00:00,1275.0175,1275.3835000000001,1274.171,1275.0565
2015-02-02 10:15:00,1275.1115,1275.17,1274.3300000000002,1274.5915
2015-02-02 10:30:00,1274.597,1275.1670000000001,1273.876,1274.6064999999999
2015-02-02 10:45:00,1274.6025,1276.6645,1274.138,1276.1985
2015-02-02 11:00:00,1276.1734999999999,1278.579,1275.5365000000002,1278.177
2015-02-02 11:15:00,1278.1825,1279.0614999999998,1275.7435,1276.299
2015-02-02 11:30:00,1276.3660000000002,1276.455,1274.9950000000001,1275.8635
2015-02-02 11:45:00,1275.8835000000001,1276.7135,1275.704,1276.1734999999999
2015-02-02 12:00:00,1276.1435,1276.1435,1275.065,1275.4535
2015-02-02 12:15:00,1275.454,1277.3085,1275.203,1276.9985
2015-02-02 12:30:00,1276.935,1276.955,1271.3985,1272.9015
2015-02-02 12:45:00,1272.8999999999999,1273.328,1271.898,1272.945
2015-02-02 13:00:00,1272.9385,1274.6415,1272.115,1273.3065
2015-02-02 13:15:00,1273.311,1273.4415000000001,1271.553,1271.81
2015-02-02 13:30:00,1271.8,1273.349,1270.912,1272.8690000000001
2015-02-02 13:45:00,1272.8895,1273.565,1270.8310000000001,1271.6435000000001
2015-02-02 14:00:00,1271.6275,1272.0,1267.466,1268.5310000000002
2015-02-02 14:15:00,1268.5224999999998,1268.895,1266.4265,1268.5865
2015-02-02 14:30:00,1268.596,1270.249,1268.4909999999998,1269.864
2015-02-02 14:45:00,1269.8235,1273.274,1268.9554999999998,1271.6
2015-02-02 15:00:00,1271.7085000000002,1275.4205000000002,1270.914,1273.9609999999998
2015-02-02 15:15:00,1273.9664999999998,1274.081,1270.388,1271.6075
2015-02-02 15:30:00,1271.539,1275.5365000000002,1271.538,1275.417
2015-02-02 15:45:00,1275.3715,1276.1105,1272.172,1273.1065
2015-02-02 16:00:00,1273.0815,1273.1065,1270.8400000000001,1271.583
2015-02-02 16:15:00,1271.608,1272.9395,1271.496,1272.3415
2015-02-02 16:30:00,1272.296,1274.4215000000002,1271.8700000000001,1273.71
2015-02-02 16:45:00,1273.7355,1274.874,1272.7315,1274.4279999999999
2015-02-02 17:00:00,1274.3980000000001,1278.8295,1274.3210000000001,1276.473
2015-02-02 17:15:00,1276.47,1278.4665,1275.775,1277.8604999999998
2015-02-02 17:30:00,1277.8105,1277.8105,1276.397,1276.6085
2015-02-02 17:45:00,1276.6135,1278.259,1276.3584999999998,1277.885
2015-02-02 18:00:00,1277.8990000000001,1278.2060000000001,1276.7875,1277.4355
2015-02-02 18:15:00,1277.438,1278.1755,1276.1525,1277.1454999999999
2015-02-02 18:30:00,1277.1255,1279.541,1276.925,1279.0700000000002
2015-02-02 18:45:00,1279.0900000000001,1282.3915,1279.0710000000001,1280.011
2015-02-02 19:00:00,1280.0095,1280.255,1279.1309999999999,1279.174
2015-02-02 19:15:00,1279.185,1280.5355,1278.365,1279.6
2015-02-02 19:30:00,1279.6095,1280.4025,1279.3905,1280.1225
2015-02-02 19:45:00,1280.14,1280.4965,1279.4454999999998,1280.34
2015-02-02 20:00:00,1280.3450000000003,1281.249,1280.3035,1281.0549999999998
2015-02-02 20:15:00,1281.0895,1281.2704999999999,1279.4425,1279.5545
2015-02-02 20:30:00,1279.5455,1279.6515,1273.349,1275.9235
2015-02-02 20:45:00,1275.924,1276.0049999999999,1273.612,1274.7859999999998
2015-02-02 21:00:00,1274.831,1275.42,1274.492,1274.711
2015-02-02 21:15:00,1274.7005,1275.389,1274.7005,1275.3015
2015-02-02 21:30:00,1275.305,1275.648,1274.8795,1275.297
2015-02-02 21:45:00,1275.2845,1275.4555,1273.9165,1274.375
2015-02-02 22:00:00,1274.353,1274.353,1274.353,1274.353
2015-02-02 23:00:00,1275.45,1275.6299999999999,1274.58,1274.919
2015-02-02 23:15:00,1274.8885,1275.1750000000002,1274.7795,1274.945
2015-02-02 23:30:00,1274.9455,1275.32,1274.7,1274.753
2015-02-02 23:45:00,1274.718,1275.123,1274.7,1274.7440000000001
2015-02-03 01:00:00,1274.228,1274.568,1272.175,1273.171
2015-02-03 01:15:00,1273.1870000000001,1274.0024999999998,1272.603,1274.0020000000002
2015-02-03 01:30:00,1274.0045,1274.931,1273.897,1274.6295
2015-02-03 01:45:00,1274.6385,1275.8585,1274.5575,1275.4275
2015-02-03 02:00:00,1275.42,1275.4825,1274.158,1274.7735
2015-02-03 02:15:00,1274.7845000000002,1274.915,1274.1625,1274.526
2015-02-03 02:30:00,1274.5145,1275.0865000000001,1273.9035000000001,1274.2385
2015-02-03 02:45:00,1274.1944999999998,1275.405,1274.116,1275.1295
2015-02-03 03:00:00,1275.1390000000001,1275.3405,1274.506,1274.934
2015-02-03 03:15:00,1274.944,1275.395,1274.7335,1274.7515
2015-02-03 03:30:00,1274.7689999999998,1274.9785,1273.925,1274.373
2015-02-03 03:45:00,1274.3500000000001,1274.6585,1273.6885000000002,1273.6885000000002
2015-02-03 04:00:00,1273.686,1274.7814999999998,1273.4355,1273.4355
2015-02-03 04:15:00,1273.445,1274.047,1273.1365,1274.042
2015-02-03 04:30:00,1274.057,1274.965,1273.8865,1274.289
2015-02-03 04:45:00,1274.2405,1274.97,1273.8905,1274.0725000000002
2015-02-03 05:00:00,1274.0665,1274.858,1273.6715,1274.6005
2015-02-03 05:15:00,1274.599,1275.3419999999999,1274.317,1275.085
2015-02-03 05:30:00,1275.075,1275.9889999999998,1274.8315,1275.6005
2015-02-03 05:45:00,1275.607,1276.4485,1275.3685,1275.944
2015-02-03 06:00:00,1275.9485,1278.374,1275.9485,1278.1385
2015-02-03 06:15:00,1278.1380000000001,1278.7535,1277.752,1277.9415
2015-02-03 06:30:00,1277.9154999999998,1280.96,1277.4155,1280.406
2015-02-03 06:45:00,1280.418,1280.51,1278.6280000000002,1279.4689999999998
2015-02-03 07:00:00,1279.5,1279.8345000000002,1279.0800000000002,1279.3029999999999
2015-02-03 07:15:00,1279.3155,1280.6149999999998,1279.3015,1280.0535
2015-02-03 07:30:00,1280.0025,1280.2585000000001,1278.9565,1279.7830000000001
2015-02-03 07:45:00,1279.8065000000001,1285.934,1279.8065000000001,1283.2465
2015-02-03 08:00:00,1283.237,1284.9969999999998,1283.149,1283.2745
2015-02-03 08:15:00,1283.2755,1283.3680000000002,1281.451,1282.479
2015-02-03 08:30:00,1282.506,1283.666,1282.434,1282.9915
2015-02-03 08:45:00,1282.9989999999998,1283.9805,1282.8165,1283.3325
2015-02-03 09:00:00,1283.3545000000001,1284.1899999999998,1283.0249999999999,1284.1750000000002
2015-02-03 09:15:00,1284.2095,1285.181,1283.0655,1283.139
2015-02-03 09:30:00,1283.1589999999999,1283.7150000000001,1282.462,1282.6164999999999
2015-02-03 09:45:00,1282.6615,1283.0515,1280.4835,1281.0365000000002
2015-02-03 10:00:00,1281.0425,1283.413,1280.4595,1282.5955000000001
2015-02-03 10:15:00,1282.6109999999999,1283.116,1281.7150000000001,1282.115
2015-02-03 10:30:00,1282.134,1282.165,1280.9655,1281.9565
2015-02-03 10:45:00,1281.968,1282.395,1281.311,1281.413
2015-02-03 11:00:00,1281.4060000000002,1281.523,1279.221,1281.2875
2015-02-03 11:15:00,1281.262,1282.79,1280.9345,1282.0995
2015-02-03 11:30:00,1282.0805,1282.1535000000001,1280.071,1280.359
2015-02-03 11:45:00,1280.3395,1281.352,1280.111,1280.4375
2015-02-03 12:00:00,1280.42,1280.7345000000003,1279.2605,1279.338
2015-02-03 12:15:00,1279.347,1279.5194999999999,1276.922,1277.896
2015-02-03 12:30:00,1277.8784999999998,1278.4845,1274.7849999999999,1275.5535
2015-02-03 12:45:00,1275.5459999999998,1276.0384999999999,1270.011,1271.4475
2015-02-03 13:00:00,1271.462,1272.959,1266.9499999999998,1271.7245
2015-02-03 13:15:00,1271.842,1271.884,1267.3770000000002,1268.9495000000002
2015-02-03 13:30:00,1268.9569999999999,1269.0415,1264.021,1267.2665
2015-02-03 13:45:00,1267.268,1268.557,1263.5415,1265.605
2015-02-03 14:00:00,1265.643,1266.6634999999999,1264.4605000000001,1266.235
2015-02-03 14:15:00,1266.2414999999999,1269.8065,1266.169,1267.689
2015-02-03 14:30:00,1267.6505,1267.8795,1261.8700000000001,1262.5835
2015-02-03 14:45:00,1262.575,1265.667,1262.07,1264.875
2015-02-03 15:00:00,1264.9215000000002,1265.879,1263.1779999999999,1263.8439999999998
2015-02-03 15:15:00,1263.8055,1265.4755,1262.4215,1262.9855
2015-02-03 15:30:00,1262.967,1262.9750000000001,1257.1145000000001,1261.0605
2015-02-03 15:45:00,1261.1170000000002,1261.2655,1258.1245,1258.74
2015-02-03 16:00:00,1258.7534999999998,1258.8885,1255.64,1257.905
2015-02-03 16:15:00,1257.9245,1262.4235,1257.6515,1261.5214999999998
2015-02-03 16:30:00,1261.547,1262.236,1259.6689999999999,1259.8265
2015-02-03 16:45:00,1259.8215,1262.6705000000002,1259.4535,1262.016
2015-02-03 17:00:00,1262.032,1262.0635,1259.788,1259.838
2015-02-03 17:15:00,1259.851,1260.3110000000001,1258.1415,1258.663
2015-02-03 17:30:00,1258.5945000000002,1260.6705,1257.882,1259.62
2015-02-03 17:45:00,1259.6135,1260.873,1258.7125,1259.3335
2015-02-03 18:00:00,1259.324,1260.0079999999998,1258.729,1259.823
2015-02-03 18:15:00,1259.8205,1260.509,1258.4160000000002,1259.413
2015-02-03 18:30:00,1259.438,1264.2350000000001,1259.423,1264.1635
2015-02-03 18:45:00,1264.155,1267.923,1264.0825,1264.853
2015-02-03 19:00:00,1264.78,1266.047,1263.1170000000002,1263.828
2015-02-03 19:15:00,1263.8380000000002,1265.186,1263.0900000000001,1264.077
2015-02-03 19:30:00,1264.09,1264.117,1262.0839999999998,1263.245
2015-02-03 19:45:00,1263.232,1263.58,1262.159,1263.277
2015-02-03 20:00:00,1263.258,1263.8020000000001,1261.5259999999998,1261.6899999999998
2015-02-03 20:15:00,1261.705,1262.475,1261.2945,1261.595
2015-02-03 20:30:00,1261.638,1262.107,1259.7235,1260.929
2015-02-03 20:45:00,1260.942,1261.2625,1259.558,1260.881
2015-02-03 21:00:00,1260.896,1261.639,1260.883,1261.42
2015-02-03 21:15:00,1261.4,1261.633,1261.1815,1261.235
2015-02-03 21:30:00,1261.219,1261.316,1259.733,1260.135
2015-02-03 21:45:00,1260.08,1260.681,1260.08,1260.3400000000001
2015-02-03 22:00:00,1260.3690000000001,1260.3690000000001,1260.3690000000001,1260.3690000000001
2015-02-03 23:00:00,1260.7099999999998,1262.5249999999999,1260.7099999999998,1261.95
2015-02-03 23:15:00,1261.9499999999998,1262.6799999999998,1261.7285,1262.28
2015-02-03 23:30:00,1262.2515,1263.154,1261.7555,1261.992
2015-02-03 23:45:00,1261.9489999999998,1262.3059999999998,1261.365,1261.613
2015-02-04 01:00:00,1258.9025,1260.0645,1256.8059999999998,1257.4865
2015-02-04 01:15:00,1257.4585,1258.6000000000001,1256.9745,1257.08
2015-02-04 01:30:00,1257.068,1259.8245,1257.068,1259.31
2015-02-04 01:45:00,1259.3105,1261.784,1259.287,1261.1285
2015-02-04 02:00:00,1261.134,1262.096,1260.5665,1261.1190000000001
2015-02-04 02:15:00,1261.1184999999998,1261.5114999999998,1260.7109999999998,1261.1329999999998
2015-02-04 02:30:00,1261.1129999999998,1261.694,1260.871,1261.223
2015-02-04 02:45:00,1261.212,1263.1160000000002,1261.1920000000002,1262.0225
2015-02-04 03:00:00,1262.031,1262.165,1260.9255,1261.4345
2015-02-04 03:15:00,1261.434,1262.1109999999999,1260.7845000000002,1261.2355
2015-02-04 03:30:00,1261.235,1261.8035,1261.0365,1261.7375
2015-02-04 03:45:00,1261.7315,1263.367,1261.374,1262.8
2015-02-04 04:00:00,1262.7945,1263.5259999999998,1262.6005,1262.9940000000001
2015-02-04 04:15:00,1262.977,1263.2145,1262.393,1262.7765
2015-02-04 04:30:00,1262.7735,1263.2975,1262.3764999999999,1263.213
2015-02-04 04:45:00,1263.2175,1264.6245000000001,1263.144,1264.022
2015-02-04 05:00:00,1264.0135,1264.8174999999999,1263.39,1264.4595
2015-02-04 05:15:00,1264.459,1264.5985,1263.636,1263.8410000000001
2015-02-04 05:30:00,1263.8415,1263.8415,1262.7055,1263.5755
2015-02-04 05:45:00,1263.545,1263.98,1262.5655,1262.8805
2015-02-04 06:00:00,1262.8695,1264.147,1262.6615000000002,1263.8745
2015-02-04 06:15:00,1263.8615000000002,1263.9095,1262.974,1263.633
2015-02-04 06:30:00,1263.624,1264.419,1263.4730000000002,1263.8585
2015-02-04 06:45:00,1263.87,1265.8239999999998,1263.607,1265.16
2015-02-04 07:00:00,1265.1685,1265.5335,1263.913,1264.0225
2015-02-04 07:15:00,1264.016,1265.163,1263.8760000000002,1265.1235
2015-02-04 07:30:00,1265.1245,1267.1855,1265.0439999999999,1265.655
2015-02-04 07:45:00,1265.685,1265.7605,1262.9755,1264.6924999999999
2015-02-04 08:00:00,1264.752,1265.3495,1263.7899999999997,1264.569
2015-02-04 08:15:00,1264.5215,1265.159,1263.2785,1264.072
2015-02-04 08:30:00,1264.0425,1265.7575000000002,1263.594,1265.1019999999999
2015-02-04 08:45:00,1265.1150000000002,1265.8899999999999,1264.7455,1265.215
2015-02-04 09:00:00,1265.2215,1266.775,1263.993,1264.045
2015-02-04 09:15:00,1264.085,1264.835,1263.4250000000002,1264.2109999999998
2015-02-04 09:30:00,1264.2095,1264.625,1262.9950000000001,1263.906
2015-02-04 09:45:00,1263.8864999999998,1264.917,1263.814,1264.887
2015-02-04 10:00:00,1264.872,1265.2065,1264.163,1264.5115
2015-02-04 10:15:00,1264.5165,1271.5735,1263.5300000000002,1271.518
2015-02-04 10:30:00,1271.5030000000002,1271.6014999999998,1268.1335000000001,1268.604
2015-02-04 10:45:00,1268.649,1269.102,1266.8445,1268.9125000000001
2015-02-04 11:00:00,1268.8980000000001,1269.5395,1267.7405,1267.984
2015-02-04 11:15:00,1267.9785,1269.5155,1267.5684999999999,1268.4865
2015-02-04 11:30:00,1268.5365000000002,1268.9805,1267.109,1267.565
2015-02-04 11:45:00,1267.5605,1268.306,1265.905,1266.658
2015-02-04 12:00:00,1266.6585000000002,1266.7275,1265.306,1265.765
2015-02-04 12:15:00,1265.7930000000001,1268.215,1265.1725,1268.112
2015-02-04 12:30:00,1268.1149999999998,1268.2085000000002,1266.9750000000001,1267.5375000000001
2015-02-04 12:45:00,1267.55,1269.515,1267.162,1269.3760000000002
2015-02-04 13:00:00,1269.3835,1269.7855,1266.693,1268.4095
2015-02-04 13:15:00,1268.385,1270.5104999999999,1266.5945000000002,1268.808
2015-02-04 13:30:00,1268.8215,1269.9725,1266.7169999999999,1268.8715
2015-02-04 13:45:00,1268.872,1269.097,1266.2785,1267.0965
2015-02-04 14:00:00,1267.0915,1267.5135,1265.6805,1266.125
2015-02-04 14:15:00,1266.128,1267.8464999999999,1266.125,1266.5195
2015-02-04 14:30:00,1266.5205,1267.38,1265.7375,1266.3419999999999
2015-02-04 14:45:00,1266.336,1269.455,1266.103,1269.165
2015-02-04 15:00:00,1269.105,1272.4595000000002,1268.2285,1270.787
2015-02-04 15:15:00,1270.7105,1270.815,1267.139,1267.9814999999999
2015-02-04 15:30:00,1268.025,1268.2135,1259.6399999999999,1262.059
2015-02-04 15:45:00,1262.0505,1263.0610000000001,1261.5494999999999,1262.126
2015-02-04 16:00:00,1262.124,1264.7425,1261.204,1264.5679999999998
2015-02-04 16:15:00,1264.6090000000002,1266.6834999999999,1261.329,1262.745
2015-02-04 16:30:00,1262.7060000000001,1263.4595000000002,1261.738,1263.3845000000001
2015-02-04 16:45:00,1263.342,1264.735,1262.9335,1263.925
2015-02-04 17:00:00,1263.8850000000002,1265.335,1263.5390000000002,1263.5390000000002
2015-02-04 17:15:00,1263.504,1263.621,1262.002,1262.4855
2015-02-04 17:30:00,1262.536,1264.375,1262.4365,1264.025
2015-02-04 17:45:00,1264.1154999999999,1264.425,1262.8700000000001,1263.021
2015-02-04 18:00:00,1263.0165,1263.6405,1262.3664999999999,1262.931
2015-02-04 18:15:00,1262.932,1264.6025,1262.431,1264.414
2015-02-04 18:30:00,1264.43,1264.778,1263.8950000000002,1264.25
2015-02-04 18:45:00,1264.2505,1264.878,1263.5905,1264.6450000000002
2015-02-04 19:00:00,1264.6454999999999,1265.493,1264.2430000000002,1264.846
2015-02-04 19:15:00,1264.8495,1265.8609999999999,1264.8005,1265.3105
2015-02-04 19:30:00,1265.31,1266.0805,1264.8935,1265.9355
2015-02-04 19:45:00,1265.936,1266.1135,1265.4350000000002,1265.7599999999998
2015-02-04 20:00:00,1265.8355000000001,1266.5904999999998,1265.195,1266.2955
2015-02-04 20:15:00,1266.2455000000002,1266.6955000000003,1264.7655,1264.7655
2015-02-04 20:30:00,1264.789,1264.9145,1263.7205,1264.2655
2015-02-04 20:45:00,1264.2450000000001,1267.51,1264.2340000000002,1265.765
2015-02-04 21:00:00,1265.7405,1265.8390000000002,1264.029,1264.2485000000001
2015-02-04 21:15:00,1264.218,1268.886,1264.141,1268.674
2015-02-04 21:30:00,1268.6744999999999,1271.2720000000002,1268.6535,1271.2340000000002
2015-02-04 21:45:00,1271.2645,1271.998,1268.975,1269.205
2015-02-04 23:00:00,1270.375,1270.7330000000002,1269.65,1270.325
2015-02-04 23:15:00,1270.1345,1272.5049999999999,1270.0600000000002,1272.35
2015-02-04 23:30:00,1272.375,1274.169,1272.314,1273.407
2015-02-04 23:45:00,1273.4019999999998,1273.9915,1271.99,1272.5629999999999
2015-02-05 01:00:00,1273.306,1273.836,1271.0755,1271.518
2015-02-05 01:15:00,1271.526,1272.3500000000001,1271.2095,1271.4345
2015-02-05 01:30:00,1271.448,1271.9715,1270.8964999999998,1271.25
2015-02-05 01:45:00,1271.289,1272.127,1270.777,1272.1184999999998
2015-02-05 02:00:00,1272.1035000000002,1273.677,1271.6844999999998,1273.106
2015-02-05 02:15:00,1273.159,1273.3475,1272.0475000000001,1272.3695
2015-02-05 02:30:00,1272.376,1272.6009999999999,1271.915,1272.1875
2015-02-05 02:45:00,1272.2085,1272.8465,1272.133,1272.443
2015-02-05 03:00:00,1272.4354999999998,1273.2665000000002,1271.857,1272.4
2015-02-05 03:15:00,1272.39,1272.4740000000002,1271.8275,1272.127
2015-02-05 03:30:00,1272.137,1272.328,1271.246,1271.5
2015-02-05 03:45:00,1271.507,1271.942,1271.015,1271.6740000000002
2015-02-05 04:00:00,1271.6515000000002,1272.148,1271.36,1271.889
2015-02-05 04:15:00,1271.9005,1272.0935000000002,1271.4585,1271.8485
2015-02-05 04:30:00,1271.8325,1271.988,1271.4635,1271.758
2015-02-05 04:45:00,1271.537,1271.9325,1271.3190000000002,1271.691
2015-02-05 05:00:00,1271.6660000000002,1271.8155,1270.966,1271.8095
2015-02-05 05:15:00,1271.7845,1272.5085,1271.4460000000001,1272.345
2015-02-05 05:30:00,1272.325,1273.424,1271.408,1272.796
2015-02-05 05:45:00,1272.8035,1273.3245,1272.009,1272.119
2015-02-05 06:00:00,1272.144,1273.4675,1272.0604999999998,1273.2109999999998
2015-02-05 06:15:00,1273.2279999999998,1273.5105,1272.618,1272.7545
2015-02-05 06:30:00,1272.7515,1272.9189999999999,1271.4625,1271.598
2015-02-05 06:45:00,1271.5775,1272.4595000000002,1269.7880000000002,1270.1779999999999
2015-02-05 07:00:00,1270.142,1271.122,1269.989,1271.032
2015-02-05 07:15:00,1271.0045,1271.2520000000002,1268.445,1269.0095
2015-02-05 07:30:00,1269.0100000000002,1270.0,1268.367,1269.425
2015-02-05 07:45:00,1269.4125,1270.39,1268.1270000000002,1268.8120000000001
2015-02-05 08:00:00,1268.893,1268.9920000000002,1265.4859999999999,1267.24
2015-02-05 08:15:00,1267.2195,1267.5165,1266.3205,1266.895
2015-02-05 08:30:00,1266.872,1267.522,1266.6225000000002,1266.6654999999998
2015-02-05 08:45:00,1266.658,1267.4075,1266.047,1266.5724999999998
2015-02-05 09:00:00,1266.56,1266.56,1264.7995,1266.0484999999999
2015-02-05 09:15:00,1266.047,1266.8145,1265.355,1266.308
2015-02-05 09:30:00,1266.2649999999999,1267.051,1265.5615,1266.7525
2015-02-05 09:45:00,1266.648,1266.9509999999998,1266.204,1266.545
2015-02-05 10:00:00,1266.5375,1267.9365,1265.1029999999998,1265.305
2015-02-05 10:15:00,1265.155,1265.4615,1263.0434999999998,1264.2405
2015-02-05 10:30:00,1264.2340000000002,1264.8595,1263.556,1264.8025
2015-02-05 10:45:00,1264.785,1264.8485,1260.44,1260.7649999999999
2015-02-05 11:00:00,1260.769,1260.855,1258.8915,1260.3795
2015-02-05 11:15:00,1260.3750000000002,1261.2335,1259.7035,1261.2335
2015-02-05 11:30:00,1261.264,1262.0485,1259.0,1260.023
2015-02-05 11:45:00,1259.9855000000002,1261.302,1258.9765,1261.075
2015-02-05 12:00:00,1261.021,1263.2115,1260.48,1262.3705
2015-02-05 12:15:00,1262.3455,1263.212,1261.29,1261.8115
2015-02-05 12:30:00,1261.801,1263.944,1261.059,1262.08
2015-02-05 12:45:00,1262.0865000000001,1262.6965,1260.64,1261.8865
2015-02-05 13:00:00,1261.8974999999998,1265.679,1261.8755,1265.149
2015-02-05 13:15:00,1265.1285,1265.708,1263.158,1263.68
2015-02-05 13:30:00,1263.8365000000001,1264.839,1261.231,1264.0115
2015-02-05 13:45:00,1263.9565,1263.9565,1261.588,1262.54
2015-02-05 14:00:00,1262.574,1263.287,1261.8400000000001,1262.073
2015-02-05 14:15:00,1262.052,1262.2350000000001,1259.3445,1259.6530000000002
2015-02-05 14:30:00,1259.668,1260.628,1257.799,1258.498
2015-02-05 14:45:00,1258.533,1260.924,1258.533,1259.3315
2015-02-05 15:00:00,1259.3425,1261.9859999999999,1258.5445,1261.848
2015-02-05 15:15:00,1261.8015,1263.311,1260.8084999999999,1261.4955
2015-02-05 15:30:00,1261.4905,1262.9355,1260.9605,1261.5819999999999
2015-02-05 15:45:00,1261.557,1261.825,1260.595,1261.0625
2015-02-05 16:00:00,1261.018,1262.0655,1260.694,1261.1170000000002
2015-02-05 16:15:00,1261.1315000000002,1261.168,1256.3215,1258.77
2015-02-05 16:30:00,1258.7835,1262.9485,1258.536,1262.5675
2015-02-05 16:45:00,1262.8965,1263.6109999999999,1262.123,1262.21
2015-02-05 17:00:00,1262.1795,1263.25,1261.5449999999998,1262.173
2015-02-05 17:15:00,1262.148,1263.0825000000002,1261.8645000000001,1262.7420000000002
2015-02-05 17:30:00,1262.758,1263.4485,1262.1035,1262.2095000000002
2015-02-05 17:45:00,1262.2345,1262.7894999999999,1261.401,1262.6475
2015-02-05 18:00:00,1262.6490000000001,1263.24,1261.9315000000001,1262.3709999999999
2015-02-05 18:15:00,1262.346,1263.7605,1262.1355,1262.825
2015-02-05 18:30:00,1262.7939999999999,1264.2665000000002,1262.5605,1263.8484999999998
2015-02-05 18:45:00,1263.856,1264.7359999999999,1263.856,1264.621
2015-02-05 19:00:00,1264.6354999999999,1264.6409999999998,1263.7235,1264.0004999999999
2015-02-05 19:15:00,1264.001,1264.15,1263.59,1263.8100000000002
2015-02-05 19:30:00,1263.8300000000002,1265.123,1263.7605,1264.496
2015-02-05 19:45:00,1264.4955,1266.6640000000002,1264.3935,1265.4185
2015-02-05 20:00:00,1265.4285,1266.2884999999999,1264.762,1265.1415
2015-02-05 20:15:00,1265.1385,1265.333,1264.823,1264.924
2015-02-05 20:30:00,1264.9825,1265.154,1264.6830000000002,1265.0330000000001
2015-02-05 20:45:00,1265.0490000000002,1268.391,1264.5775,1268.2205
2015-02-05 21:00:00,1268.1455,1268.1455,1265.8280000000002,1265.946
2015-02-05 21:15:00,1265.9455,1266.2389999999998,1265.4015000000002,1265.526
2015-02-05 21:30:00,1265.5294999999999,1265.629,1264.945,1264.945
2015-02-05 21:45:00,1264.9555,1265.2215,1264.6200000000001,1264.743
2015-02-05 23:00:00,1265.175,1268.025,1265.175,1266.525
2015-02-05 23:15:00,1266.4615,1266.4615,1265.5335,1265.7485000000001
2015-02-05 23:30:00,1265.71,1266.542,1265.4199999999998,1266.055
2015-02-05 23:45:00,1266.045,1266.121,1265.499,1265.499
2015-02-06 01:00:00,1264.8715,1264.8715,1262.753,1262.7849999999999
2015-02-06 01:15:00,1262.7839999999999,1264.575,1262.417,1264.565
2015-02-06 01:30:00,1264.575,1265.4080000000001,1263.7730000000001,1264.943
2015-02-06 01:45:00,1264.921,1265.899,1264.6080000000002,1265.899
2015-02-06 02:00:00,1265.888,1266.0845,1265.4685,1265.98
2015-02-06 02:15:00,1265.978,1266.2079999999999,1265.5965,1266.1715000000002
2015-02-06 02:30:00,1266.1570000000002,1266.715,1265.975,1266.2115
2015-02-06 02:45:00,1266.1864999999998,1266.5505,1265.972,1266.1190000000001
2015-02-06 03:00:00,1266.1619999999998,1266.506,1265.8825,1266.4275
2015-02-06 03:15:00,1266.41,1266.6139999999998,1266.1989999999998,1266.3915
2015-02-06 03:30:00,1266.4345,1266.4855,1266.1999999999998,1266.2254999999998
2015-02-06 03:45:00,1266.2169999999999,1266.531,1266.1480000000001,1266.506
2015-02-06 04:00:00,1266.5205,1267.1455,1266.1394999999998,1266.37
2015-02-06 04:15:00,1266.3595,1266.6170000000002,1266.0555,1266.067
2015-02-06 04:30:00,1266.0625,1266.8245000000002,1265.8865,1266.7445
2015-02-06 04:45:00,1266.8110000000001,1267.0545,1265.9379999999999,1266.0059999999999
2015-02-06 05:00:00,1265.972,1267.551,1265.972,1267.255
2015-02-06 05:15:00,1267.267,1268.461,1267.267,1267.315
2015-02-06 05:30:00,1267.2985,1267.76,1266.4755,1267.448
2015-02-06 05:45:00,1267.471,1268.8535,1267.212,1268.6005000000002
2015-02-06 06:00:00,1268.626,1268.71,1267.9315,1268.2475
2015-02-06 06:15:00,1268.254,1268.317,1267.8935,1268.1865
2015-02-06 06:30:00,1268.1615000000002,1268.4195,1267.629,1267.676
2015-02-06 06:45:00,1267.7285,1268.2649999999999,1267.3815,1268.083
2015-02-06 07:00:00,1268.0075,1268.6174999999998,1267.5929999999998,1268.256
2015-02-06 07:15:00,1268.258,1268.258,1266.727,1266.8229999999999
2015-02-06 07:30:00,1266.815,1267.5475000000001,1266.6080000000002,1267.4725
2015-02-06 07:45:00,1267.4815,1268.4485,1267.093,1268.1725000000001
2015-02-06 08:00:00,1268.1825,1268.2545,1265.5720000000001,1266.0705
2015-02-06 08:15:00,1266.052,1266.2289999999998,1265.1695,1265.6935
2015-02-06 08:30:00,1265.688,1266.705,1265.5835,1266.6550000000002
2015-02-06 08:45:00,1266.6270000000002,1268.271,1266.5420000000001,1267.4534999999998
2015-02-06 09:00:00,1267.4520000000002,1267.9144999999999,1266.74,1267.4099999999999
2015-02-06 09:15:00,1267.3995,1267.8455,1267.1375,1267.8425
2015-02-06 09:30:00,1267.835,1267.9025,1266.9409999999998,1267.182
2015-02-06 09:45:00,1267.151,1267.335,1266.1190000000001,1266.7845
2015-02-06 10:00:00,1266.7855,1266.9460000000001,1266.036,1266.515
2015-02-06 10:15:00,1266.5165,1266.5345,1264.3485,1264.502
2015-02-06 10:30:00,1264.4904999999999,1265.2585,1263.949,1265.0674999999999
2015-02-06 10:45:00,1265.0975,1265.267,1264.1395,1264.9550000000002
2015-02-06 11:00:00,1264.9460000000001,1265.2549999999999,1264.6705000000002,1265.205
2015-02-06 11:15:00,1265.2115000000001,1265.4505,1264.8105,1265.1399999999999
2015-02-06 11:30:00,1265.1335,1265.3905,1264.367,1264.515
2015-02-06 11:45:00,1264.5035,1265.185,1263.9569999999999,1264.593
2015-02-06 12:00:00,1264.545,1265.117,1264.2450000000001,1264.585
2015-02-06 12:15:00,1264.5935,1264.6695000000002,1263.1025000000002,1263.4814999999999
2015-02-06 12:30:00,1263.4755,1265.593,1263.0919999999999,1264.9755
2015-02-06 12:45:00,1264.9765,1265.4170000000001,1262.6989999999998,1265.034
2015-02-06 13:00:00,1265.0189999999998,1266.7125,1260.7289999999998,1261.5249999999999
2015-02-06 13:15:00,1261.5130000000001,1261.738,1258.9779999999998,1260.625
2015-02-06 13:30:00,1260.6565,1260.675,1246.7565,1250.512
2015-02-06 13:45:00,1250.481,1251.493,1245.4550000000002,1246.8505
2015-02-06 14:00:00,1246.84,1246.84,1237.7054999999998,1241.9025000000001
2015-02-06 14:15:00,1241.8455,1241.9715,1238.28,1240.7934999999998
2015-02-06 14:30:00,1240.8750000000002,1244.4845,1240.3649999999998,1241.5165
2015-02-06 14:45:00,1241.5365000000002,1244.184,1241.1015,1242.5625
2015-02-06 15:00:00,1242.052,1242.052,1236.5839999999998,1237.6105
2015-02-06 15:15:00,1237.618,1239.2910000000002,1233.926,1237.602
2015-02-06 15:30:00,1237.5985,1237.839,1235.046,1236.0845
2015-02-06 15:45:00,1236.0855000000001,1236.2525,1233.482,1234.041
2015-02-06 16:00:00,1234.057,1234.057,1228.4495,1233.7689999999998
2015-02-06 16:15:00,1233.7540000000001,1235.2555,1232.2144999999998,1232.2144999999998
2015-02-06 16:30:00,1232.1295,1234.4275,1230.808,1230.809
2015-02-06 16:45:00,1230.7839999999999,1232.785,1230.5685,1232.171
2015-02-06 17:00:00,1232.1805000000002,1233.148,1231.2324999999998,1231.786
2015-02-06 17:15:00,1231.7385,1233.09,1231.1364999999998,1232.846
2015-02-06 17:30:00,1232.854,1233.3764999999999,1231.009,1231.597
2015-02-06 17:45:00,1231.634,1233.1085,1231.528,1232.364
2015-02-06 18:00:00,1232.3565,1234.378,1231.8304999999998,1233.495
2015-02-06 18:15:00,1233.546,1236.2455,1233.4965,1234.6985
2015-02-06 18:30:00,1234.7065,1236.428,1233.2169999999999,1234.737
2015-02-06 18:45:00,1234.7115000000001,1235.182,1233.484,1234.8595
2015-02-06 19:00:00,1234.8894999999998,1235.872,1234.414,1234.709
2015-02-06 19:15:00,1234.727,1234.9865000000002,1233.995,1234.146
2015-02-06 19:30:00,1234.1345000000001,1234.4795,1233.404,1233.7869999999998
2015-02-06 19:45:00,1233.7615,1234.7665,1233.4070000000002,1234.5684999999999
2015-02-06 20:00:00,1234.6070000000002,1236.084,1234.6070000000002,1235.5075
2015-02-06 20:15:00,1235.5605,1236.423,1235.421,1235.644
2015-02-06 20:30:00,1235.6504999999997,1237.7105000000001,1235.5529999999999,1236.442
2015-02-06 20:45:00,1236.4415,1236.675,1234.971,1235.638
2015-02-06 21:00:00,1235.5975,1235.95,1234.2559999999999,1234.3405
2015-02-06 21:15:00,1234.3690000000001,1234.8315,1234.1564999999998,1234.691
2015-02-06 21:30:00,1234.6905,1234.6905,1232.1960000000001,1233.0500000000002
2015-02-06 21:45:00,1233.0314999999998,1234.1000000000001,1232.7155,1233.96
2015-02-08 23:00:00,1236.6399999999999,1237.275,1234.474,1236.384
2015-02-08 23:15:00,1236.4075,1238.167,1236.288,1237.9645
2015-02-08 23:30:00,1237.964,1238.9015,1236.9630000000002,1238.725
2015-02-08 23:45:00,1238.7255,1239.0055,1237.8135,1238.0939999999998
2015-02-09 01:00:00,1237.5025,1238.0955,1236.0420000000001,1237.881
2015-02-09 01:15:00,1237.907,1238.8339999999998,1237.885,1238.7540000000001
2015-02-09 01:30:00,1238.739,1238.934,1238.4360000000001,1238.8195
2015-02-09 01:45:00,1238.817,1239.3360000000002,1238.684,1238.8690000000001
2015-02-09 02:00:00,1238.857,1239.312,1238.2935,1238.738
2015-02-09 02:15:00,1238.749,1239.2555000000002,1238.633,1239.131
2015-02-09 02:30:00,1239.136,1239.2315,1238.1879999999999,1238.2855
2015-02-09 02:45:00,1238.2735,1238.6955,1238.007,1238.392
2015-02-09 03:00:00,1238.4005,1238.606,1237.479,1237.7060000000001
2015-02-09 03:15:00,1237.6995000000002,1237.7060000000001,1236.2755,1236.959
2015-02-09 03:30:00,1236.9430000000002,1237.1315,1236.5919999999999,1236.862
2015-02-09 03:45:00,1236.8625,1237.86,1236.852,1237.3805
2015-02-09 04:00:00,1237.3809999999999,1237.387,1236.82,1237.125
2015-02-09 04:15:00,1237.117,1237.1625,1236.7155,1236.7705
2015-02-09 04:30:00,1236.7755,1237.5945000000002,1236.7745,1237.2605
2015-02-09 04:45:00,1237.2534999999998,1237.525,1237.1045,1237.434
2015-02-09 05:00:00,1237.4279999999999,1237.56,1236.329,1236.388
2015-02-09 05:15:00,1236.404,1237.525,1236.404,1237.4
2015-02-09 05:30:00,1237.37,1238.371,1237.3000000000002,1237.9955
2015-02-09 05:45:00,1237.984,1238.5185,1237.6950000000002,1238.4329999999998
2015-02-09 06:00:00,1238.443,1239.0305,1237.8944999999999,1238.8505
2015-02-09 06:15:00,1238.855,1239.0539999999999,1238.445,1238.6779999999999
2015-02-09 06:30:00,1238.6815000000001,1240.0475000000001,1238.6125,1239.8310000000001
2015-02-09 06:45:00,1239.8065,1240.0285000000001,1238.971,1239.769
2015-02-09 07:00:00,1239.771,1239.9745,1238.9305,1239.147
2015-02-09 07:15:00,1239.1490000000001,1239.3329999999999,1238.685,1239.1985
2015-02-09 07:30:00,1239.1165,1240.4209999999998,1239.068,1240.1135
2015-02-09 07:45:00,1240.0835000000002,1240.7734999999998,1239.871,1240.0745000000002
2015-02-09 08:00:00,1240.084,1240.49,1239.08,1239.4415000000001
2015-02-09 08:15:00,1239.3645,1241.892,1239.1895000000002,1241.4715
2015-02-09 08:30:00,1241.4795,1242.7365,1240.9375,1240.958
2015-02-09 08:45:00,1240.9585,1241.0705,1239.557,1239.9435
2015-02-09 09:00:00,1239.974,1241.8135,1239.772,1241.3965
2015-02-09 09:15:00,1241.4015,1241.9805000000001,1240.447,1241.723
2015-02-09 09:30:00,1241.7175,1241.7535,1241.061,1241.672
2015-02-09 09:45:00,1241.6689999999999,1242.6475,1241.315,1242.296
2015-02-09 10:00:00,1242.316,1243.0315,1241.569,1242.4455
2015-02-09 10:15:00,1242.4209999999998,1243.73,1241.735,1243.2089999999998
2015-02-09 10:30:00,1243.25,1243.47,1241.432,1241.7175
2015-02-09 10:45:00,1241.7565,1241.929,1240.9120000000003,1241.4099999999999
2015-02-09 11:00:00,1241.3805,1241.6834999999999,1240.608,1241.315
2015-02-09 11:15:00,1241.308,1242.1515,1240.8325000000002,1241.534
2015-02-09 11:30:00,1241.5405,1242.3549999999998,1241.5405,1241.722
2015-02-09 11:45:00,1241.7535,1242.0649999999998,1240.9785,1241.289
2015-02-09 12:00:00,1241.2815,1241.364,1240.285,1240.9665
2015-02-09 12:15:00,1240.943,1241.3315,1238.245,1238.723
2015-02-09 12:30:00,1238.7285,1239.0765,1237.6735,1237.998
2015-02-09 12:45:00,1238.016,1239.6435000000001,1237.8745000000001,1239.1435000000001
2015-02-09 13:00:00,1239.1645,1240.5045,1237.934,1240.2575000000002
2015-02-09 13:15:00,1240.2635,1241.018,1239.526,1239.734
2015-02-09 13:30:00,1239.694,1240.5665,1239.2379999999998,1239.7595
2015-02-09 13:45:00,1239.777,1240.338,1236.1840000000002,1236.4695000000002
2015-02-09 14:00:00,1236.4619999999998,1238.7635,1236.3020000000001,1238.4125000000001
2015-02-09 14:15:00,1238.4260000000002,1238.5200000000002,1237.1870000000001,1237.7785
2015-02-09 14:30:00,1237.759,1239.2685000000001,1237.6950000000002,1238.0615
2015-02-09 14:45:00,1238.0559999999998,1239.2579999999998,1237.1615,1239.16
2015-02-09 15:00:00,1239.166,1241.9,1238.4644999999998,1240.5135
2015-02-09 15:15:00,1240.5265,1242.0795,1239.8635,1241.891
2015-02-09 15:30:00,1241.8855,1243.2034999999998,1240.9225,1241.5365
2015-02-09 15:45:00,1241.5145,1242.0725,1240.8049999999998,1241.1545
2015-02-09 16:00:00,1241.1185,1241.796,1240.5635,1241.0615
2015-02-09 16:15:00,1241.073,1241.2559999999999,1240.188,1240.432
2015-02-09 16:30:00,1240.423,1241.0735,1240.0739999999998,1240.129
2015-02-09 16:45:00,1240.1455,1240.437,1239.3365,1239.757
2015-02-09 17:00:00,1239.7525,1239.8564999999999,1238.315,1238.6715
2015-02-09 17:15:00,1238.6415,1239.9245,1238.5750000000003,1239.7085
2015-02-09 17:30:00,1239.74,1240.561,1239.469,1239.551
2015-02-09 17:45:00,1239.5525,1240.4669999999999,1239.5525,1240.0694999999998
2015-02-09 18:00:00,1240.0684999999999,1241.1124999999997,1239.905,1240.473
2015-02-09 18:15:00,1240.466,1241.753,1240.1235,1241.605
2015-02-09 18:30:00,1241.5804999999998,1241.9460000000001,1241.5804999999998,1241.8705
2015-02-09 18:45:00,1241.87,1242.068,1241.7640000000001,1242.046
2015-02-09 19:00:00,1242.0380000000002,1242.079,1241.587,1241.711
2015-02-09 19:15:00,1241.699,1241.746,1241.3255,1241.5065
2015-02-09 19:30:00,1241.506,1241.874,1241.448,1241.7495
2015-02-09 19:45:00,1241.7535,1242.2785000000001,1241.2535,1241.2559999999999
2015-02-09 20:00:00,1241.2504999999999,1242.314,1241.1629999999998,1242.1385
2015-02-09 20:15:00,1242.1395,1242.4315,1241.54,1241.546
2015-02-09 20:30:00,1241.5520000000001,1241.697,1240.799,1241.1484999999998
2015-02-09 20:45:00,1241.161,1241.2575,1240.648,1240.9434999999999
2015-02-09 21:00:00,1240.941,1240.969,1240.6444999999999,1240.7445
2015-02-09 21:15:00,1240.75,1240.75,1239.3709999999999,1239.47
2015-02-09 21:30:00,1239.5005,1239.8564999999999,1239.425,1239.74
2015-02-09 21:45:00,1239.7085,1239.7655,1238.954,1239.03
2015-02-09 23:00:00,1238.194,1239.2045,1238.18,1238.8860000000002
2015-02-09 23:15:00,1238.8999999999999,1239.2669999999998,1238.4460000000001,1239.2669999999998
2015-02-09 23:30:00,1239.2665000000002,1239.44,1238.685,1238.8400000000001
2015-02-09 23:45:00,1238.885,1239.0125,1238.696,1238.8390000000002
2015-02-10 01:00:00,1239.862,1241.747,1239.7755,1241.306
2015-02-10 01:15:00,1241.281,1241.517,1241.0149999999999,1241.035
2015-02-10 01:30:00,1241.02,1241.4845,1240.636,1241.457
2015-02-10 01:45:00,1241.455,1242.14,1241.344,1241.606
2015-02-10 02:00:00,1241.595,1242.052,1240.91,1241.845
2015-02-10 02:15:00,1241.8565,1243.6499999999999,1241.629,1243.0165
2015-02-10 02:30:00,1243.013,1243.0845000000002,1242.171,1243.004
2015-02-10 02:45:00,1243.0105,1245.2735,1242.9785,1243.5420000000001
2015-02-10 03:00:00,1243.5549999999998,1244.222,1243.4370000000001,1243.648
2015-02-10 03:15:00,1243.6240000000003,1244.0169999999998,1243.618,1243.661
2015-02-10 03:30:00,1243.6395,1243.668,1242.7875,1243.078
2015-02-10 03:45:00,1243.0955000000001,1243.36,1243.034,1243.1419999999998
2015-02-10 04:00:00,1243.1155,1243.1975,1242.77,1243.1295
2015-02-10 04:15:00,1243.1675,1243.1875,1242.774,1243.039
2015-02-10 04:30:00,1243.033,1243.046,1242.5705,1242.691
2015-02-10 04:45:00,1242.6865,1242.81,1242.3860000000002,1242.6195
2015-02-10 05:00:00,1242.626,1243.4795000000001,1242.3935000000001,1243.4795000000001
2015-02-10 05:15:00,1243.492,1243.671,1243.162,1243.38
2015-02-10 05:30:00,1243.4135,1244.932,1243.4135,1244.914
2015-02-10 05:45:00,1244.9745,1245.1640000000002,1244.0515,1244.8315
2015-02-10 06:00:00,1244.853,1245.979,1244.6485,1244.907
2015-02-10 06:15:00,1244.8815,1245.0790000000002,1244.431,1244.6864999999998
2015-02-10 06:30:00,1244.679,1245.5645,1244.2315,1245.407
2015-02-10 06:45:00,1245.403,1245.406,1244.2725,1244.2725
2015-02-10 07:00:00,1244.2895,1244.7849999999999,1243.683,1243.782
2015-02-10 07:15:00,1243.7765,1245.0910000000001,1243.3605,1243.76
2015-02-10 07:30:00,1243.752,1243.8185,1242.666,1242.736
2015-02-10 07:45:00,1242.7455,1243.3385,1242.5795,1242.9615000000001
2015-02-10 08:00:00,1242.95,1243.8915,1242.4965,1243.8255
2015-02-10 08:15:00,1243.8505,1244.09,1241.78,1241.835
2015-02-10 08:30:00,1241.845,1242.464,1241.0765,1241.0765
2015-02-10 08:45:00,1241.067,1241.2099999999998,1240.297,1240.895
2015-02-10 09:00:00,1240.94,1241.345,1240.146,1241.122
2015-02-10 09:15:00,1241.1349999999998,1241.2749999999999,1240.3964999999998,1240.8670000000002
2015-02-10 09:30:00,1240.8470000000002,1241.203,1240.4965,1240.543
2015-02-10 09:45:00,1240.54,1240.6915,1238.71,1239.6294999999998
2015-02-10 10:00:00,1239.5990000000002,1239.5990000000002,1237.4705000000001,1238.499
2015-02-10 10:15:00,1238.4904999999999,1238.8484999999998,1237.8999999999999,1237.8999999999999
2015-02-10 10:30:00,1237.9005,1238.3215,1236.8525,1237.876
2015-02-10 10:45:00,1237.8515,1238.6215,1237.7545000000002,1238.1035000000002
2015-02-10 11:00:00,1238.0890000000002,1238.797,1237.7655,1238.119
2015-02-10 11:15:00,1238.118,1238.163,1237.405,1237.743
2015-02-10 11:30:00,1237.7335,1237.9095,1235.202,1235.4895
2015-02-10 11:45:00,1235.471,1237.1109999999999,1235.388,1236.8535000000002
2015-02-10 12:00:00,1236.8829999999998,1238.941,1234.6509999999998,1236.562
2015-02-10 12:15:00,1236.5075000000002,1237.8084999999999,1236.341,1236.641
2015-02-10 12:30:00,1236.64,1236.9685,1233.5975,1236.258
2015-02-10 12:45:00,1236.256,1240.0255000000002,1236.1264999999999,1238.8210000000001
2015-02-10 13:00:00,1238.8159999999998,1240.056,1237.181,1237.875
2015-02-10 13:15:00,1237.857,1237.857,1236.195,1236.8035
2015-02-10 13:30:00,1236.7735,1238.0915,1236.6395,1236.9965
2015-02-10 13:45:00,1237.0115,1237.8965,1235.7160000000001,1237.6155
2015-02-10 14:00:00,1237.688,1237.8865,1234.92,1235.3615000000002
2015-02-10 14:15:00,1235.3850000000002,1236.233,1235.048,1235.5315
2015-02-10 14:30:00,1235.5365,1235.64,1232.381,1234.2295
2015-02-10 14:45:00,1234.234,1235.6950000000002,1233.7515,1234.9650000000001
2015-02-10 15:00:00,1234.9450000000002,1235.2065,1232.7404999999999,1233.2504999999999
2015-02-10 15:15:00,1233.2775,1234.344,1233.024,1234.306
2015-02-10 15:30:00,1234.293,1239.219,1233.7185,1237.8029999999999
2015-02-10 15:45:00,1237.817,1240.0040000000001,1237.7055,1237.8255
2015-02-10 16:00:00,1237.8455,1238.0894999999998,1236.5410000000002,1237.3845
2015-02-10 16:15:00,1237.4035,1237.9995000000001,1236.5684999999999,1237.3865
2015-02-10 16:30:00,1237.394,1237.8944999999999,1235.3539999999998,1236.7525
2015-02-10 16:45:00,1236.745,1236.745,1235.5465,1236.4285
2015-02-10 17:00:00,1236.429,1237.3284999999998,1236.172,1236.634
2015-02-10 17:15:00,1236.6235,1236.8385,1233.741,1234.5210000000002
2015-02-10 17:30:00,1234.5140000000001,1234.7685000000001,1233.4109999999998,1233.49
2015-02-10 17:45:00,1233.484,1233.8745,1232.725,1233.7035
2015-02-10 18:00:00,1233.7155,1234.9465,1233.337,1233.5565
2015-02-10 18:15:00,1233.4365,1233.8899999999999,1232.0159999999998,1232.374
2015-02-10 18:30:00,1232.3799999999999,1233.0794999999998,1231.104,1231.548
2015-02-10 18:45:00,1231.542,1232.8055,1231.358,1232.3070000000002
2015-02-10 19:00:00,1232.3285,1233.4234999999999,1231.9005,1233.113
2015-02-10 19:15:00,1233.104,1233.554,1232.74,1233.449
2015-02-10 19:30:00,1233.4515,1234.324,1233.139,1234.324
2015-02-10 19:45:00,1234.3790000000001,1235.479,1234.1339999999998,1234.5305
2015-02-10 20:00:00,1234.531,1234.8375,1234.1609999999998,1234.39
2015-02-10 20:15:00,1234.378,1234.3915,1233.541,1233.8799999999999
2015-02-10 20:30:00,1233.866,1234.5465000000002,1233.633,1233.9370000000001
2015-02-10 20:45:00,1234.0065,1234.872,1233.7450000000001,1233.9535
2015-02-10 21:00:00,1233.958,1234.2130000000002,1233.641,1234.092
2015-02-10 21:15:00,1234.101,1234.865,1234.081,1234.1664999999998
2015-02-10 21:30:00,1234.1470000000002,1234.5649999999998,1233.7425,1233.9424999999999
2015-02-10 21:45:00,1233.953,1234.0265,1233.315,1233.7150000000001
2015-02-10 23:00:00,1234.075,1234.5749999999998,1233.92,1234.421
2015-02-10 23:15:00,1234.409,1234.5890000000002,1234.32,1234.468
2015-02-10 23:30:00,1234.452,1234.6019999999999,1233.864,1233.9335
2015-02-10 23:45:00,1233.94,1233.988,1233.59,1233.59
2015-02-11 01:00:00,1234.9229999999998,1236.38,1234.8565,1236.38
2015-02-11 01:15:00,1236.367,1237.035,1235.9379999999999,1236.5715
2015-02-11 01:30:00,1236.5829999999999,1237.991,1236.5829999999999,1237.904
2015-02-11 01:45:00,1237.891,1237.891,1236.843,1237.467
2015-02-11 02:00:00,1237.474,1238.0655000000002,1237.214,1237.9379999999999
2015-02-11 02:15:00,1237.943,1238.0729999999999,1237.3075,1237.721
2015-02-11 02:30:00,1237.7240000000002,1238.154,1237.484,1238.1215000000002
2015-02-11 02:45:00,1238.1135,1238.3215,1237.598,1237.791
2015-02-11 03:00:00,1237.8,1237.8995,1236.718,1237.0575
2015-02-11 03:15:00,1237.0715,1237.416,1236.722,1237.322
2015-02-11 03:30:00,1237.3315,1237.4144999999999,1236.797,1236.837
2015-02-11 03:45:00,1236.826,1237.1685,1236.6495,1236.6495
2015-02-11 04:00:00,1236.652,1236.9969999999998,1236.1385,1236.9969999999998
2015-02-11 04:15:00,1236.989,1237.1064999999999,1236.411,1236.6335
2015-02-11 04:30:00,1236.6275,1236.6945,1236.162,1236.2475
2015-02-11 04:45:00,1236.276,1237.7555000000002,1236.1634999999999,1237.679
2015-02-11 05:00:00,1237.7050000000002,1237.984,1237.22,1237.7849999999999
2015-02-11 05:15:00,1237.7775,1238.2730000000001,1237.4525,1237.9735
2015-02-11 05:30:00,1237.964,1237.988,1237.507,1237.8125
2015-02-11 05:45:00,1237.8585,1238.648,1237.424,1238.6065
2015-02-11 06:00:00,1238.637,1238.8125,1237.887,1238.202
2015-02-11 06:15:00,1238.1955,1238.4945,1237.897,1238.0665000000001
2015-02-11 06:30:00,1238.0735,1238.5125,1237.7334999999998,1238.296
2015-02-11 06:45:00,1238.279,1238.306,1237.345,1237.613
2015-02-11 07:00:00,1237.637,1238.586,1236.9265,1236.9265
2015-02-11 07:15:00,1236.9665000000002,1238.7095,1236.7205000000001,1237.95
2015-02-11 07:30:00,1237.9645,1238.211,1237.452,1237.7435
2015-02-11 07:45:00,1237.7500000000002,1238.2795,1237.1475,1238.12
2015-02-11 08:00:00,1238.1464999999998,1238.2024999999999,1235.834,1236.238
2015-02-11 08:15:00,1236.243,1236.4555,1235.4995,1236.304
2015-02-11 08:30:00,1236.3125,1237.5935,1236.0910000000001,1237.022
2015-02-11 08:45:00,1237.081,1237.739,1236.975,1237.624
2015-02-11 09:00:00,1237.617,1238.2065,1237.4135,1237.4725
2015-02-11 09:15:00,1237.467,1238.239,1236.921,1238.1170000000002
2015-02-11 09:30:00,1238.109,1238.109,1236.9575000000002,1236.9575000000002
2015-02-11 09:45:00,1236.9454999999998,1237.94,1236.802,1237.4424999999999
2015-02-11 10:00:00,1237.434,1237.9535,1236.8255000000001,1237.3235000000002
2015-02-11 10:15:00,1237.3039999999999,1237.3239999999998,1236.4165,1236.4285
2015-02-11 10:30:00,1236.438,1236.5210000000002,1233.5910000000001,1233.6455
2015-02-11 10:45:00,1233.6765,1234.8084999999999,1233.1209999999999,1234.1435000000001
2015-02-11 11:00:00,1234.1405,1235.3484999999998,1233.8435,1233.9535
2015-02-11 11:15:00,1233.9875,1234.269,1233.145,1234.0535
2015-02-11 11:30:00,1234.012,1234.7555,1233.5535,1234.365
2015-02-11 11:45:00,1234.3484999999998,1235.433,1233.9795,1235.3294999999998
2015-02-11 12:00:00,1235.315,1236.2369999999999,1234.9595000000002,1235.957
2015-02-11 12:15:00,1235.9495000000002,1238.2894999999999,1235.8464999999999,1237.348
2015-02-11 12:30:00,1237.3380000000002,1237.5285000000001,1236.615,1236.9535
2015-02-11 12:45:00,1236.9755000000002,1237.129,1236.1734999999999,1236.701
2015-02-11 13:00:00,1236.732,1237.2385,1235.6485,1236.4095
2015-02-11 13:15:00,1236.408,1236.408,1234.454,1235.0004999999999
2015-02-11 13:30:00,1234.99,1235.0359999999998,1232.9045,1233.291
2015-02-11 13:45:00,1233.3035,1234.872,1232.3455,1234.395
2015-02-11 14:00:00,1234.4060000000002,1234.7185,1233.435,1234.297
2015-02-11 14:15:00,1234.291,1235.4565,1233.807,1233.8935
2015-02-11 14:30:00,1233.9075,1234.7884999999999,1230.4,1231.6095
2015-02-11 14:45:00,1231.597,1231.7185,1223.5065,1224.9
2015-02-11 15:00:00,1224.8799999999999,1225.6295000000002,1223.491,1225.417
2015-02-11 15:15:00,1225.407,1225.4235,1221.7465,1223.2060000000001
2015-02-11 15:30:00,1223.2299999999998,1224.1174999999998,1221.372,1223.494
2015-02-11 15:45:00,1223.428,1223.428,1221.926,1222.915
2015-02-11 16:00:00,1222.9164999999998,1224.301,1221.0635,1223.783
2015-02-11 16:15:00,1223.808,1225.4605,1223.0105,1225.235
2015-02-11 16:30:00,1225.2600000000002,1225.3395,1223.3105,1224.2045
2015-02-11 16:45:00,1224.2195,1224.83,1223.705,1224.1555
2015-02-11 17:00:00,1224.155,1224.742,1222.8220000000001,1223.7255
2015-02-11 17:15:00,1223.6779999999999,1224.087,1222.9565,1223.207
2015-02-11 17:30:00,1223.2015000000001,1223.754,1221.91,1222.5
2015-02-11 17:45:00,1222.5145,1223.8335,1222.1345,1223.2440000000001
2015-02-11 18:00:00,1223.2569999999998,1223.416,1221.924,1222.4254999999998
2015-02-11 18:15:00,1222.4470000000001,1222.661,1219.583,1220.4175
2015-02-11 18:30:00,1220.365,1221.1895,1218.6405,1219.4975
2015-02-11 18:45:00,1219.5025,1220.6435,1219.157,1220.371
2015-02-11 19:00:00,1220.3675,1221.754,1219.935,1221.2060000000001
2015-02-11 19:15:00,1221.2150000000001,1221.7224999999999,1219.845,1220.0625
2015-02-11 19:30:00,1220.04,1221.4385,1219.4705000000001,1221.1965
2015-02-11 19:45:00,1221.2160000000001,1221.246,1220.3345,1220.714
2015-02-11 20:00:00,1220.701,1222.0315,1220.264,1221.2420000000002
2015-02-11 20:15:00,1221.2640000000001,1221.4955,1219.985,1219.985
2015-02-11 20:30:00,1219.9835,1220.9645,1219.5505,1219.708
2015-02-11 20:45:00,1219.7330000000002,1220.4470000000001,1219.396,1219.5335
2015-02-11 21:00:00,1219.5285000000001,1220.3305,1219.4785,1219.933
2015-02-11 21:15:00,1219.94,1220.7675,1219.9245,1220.23
2015-02-11 21:30:00,1220.27,1220.27,1219.346,1219.391
2015-02-11 21:45:00,1219.406,1219.611,1216.7849999999999,1219.02
2015-02-11 23:00:00,1219.13,1219.156,1218.3135,1218.686
2015-02-11 23:15:00,1218.696,1219.7289999999998,1218.696,1219.64
2015-02-11 23:30:00,1219.6549999999997,1220.679,1219.425,1220.579
2015-02-11 23:45:00,1220.634,1220.794,1220.318,1220.674
2015-02-12 01:00:00,1221.1515,1223.056,1221.0285,1222.8204999999998
2015-02-12 01:15:00,1222.827,1223.539,1222.3355,1223.424
2015-02-12 01:30:00,1223.414,1223.8295,1223.09,1223.45
2015-02-12 01:45:00,1223.327,1224.186,1222.324,1222.334
2015-02-12 02:00:00,1222.365,1223.325,1222.257,1222.9424999999999
2015-02-12 02:15:00,1222.9395,1222.972,1222.4080000000001,1222.547
2015-02-12 02:30:00,1222.612,1223.2044999999998,1221.2405,1221.4245
2015-02-12 02:45:00,1221.4195,1221.7559999999999,1220.8300000000002,1221.3485
2015-02-12 03:00:00,1221.354,1221.6339999999998,1220.9344999999998,1221.036
2015-02-12 03:15:00,1221.0405,1221.3345,1219.9225000000001,1220.5269999999998
2015-02-12 03:30:00,1220.5770000000002,1220.677,1219.2285,1220.281
2015-02-12 03:45:00,1220.287,1220.579,1219.9669999999999,1220.3095
2015-02-12 04:00:00,1220.3115,1220.5104999999999,1220.0005,1220.3265
2015-02-12 04:15:00,1220.331,1220.7635,1220.2435,1220.6995
2015-02-12 04:30:00,1220.69,1221.587,1220.657,1221.462
2015-02-12 04:45:00,1221.451,1221.7894999999999,1221.0735,1221.2640000000001
2015-02-12 05:00:00,1221.2540000000001,1221.364,1220.5625,1221.03
2015-02-12 05:15:00,1221.032,1221.5194999999999,1220.9325,1221.1154999999999
2015-02-12 05:30:00,1221.1115,1222.0945000000002,1221.026,1221.8439999999998
2015-02-12 05:45:00,1221.8685,1222.3815,1221.602,1222.364
2015-02-12 06:00:00,1222.355,1222.968,1221.9185,1222.364
2015-02-12 06:15:00,1222.4145,1222.4634999999998,1221.732,1222.053
2015-02-12 06:30:00,1222.0420000000001,1222.8265000000001,1221.93,1222.579
2015-02-12 06:45:00,1222.5535,1223.2440000000001,1222.328,1222.334
2015-02-12 07:00:00,1222.328,1223.264,1222.142,1222.73
2015-02-12 07:15:00,1222.7265,1223.7475,1222.1620000000003,1222.443
2015-02-12 07:30:00,1222.4419999999998,1222.837,1221.9919999999997,1222.163
2015-02-12 07:45:00,1222.233,1223.16,1222.233,1222.9975
2015-02-12 08:00:00,1222.9624999999999,1223.011,1221.7939999999999,1222.679
2015-02-12 08:15:00,1222.6685,1229.364,1222.332,1229.3425
2015-02-12 08:30:00,1229.3425,1233.0590000000002,1226.962,1227.23
2015-02-12 08:45:00,1227.2395,1227.606,1225.925,1226.9115
2015-02-12 09:00:00,1226.919,1228.1589999999999,1223.813,1224.756
2015-02-12 09:15:00,1224.7155,1225.2870000000003,1222.735,1225.102
2015-02-12 09:30:00,1225.135,1226.3729999999998,1224.4109999999998,1225.3329999999999
2015-02-12 09:45:00,1225.3635,1226.714,1224.538,1225.144
2015-02-12 10:00:00,1225.15,1226.425,1224.7165,1225.3085
2015-02-12 10:15:00,1225.2894999999999,1226.018,1224.5114999999998,1225.7255
2015-02-12 10:30:00,1225.72,1225.867,1223.929,1224.914
2015-02-12 10:45:00,1224.934,1225.0415,1222.9175,1223.338
2015-02-12 11:00:00,1223.3545,1224.495,1223.0215,1224.495
2015-02-12 11:15:00,1224.5004999999999,1225.089,1223.92,1224.535
2015-02-12 11:30:00,1224.495,1225.0245,1224.2845,1224.7735
2015-02-12 11:45:00,1224.7730000000001,1224.909,1223.5835,1223.8895
2015-02-12 12:00:00,1223.8645,1224.0140000000001,1222.5755,1222.675
2015-02-12 12:15:00,1222.6775,1223.404,1221.632,1222.833
2015-02-12 12:30:00,1222.8390000000002,1223.908,1222.1734999999999,1223.534
2015-02-12 12:45:00,1223.5835000000002,1224.854,1223.3405,1223.8395
2015-02-12 13:00:00,1223.8475,1225.015,1222.925,1224.52
2015-02-12 13:15:00,1224.5095,1224.937,1222.9695,1223.78
2015-02-12 13:30:00,1224.113,1228.0159999999998,1223.8,1226.3429999999998
2015-02-12 13:45:00,1226.3465,1227.0165,1225.001,1225.317
2015-02-12 14:00:00,1225.4134999999999,1227.3754999999999,1225.4134999999999,1226.2005
2015-02-12 14:15:00,1226.175,1226.81,1225.5800000000002,1225.895
2015-02-12 14:30:00,1225.893,1227.1139999999998,1225.407,1225.6009999999999
2015-02-12 14:45:00,1225.6215000000002,1226.5165,1223.6734999999999,1223.6734999999999
2015-02-12 15:00:00,1223.6335000000001,1224.2504999999999,1222.104,1222.8200000000002
2015-02-12 15:15:00,1222.815,1222.8249999999998,1220.17,1222.4295000000002
2015-02-12 15:30:00,1222.4195,1223.2389999999998,1220.7350000000001,1221.2735
2015-02-12 15:45:00,1221.2810000000002,1223.396,1220.9365,1222.8310000000001
2015-02-12 16:00:00,1222.823,1224.5705,1222.737,1223.484
2015-02-12 16:15:00,1223.477,1226.306,1223.31,1224.607
2015-02-12 16:30:00,1224.626,1225.763,1222.6815,1225.446
2015-02-12 16:45:00,1225.413,1226.2855,1224.7975000000001,1225.0855000000001
2015-02-12 17:00:00,1225.0915,1225.21,1223.319,1223.403
2015-02-12 17:15:00,1223.3745,1223.5255,1222.723,1223.123
2015-02-12 17:30:00,1223.135,1223.174,1220.9250000000002,1221.25
2015-02-12 17:45:00,1221.256,1221.7375,1219.8305,1220.0434999999998
2015-02-12 18:00:00,1220.07,1221.1425,1219.7350000000001,1221.138
2015-02-12 18:15:00,1221.1145,1222.03,1220.6299999999999,1220.7195000000002
2015-02-12 18:30:00,1220.7155,1221.7359999999999,1220.42,1221.209
2015-02-12 18:45:00,1221.1785,1221.6145000000001,1220.645,1221.204
2015-02-12 19:00:00,1221.146,1222.475,1221.114,1221.564
2015-02-12 19:15:00,1221.587,1221.7369999999999,1221.2035,1221.7224999999999
2015-02-12 19:30:00,1221.7124999999999,1222.4640000000002,1220.9105000000002,1222.1530000000002
2015-02-12 19:45:00,1222.151,1222.8619999999999,1222.0780000000002,1222.4299999999998
2015-02-12 20:00:00,1222.4399999999998,1223.6385,1222.4264999999998,1222.9825
2015-02-12 20:15:00,1223.0145,1223.5145,1222.8825000000002,1223.2144999999998
2015-02-12 20:30:00,1223.1960000000001,1223.1960000000001,1222.2559999999999,1222.4184999999998
2015-02-12 20:45:00,1222.4235,1222.5185,1222.068,1222.118
2015-02-12 21:00:00,1222.143,1222.578,1222.0990000000002,1222.2505
2015-02-12 21:15:00,1222.251,1222.251,1221.576,1221.6145000000001
2015-02-12 21:30:00,1221.6290000000001,1222.0,1221.519,1221.6860000000001
2015-02-12 21:45:00,1221.6905000000002,1222.6235,1221.6180000000002,1222.0
2015-02-12 22:00:00,1221.943,1221.943,1221.943,1221.943
2015-02-12 23:00:00,1223.474,1223.89,1223.25,1223.6560000000002
2015-02-12 23:15:00,1223.6360000000002,1224.188,1223.498,1223.9899999999998
2015-02-12 23:30:00,1223.968,1223.9899999999998,1223.6640000000002,1223.79
2015-02-12 23:45:00,1223.85,1224.319,1223.7369999999999,1223.7369999999999
2015-02-13 01:00:00,1223.827,1224.4475000000002,1222.9575,1224.3890000000001
2015-02-13 01:15:00,1224.3825000000002,1225.026,1224.3085,1224.8799999999999
2015-02-13 01:30:00,1224.858,1225.8915,1224.83,1225.253
2015-02-13 01:45:00,1225.281,1225.5479999999998,1225.0465,1225.2410000000002
2015-02-13 02:00:00,1225.23,1225.5289999999998,1225.1270000000002,1225.273
2015-02-13 02:15:00,1225.2794999999999,1225.436,1224.913,1225.436
2015-02-13 02:30:00,1225.4075,1226.573,1225.376,1226.471
2015-02-13 02:45:00,1226.4825,1226.596,1226.0149999999999,1226.3770000000002
2015-02-13 03:00:00,1226.3854999999999,1227.6645,1226.3165000000001,1227.358
2015-02-13 03:15:00,1227.3395,1227.716,1227.2110000000002,1227.408
2015-02-13 03:30:00,1227.416,1227.686,1227.121,1227.686
2015-02-13 03:45:00,1227.68,1229.0065,1227.6019999999999,1228.4305
2015-02-13 04:00:00,1228.443,1228.8609999999999,1227.1075,1227.224
2015-02-13 04:15:00,1227.2124999999999,1228.122,1227.1065,1227.3825
2015-02-13 04:30:00,1227.387,1228.043,1227.1055000000001,1227.6299999999999
2015-02-13 04:45:00,1227.598,1228.43,1227.382,1228.0125
2015-02-13 05:00:00,1228.039,1228.52,1227.9115000000002,1228.164
2015-02-13 05:15:00,1228.1575,1228.318,1227.5655000000002,1227.619
2015-02-13 05:30:00,1227.6075,1229.8449999999998,1227.6075,1229.409
2015-02-13 05:45:00,1229.422,1230.756,1229.322,1229.8075000000001
2015-02-13 06:00:00,1229.7755,1230.1749999999997,1229.268,1229.3925
2015-02-13 06:15:00,1229.385,1229.5104999999999,1228.904,1229.4985000000001
2015-02-13 06:30:00,1229.5045,1231.1975,1229.3155,1231.1109999999999
2015-02-13 06:45:00,1231.1025,1231.2555,1230.415,1230.554
2015-02-13 07:00:00,1230.5605,1230.7079999999999,1229.4865000000002,1230.412
2015-02-13 07:15:00,1230.451,1231.1129999999998,1230.0330000000001,1230.92
2015-02-13 07:30:00,1230.917,1230.917,1230.075,1230.2595000000001
2015-02-13 07:45:00,1230.2585000000001,1230.3995,1229.005,1229.058
2015-02-13 08:00:00,1229.0720000000001,1229.3915,1227.425,1227.834
2015-02-13 08:15:00,1227.845,1228.174,1227.1485,1227.7325
2015-02-13 08:30:00,1227.719,1227.9814999999999,1226.3114999999998,1226.3445000000002
2015-02-13 08:45:00,1226.3079999999998,1226.987,1226.2985,1226.4524999999999
2015-02-13 09:00:00,1226.4455,1227.4005,1226.1415,1227.2955
2015-02-13 09:15:00,1227.31,1228.114,1227.1779999999999,1228.052
2015-02-13 09:30:00,1227.9969999999998,1228.1185,1227.628,1227.855
2015-02-13 09:45:00,1227.8500000000001,1227.8715,1226.865,1227.1290000000001
2015-02-13 10:00:00,1227.144,1227.4365,1226.29,1227.219
2015-02-13 10:15:00,1227.2079999999999,1227.242,1226.3235,1226.3899999999999
2015-02-13 10:30:00,1226.3905000000002,1226.3999999999999,1225.1805000000002,1225.726
2015-02-13 10:45:00,1225.7315,1225.7839999999999,1224.1015,1225.0159999999998
2015-02-13 11:00:00,1225.0305,1225.7434999999998,1224.557,1225.2085
2015-02-13 11:15:00,1225.1750000000002,1225.7939999999999,1224.988,1225.054
2015-02-13 11:30:00,1225.0345,1225.0485,1223.6375,1224.2930000000001
2015-02-13 11:45:00,1224.2935,1224.624,1223.2980000000002,1223.9595
2015-02-13 12:00:00,1223.9799999999998,1224.874,1223.69,1224.727
2015-02-13 12:15:00,1224.7415,1225.3335,1224.3345,1224.961
2015-02-13 12:30:00,1224.926,1225.244,1224.5085,1224.868
2015-02-13 12:45:00,1224.8685,1225.484,1224.7485000000001,1225.2600000000002
2015-02-13 13:00:00,1225.2595,1227.8285,1225.2595,1227.206
2015-02-13 13:15:00,1227.21,1228.835,1226.7215,1226.995
2015-02-13 13:30:00,1226.9945,1231.3984999999998,1226.627,1228.584
2015-02-13 13:45:00,1228.5895,1229.8120000000001,1227.8395,1228.3764999999999
2015-02-13 14:00:00,1228.392,1229.4135,1227.126,1228.5575
2015-02-13 14:15:00,1228.533,1230.2420000000002,1228.0665,1229.6585
2015-02-13 14:30:00,1229.6645,1230.8455000000001,1228.9465,1229.8485
2015-02-13 14:45:00,1229.848,1231.8425000000002,1229.848,1230.855
2015-02-13 15:00:00,1231.0420000000001,1235.0100000000002,1230.7069999999999,1234.2424999999998
2015-02-13 15:15:00,1234.2535,1234.5005,1232.1625000000001,1232.6985
2015-02-13 15:30:00,1232.6979999999999,1234.058,1232.43,1233.3275
2015-02-13 15:45:00,1233.3345,1233.4234999999999,1231.6425000000002,1232.4735
2015-02-13 16:00:00,1232.46,1233.1285,1231.7869999999998,1232.5035
2015-02-13 16:15:00,1232.4835,1232.809,1230.804,1231.2335
2015-02-13 16:30:00,1231.233,1231.233,1229.0535,1229.765
2015-02-13 16:45:00,1229.7065,1229.8210000000001,1228.579,1229.1084999999998
2015-02-13 17:00:00,1229.1109999999999,1229.66,1228.659,1229.41
2015-02-13 17:15:00,1229.434,1231.5075,1229.409,1230.8935
2015-02-13 17:30:00,1230.9235,1231.259,1230.4565,1230.6265
2015-02-13 17:45:00,1230.64,1231.0575,1229.747,1230.069
2015-02-13 18:00:00,1230.06,1230.06,1229.1325000000002,1229.6115
2015-02-13 18:15:00,1229.591,1229.591,1227.0695,1227.3535000000002
2015-02-13 18:30:00,1227.36,1228.2625,1226.8945,1228.2145
2015-02-13 18:45:00,1228.2205000000001,1228.8745,1228.2165,1228.763
2015-02-13 19:00:00,1228.78,1228.95,1228.1485,1228.499
2015-02-13 19:15:00,1228.51,1229.1985,1228.266,1228.858
2015-02-13 19:30:00,1228.8535,1229.4435,1228.744,1229.1145000000001
2015-02-13 19:45:00,1229.1139999999998,1229.923,1228.852,1229.2345
2015-02-13 20:00:00,1229.2404999999999,1229.2765,1228.683,1228.7345
2015-02-13 20:15:00,1228.7414999999999,1228.816,1228.091,1228.2160000000001
2015-02-13 20:30:00,1228.235,1228.4305,1228.1265,1228.1655
2015-02-13 20:45:00,1228.166,1228.7984999999999,1228.117,1228.72
2015-02-13 21:00:00,1228.7034999999998,1229.7715,1228.5205,1229.2895
2015-02-13 21:15:00,1229.2795,1229.5004999999999,1228.9655,1229.2335
2015-02-13 21:30:00,1229.1734999999999,1229.741,1228.769,1229.4589999999998
2015-02-13 21:45:00,1229.4595,1229.8515,1229.295,1229.8015
2015-02-15 23:00:00,1227.9810000000002,1229.59,1227.75,1229.0605
2015-02-15 23:15:00,1229.0235,1229.2505,1228.4695,1228.8835
2015-02-15 23:30:00,1228.875,1229.393,1228.2150000000001,1228.4495
2015-02-15 23:45:00,1228.449,1229.2845,1228.17,1229.105
2015-02-16 01:00:00,1230.501,1230.535,1229.273,1229.8225
2015-02-16 01:15:00,1229.815,1230.5615,1229.681,1229.913
2015-02-16 01:30:00,1229.8980000000001,1230.383,1229.298,1230.236
2015-02-16 01:45:00,1230.222,1231.25,1229.9895,1231.148
2015-02-16 02:00:00,1231.1095,1232.3139999999999,1231.0995,1231.8774999999998
2015-02-16 02:15:00,1231.8480000000002,1232.2524999999998,1231.33,1231.9655
2015-02-16 02:30:00,1231.975,1232.2305000000001,1231.738,1232.0049999999999
2015-02-16 02:45:00,1232.0135,1233.5910000000001,1232.007,1233.491
2015-02-16 03:00:00,1233.463,1233.8165,1233.0905,1233.1615
2015-02-16 03:15:00,1233.167,1233.671,1232.7915,1233.306
2015-02-16 03:30:00,1233.2765,1233.5685,1233.0140000000001,1233.3410000000001
2015-02-16 03:45:00,1233.3600000000001,1233.3600000000001,1232.8745,1233.0725000000002
2015-02-16 04:00:00,1233.1095,1233.1755,1232.716,1232.911
2015-02-16 04:15:00,1232.934,1232.9840000000002,1232.119,1232.181
2015-02-16 04:30:00,1232.1919999999998,1232.8785,1232.1919999999998,1232.5935
2015-02-16 04:45:00,1232.5765000000001,1232.6475,1232.099,1232.47
2015-02-16 05:00:00,1232.4785,1232.539,1232.0294999999999,1232.3305
2015-02-16 05:15:00,1232.2994999999999,1232.6799999999998,1232.1819999999998,1232.6115
2015-02-16 05:30:00,1232.6174999999998,1232.6399999999999,1231.705,1231.997
2015-02-16 05:45:00,1231.991,1232.7855,1231.736,1232.053
2015-02-16 06:00:00,1232.037,1232.6115,1231.7015,1231.9185
2015-02-16 06:15:00,1231.922,1232.6505000000002,1231.7644999999998,1232.426
2015-02-16 06:30:00,1232.4305,1233.1275,1232.0055,1232.9979999999998
2015-02-16 06:45:00,1233.0635000000002,1234.3220000000001,1232.9975000000002,1233.4595
2015-02-16 07:00:00,1233.4665,1234.155,1233.4334999999999,1233.7475000000002
2015-02-16 07:15:00,1233.7540000000001,1234.3545,1233.55,1234.0145
2015-02-16 07:30:00,1234.0285,1236.749,1233.1125,1235.8174999999999
2015-02-16 07:45:00,1235.816,1236.1509999999998,1233.9875,1234.924
2015-02-16 08:00:00,1234.9119999999998,1235.285,1234.288,1235.1355
2015-02-16 08:15:00,1235.1779999999999,1235.492,1233.244,1233.575
2015-02-16 08:30:00,1233.5635,1234.1390000000001,1233.473,1233.48
2015-02-16 08:45:00,1233.4675,1234.6795,1233.408,1234.5704999999998
2015-02-16 09:00:00,1234.5819999999999,1234.7839999999999,1233.483,1234.035
2015-02-16 09:15:00,1234.074,1234.2849999999999,1233.6045000000001,1234.2849999999999
2015-02-16 09:30:00,1234.2495,1235.3135,1234.1750000000002,1235.106
2015-02-16 09:45:00,1235.094,1235.388,1233.6925,1234.1815000000001
2015-02-16 10:00:00,1234.1809999999998,1234.9755,1234.086,1234.2525
2015-02-16 10:15:00,1234.2030000000002,1234.665,1233.95,1234.0465
2015-02-16 10:30:00,1234.0145,1234.0465,1233.1715,1233.462
2015-02-16 10:45:00,1233.4695,1233.7350000000001,1233.3639999999998,1233.593
2015-02-16 11:00:00,1233.617,1234.5894999999998,1233.617,1234.4235
2015-02-16 11:15:00,1234.419,1234.5545000000002,1233.8405000000002,1234.4405
2015-02-16 11:30:00,1234.4215,1234.4950000000001,1233.666,1234.3435
2015-02-16 11:45:00,1234.344,1234.344,1233.93,1234.2715
2015-02-16 12:00:00,1234.27,1234.372,1233.364,1233.4244999999999
2015-02-16 12:15:00,1233.3695,1234.9795,1232.9385,1233.0165000000002
2015-02-16 12:30:00,1233.017,1233.8384999999998,1232.431,1232.5925
2015-02-16 12:45:00,1232.567,1232.9,1231.6875,1232.6080000000002
2015-02-16 13:00:00,1232.625,1233.316,1231.983,1232.5430000000001
2015-02-16 13:15:00,1232.5669999999998,1233.9785,1232.5669999999998,1233.315
2015-02-16 13:30:00,1233.323,1233.9315,1232.9725,1233.3135
2015-02-16 13:45:00,1233.314,1233.4134999999999,1232.181,1232.8665
2015-02-16 14:00:00,1232.876,1233.178,1232.1845,1232.4379999999999
2015-02-16 14:15:00,1232.4434999999999,1232.4575,1229.8835000000001,1231.419
2015-02-16 14:30:00,1231.4250000000002,1232.522,1230.7015,1232.377
2015-02-16 14:45:00,1232.4625,1232.482,1230.9305,1230.986
2015-02-16 15:00:00,1230.9660000000001,1231.3975,1229.9330000000002,1230.9715
2015-02-16 15:15:00,1230.9850000000001,1232.8615,1230.789,1232.859
2015-02-16 15:30:00,1232.834,1234.2549999999999,1232.011,1232.0605
2015-02-16 15:45:00,1232.061,1232.061,1231.268,1231.4789999999998
2015-02-16 16:00:00,1231.4665,1232.179,1230.3665,1231.9395
2015-02-16 16:15:00,1231.9495,1232.06,1231.0715,1231.689
2015-02-16 16:30:00,1231.697,1231.9965,1231.118,1231.645
2015-02-16 16:45:00,1231.6385,1232.745,1231.3880000000001,1232.616
2015-02-16 17:00:00,1232.6205,1232.7285,1231.595,1231.765
2015-02-16 17:15:00,1231.7599999999998,1232.1065,1231.7450000000001,1231.905
2015-02-16 23:00:00,1230.98,1233.3500000000001,1230.7755,1232.675
2015-02-16 23:15:00,1232.705,1233.18,1232.48,1232.5755000000001
2015-02-16 23:30:00,1232.5905,1232.777,1231.8654999999999,1232.0505
2015-02-16 23:45:00,1232.0249999999999,1232.2694999999999,1231.9145,1231.98
2015-02-17 01:00:00,1234.063,1234.063,1232.819,1232.819
2015-02-17 01:15:00,1232.773,1232.804,1231.4615,1232.48
2015-02-17 01:30:00,1232.478,1232.564,1231.9265,1232.1495
2015-02-17 01:45:00,1232.1380000000001,1232.4175,1231.9835,1232.063
2015-02-17 02:00:00,1232.0204999999999,1232.3039999999999,1231.6295,1231.637
2015-02-17 02:15:00,1231.649,1232.106,1231.4879999999998,1231.615
2015-02-17 02:30:00,1231.5855,1231.668,1230.813,1231.1634999999999
2015-02-17 02:45:00,1231.1485,1231.4070000000002,1228.969,1228.969
2015-02-17 03:00:00,1228.9025,1229.639,1228.1525,1229.3305
2015-02-17 03:15:00,1229.352,1229.3695,1228.6719999999998,1229.029
2015-02-17 03:30:00,1229.014,1229.0335,1228.2969999999998,1228.6760000000002
2015-02-17 03:45:00,1228.6719999999998,1228.834,1227.6109999999999,1228.023
2015-02-17 04:00:00,1228.0135,1228.098,1226.379,1226.471
2015-02-17 04:15:00,1226.46,1227.771,1226.3549999999998,1227.744
2015-02-17 04:30:00,1227.757,1228.573,1227.702,1227.8475
2015-02-17 04:45:00,1227.8410000000001,1228.1415,1227.5030000000002,1228.0755
2015-02-17 05:00:00,1228.0655,1228.3629999999998,1227.724,1227.9895
2015-02-17 05:15:00,1228.02,1229.8310000000001,1227.8210000000001,1228.758
2015-02-17 05:30:00,1228.789,1228.8305,1227.9969999999998,1228.3390000000002
2015-02-17 05:45:00,1228.3355000000001,1228.8975,1228.1375,1228.3609999999999
2015-02-17 06:00:00,1228.3090000000002,1228.761,1227.454,1227.5140000000001
2015-02-17 06:15:00,1227.5369999999998,1228.1435,1227.5369999999998,1227.9630000000002
2015-02-17 06:30:00,1227.965,1228.4030000000002,1227.9520000000002,1228.36
2015-02-17 06:45:00,1228.363,1228.3850000000002,1224.651,1225.474
2015-02-17 07:00:00,1225.491,1225.5435,1224.4175,1225.4075
2015-02-17 07:15:00,1225.4155,1225.676,1224.115,1225.073
2015-02-17 07:30:00,1225.059,1225.1660000000002,1223.3925,1223.85
2015-02-17 07:45:00,1223.8395,1224.5855,1223.6855,1223.7695
2015-02-17 08:00:00,1223.701,1224.7150000000001,1223.517,1224.3120000000001
2015-02-17 08:15:00,1224.3020000000001,1224.4769999999999,1221.972,1223.0385
2015-02-17 08:30:00,1222.989,1223.481,1220.9505,1221.2949999999998
2015-02-17 08:45:00,1221.2800000000002,1222.5049999999999,1220.9489999999998,1222.289
2015-02-17 09:00:00,1222.2640000000001,1222.345,1221.5405,1222.1995
2015-02-17 09:15:00,1222.2,1222.4180000000001,1220.693,1221.632
2015-02-17 09:30:00,1221.6225,1223.6595000000002,1221.5155,1223.426
2015-02-17 09:45:00,1223.4205,1223.9205,1222.171,1222.1755
2015-02-17 10:00:00,1222.1815,1222.285,1220.5200000000002,1221.6495
2015-02-17 10:15:00,1221.6429999999998,1223.2279999999998,1221.6005,1222.68
2015-02-17 10:30:00,1222.675,1223.323,1221.958,1222.248
2015-02-17 10:45:00,1222.28,1224.714,1221.9825,1222.145
2015-02-17 11:00:00,1222.091,1222.936,1220.75,1222.4250000000002
2015-02-17 11:15:00,1222.3905,1223.1950000000002,1222.2105,1223.1739999999998
2015-02-17 11:30:00,1223.17,1223.791,1222.3805,1222.7765
2015-02-17 11:45:00,1222.7675,1223.8200000000002,1222.4910000000002,1223.1459999999997
2015-02-17 12:00:00,1223.129,1223.129,1221.1205,1221.536
2015-02-17 12:15:00,1221.536,1222.2440000000001,1220.805,1221.7845
2015-02-17 12:30:00,1221.7895,1222.198,1218.9565,1219.895
2015-02-17 12:45:00,1219.9,1221.2624999999998,1219.442,1220.172
2015-02-17 13:00:00,1220.1039999999998,1221.547,1219.156,1220.8944999999999
2015-02-17 13:15:00,1220.9445,1224.586,1220.9445,1223.23
2015-02-17 13:30:00,1223.2295000000001,1224.2865,1222.5449999999998,1223.345
2015-02-17 13:45:00,1223.3455,1224.525,1222.6355,1223.94
2015-02-17 14:00:00,1223.9405000000002,1225.286,1221.2505,1221.424
2015-02-17 14:15:00,1221.4155,1221.4155,1210.1245000000001,1212.414
2015-02-17 14:30:00,1212.4565,1213.7445,1211.386,1213.691
2015-02-17 14:45:00,1213.6834999999999,1213.8339999999998,1210.04,1210.63
2015-02-17 15:00:00,1210.679,1211.1689999999999,1207.359,1207.89
2015-02-17 15:15:00,1207.89,1207.89,1204.5169999999998,1206.1060000000002
2015-02-17 15:30:00,1206.099,1207.7585,1204.174,1207.3545
2015-02-17 15:45:00,1207.445,1209.1055000000001,1206.731,1207.9180000000001
2015-02-17 16:00:00,1207.919,1207.92,1206.6065,1207.1390000000001
2015-02-17 16:15:00,1207.055,1207.7105,1205.955,1206.1295
2015-02-17 16:30:00,1206.105,1207.169,1205.7785,1206.681
2015-02-17 16:45:00,1206.677,1206.8760000000002,1205.2849999999999,1206.8750000000002
2015-02-17 17:00:00,1206.18,1206.9424999999999,1203.885,1204.0800000000002
2015-02-17 17:15:00,1204.001,1205.5735,1203.955,1205.3944999999999
2015-02-17 17:30:00,1205.3574999999998,1207.0095000000001,1204.618,1206.395
2015-02-17 17:45:00,1206.4344999999998,1207.62,1206.4344999999998,1206.7060000000001
2015-02-17 18:00:00,1206.6665,1207.4705,1206.0559999999998,1206.979
2015-02-17 18:15:00,1206.986,1209.374,1206.3980000000001,1209.0665
2015-02-17 18:30:00,1209.04,1209.136,1207.779,1207.819
2015-02-17 18:45:00,1207.846,1208.779,1207.3785,1207.888
2015-02-17 19:00:00,1207.898,1209.162,1207.898,1208.8039999999999
2015-02-17 19:15:00,1208.8010000000002,1209.2549999999999,1208.583,1208.7769999999998
2015-02-17 19:30:00,1208.7855000000002,1208.8270000000002,1207.657,1207.8685
2015-02-17 19:45:00,1207.875,1207.98,1207.2685,1207.2800000000002
2015-02-17 20:00:00,1207.2865,1208.525,1207.2690000000002,1208.2885
2015-02-17 20:15:00,1208.3005,1208.6860000000001,1207.85,1208.606
2015-02-17 20:30:00,1208.596,1209.6039999999998,1208.596,1208.761
2015-02-17 20:45:00,1208.78,1209.022,1207.7359999999999,1208.7205000000001
2015-02-17 21:00:00,1208.721,1209.08,1208.38,1208.4305
2015-02-17 21:15:00,1208.4334999999999,1209.1799999999998,1208.3605,1208.58
2015-02-17 21:30:00,1208.6009999999999,1209.5649999999998,1208.5839999999998,1208.915
2015-02-17 21:45:00,1208.925,1209.715,1208.925,1209.715
2015-02-17 22:00:00,1209.717,1209.717,1209.717,1209.717
2015-02-17 23:00:00,1209.62,1209.69,1209.1000000000001,1209.5700000000002
2015-02-17 23:15:00,1209.5565000000001,1209.9119999999998,1209.5435,1209.7839999999999
2015-02-17 23:30:00,1209.7749999999999,1209.8245,1208.784,1208.789
2015-02-17 23:45:00,1208.8104999999998,1209.553,1208.742,1209.53
2015-02-18 01:00:00,1208.8460000000002,1208.8460000000002,1207.9260000000002,1208.2060000000001
2015-02-18 01:15:00,1208.228,1208.316,1207.851,1207.851
2015-02-18 01:30:00,1207.848,1208.5014999999999,1207.848,1208.1595
2015-02-18 01:45:00,1208.203,1208.5535,1208.1779999999999,1208.3269999999998
2015-02-18 02:00:00,1208.2549999999999,1208.4009999999998,1208.03,1208.1315
2015-02-18 02:15:00,1208.137,1208.4824999999998,1208.137,1208.402
2015-02-18 02:30:00,1208.4015000000002,1208.8010000000002,1208.1970000000001,1208.256
2015-02-18 02:45:00,1208.286,1209.6019999999999,1207.7575,1207.825
2015-02-18 03:00:00,1207.8445,1207.9350000000002,1207.102,1207.272
2015-02-18 03:15:00,1207.2725,1207.33,1206.472,1206.627
2015-02-18 03:30:00,1206.6435000000001,1207.1680000000001,1206.598,1206.8470000000002
2015-02-18 03:45:00,1206.8464999999999,1207.4199999999998,1206.8059999999998,1206.8784999999998
2015-02-18 04:00:00,1206.887,1207.239,1206.874,1207.1345000000001
2015-02-18 04:15:00,1207.1055,1207.5430000000001,1207.073,1207.5430000000001
2015-02-18 04:30:00,1207.5445,1208.6085,1207.4445,1208.2175
2015-02-18 04:45:00,1208.2285,1209.046,1207.959,1208.593
2015-02-18 05:00:00,1208.615,1208.8899999999999,1208.2865,1208.7364999999998
2015-02-18 05:15:00,1208.7385000000002,1209.0555,1208.619,1208.648
2015-02-18 05:30:00,1208.628,1208.7105000000001,1208.311,1208.649
2015-02-18 05:45:00,1208.65,1209.731,1208.65,1209.653
2015-02-18 06:00:00,1209.6525,1211.0405,1209.647,1210.796
2015-02-18 06:15:00,1210.788,1210.811,1210.1275,1210.3304999999998
2015-02-18 06:30:00,1210.3310000000001,1210.4279999999999,1209.245,1209.491
2015-02-18 06:45:00,1209.4850000000001,1209.706,1209.1284999999998,1209.4750000000001
2015-02-18 07:00:00,1209.478,1210.7340000000002,1209.39,1210.7340000000002
2015-02-18 07:15:00,1210.7489999999998,1210.943,1210.0964999999999,1210.663
2015-02-18 07:30:00,1210.64,1210.64,1209.792,1209.984
2015-02-18 07:45:00,1209.966,1210.488,1208.7205000000001,1209.012
2015-02-18 08:00:00,1209.0285,1209.3915,1208.4515,1209.3875
2015-02-18 08:15:00,1209.377,1210.98,1209.2835,1210.095
2015-02-18 08:30:00,1210.1245000000001,1210.495,1209.795,1210.202
2015-02-18 08:45:00,1210.2015,1210.202,1209.049,1209.526
2015-02-18 09:00:00,1209.5510000000002,1210.3950000000002,1209.337,1209.3535
2015-02-18 09:15:00,1209.364,1210.7794999999999,1208.8274999999999,1210.7199999999998
2015-02-18 09:30:00,1210.7150000000001,1210.7904999999998,1208.605,1209.0915
2015-02-18 09:45:00,1209.0715,1209.3005,1207.793,1208.309
2015-02-18 10:00:00,1208.316,1209.112,1207.587,1207.9985000000001
2015-02-18 10:15:00,1207.9750000000001,1208.0114999999998,1207.0255,1207.0705
2015-02-18 10:30:00,1207.077,1207.2804999999998,1205.604,1206.1035
2015-02-18 10:45:00,1206.124,1206.396,1202.705,1204.4985000000001
2015-02-18 11:00:00,1204.4979999999998,1205.8335,1204.4979999999998,1205.795
2015-02-18 11:15:00,1205.7935,1206.2585,1205.2785,1205.3885
2015-02-18 11:30:00,1205.4155,1205.8745,1205.004,1205.4945
2015-02-18 11:45:00,1205.4935,1206.295,1204.9089999999999,1206.195
2015-02-18 12:00:00,1206.2,1207.2655000000002,1205.703,1205.705
2015-02-18 12:15:00,1205.7130000000002,1206.795,1205.3775,1206.495
2015-02-18 12:30:00,1206.4264999999998,1208.344,1205.9935,1207.8985
2015-02-18 12:45:00,1207.9515000000001,1208.085,1206.905,1207.0855
2015-02-18 13:00:00,1207.084,1207.171,1205.7259999999999,1205.8115
2015-02-18 13:15:00,1205.865,1206.8564999999999,1204.9134999999999,1205.5605
2015-02-18 13:30:00,1205.5655000000002,1208.12,1205.355,1207.5135
2015-02-18 13:45:00,1207.534,1209.29,1207.272,1207.941
2015-02-18 14:00:00,1207.907,1208.6055,1206.507,1207.5535
2015-02-18 14:15:00,1207.6039999999998,1208.7055,1207.3105,1208.1585
2015-02-18 14:30:00,1208.1025,1211.5245000000002,1207.863,1208.972
2015-02-18 14:45:00,1208.9715,1209.5794999999998,1207.368,1208.3155
2015-02-18 15:00:00,1208.2705,1208.7630000000001,1205.3080000000002,1207.4035000000001
2015-02-18 15:15:00,1207.383,1207.859,1206.2075,1207.4134999999999
2015-02-18 15:30:00,1207.408,1207.4825,1204.8570000000002,1206.3725
2015-02-18 15:45:00,1206.3655,1207.273,1206.1399999999999,1206.3405
2015-02-18 16:00:00,1206.349,1206.349,1199.91,1200.91
2015-02-18 16:15:00,1200.9105,1201.2115,1197.71,1198.299
2015-02-18 16:30:00,1198.3455,1200.6215000000002,1198.1770000000001,1199.113
2015-02-18 16:45:00,1199.071,1200.353,1198.4215,1200.0585
2015-02-18 17:00:00,1200.0395,1200.452,1198.7935,1200.2140000000002
2015-02-18 17:15:00,1200.2095000000002,1200.37,1199.2255,1199.3255000000001
2015-02-18 17:30:00,1199.358,1200.2685,1199.147,1200.0529999999999
2015-02-18 17:45:00,1200.0775,1200.97,1199.3985,1200.768
2015-02-18 18:00:00,1200.7735,1200.8035,1199.7910000000002,1200.4935
2015-02-18 18:15:00,1200.4865,1200.894,1200.1944999999998,1200.697
2015-02-18 18:30:00,1200.6885,1201.525,1200.6009999999999,1200.778
2015-02-18 18:45:00,1200.769,1201.52,1199.38,1199.7
2015-02-18 19:00:00,1199.72,1213.586,1199.72,1208.559
2015-02-18 19:15:00,1208.584,1213.4325000000001,1207.5595,1212.1705
2015-02-18 19:30:00,1212.1455,1212.3020000000001,1209.165,1209.3039999999999
2015-02-18 19:45:00,1209.2935,1210.08,1207.873,1208.0265000000002
2015-02-18 20:00:00,1208.0355000000002,1211.6895,1207.721,1210.7659999999998
2015-02-18 20:15:00,1210.7775,1211.9379999999999,1209.9229999999998,1211.1305
2015-02-18 20:30:00,1210.94,1212.4065,1210.79,1211.1895
2015-02-18 20:45:00,1211.186,1211.664,1210.6860000000001,1211.389
2015-02-18 21:00:00,1211.414,1211.614,1210.665,1211.5145
2015-02-18 21:15:00,1211.5140000000001,1211.7865,1211.143,1211.214
2015-02-18 21:30:00,1211.2404999999999,1212.514,1211.1660000000002,1212.435
2015-02-18 21:45:00,1212.454,1212.974,1212.1345,1212.417
2015-02-18 22:00:00,1212.398,1212.4455,1212.398,1212.428
2015-02-18 23:00:00,1212.815,1214.93,1212.3550000000002,1212.575
2015-02-18 23:15:00,1212.5,1212.645,1211.634,1211.9499999999998
2015-02-18 23:30:00,1211.9605,1214.2755000000002,1211.8,1213.673
2015-02-18 23:45:00,1213.6285,1214.3000000000002,1213.2505,1213.322
2015-02-19 01:00:00,1214.8,1216.0685,1214.7745,1215.949
2015-02-19 01:15:00,1215.9535,1216.076,1215.1435,1215.6
2015-02-19 01:30:00,1215.5995,1215.695,1214.83,1215.3835000000001
2015-02-19 01:45:00,1215.3839999999998,1216.0755,1215.3735000000001,1215.755
2015-02-19 02:00:00,1215.795,1217.768,1215.795,1217.3604999999998
2015-02-19 02:15:00,1217.38,1217.6015,1216.916,1216.9599999999998
2015-02-19 02:30:00,1216.9605000000001,1217.1245,1216.305,1216.758
2015-02-19 02:45:00,1216.763,1217.1645,1216.454,1216.7885
2015-02-19 03:00:00,1216.778,1217.26,1216.665,1216.9605000000001
2015-02-19 03:15:00,1216.9644999999998,1216.9644999999998,1215.9605,1216.155
2015-02-19 03:30:00,1216.1555,1216.1815000000001,1215.691,1215.8425000000002
2015-02-19 03:45:00,1215.8660000000002,1216.048,1215.498,1216.048
2015-02-19 04:00:00,1216.0384999999999,1216.346,1215.85,1215.8905
2015-02-19 04:15:00,1215.8940000000002,1216.6385,1215.647,1216.249
2015-02-19 04:30:00,1216.2385,1216.2385,1215.2250000000001,1215.57
2015-02-19 04:45:00,1215.563,1215.7869999999998,1215.2150000000001,1215.266
2015-02-19 05:00:00,1215.241,1215.4160000000002,1214.873,1214.974
2015-02-19 05:15:00,1214.978,1215.913,1214.978,1215.58
2015-02-19 05:30:00,1215.5255,1216.0035,1215.27,1215.98
2015-02-19 05:45:00,1215.9755,1216.9979999999998,1215.6290000000001,1216.7740000000001
2015-02-19 06:00:00,1216.777,1216.963,1216.1115,1216.5620000000001
2015-02-19 06:15:00,1216.536,1216.605,1215.9975,1216.108
2015-02-19 06:30:00,1216.101,1216.127,1215.4595,1215.7689999999998
2015-02-19 06:45:00,1215.757,1215.8085,1214.838,1214.952
2015-02-19 07:00:00,1214.925,1215.2465,1214.3935000000001,1214.6370000000002
2015-02-19 07:15:00,1214.626,1215.335,1214.4515000000001,1215.025
2015-02-19 07:30:00,1215.0400000000002,1215.5795,1214.696,1214.9305
2015-02-19 07:45:00,1214.986,1215.295,1214.5705,1214.703
2015-02-19 08:00:00,1214.6779999999999,1215.9789999999998,1213.8204999999998,1215.5729999999999
2015-02-19 08:15:00,1215.5875,1217.988,1215.386,1217.632
2015-02-19 08:30:00,1217.651,1217.9185,1215.7820000000002,1215.809
2015-02-19 08:45:00,1215.7959999999998,1216.2140000000002,1215.2335,1215.733
2015-02-19 09:00:00,1215.7644999999998,1216.2334999999998,1215.0430000000001,1215.932
2015-02-19 09:15:00,1215.907,1217.8355,1215.6335,1217.4805
2015-02-19 09:30:00,1217.492,1221.3000000000002,1216.939,1219.9845
2015-02-19 09:45:00,1219.964,1219.964,1217.963,1218.01
2015-02-19 10:00:00,1217.9895,1218.396,1217.6675,1217.8695
2015-02-19 10:15:00,1217.8585,1218.855,1217.7035,1218.4875000000002
2015-02-19 10:30:00,1218.4395,1219.5015,1217.685,1219.433
2015-02-19 10:45:00,1219.412,1219.4285,1218.132,1219.375
2015-02-19 11:00:00,1219.4105,1219.774,1216.6399999999999,1217.1979999999999
2015-02-19 11:15:00,1217.1985,1217.9175,1217.071,1217.7894999999999
2015-02-19 11:30:00,1217.792,1218.405,1217.7055,1218.0745
2015-02-19 11:45:00,1218.083,1218.4940000000001,1217.295,1218.2055
2015-02-19 12:00:00,1218.1954999999998,1220.416,1217.1805,1219.2789999999998
2015-02-19 12:15:00,1219.2795,1223.0875,1219.0235000000002,1221.9134999999999
2015-02-19 12:30:00,1221.8765,1222.239,1218.836,1219.246
2015-02-19 12:45:00,1219.24,1221.104,1218.952,1221.035
2015-02-19 13:00:00,1221.033,1221.2440000000001,1219.693,1219.991
2015-02-19 13:15:00,1219.9815,1220.4595,1215.826,1217.129
2015-02-19 13:30:00,1217.1295,1219.6960000000001,1214.929,1215.2340000000002
2015-02-19 13:45:00,1215.2335,1216.4015,1214.136,1214.8505
2015-02-19 14:00:00,1214.78,1215.4115000000002,1212.518,1214.1290000000001
2015-02-19 14:15:00,1214.1095,1214.77,1210.774,1211.7705
2015-02-19 14:30:00,1211.77,1213.5249999999999,1210.857,1210.946
2015-02-19 14:45:00,1210.9479999999999,1211.28,1208.8274999999999,1209.9015000000002
2015-02-19 15:00:00,1209.9,1212.035,1209.39,1211.966
2015-02-19 15:15:00,1211.9250000000002,1212.2385000000002,1209.824,1210.1834999999999
2015-02-19 15:30:00,1210.1879999999999,1211.1650000000002,1208.7949999999998,1210.5049999999999
2015-02-19 15:45:00,1210.555,1210.83,1207.8845,1208.7450000000001
2015-02-19 16:00:00,1208.721,1209.33,1207.3709999999999,1208.695
2015-02-19 16:15:00,1208.6955,1209.6139999999998,1207.948,1208.709
2015-02-19 16:30:00,1208.721,1213.6834999999999,1208.709,1211.8195
2015-02-19 16:45:00,1211.8145,1212.0535,1210.641,1210.96
2015-02-19 17:00:00,1211.003,1212.2630000000001,1210.4089999999999,1211.3985
2015-02-19 17:15:00,1211.373,1212.73,1210.1705,1210.3404999999998
2015-02-19 17:30:00,1210.348,1210.5105,1208.821,1209.3555000000001
2015-02-19 17:45:00,1209.349,1209.8410000000001,1207.8585,1207.8875
2015-02-19 18:00:00,1207.928,1209.725,1207.4405000000002,1207.6295
2015-02-19 18:15:00,1207.6385,1209.075,1206.6815,1207.92
2015-02-19 18:30:00,1207.9095,1209.039,1206.5615,1208.8290000000002
2015-02-19 18:45:00,1208.8419999999999,1209.435,1208.3445000000002,1209.2210000000002
2015-02-19 19:00:00,1209.1114999999998,1209.535,1208.548,1209.0255
2015-02-19 19:15:00,1209.02,1209.2044999999998,1208.29,1208.31
2015-02-19 19:30:00,1208.298,1208.4499999999998,1207.2005000000001,1207.7555
2015-02-19 19:45:00,1207.7559999999999,1208.2555,1207.151,1207.977
2015-02-19 20:00:00,1207.9685000000002,1208.3755,1207.4865,1208.0784999999998
2015-02-19 20:15:00,1208.0594999999998,1208.2295,1207.175,1207.4855
2015-02-19 20:30:00,1207.486,1207.541,1205.759,1206.1855
2015-02-19 20:45:00,1206.2,1207.708,1205.5265,1207.665
2015-02-19 21:00:00,1207.6485,1207.738,1207.1705,1207.4379999999999
2015-02-19 21:15:00,1207.42,1207.709,1207.369,1207.643
2015-02-19 21:30:00,1207.625,1207.717,1206.6915,1207.466
2015-02-19 21:45:00,1207.4775,1207.545,1206.747,1206.747
2015-02-19 22:00:00,1206.7259999999999,1206.7259999999999,1206.7259999999999,1206.7259999999999
2015-02-19 23:00:00,1207.8405,1208.7250000000001,1207.3,1208.462
2015-02-19 23:15:00,1208.4499999999998,1209.02,1207.8745,1208.325
2015-02-19 23:30:00,1208.22,1208.7714999999998,1207.875,1208.606
2015-02-19 23:45:00,1208.6065,1209.291,1208.5055,1209.056
2015-02-20 01:00:00,1209.1644999999999,1209.807,1209.0655,1209.391
2015-02-20 01:15:00,1209.392,1209.838,1209.0,1209.1000000000001
2015-02-20 01:30:00,1209.089,1209.79,1208.845,1209.5649999999998
2015-02-20 01:45:00,1209.5735000000002,1209.83,1209.31,1209.5600000000002
2015-02-20 02:00:00,1209.5800000000002,1209.744,1209.3319999999999,1209.4660000000001
2015-02-20 02:15:00,1209.454,1209.467,1208.501,1208.589
2015-02-20 02:30:00,1208.5735,1208.729,1207.1819999999998,1207.35
2015-02-20 02:45:00,1207.3509999999999,1207.4265,1206.4714999999999,1207.0515
2015-02-20 03:00:00,1207.029,1207.144,1206.656,1206.656
2015-02-20 03:15:00,1206.684,1206.731,1206.0610000000001,1206.1499999999999
2015-02-20 03:30:00,1206.138,1206.405,1206.039,1206.4029999999998
2015-02-20 03:45:00,1206.391,1206.4589999999998,1206.1525,1206.31
2015-02-20 04:00:00,1206.2905,1207.02,1206.195,1207.02
2015-02-20 04:15:00,1207.003,1207.105,1206.559,1206.8069999999998
2015-02-20 04:30:00,1206.795,1207.7725,1206.75,1207.711
2015-02-20 04:45:00,1207.7169999999999,1207.7785000000001,1207.466,1207.6109999999999
2015-02-20 05:00:00,1207.589,1207.8129999999999,1207.416,1207.725
2015-02-20 05:15:00,1207.752,1208.352,1207.752,1208.0874999999999
2015-02-20 05:30:00,1208.099,1208.3085,1207.843,1208.066
2015-02-20 05:45:00,1208.078,1208.2830000000001,1207.864,1208.0449999999998
2015-02-20 06:00:00,1208.0694999999998,1209.1125,1208.0539999999999,1209.1075
2015-02-20 06:15:00,1209.1200000000001,1209.1200000000001,1208.5135,1208.69
2015-02-20 06:30:00,1208.6870000000001,1209.293,1208.334,1208.4230000000002
2015-02-20 06:45:00,1208.417,1209.2185,1208.3480000000002,1208.666
2015-02-20 07:00:00,1208.671,1209.0405,1208.1605,1209.035
2015-02-20 07:15:00,1209.045,1209.045,1207.4225000000001,1207.871
2015-02-20 07:30:00,1207.9180000000001,1207.9709999999998,1207.0674999999999,1207.423
2015-02-20 07:45:00,1207.3765,1208.701,1207.21,1208.0919999999999
2015-02-20 08:00:00,1208.081,1208.9095,1207.953,1208.0580000000002
2015-02-20 08:15:00,1208.043,1208.2575,1206.292,1207.087
2015-02-20 08:30:00,1207.1100000000001,1207.463,1206.5865000000001,1207.3615
2015-02-20 08:45:00,1207.3715,1207.9535,1206.8809999999999,1207.343
2015-02-20 09:00:00,1207.3255,1207.345,1202.5774999999999,1203.075
2015-02-20 09:15:00,1203.0825,1203.8285,1201.6495,1202.0015
2015-02-20 09:30:00,1201.9965,1203.095,1201.883,1202.9185
2015-02-20 09:45:00,1202.9260000000002,1205.1345000000001,1202.665,1204.615
2015-02-20 10:00:00,1204.615,1204.913,1203.7665,1203.7665
2015-02-20 10:15:00,1203.774,1205.0925,1203.665,1204.3765
2015-02-20 10:30:00,1204.3565,1204.4824999999998,1203.5935,1203.5935
2015-02-20 10:45:00,1203.602,1204.0749999999998,1203.289,1203.9845
2015-02-20 11:00:00,1203.979,1204.674,1203.8715,1204.5049999999999
2015-02-20 11:15:00,1204.5095,1204.6225,1203.0249999999999,1203.1855
2015-02-20 11:30:00,1203.193,1203.479,1202.5610000000001,1202.9765
2015-02-20 11:45:00,1202.965,1204.0405,1202.8649999999998,1204.016
2015-02-20 12:00:00,1204.0405,1207.1680000000001,1203.0685,1207.0145
2015-02-20 12:15:00,1206.9795,1213.4345,1206.8220000000001,1210.7669999999998
2015-02-20 12:30:00,1210.8049999999998,1214.155,1209.1159999999998,1211.1685000000002
2015-02-20 12:45:00,1211.1435000000001,1215.0974999999999,1210.7234999999998,1214.068
2015-02-20 13:00:00,1214.0585,1215.0835000000002,1212.2065,1213.249
2015-02-20 13:15:00,1213.1595,1214.0835,1211.6785,1212.79
2015-02-20 13:30:00,1212.7849999999999,1213.66,1211.5365000000002,1212.226
2015-02-20 13:45:00,1212.22,1215.552,1211.5185000000001,1211.7655
2015-02-20 14:00:00,1211.8085,1212.0965,1208.165,1208.61
2015-02-20 14:15:00,1208.5765000000001,1209.765,1208.473,1209.4115
2015-02-20 14:30:00,1209.3785,1212.82,1209.3215,1211.8890000000001
2015-02-20 14:45:00,1211.8995,1212.1280000000002,1209.9650000000001,1210.223
2015-02-20 15:00:00,1210.2235,1210.4234999999999,1205.9545,1207.0645
2015-02-20 15:15:00,1207.064,1208.958,1205.9645,1208.2535
2015-02-20 15:30:00,1208.21,1208.4199999999998,1205.6930000000002,1207.5849999999998
2015-02-20 15:45:00,1207.544,1207.634,1204.7415,1206.8335000000002
2015-02-20 16:00:00,1206.8349999999998,1207.0384999999999,1205.4695000000002,1206.8035
2015-02-20 16:15:00,1206.7835,1207.675,1205.6419999999998,1207.1549999999997
2015-02-20 16:30:00,1207.1115,1208.165,1206.962,1207.7649999999999
2015-02-20 16:45:00,1207.776,1207.829,1206.6355,1207.565
2015-02-20 17:00:00,1207.5715,1208.7350000000001,1206.785,1208.475
2015-02-20 17:15:00,1208.4250000000002,1208.736,1207.4275,1208.431
2015-02-20 17:30:00,1208.4250000000002,1208.925,1205.9255,1207.465
2015-02-20 17:45:00,1207.45,1207.7435,1205.6055000000001,1206.898
2015-02-20 18:00:00,1206.9234999999999,1208.0085000000001,1206.1565,1206.5525
2015-02-20 18:15:00,1206.578,1206.656,1204.8665,1204.9610000000002
2015-02-20 18:30:00,1204.995,1205.528,1201.3854999999999,1201.4859999999999
2015-02-20 18:45:00,1201.495,1201.7209999999998,1200.0415,1200.83
2015-02-20 19:00:00,1200.7705,1201.3795,1199.4855,1200.4195
2015-02-20 19:15:00,1200.419,1200.9789999999998,1198.644,1199.6225
2015-02-20 19:30:00,1199.5925,1200.0845,1198.346,1199.8775
2015-02-20 19:45:00,1199.8854999999999,1200.0819999999999,1198.6035000000002,1200.0220000000002
2015-02-20 20:00:00,1199.9965,1200.5905,1199.1645,1200.1090000000002
2015-02-20 20:15:00,1200.1015,1200.9565,1199.4975,1200.9565
2015-02-20 20:30:00,1200.9865000000002,1202.176,1200.46,1201.3335
2015-02-20 20:45:00,1201.3639999999998,1202.449,1200.9889999999998,1201.0349999999999
2015-02-20 21:00:00,1201.0100000000002,1201.9095,1200.545,1200.675
2015-02-20 21:15:00,1200.6444999999999,1203.014,1200.6245,1202.1834999999999
2015-02-20 21:30:00,1202.1840000000002,1202.984,1201.855,1202.239
2015-02-20 21:45:00,1202.1650000000002,1202.8839999999998,1201.864,1201.8899999999999
2015-02-22 23:00:00,1203.6100000000001,1203.781,1201.474,1201.9125
2015-02-22 23:15:00,1201.916,1202.5235,1200.9904999999999,1202.102
2015-02-22 23:30:00,1202.103,1203.039,1202.103,1202.643
2015-02-22 23:45:00,1202.659,1203.1695,1202.3339999999998,1202.469
2015-02-23 01:00:00,1203.3674999999998,1203.408,1201.7289999999998,1201.7510000000002
2015-02-23 01:15:00,1201.7379999999998,1201.863,1201.118,1201.6665
2015-02-23 01:30:00,1201.66,1203.3854999999999,1201.5430000000001,1202.74
2015-02-23 01:45:00,1202.7085,1203.151,1201.99,1202.649
2015-02-23 02:00:00,1202.6855,1203.2165,1202.0835,1202.3619999999999
2015-02-23 02:15:00,1202.3525,1203.021,1201.945,1202.789
2015-02-23 02:30:00,1202.778,1203.0629999999999,1202.448,1202.815
2015-02-23 02:45:00,1202.803,1202.966,1202.359,1202.672
2015-02-23 03:00:00,1202.6895,1202.6895,1202.1485,1202.5169999999998
2015-02-23 03:15:00,1202.486,1203.0774999999999,1202.393,1203.017
2015-02-23 03:30:00,1202.992,1203.6639999999998,1202.925,1203.6390000000001
2015-02-23 03:45:00,1203.6259999999997,1203.7199999999998,1202.842,1203.03
2015-02-23 04:00:00,1203.0405,1203.3915,1202.9379999999999,1203.391
2015-02-23 04:15:00,1203.3915,1203.598,1203.345,1203.4995000000001
2015-02-23 04:30:00,1203.513,1204.1895,1203.462,1204.1815
2015-02-23 04:45:00,1204.1720000000003,1204.8960000000002,1204.0945000000002,1204.737
2015-02-23 05:00:00,1204.733,1204.9189999999999,1204.0825,1204.8459999999998
2015-02-23 05:15:00,1204.842,1204.9299999999998,1203.806,1204.0475000000001
2015-02-23 05:30:00,1204.065,1204.083,1203.4855,1203.5130000000001
2015-02-23 05:45:00,1203.508,1203.811,1203.478,1203.4855
2015-02-23 06:00:00,1203.492,1203.616,1202.9859999999999,1203.4125
2015-02-23 06:15:00,1203.4185,1203.6775,1202.974,1203.3785
2015-02-23 06:30:00,1203.3315,1203.9885,1202.9015000000002,1203.93
2015-02-23 06:45:00,1203.878,1204.036,1202.891,1202.99
2015-02-23 07:00:00,1202.982,1203.712,1202.8425,1203.288
2015-02-23 07:15:00,1203.2805,1203.3995,1202.674,1203.1325000000002
2015-02-23 07:30:00,1203.1119999999999,1203.2855,1202.5155,1202.6734999999999
2015-02-23 07:45:00,1202.648,1203.2425,1201.9655,1201.9905
2015-02-23 08:00:00,1201.9650000000001,1202.005,1200.1950000000002,1200.771
2015-02-23 08:15:00,1200.765,1201.647,1198.166,1198.6049999999998
2015-02-23 08:30:00,1198.592,1198.91,1197.708,1198.406
2015-02-23 08:45:00,1198.362,1198.5355,1190.8639999999998,1193.2400000000002
2015-02-23 09:00:00,1193.22,1194.508,1191.337,1192.4399999999998
2015-02-23 09:15:00,1192.5,1194.2150000000001,1192.2,1193.455
2015-02-23 09:30:00,1193.4105,1193.905,1192.955,1193.305
2015-02-23 09:45:00,1193.2649999999999,1193.6150000000002,1191.8645,1192.615
2015-02-23 10:00:00,1192.565,1193.1750000000002,1192.215,1192.675
2015-02-23 10:15:00,1192.6855,1193.6150000000002,1192.682,1193.455
2015-02-23 10:30:00,1193.3944999999999,1193.9444999999998,1193.215,1193.4850000000001
2015-02-23 10:45:00,1193.608,1193.8995,1193.1349999999998,1193.315
2015-02-23 11:00:00,1193.2649999999999,1193.4650000000001,1192.864,1192.945
2015-02-23 11:15:00,1192.994,1193.2655,1192.7649999999999,1193.197
2015-02-23 11:30:00,1193.2395,1193.9685000000002,1193.1850000000002,1193.5970000000002
2015-02-23 11:45:00,1193.586,1195.8649999999998,1193.4944999999998,1194.3249999999998
2015-02-23 12:00:00,1194.365,1196.6145000000001,1194.365,1195.815
2015-02-23 12:15:00,1195.765,1195.7865,1194.525,1195.7865
2015-02-23 12:30:00,1195.755,1196.7555,1194.935,1195.645
2015-02-23 12:45:00,1195.6735,1197.965,1195.345,1196.715
2015-02-23 13:00:00,1196.7755,1198.3395,1196.465,1196.82
2015-02-23 13:15:00,1196.86,1202.75,1196.455,1201.4805
2015-02-23 13:30:00,1201.637,1203.1485,1200.4750000000001,1201.12
2015-02-23 13:45:00,1201.16,1202.0545,1199.53,1199.87
2015-02-23 14:00:00,1199.8200000000002,1200.3565,1197.636,1198.825
2015-02-23 14:15:00,1198.82,1199.8415,1197.9165,1199.149
2015-02-23 14:30:00,1199.0974999999999,1201.6235,1198.915,1200.82
2015-02-23 14:45:00,1200.846,1207.8795,1200.8335,1204.6255
2015-02-23 15:00:00,1204.6005,1207.6979999999999,1204.2555,1205.9650000000001
2015-02-23 15:15:00,1206.025,1209.2040000000002,1205.575,1208.949
2015-02-23 15:30:00,1208.9495,1210.4399999999998,1205.3145,1205.715
2015-02-23 15:45:00,1205.7649999999999,1205.7649999999999,1203.7185000000002,1204.6
2015-02-23 16:00:00,1204.5795,1205.119,1201.15,1201.565
2015-02-23 16:15:00,1201.605,1202.1190000000001,1201.0439999999999,1201.555
2015-02-23 16:30:00,1201.6095,1201.929,1200.88,1201.8335
2015-02-23 16:45:00,1201.838,1202.1535,1201.077,1201.605
2015-02-23 17:00:00,1201.655,1201.6884999999997,1198.721,1199.264
2015-02-23 17:15:00,1199.2645,1200.7635,1198.8645,1200.705
2015-02-23 17:30:00,1200.748,1201.555,1199.747,1199.755
2015-02-23 17:45:00,1199.747,1200.1515000000002,1198.6550000000002,1200.105
2015-02-23 18:00:00,1200.055,1200.6544999999999,1199.4595,1200.2050000000002
2015-02-23 18:15:00,1200.155,1201.459,1199.155,1201.0995
2015-02-23 18:30:00,1201.0995,1203.3135,1200.999,1202.2815
2015-02-23 18:45:00,1202.27,1202.4185,1200.9589999999998,1201.0549999999998
2015-02-23 19:00:00,1201.105,1201.9945,1200.655,1201.5285000000001
2015-02-23 19:15:00,1201.5085,1202.605,1201.4285,1201.7050000000002
2015-02-23 19:30:00,1201.603,1202.5095000000001,1201.0165000000002,1202.3135
2015-02-23 19:45:00,1202.305,1202.607,1201.324,1201.415
2015-02-23 20:00:00,1201.4535,1202.4085,1201.0390000000002,1201.9445
2015-02-23 20:15:00,1201.939,1202.3045,1201.6395,1202.224
2015-02-23 20:30:00,1202.2245,1202.5079999999998,1202.001,1202.1989999999998
2015-02-23 20:45:00,1202.1294999999998,1202.5375000000001,1201.6985,1202.344
2015-02-23 21:00:00,1202.365,1202.5600000000002,1202.013,1202.283
2015-02-23 21:15:00,1202.292,1202.477,1201.281,1201.281
2015-02-23 21:30:00,1201.3600000000001,1201.6995,1201.3600000000001,1201.612
2015-02-23 21:45:00,1201.6015,1201.9769999999999,1201.3,1201.7869999999998
2015-02-23 22:00:00,1201.76,1201.76,1201.732,1201.732
2015-02-23 23:00:00,1202.225,1203.143,1202.1699999999998,1203.003
2015-02-23 23:15:00,1202.9769999999999,1203.2640000000001,1202.79,1203.169
2015-02-23 23:30:00,1203.194,1203.5805,1203.1445,1203.425
2015-02-23 23:45:00,1203.4215,1203.445,1202.988,1203.2475
2015-02-24 01:00:00,1204.4675000000002,1204.644,1203.9275,1204.039
2015-02-24 01:15:00,1204.0125,1204.1335,1203.3560000000002,1203.849
2015-02-24 01:30:00,1203.8335,1204.0984999999998,1203.1205,1203.5025
2015-02-24 01:45:00,1203.5,1203.5,1202.9405000000002,1203.022
2015-02-24 02:00:00,1203.0445,1204.0765000000001,1203.021,1203.8395
2015-02-24 02:15:00,1203.8455,1203.852,1203.019,1203.1315
2015-02-24 02:30:00,1203.1164999999999,1203.2385000000002,1201.8519999999999,1202.0665000000001
2015-02-24 02:45:00,1202.067,1202.0765000000001,1201.5155,1201.971
2015-02-24 03:00:00,1201.975,1202.235,1201.91,1201.942
2015-02-24 03:15:00,1201.954,1202.0675,1201.6490000000001,1201.9180000000001
2015-02-24 03:30:00,1201.917,1201.942,1201.6955,1201.717
2015-02-24 03:45:00,1201.719,1202.219,1201.7005,1202.0885
2015-02-24 04:00:00,1202.1000000000001,1202.5680000000002,1202.064,1202.5580000000002
2015-02-24 04:15:00,1202.5335,1203.072,1202.357,1203.072
2015-02-24 04:30:00,1203.052,1203.529,1202.853,1203.434
2015-02-24 04:45:00,1203.447,1203.6470000000002,1203.3259999999998,1203.355
2015-02-24 05:00:00,1203.3675,1203.553,1202.8335,1203.4935
2015-02-24 05:15:00,1203.504,1203.618,1203.0495,1203.059
2015-02-24 05:30:00,1203.051,1203.123,1201.4334999999999,1201.4410000000003
2015-02-24 05:45:00,1201.439,1201.7859999999998,1200.91,1201.1795
2015-02-24 06:00:00,1201.201,1201.7759999999998,1200.9885000000002,1201.051
2015-02-24 06:15:00,1201.075,1201.108,1200.5510000000002,1201.0020000000002
2015-02-24 06:30:00,1200.9730000000002,1201.4099999999999,1199.437,1199.516
2015-02-24 06:45:00,1199.501,1199.662,1198.391,1199.5819999999999
2015-02-24 07:00:00,1199.561,1200.452,1198.1964999999998,1199.9525
2015-02-24 07:15:00,1199.9785,1200.9695000000002,1199.8735,1200.458
2015-02-24 07:30:00,1200.434,1200.4650000000001,1199.559,1200.3035
2015-02-24 07:45:00,1200.316,1200.316,1199.0285,1199.7810000000002
2015-02-24 08:00:00,1199.7615,1199.8909999999998,1197.8954999999999,1198.0065
2015-02-24 08:15:00,1198.0165,1198.894,1198.0165,1198.546
2015-02-24 08:30:00,1198.5465,1198.5835,1198.084,1198.2949999999998
2015-02-24 08:45:00,1198.1864999999998,1198.915,1197.3565,1198.2044999999998
2015-02-24 09:00:00,1198.199,1198.199,1196.0865,1196.2150000000001
2015-02-24 09:15:00,1196.1715,1196.2949999999998,1194.6715000000002,1195.3145
2015-02-24 09:30:00,1195.3184999999999,1195.8835000000001,1194.763,1195.5375
2015-02-24 09:45:00,1195.5279999999998,1195.7425,1194.965,1195.1435
2015-02-24 10:00:00,1195.0949999999998,1197.4029999999998,1194.8695,1197.355
2015-02-24 10:15:00,1197.324,1197.393,1195.7740000000001,1195.823
2015-02-24 10:30:00,1195.8220000000001,1196.3944999999999,1195.519,1196.141
2015-02-24 10:45:00,1196.0955,1198.765,1195.9465,1198.3174999999999
2015-02-24 11:00:00,1198.2925,1198.6049999999998,1197.2865000000002,1198.5585
2015-02-24 11:15:00,1198.5785,1200.002,1198.568,1199.7585000000001
2015-02-24 11:30:00,1199.7579999999998,1199.9085,1198.944,1199.0549999999998
2015-02-24 11:45:00,1199.0475,1199.105,1198.1594999999998,1198.4145
2015-02-24 12:00:00,1198.4035000000001,1199.555,1198.3025,1198.6464999999998
2015-02-24 12:15:00,1198.6509999999998,1199.5055,1198.6460000000002,1199.3845000000001
2015-02-24 12:30:00,1199.3894999999998,1200.705,1199.0815,1200.655
2015-02-24 12:45:00,1200.6655,1201.86,1200.0735,1201.0615
2015-02-24 13:00:00,1201.0665,1201.2930000000001,1198.959,1199.555
2015-02-24 13:15:00,1199.5149999999999,1200.6885,1198.865,1200.5430000000001
2015-02-24 13:30:00,1200.502,1200.9585000000002,1197.656,1197.837
2015-02-24 13:45:00,1197.8114999999998,1198.602,1197.0565000000001,1197.524
2015-02-24 14:00:00,1197.5185,1198.2735,1195.7015000000001,1196.9550000000002
2015-02-24 14:15:00,1196.9665,1197.8235000000002,1196.7725,1197.8235000000002
2015-02-24 14:30:00,1197.851,1198.685,1196.858,1196.9515000000001
2015-02-24 14:45:00,1196.954,1197.2755,1195.8535000000002,1195.8535000000002
2015-02-24 15:00:00,1195.848,1198.421,1190.58,1197.98
2015-02-24 15:15:00,1197.97,1202.6164999999999,1197.1855,1200.6039999999998
2015-02-24 15:30:00,1200.5994999999998,1202.387,1199.4695,1200.08
2015-02-24 15:45:00,1200.0965,1203.2464999999997,1198.923,1199.6365
2015-02-24 16:00:00,1199.6770000000001,1200.5500000000002,1197.6205,1198.0305
2015-02-24 16:15:00,1198.045,1199.8135000000002,1193.8965,1194.632
2015-02-24 16:30:00,1194.611,1195.4645,1192.156,1194.513
2015-02-24 16:45:00,1194.5085,1195.2545,1193.0565000000001,1193.2155
2015-02-24 17:00:00,1193.191,1194.94,1191.9814999999999,1194.8355
2015-02-24 17:15:00,1194.8015,1196.596,1194.2075,1196.596
2015-02-24 17:30:00,1196.595,1197.4904999999999,1195.5945,1196.424
2015-02-24 17:45:00,1196.418,1198.3174999999999,1196.065,1196.565
2015-02-24 18:00:00,1196.5910000000001,1197.9985,1196.405,1197.1699999999998
2015-02-24 18:15:00,1197.22,1198.059,1196.1875,1197.6055
2015-02-24 18:30:00,1197.599,1199.9315,1197.599,1198.4745
2015-02-24 18:45:00,1198.5085,1199.1,1198.034,1198.708
2015-02-24 19:00:00,1198.7234999999998,1200.2649999999999,1198.503,1200.16
2015-02-24 19:15:00,1200.155,1201.0935,1199.6119999999999,1200.9470000000001
2015-02-24 19:30:00,1200.952,1201.099,1199.8039999999999,1200.2085000000002
2015-02-24 19:45:00,1200.2355,1200.405,1199.709,1200.061
2015-02-24 20:00:00,1200.0605,1200.7715,1200.0605,1200.5755000000001
2015-02-24 20:15:00,1200.576,1201.198,1200.27,1200.6195
2015-02-24 20:30:00,1200.619,1201.1065,1200.47,1200.6085
2015-02-24 20:45:00,1200.5710000000001,1200.9889999999998,1200.1385,1200.333
2015-02-24 21:00:00,1200.344,1200.3700000000001,1200.104,1200.288
2015-02-24 21:15:00,1200.2995,1200.3335,1199.892,1200.225
2015-02-24 21:30:00,1200.164,1200.1885000000002,1199.604,1199.9145
2015-02-24 21:45:00,1199.934,1200.545,1199.8585,1200.425
2015-02-24 22:00:00,1200.3410000000001,1200.3410000000001,1200.331,1200.331
2015-02-24 23:00:00,1201.25,1201.8654999999999,1201.194,1201.8325
2015-02-24 23:15:00,1201.8225000000002,1202.5839999999998,1201.759,1202.4585
2015-02-24 23:30:00,1202.459,1203.2740000000001,1202.4585,1203.2740000000001
2015-02-24 23:45:00,1203.284,1205.1555,1203.284,1205.014
2015-02-25 01:00:00,1208.215,1209.4840000000002,1208.215,1209.0810000000001
2015-02-25 01:15:00,1209.093,1209.4755,1208.2425,1208.3665
2015-02-25 01:30:00,1208.3719999999998,1209.1095,1208.1164999999999,1209.06
2015-02-25 01:45:00,1209.085,1210.3595,1209.085,1210.123
2015-02-25 02:00:00,1210.1425,1210.242,1209.1825,1209.6170000000002
2015-02-25 02:15:00,1209.6335,1209.8555000000001,1209.2130000000002,1209.39
2015-02-25 02:30:00,1209.4055,1209.9229999999998,1208.8944999999999,1209.823
2015-02-25 02:45:00,1209.8465,1210.058,1209.554,1209.712
2015-02-25 03:00:00,1209.7465,1209.9650000000001,1209.313,1209.469
2015-02-25 03:15:00,1209.4550000000002,1209.9975,1209.2655,1209.7355
2015-02-25 03:30:00,1209.78,1209.8235,1209.3705,1209.814
2015-02-25 03:45:00,1209.804,1209.8425,1209.501,1209.6315
2015-02-25 04:00:00,1209.6275,1210.081,1209.4215,1209.9665
2015-02-25 04:15:00,1209.9164999999998,1209.9164999999998,1208.8595,1208.925
2015-02-25 04:30:00,1208.9589999999998,1208.9645,1207.9435,1208.2605
2015-02-25 04:45:00,1208.261,1208.356,1207.7745,1207.831
2015-02-25 05:00:00,1207.835,1208.4209999999998,1207.8319999999999,1208.1345000000001
2015-02-25 05:15:00,1208.1395,1208.585,1208.0684999999999,1208.585
2015-02-25 05:30:00,1208.53,1210.039,1208.4985,1209.534
2015-02-25 05:45:00,1209.554,1209.9644999999998,1209.451,1209.665
2015-02-25 06:00:00,1209.655,1211.1805,1209.6350000000002,1210.3754999999999
2015-02-25 06:15:00,1210.3695,1211.8659999999998,1210.088,1211.172
2015-02-25 06:30:00,1211.173,1211.7160000000001,1211.158,1211.5665
2015-02-25 06:45:00,1211.562,1211.922,1210.821,1211.201
2015-02-25 07:00:00,1211.195,1211.807,1209.985,1210.5349999999999
2015-02-25 07:15:00,1210.529,1211.1785000000002,1209.78,1210.7195000000002
2015-02-25 07:30:00,1210.7579999999998,1210.9715,1209.1689999999999,1209.2749999999999
2015-02-25 07:45:00,1209.2765,1210.2125,1208.9415000000001,1209.6299999999999
2015-02-25 08:00:00,1209.636,1209.6734999999999,1208.7830000000001,1209.365
2015-02-25 08:15:00,1209.3955,1209.655,1208.1685,1208.6735
2015-02-25 08:30:00,1208.6815000000001,1209.9450000000002,1208.355,1208.5985
2015-02-25 08:45:00,1208.5874999999999,1209.5829999999999,1208.5325,1209.0910000000001
2015-02-25 09:00:00,1209.095,1209.145,1208.0819999999999,1208.9125
2015-02-25 09:15:00,1208.935,1209.1239999999998,1208.335,1208.8385
2015-02-25 09:30:00,1208.843,1209.004,1207.945,1208.005
2015-02-25 09:45:00,1208.0024999999998,1208.58,1207.9370000000001,1208.2224999999999
2015-02-25 10:00:00,1208.2075,1208.3490000000002,1207.473,1207.6335
2015-02-25 10:15:00,1207.654,1207.674,1206.7934999999998,1206.9279999999999
2015-02-25 10:30:00,1206.923,1207.8055,1206.5895,1207.5425
2015-02-25 10:45:00,1207.5485,1207.7635,1206.8574999999998,1207.0169999999998
2015-02-25 11:00:00,1207.015,1209.321,1206.8715000000002,1209.077
2015-02-25 11:15:00,1209.0715,1209.6605,1208.8525,1209.216
2015-02-25 11:30:00,1209.2220000000002,1209.2220000000002,1207.9850000000001,1208.2735
2015-02-25 11:45:00,1208.304,1209.385,1208.304,1208.875
2015-02-25 12:00:00,1208.875,1210.2685000000001,1208.549,1208.907
2015-02-25 12:15:00,1208.889,1209.406,1208.238,1208.7534999999998
2015-02-25 12:30:00,1208.7834999999998,1209.1930000000002,1206.8670000000002,1207.795
2015-02-25 12:45:00,1207.76,1207.9450000000002,1207.1555,1207.7955
2015-02-25 13:00:00,1207.805,1211.2175,1207.5904999999998,1211.1675000000002
2015-02-25 13:15:00,1211.18,1211.187,1208.605,1209.155
2015-02-25 13:30:00,1209.1349999999998,1209.155,1206.945,1207.3145
2015-02-25 13:45:00,1207.307,1207.6745,1205.772,1207.0
2015-02-25 14:00:00,1206.9995000000001,1207.329,1204.729,1205.6075
2015-02-25 14:15:00,1205.612,1207.1515,1205.335,1206.4164999999998
2015-02-25 14:30:00,1206.391,1207.045,1204.5104999999999,1206.1050000000002
2015-02-25 14:45:00,1206.0935,1206.2485,1204.5795,1205.364
2015-02-25 15:00:00,1205.3705,1206.0970000000002,1204.352,1205.806
2015-02-25 15:15:00,1205.801,1206.989,1205.15,1206.1955
2015-02-25 15:30:00,1206.1935,1206.8525000000002,1203.6349999999998,1204.725
2015-02-25 15:45:00,1204.69,1204.8310000000001,1203.1575,1204.1225000000002
2015-02-25 16:00:00,1204.1125000000002,1205.4165,1203.445,1204.965
2015-02-25 16:15:00,1205.002,1205.8505,1204.1509999999998,1205.0815
2015-02-25 16:30:00,1205.1025,1205.576,1204.9060000000002,1205.201
2015-02-25 16:45:00,1205.2109999999998,1205.8025,1203.6115,1203.6415
2015-02-25 17:00:00,1203.6355,1204.355,1203.335,1203.536
2015-02-25 17:15:00,1203.5115,1204.5445,1203.248,1203.83
2015-02-25 17:30:00,1203.825,1204.2165,1203.5819999999999,1203.6315
2015-02-25 17:45:00,1203.6065,1204.326,1202.9265,1203.435
2015-02-25 18:00:00,1203.4,1203.526,1201.55,1201.9434999999999
2015-02-25 18:15:00,1201.9685,1202.64,1201.2155,1202.0245
2015-02-25 18:30:00,1202.0355,1203.1264999999999,1201.6305,1203.0415
2015-02-25 18:45:00,1203.0265,1204.4550000000002,1202.2105,1203.887
2015-02-25 19:00:00,1203.876,1204.561,1203.4015,1203.748
2015-02-25 19:15:00,1203.8029999999999,1204.1535,1203.5535,1203.8
2015-02-25 19:30:00,1203.7575,1204.425,1203.5155,1203.5555
2015-02-25 19:45:00,1203.556,1203.8425,1203.0265,1203.5915
2015-02-25 20:00:00,1203.622,1205.0165,1203.591,1204.62
2015-02-25 20:15:00,1204.6095,1205.2440000000001,1204.5165000000002,1204.8970000000002
2015-02-25 20:30:00,1204.8999999999999,1205.0615,1204.457,1205.0615
2015-02-25 20:45:00,1205.0565000000001,1205.3705,1204.557,1204.6960000000001
2015-02-25 21:00:00,1204.7115,1204.795,1204.31,1204.4560000000001
2015-02-25 21:15:00,1204.481,1204.6725000000001,1204.365,1204.666
2015-02-25 21:30:00,1204.6725000000001,1205.2800000000002,1204.6485,1204.9285000000002
2015-02-25 21:45:00,1204.94,1205.04,1204.637,1204.965
2015-02-25 22:00:00,1204.9759999999999,1204.9759999999999,1204.8960000000002,1204.96
2015-02-25 23:00:00,1204.4599999999998,1206.325,1204.31,1205.5915
2015-02-25 23:15:00,1205.567,1205.6605,1205.1535,1205.1895
2015-02-25 23:30:00,1205.179,1205.2150000000001,1204.748,1205.142
2015-02-25 23:45:00,1205.137,1205.859,1205.0155,1205.7220000000002
2015-02-26 01:00:00,1204.167,1205.525,1203.6865,1205.5015
2015-02-26 01:15:00,1205.511,1206.08,1205.1505,1205.2845
2015-02-26 01:30:00,1205.28,1206.2845,1205.003,1206.2845
2015-02-26 01:45:00,1206.2765,1207.5775,1206.2465,1207.1425
2015-02-26 02:00:00,1207.133,1207.8525,1206.9015,1207.51
2015-02-26 02:15:00,1207.4795,1208.4029999999998,1207.2875,1208.247
2015-02-26 02:30:00,1208.2615,1208.2615,1207.6685000000002,1207.976
2015-02-26 02:45:00,1207.9445,1209.6845,1207.928,1209.421
2015-02-26 03:00:00,1209.457,1209.6535,1208.869,1209.2395
2015-02-26 03:15:00,1209.2275,1209.4470000000001,1208.753,1209.3155
2015-02-26 03:30:00,1209.3205,1209.445,1208.864,1208.989
2015-02-26 03:45:00,1208.974,1209.3105,1208.8550000000002,1209.3055
2015-02-26 04:00:00,1209.319,1209.762,1209.2210000000002,1209.3935
2015-02-26 04:15:00,1209.3875,1209.3875,1208.9115,1209.017
2015-02-26 04:30:00,1209.002,1209.017,1208.4095000000002,1208.494
2015-02-26 04:45:00,1208.4935,1209.3135,1208.3954999999999,1209.206
2015-02-26 05:00:00,1209.206,1209.261,1208.9165,1209.0720000000001
2015-02-26 05:15:00,1209.0535,1209.329,1208.8165,1209.263
2015-02-26 05:30:00,1209.2569999999998,1210.142,1209.2569999999998,1209.9295000000002
2015-02-26 05:45:00,1209.9354999999998,1210.491,1209.6544999999999,1210.3864999999998
2015-02-26 06:00:00,1210.327,1210.972,1210.2325,1210.7365
2015-02-26 06:15:00,1210.7359999999999,1213.2585000000001,1210.7359999999999,1212.3509999999999
2015-02-26 06:30:00,1212.3575,1212.449,1211.5415,1212.032
2015-02-26 06:45:00,1212.058,1212.138,1211.1570000000002,1211.385
2015-02-26 07:00:00,1211.372,1211.687,1210.3275,1210.52
2015-02-26 07:15:00,1210.525,1211.3465,1209.75,1211.3465
2015-02-26 07:30:00,1211.3120000000001,1211.746,1211.016,1211.2125
2015-02-26 07:45:00,1211.2069999999999,1211.9225000000001,1210.8825,1211.812
2015-02-26 08:00:00,1211.833,1214.207,1211.8115,1212.3519999999999
2015-02-26 08:15:00,1212.359,1214.279,1212.108,1213.828
2015-02-26 08:30:00,1213.8529999999998,1215.5215,1213.7385,1215.159
2015-02-26 08:45:00,1215.1735,1216.1764999999998,1214.4645,1214.8775
2015-02-26 09:00:00,1214.8835,1215.1835,1213.915,1214.0445
2015-02-26 09:15:00,1214.044,1214.6084999999998,1213.7255,1214.3305
2015-02-26 09:30:00,1214.3235,1215.6185,1214.194,1215.5384999999999
2015-02-26 09:45:00,1215.5584999999999,1219.7500000000002,1215.558,1219.2689999999998
2015-02-26 10:00:00,1219.3090000000002,1220.0545,1217.3885,1218.0685
2015-02-26 10:15:00,1218.085,1218.234,1217.215,1217.694
2015-02-26 10:30:00,1217.6835,1220.0894999999998,1217.555,1219.4215
2015-02-26 10:45:00,1219.427,1219.4325,1217.51,1218.046
2015-02-26 11:00:00,1218.0725,1219.7890000000002,1217.8139999999999,1218.1135
2015-02-26 11:15:00,1218.1435000000001,1219.212,1218.0735,1219.0715
2015-02-26 11:30:00,1219.0645,1219.213,1216.364,1216.761
2015-02-26 11:45:00,1216.7685000000001,1217.172,1216.4855,1216.5929999999998
2015-02-26 12:00:00,1216.5865000000001,1218.2735,1216.2694999999999,1218.028
2015-02-26 12:15:00,1217.9955,1218.9495000000002,1217.307,1218.1104999999998
2015-02-26 12:30:00,1218.1005,1218.4840000000002,1216.501,1216.743
2015-02-26 12:45:00,1216.6834999999999,1217.93,1216.09,1216.5849999999998
2015-02-26 13:00:00,1216.5810000000001,1217.7330000000002,1215.565,1217.291
2015-02-26 13:15:00,1217.2995,1219.0910000000001,1216.91,1217.4569999999999
2015-02-26 13:30:00,1217.437,1220.0984999999998,1216.615,1217.1915
2015-02-26 13:45:00,1217.205,1217.5265,1214.0494999999999,1214.919
2015-02-26 14:00:00,1214.828,1214.828,1212.4755,1214.1415
2015-02-26 14:15:00,1214.135,1214.8555,1213.3415,1213.7245
2015-02-26 14:30:00,1213.715,1213.763,1210.508,1211.913
2015-02-26 14:45:00,1211.9289999999999,1212.6750000000002,1208.1325,1208.629
2015-02-26 15:00:00,1208.632,1209.252,1206.7785000000001,1208.1175
2015-02-26 15:15:00,1208.1115,1209.687,1207.395,1209.301
2015-02-26 15:30:00,1209.292,1209.4940000000001,1208.2060000000001,1208.533
2015-02-26 15:45:00,1208.5425,1209.4055,1208.4765,1208.906
2015-02-26 16:00:00,1208.946,1208.992,1206.8615,1208.314
2015-02-26 16:15:00,1208.3215,1210.7915,1208.2125,1210.7105000000001
2015-02-26 16:30:00,1210.7155,1211.248,1210.1995,1210.6185
2015-02-26 16:45:00,1210.618,1211.1795000000002,1209.318,1209.3815
2015-02-26 17:00:00,1209.407,1210.383,1208.8825,1208.952
2015-02-26 17:15:00,1208.9835,1209.384,1208.2205,1209.0755000000001
2015-02-26 17:30:00,1209.0765000000001,1210.8375,1209.014,1210.5565000000001
2015-02-26 17:45:00,1210.5185,1210.7430000000002,1209.786,1209.9935
2015-02-26 18:00:00,1209.999,1210.085,1208.5025,1209.101
2015-02-26 18:15:00,1209.1370000000002,1210.615,1209.1059999999998,1210.3915000000002
2015-02-26 18:30:00,1210.366,1210.6715000000002,1209.7975,1210.1335000000001
2015-02-26 18:45:00,1210.1585,1210.3915000000002,1209.2835,1209.4645
2015-02-26 19:00:00,1209.4945,1209.5140000000001,1208.309,1208.61
2015-02-26 19:15:00,1208.6109999999999,1209.793,1208.559,1209.5759999999998
2015-02-26 19:30:00,1209.5510000000002,1209.8600000000001,1208.9859999999999,1208.9865
2015-02-26 19:45:00,1208.9859999999999,1208.9865,1207.5745,1207.7345
2015-02-26 20:00:00,1207.741,1208.0069999999998,1206.661,1207.9370000000001
2015-02-26 20:15:00,1207.9365,1209.2089999999998,1207.8905,1208.3739999999998
2015-02-26 20:30:00,1208.4379999999999,1208.508,1207.7765,1208.136
2015-02-26 20:45:00,1208.13,1209.173,1207.8735,1209.007
2015-02-26 21:00:00,1209.017,1209.5459999999998,1208.568,1209.301
2015-02-26 21:15:00,1209.272,1209.5865,1209.1280000000002,1209.5790000000002
2015-02-26 21:30:00,1209.5784999999998,1209.5790000000002,1209.0375,1209.1860000000001
2015-02-26 21:45:00,1209.1854999999998,1209.5745000000002,1208.9595,1209.385
2015-02-26 22:00:00,1209.442,1209.442,1209.442,1209.442
2015-02-26 23:00:00,1208.939,1210.093,1208.765,1209.8980000000001
2015-02-26 23:15:00,1209.883,1209.928,1208.049,1209.88
2015-02-26 23:30:00,1209.8759999999997,1210.3799999999999,1209.544,1209.8735
2015-02-26 23:45:00,1209.8355,1210.488,1209.78,1210.262
2015-02-27 01:00:00,1210.225,1210.7215,1209.1370000000002,1209.9180000000001
2015-02-27 01:15:00,1209.9129999999998,1210.9365,1209.785,1210.6729999999998
2015-02-27 01:30:00,1210.6770000000001,1210.7350000000001,1210.153,1210.153
2015-02-27 01:45:00,1210.1485,1210.1615,1209.756,1210.1190000000001
2015-02-27 02:00:00,1210.1285,1210.542,1209.9830000000002,1210.375
2015-02-27 02:15:00,1210.3999999999999,1210.525,1209.8590000000002,1210.2245
2015-02-27 02:30:00,1210.1885,1210.2745,1209.7825,1209.9005
2015-02-27 02:45:00,1209.9669999999999,1210.1895,1209.7095,1209.8275
2015-02-27 03:00:00,1209.8335,1210.2385,1209.5245,1210.0335
2015-02-27 03:15:00,1210.0204999999999,1210.4534999999998,1209.9335,1210.1970000000001
2015-02-27 03:30:00,1210.222,1210.4814999999999,1210.0685,1210.173
2015-02-27 03:45:00,1210.1580000000001,1210.2785000000001,1209.8285,1210.0185
2015-02-27 04:00:00,1210.0339999999999,1210.158,1209.802,1209.8445
2015-02-27 04:15:00,1209.845,1210.2055,1209.7905,1210.136
2015-02-27 04:30:00,1210.151,1210.151,1208.746,1208.8985
2015-02-27 04:45:00,1208.9325,1209.5065,1208.8575,1209.389
2015-02-27 05:00:00,1209.378,1209.384,1208.6435,1208.71
2015-02-27 05:15:00,1208.704,1209.295,1208.628,1208.8555
2015-02-27 05:30:00,1208.8445,1210.54,1208.8445,1210.2505
2015-02-27 05:45:00,1210.259,1211.105,1209.9669999999999,1210.0829999999999
2015-02-27 06:00:00,1210.1789999999999,1210.3780000000002,1209.794,1209.8890000000001
2015-02-27 06:15:00,1209.8935000000001,1211.675,1209.8685,1211.2115
2015-02-27 06:30:00,1211.1985,1212.438,1211.162,1211.5455000000002
2015-02-27 06:45:00,1211.546,1211.6164999999999,1210.1385,1210.2024999999999
2015-02-27 07:00:00,1210.1975,1210.7420000000002,1209.837,1210.7420000000002
2015-02-27 07:15:00,1210.7365000000002,1210.745,1210.4054999999998,1210.5335
2015-02-27 07:30:00,1210.54,1210.653,1209.1275,1209.251
2015-02-27 07:45:00,1209.245,1209.804,1209.1564999999998,1209.5680000000002
2015-02-27 08:00:00,1209.5649999999998,1209.5700000000002,1204.6805,1205.604
2015-02-27 08:15:00,1205.585,1206.321,1204.794,1205.993
2015-02-27 08:30:00,1205.98,1206.324,1205.5805,1205.889
2015-02-27 08:45:00,1205.885,1205.9785,1204.751,1205.335
2015-02-27 09:00:00,1205.3505,1206.275,1205.0435,1206.1084999999998
2015-02-27 09:15:00,1206.109,1206.262,1205.485,1205.9950000000001
2015-02-27 09:30:00,1205.986,1206.4985,1205.7895,1206.2835
2015-02-27 09:45:00,1206.288,1207.344,1205.8465,1206.79
2015-02-27 10:00:00,1206.7905,1206.904,1205.4915,1206.0314999999998
2015-02-27 10:15:00,1206.007,1206.1915,1204.5555,1204.972
2015-02-27 10:30:00,1204.9714999999999,1206.1455,1204.9050000000002,1206.0349999999999
2015-02-27 10:45:00,1206.0375000000001,1206.765,1205.983,1206.3885
2015-02-27 11:00:00,1206.4085,1206.8474999999999,1205.851,1206.3415
2015-02-27 11:15:00,1206.367,1207.1750000000002,1205.9155,1206.991
2015-02-27 11:30:00,1207.0294999999999,1208.5249999999999,1207.0294999999999,1208.3449999999998
2015-02-27 11:45:00,1208.3449999999998,1208.479,1207.635,1207.969
2015-02-27 12:00:00,1207.959,1209.1149999999998,1207.873,1208.613
2015-02-27 12:15:00,1208.638,1209.829,1208.6085,1209.234
2015-02-27 12:30:00,1209.268,1209.42,1208.643,1208.8799999999999
2015-02-27 12:45:00,1208.881,1209.8115,1207.875,1209.7445
2015-02-27 13:00:00,1209.77,1210.915,1209.577,1209.698
2015-02-27 13:15:00,1209.7485000000001,1210.864,1209.1135,1210.315
2015-02-27 13:30:00,1210.31,1210.616,1208.8235000000002,1209.5385
2015-02-27 13:45:00,1209.505,1210.275,1208.6845,1208.903
2015-02-27 14:00:00,1208.8754999999999,1213.2984999999999,1208.492,1213.2984999999999
2015-02-27 14:15:00,1213.3890000000001,1217.5915,1213.3890000000001,1216.1795
2015-02-27 14:30:00,1216.16,1216.2205,1213.43,1214.4
2015-02-27 14:45:00,1214.42,1216.1709999999998,1213.7944999999997,1214.846
2015-02-27 15:00:00,1214.8005,1215.1435,1212.929,1213.4485
2015-02-27 15:15:00,1213.4385,1215.0684999999999,1213.39,1214.2949999999998
2015-02-27 15:30:00,1214.297,1216.6335,1214.297,1216.1934999999999
2015-02-27 15:45:00,1216.1889999999999,1219.454,1215.837,1217.7375
2015-02-27 16:00:00,1217.7624999999998,1218.21,1215.3974999999998,1216.335
2015-02-27 16:15:00,1216.3275,1217.3885,1215.6290000000001,1216.9850000000001
2015-02-27 16:30:00,1216.9685,1218.1255,1215.9375,1217.8805
2015-02-27 16:45:00,1217.875,1218.9495000000002,1217.3145,1217.4060000000002
2015-02-27 17:00:00,1217.4285,1217.5430000000001,1215.8975,1216.27
2015-02-27 17:15:00,1216.3015,1216.4495,1213.4364999999998,1214.47
2015-02-27 17:30:00,1214.5145,1214.7795,1213.2535,1214.4645
2015-02-27 17:45:00,1214.4185,1214.6589999999999,1213.325,1213.8085
2015-02-27 18:00:00,1213.828,1213.8735000000001,1212.4125,1212.9295
2015-02-27 18:15:00,1212.93,1213.654,1211.1385,1213.4135
2015-02-27 18:30:00,1213.4589999999998,1213.7745,1213.217,1213.7745
2015-02-27 18:45:00,1213.7740000000001,1214.51,1213.4740000000002,1214.179
2015-02-27 19:00:00,1214.1795,1214.1795,1212.344,1212.3695
2015-02-27 19:15:00,1212.369,1213.7835,1212.3445,1213.4385
2015-02-27 19:30:00,1213.4195,1213.4695000000002,1212.5745,1212.5745
2015-02-27 19:45:00,1212.575,1213.969,1212.525,1213.8885
2015-02-27 20:00:00,1213.885,1213.963,1212.664,1213.414
2015-02-27 20:15:00,1213.4499999999998,1213.5935,1212.6490000000001,1212.6490000000001
2015-02-27 20:30:00,1212.6465,1212.796,1212.2050000000002,1212.5785
2015-02-27 20:45:00,1212.579,1212.625,1210.885,1210.9850000000001
2015-02-27 21:00:00,1210.9655,1213.0800000000002,1210.8854999999999,1212.98
2015-02-27 21:15:00,1212.998,1213.0800000000002,1212.725,1212.84
2015-02-27 21:30:00,1212.84,1213.701,1212.78,1213.2585
2015-02-27 21:45:00,1213.2884999999999,1213.424,1212.854,1213.2549999999999
2015-03-01 23:00:00,1213.9099999999999,1215.635,1213.175,1213.681
2015-03-01 23:15:00,1213.631,1214.0135,1212.7,1213.693
2015-03-01 23:30:00,1213.696,1214.755,1213.584,1214.3180000000002
2015-03-01 23:45:00,1214.2914999999998,1214.8535,1214.1935,1214.1970000000001
2015-03-02 01:00:00,1215.4495000000002,1218.666,1215.1154999999999,1217.558
2015-03-02 01:15:00,1217.521,1219.921,1217.1085,1218.9869999999999
2015-03-02 01:30:00,1218.9615,1221.018,1218.7655,1220.307
2015-03-02 01:45:00,1220.322,1220.565,1218.6825000000001,1220.4450000000002
2015-03-02 02:00:00,1220.4550000000002,1221.1885,1220.2295,1221.148
2015-03-02 02:15:00,1221.123,1222.1454999999999,1220.8285,1221.9305
2015-03-02 02:30:00,1221.9165,1223.27,1221.9135,1222.8595
2015-03-02 02:45:00,1222.851,1223.3075,1221.97,1222.0839999999998
2015-03-02 03:00:00,1222.0880000000002,1222.784,1221.439,1222.01
2015-03-02 03:15:00,1222.0005,1222.8899999999999,1221.9465,1222.165
2015-03-02 03:30:00,1222.17,1222.2365,1221.5185,1221.596
2015-03-02 03:45:00,1221.5775,1221.82,1221.2305000000001,1221.3470000000002
2015-03-02 04:00:00,1221.2250000000001,1221.3139999999999,1220.751,1220.9105000000002
2015-03-02 04:15:00,1220.9109999999998,1221.7995,1220.8925000000002,1221.5895
2015-03-02 04:30:00,1221.5085,1221.5735,1220.641,1220.688
2015-03-02 04:45:00,1220.6785,1220.8300000000002,1220.3355,1220.5095000000001
2015-03-02 05:00:00,1220.5155000000002,1220.9955,1220.4660000000001,1220.8625000000002
2015-03-02 05:15:00,1220.8545000000001,1221.212,1220.6375,1220.7425
2015-03-02 05:30:00,1220.7745,1223.3135,1220.761,1223.311
2015-03-02 05:45:00,1223.268,1223.2685,1221.9575,1222.1095
2015-03-02 06:00:00,1222.1015000000002,1222.471,1221.4515000000001,1222.411
2015-03-02 06:15:00,1222.386,1223.335,1222.1589999999999,1223.055
2015-03-02 06:30:00,1223.0194999999999,1223.0194999999999,1220.682,1220.823
2015-03-02 06:45:00,1220.8235,1221.4859999999999,1220.222,1221.4859999999999
2015-03-02 07:00:00,1221.499,1222.4859999999999,1221.499,1222.1015000000002
2015-03-02 07:15:00,1222.11,1222.11,1220.0125,1220.4315000000001
2015-03-02 07:30:00,1220.4565,1221.368,1219.9605,1220.622
2015-03-02 07:45:00,1220.6095,1220.657,1219.1075,1219.3010000000002
2015-03-02 08:00:00,1219.3065000000001,1219.4785,1218.613,1218.72
2015-03-02 08:15:00,1218.722,1218.852,1217.9,1218.302
2015-03-02 08:30:00,1218.3220000000001,1218.7604999999999,1217.682,1218.105
2015-03-02 08:45:00,1218.094,1218.874,1217.9505,1218.874
2015-03-02 09:00:00,1218.8735000000001,1218.8735000000001,1216.0085,1216.8555
2015-03-02 09:15:00,1216.863,1216.9175,1214.9485,1215.746
2015-03-02 09:30:00,1215.7405,1215.7824999999998,1214.7965,1215.325
2015-03-02 09:45:00,1215.3735000000001,1215.647,1214.793,1215.4170000000001
2015-03-02 10:00:00,1215.4160000000002,1215.915,1215.02,1215.8305
2015-03-02 10:15:00,1215.826,1216.7545,1215.4185,1216.3765
2015-03-02 10:30:00,1216.384,1217.555,1216.132,1217.2505
2015-03-02 10:45:00,1217.2265,1217.4305,1216.749,1217.1115
2015-03-02 11:00:00,1217.0765,1217.1495,1216.4605,1216.9440000000002
2015-03-02 11:15:00,1216.945,1217.323,1216.4915,1216.9495000000002
2015-03-02 11:30:00,1216.9544999999998,1217.7244999999998,1216.335,1217.0484999999999
2015-03-02 11:45:00,1217.0085,1217.2235,1215.9245,1216.0785
2015-03-02 12:00:00,1216.079,1216.079,1212.9855,1215.0490000000002
2015-03-02 12:15:00,1214.962,1216.4235,1214.8535,1216.3049999999998
2015-03-02 12:30:00,1216.2939999999999,1217.877,1215.8615000000002,1217.137
2015-03-02 12:45:00,1217.1615,1217.4534999999998,1216.1315,1216.5565000000001
2015-03-02 13:00:00,1216.5495,1219.9355,1216.3184999999999,1219.399
2015-03-02 13:15:00,1219.3885,1219.7345,1217.3115,1217.52
2015-03-02 13:30:00,1217.5325,1217.5325,1213.9415,1214.8419999999999
2015-03-02 13:45:00,1214.847,1215.8650000000002,1214.459,1215.238
2015-03-02 14:00:00,1215.2359999999999,1216.2835,1212.425,1215.1150000000002
2015-03-02 14:15:00,1215.0649999999998,1215.0649999999998,1212.81,1213.6965
2015-03-02 14:30:00,1213.7214999999999,1215.3600000000001,1212.3100000000002,1214.016
2015-03-02 14:45:00,1214.0505,1214.747,1211.467,1212.3149999999998
2015-03-02 15:00:00,1212.3100000000002,1213.3095,1211.197,1211.65
2015-03-02 15:15:00,1211.625,1213.1039999999998,1210.297,1212.3509999999999
2015-03-02 15:30:00,1212.326,1212.475,1210.2485000000001,1210.2485000000001
2015-03-02 15:45:00,1210.228,1210.5349999999999,1207.2314999999999,1208.6444999999999
2015-03-02 16:00:00,1208.655,1209.6915,1208.0549999999998,1208.4855
2015-03-02 16:15:00,1208.5085,1209.1689999999999,1207.08,1208.8925
2015-03-02 16:30:00,1208.8875000000003,1209.229,1208.0545000000002,1208.315
2015-03-02 16:45:00,1208.3085,1209.775,1208.173,1209.211
2015-03-02 17:00:00,1209.2034999999998,1209.305,1207.8865,1209.0875
2015-03-02 17:15:00,1209.095,1209.5285000000001,1208.445,1209.0125
2015-03-02 17:30:00,1209.0135,1209.049,1207.913,1208.3225
2015-03-02 17:45:00,1208.324,1208.499,1207.5415,1207.915
2015-03-02 18:00:00,1207.8754999999999,1208.4845,1207.414,1207.9975000000002
2015-03-02 18:15:00,1208.0104999999999,1209.3035,1207.683,1208.711
2015-03-02 18:30:00,1208.7025,1209.1315,1208.081,1208.5194999999999
2015-03-02 18:45:00,1208.526,1209.085,1208.4264999999998,1208.8815
2015-03-02 19:00:00,1208.8564999999999,1209.357,1208.666,1208.8010000000002
2015-03-02 19:15:00,1208.8190000000002,1208.8415000000002,1207.8845000000001,1208.114
2015-03-02 19:30:00,1208.108,1208.3974999999998,1206.4180000000001,1207.1385
2015-03-02 19:45:00,1207.1135,1207.1135,1204.758,1205.586
2015-03-02 20:00:00,1205.611,1206.5405,1205.565,1205.8600000000001
2015-03-02 20:15:00,1205.8505,1206.9115,1205.4105,1206.4515000000001
2015-03-02 20:30:00,1206.451,1206.4544999999998,1205.601,1205.7855
2015-03-02 20:45:00,1205.8005,1205.886,1204.7605,1205.4579999999999
2015-03-02 21:00:00,1205.4415000000001,1206.5865,1205.4415000000001,1206.0825000000002
2015-03-02 21:15:00,1206.0515,1206.741,1205.993,1206.32
2015-03-02 21:30:00,1206.3145,1207.5115,1206.177,1206.731
2015-03-02 21:45:00,1206.8014999999998,1207.2265000000002,1206.73,1206.8200000000002
2015-03-02 23:00:00,1206.2455,1206.643,1205.98,1206.377
2015-03-02 23:15:00,1206.392,1206.493,1206.0375000000001,1206.3735
2015-03-02 23:30:00,1206.374,1206.8515,1206.114,1206.759
2015-03-02 23:45:00,1206.7844999999998,1207.0629999999999,1206.614,1207.054
2015-03-03 01:00:00,1208.8305,1210.079,1208.517,1209.472
2015-03-03 01:15:00,1209.4665,1209.6665,1205.821,1205.8965
2015-03-03 01:30:00,1205.9005,1205.9325000000001,1203.5335,1204.36
2015-03-03 01:45:00,1204.363,1205.428,1204.36,1204.9105000000002
2015-03-03 02:00:00,1204.9154999999998,1204.9154999999998,1195.5390000000002,1196.745
2015-03-03 02:15:00,1196.734,1199.4019999999998,1196.734,1198.929
2015-03-03 02:30:00,1198.9285,1201.0565,1198.8635,1199.503
2015-03-03 02:45:00,1199.4665000000002,1201.2035,1199.4665000000002,1201.0085
2015-03-03 03:00:00,1200.9644999999998,1208.087,1200.4585,1207.0455000000002
2015-03-03 03:15:00,1207.05,1208.3414999999998,1206.181,1208.0795
2015-03-03 03:30:00,1208.0645,1208.255,1207.2845000000002,1207.434
2015-03-03 03:45:00,1207.4054999999998,1207.915,1207.2220000000002,1207.6180000000002
2015-03-03 04:00:00,1207.6785,1211.083,1207.6475,1210.2
2015-03-03 04:15:00,1210.194,1210.2005,1208.7885,1208.8935
2015-03-03 04:30:00,1208.868,1209.094,1208.446,1208.618
2015-03-03 04:45:00,1208.6225000000002,1209.0075,1208.618,1208.8505000000002
2015-03-03 05:00:00,1208.876,1209.0045,1208.249,1208.68
2015-03-03 05:15:00,1208.674,1208.946,1207.9650000000001,1208.2445
2015-03-03 05:30:00,1208.286,1208.65,1206.9215,1207.5535
2015-03-03 05:45:00,1207.5990000000002,1210.8315,1207.5600000000002,1210.2475
2015-03-03 06:00:00,1210.241,1211.615,1210.2295000000001,1210.611
2015-03-03 06:15:00,1210.6009999999999,1211.1035000000002,1209.541,1210.811
2015-03-03 06:30:00,1210.836,1210.84,1209.67,1209.7614999999998
2015-03-03 06:45:00,1209.7965,1210.0865,1208.9535,1209.386
2015-03-03 07:00:00,1209.41,1209.714,1208.5715,1208.908
2015-03-03 07:15:00,1208.8775,1210.115,1208.603,1209.1204999999998
2015-03-03 07:30:00,1209.104,1209.47,1208.4265,1208.4265
2015-03-03 07:45:00,1208.4365,1208.8415000000002,1207.856,1208.256
2015-03-03 08:00:00,1208.2450000000001,1208.666,1207.7915,1207.9834999999998
2015-03-03 08:15:00,1207.9560000000001,1208.51,1207.6315000000002,1208.1085
2015-03-03 08:30:00,1208.1415,1208.262,1207.4505,1208.1355
2015-03-03 08:45:00,1208.1285,1210.0415,1208.125,1209.5635
2015-03-03 09:00:00,1209.5230000000001,1209.891,1208.445,1209.1519999999998
2015-03-03 09:15:00,1209.1950000000002,1209.7450000000001,1208.849,1209.7450000000001
2015-03-03 09:30:00,1209.7535,1210.545,1209.557,1209.895
2015-03-03 09:45:00,1209.892,1210.031,1208.148,1208.74
2015-03-03 10:00:00,1208.7545,1209.445,1208.5425,1208.8435
2015-03-03 10:15:00,1208.8115,1209.5710000000001,1208.0465,1208.267
2015-03-03 10:30:00,1208.26,1208.473,1207.6585000000002,1207.9975000000002
2015-03-03 10:45:00,1207.972,1208.309,1207.695,1208.0580000000002
2015-03-03 11:00:00,1208.0394999999999,1208.294,1207.6345,1208.178
2015-03-03 11:15:00,1208.1705,1208.5555,1208.157,1208.2985
2015-03-03 11:30:00,1208.3435,1208.5935,1207.745,1208.2345
2015-03-03 11:45:00,1208.2115,1208.8355,1208.142,1208.724
2015-03-03 12:00:00,1208.7489999999998,1210.418,1208.7489999999998,1209.5445000000002
2015-03-03 12:15:00,1209.5555000000002,1211.1915,1209.214,1210.7815
2015-03-03 12:30:00,1210.7749999999999,1211.387,1210.094,1210.1
2015-03-03 12:45:00,1210.107,1211.1905,1209.036,1210.7890000000002
2015-03-03 13:00:00,1210.7849999999999,1211.385,1206.7795,1207.6350000000002
2015-03-03 13:15:00,1207.6299999999999,1209.2214999999999,1207.6299999999999,1208.5710000000001
2015-03-03 13:30:00,1208.5865000000001,1208.875,1205.653,1206.326
2015-03-03 13:45:00,1206.303,1207.8065000000001,1205.425,1206.2475
2015-03-03 14:00:00,1206.249,1208.8785000000003,1205.808,1208.403
2015-03-03 14:15:00,1208.4075,1210.145,1208.402,1209.0049999999999
2015-03-03 14:30:00,1209.0205,1213.4,1209.0135,1212.155
2015-03-03 14:45:00,1212.1065,1214.919,1211.707,1214.073
2015-03-03 15:00:00,1214.086,1214.693,1212.06,1213.653
2015-03-03 15:15:00,1213.6025,1213.6025,1210.9825,1212.1605
2015-03-03 15:30:00,1212.169,1212.9895000000001,1208.886,1209.0295
2015-03-03 15:45:00,1209.054,1209.3135,1201.7720000000002,1203.678
2015-03-03 16:00:00,1203.6680000000001,1204.4049999999997,1202.0985,1202.876
2015-03-03 16:15:00,1202.8780000000002,1204.5300000000002,1202.5584999999999,1202.5584999999999
2015-03-03 16:30:00,1202.58,1205.1365,1202.228,1204.7255
2015-03-03 16:45:00,1204.719,1205.1615,1203.232,1203.903
2015-03-03 17:00:00,1203.939,1205.623,1203.939,1204.7425
2015-03-03 17:15:00,1204.737,1204.9935,1203.47,1204.6879999999999
2015-03-03 17:30:00,1204.686,1205.069,1203.855,1204.4145
2015-03-03 17:45:00,1204.4485,1205.0415,1203.6645,1204.856
2015-03-03 18:00:00,1204.8785,1206.2549999999999,1204.684,1205.752
2015-03-03 18:15:00,1205.7555,1205.9560000000001,1204.8770000000002,1204.8790000000001
2015-03-03 18:30:00,1204.9825,1205.37,1204.1820000000002,1204.219
2015-03-03 18:45:00,1204.2435,1204.4765,1203.4655,1203.5515
2015-03-03 19:00:00,1203.5315,1204.232,1203.185,1203.7635
2015-03-03 19:15:00,1203.884,1204.0285000000001,1203.4575,1203.4665
2015-03-03 19:30:00,1203.471,1204.2045,1202.666,1204.185
2015-03-03 19:45:00,1204.1845,1204.4385,1202.8700000000001,1203.0435
2015-03-03 20:00:00,1203.0494999999999,1203.892,1202.7855,1203.871
2015-03-03 20:15:00,1203.863,1204.1644999999999,1203.4485,1203.8695
2015-03-03 20:30:00,1203.8785,1203.93,1202.952,1203.3494999999998
2015-03-03 20:45:00,1203.3245000000002,1203.493,1201.862,1203.4825
2015-03-03 21:00:00,1203.4475,1203.895,1202.787,1203.702
2015-03-03 21:15:00,1203.7044999999998,1204.087,1203.566,1204.005
2015-03-03 21:30:00,1204.0105,1204.06,1203.6135000000002,1203.7514999999999
2015-03-03 21:45:00,1203.632,1203.9365,1203.4115,1203.725
2015-03-03 23:00:00,1204.26,1205.473,1203.6999999999998,1205.2575000000002
2015-03-03 23:15:00,1205.2569999999998,1205.471,1204.718,1204.813
2015-03-03 23:30:00,1204.818,1205.742,1204.725,1205.6090000000002
2015-03-03 23:45:00,1205.6235000000001,1205.6760000000002,1204.648,1204.799
2015-03-04 01:00:00,1204.5525,1206.19,1204.3795,1205.745
2015-03-04 01:15:00,1205.7395,1206.4985,1205.385,1206.0375000000001
2015-03-04 01:30:00,1206.0684999999999,1206.5069999999998,1205.573,1206.4264999999998
2015-03-04 01:45:00,1206.4260000000002,1207.1825000000001,1206.25,1206.6425000000002
2015-03-04 02:00:00,1206.623,1207.4175,1206.5455,1207.272
2015-03-04 02:15:00,1207.2635,1207.3155,1206.1240000000003,1207.021
2015-03-04 02:30:00,1206.991,1207.7005,1206.8094999999998,1207.5945000000002
2015-03-04 02:45:00,1207.651,1207.72,1206.184,1207.015
2015-03-04 03:00:00,1207.003,1207.2314999999999,1206.8519999999999,1207.1905000000002
2015-03-04 03:15:00,1207.19,1207.2095000000002,1206.7640000000001,1207.055
2015-03-04 03:30:00,1207.053,1207.537,1207.0,1207.121
2015-03-04 03:45:00,1207.1275,1207.169,1206.599,1206.647
2015-03-04 04:00:00,1206.614,1206.7975000000001,1206.578,1206.6145000000001
2015-03-04 04:15:00,1206.6095,1206.6435000000001,1205.7865,1205.7865
2015-03-04 04:30:00,1205.787,1206.739,1205.6490000000001,1206.6045
2015-03-04 04:45:00,1206.6100000000001,1208.4975,1206.6100000000001,1207.7855
2015-03-04 05:00:00,1207.7665,1208.153,1207.7095,1208.0285
2015-03-04 05:15:00,1208.042,1208.2269999999999,1207.8565,1208.085
2015-03-04 05:30:00,1208.075,1209.011,1207.8955,1208.4795
2015-03-04 05:45:00,1208.474,1209.087,1207.9750000000001,1208.343
2015-03-04 06:00:00,1208.3494999999998,1208.8395,1208.2350000000001,1208.4935
2015-03-04 06:15:00,1208.494,1208.494,1207.3,1207.644
2015-03-04 06:30:00,1207.6474999999998,1207.932,1207.407,1207.6335
2015-03-04 06:45:00,1207.6254999999999,1207.6499999999999,1206.8169999999998,1207.106
2015-03-04 07:00:00,1207.1055,1207.3565,1206.4624999999999,1206.493
2015-03-04 07:15:00,1206.5010000000002,1206.5010000000002,1205.0365,1206.223
2015-03-04 07:30:00,1206.1955,1206.2765,1205.575,1205.623
2015-03-04 07:45:00,1205.5735,1205.5735,1205.032,1205.397
2015-03-04 08:00:00,1205.393,1205.6744999999999,1204.65,1205.06
2015-03-04 08:15:00,1205.022,1205.2399999999998,1204.422,1204.5235
2015-03-04 08:30:00,1204.5349999999999,1204.754,1204.2255,1204.5449999999998
2015-03-04 08:45:00,1204.5214999999998,1204.562,1203.5045,1204.055
2015-03-04 09:00:00,1203.9745,1205.5800000000002,1203.5915,1205.5065
2015-03-04 09:15:00,1205.5145,1205.8564999999999,1204.068,1204.2930000000001
2015-03-04 09:30:00,1204.286,1204.513,1203.11,1203.6785
2015-03-04 09:45:00,1203.6685,1203.9,1202.426,1202.477
2015-03-04 10:00:00,1202.443,1204.0315,1201.9765,1203.7925
2015-03-04 10:15:00,1203.8275,1203.871,1202.8565,1202.9270000000001
2015-03-04 10:30:00,1202.9499999999998,1205.1435,1202.8475,1204.935
2015-03-04 10:45:00,1204.9355,1205.036,1204.1965,1204.3735
2015-03-04 11:00:00,1204.3905,1204.8295,1204.023,1204.1425
2015-03-04 11:15:00,1204.1695,1204.6295,1203.6065,1204.0655000000002
2015-03-04 11:30:00,1204.1055000000001,1204.261,1203.291,1203.7189999999998
2015-03-04 11:45:00,1203.6844999999998,1204.9424999999999,1203.434,1204.9424999999999
2015-03-04 12:00:00,1205.047,1206.1945,1204.8715,1205.4895
2015-03-04 12:15:00,1205.4950000000001,1206.203,1205.395,1205.7400000000002
2015-03-04 12:30:00,1205.745,1207.2959999999998,1205.7065,1206.656
2015-03-04 12:45:00,1206.666,1206.874,1203.7600000000002,1203.9755
2015-03-04 13:00:00,1203.98,1204.8325,1202.549,1202.9544999999998
2015-03-04 13:15:00,1202.9599999999998,1207.402,1202.909,1205.4750000000001
2015-03-04 13:30:00,1205.464,1207.2600000000002,1205.2800000000002,1205.888
2015-03-04 13:45:00,1205.8664999999999,1206.323,1205.1985,1205.515
2015-03-04 14:00:00,1205.513,1206.1985,1203.916,1204.461
2015-03-04 14:15:00,1204.4675000000002,1205.5315,1204.0810000000001,1205.4385
2015-03-04 14:30:00,1205.3995,1206.23,1204.653,1205.6090000000002
2015-03-04 14:45:00,1205.606,1205.606,1200.2649999999999,1201.704
2015-03-04 15:00:00,1201.5684999999999,1201.5684999999999,1198.386,1199.7499999999998
2015-03-04 15:15:00,1199.6935,1203.156,1198.6855,1202.2365
2015-03-04 15:30:00,1202.222,1204.0005,1200.8365,1202.9315000000001
2015-03-04 15:45:00,1202.8700000000001,1203.3114999999998,1201.9805,1202.715
2015-03-04 16:00:00,1202.657,1202.715,1201.277,1201.9015
2015-03-04 16:15:00,1201.905,1203.203,1201.8049999999998,1202.385
2015-03-04 16:30:00,1202.4015,1203.31,1202.21,1202.441
2015-03-04 16:45:00,1202.4470000000001,1203.0155,1201.517,1201.6185
2015-03-04 17:00:00,1201.62,1202.6465000000003,1201.5145,1201.9920000000002
2015-03-04 17:15:00,1201.963,1202.44,1201.295,1201.46
2015-03-04 17:30:00,1201.425,1202.01,1201.31,1201.3605
2015-03-04 17:45:00,1201.3600000000001,1202.377,1201.2185,1201.2185
2015-03-04 18:00:00,1201.2275,1202.0235,1201.072,1201.6200000000001
2015-03-04 18:15:00,1201.587,1202.05,1200.548,1202.0015
2015-03-04 18:30:00,1201.94,1202.087,1200.7450000000001,1200.796
2015-03-04 18:45:00,1200.7965000000002,1201.7645,1200.7965000000002,1201.3805000000002
2015-03-04 19:00:00,1201.3690000000001,1202.043,1201.17,1201.7440000000001
2015-03-04 19:15:00,1201.6965,1201.7440000000001,1200.22,1200.52
2015-03-04 19:30:00,1200.5614999999998,1200.5665000000001,1198.8825,1200.4660000000001
2015-03-04 19:45:00,1200.5125,1201.0715,1199.124,1199.92
2015-03-04 20:00:00,1199.9475,1200.023,1199.3600000000001,1199.557
2015-03-04 20:15:00,1199.6215,1199.8885,1198.999,1199.262
2015-03-04 20:30:00,1199.251,1199.8039999999999,1199.185,1199.46
2015-03-04 20:45:00,1199.4795,1199.6915000000001,1199.071,1199.4005
2015-03-04 21:00:00,1199.4189999999999,1199.8645,1199.3735000000001,1199.669
2015-03-04 21:15:00,1199.6505,1199.6505,1199.16,1199.31
2015-03-04 21:30:00,1199.3335,1199.8100000000002,1199.3335,1199.55
2015-03-04 21:45:00,1199.55,1200.4465,1199.46,1200.335
2015-03-04 23:00:00,1200.685,1201.446,1200.5085000000001,1201.3259999999998
2015-03-04 23:15:00,1201.294,1201.375,1200.9650000000001,1201.0359999999998
2015-03-04 23:30:00,1201.036,1201.655,1201.036,1201.3310000000001
2015-03-04 23:45:00,1201.3349999999998,1202.4185,1201.3169999999998,1202.407
2015-03-05 01:00:00,1202.194,1202.88,1201.258,1201.3609999999999
2015-03-05 01:15:00,1201.3515,1203.6915000000001,1201.3349999999998,1203.5945
2015-03-05 01:30:00,1203.5635,1204.6580000000001,1203.068,1204.2565
2015-03-05 01:45:00,1204.227,1204.5515,1203.934,1203.9950000000001
2015-03-05 02:00:00,1204.0075,1204.549,1203.4535,1204.1825
2015-03-05 02:15:00,1204.2079999999999,1204.9495,1204.0949999999998,1204.3015
2015-03-05 02:30:00,1204.246,1204.4499999999998,1203.901,1204.045
2015-03-05 02:45:00,1204.0395,1204.1450000000002,1203.4615000000001,1204.0949999999998
2015-03-05 03:00:00,1204.0965,1204.931,1204.0255,1204.772
2015-03-05 03:15:00,1204.78,1205.221,1204.3055000000002,1204.6275
2015-03-05 03:30:00,1204.6415,1204.645,1203.856,1204.1985
2015-03-05 03:45:00,1204.2085,1204.3025,1204.046,1204.3025
2015-03-05 04:00:00,1204.3125,1204.491,1204.1100000000001,1204.3
2015-03-05 04:15:00,1204.2385,1204.9885,1204.204,1204.95
2015-03-05 04:30:00,1204.983,1205.1055,1204.7450000000001,1204.75
2015-03-05 04:45:00,1204.7450000000001,1206.049,1204.65,1205.7375
2015-03-05 05:00:00,1205.745,1206.1105,1204.6755,1204.7415
2015-03-05 05:15:00,1204.792,1205.195,1204.6825000000001,1205.084
2015-03-05 05:30:00,1205.076,1205.4315000000001,1204.0085,1204.4499999999998
2015-03-05 05:45:00,1204.4865000000002,1204.5504999999998,1203.825,1204.1605
2015-03-05 06:00:00,1204.186,1204.568,1203.583,1204.0365000000002
2015-03-05 06:15:00,1204.0345,1204.083,1202.9375,1203.3709999999999
2015-03-05 06:30:00,1203.3815,1203.6355,1203.001,1203.04
2015-03-05 06:45:00,1203.0345,1203.2235,1202.5449999999998,1202.925
2015-03-05 07:00:00,1202.9195,1202.9450000000002,1201.905,1202.4475
2015-03-05 07:15:00,1202.382,1202.382,1201.366,1201.75
2015-03-05 07:30:00,1201.8225000000002,1202.0195,1200.362,1200.413
2015-03-05 07:45:00,1200.4565,1201.205,1199.59,1200.943
2015-03-05 08:00:00,1200.9355,1202.345,1200.5299999999997,1202.22
2015-03-05 08:15:00,1202.2205,1202.2205,1201.3069999999998,1201.7154999999998
2015-03-05 08:30:00,1201.7199999999998,1201.915,1200.772,1201.04
2015-03-05 08:45:00,1201.042,1201.87,1200.7865000000002,1201.3195
2015-03-05 09:00:00,1201.3294999999998,1201.5205,1200.786,1201.288
2015-03-05 09:15:00,1201.2934999999998,1202.06,1201.097,1201.4615
2015-03-05 09:30:00,1201.52,1201.5405,1200.1934999999999,1200.2069999999999
2015-03-05 09:45:00,1200.201,1200.636,1199.4385,1200.02
2015-03-05 10:00:00,1200.014,1200.1750000000002,1199.47,1199.599
2015-03-05 10:15:00,1199.615,1199.6885,1197.965,1199.1505
2015-03-05 10:30:00,1199.17,1201.1385,1198.45,1200.46
2015-03-05 10:45:00,1200.454,1200.812,1199.9099999999999,1200.544
2015-03-05 11:00:00,1200.5585,1200.9175,1200.1280000000002,1200.1989999999998
2015-03-05 11:15:00,1200.2005000000001,1200.29,1199.8229999999999,1200.025
2015-03-05 11:30:00,1200.0130000000001,1200.2134999999998,1199.7165,1200.125
2015-03-05 11:45:00,1200.1305,1200.8335,1200.1305,1200.6965
2015-03-05 12:00:00,1200.7305,1200.9475,1200.3,1200.5435
2015-03-05 12:15:00,1200.539,1202.425,1200.4089999999999,1201.9895
2015-03-05 12:30:00,1201.966,1202.6855,1201.062,1201.3114999999998
2015-03-05 12:45:00,1201.2995,1201.501,1200.765,1201.501
2015-03-05 13:00:00,1201.508,1203.792,1201.1945,1203.3595
2015-03-05 13:15:00,1203.3345000000002,1204.2435,1202.3535000000002,1203.37
2015-03-05 13:30:00,1203.3595,1204.894,1202.2445,1202.9379999999999
2015-03-05 13:45:00,1202.877,1203.3750000000002,1201.442,1202.3775
2015-03-05 14:00:00,1202.386,1204.1000000000001,1201.2355,1203.3864999999998
2015-03-05 14:15:00,1203.411,1204.0415,1200.8575,1202.3410000000001
2015-03-05 14:30:00,1202.3564999999999,1203.4705,1201.8385,1202.3185
2015-03-05 14:45:00,1202.329,1203.673,1202.0055,1202.25
2015-03-05 15:00:00,1202.185,1202.6725,1201.3349999999998,1202.5484999999999
2015-03-05 15:15:00,1202.5549999999998,1206.271,1202.4285,1206.2649999999999
2015-03-05 15:30:00,1206.2465,1209.5355,1206.2465,1207.9855
2015-03-05 15:45:00,1208.0185000000001,1208.0185000000001,1205.8564999999999,1206.2935
2015-03-05 16:00:00,1206.3065,1207.075,1205.772,1206.524
2015-03-05 16:15:00,1206.513,1206.613,1204.425,1205.0605
2015-03-05 16:30:00,1204.995,1205.044,1203.125,1203.7169999999999
2015-03-05 16:45:00,1203.7124999999999,1203.825,1201.925,1202.425
2015-03-05 17:00:00,1202.469,1202.7250000000001,1199.98,1200.9650000000001
2015-03-05 17:15:00,1200.9645,1201.8365,1200.489,1201.56
2015-03-05 17:30:00,1201.51,1201.56,1200.702,1200.736
2015-03-05 17:45:00,1200.8125,1201.4050000000002,1199.2395,1199.2649999999999
2015-03-05 18:00:00,1199.2225,1199.2695,1196.6085,1197.8570000000002
2015-03-05 18:15:00,1197.8519999999999,1198.1,1196.6699999999998,1197.077
2015-03-05 18:30:00,1197.0635,1197.4,1196.6760000000002,1197.0700000000002
2015-03-05 18:45:00,1197.02,1198.8709999999999,1196.97,1198.6200000000001
2015-03-05 19:00:00,1198.6065,1199.91,1198.2035,1199.5095
2015-03-05 19:15:00,1199.5155,1200.715,1199.4714999999999,1199.9395
2015-03-05 19:30:00,1199.9585,1200.4750000000001,1199.8394999999998,1200.059
2015-03-05 19:45:00,1200.0935,1201.008,1200.0935,1200.77
2015-03-05 20:00:00,1200.82,1200.9565,1200.439,1200.5375000000001
2015-03-05 20:15:00,1200.5495,1200.6705,1199.856,1199.856
2015-03-05 20:30:00,1199.8084999999999,1200.249,1199.4365,1199.656
2015-03-05 20:45:00,1199.566,1199.6885,1197.8045,1198.475
2015-03-05 21:00:00,1198.475,1199.0665,1197.9355,1198.602
2015-03-05 21:15:00,1198.6075,1198.7415,1198.102,1198.33
2015-03-05 21:30:00,1198.3255,1198.836,1198.08,1198.536
2015-03-05 21:45:00,1198.5355,1198.681,1198.23,1198.405
2015-03-05 23:00:00,1198.14,1199.525,1198.076,1199.1695
2015-03-05 23:15:00,1199.169,1200.512,1199.0410000000002,1199.382
2015-03-05 23:30:00,1199.4379999999999,1200.345,1199.3220000000001,1199.946
2015-03-05 23:45:00,1199.9560000000001,1200.3029999999999,1199.6490000000001,1200.274
2015-03-06 01:00:00,1199.732,1199.7669999999998,1197.287,1198.0729999999999
2015-03-06 01:15:00,1198.099,1199.0335000000002,1197.713,1198.6460000000002
2015-03-06 01:30:00,1198.6309999999999,1199.7250000000001,1198.309,1199.306
2015-03-06 01:45:00,1199.3115,1199.3115,1198.3039999999999,1198.6689999999999
2015-03-06 02:00:00,1198.7565,1199.47,1198.6200000000001,1199.252
2015-03-06 02:15:00,1199.227,1199.683,1198.702,1199.459
2015-03-06 02:30:00,1199.4479999999999,1200.007,1199.0529999999999,1199.2785
2015-03-06 02:45:00,1199.303,1199.3685,1198.9435,1199.253
2015-03-06 03:00:00,1199.2515,1199.7215,1199.151,1199.2355
2015-03-06 03:15:00,1199.2259999999999,1199.665,1199.1165,1199.3035
2015-03-06 03:30:00,1199.278,1200.6035000000002,1199.209,1200.2015000000001
2015-03-06 03:45:00,1200.1889999999999,1200.795,1199.895,1200.2050000000002
2015-03-06 04:00:00,1200.2105000000001,1200.5185000000001,1199.891,1200.5005
2015-03-06 04:15:00,1200.509,1200.6965,1199.9755,1200.1819999999998
2015-03-06 04:30:00,1200.2040000000002,1200.722,1200.0265000000002,1200.0265000000002
2015-03-06 04:45:00,1200.027,1200.161,1199.4724999999999,1199.671
2015-03-06 05:00:00,1199.699,1199.8075,1199.2060000000001,1199.52
2015-03-06 05:15:00,1199.5205,1199.715,1198.5385,1198.7314999999999
2015-03-06 05:30:00,1198.7355,1199.2075,1197.82,1199.0629999999999
2015-03-06 05:45:00,1199.033,1199.2935,1198.733,1198.85
2015-03-06 06:00:00,1198.905,1199.1385,1197.9424999999999,1198.8785
2015-03-06 06:15:00,1198.854,1199.0539999999999,1198.3485,1198.778
2015-03-06 06:30:00,1198.775,1198.893,1197.77,1198.606
2015-03-06 06:45:00,1198.602,1199.4540000000002,1198.5705,1199.2415
2015-03-06 07:00:00,1199.222,1199.227,1198.388,1198.408
2015-03-06 07:15:00,1198.3985,1198.8235,1198.308,1198.4735
2015-03-06 07:30:00,1198.499,1198.509,1197.3695,1197.813
2015-03-06 07:45:00,1197.7775000000001,1198.2179999999998,1197.575,1197.5995
2015-03-06 08:00:00,1197.605,1197.925,1196.402,1196.7395
2015-03-06 08:15:00,1196.72,1197.3475,1196.1755,1197.0055
2015-03-06 08:30:00,1197.0,1197.249,1196.114,1196.75
2015-03-06 08:45:00,1196.7145,1197.259,1195.676,1196.399
2015-03-06 09:00:00,1196.2745,1196.2745,1193.714,1194.23
2015-03-06 09:15:00,1194.2285,1194.869,1193.904,1194.565
2015-03-06 09:30:00,1194.5105,1195.193,1194.451,1194.7185000000002
2015-03-06 09:45:00,1194.7099999999998,1194.7185000000002,1192.9515000000001,1193.1270000000002
2015-03-06 10:00:00,1193.073,1194.0725,1192.95,1193.42
2015-03-06 10:15:00,1193.451,1195.9399999999998,1193.3,1195.278
2015-03-06 10:30:00,1195.2805,1197.365,1195.154,1196.3135000000002
2015-03-06 10:45:00,1196.2980000000002,1196.91,1196.288,1196.627
2015-03-06 11:00:00,1196.6014999999998,1197.1620000000003,1196.45,1196.97
2015-03-06 11:15:00,1197.0075000000002,1197.1055,1196.0335,1196.1535000000001
2015-03-06 11:30:00,1196.1285,1196.3685,1194.911,1195.223
2015-03-06 11:45:00,1195.2015,1195.6995,1194.414,1195.5819999999999
2015-03-06 12:00:00,1195.5655,1197.165,1195.439,1197.1235
2015-03-06 12:15:00,1197.114,1198.375,1195.9060000000002,1196.2185000000002
2015-03-06 12:30:00,1196.2135,1196.97,1195.46,1196.97
2015-03-06 12:45:00,1196.9645,1197.73,1196.2445,1196.358
2015-03-06 13:00:00,1196.436,1197.3685,1194.8,1196.8690000000001
2015-03-06 13:15:00,1196.868,1198.04,1195.571,1195.571
2015-03-06 13:30:00,1195.76,1196.9089999999999,1182.8515,1184.9195
2015-03-06 13:45:00,1184.966,1186.395,1182.1774999999998,1182.429
2015-03-06 14:00:00,1182.454,1182.7730000000001,1180.5405,1181.6975
2015-03-06 14:15:00,1181.69,1181.69,1175.5929999999998,1178.7849999999999
2015-03-06 14:30:00,1178.8229999999999,1179.266,1176.085,1178.966
2015-03-06 14:45:00,1178.9145,1180.15,1176.6885,1177.74
2015-03-06 15:00:00,1177.6795,1177.7175,1174.1755,1175.3890000000001
2015-03-06 15:15:00,1175.355,1175.4795,1173.436,1175.1815000000001
2015-03-06 15:30:00,1175.1615000000002,1176.7645,1174.7585000000001,1176.265
2015-03-06 15:45:00,1176.2315,1177.657,1175.925,1176.61
2015-03-06 16:00:00,1176.5415,1176.5415,1174.5655,1175.2839999999999
2015-03-06 16:15:00,1175.336,1176.475,1174.5335,1174.966
2015-03-06 16:30:00,1174.997,1175.2420000000002,1172.9955,1173.2549999999999
2015-03-06 16:45:00,1173.2504999999999,1173.786,1171.5375000000001,1171.97
2015-03-06 17:00:00,1171.9660000000001,1171.9955,1165.9695,1168.0335
2015-03-06 17:15:00,1168.1325000000002,1169.2485000000001,1167.261,1168.59
2015-03-06 17:30:00,1168.59,1168.6499999999999,1165.785,1166.9650000000001
2015-03-06 17:45:00,1166.995,1167.541,1164.685,1165.318
2015-03-06 18:00:00,1165.239,1166.325,1163.9645,1166.2269999999999
2015-03-06 18:15:00,1166.2259999999999,1166.6615,1164.663,1165.1925
2015-03-06 18:30:00,1165.1825000000001,1165.7835,1163.8825000000002,1165.688
2015-03-06 18:45:00,1165.6779999999999,1165.925,1164.6380000000001,1165.859
2015-03-06 19:00:00,1165.912,1166.2144999999998,1164.7435,1166.0204999999999
2015-03-06 19:15:00,1166.017,1167.994,1165.901,1167.9165
2015-03-06 19:30:00,1167.927,1168.2145,1167.4205000000002,1167.718
2015-03-06 19:45:00,1167.726,1168.4275,1167.632,1168.305
2015-03-06 20:00:00,1168.326,1168.3705,1167.0905,1167.2830000000001
2015-03-06 20:15:00,1167.298,1167.4209999999998,1166.2894999999999,1167.334
2015-03-06 20:30:00,1167.3545000000001,1168.0945000000002,1166.818,1166.856
2015-03-06 20:45:00,1166.9754999999998,1167.05,1165.405,1165.4795
2015-03-06 21:00:00,1165.489,1166.8715,1165.489,1166.831
2015-03-06 21:15:00,1166.8084999999999,1166.8084999999999,1165.593,1166.495
2015-03-06 21:30:00,1166.443,1167.625,1166.4245,1166.9284999999998
2015-03-06 21:45:00,1166.9315000000001,1167.8899999999999,1166.9184999999998,1167.27
2015-03-08 23:00:00,1169.465,1170.7965000000002,1168.5549999999998,1170.29
2015-03-08 23:15:00,1170.2685,1170.2685,1168.901,1169.2350000000001
2015-03-08 23:30:00,1169.21,1170.049,1169.187,1169.3020000000001
2015-03-08 23:45:00,1169.28,1170.5259999999998,1168.9904999999999,1169.833
2015-03-09 01:00:00,1170.9150000000002,1171.0685,1167.5549999999998,1169.867
2015-03-09 01:15:00,1169.9099999999999,1170.7445,1169.282,1169.872
2015-03-09 01:30:00,1169.8485,1171.7895,1169.8235,1170.4255
2015-03-09 01:45:00,1170.4325000000001,1171.744,1169.9645,1170.3110000000001
2015-03-09 02:00:00,1170.301,1171.179,1169.6055000000001,1171.078
2015-03-09 02:15:00,1170.8410000000001,1171.204,1170.3735,1170.6265
2015-03-09 02:30:00,1170.6325,1171.2240000000002,1170.3045,1170.556
2015-03-09 02:45:00,1170.5490000000002,1170.837,1169.8245,1170.4275
2015-03-09 03:00:00,1170.4270000000001,1170.95,1170.353,1170.5130000000001
2015-03-09 03:15:00,1170.491,1170.6934999999999,1169.3125,1169.683
2015-03-09 03:30:00,1169.7334999999998,1169.8635,1169.2959999999998,1169.3935
2015-03-09 03:45:00,1169.4755,1170.298,1169.402,1169.998
2015-03-09 04:00:00,1170.0230000000001,1170.5079999999998,1169.7230000000002,1169.853
2015-03-09 04:15:00,1169.8785,1170.3455,1169.865,1170.2295
2015-03-09 04:30:00,1170.235,1171.0185,1170.046,1170.678
2015-03-09 04:45:00,1170.6835,1171.198,1170.4085,1171.0829999999999
2015-03-09 05:00:00,1171.089,1171.214,1170.838,1171.009
2015-03-09 05:15:00,1170.9945,1171.009,1170.619,1170.6799999999998
2015-03-09 05:30:00,1170.6875,1171.445,1170.3665,1171.06
2015-03-09 05:45:00,1171.035,1172.5449999999998,1170.986,1172.19
2015-03-09 06:00:00,1172.184,1172.8439999999998,1171.791,1172.4085
2015-03-09 06:15:00,1172.384,1173.3685,1172.19,1173.3685
2015-03-09 06:30:00,1173.361,1173.529,1172.47,1173.1195
2015-03-09 06:45:00,1173.12,1173.4485,1172.243,1172.5484999999999
2015-03-09 07:00:00,1172.624,1173.4375,1172.4855,1173.2710000000002
2015-03-09 07:15:00,1173.2635,1173.807,1172.1454999999999,1172.6025
2015-03-09 07:30:00,1172.555,1173.104,1172.1485,1172.665
2015-03-09 07:45:00,1172.6725,1173.2019999999998,1172.31,1172.9134999999999
2015-03-09 08:00:00,1172.9254999999998,1174.009,1172.9254999999998,1173.6979999999999
2015-03-09 08:15:00,1173.6855,1174.14,1173.211,1173.5634999999997
2015-03-09 08:30:00,1173.539,1174.485,1173.333,1174.284
2015-03-09 08:45:00,1174.3,1174.6,1173.7169999999999,1174.1505
2015-03-09 09:00:00,1174.151,1174.5525,1173.3215,1173.3735
2015-03-09 09:15:00,1173.3855,1173.745,1173.105,1173.3615
2015-03-09 09:30:00,1173.336,1174.102,1173.3015,1174.037
2015-03-09 09:45:00,1174.0415,1174.3310000000001,1173.89,1174.195
2015-03-09 10:00:00,1174.256,1174.4865,1173.941,1174.0249999999999
2015-03-09 10:15:00,1174.0285,1174.185,1172.8570000000002,1172.8570000000002
2015-03-09 10:30:00,1172.8635000000002,1174.5085,1172.8545000000001,1174.285
2015-03-09 10:45:00,1174.288,1175.4385,1173.9855,1175.101
2015-03-09 11:00:00,1175.0975,1175.3285,1174.3514999999998,1174.4545
2015-03-09 11:15:00,1174.4430000000002,1175.2155,1174.4379999999999,1174.728
2015-03-09 11:30:00,1174.76,1175.301,1174.564,1174.948
2015-03-09 11:45:00,1174.955,1175.245,1173.745,1174.0449999999998
2015-03-09 12:00:00,1174.0539999999999,1175.3785,1173.955,1175.1349999999998
2015-03-09 12:15:00,1175.136,1175.2310000000002,1173.1615,1174.174
2015-03-09 12:30:00,1174.175,1174.4195,1172.2585,1172.55
2015-03-09 12:45:00,1172.5294999999999,1173.0085000000001,1171.3335000000002,1172.06
2015-03-09 13:00:00,1172.0604999999998,1172.8999999999999,1171.1245,1171.3284999999998
2015-03-09 13:15:00,1171.268,1172.0835000000002,1170.824,1171.5
2015-03-09 13:30:00,1171.4615000000001,1171.955,1169.9665,1170.3895
2015-03-09 13:45:00,1170.395,1171.421,1169.9144999999999,1171.031
2015-03-09 14:00:00,1170.9959999999999,1172.74,1170.591,1171.3625
2015-03-09 14:15:00,1171.3349999999998,1172.94,1171.3349999999998,1172.5259999999998
2015-03-09 14:30:00,1172.547,1172.762,1170.725,1170.83
2015-03-09 14:45:00,1170.7935,1170.955,1168.865,1169.51
2015-03-09 15:00:00,1169.5045,1169.908,1168.3705,1168.9925
2015-03-09 15:15:00,1168.985,1169.237,1168.4655,1169.1325
2015-03-09 15:30:00,1169.1290000000001,1169.2305000000001,1167.1465,1167.9855
2015-03-09 15:45:00,1167.9765,1168.707,1167.316,1168.6095
2015-03-09 16:00:00,1168.655,1169.066,1167.4959999999999,1167.7495000000001
2015-03-09 16:15:00,1167.7620000000002,1168.335,1167.7040000000002,1168.335
2015-03-09 16:30:00,1168.336,1169.494,1168.233,1168.2935
2015-03-09 16:45:00,1168.3015,1168.473,1167.189,1167.604
2015-03-09 17:00:00,1167.613,1167.8039999999999,1167.071,1167.2885
2015-03-09 17:15:00,1167.2815,1167.8215000000002,1167.124,1167.552
2015-03-09 17:30:00,1167.594,1168.424,1167.4150000000002,1168.306
2015-03-09 17:45:00,1168.2875,1168.3410000000001,1167.4885,1167.498
2015-03-09 18:00:00,1167.4975,1167.917,1167.326,1167.7350000000001
2015-03-09 18:15:00,1167.6855,1168.0700000000002,1167.5995,1167.9655
2015-03-09 18:30:00,1167.954,1168.092,1167.682,1167.907
2015-03-09 18:45:00,1167.8965,1168.153,1167.715,1167.9660000000001
2015-03-09 19:00:00,1167.9915,1167.994,1166.9505000000001,1167.061
2015-03-09 19:15:00,1167.069,1167.56,1167.056,1167.366
2015-03-09 19:30:00,1167.374,1167.526,1166.8505,1166.861
2015-03-09 19:45:00,1166.8595,1167.0055,1166.5659999999998,1166.9045
2015-03-09 20:00:00,1166.895,1167.151,1165.9685,1166.114
2015-03-09 20:15:00,1166.1000000000001,1167.559,1166.1000000000001,1167.3719999999998
2015-03-09 20:30:00,1167.3635000000002,1167.6295,1166.46,1166.86
2015-03-09 20:45:00,1166.891,1167.348,1166.3999999999999,1167.251
2015-03-09 21:00:00,1167.192,1167.529,1167.0390000000002,1167.355
2015-03-09 23:00:00,1167.586,1168.041,1167.3410000000001,1167.6085
2015-03-09 23:15:00,1167.608,1167.619,1166.8990000000001,1167.309
2015-03-09 23:30:00,1167.3095,1167.622,1166.413,1166.709
2015-03-09 23:45:00,1166.714,1167.588,1166.693,1166.763
2015-03-10 01:00:00,1166.9595000000002,1167.9759999999999,1166.9409999999998,1167.616
2015-03-10 01:15:00,1167.597,1169.3400000000001,1167.3970000000002,1169.202
2015-03-10 01:30:00,1169.214,1169.2145,1168.308,1168.492
2015-03-10 01:45:00,1168.512,1168.994,1168.215,1168.438
2015-03-10 02:00:00,1168.458,1168.9045,1167.066,1167.246
2015-03-10 02:15:00,1167.2455,1167.746,1166.935,1167.537
2015-03-10 02:30:00,1167.526,1167.537,1165.0,1166.92
2015-03-10 02:45:00,1166.931,1167.3165000000001,1166.1235,1166.415
2015-03-10 03:00:00,1166.4279999999999,1166.7775,1165.0725000000002,1165.0784999999998
2015-03-10 03:15:00,1165.0790000000002,1165.7765,1163.2235,1163.635
2015-03-10 03:30:00,1163.594,1163.8999999999999,1161.4125,1161.586
2015-03-10 03:45:00,1161.597,1162.265,1159.891,1161.7224999999999
2015-03-10 04:00:00,1161.691,1161.8410000000001,1160.6345000000001,1161.472
2015-03-10 04:15:00,1161.445,1162.163,1161.173,1161.73
2015-03-10 04:30:00,1161.7675,1162.092,1161.533,1161.695
2015-03-10 04:45:00,1161.702,1161.885,1161.4235,1161.4969999999998
2015-03-10 05:00:00,1161.4830000000002,1162.004,1161.032,1161.829
2015-03-10 05:15:00,1161.837,1162.127,1161.681,1162.1209999999999
2015-03-10 05:30:00,1162.098,1163.9895,1161.8020000000001,1163.5335
2015-03-10 05:45:00,1163.574,1163.804,1162.906,1162.9585
2015-03-10 06:00:00,1162.9385,1163.199,1161.4,1161.851
2015-03-10 06:15:00,1161.801,1161.871,1160.0045000000002,1160.603
2015-03-10 06:30:00,1160.594,1161.012,1159.521,1159.9505000000001
2015-03-10 06:45:00,1159.9575,1161.1235000000001,1159.675,1160.967
2015-03-10 07:00:00,1160.948,1161.1319999999998,1159.6625,1160.7195000000002
2015-03-10 07:15:00,1160.7265,1162.1190000000001,1160.5555,1161.995
2015-03-10 07:30:00,1161.9759999999999,1161.9759999999999,1160.7359999999999,1160.841
2015-03-10 07:45:00,1160.8415,1161.01,1158.0835,1158.3745000000001
2015-03-10 08:00:00,1158.3790000000001,1159.3425,1157.3274999999999,1159.29
2015-03-10 08:15:00,1159.2375,1159.2375,1157.4389999999999,1157.4715
2015-03-10 08:30:00,1157.51,1158.4714999999999,1157.047,1157.181
2015-03-10 08:45:00,1157.202,1158.606,1155.376,1158.3774999999998
2015-03-10 09:00:00,1158.3870000000002,1158.7534999999998,1157.643,1158.1565
2015-03-10 09:15:00,1158.1495,1160.645,1157.8575,1159.827
2015-03-10 09:30:00,1159.78,1160.956,1159.7075,1159.7135
2015-03-10 09:45:00,1159.7305000000001,1160.124,1158.3485,1158.8015
2015-03-10 10:00:00,1158.7965000000002,1159.609,1158.2955,1159.338
2015-03-10 10:15:00,1159.3295,1160.8065,1159.2755,1160.7980000000002
2015-03-10 10:30:00,1160.811,1163.345,1160.6190000000001,1162.805
2015-03-10 10:45:00,1162.7745,1162.805,1161.43,1162.4355
2015-03-10 11:00:00,1162.4424999999999,1162.8035,1161.5915,1162.0225
2015-03-10 11:15:00,1162.031,1164.0535,1161.8829999999998,1163.031
2015-03-10 11:30:00,1163.0559999999998,1166.39,1163.0559999999998,1165.5165
2015-03-10 11:45:00,1165.523,1166.345,1164.9989999999998,1165.12
2015-03-10 12:00:00,1165.1535,1168.0700000000002,1164.498,1167.492
2015-03-10 12:15:00,1167.4869999999999,1169.588,1167.047,1169.3854999999999
2015-03-10 12:30:00,1169.4005,1169.7565000000002,1167.61,1169.166
2015-03-10 12:45:00,1169.1695,1169.596,1167.7450000000001,1168.022
2015-03-10 13:00:00,1168.0355,1168.6299999999999,1165.8349999999998,1166.638
2015-03-10 13:15:00,1166.6385,1168.1930000000002,1166.6385,1167.981
2015-03-10 13:30:00,1167.995,1170.6495,1167.935,1170.1164999999999
2015-03-10 13:45:00,1170.0974999999999,1170.454,1167.263,1167.6705
2015-03-10 14:00:00,1167.6345000000001,1168.03,1164.6184999999998,1165.3929999999998
2015-03-10 14:15:00,1165.4060000000002,1166.6385,1165.1385,1166.1584999999998
2015-03-10 14:30:00,1166.1835,1169.2914999999998,1165.9975,1168.66
2015-03-10 14:45:00,1168.653,1168.68,1163.6755,1164.4145
2015-03-10 15:00:00,1164.373,1164.8105,1162.037,1162.3110000000001
2015-03-10 15:15:00,1162.2994999999999,1164.2019999999998,1161.815,1163.326
2015-03-10 15:30:00,1163.345,1165.4945,1162.4875,1164.8609999999999
2015-03-10 15:45:00,1164.7735,1165.1515,1162.6215,1163.1245
2015-03-10 16:00:00,1163.138,1163.9099999999999,1161.2069999999999,1161.3765
2015-03-10 16:15:00,1161.3865,1161.467,1159.6029999999998,1160.023
2015-03-10 16:30:00,1160.0285,1160.8985,1159.34,1159.34
2015-03-10 16:45:00,1159.351,1160.177,1158.936,1159.319
2015-03-10 17:00:00,1159.32,1161.372,1158.9715,1161.1609999999998
2015-03-10 17:15:00,1161.1865,1162.344,1160.808,1161.2095
2015-03-10 17:30:00,1161.25,1162.3535,1161.0665000000001,1161.167
2015-03-10 17:45:00,1161.1705000000002,1161.1999999999998,1160.109,1160.6265
2015-03-10 18:00:00,1160.6285,1161.853,1160.415,1161.356
2015-03-10 18:15:00,1161.3315,1161.614,1160.7150000000001,1161.2305
2015-03-10 18:30:00,1161.2375,1161.5559999999998,1160.613,1160.7299999999998
2015-03-10 18:45:00,1160.7224999999999,1161.5175000000002,1160.66,1161.204
2015-03-10 19:00:00,1161.2045,1161.8115,1160.9015,1161.1305
2015-03-10 19:15:00,1161.1219999999998,1161.8400000000001,1161.05,1161.6885
2015-03-10 19:30:00,1161.6805,1162.3265,1160.9035000000001,1160.9035000000001
2015-03-10 19:45:00,1160.8965,1161.343,1160.707,1161.2
2015-03-10 20:00:00,1161.2035,1162.1935,1161.1754999999998,1161.96
2015-03-10 20:15:00,1161.9655000000002,1162.548,1161.9565000000002,1162.5435
2015-03-10 20:30:00,1162.5,1162.8,1162.069,1162.4635
2015-03-10 20:45:00,1162.45,1162.4635,1161.4385,1161.795
2015-03-10 22:00:00,1162.025,1162.45,1161.528,1161.757
2015-03-10 22:15:00,1161.756,1162.827,1161.729,1162.3180000000002
2015-03-10 22:30:00,1162.2930000000001,1162.759,1161.635,1162.575
2015-03-10 22:45:00,1162.56,1162.9695,1162.3709999999999,1162.56
2015-03-10 23:00:00,1162.6100000000001,1163.202,1162.571,1162.596
2015-03-10 23:15:00,1162.5705,1163.6109999999999,1162.3799999999999,1163.461
2015-03-10 23:30:00,1163.4470000000001,1163.824,1163.35,1163.4895000000001
2015-03-10 23:45:00,1163.4295000000002,1164.0525,1163.129,1164.0494999999999
2015-03-11 01:00:00,1163.6565,1164.895,1163.5995,1164.4975
2015-03-11 01:15:00,1164.4935,1164.7269999999999,1163.7989999999998,1164.5710000000001
2015-03-11 01:30:00,1164.56,1165.173,1164.236,1165.1465
2015-03-11 01:45:00,1165.1395,1165.296,1164.359,1165.151
2015-03-11 02:00:00,1165.153,1165.286,1164.3080000000002,1164.362
2015-03-11 02:15:00,1164.356,1165.1015000000002,1164.2299999999998,1164.89
2015-03-11 02:30:00,1164.859,1165.32,1163.4425,1163.556
2015-03-11 02:45:00,1163.5359999999998,1163.7515,1163.0710000000001,1163.657
2015-03-11 03:00:00,1163.658,1163.8415,1163.3275,1163.5929999999998
2015-03-11 03:15:00,1163.608,1163.8110000000001,1163.2,1163.438
2015-03-11 03:30:00,1163.4630000000002,1163.8950000000002,1163.4485,1163.795
2015-03-11 03:45:00,1163.7450000000001,1163.7450000000001,1162.886,1162.963
2015-03-11 04:00:00,1162.965,1163.4730000000002,1162.834,1162.873
2015-03-11 04:15:00,1162.873,1162.998,1162.6535000000001,1162.6979999999999
2015-03-11 04:30:00,1162.6995000000002,1162.6999999999998,1161.5,1161.9084999999998
2015-03-11 04:45:00,1161.896,1162.2025,1161.4934999999998,1161.9344999999998
2015-03-11 05:00:00,1161.9395000000002,1162.2730000000001,1161.728,1161.814
2015-03-11 05:15:00,1161.805,1162.513,1161.7235,1162.113
2015-03-11 05:30:00,1162.1555,1163.605,1162.1555,1163.3995
2015-03-11 05:45:00,1163.395,1164.105,1163.295,1163.8449999999998
2015-03-11 06:00:00,1163.796,1163.796,1163.164,1163.644
2015-03-11 06:15:00,1163.632,1164.695,1163.6315,1164.358
2015-03-11 06:30:00,1164.364,1164.8315,1164.143,1164.2415
2015-03-11 06:45:00,1164.1915000000001,1164.3935,1163.295,1163.495
2015-03-11 07:00:00,1163.4879999999998,1163.619,1162.4905,1163.289
2015-03-11 07:15:00,1163.2835,1163.663,1162.8425,1163.435
2015-03-11 07:30:00,1163.401,1164.814,1163.155,1163.693
2015-03-11 07:45:00,1163.655,1164.805,1163.1755,1163.6064999999999
2015-03-11 08:00:00,1163.5339999999999,1163.5339999999999,1161.801,1162.63
2015-03-11 08:15:00,1162.6285,1163.212,1161.4415000000001,1162.6255
2015-03-11 08:30:00,1162.6190000000001,1162.9585,1161.7935,1162.45
2015-03-11 08:45:00,1162.4455,1162.6999999999998,1161.271,1161.605
2015-03-11 09:00:00,1161.655,1162.7169999999999,1161.449,1162.5965
2015-03-11 09:15:00,1162.6015,1163.28,1160.6999999999998,1161.1689999999999
2015-03-11 09:30:00,1161.1775,1161.4080000000001,1159.3855,1159.8500000000001
2015-03-11 09:45:00,1159.851,1159.892,1157.725,1158.5095
2015-03-11 10:00:00,1158.536,1159.2965,1158.367,1158.597
2015-03-11 10:15:00,1158.6225,1159.368,1158.1989999999998,1158.2235
2015-03-11 10:30:00,1158.2134999999998,1159.197,1157.068,1157.35
2015-03-11 10:45:00,1157.3865,1158.723,1156.8585,1158.1799999999998
2015-03-11 11:00:00,1158.1995,1159.2075000000002,1158.103,1159.0
2015-03-11 11:15:00,1158.993,1160.492,1158.945,1160.3265000000001
2015-03-11 11:30:00,1160.317,1160.3519999999999,1158.6985,1159.855
2015-03-11 11:45:00,1159.9005,1159.905,1157.6634999999999,1158.033
2015-03-11 12:00:00,1158.0325,1159.8894999999998,1157.9640000000002,1159.716
2015-03-11 12:15:00,1159.719,1160.845,1159.205,1159.414
2015-03-11 12:30:00,1159.413,1159.414,1156.8985000000002,1158.6565
2015-03-11 12:45:00,1158.637,1159.0735,1157.71,1159.018
2015-03-11 13:00:00,1159.0104999999999,1160.164,1158.3565,1159.8675
2015-03-11 13:15:00,1159.858,1160.014,1157.952,1158.8200000000002
2015-03-11 13:30:00,1158.815,1159.1464999999998,1156.545,1158.314
2015-03-11 13:45:00,1158.3015,1158.6235,1155.2849999999999,1156.94
2015-03-11 14:00:00,1156.97,1157.4005,1153.0865,1153.1770000000001
2015-03-11 14:15:00,1153.1845,1153.45,1150.765,1151.7510000000002
2015-03-11 14:30:00,1151.7389999999998,1153.156,1150.34,1152.9399999999998
2015-03-11 14:45:00,1152.943,1153.585,1151.881,1152.018
2015-03-11 15:00:00,1152.04,1152.241,1147.628,1149.7250000000001
2015-03-11 15:15:00,1149.709,1151.8365,1148.555,1151.8084999999999
2015-03-11 15:30:00,1151.7845000000002,1151.7845000000002,1149.465,1151.1855
2015-03-11 15:45:00,1151.191,1154.184,1151.1635,1152.512
2015-03-11 16:00:00,1152.51,1152.6975,1150.629,1151.459
2015-03-11 16:15:00,1151.4595,1152.2895,1150.786,1151.4669999999999
2015-03-11 16:30:00,1151.413,1151.8619999999999,1149.579,1150.124
2015-03-11 16:45:00,1150.1235000000001,1150.483,1148.476,1150.041
2015-03-11 17:00:00,1150.05,1151.243,1149.2555,1151.055
2015-03-11 17:15:00,1151.089,1151.996,1150.705,1151.9485
2015-03-11 17:30:00,1151.981,1152.3885,1150.9705000000001,1151.1705
2015-03-11 17:45:00,1151.171,1151.583,1150.842,1151.2725
2015-03-11 18:00:00,1151.278,1153.0,1151.2635,1152.697
2015-03-11 18:15:00,1152.7,1153.73,1152.5259999999998,1153.368
2015-03-11 18:30:00,1153.3635,1153.8,1152.65,1153.0
2015-03-11 18:45:00,1152.9705,1153.0935,1152.414,1152.7515
2015-03-11 19:00:00,1152.8,1153.143,1152.6205,1153.098
2015-03-11 19:15:00,1153.048,1154.1685,1153.045,1154.1685
2015-03-11 19:30:00,1154.174,1154.3959999999997,1153.7839999999999,1154.3845
2015-03-11 19:45:00,1154.384,1154.504,1153.8790000000001,1153.896
2015-03-11 20:00:00,1153.8835000000001,1155.199,1153.8835000000001,1154.6765
2015-03-11 20:15:00,1154.6785,1154.9545,1154.156,1154.8635000000002
2015-03-11 20:30:00,1154.8545000000001,1155.104,1154.6035,1154.604
2015-03-11 20:45:00,1154.624,1155.345,1154.624,1155.345
2015-03-11 21:00:00,1155.2810000000002,1155.2810000000002,1155.2250000000001,1155.2250000000001
2015-03-11 22:00:00,1155.4144999999999,1156.291,1155.2074999999998,1155.721
2015-03-11 22:15:00,1155.7169999999999,1155.8985,1155.598,1155.826
2015-03-11 22:30:00,1155.821,1156.131,1155.4814999999999,1155.521
2015-03-11 22:45:00,1155.526,1155.6329999999998,1155.055,1155.0555
2015-03-11 23:00:00,1155.056,1155.338,1154.6855,1155.292
2015-03-11 23:15:00,1155.2810000000002,1155.625,1155.094,1155.109
2015-03-11 23:30:00,1155.125,1155.208,1154.7975000000001,1154.7975000000001
2015-03-11 23:45:00,1154.8020000000001,1155.776,1154.695,1155.6605000000002
2015-03-12 01:00:00,1154.3890000000001,1154.3890000000001,1151.964,1152.3815
2015-03-12 01:15:00,1152.4065,1153.0445,1151.9765,1152.289
2015-03-12 01:30:00,1152.2985,1152.4185,1150.624,1152.0975
2015-03-12 01:45:00,1152.1174999999998,1152.1589999999999,1150.3215,1150.627
2015-03-12 02:00:00,1150.62,1151.9835,1150.4105,1151.476
2015-03-12 02:15:00,1151.474,1152.3220000000001,1150.928,1151.915
2015-03-12 02:30:00,1151.9285,1152.425,1150.849,1151.0225
2015-03-12 02:45:00,1151.0300000000002,1152.34,1150.9705000000001,1152.002
2015-03-12 03:00:00,1151.994,1152.5805,1151.56,1152.571
2015-03-12 03:15:00,1152.581,1152.77,1151.74,1151.955
2015-03-12 03:30:00,1152.029,1152.584,1152.005,1152.405
2015-03-12 03:45:00,1152.3835,1153.029,1152.3175,1152.4750000000001
2015-03-12 04:00:00,1152.472,1152.6665,1151.8435,1152.0405
2015-03-12 04:15:00,1152.0435,1152.8485,1152.0265,1152.335
2015-03-12 04:30:00,1152.413,1153.285,1152.277,1152.8870000000002
2015-03-12 04:45:00,1152.8815,1153.7534999999998,1152.713,1153.449
2015-03-12 05:00:00,1153.488,1154.645,1153.223,1154.645
2015-03-12 05:15:00,1154.678,1154.724,1153.7585,1154.2385
2015-03-12 05:30:00,1154.2325,1155.9515000000001,1153.568,1155.9515000000001
2015-03-12 05:45:00,1155.962,1158.872,1155.952,1158.7255
2015-03-12 06:00:00,1158.766,1161.8525,1158.766,1161.6415
2015-03-12 06:15:00,1161.5860000000002,1162.1085,1160.6715,1161.6985
2015-03-12 06:30:00,1161.6795,1163.9389999999999,1160.7445,1163.289
2015-03-12 06:45:00,1163.2884999999999,1166.695,1163.194,1164.5800000000002
2015-03-12 07:00:00,1164.612,1166.388,1163.564,1165.57
2015-03-12 07:15:00,1165.5815,1165.7605,1163.3545,1163.555
2015-03-12 07:30:00,1163.5315,1164.2105000000001,1162.4815,1163.382
2015-03-12 07:45:00,1163.3565,1163.8200000000002,1162.0115,1162.5810000000001
2015-03-12 08:00:00,1162.6045000000001,1162.8725,1158.7035,1160.056
2015-03-12 08:15:00,1160.0494999999999,1161.1564999999998,1159.759,1160.9705
2015-03-12 08:30:00,1160.978,1161.059,1158.3095,1159.2665
2015-03-12 08:45:00,1159.2685,1160.525,1158.6805,1159.817
2015-03-12 09:00:00,1159.787,1159.9550000000002,1158.2885,1158.6085
2015-03-12 09:15:00,1158.589,1159.6845,1158.2625,1159.155
2015-03-12 09:30:00,1159.0745,1160.262,1158.75,1159.681
2015-03-12 09:45:00,1159.701,1160.1235,1158.911,1159.871
2015-03-12 10:00:00,1159.853,1161.3325,1159.535,1160.6605
2015-03-12 10:15:00,1160.651,1160.651,1159.407,1160.3549999999998
2015-03-12 10:30:00,1160.3265000000001,1161.247,1160.246,1160.45
2015-03-12 10:45:00,1160.4655,1161.647,1160.3000000000002,1160.5004999999999
2015-03-12 11:00:00,1160.4805,1160.643,1158.3715,1159.5330000000001
2015-03-12 11:15:00,1159.5585,1160.25,1159.029,1160.095
2015-03-12 11:30:00,1160.056,1160.574,1159.146,1160.1665
2015-03-12 11:45:00,1160.16,1160.16,1158.3684999999998,1159.309
2015-03-12 12:00:00,1159.3065,1159.5835000000002,1156.934,1157.498
2015-03-12 12:15:00,1157.4785,1157.665,1156.271,1156.73
2015-03-12 12:30:00,1156.725,1161.4854999999998,1156.4699999999998,1157.6264999999999
2015-03-12 12:45:00,1157.6319999999998,1159.1494999999998,1155.8925,1156.7615
2015-03-12 13:00:00,1156.7545,1159.4765,1156.6605,1158.694
2015-03-12 13:15:00,1158.703,1158.903,1157.4260000000002,1157.909
2015-03-12 13:30:00,1157.8995,1158.327,1154.8449999999998,1155.1365
2015-03-12 13:45:00,1155.1615,1156.215,1153.437,1153.5265
2015-03-12 14:00:00,1153.632,1155.1075,1152.9395000000002,1154.0555000000002
2015-03-12 14:15:00,1154.049,1154.422,1153.2315,1154.1865
2015-03-12 14:30:00,1154.194,1155.002,1153.9755,1154.25
2015-03-12 14:45:00,1154.2465,1154.552,1152.5214999999998,1153.2565
2015-03-12 15:00:00,1153.279,1153.923,1152.186,1153.8565
2015-03-12 15:15:00,1153.951,1155.3795,1153.7295,1153.773
2015-03-12 15:30:00,1153.7175000000002,1153.7189999999998,1152.595,1152.745
2015-03-12 15:45:00,1152.7404999999999,1152.969,1150.135,1151.407
2015-03-12 16:00:00,1151.3770000000002,1151.69,1150.54,1151.2565
2015-03-12 16:15:00,1151.3214999999998,1151.566,1150.3464999999999,1151.56
2015-03-12 16:30:00,1151.54,1151.56,1148.6695,1149.862
2015-03-12 16:45:00,1150.014,1152.1529999999998,1149.822,1151.386
2015-03-12 17:00:00,1151.4109999999998,1152.88,1150.862,1152.51
2015-03-12 17:15:00,1152.516,1153.43,1151.7865000000002,1153.2005
2015-03-12 17:30:00,1153.18,1155.022,1153.056,1154.4235
2015-03-12 17:45:00,1154.4245,1154.635,1153.5765,1153.772
2015-03-12 18:00:00,1153.7794999999999,1155.1245,1153.6745,1154.2795
2015-03-12 18:15:00,1154.3335,1154.9745000000003,1154.295,1154.295
2015-03-12 18:30:00,1154.3295,1154.52,1152.6975,1152.8015
2015-03-12 18:45:00,1152.776,1153.529,1152.6109999999999,1153.46
2015-03-12 19:00:00,1153.4645,1153.7279999999998,1152.9489999999998,1153.45
2015-03-12 19:15:00,1153.4245,1154.29,1153.3165000000001,1153.6515
2015-03-12 19:30:00,1153.6950000000002,1153.85,1152.9305000000002,1153.031
2015-03-12 19:45:00,1153.0305,1153.915,1152.9955,1153.4535
2015-03-12 20:00:00,1153.4275,1153.4275,1152.5099999999998,1152.81
2015-03-12 20:15:00,1152.7975,1152.9265,1152.52,1152.529
2015-03-12 20:30:00,1152.5185000000001,1152.9180000000001,1152.4185,1152.7845
2015-03-12 20:45:00,1152.7745,1154.2105,1152.355,1153.7150000000001
2015-03-12 22:00:00,1153.615,1154.3205,1153.3785,1154.1019999999999
2015-03-12 22:15:00,1154.1025000000002,1154.8295,1154.012,1154.6295
2015-03-12 22:30:00,1154.6299999999999,1154.9299999999998,1154.2535,1154.603
2015-03-12 22:45:00,1154.5955,1154.73,1153.829,1153.954
2015-03-12 23:00:00,1153.9950000000001,1154.795,1153.8,1154.457
2015-03-12 23:15:00,1154.425,1155.292,1154.425,1155.292
2015-03-12 23:30:00,1155.2994999999999,1155.2994999999999,1154.5210000000002,1154.5210000000002
2015-03-12 23:45:00,1154.5194999999999,1154.635,1154.2404999999999,1154.2404999999999
2015-03-13 01:00:00,1157.339,1158.8020000000001,1156.8,1158.0465
2015-03-13 01:15:00,1158.045,1158.7085,1157.45,1157.4965
2015-03-13 01:30:00,1157.4695,1158.5435,1157.15,1158.1685
2015-03-13 01:45:00,1158.188,1158.5935,1157.7885,1158.3980000000001
2015-03-13 02:00:00,1158.3984999999998,1159.9925,1158.3565,1159.8500000000001
2015-03-13 02:15:00,1159.8500000000001,1160.545,1159.4915,1159.9450000000002
2015-03-13 02:30:00,1159.9454999999998,1160.7994999999999,1159.3015,1160.612
2015-03-13 02:45:00,1160.6,1161.8790000000001,1160.229,1160.4015
2015-03-13 03:00:00,1160.3944999999999,1160.8785,1159.825,1160.6315
2015-03-13 03:15:00,1160.661,1161.025,1159.737,1159.8765
2015-03-13 03:30:00,1159.8405,1160.2315,1159.455,1159.7915
2015-03-13 03:45:00,1159.777,1160.0349999999999,1159.526,1159.5585
2015-03-13 04:00:00,1159.5749999999998,1159.6250000000002,1158.7250000000001,1159.1249999999998
2015-03-13 04:15:00,1159.084,1159.1249999999998,1158.766,1158.9225
2015-03-13 04:30:00,1158.8799999999999,1159.3135,1158.756,1159.3135
2015-03-13 04:45:00,1159.325,1159.7785,1159.325,1159.525
2015-03-13 05:00:00,1159.5890000000002,1159.73,1158.98,1159.113
2015-03-13 05:15:00,1159.1384999999998,1160.2235,1159.1384999999998,1159.61
2015-03-13 05:30:00,1159.671,1161.8300000000002,1159.536,1161.205
2015-03-13 05:45:00,1161.2385,1161.305,1160.525,1161.1785000000002
2015-03-13 06:00:00,1161.1285,1161.33,1160.338,1160.835
2015-03-13 06:15:00,1160.85,1161.04,1159.2155,1159.216
2015-03-13 06:30:00,1159.2155,1159.5,1158.4154999999998,1158.485
2015-03-13 06:45:00,1158.519,1159.125,1158.4534999999998,1158.633
2015-03-13 07:00:00,1158.64,1159.632,1158.6000000000001,1159.6205
2015-03-13 07:15:00,1159.6274999999998,1160.4099999999999,1159.321,1159.6115
2015-03-13 07:30:00,1159.6599999999999,1160.21,1159.01,1159.1744999999999
2015-03-13 07:45:00,1159.1695,1159.855,1159.0365,1159.3175
2015-03-13 08:00:00,1159.31,1159.9589999999998,1158.239,1159.8425
2015-03-13 08:15:00,1159.715,1160.43,1159.6019999999999,1159.89
2015-03-13 08:30:00,1159.88,1159.88,1158.8100000000002,1159.01
2015-03-13 08:45:00,1159.06,1159.61,1158.6005,1158.6005
2015-03-13 09:00:00,1158.629,1158.915,1155.9985000000001,1156.3215
2015-03-13 09:15:00,1156.314,1156.6585,1155.7335,1156.1060000000002
2015-03-13 09:30:00,1156.1315,1157.217,1156.1060000000002,1157.2015000000001
2015-03-13 09:45:00,1157.1770000000001,1157.345,1155.705,1155.79
2015-03-13 10:00:00,1155.798,1157.2765,1155.7835,1156.955
2015-03-13 10:15:00,1156.9434999999999,1157.005,1155.673,1155.762
2015-03-13 10:30:00,1155.7685,1156.4650000000001,1155.7635,1155.9085
2015-03-13 10:45:00,1155.9335,1157.5399999999997,1155.6365,1157.33
2015-03-13 11:00:00,1157.2805,1157.38,1155.886,1155.9455
2015-03-13 11:15:00,1155.9205,1156.8875,1155.542,1156.355
2015-03-13 11:30:00,1156.405,1156.971,1155.9355,1155.9985000000001
2015-03-13 11:45:00,1155.9705000000001,1156.1245,1154.1419999999998,1155.0900000000001
2015-03-13 12:00:00,1155.04,1155.6200000000001,1154.5185,1155.57
2015-03-13 12:15:00,1155.5755,1157.93,1155.57,1157.1705
2015-03-13 12:30:00,1157.1785,1158.7450000000001,1156.2155,1156.9105
2015-03-13 12:45:00,1156.911,1159.401,1156.9105,1158.825
2015-03-13 13:00:00,1158.8445,1159.335,1157.126,1157.316
2015-03-13 13:15:00,1157.3235,1158.178,1157.1860000000001,1157.705
2015-03-13 13:30:00,1157.7504999999999,1158.639,1156.4695000000002,1158.5
2015-03-13 13:45:00,1158.545,1159.39,1155.6205,1156.2
2015-03-13 14:00:00,1156.3015,1156.8745,1154.1779999999999,1155.5975
2015-03-13 14:15:00,1155.605,1156.3335,1152.72,1153.386
2015-03-13 14:30:00,1153.404,1155.1200000000001,1153.3670000000002,1154.2450000000001
2015-03-13 14:45:00,1154.2455,1154.993,1153.5315,1153.912
2015-03-13 15:00:00,1153.943,1154.0175000000002,1151.5,1152.145
2015-03-13 15:15:00,1152.1385,1153.1085,1151.573,1152.398
2015-03-13 15:30:00,1152.355,1154.5605,1152.355,1153.561
2015-03-13 15:45:00,1153.558,1154.357,1153.2135,1154.045
2015-03-13 16:00:00,1154.02,1154.548,1153.374,1153.436
2015-03-13 16:15:00,1153.4685,1153.8835,1152.6645,1153.3935
2015-03-13 16:30:00,1153.3845,1153.3845,1152.558,1153.074
2015-03-13 16:45:00,1153.0795,1153.55,1152.9109999999998,1153.455
2015-03-13 17:00:00,1153.4569999999999,1154.3755,1153.247,1154.124
2015-03-13 17:15:00,1154.1495000000002,1154.4585000000002,1153.1235000000001,1153.2345
2015-03-13 17:30:00,1153.2405,1155.55,1153.2405,1155.075
2015-03-13 17:45:00,1155.096,1156.5415,1154.8500000000001,1155.783
2015-03-13 18:00:00,1155.773,1155.9235,1154.7350000000001,1155.6284999999998
2015-03-13 18:15:00,1155.6245000000001,1156.113,1154.55,1154.809
2015-03-13 18:30:00,1154.81,1155.214,1154.349,1154.3495
2015-03-13 18:45:00,1154.355,1155.6055000000001,1154.355,1155.599
2015-03-13 19:00:00,1155.5995,1156.325,1155.3605,1155.4155
2015-03-13 19:15:00,1155.442,1156.145,1155.2489999999998,1156.145
2015-03-13 19:30:00,1156.1245,1156.1245,1155.545,1155.844
2015-03-13 19:45:00,1155.8685,1155.938,1155.355,1155.405
2015-03-13 20:00:00,1155.355,1155.7885,1155.1490000000001,1155.358
2015-03-13 20:15:00,1155.3000000000002,1156.5585,1155.2534999999998,1156.2785
2015-03-13 20:30:00,1156.3185,1156.9385,1156.1535,1156.9095
2015-03-13 20:45:00,1156.9089999999999,1159.3035,1156.9089999999999,1158.4985
2015-03-15 22:00:00,1158.965,1158.965,1157.0555,1157.056
2015-03-15 22:15:00,1157.031,1157.6395,1156.2935,1157.2595
2015-03-15 22:30:00,1157.259,1157.3385,1156.625,1156.8549999999998
2015-03-15 22:45:00,1156.869,1157.0485,1155.831,1156.1885
2015-03-15 23:00:00,1156.189,1157.384,1155.92,1156.2355
2015-03-15 23:15:00,1156.2375,1156.69,1155.9999999999998,1156.238
2015-03-15 23:30:00,1156.2285,1156.7185,1156.1,1156.602
2015-03-15 23:45:00,1156.578,1157.185,1156.524,1157.028
2015-03-16 01:00:00,1155.614,1155.691,1153.678,1154.7450000000001
2015-03-16 01:15:00,1154.7,1156.536,1154.5375,1156.2835
2015-03-16 01:30:00,1156.308,1160.0349999999999,1156.2315,1159.0789999999997
2015-03-16 01:45:00,1159.0900000000001,1159.876,1158.6515,1159.449
2015-03-16 02:00:00,1159.43,1159.9540000000002,1159.1885,1159.9540000000002
2015-03-16 02:15:00,1159.952,1160.052,1158.805,1159.407
2015-03-16 02:30:00,1159.4155,1159.911,1158.9470000000001,1159.3095
2015-03-16 02:45:00,1159.2845,1159.357,1158.265,1158.765
2015-03-16 03:00:00,1158.7265,1159.305,1158.665,1158.9775
2015-03-16 03:15:00,1158.9524999999999,1159.8990000000001,1158.937,1159.4445
2015-03-16 03:30:00,1159.4345,1159.5874999999999,1158.733,1158.748
2015-03-16 03:45:00,1158.732,1159.1325,1158.732,1158.8464999999999
2015-03-16 04:00:00,1158.857,1159.2424999999998,1158.8239999999998,1159.085
2015-03-16 04:15:00,1159.078,1159.4375,1158.8795,1159.4234999999999
2015-03-16 04:30:00,1159.385,1159.841,1159.025,1159.4735
2015-03-16 04:45:00,1159.4675,1160.3325,1159.4625,1160.3325
2015-03-16 05:00:00,1160.3400000000001,1160.3400000000001,1159.333,1159.9385
2015-03-16 05:15:00,1159.9395,1160.224,1159.4005,1160.035
2015-03-16 05:30:00,1160.0695,1163.035,1159.5369999999998,1162.8235
2015-03-16 05:45:00,1162.814,1163.1865,1162.2820000000002,1162.657
2015-03-16 06:00:00,1162.6985,1163.8785,1162.6985,1162.7915
2015-03-16 06:15:00,1162.7659999999998,1163.8535,1162.7414999999999,1163.847
2015-03-16 06:30:00,1163.8445000000002,1164.1895,1163.0430000000001,1163.635
2015-03-16 06:45:00,1163.685,1163.718,1162.885,1163.0
2015-03-16 07:00:00,1163.035,1163.175,1161.5349999999999,1161.7250000000001
2015-03-16 07:15:00,1161.6805,1162.385,1161.107,1162.385
2015-03-16 07:30:00,1162.3685,1162.4465,1161.585,1161.9250000000002
2015-03-16 07:45:00,1161.937,1163.585,1161.6885,1162.459
2015-03-16 08:00:00,1162.451,1162.937,1162.087,1162.575
2015-03-16 08:15:00,1162.5725,1162.7649999999999,1158.884,1159.5585
2015-03-16 08:30:00,1159.5784999999998,1160.0535,1158.9635,1159.7995
2015-03-16 08:45:00,1159.8220000000001,1160.1515,1159.5594999999998,1159.5594999999998
2015-03-16 09:00:00,1159.5295,1159.5295,1157.825,1157.92
2015-03-16 09:15:00,1157.91,1158.62,1157.378,1157.8185
2015-03-16 09:30:00,1157.8,1158.15,1157.3925,1158.0235
2015-03-16 09:45:00,1158.0155,1158.3385,1157.8155000000002,1158.279
2015-03-16 10:00:00,1158.229,1158.444,1157.865,1158.0459999999998
2015-03-16 10:15:00,1158.039,1158.085,1156.8339999999998,1156.9205
2015-03-16 10:30:00,1156.965,1157.555,1156.2615,1157.1770000000001
2015-03-16 10:45:00,1157.1845,1157.4850000000001,1156.7820000000002,1157.086
2015-03-16 11:00:00,1157.076,1157.2865,1156.1505,1156.709
2015-03-16 11:15:00,1156.7085,1157.7795,1156.6835,1157.0005
2015-03-16 11:30:00,1157.035,1157.3365,1155.485,1155.485
2015-03-16 11:45:00,1155.5565000000001,1156.8535000000002,1155.485,1156.8349999999998
2015-03-16 12:00:00,1156.7779999999998,1158.846,1155.9975000000002,1157.93
2015-03-16 12:15:00,1157.924,1158.02,1155.52,1155.719
2015-03-16 12:30:00,1155.7535000000003,1156.0085000000001,1153.96,1154.2915
2015-03-16 12:45:00,1154.297,1155.641,1153.88,1153.8865
2015-03-16 13:00:00,1153.887,1156.6915,1153.887,1155.9355
2015-03-16 13:15:00,1155.9660000000001,1158.7035,1155.9335,1157.671
2015-03-16 13:30:00,1157.6105,1158.665,1157.4155,1157.4275
2015-03-16 13:45:00,1157.445,1157.8039999999999,1155.834,1155.8495
2015-03-16 14:00:00,1155.8185,1156.656,1155.2865000000002,1155.4855
2015-03-16 14:15:00,1155.461,1155.7649999999999,1152.8345,1153.8405
2015-03-16 14:30:00,1153.8305,1153.865,1152.4545,1153.541
2015-03-16 14:45:00,1153.516,1153.6725000000001,1150.5594999999998,1150.7614999999998
2015-03-16 15:00:00,1150.701,1152.4715,1150.4585,1151.98
2015-03-16 15:15:00,1152.0,1153.2830000000001,1151.8895,1152.1734999999999
2015-03-16 15:30:00,1152.205,1153.6930000000002,1151.3999999999999,1153.1645
2015-03-16 15:45:00,1153.175,1153.672,1152.67,1152.773
2015-03-16 16:00:00,1152.7530000000002,1153.6764999999998,1152.333,1152.8735000000001
2015-03-16 16:15:00,1152.8680000000002,1153.02,1152.392,1152.6745
2015-03-16 16:30:00,1152.675,1153.105,1152.25,1152.7495
2015-03-16 16:45:00,1152.785,1154.739,1152.7404999999999,1154.344
2015-03-16 17:00:00,1154.3365,1154.936,1153.9655,1154.2315
2015-03-16 17:15:00,1154.2604999999999,1154.735,1153.5484999999999,1154.31
2015-03-16 17:30:00,1154.3355,1155.2505,1154.3355,1154.9510000000002
2015-03-16 17:45:00,1155.048,1155.1225,1154.4180000000001,1154.4255
2015-03-16 18:00:00,1154.4374999999998,1154.6395,1154.1435,1154.2725
2015-03-16 18:15:00,1154.273,1154.8465,1153.3975,1153.788
2015-03-16 18:30:00,1153.776,1154.2275,1153.2335,1154.2235
2015-03-16 18:45:00,1154.2345,1154.41,1153.6235,1154.0595
2015-03-16 19:00:00,1154.0890000000002,1155.1299999999999,1153.9525,1154.9320000000002
2015-03-16 19:15:00,1154.9134999999999,1154.9134999999999,1153.89,1153.93
2015-03-16 19:30:00,1153.92,1154.8300000000002,1153.7995,1154.603
2015-03-16 19:45:00,1154.623,1155.3155,1154.1285,1154.95
2015-03-16 20:00:00,1154.9625,1155.33,1154.8925000000002,1155.03
2015-03-16 20:15:00,1154.9904999999999,1155.105,1154.53,1154.53
2015-03-16 20:30:00,1154.5294999999999,1154.8645000000001,1154.4734999999998,1154.63
2015-03-16 20:45:00,1154.643,1154.83,1154.4799999999998,1154.78
2015-03-16 22:00:00,1154.6395,1155.241,1154.2,1154.7
2015-03-16 22:15:00,1154.65,1155.0005,1154.5,1154.95
2015-03-16 22:30:00,1154.9499999999998,1154.95,1154.3,1154.325
2015-03-16 22:45:00,1154.325,1154.8415,1154.0555000000002,1154.8300000000002
2015-03-16 23:00:00,1154.8,1155.494,1154.7,1155.415
2015-03-16 23:15:00,1155.395,1156.6285,1155.2160000000001,1156.538
2015-03-16 23:30:00,1156.5255,1156.536,1156.0600000000002,1156.536
2015-03-16 23:45:00,1156.5,1157.015,1156.363,1156.5104999999999
2015-03-17 01:00:00,1155.3125,1155.3125,1152.325,1153.6290000000001
2015-03-17 01:15:00,1153.6285,1153.6285,1152.13,1152.88
2015-03-17 01:30:00,1152.8555000000001,1154.4045,1152.43,1154.2005
2015-03-17 01:45:00,1154.195,1155.3809999999999,1153.859,1154.8635000000002
2015-03-17 02:00:00,1154.8285,1155.184,1154.4075,1155.0484999999999
2015-03-17 02:15:00,1155.098,1156.144,1155.035,1155.7105
2015-03-17 02:30:00,1155.6799999999998,1156.0525,1155.2,1155.6999999999998
2015-03-17 02:45:00,1155.7475,1155.9275,1155.1995,1155.8275
2015-03-17 03:00:00,1155.8065,1156.709,1155.5915,1155.7414999999999
2015-03-17 03:15:00,1155.7614999999998,1156.227,1155.587,1155.6945
2015-03-17 03:30:00,1155.6560000000002,1156.39,1155.6560000000002,1155.917
2015-03-17 03:45:00,1155.9270000000001,1155.9745,1155.3765,1155.477
2015-03-17 04:00:00,1155.4565,1155.8105,1155.4005,1155.631
2015-03-17 04:15:00,1155.6370000000002,1155.7375,1154.8809999999999,1155.006
2015-03-17 04:30:00,1155.014,1155.603,1154.9495,1155.4515000000001
2015-03-17 04:45:00,1155.445,1155.6270000000002,1155.0465,1155.156
2015-03-17 05:00:00,1155.15,1155.5345,1154.905,1155.345
2015-03-17 05:15:00,1155.345,1155.428,1154.7855,1154.8005
2015-03-17 05:30:00,1154.7995,1155.1995,1154.3985,1155.003
2015-03-17 05:45:00,1155.0125,1155.2085,1153.2055,1153.6895000000002
2015-03-17 06:00:00,1153.6805000000002,1154.9305,1153.262,1154.4724999999999
2015-03-17 06:15:00,1154.4270000000001,1155.63,1154.4215000000002,1155.5695
2015-03-17 06:30:00,1155.57,1156.6644999999999,1155.2340000000002,1156.546
2015-03-17 06:45:00,1156.595,1157.1105,1156.1465,1156.4765000000002
2015-03-17 07:00:00,1156.4534999999998,1156.663,1155.759,1156.0115
2015-03-17 07:15:00,1156.0040000000001,1156.899,1155.3835,1156.243
2015-03-17 07:30:00,1156.2435,1156.614,1155.7285,1155.743
2015-03-17 07:45:00,1155.758,1156.0475000000001,1154.95,1155.4205
2015-03-17 08:00:00,1155.414,1155.421,1154.0005,1154.55
2015-03-17 08:15:00,1154.4499999999998,1154.6235,1153.947,1154.4454999999998
2015-03-17 08:30:00,1154.4499999999998,1154.65,1153.9479999999999,1154.1444999999999
2015-03-17 08:45:00,1154.1399999999999,1154.2,1153.6385,1153.8
2015-03-17 09:00:00,1153.8315,1155.2,1153.63,1154.8655
2015-03-17 09:15:00,1154.8600000000001,1155.432,1154.6399999999999,1154.9499999999998
2015-03-17 09:30:00,1154.9489999999998,1155.394,1154.88,1155.2299999999998
2015-03-17 09:45:00,1155.2305000000001,1155.9315,1155.0684999999999,1155.6619999999998
2015-03-17 10:00:00,1155.6789999999999,1156.0310000000002,1155.4465,1155.53
2015-03-17 10:15:00,1155.532,1155.532,1154.255,1154.8500000000001
2015-03-17 10:30:00,1154.8500000000001,1154.9959999999999,1154.0520000000001,1154.335
2015-03-17 10:45:00,1154.3325,1154.3625,1153.8084999999999,1154.3605
2015-03-17 11:00:00,1154.359,1155.085,1154.1450000000002,1154.9215
2015-03-17 11:15:00,1154.913,1155.0585,1153.2685000000001,1153.6145000000001
2015-03-17 11:30:00,1153.6095,1153.6529999999998,1152.705,1153.03
2015-03-17 11:45:00,1153.028,1153.8015,1152.6299999999999,1153.7375000000002
2015-03-17 12:00:00,1153.7414999999999,1153.94,1152.3735,1152.855
2015-03-17 12:15:00,1152.871,1153.195,1151.255,1151.579
2015-03-17 12:30:00,1151.479,1153.65,1151.136,1152.029
2015-03-17 12:45:00,1152.0355,1152.32,1149.9065,1149.9385
2015-03-17 13:00:00,1149.932,1150.03,1143.9370000000001,1145.6665
2015-03-17 13:15:00,1145.642,1145.762,1142.8805,1144.8505
2015-03-17 13:30:00,1144.8585,1146.785,1143.88,1146.547
2015-03-17 13:45:00,1146.553,1159.901,1146.3799999999999,1158.4035
2015-03-17 14:00:00,1158.4150000000002,1158.7630000000001,1154.4454999999998,1156.0449999999998
2015-03-17 14:15:00,1155.9950000000001,1156.97,1155.1235,1156.715
2015-03-17 14:30:00,1156.755,1157.715,1154.182,1154.7185
2015-03-17 14:45:00,1154.7265,1154.9005000000002,1151.491,1151.7450000000001
2015-03-17 15:00:00,1151.7884999999999,1152.719,1149.5149999999999,1152.6615
2015-03-17 15:15:00,1152.6715,1152.6715,1149.955,1151.6355
2015-03-17 15:30:00,1151.6365,1152.7649999999999,1150.409,1150.71
2015-03-17 15:45:00,1150.7265,1151.31,1149.2055,1149.4599999999998
2015-03-17 16:00:00,1149.462,1150.4,1146.9045,1148.1850000000002
2015-03-17 16:15:00,1148.124,1149.0145,1147.3855,1148.1715
2015-03-17 16:30:00,1148.1870000000001,1148.6215,1147.5304999999998,1148.3435
2015-03-17 16:45:00,1148.289,1149.6895,1147.8465,1149.443
2015-03-17 17:00:00,1149.409,1149.8685,1149.123,1149.7150000000001
2015-03-17 17:15:00,1149.7145,1150.0030000000002,1148.8145,1148.919
2015-03-17 17:30:00,1148.9515000000001,1149.02,1148.2825,1148.6235000000001
2015-03-17 17:45:00,1148.6329999999998,1149.0535000000002,1148.617,1148.617
2015-03-17 18:00:00,1148.6225000000002,1148.7145,1147.386,1147.4640000000002
2015-03-17 18:15:00,1147.4795,1148.6145000000001,1147.28,1148.1135
2015-03-17 18:30:00,1148.1115,1148.3855,1147.2715,1148.23
2015-03-17 18:45:00,1148.2369999999999,1148.3944999999999,1147.6095,1148.1045
2015-03-17 19:00:00,1148.098,1148.835,1147.981,1148.5095000000001
2015-03-17 19:15:00,1148.509,1149.2615,1148.4245,1148.881
2015-03-17 19:30:00,1148.8805,1149.3185,1148.6805,1149.128
2015-03-17 19:45:00,1149.1285,1149.2465,1148.3545,1148.612
2015-03-17 20:00:00,1148.6115,1148.9815,1148.473,1148.9474999999998
2015-03-17 20:15:00,1148.948,1149.595,1148.946,1149.4450000000002
2015-03-17 20:30:00,1149.48,1149.6100000000001,1149.12,1149.5295
2015-03-17 20:45:00,1149.529,1149.7849999999999,1149.4475000000002,1149.555
2015-03-17 21:00:00,1149.526,1149.526,1149.526,1149.526
2015-03-17 22:00:00,1149.095,1150.156,1149.095,1149.8345
2015-03-17 22:15:00,1149.835,1150.1850000000002,1149.732,1149.7640000000001
2015-03-17 22:30:00,1149.7645,1150.0695,1149.6495,1149.8645
2015-03-17 22:45:00,1149.865,1150.0645,1149.569,1149.57
2015-03-17 23:00:00,1149.514,1149.845,1149.3939999999998,1149.719
2015-03-17 23:15:00,1149.7115000000001,1149.7165,1149.2089999999998,1149.213
2015-03-17 23:30:00,1149.2079999999999,1149.354,1149.0680000000002,1149.2549999999999
2015-03-17 23:45:00,1149.257,1149.9085,1149.06,1149.9085
2015-03-18 01:00:00,1151.05,1151.1345000000001,1149.784,1150.729
2015-03-18 01:15:00,1150.7125,1152.0355,1150.6895,1151.521
2015-03-18 01:30:00,1151.5665,1152.8245,1151.518,1152.448
2015-03-18 01:45:00,1152.449,1153.16,1151.6205,1152.012
2015-03-18 02:00:00,1152.017,1152.306,1151.18,1151.4825
2015-03-18 02:15:00,1151.4875,1151.642,1150.7749999999999,1151.205
2015-03-18 02:30:00,1151.194,1151.8274999999999,1151.0104999999999,1151.397
2015-03-18 02:45:00,1151.4465,1152.221,1151.388,1151.8654999999999
2015-03-18 03:00:00,1151.8725,1151.9275,1150.906,1151.7890000000002
2015-03-18 03:15:00,1151.7749999999999,1151.7749999999999,1150.848,1151.085
2015-03-18 03:30:00,1151.0785,1151.14,1150.6464999999998,1151.0300000000002
2015-03-18 03:45:00,1151.043,1151.244,1150.885,1151.118
2015-03-18 04:00:00,1151.142,1151.3705000000002,1150.8495,1151.031
2015-03-18 04:15:00,1151.0365,1151.143,1150.7485,1150.797
2015-03-18 04:30:00,1150.8225,1151.0784999999998,1150.7425,1150.7675
2015-03-18 04:45:00,1150.7605,1151.107,1150.449,1150.5055
2015-03-18 05:00:00,1150.4725,1151.0335,1150.188,1150.188
2015-03-18 05:15:00,1150.1940000000002,1150.3165,1149.8640000000003,1150.14
2015-03-18 05:30:00,1150.1505,1150.292,1148.36,1149.557
2015-03-18 05:45:00,1149.532,1149.9145,1148.801,1149.0
2015-03-18 06:00:00,1149.0155000000002,1150.1529999999998,1149.0155000000002,1149.6435
2015-03-18 06:15:00,1149.6525,1149.7685000000001,1148.45,1149.0885
2015-03-18 06:30:00,1149.139,1149.7450000000001,1148.5880000000002,1149.214
2015-03-18 06:45:00,1149.213,1149.9585,1148.557,1148.608
2015-03-18 07:00:00,1148.6100000000001,1148.8435,1146.739,1146.917
2015-03-18 07:15:00,1146.9370000000001,1147.856,1146.3685,1146.504
2015-03-18 07:30:00,1146.4915,1147.8235,1146.0585,1147.1935
2015-03-18 07:45:00,1147.218,1147.3945,1146.636,1147.274
2015-03-18 08:00:00,1147.2665,1148.7755,1146.6460000000002,1146.7635
2015-03-18 08:15:00,1146.7735,1147.562,1146.4315,1146.925
2015-03-18 08:30:00,1146.922,1147.6205,1146.6365,1147.62
2015-03-18 08:45:00,1147.6265,1148.069,1146.941,1147.2065
2015-03-18 09:00:00,1147.1885,1147.68,1146.5515,1146.8905
2015-03-18 09:15:00,1146.883,1147.498,1146.3709999999999,1146.9
2015-03-18 09:30:00,1146.8975,1148.31,1146.8975,1147.4945
2015-03-18 09:45:00,1147.5045,1148.171,1147.247,1147.9675
2015-03-18 10:00:00,1147.978,1148.0615,1147.704,1147.9585
2015-03-18 10:15:00,1147.982,1149.3,1147.3415,1148.9695
2015-03-18 10:30:00,1148.9789999999998,1151.105,1148.8855,1150.4445
2015-03-18 10:45:00,1150.4365,1151.1505,1150.392,1151.109
2015-03-18 11:00:00,1151.1085,1153.029,1150.885,1151.5115
2015-03-18 11:15:00,1151.51,1151.51,1150.563,1150.6080000000002
2015-03-18 11:30:00,1150.6115000000002,1151.308,1150.37,1150.4765
2015-03-18 11:45:00,1150.481,1150.591,1149.665,1149.8010000000002
2015-03-18 12:00:00,1149.7630000000001,1149.8280000000002,1148.475,1148.575
2015-03-18 12:15:00,1148.605,1148.765,1148.1315,1148.1725000000001
2015-03-18 12:30:00,1148.1655,1148.263,1147.3,1147.665
2015-03-18 12:45:00,1147.631,1148.5710000000001,1147.4489999999998,1148.387
2015-03-18 13:00:00,1148.3915,1149.495,1148.1784999999998,1149.075
2015-03-18 13:15:00,1149.069,1150.8285,1148.4735,1149.868
2015-03-18 13:30:00,1149.8650000000002,1150.6644999999999,1148.0585,1148.3745
2015-03-18 13:45:00,1148.3675,1148.4335,1147.3565,1147.7715
2015-03-18 14:00:00,1147.7515,1149.14,1147.223,1148.86
2015-03-18 14:15:00,1148.8215,1149.4299999999998,1147.75,1148.2019999999998
2015-03-18 14:30:00,1148.2265,1149.2665,1147.9299999999998,1148.175
2015-03-18 14:45:00,1148.1755,1149.0665,1147.6605,1148.854
2015-03-18 15:00:00,1148.8390000000002,1148.8654999999999,1147.2765,1148.566
2015-03-18 15:15:00,1148.5720000000001,1151.4019999999998,1148.441,1150.7365
2015-03-18 15:30:00,1150.741,1151.0765,1149.515,1150.5015
2015-03-18 15:45:00,1150.5055,1151.684,1150.1799999999998,1151.671
2015-03-18 16:00:00,1151.75,1153.771,1150.501,1152.2805
2015-03-18 16:15:00,1152.274,1153.105,1151.7714999999998,1152.1219999999998
2015-03-18 16:30:00,1152.092,1153.9855,1151.8855,1153.782
2015-03-18 16:45:00,1153.752,1154.926,1152.9904999999999,1154.6605
2015-03-18 17:00:00,1154.635,1154.761,1152.3205,1153.1005
2015-03-18 17:15:00,1153.1,1153.8905,1151.9555,1152.3605
2015-03-18 17:30:00,1152.376,1152.825,1150.3410000000001,1150.9370000000001
2015-03-18 17:45:00,1150.9315000000001,1153.3010000000002,1149.961,1152.975
2015-03-18 18:00:00,1153.14,1168.5414999999998,1153.14,1167.613
2015-03-18 18:15:00,1167.7185,1173.5,1166.539,1167.3085
2015-03-18 18:30:00,1167.107,1169.117,1164.0665,1166.494
2015-03-18 18:45:00,1166.546,1166.6215,1162.781,1165.3125
2015-03-18 19:00:00,1165.302,1175.8065,1164.987,1173.2414999999999
2015-03-18 19:15:00,1173.221,1174.5339999999999,1169.2675,1169.6595
2015-03-18 19:30:00,1169.66,1171.4660000000001,1167.5049999999999,1170.5895
2015-03-18 19:45:00,1170.6035,1171.45,1168.1270000000002,1171.004
2015-03-18 20:00:00,1170.9465000000002,1174.6705,1170.449,1173.05
2015-03-18 20:15:00,1173.0505,1174.5375,1172.5249999999999,1173.38
2015-03-18 20:30:00,1173.4299999999998,1173.48,1168.1599999999999,1168.28
2015-03-18 20:45:00,1168.2745,1168.2745,1166.725,1167.545
2015-03-18 22:00:00,1167.3780000000002,1168.76,1167.1085,1167.959
2015-03-18 22:15:00,1167.9595,1168.225,1167.7250000000001,1168.225
2015-03-18 22:30:00,1168.225,1169.625,1168.075,1169.299
2015-03-18 22:45:00,1169.2995,1169.4295,1168.24,1168.241
2015-03-18 23:00:00,1168.2404999999999,1168.3995,1167.4700000000003,1168.311
2015-03-18 23:15:00,1168.2875,1168.5320000000002,1167.5585,1167.7315
2015-03-18 23:30:00,1167.726,1169.8615,1167.5265,1169.7465000000002
2015-03-18 23:45:00,1169.7585,1171.824,1169.6085,1171.7925
2015-03-19 01:00:00,1173.919,1177.956,1172.495,1173.2685
2015-03-19 01:15:00,1173.2935000000002,1174.854,1170.3205,1171.7704999999999
2015-03-19 01:30:00,1171.77,1172.938,1170.9305,1171.8635
2015-03-19 01:45:00,1171.889,1173.535,1170.984,1173.4705
2015-03-19 02:00:00,1173.4745,1174.337,1172.8919999999998,1174.2045
2015-03-19 02:15:00,1174.2005,1174.4165,1173.105,1173.895
2015-03-19 02:30:00,1173.877,1175.7435,1173.114,1174.52
2015-03-19 02:45:00,1174.5145,1174.548,1173.409,1173.7200000000003
2015-03-19 03:00:00,1173.732,1174.5384999999999,1173.317,1173.511
2015-03-19 03:15:00,1173.472,1174.694,1173.0285000000001,1174.512
2015-03-19 03:30:00,1174.464,1174.622,1173.788,1173.81
2015-03-19 03:45:00,1173.8395,1173.908,1172.8300000000002,1172.974
2015-03-19 04:00:00,1172.9089999999999,1172.978,1172.0800000000002,1172.203
2015-03-19 04:15:00,1172.192,1172.7495,1171.6899999999998,1171.882
2015-03-19 04:30:00,1171.8545,1172.48,1170.829,1171.741
2015-03-19 04:45:00,1171.74,1171.778,1170.7275,1170.8200000000002
2015-03-19 05:00:00,1170.8335,1171.164,1170.468,1170.7345
2015-03-19 05:15:00,1170.745,1171.9785,1170.701,1171.831
2015-03-19 05:30:00,1171.866,1172.4325000000001,1171.36,1171.54
2015-03-19 05:45:00,1171.531,1172.665,1170.9775,1171.103
2015-03-19 06:00:00,1171.073,1173.2044999999998,1171.073,1172.217
2015-03-19 06:15:00,1172.187,1172.903,1171.884,1171.925
2015-03-19 06:30:00,1171.938,1172.5,1171.555,1172.4085
2015-03-19 06:45:00,1172.415,1172.7745,1172.21,1172.75
2015-03-19 07:00:00,1172.7425,1173.5620000000001,1172.3345,1172.8429999999998
2015-03-19 07:15:00,1172.8195,1173.166,1169.7179999999998,1170.5445000000002
2015-03-19 07:30:00,1170.5394999999999,1170.7375,1167.632,1168.89
2015-03-19 07:45:00,1168.86,1168.895,1166.4835,1166.7214999999999
2015-03-19 08:00:00,1166.772,1167.655,1165.4150000000002,1165.518
2015-03-19 08:15:00,1165.512,1166.5125,1163.3790000000001,1163.7505
2015-03-19 08:30:00,1163.7315,1167.05,1163.5114999999998,1166.797
2015-03-19 08:45:00,1166.823,1167.3400000000001,1165.7720000000002,1165.8725
2015-03-19 09:00:00,1165.8619999999999,1167.859,1165.154,1167.465
2015-03-19 09:15:00,1167.4515,1168.02,1165.683,1165.9434999999999
2015-03-19 09:30:00,1165.9479999999999,1166.6444999999999,1165.15,1166.0855000000001
2015-03-19 09:45:00,1166.068,1167.29,1165.7160000000001,1166.647
2015-03-19 10:00:00,1166.6270000000002,1167.85,1166.597,1166.853
2015-03-19 10:15:00,1166.8255,1167.042,1165.281,1165.6164999999999
2015-03-19 10:30:00,1165.5785,1165.958,1163.5285,1163.8999999999999
2015-03-19 10:45:00,1163.975,1165.587,1163.944,1164.7345
2015-03-19 11:00:00,1164.724,1165.4810000000002,1164.5035,1165.0549999999998
2015-03-19 11:15:00,1165.0925000000002,1165.2075,1164.1765,1164.9995000000001
2015-03-19 11:30:00,1164.9385,1167.385,1164.8235,1166.04
2015-03-19 11:45:00,1166.0625,1167.1645,1165.372,1166.1795000000002
2015-03-19 12:00:00,1166.1695,1166.7185,1160.0465,1160.726
2015-03-19 12:15:00,1160.7199999999998,1163.556,1159.7175,1163.0600000000002
2015-03-19 12:30:00,1163.11,1163.31,1160.2135,1160.8035
2015-03-19 12:45:00,1160.6570000000002,1163.2640000000001,1160.3,1162.536
2015-03-19 13:00:00,1162.509,1166.0875,1162.509,1164.4560000000001
2015-03-19 13:15:00,1164.4515000000001,1165.8564999999999,1163.3,1165.6
2015-03-19 13:30:00,1165.6105,1166.0685,1163.665,1164.5365
2015-03-19 13:45:00,1164.5435,1165.6444999999999,1163.9305,1164.46
2015-03-19 14:00:00,1164.5465,1164.95,1162.4815,1164.4370000000001
2015-03-19 14:15:00,1164.432,1169.1870000000001,1164.2884999999999,1167.6595
2015-03-19 14:30:00,1167.6495,1167.6495,1165.9089999999999,1166.2275000000002
2015-03-19 14:45:00,1166.2024999999999,1167.4315,1165.5415,1165.7285
2015-03-19 15:00:00,1165.74,1167.4265,1164.3235,1167.235
2015-03-19 15:15:00,1167.2740000000001,1170.0935,1167.135,1169.3200000000002
2015-03-19 15:30:00,1169.2635,1172.1229999999998,1168.9714999999999,1171.09
2015-03-19 15:45:00,1171.0515,1171.588,1170.2785000000001,1171.06
2015-03-19 16:00:00,1171.023,1173.132,1170.4740000000002,1170.6665
2015-03-19 16:15:00,1170.673,1171.0240000000001,1169.6005,1170.4125000000001
2015-03-19 16:30:00,1170.3995,1171.096,1168.9499999999998,1168.9744999999998
2015-03-19 16:45:00,1168.975,1170.0849999999998,1168.9499999999998,1169.9334999999999
2015-03-19 17:00:00,1169.9385,1170.5635000000002,1168.1550000000002,1168.4485
2015-03-19 17:15:00,1168.448,1170.2745,1168.1995000000002,1170.2745
2015-03-19 17:30:00,1170.253,1170.524,1169.4075000000003,1169.5275
2015-03-19 17:45:00,1169.4725,1169.665,1169.1399999999999,1169.3149999999998
2015-03-19 18:00:00,1169.2734999999998,1171.435,1169.164,1169.54
2015-03-19 18:15:00,1169.582,1170.4850000000001,1169.175,1170.3880000000001
2015-03-19 18:30:00,1170.383,1171.96,1169.64,1170.064
2015-03-19 18:45:00,1170.0825,1170.5335,1169.5665,1170.442
2015-03-19 19:00:00,1170.467,1170.971,1170.0925000000002,1170.4609999999998
2015-03-19 19:15:00,1170.4365,1171.3835,1170.2435,1171.199
2015-03-19 19:30:00,1171.194,1172.1544999999999,1170.9465,1171.9745
2015-03-19 19:45:00,1171.974,1172.1444999999999,1170.19,1170.2965
2015-03-19 20:00:00,1170.305,1171.9795000000001,1170.2975,1171.8375
2015-03-19 20:15:00,1171.8625,1172.4215000000002,1171.521,1171.5405
2015-03-19 20:30:00,1171.5325,1172.249,1170.93,1171.288
2015-03-19 20:45:00,1171.33,1171.929,1170.8449999999998,1171.19
2015-03-19 22:00:00,1171.141,1171.933,1170.425,1171.175
2015-03-19 22:15:00,1171.175,1171.645,1171.1535,1171.4285
2015-03-19 22:30:00,1171.375,1171.7369999999999,1170.7785,1171.2969999999998
2015-03-19 22:45:00,1171.3129999999999,1171.405,1170.9389999999999,1171.3339999999998
2015-03-19 23:00:00,1171.3345,1171.98,1170.9340000000002,1171.437
2015-03-19 23:15:00,1171.429,1172.564,1171.429,1172.564
2015-03-19 23:30:00,1172.579,1172.884,1172.1915,1172.4955000000002
2015-03-19 23:45:00,1172.4904999999999,1172.687,1171.867,1172.0995
2015-03-20 01:00:00,1172.078,1172.1085,1170.72,1170.9330000000002
2015-03-20 01:15:00,1170.908,1171.4165,1170.59,1171.3165
2015-03-20 01:30:00,1171.3270000000002,1173.9979999999998,1171.3270000000002,1173.085
2015-03-20 01:45:00,1173.079,1173.211,1172.3145,1172.9455000000003
2015-03-20 02:00:00,1172.94,1173.028,1171.7285,1171.9765
2015-03-20 02:15:00,1171.9875,1172.3495,1171.469,1171.6625000000001
2015-03-20 02:30:00,1171.664,1171.8,1171.2375,1171.364
2015-03-20 02:45:00,1171.3645,1171.6699999999998,1170.964,1171.3235000000002
2015-03-20 03:00:00,1171.2890000000002,1171.2890000000002,1170.42,1171.0710000000001
2015-03-20 03:15:00,1171.059,1171.5905,1170.9615,1171.4325
2015-03-20 03:30:00,1171.4265,1171.5245,1171.046,1171.2575000000002
2015-03-20 03:45:00,1171.2515,1171.6095,1171.247,1171.3094999999998
2015-03-20 04:00:00,1171.3004999999998,1171.502,1170.846,1170.8535000000002
2015-03-20 04:15:00,1170.8455000000001,1171.0795,1170.66,1170.8200000000002
2015-03-20 04:30:00,1170.848,1170.9099999999999,1170.57,1170.7065
2015-03-20 04:45:00,1170.712,1171.183,1170.623,1171.0605
2015-03-20 05:00:00,1171.061,1171.0895,1170.5200000000002,1170.732
2015-03-20 05:15:00,1170.731,1171.02,1170.5130000000001,1171.02
2015-03-20 05:30:00,1171.0515,1171.1295,1169.4615000000001,1169.866
2015-03-20 05:45:00,1169.8625,1170.02,1168.88,1169.189
2015-03-20 06:00:00,1169.2,1169.651,1168.89,1169.5005
2015-03-20 06:15:00,1169.526,1171.5735,1169.4424999999999,1171.5735
2015-03-20 06:30:00,1171.567,1172.0369999999998,1171.138,1171.791
2015-03-20 06:45:00,1171.8265000000001,1172.7245,1170.8995,1171.6290000000001
2015-03-20 07:00:00,1171.6335000000001,1172.1644999999999,1170.655,1171.0685
2015-03-20 07:15:00,1171.0675,1172.1350000000002,1170.8684999999998,1171.439
2015-03-20 07:30:00,1171.315,1172.2535,1171.1315,1171.8705
2015-03-20 07:45:00,1171.859,1171.94,1169.6390000000001,1169.91
2015-03-20 08:00:00,1169.901,1170.96,1169.5625,1169.759
2015-03-20 08:15:00,1169.7585,1171.5895,1169.6645,1170.9415
2015-03-20 08:30:00,1170.9865,1172.5925,1170.8404999999998,1171.4005
2015-03-20 08:45:00,1171.4115,1171.692,1170.982,1171.0915
2015-03-20 09:00:00,1171.0665,1171.6215,1170.88,1170.9035
2015-03-20 09:15:00,1170.9085,1170.9865,1170.0839999999998,1170.937
2015-03-20 09:30:00,1170.946,1171.3039999999999,1170.1875,1170.8890000000001
2015-03-20 09:45:00,1170.9054999999998,1171.0245,1169.6784999999998,1169.9195
2015-03-20 10:00:00,1169.944,1172.2215,1169.439,1171.908
2015-03-20 10:15:00,1171.9015000000002,1174.367,1171.9015000000002,1172.9435
2015-03-20 10:30:00,1172.9505,1173.2009999999998,1171.918,1172.6155
2015-03-20 10:45:00,1172.6225,1173.5785,1171.954,1173.55
2015-03-20 11:00:00,1173.5185000000001,1173.876,1172.8835,1172.885
2015-03-20 11:15:00,1172.8835,1173.475,1172.7830000000001,1173.3865
2015-03-20 11:30:00,1173.3785,1173.403,1172.7350000000001,1173.207
2015-03-20 11:45:00,1173.2165,1173.3925,1172.3075,1172.4095
2015-03-20 12:00:00,1172.4065,1175.1889999999999,1172.354,1174.766
2015-03-20 12:15:00,1174.7265,1175.287,1172.4025000000001,1172.5875
2015-03-20 12:30:00,1172.6015,1172.706,1170.3980000000001,1171.5045
2015-03-20 12:45:00,1171.5025,1172.509,1169.9115,1170.673
2015-03-20 13:00:00,1170.68,1173.0,1170.4934999999998,1172.556
2015-03-20 13:15:00,1172.518,1175.734,1172.511,1174.726
2015-03-20 13:30:00,1174.723,1176.6665,1174.0855,1175.5590000000002
2015-03-20 13:45:00,1175.5890000000002,1179.745,1175.5459999999998,1178.0815
2015-03-20 14:00:00,1178.139,1181.7905,1177.46,1181.0330000000001
2015-03-20 14:15:00,1180.9370000000001,1184.3790000000001,1180.3765,1181.225
2015-03-20 14:30:00,1181.286,1183.1895,1181.037,1181.841
2015-03-20 14:45:00,1181.8419999999999,1182.2175,1180.9485,1181.282
2015-03-20 15:00:00,1181.2815,1183.0095000000001,1181.2815,1181.9895000000001
2015-03-20 15:15:00,1182.0085000000001,1182.999,1181.4900000000002,1181.775
2015-03-20 15:30:00,1181.776,1181.977,1181.171,1181.9234999999999
2015-03-20 15:45:00,1181.9315,1184.29,1181.8735,1183.3449999999998
2015-03-20 16:00:00,1183.3539999999998,1185.058,1183.1009999999999,1184.6109999999999
2015-03-20 16:15:00,1184.6205000000002,1185.6485,1183.9555,1184.6915
2015-03-20 16:30:00,1184.7485,1187.5745,1183.9805000000001,1187.5365
2015-03-20 16:45:00,1187.5265000000002,1188.0835,1185.4334999999999,1185.89
2015-03-20 17:00:00,1185.8985,1186.8500000000001,1184.7135,1185.0000000000002
2015-03-20 17:15:00,1184.9705,1186.0430000000001,1184.699,1185.2505
2015-03-20 17:30:00,1185.1855,1186.0705,1184.9215000000002,1185.5420000000001
2015-03-20 17:45:00,1185.572,1185.651,1184.2984999999999,1184.4455
2015-03-20 18:00:00,1184.401,1184.72,1182.8655,1183.043
2015-03-20 18:15:00,1183.0694999999998,1183.3594999999998,1182.3345,1182.9645
2015-03-20 18:30:00,1182.963,1183.2645,1181.9395,1182.264
2015-03-20 18:45:00,1182.2645000000002,1183.1765,1181.9085,1182.04
2015-03-20 19:00:00,1182.0635,1182.7765,1181.859,1182.076
2015-03-20 19:15:00,1182.0765,1182.976,1181.4755,1182.7765
2015-03-20 19:30:00,1182.7345,1182.7345,1182.1605,1182.3094999999998
2015-03-20 19:45:00,1182.309,1183.567,1182.0645,1183.3809999999999
2015-03-20 20:00:00,1183.3909999999998,1183.451,1182.635,1183.2015000000001
2015-03-20 20:15:00,1183.201,1183.3899999999999,1183.201,1183.2195
2015-03-20 20:30:00,1183.219,1183.6045,1183.175,1183.4389999999999
2015-03-20 20:45:00,1183.464,1183.495,1182.2749999999999,1182.72
2015-03-22 22:00:00,1183.76,1186.2205,1183.58,1185.9885
2015-03-22 22:15:00,1185.8785,1186.3405,1185.0515,1186.1039999999998
2015-03-22 22:30:00,1186.1035000000002,1187.1090000000002,1185.844,1186.257
2015-03-22 22:45:00,1186.223,1186.4235,1185.7350000000001,1186.321
2015-03-22 23:00:00,1186.124,1186.1695000000002,1185.769,1185.8049999999998
2015-03-22 23:15:00,1185.8045,1186.011,1185.6999999999998,1185.9165
2015-03-22 23:30:00,1185.916,1186.6444999999999,1185.7559999999999,1186.024
2015-03-22 23:45:00,1186.0385,1187.3284999999998,1186.0385,1186.6385
2015-03-23 01:00:00,1186.031,1186.649,1183.8985,1183.9205
2015-03-23 01:15:00,1183.9195,1184.354,1182.6100000000001,1184.25
2015-03-23 01:30:00,1184.2839999999999,1184.62,1183.1154999999999,1183.12
2015-03-23 01:45:00,1183.1365,1183.47,1182.924,1183.195
2015-03-23 02:00:00,1183.201,1183.2085,1182.2160000000001,1182.5929999999998
2015-03-23 02:15:00,1182.5579999999998,1182.878,1182.25,1182.545
2015-03-23 02:30:00,1182.5555000000002,1182.744,1181.576,1182.4705
2015-03-23 02:45:00,1182.465,1183.3265000000001,1182.0919999999999,1182.2365
2015-03-23 03:00:00,1182.2250000000001,1182.425,1181.12,1181.8284999999998
2015-03-23 03:15:00,1181.8480000000002,1182.532,1181.247,1182.525
2015-03-23 03:30:00,1182.5285000000001,1182.904,1181.375,1181.689
2015-03-23 03:45:00,1181.7350000000001,1182.2199999999998,1181.383,1182.121
2015-03-23 04:00:00,1182.128,1183.549,1182.1175,1183.0120000000002
2015-03-23 04:15:00,1183.0055,1183.548,1182.6399999999999,1183.1015
2015-03-23 04:30:00,1183.0919999999999,1183.25,1182.7105,1182.952
2015-03-23 04:45:00,1182.95,1183.3999999999999,1182.735,1183.0490000000002
2015-03-23 05:00:00,1183.0,1183.145,1182.731,1183.0449999999998
2015-03-23 05:15:00,1183.0439999999999,1183.0449999999998,1181.4679999999998,1182.8455
2015-03-23 05:30:00,1182.8025,1182.91,1181.74,1182.2375000000002
2015-03-23 05:45:00,1182.2324999999998,1182.536,1181.9435,1182.4035000000001
2015-03-23 06:00:00,1182.3955,1182.738,1181.854,1181.8885000000002
2015-03-23 06:15:00,1181.9465,1182.509,1181.63,1182.2500000000002
2015-03-23 06:30:00,1182.2475000000002,1185.2945,1182.1365,1184.9550000000002
2015-03-23 06:45:00,1184.905,1186.248,1183.2365,1183.4050000000002
2015-03-23 07:00:00,1183.417,1183.858,1181.8190000000002,1183.0500000000002
2015-03-23 07:15:00,1183.0114999999998,1183.738,1182.7945,1183.2450000000001
2015-03-23 07:30:00,1183.1735,1183.361,1182.36,1182.405
2015-03-23 07:45:00,1182.374,1182.7635,1181.987,1182.1785
2015-03-23 08:00:00,1182.179,1183.5525,1182.0025,1182.444
2015-03-23 08:15:00,1182.4085,1182.5749999999998,1180.4759999999999,1180.906
2015-03-23 08:30:00,1180.9515000000001,1181.4125000000001,1180.7404999999999,1181.1019999999999
2015-03-23 08:45:00,1181.0925000000002,1181.845,1179.462,1181.8390000000002
2015-03-23 09:00:00,1181.8319999999999,1182.2849999999999,1180.891,1181.8619999999999
2015-03-23 09:15:00,1181.87,1182.7895,1181.765,1182.3195
2015-03-23 09:30:00,1182.32,1183.07,1181.62,1181.71
2015-03-23 09:45:00,1181.77,1182.9699999999998,1181.6200000000001,1182.498
2015-03-23 10:00:00,1182.549,1183.0249999999999,1181.66,1182.745
2015-03-23 10:15:00,1182.743,1183.4505,1182.5420000000001,1182.865
2015-03-23 10:30:00,1182.8665,1183.3425,1181.365,1181.9985
2015-03-23 10:45:00,1181.9965,1182.6599999999999,1181.66,1181.8885
2015-03-23 11:00:00,1181.895,1182.288,1180.977,1181.9035
2015-03-23 11:15:00,1181.8785,1181.975,1181.0105,1181.865
2015-03-23 11:30:00,1181.8629999999998,1184.2635,1181.807,1182.9654999999998
2015-03-23 11:45:00,1182.9775000000002,1185.0615,1182.953,1184.873
2015-03-23 12:00:00,1184.875,1185.4140000000002,1183.3525,1183.779
2015-03-23 12:15:00,1183.7720000000002,1184.5610000000001,1182.4715,1182.9345
2015-03-23 12:30:00,1182.95,1183.53,1182.563,1183.2435
2015-03-23 12:45:00,1183.2015000000001,1183.244,1182.2199999999998,1182.8480000000002
2015-03-23 13:00:00,1182.85,1184.439,1182.0240000000001,1184.3245
2015-03-23 13:15:00,1184.3705,1186.441,1184.27,1184.6970000000001
2015-03-23 13:30:00,1184.6865,1185.58,1183.4099999999999,1184.0735
2015-03-23 13:45:00,1184.075,1184.399,1182.4285,1183.2805
2015-03-23 14:00:00,1183.3,1185.722,1183.0200000000002,1184.823
2015-03-23 14:15:00,1184.865,1189.3405000000002,1184.4165,1187.2245
2015-03-23 14:30:00,1187.202,1188.2295,1186.2565,1187.6335000000001
2015-03-23 14:45:00,1187.6355,1187.9235,1185.8084999999999,1185.8265
2015-03-23 15:00:00,1185.837,1186.8185,1184.425,1184.5614999999998
2015-03-23 15:15:00,1184.5520000000001,1186.9234999999999,1184.4365,1186.1830000000002
2015-03-23 15:30:00,1186.1779999999999,1186.6975,1185.304,1185.304
2015-03-23 15:45:00,1185.3185,1187.6000000000001,1185.1655,1187.403
2015-03-23 16:00:00,1187.3774999999998,1188.749,1186.0415,1186.2285
2015-03-23 16:15:00,1186.224,1189.175,1186.224,1188.1515
2015-03-23 16:30:00,1188.1454999999999,1188.713,1187.6390000000001,1188.3085
2015-03-23 16:45:00,1188.2655,1188.4419999999998,1187.0555,1187.355
2015-03-23 17:00:00,1187.364,1188.0815,1186.6505,1187.284
2015-03-23 17:15:00,1187.2900000000002,1188.6385,1187.189,1188.357
2015-03-23 17:30:00,1188.339,1188.6885,1187.816,1188.386
2015-03-23 17:45:00,1188.3615,1188.689,1187.793,1188.236
2015-03-23 18:00:00,1188.216,1188.567,1187.8775,1188.222
2015-03-23 18:15:00,1188.192,1188.381,1187.7600000000002,1187.9750000000001
2015-03-23 18:30:00,1187.96,1189.485,1187.96,1189.3215000000002
2015-03-23 18:45:00,1189.3360000000002,1190.6755,1189.2205000000001,1190.3395
2015-03-23 19:00:00,1190.342,1191.0685,1190.206,1190.7554999999998
2015-03-23 19:15:00,1190.7914999999998,1191.6589999999999,1190.3385,1191.141
2015-03-23 19:30:00,1191.1255,1191.6955,1190.6100000000001,1191.075
2015-03-23 19:45:00,1191.064,1191.1275,1190.333,1190.683
2015-03-23 20:00:00,1190.7035,1190.983,1190.25,1190.362
2015-03-23 20:15:00,1190.3725000000002,1191.1345000000001,1190.199,1190.8709999999999
2015-03-23 20:30:00,1190.8629999999998,1191.17,1190.205,1190.205
2015-03-23 20:45:00,1190.1605,1190.205,1189.025,1189.545
2015-03-23 22:00:00,1189.4,1189.9930000000002,1189.399,1189.988
2015-03-23 22:15:00,1190.0005,1190.0680000000002,1189.741,1189.744
2015-03-23 22:30:00,1189.741,1189.781,1189.695,1189.744
2015-03-23 22:45:00,1189.745,1189.9,1189.715,1189.8500000000001
2015-03-23 23:00:00,1189.85,1190.115,1189.6499999999999,1189.74
2015-03-23 23:15:00,1189.723,1190.0645000000002,1189.708,1189.932
2015-03-23 23:30:00,1189.906,1190.4270000000001,1189.906,1190.0169999999998
2015-03-23 23:45:00,1190.039,1190.1060000000002,1189.7020000000002,1189.7290000000003
2015-03-24 01:00:00,1189.1215,1189.124,1187.3149999999998,1187.3159999999998
2015-03-24 01:15:00,1187.2779999999998,1187.535,1186.4455,1186.946
2015-03-24 01:30:00,1186.9234999999999,1188.3145,1186.8495,1187.9855
2015-03-24 01:45:00,1187.979,1188.1485,1187.14,1187.2045
2015-03-24 02:00:00,1187.2065,1187.9095,1186.5159999999998,1187.5394999999999
2015-03-24 02:15:00,1187.5415,1188.11,1187.3535,1187.5615
2015-03-24 02:30:00,1187.5365,1187.55,1186.6405,1186.8565
2015-03-24 02:45:00,1186.8600000000001,1187.14,1186.1995,1186.7685
2015-03-24 03:00:00,1186.7145,1187.381,1186.594,1187.0165
2015-03-24 03:15:00,1186.9914999999999,1187.095,1186.355,1186.7055
2015-03-24 03:30:00,1186.7115000000001,1186.8625,1186.2435,1186.4585
2015-03-24 03:45:00,1186.443,1186.443,1185.5565000000001,1185.936
2015-03-24 04:00:00,1185.934,1186.487,1185.7724999999998,1186.1385
2015-03-24 04:15:00,1186.1450000000002,1186.247,1185.55,1185.86
2015-03-24 04:30:00,1185.8,1186.1380000000001,1185.5695,1185.93
2015-03-24 04:45:00,1185.94,1186.45,1185.845,1186.45
2015-03-24 05:00:00,1186.4475,1186.5439999999999,1186.1805,1186.449
2015-03-24 05:15:00,1186.45,1186.809,1186.239,1186.4
2015-03-24 05:30:00,1186.4365,1187.14,1186.4365,1186.45
2015-03-24 05:45:00,1186.4470000000001,1187.45,1186.4470000000001,1187.448
2015-03-24 06:00:00,1187.45,1188.7815,1187.45,1188.0485
2015-03-24 06:15:00,1188.0424999999998,1188.3600000000001,1187.64,1188.2055
2015-03-24 06:30:00,1188.2,1189.2839999999999,1188.096,1188.8124999999998
2015-03-24 06:45:00,1188.8034999999998,1189.279,1188.187,1188.187
2015-03-24 07:00:00,1188.2095,1188.974,1187.915,1188.855
2015-03-24 07:15:00,1188.856,1188.856,1187.6629999999998,1188.355
2015-03-24 07:30:00,1188.4,1188.5194999999999,1187.472,1187.6584999999998
2015-03-24 07:45:00,1187.651,1188.6934999999999,1187.46,1187.758
2015-03-24 08:00:00,1187.6795000000002,1188.336,1187.12,1187.4985
2015-03-24 08:15:00,1187.4940000000001,1190.0259999999998,1187.3135,1189.7705
2015-03-24 08:30:00,1189.7795,1192.8249999999998,1189.682,1190.904
2015-03-24 08:45:00,1190.944,1191.3105,1190.0379999999998,1191.067
2015-03-24 09:00:00,1191.0955000000001,1191.362,1190.106,1190.669
2015-03-24 09:15:00,1190.657,1191.913,1190.5305,1191.821
2015-03-24 09:30:00,1191.8100000000002,1191.861,1190.54,1191.2459999999999
2015-03-24 09:45:00,1191.2079999999999,1191.405,1190.4814999999999,1191.2435
2015-03-24 10:00:00,1191.3745,1191.915,1190.91,1191.3455
2015-03-24 10:15:00,1191.335,1191.596,1190.6235,1191.1449999999998
2015-03-24 10:30:00,1191.1940000000002,1194.5635,1191.1375,1193.779
2015-03-24 10:45:00,1193.7839999999999,1194.665,1193.2930000000001,1194.5835
2015-03-24 11:00:00,1194.6035,1195.1319999999998,1193.525,1193.8984999999998
2015-03-24 11:15:00,1193.8885,1194.051,1193.193,1193.7975000000001
2015-03-24 11:30:00,1193.803,1194.1825000000001,1192.7655,1194.1185
2015-03-24 11:45:00,1194.1409999999998,1194.947,1192.981,1193.058
2015-03-24 12:00:00,1193.0605,1193.2985,1191.7135,1192.3185
2015-03-24 12:15:00,1192.2930000000001,1193.3835,1191.853,1192.9895
2015-03-24 12:30:00,1192.989,1192.9895,1188.2345,1192.43
2015-03-24 12:45:00,1192.3745000000001,1193.9,1191.79,1192.4250000000002
2015-03-24 13:00:00,1192.3850000000002,1194.441,1191.2714999999998,1192.911
2015-03-24 13:15:00,1192.885,1192.9315,1189.9315000000001,1191.3845
2015-03-24 13:30:00,1191.3915,1191.9360000000001,1186.069,1188.1045
2015-03-24 13:45:00,1188.1285,1189.2820000000002,1186.88,1188.8680000000002
2015-03-24 14:00:00,1188.8400000000001,1190.214,1187.5384999999999,1189.252
2015-03-24 14:15:00,1189.2640000000001,1190.859,1188.533,1189.877
2015-03-24 14:30:00,1189.8825,1190.0960000000002,1188.795,1188.913
2015-03-24 14:45:00,1188.925,1190.8374999999999,1188.585,1190.24
2015-03-24 15:00:00,1190.2045,1190.965,1189.84,1190.635
2015-03-24 15:15:00,1190.634,1191.184,1189.5125,1189.6464999999998
2015-03-24 15:30:00,1189.6799999999998,1190.7265,1188.6885,1188.7785000000001
2015-03-24 15:45:00,1188.735,1189.8365000000001,1188.4650000000001,1189.5275
2015-03-24 16:00:00,1189.521,1190.9785,1189.425,1190.628
2015-03-24 16:15:00,1190.581,1190.8785,1189.03,1190.3365000000001
2015-03-24 16:30:00,1190.3400000000001,1190.93,1190.0555000000002,1190.93
2015-03-24 16:45:00,1190.9285,1192.5505,1190.9265,1192.38
2015-03-24 17:00:00,1192.3400000000001,1193.34,1191.84,1192.4299999999998
2015-03-24 17:15:00,1192.4325,1192.4325,1191.6435,1192.1405
2015-03-24 17:30:00,1192.1345000000001,1193.47,1191.84,1192.859
2015-03-24 17:45:00,1192.8885,1194.0285,1192.8885,1193.7
2015-03-24 18:00:00,1193.705,1193.705,1193.181,1193.425
2015-03-24 18:15:00,1193.4750000000001,1194.224,1193.225,1193.9250000000002
2015-03-24 18:30:00,1193.9235,1194.625,1193.805,1193.805
2015-03-24 18:45:00,1193.7895,1193.805,1192.81,1192.885
2015-03-24 19:00:00,1192.837,1193.1349999999998,1192.475,1192.885
2015-03-24 19:15:00,1192.8775,1193.205,1192.5875,1192.9914999999999
2015-03-24 19:30:00,1193.007,1193.5179999999998,1192.7915,1193.4825
2015-03-24 19:45:00,1193.483,1193.9569999999999,1193.196,1193.775
2015-03-24 20:00:00,1193.783,1194.402,1193.5829999999999,1193.7865
2015-03-24 20:15:00,1193.802,1193.9285,1193.063,1193.1149999999998
2015-03-24 20:30:00,1193.126,1193.22,1192.95,1193.0
2015-03-24 20:45:00,1193.0,1193.38,1192.882,1193.33
2015-03-24 21:00:00,1193.1950000000002,1193.203,1193.135,1193.135
2015-03-24 22:00:00,1193.1370000000002,1193.3735000000001,1192.9,1193.0185
2015-03-24 22:15:00,1193.019,1193.0194999999999,1192.4195000000002,1192.576
2015-03-24 22:30:00,1192.5785,1192.6705,1192.475,1192.501
2015-03-24 22:45:00,1192.5005,1192.595,1192.3155000000002,1192.5155
2015-03-24 23:00:00,1192.516,1192.68,1192.27,1192.6245
2015-03-24 23:15:00,1192.625,1192.895,1192.491,1192.7534999999998
2015-03-24 23:30:00,1192.7785,1192.9035,1192.3035,1192.3485
2015-03-24 23:45:00,1192.3600000000001,1192.3909999999998,1191.8875,1191.898
2015-03-25 01:00:00,1191.743,1191.93,1188.6200000000001,1188.711
2015-03-25 01:15:00,1188.6865,1189.873,1188.571,1189.425
2015-03-25 01:30:00,1189.421,1190.8349999999998,1188.9785,1190.635
2015-03-25 01:45:00,1190.594,1190.635,1189.5695,1189.95
2015-03-25 02:00:00,1189.943,1190.0964999999999,1189.6264999999999,1189.8395
2015-03-25 02:15:00,1189.8315,1189.95,1189.3485,1189.504
2015-03-25 02:30:00,1189.5035,1191.03,1189.164,1190.61
2015-03-25 02:45:00,1190.6505,1191.525,1190.4765000000002,1191.425
2015-03-25 03:00:00,1191.425,1192.165,1189.82,1190.2350000000001
2015-03-25 03:15:00,1190.2,1191.175,1188.7465,1189.1415
2015-03-25 03:30:00,1189.201,1189.3965,1187.585,1189.1465
2015-03-25 03:45:00,1189.096,1189.3995,1188.6695,1188.7350000000001
2015-03-25 04:00:00,1188.691,1189.585,1188.5249999999999,1189.425
2015-03-25 04:15:00,1189.385,1190.5249999999999,1188.4750000000001,1190.1465
2015-03-25 04:30:00,1190.135,1190.2745,1189.5800000000002,1189.6889999999999
2015-03-25 04:45:00,1189.6895,1189.73,1188.9299999999998,1189.1135
2015-03-25 05:00:00,1189.114,1189.73,1189.03,1189.73
2015-03-25 05:15:00,1189.746,1190.8400000000001,1189.3899999999999,1189.44
2015-03-25 05:30:00,1189.49,1189.49,1186.79,1188.7450000000001
2015-03-25 05:45:00,1188.779,1189.63,1188.43,1189.53
2015-03-25 06:00:00,1189.48,1190.355,1189.135,1190.25
2015-03-25 06:15:00,1190.2495,1190.3545000000001,1189.1265,1189.876
2015-03-25 06:30:00,1189.8785,1190.116,1189.2250000000001,1189.874
2015-03-25 06:45:00,1189.8695,1189.93,1188.694,1188.917
2015-03-25 07:00:00,1188.9320000000002,1189.785,1188.4975000000002,1189.028
2015-03-25 07:15:00,1188.982,1190.3335,1188.9285,1190.128
2015-03-25 07:30:00,1190.1235,1192.894,1190.1185,1192.0275
2015-03-25 07:45:00,1192.0024999999998,1193.9,1191.434,1193.835
2015-03-25 08:00:00,1193.8595,1193.8849999999998,1192.3980000000001,1193.134
2015-03-25 08:15:00,1193.1460000000002,1193.8365000000001,1192.574,1192.6755
2015-03-25 08:30:00,1192.6665,1193.486,1192.3815000000002,1192.878
2015-03-25 08:45:00,1192.8685,1193.6425,1192.7604999999999,1192.774
2015-03-25 09:00:00,1192.7820000000002,1192.788,1191.8435,1192.1299999999999
2015-03-25 09:15:00,1192.0964999999999,1192.18,1191.2279999999998,1191.3274999999999
2015-03-25 09:30:00,1191.2334999999998,1191.574,1190.8400000000001,1191.4805
2015-03-25 09:45:00,1191.4795,1192.4265,1191.384,1191.926
2015-03-25 10:00:00,1191.9695000000002,1192.627,1191.425,1192.4945
2015-03-25 10:15:00,1192.49,1192.8965,1191.9435,1191.9435
2015-03-25 10:30:00,1191.9560000000001,1192.63,1191.93,1192.5745
2015-03-25 10:45:00,1192.58,1192.8565,1192.3220000000001,1192.788
2015-03-25 11:00:00,1192.7884999999999,1195.5484999999999,1192.651,1194.3415
2015-03-25 11:15:00,1194.3400000000001,1196.33,1194.0235,1194.8285
2015-03-25 11:30:00,1194.835,1194.9289999999999,1194.2285,1194.582
2015-03-25 11:45:00,1194.546,1195.3020000000001,1193.9904999999999,1194.825
2015-03-25 12:00:00,1194.894,1196.912,1194.894,1195.801
2015-03-25 12:15:00,1195.795,1195.795,1194.341,1194.74
2015-03-25 12:30:00,1194.6950000000002,1198.01,1194.6950000000002,1196.4515000000001
2015-03-25 12:45:00,1196.5,1198.2245,1196.5,1197.5285
2015-03-25 13:00:00,1197.5539999999999,1198.855,1196.836,1197.929
2015-03-25 13:15:00,1197.9745,1199.502,1197.766,1199.335
2015-03-25 13:30:00,1199.3784999999998,1199.835,1197.115,1198.0349999999999
2015-03-25 13:45:00,1198.015,1198.55,1196.8065,1197.267
2015-03-25 14:00:00,1197.2615,1198.6454999999999,1197.2615,1198.467
2015-03-25 14:15:00,1198.5395,1199.1495,1198.2289999999998,1198.721
2015-03-25 14:30:00,1198.7265,1198.7915,1194.812,1196.171
2015-03-25 14:45:00,1196.154,1197.0495,1195.5475,1196.3004999999998
2015-03-25 15:00:00,1196.251,1196.943,1195.6015,1196.3165
2015-03-25 15:15:00,1196.3114999999998,1197.4425,1195.8,1196.959
2015-03-25 15:30:00,1196.95,1198.1729999999998,1196.95,1197.4485
2015-03-25 15:45:00,1197.4499999999998,1198.6015,1197.2865000000002,1198.022
2015-03-25 16:00:00,1198.03,1198.2144999999998,1196.816,1197.1315
2015-03-25 16:15:00,1197.17,1197.7135,1196.743,1197.332
2015-03-25 16:30:00,1197.3545,1197.762,1196.65,1197.7350000000001
2015-03-25 16:45:00,1197.741,1197.8410000000001,1196.9265,1197.2749999999999
2015-03-25 17:00:00,1197.276,1197.49,1196.37,1196.8999999999999
2015-03-25 17:15:00,1196.95,1197.8999999999999,1196.8,1197.8500000000001
2015-03-25 17:30:00,1197.8335000000002,1198.145,1197.588,1197.87
2015-03-25 17:45:00,1197.8310000000001,1198.2365,1197.522,1197.77
2015-03-25 18:00:00,1197.7235,1197.885,1197.2365,1197.2365
2015-03-25 18:15:00,1197.2865,1197.7730000000001,1196.6255,1196.875
2015-03-25 18:30:00,1196.9135,1197.4219999999998,1196.875,1197.195
2015-03-25 18:45:00,1197.2450000000001,1197.295,1196.595,1196.6850000000002
2015-03-25 19:00:00,1196.683,1196.6950000000002,1195.895,1196.495
2015-03-25 19:15:00,1196.532,1196.5810000000001,1195.4255,1195.685
2015-03-25 19:30:00,1195.6515,1196.1950000000002,1195.4950000000001,1196.1465
2015-03-25 19:45:00,1196.131,1196.1465,1195.695,1195.795
2015-03-25 20:00:00,1195.7024999999999,1196.194,1195.5,1196.1
2015-03-25 20:15:00,1196.1015,1196.15,1195.661,1195.75
2015-03-25 20:30:00,1195.7,1195.9479999999999,1195.31,1195.4934999999998
2015-03-25 20:45:00,1195.478,1195.7605,1195.33,1195.5
2015-03-25 21:00:00,1195.3890000000001,1195.419,1195.3890000000001,1195.419
2015-03-25 22:00:00,1195.853,1195.9624999999999,1195.025,1195.1305
2015-03-25 22:15:00,1195.1299999999999,1195.25,1194.87,1195.1730000000002
2015-03-25 22:30:00,1195.195,1195.41,1194.977,1195.41
2015-03-25 22:45:00,1195.4155,1195.4155,1194.9660000000001,1195.0
2015-03-25 23:00:00,1195.0,1195.5950000000003,1195.0,1195.4950000000001
2015-03-25 23:15:00,1195.4934999999998,1195.5694999999998,1195.165,1195.4709999999998
2015-03-25 23:30:00,1195.5149999999999,1195.8935000000001,1194.968,1195.203
2015-03-25 23:45:00,1195.2,1195.3,1194.68,1195.0849999999998
2015-03-26 01:00:00,1195.9005000000002,1197.9955,1195.893,1197.652
2015-03-26 01:15:00,1197.645,1197.8950000000002,1196.7865,1196.787
2015-03-26 01:30:00,1196.795,1197.595,1196.424,1196.77
2015-03-26 01:45:00,1196.7794999999999,1197.0575000000001,1196.3059999999998,1196.3944999999999
2015-03-26 02:00:00,1196.3895,1197.584,1196.3895,1197.5049999999999
2015-03-26 02:15:00,1197.555,1199.299,1197.4615,1198.55
2015-03-26 02:30:00,1198.56,1199.6875,1198.3194999999998,1199.3135
2015-03-26 02:45:00,1199.2885,1200.4155,1198.6419999999998,1199.9535
2015-03-26 03:00:00,1199.99,1200.4660000000001,1199.1965,1199.4505
2015-03-26 03:15:00,1199.4585000000002,1199.4585000000002,1198.486,1198.9235
2015-03-26 03:30:00,1198.9650000000001,1199.284,1198.7649999999999,1199.0384999999999
2015-03-26 03:45:00,1199.0320000000002,1199.214,1198.7395,1199.0194999999999
2015-03-26 04:00:00,1199.0439999999999,1199.0639999999999,1198.5305,1198.6640000000002
2015-03-26 04:15:00,1198.6480000000001,1199.9625,1198.6480000000001,1199.615
2015-03-26 04:30:00,1199.589,1200.3215,1199.0649999999998,1200.076
2015-03-26 04:45:00,1200.0705,1200.083,1199.4775,1199.666
2015-03-26 05:00:00,1199.665,1200.074,1198.6550000000002,1199.0625
2015-03-26 05:15:00,1199.0539999999999,1199.069,1198.5465,1198.8365
2015-03-26 05:30:00,1198.811,1199.4585000000002,1198.762,1198.854
2015-03-26 05:45:00,1198.8595,1199.8675,1198.8595,1199.7005000000001
2015-03-26 06:00:00,1199.7150000000001,1201.565,1199.165,1201.393
2015-03-26 06:15:00,1201.3925,1201.9669999999999,1201.037,1201.878
2015-03-26 06:30:00,1201.872,1202.827,1201.481,1202.5279999999998
2015-03-26 06:45:00,1202.5165,1203.5384999999999,1201.0394999999999,1203.29
2015-03-26 07:00:00,1203.27,1203.512,1202.5829999999999,1203.3464999999999
2015-03-26 07:15:00,1203.3315,1204.531,1203.3165000000001,1204.4744999999998
2015-03-26 07:30:00,1204.4650000000001,1204.9375000000002,1203.78,1204.755
2015-03-26 07:45:00,1204.765,1208.3645000000001,1204.665,1208.215
2015-03-26 08:00:00,1208.186,1219.8205,1207.96,1217.8155
2015-03-26 08:15:00,1217.9035,1218.0245,1212.7704999999999,1214.53
2015-03-26 08:30:00,1214.513,1214.6595,1212.7105000000001,1213.0890000000002
2015-03-26 08:45:00,1213.0984999999998,1213.5435,1210.395,1213.4685
2015-03-26 09:00:00,1213.4175,1214.0665,1212.6285,1213.4215
2015-03-26 09:15:00,1213.426,1213.7799999999997,1210.6565,1210.915
2015-03-26 09:30:00,1210.816,1213.605,1210.8,1212.4714999999999
2015-03-26 09:45:00,1212.4959999999999,1212.545,1210.3950000000002,1211.9479999999999
2015-03-26 10:00:00,1211.952,1213.2665,1211.168,1211.2285
2015-03-26 10:15:00,1211.2549999999999,1211.9450000000002,1210.2815,1210.6109999999999
2015-03-26 10:30:00,1210.653,1210.988,1207.328,1208.4679999999998
2015-03-26 10:45:00,1208.516,1208.6775,1206.373,1207.2279999999998
2015-03-26 11:00:00,1207.254,1209.7540000000001,1206.6425000000002,1207.6100000000001
2015-03-26 11:15:00,1207.5665000000001,1209.7,1207.4615,1208.8015
2015-03-26 11:30:00,1208.8415,1209.145,1207.6599999999999,1208.6005
2015-03-26 11:45:00,1208.5964999999999,1208.7885,1206.8435000000002,1208.7385000000002
2015-03-26 12:00:00,1208.713,1211.6965,1208.2965,1210.8129999999999
2015-03-26 12:15:00,1210.8194999999998,1212.6715000000002,1210.118,1211.1599999999999
2015-03-26 12:30:00,1211.1699999999998,1211.9450000000002,1208.29,1208.4399999999998
2015-03-26 12:45:00,1208.4455,1208.4515,1204.1364999999998,1204.9234999999999
2015-03-26 13:00:00,1204.9395,1204.9579999999999,1202.5320000000002,1203.3305
2015-03-26 13:15:00,1203.3220000000001,1206.6395,1203.1544999999999,1206.247
2015-03-26 13:30:00,1206.239,1206.5145000000002,1204.7765,1206.5145000000002
2015-03-26 13:45:00,1206.485,1206.6264999999999,1203.7150000000001,1205.35
2015-03-26 14:00:00,1205.325,1205.809,1203.7259999999999,1204.836
2015-03-26 14:15:00,1204.8365000000001,1207.097,1204.4055,1205.8545000000001
2015-03-26 14:30:00,1205.851,1207.1235,1205.4750000000001,1206.081
2015-03-26 14:45:00,1206.069,1206.1965,1204.4814999999999,1205.91
2015-03-26 15:00:00,1205.958,1206.3265,1203.164,1204.8845000000001
2015-03-26 15:15:00,1204.884,1205.98,1204.394,1205.437
2015-03-26 15:30:00,1205.4309999999998,1205.6435000000001,1204.862,1205.2250000000001
2015-03-26 15:45:00,1205.2635,1205.6235000000001,1203.9714999999999,1204.645
2015-03-26 16:00:00,1204.599,1206.297,1204.345,1205.8799999999999
2015-03-26 16:15:00,1205.8665,1205.879,1204.78,1205.2450000000001
2015-03-26 16:30:00,1205.2575000000002,1205.935,1205.0625,1205.7
2015-03-26 16:45:00,1205.6609999999998,1206.52,1205.2465,1206.27
2015-03-26 17:00:00,1206.2635,1206.4695000000002,1204.62,1204.95
2015-03-26 17:15:00,1204.9724999999999,1206.02,1204.9115000000002,1205.6470000000002
2015-03-26 17:30:00,1205.65,1205.7,1204.5729999999999,1204.95
2015-03-26 17:45:00,1204.9645,1205.345,1202.235,1202.829
2015-03-26 18:00:00,1202.8295,1203.5249999999999,1202.0949999999998,1203.195
2015-03-26 18:15:00,1203.2450000000001,1204.272,1202.415,1202.975
2015-03-26 18:30:00,1202.9745,1203.325,1202.0735,1202.525
2015-03-26 18:45:00,1202.4775,1204.3885,1202.4750000000001,1203.3020000000001
2015-03-26 19:00:00,1203.2955000000002,1203.7334999999998,1203.215,1203.2834999999998
2015-03-26 19:15:00,1203.2685000000001,1203.6449999999998,1202.468,1203.226
2015-03-26 19:30:00,1203.2255,1203.369,1202.826,1203.3249999999998
2015-03-26 19:45:00,1203.2895,1203.764,1203.0249999999999,1203.5635
2015-03-26 20:00:00,1203.485,1204.354,1203.475,1204.225
2015-03-26 20:15:00,1204.3245000000002,1204.7415,1204.2145,1204.4184999999998
2015-03-26 20:30:00,1204.329,1204.734,1204.1535,1204.4879999999998
2015-03-26 20:45:00,1204.4885000000002,1204.975,1204.4285,1204.825
2015-03-26 21:00:00,1204.8790000000001,1204.8790000000001,1204.829,1204.829
2015-03-26 22:00:00,1204.054,1204.42,1203.7395,1203.959
2015-03-26 22:15:00,1203.9595,1204.1720000000003,1203.561,1203.561
2015-03-26 22:30:00,1203.574,1204.0749999999998,1203.536,1203.9424999999999
2015-03-26 22:45:00,1203.896,1204.671,1203.876,1204.665
2015-03-26 23:00:00,1204.669,1205.0194999999999,1204.4355,1204.674
2015-03-26 23:15:00,1204.685,1205.2704999999999,1204.6165,1205.0684999999999
2015-03-26 23:30:00,1205.0655,1205.435,1204.8065000000001,1205.091
2015-03-26 23:45:00,1205.07,1205.07,1203.3685,1203.37
2015-03-27 01:00:00,1203.1395,1203.8229999999999,1202.5300000000002,1202.9479999999999
2015-03-27 01:15:00,1202.973,1203.453,1202.8379999999997,1203.2575
2015-03-27 01:30:00,1203.2425,1203.284,1201.7254999999998,1201.7254999999998
2015-03-27 01:45:00,1201.7164999999998,1201.7749999999999,1200.5545,1201.084
2015-03-27 02:00:00,1201.0584999999999,1201.636,1200.0875,1200.444
2015-03-27 02:15:00,1200.454,1201.6299999999999,1200.1950000000002,1201.4379999999999
2015-03-27 02:30:00,1201.4054999999998,1202.045,1201.202,1201.945
2015-03-27 02:45:00,1201.9735,1202.5034999999998,1201.3249999999998,1201.3584999999998
2015-03-27 03:00:00,1201.3474999999999,1202.1734999999999,1201.3249999999998,1201.872
2015-03-27 03:15:00,1201.829,1202.1290000000001,1201.787,1202.04
2015-03-27 03:30:00,1202.0194999999999,1202.832,1202.0194999999999,1202.484
2015-03-27 03:45:00,1202.4835,1203.0185,1202.2715,1202.9379999999999
2015-03-27 04:00:00,1202.9225000000001,1202.9279999999999,1202.238,1202.4650000000001
2015-03-27 04:15:00,1202.4225,1202.515,1201.645,1202.029
2015-03-27 04:30:00,1201.9985,1202.9285,1201.9985,1202.5919999999999
2015-03-27 04:45:00,1202.5815000000002,1203.236,1202.4950000000001,1202.701
2015-03-27 05:00:00,1202.73,1202.9499999999998,1202.0605,1202.7645
2015-03-27 05:15:00,1202.74,1203.1605,1202.74,1202.8035
2015-03-27 05:30:00,1202.789,1204.0500000000002,1202.789,1203.1565
2015-03-27 05:45:00,1203.15,1203.5565,1202.75,1203.18
2015-03-27 06:00:00,1203.146,1205.037,1203.146,1204.78
2015-03-27 06:15:00,1204.73,1205.18,1203.7745,1204.4080000000001
2015-03-27 06:30:00,1204.4145,1206.324,1204.208,1204.5315
2015-03-27 06:45:00,1204.5010000000002,1204.9144999999999,1202.991,1202.991
2015-03-27 07:00:00,1202.9524999999999,1204.1505000000002,1200.88,1203.148
2015-03-27 07:15:00,1203.173,1205.438,1202.1699999999998,1202.6565
2015-03-27 07:30:00,1202.6455,1202.6455,1200.5549999999998,1201.3815000000002
2015-03-27 07:45:00,1201.3770000000002,1201.4334999999999,1198.13,1198.9005
2015-03-27 08:00:00,1198.9005,1199.7554999999998,1198.2905,1198.2905
2015-03-27 08:15:00,1198.2775,1198.3335,1196.941,1197.6175
2015-03-27 08:30:00,1197.606,1199.4575000000002,1197.5225,1199.0794999999998
2015-03-27 08:45:00,1199.105,1199.6535,1198.1445,1198.546
2015-03-27 09:00:00,1198.5710000000001,1199.1335,1198.0695,1198.6450000000002
2015-03-27 09:15:00,1198.6789999999999,1198.745,1197.786,1198.4835
2015-03-27 09:30:00,1198.484,1198.484,1196.4755,1196.6834999999999
2015-03-27 09:45:00,1196.609,1198.2285000000002,1195.9070000000002,1197.753
2015-03-27 10:00:00,1197.755,1198.4315000000001,1197.684,1198.0495
2015-03-27 10:15:00,1198.05,1198.84,1197.7555,1198.701
2015-03-27 10:30:00,1198.6944999999998,1199.134,1197.9205,1199.128
2015-03-27 10:45:00,1199.1205,1199.5125,1198.826,1199.4545
2015-03-27 11:00:00,1199.4315000000001,1200.541,1198.8265000000001,1200.4560000000001
2015-03-27 11:15:00,1200.4625,1200.934,1199.567,1200.3365
2015-03-27 11:30:00,1200.3615,1201.3619999999999,1200.2060000000001,1201.1965
2015-03-27 11:45:00,1201.1765,1202.051,1200.6454999999999,1201.7645
2015-03-27 12:00:00,1201.8145,1202.5265000000002,1200.1754999999998,1200.8535
2015-03-27 12:15:00,1200.8575,1202.6205,1200.045,1201.94
2015-03-27 12:30:00,1201.905,1203.2385000000002,1201.239,1201.595
2015-03-27 12:45:00,1201.5964999999999,1201.9945,1199.548,1200.2839999999999
2015-03-27 13:00:00,1200.3084999999999,1202.1544999999999,1199.8899999999999,1200.2185000000002
2015-03-27 13:15:00,1200.2649999999999,1200.665,1198.9785000000002,1200.023
2015-03-27 13:30:00,1200.065,1200.267,1195.7745,1195.9499999999998
2015-03-27 13:45:00,1195.975,1196.6609999999998,1192.737,1195.6995
2015-03-27 14:00:00,1195.6989999999998,1200.243,1194.943,1199.222
2015-03-27 14:15:00,1199.232,1201.663,1199.1715,1200.2445
2015-03-27 14:30:00,1200.2694999999999,1202.158,1198.8345,1199.7740000000001
2015-03-27 14:45:00,1199.7745,1201.05,1198.56,1198.5745
2015-03-27 15:00:00,1198.6145000000001,1198.8655,1195.999,1197.9950000000001
2015-03-27 15:15:00,1197.9955,1198.2635,1197.0939999999998,1198.1945
2015-03-27 15:30:00,1198.18,1199.7440000000001,1197.6895,1198.8355000000001
2015-03-27 15:45:00,1198.8285,1199.64,1198.8085,1199.5135
2015-03-27 16:00:00,1199.571,1201.055,1199.002,1200.445
2015-03-27 16:15:00,1200.436,1201.205,1199.8045,1200.1085
2015-03-27 16:30:00,1200.134,1200.914,1199.576,1200.8185
2015-03-27 16:45:00,1200.791,1200.9935,1199.649,1199.7949999999998
2015-03-27 17:00:00,1199.8360000000002,1200.2330000000002,1199.6005,1199.913
2015-03-27 17:15:00,1199.8509999999999,1201.019,1199.8139999999999,1200.9180000000001
2015-03-27 17:30:00,1200.893,1201.2435,1199.8999999999999,1200.89
2015-03-27 17:45:00,1200.8155,1200.8495,1200.2884999999999,1200.5005
2015-03-27 18:00:00,1200.5255,1200.915,1200.443,1200.903
2015-03-27 18:15:00,1200.9085,1200.9695000000002,1199.9545,1200.314
2015-03-27 18:30:00,1200.324,1200.9295,1199.888,1200.113
2015-03-27 18:45:00,1200.142,1200.646,1199.7830000000001,1200.6264999999999
2015-03-27 19:00:00,1200.629,1200.8645000000001,1200.2839999999999,1200.3585
2015-03-27 19:15:00,1200.3835000000001,1200.5495,1200.183,1200.408
2015-03-27 19:30:00,1200.383,1200.488,1199.625,1199.988
2015-03-27 19:45:00,1199.99,1200.4485,1196.3200000000002,1198.6895
2015-03-27 20:00:00,1198.704,1198.9345,1197.1,1198.009
2015-03-27 20:15:00,1198.0095,1198.485,1197.8145,1198.009
2015-03-27 20:30:00,1198.0095000000001,1199.0964999999999,1197.6755,1198.3605
2015-03-27 20:45:00,1198.26,1199.0194999999999,1198.0195,1198.771
2015-03-29 22:00:00,1198.825,1199.565,1196.563,1197.0739999999998
2015-03-29 22:15:00,1197.0590000000002,1197.8985,1196.7665,1197.4560000000001
2015-03-29 22:30:00,1197.4554999999998,1197.8590000000002,1197.1699999999998,1197.569
2015-03-29 22:45:00,1197.5695,1198.1335,1197.569,1198.01
2015-03-29 23:00:00,1197.99,1198.3509999999999,1197.8835,1198.2459999999999
2015-03-29 23:15:00,1198.2504999999999,1198.2659999999998,1197.552,1197.667
2015-03-29 23:30:00,1197.6789999999999,1198.18,1197.0800000000002,1197.1765
2015-03-29 23:45:00,1197.176,1197.349,1196.49,1197.339
2015-03-30 01:00:00,1197.8204999999998,1198.5230000000001,1197.279,1197.316
2015-03-30 01:15:00,1197.2915,1197.298,1196.463,1196.582
2015-03-30 01:30:00,1196.592,1196.92,1196.369,1196.6605000000002
2015-03-30 01:45:00,1196.6335000000001,1196.7179999999998,1194.8084999999999,1195.054
2015-03-30 02:00:00,1195.041,1195.448,1194.316,1194.6435000000001
2015-03-30 02:15:00,1194.69,1194.6995000000002,1192.3944999999999,1193.3015
2015-03-30 02:30:00,1193.3035,1194.731,1193.0205,1193.6915
2015-03-30 02:45:00,1193.7095,1194.7035,1193.642,1194.6000000000001
2015-03-30 03:00:00,1194.622,1195.333,1194.0865000000001,1194.226
2015-03-30 03:15:00,1194.217,1194.644,1193.829,1194.556
2015-03-30 03:30:00,1194.576,1194.6895000000002,1194.125,1194.3085
2015-03-30 03:45:00,1194.3239999999998,1194.7645,1194.284,1194.702
2015-03-30 04:00:00,1194.674,1194.674,1194.303,1194.5225
2015-03-30 04:15:00,1194.506,1194.6765,1194.117,1194.162
2015-03-30 04:30:00,1194.1865,1194.8145,1193.989,1194.662
2015-03-30 04:45:00,1194.67,1194.67,1194.0075,1194.0075
2015-03-30 05:00:00,1193.9925,1194.2155,1193.28,1193.5635
2015-03-30 05:15:00,1193.558,1193.952,1193.432,1193.687
2015-03-30 05:30:00,1193.6970000000001,1194.295,1193.684,1193.9254999999998
2015-03-30 05:45:00,1193.8945,1194.792,1193.4885000000002,1194.53
2015-03-30 06:00:00,1194.5674999999999,1194.7050000000002,1193.469,1193.6535
2015-03-30 06:15:00,1193.6035,1194.8485,1193.4325000000001,1194.651
2015-03-30 06:30:00,1194.6405,1194.7530000000002,1193.5784999999998,1193.9540000000002
2015-03-30 06:45:00,1193.9489999999998,1193.9705,1191.1185,1191.1185
2015-03-30 07:00:00,1191.1285,1191.7665,1188.8085,1189.6885000000002
2015-03-30 07:15:00,1189.6654999999998,1189.8105,1187.166,1189.1490000000001
2015-03-30 07:30:00,1189.1495,1189.35,1187.9289999999999,1189.025
2015-03-30 07:45:00,1189.045,1189.682,1187.56,1188.5294999999999
2015-03-30 08:00:00,1188.5004999999999,1189.4495,1187.931,1189.1984999999997
2015-03-30 08:15:00,1189.223,1189.5814999999998,1188.3255,1188.8729999999998
2015-03-30 08:30:00,1188.8635000000002,1189.2060000000001,1188.4374999999998,1189.094
2015-03-30 08:45:00,1189.086,1190.0445000000002,1188.8829999999998,1189.6405
2015-03-30 09:00:00,1189.6325000000002,1190.3955,1188.751,1190.356
2015-03-30 09:15:00,1190.351,1191.358,1189.6965,1189.792
2015-03-30 09:30:00,1189.797,1189.9940000000001,1187.0865000000001,1187.656
2015-03-30 09:45:00,1187.6635,1188.275,1186.978,1187.1164999999999
2015-03-30 10:00:00,1187.1055000000001,1187.6909999999998,1186.3405,1187.4325
2015-03-30 10:15:00,1187.434,1187.8065,1187.403,1187.5400000000002
2015-03-30 10:30:00,1187.55,1188.653,1187.5425,1188.228
2015-03-30 10:45:00,1188.21,1188.275,1185.9315,1186.076
2015-03-30 11:00:00,1186.082,1186.454,1184.4265,1184.4495
2015-03-30 11:15:00,1184.5215,1184.7635,1183.519,1184.361
2015-03-30 11:30:00,1184.363,1184.4645,1182.781,1182.839
2015-03-30 11:45:00,1182.8955,1183.7910000000002,1182.8200000000002,1183.596
2015-03-30 12:00:00,1183.594,1185.6435000000001,1182.9850000000001,1185.3925
2015-03-30 12:15:00,1185.398,1187.08,1185.193,1186.0949999999998
2015-03-30 12:30:00,1186.093,1186.49,1184.7105,1184.9495000000002
2015-03-30 12:45:00,1184.9585000000002,1185.57,1184.26,1185.468
2015-03-30 13:00:00,1185.4685,1185.5385,1182.462,1183.57
2015-03-30 13:15:00,1183.5985,1187.375,1183.57,1186.6265
2015-03-30 13:30:00,1186.713,1188.0784999999998,1185.616,1187.182
2015-03-30 13:45:00,1187.18,1187.4115,1185.3735000000001,1185.4885
2015-03-30 14:00:00,1185.4985,1187.611,1184.8565,1187.1805
2015-03-30 14:15:00,1187.18,1187.85,1186.261,1186.875
2015-03-30 14:30:00,1186.8755,1187.622,1186.0815,1186.7640000000001
2015-03-30 14:45:00,1186.754,1187.955,1183.0955,1185.1735
2015-03-30 15:00:00,1185.1385,1186.2015,1184.48,1185.6864999999998
2015-03-30 15:15:00,1185.6945,1185.8025000000002,1183.4005000000002,1184.4165
2015-03-30 15:30:00,1184.391,1185.2125,1183.5265,1184.9195
2015-03-30 15:45:00,1184.924,1185.4565,1184.155,1185.0885
2015-03-30 16:00:00,1185.095,1185.492,1184.676,1184.676
2015-03-30 16:15:00,1184.715,1185.21,1184.715,1184.81
2015-03-30 16:30:00,1184.8165,1185.1685,1184.712,1185.0100000000002
2015-03-30 16:45:00,1185.036,1185.2675000000002,1184.6599999999999,1184.807
2015-03-30 17:00:00,1184.7995,1185.21,1184.62,1185.0149999999999
2015-03-30 17:15:00,1185.0125,1186.2085,1184.6119999999999,1186.2085
2015-03-30 17:30:00,1186.21,1186.61,1185.555,1185.6999999999998
2015-03-30 17:45:00,1185.665,1185.7099999999998,1184.81,1185.11
2015-03-30 18:00:00,1185.1599999999999,1185.483,1184.9985,1185.11
2015-03-30 18:15:00,1185.1205,1186.21,1184.91,1185.87
2015-03-30 18:30:00,1185.871,1186.007,1185.5075,1185.7939999999999
2015-03-30 18:45:00,1185.805,1186.804,1185.805,1186.4135
2015-03-30 19:00:00,1186.431,1186.6135,1186.2685,1186.2815
2015-03-30 19:15:00,1186.2665,1186.3935,1185.905,1186.308
2015-03-30 19:30:00,1186.3155,1186.505,1185.8509999999999,1186.005
2015-03-30 19:45:00,1186.0045,1186.117,1185.0285,1185.555
2015-03-30 20:00:00,1185.524,1185.843,1185.3365000000001,1185.579
2015-03-30 20:15:00,1185.595,1185.815,1185.53,1185.723
2015-03-30 20:30:00,1185.7344999999998,1185.916,1185.511,1185.8039999999999
2015-03-30 20:45:00,1185.8265,1186.33,1185.808,1186.0415
2015-03-30 22:00:00,1185.882,1186.614,1184.9454999999998,1186.255
2015-03-30 22:15:00,1186.1799999999998,1186.3945,1186.07,1186.2815
2015-03-30 22:30:00,1186.281,1186.4940000000001,1186.1685,1186.419
2015-03-30 22:45:00,1186.4185,1186.733,1186.4185,1186.5194999999999
2015-03-30 23:00:00,1186.5339999999999,1186.8700000000001,1186.4195,1186.728
2015-03-30 23:15:00,1186.7079999999999,1186.728,1186.275,1186.3225
2015-03-30 23:30:00,1186.33,1186.52,1186.014,1186.1995
2015-03-30 23:45:00,1186.1989999999998,1186.257,1185.742,1186.079
2015-03-31 01:00:00,1187.092,1187.5885,1185.819,1185.84
2015-03-31 01:15:00,1185.8215,1186.0959999999998,1185.3124999999998,1185.4134999999999
2015-03-31 01:30:00,1185.4385,1186.308,1184.434,1184.904
2015-03-31 01:45:00,1184.9164999999998,1185.3045,1184.29,1185.136
2015-03-31 02:00:00,1185.1585,1185.579,1184.3185,1185.3345000000002
2015-03-31 02:15:00,1185.317,1186.093,1185.0965,1185.567
2015-03-31 02:30:00,1185.573,1185.751,1185.1,1185.1525
2015-03-31 02:45:00,1185.161,1185.4044999999999,1183.5145,1183.5919999999999
2015-03-31 03:00:00,1183.6345,1184.47,1183.6095,1184.2115
2015-03-31 03:15:00,1184.2185,1184.4134999999999,1183.0065,1183.0065
2015-03-31 03:30:00,1182.9815,1183.3600000000001,1181.7815,1181.9535
2015-03-31 03:45:00,1181.934,1182.811,1181.4720000000002,1181.566
2015-03-31 04:00:00,1181.524,1181.991,1180.75,1181.2965
2015-03-31 04:15:00,1181.29,1181.988,1179.8985,1181.894
2015-03-31 04:30:00,1181.905,1182.318,1181.241,1182.0255
2015-03-31 04:45:00,1182.0195,1182.693,1181.7830000000001,1182.4225000000001
2015-03-31 05:00:00,1182.4455,1183.0185000000001,1181.987,1182.677
2015-03-31 05:15:00,1182.662,1184.7555,1181.3565,1182.9550000000002
2015-03-31 05:30:00,1182.9445,1184.316,1182.8585,1183.8200000000002
2015-03-31 05:45:00,1183.8270000000002,1183.934,1182.876,1183.219
2015-03-31 06:00:00,1183.2259999999999,1183.318,1182.226,1182.369
2015-03-31 06:15:00,1182.394,1182.8184999999999,1181.621,1181.9044999999999
2015-03-31 06:30:00,1181.917,1182.449,1181.61,1181.8715000000002
2015-03-31 06:45:00,1181.8515,1182.1615,1180.616,1181.1085
2015-03-31 07:00:00,1181.109,1182.1385,1179.5535,1180.6275
2015-03-31 07:15:00,1180.6335000000001,1181.156,1180.2955000000002,1180.8055
2015-03-31 07:30:00,1180.7805,1181.619,1179.689,1180.1965
2015-03-31 07:45:00,1180.1895,1180.326,1178.7855,1179.3959999999997
2015-03-31 08:00:00,1179.403,1180.1585,1179.0794999999998,1179.4795000000001
2015-03-31 08:15:00,1179.4859999999999,1180.9045,1179.133,1180.8535
2015-03-31 08:30:00,1180.829,1181.242,1180.2724999999998,1180.444
2015-03-31 08:45:00,1180.445,1180.495,1179.634,1180.048
2015-03-31 09:00:00,1180.066,1180.716,1179.6515,1180.3764999999999
2015-03-31 09:15:00,1180.3695,1180.6205,1179.564,1179.7095
2015-03-31 09:30:00,1179.7075,1180.2510000000002,1178.549,1179.7135
2015-03-31 09:45:00,1179.697,1181.2475,1179.407,1180.917
2015-03-31 10:00:00,1180.9415000000001,1182.6585,1180.9415000000001,1182.091
2015-03-31 10:15:00,1182.119,1182.499,1181.4180000000001,1181.6290000000001
2015-03-31 10:30:00,1181.6380000000001,1183.1725,1181.6380000000001,1182.578
2015-03-31 10:45:00,1182.6029999999998,1186.0645,1182.5405,1185.3365000000001
2015-03-31 11:00:00,1185.3345000000002,1186.0330000000001,1184.382,1184.5015
2015-03-31 11:15:00,1184.505,1185.1589999999999,1184.281,1184.8525
2015-03-31 11:30:00,1184.8395,1184.9475,1183.6285,1183.7275
2015-03-31 11:45:00,1183.7325,1185.7510000000002,1183.553,1184.3155
2015-03-31 12:00:00,1184.3085,1186.988,1184.3085,1186.734
2015-03-31 12:15:00,1186.7314999999999,1188.0939999999998,1186.5249999999999,1186.7259999999999
2015-03-31 12:30:00,1186.756,1187.7285000000002,1186.0155,1186.5355000000002
2015-03-31 12:45:00,1186.5349999999999,1188.97,1186.329,1188.855
2015-03-31 13:00:00,1188.8799999999999,1189.315,1185.7285000000002,1186.102
2015-03-31 13:15:00,1186.034,1187.0555,1185.64,1186.4485
2015-03-31 13:30:00,1186.4635,1188.966,1186.365,1188.966
2015-03-31 13:45:00,1188.9465,1189.096,1186.6815,1187.0285
2015-03-31 14:00:00,1187.054,1188.23,1185.819,1188.0684999999999
2015-03-31 14:15:00,1188.0735,1190.1485,1187.86,1188.72
2015-03-31 14:30:00,1188.758,1190.8619999999999,1188.6100000000001,1190.171
2015-03-31 14:45:00,1190.172,1190.7245,1187.825,1188.149
2015-03-31 15:00:00,1188.1395,1188.359,1187.085,1187.654
2015-03-31 15:15:00,1187.621,1187.958,1186.5259999999998,1187.858
2015-03-31 15:30:00,1187.8535,1188.158,1187.035,1187.2354999999998
2015-03-31 15:45:00,1187.2205000000001,1187.795,1187.1105,1187.33
2015-03-31 16:00:00,1187.3195,1187.8410000000001,1186.895,1187.396
2015-03-31 16:15:00,1187.395,1187.834,1187.0,1187.2
2015-03-31 16:30:00,1187.2409999999998,1187.6335000000001,1186.625,1186.7259999999999
2015-03-31 16:45:00,1186.7250000000001,1186.9,1183.756,1183.844
2015-03-31 17:00:00,1183.835,1184.615,1182.8885,1183.128
2015-03-31 17:15:00,1183.133,1184.1519999999998,1182.9370000000001,1183.4895
2015-03-31 17:30:00,1183.535,1183.5384999999999,1181.74,1182.82
2015-03-31 17:45:00,1182.8445,1182.928,1181.6219999999998,1182.5949999999998
2015-03-31 18:00:00,1182.5520000000001,1183.4154999999998,1182.0995,1183.302
2015-03-31 18:15:00,1183.342,1183.9650000000001,1182.93,1183.915
2015-03-31 18:30:00,1183.9215,1184.48,1182.321,1182.6170000000002
2015-03-31 18:45:00,1182.6450000000002,1183.3819999999998,1182.4165,1183.2259999999999
2015-03-31 19:00:00,1183.201,1183.395,1182.757,1183.2565
2015-03-31 19:15:00,1183.267,1183.6715,1183.0494999999999,1183.6715
2015-03-31 19:30:00,1183.6725000000001,1184.445,1183.5085,1184.147
2015-03-31 19:45:00,1184.1529999999998,1184.4615000000001,1183.3625,1184.3615
2015-03-31 20:00:00,1184.3365000000001,1184.4645,1183.49,1183.5829999999999
2015-03-31 20:15:00,1183.588,1183.888,1183.496,1183.76
2015-03-31 20:30:00,1183.7530000000002,1183.9365,1183.4865,1183.9355
2015-03-31 20:45:00,1183.942,1183.9605000000001,1183.535,1183.6185
2015-03-31 21:00:00,1183.405,1183.405,1183.405,1183.405
2015-03-31 22:00:00,1183.5,1184.2465,1183.4199999999998,1183.7265
2015-03-31 22:15:00,1183.695,1183.945,1183.5955000000001,1183.6245
2015-03-31 22:30:00,1183.5990000000002,1183.631,1183.151,1183.1765
2015-03-31 22:45:00,1183.178,1183.528,1183.1515,1183.2685000000001
2015-03-31 23:00:00,1183.2485,1183.584,1182.9699999999998,1183.584
2015-03-31 23:15:00,1183.5785,1183.669,1182.91,1183.1475
2015-03-31 23:30:00,1183.1875,1183.66,1183.153,1183.18
2015-03-31 23:45:00,1183.1889999999999,1183.757,1183.15,1183.757
