time,open,high,low,close
2018-04-01 22:00:00,1326.0349999999999,1326.6255,1325.0915,1325.386
2018-04-01 22:15:00,1325.391,1325.74,1325.2915,1325.4915
2018-04-01 22:30:00,1325.4965,1325.5165,1324.9165,1325.2715
2018-04-01 22:45:00,1325.272,1326.3750000000002,1325.2559999999999,1326.305
2018-04-01 23:00:00,1326.305,1327.221,1326.1599999999999,1327.115
2018-04-01 23:15:00,1327.1149999999998,1327.4315000000001,1326.8935000000001,1326.9669999999999
2018-04-01 23:30:00,1326.965,1327.62,1326.85,1326.9640000000002
2018-04-01 23:45:00,1326.9635,1327.501,1326.4209999999998,1326.7334999999998
2018-04-02 01:00:00,1326.82,1328.8565,1326.8000000000002,1328.513
2018-04-02 01:15:00,1328.5035,1329.264,1328.0615,1329.1889999999999
2018-04-02 01:30:00,1329.194,1330.145,1329.194,1329.66
2018-04-02 01:45:00,1329.6685,1330.204,1329.353,1330.025
2018-04-02 02:00:00,1330.024,1330.42,1329.0185000000001,1329.3155000000002
2018-04-02 02:15:00,1329.3055,1329.74,1329.221,1329.5349999999999
2018-04-02 02:30:00,1329.5300000000002,1329.627,1329.2245,1329.2835
2018-04-02 02:45:00,1329.2785000000001,1330.1399999999999,1329.1029999999998,1329.974
2018-04-02 03:00:00,1329.964,1330.207,1329.835,1330.065
2018-04-02 03:15:00,1330.0805,1330.094,1329.405,1329.49
2018-04-02 03:30:00,1329.4895000000001,1330.0800000000002,1329.1264999999999,1329.2045
2018-04-02 03:45:00,1329.195,1329.43,1329.0794999999998,1329.4285
2018-04-02 04:00:00,1329.4180000000001,1329.6200000000001,1329.3135,1329.405
2018-04-02 04:15:00,1329.3495,1329.7335,1329.321,1329.54
2018-04-02 04:30:00,1329.5349999999999,1329.677,1329.3100000000002,1329.6115
2018-04-02 04:45:00,1329.61,1329.8764999999999,1329.55,1329.6255
2018-04-02 05:00:00,1329.6155,1329.7155,1329.3865,1329.52
2018-04-02 05:15:00,1329.5249999999999,1329.7205,1329.1229999999998,1329.2314999999999
2018-04-02 05:30:00,1329.225,1329.256,1328.6005,1328.9350000000002
2018-04-02 05:45:00,1328.9395000000002,1329.655,1328.9395000000002,1329.575
2018-04-02 06:00:00,1329.5639999999999,1329.5639999999999,1328.532,1329.0345
2018-04-02 06:15:00,1329.0415,1329.495,1328.475,1329.4879999999998
2018-04-02 06:30:00,1329.4734999999998,1329.8864999999998,1329.1734999999999,1329.791
2018-04-02 06:45:00,1329.7895,1330.6715000000002,1329.4979999999998,1330.5505
2018-04-02 07:00:00,1330.555,1331.4530000000002,1330.485,1330.953
2018-04-02 07:15:00,1330.963,1331.4415000000001,1330.833,1331.315
2018-04-02 07:30:00,1331.33,1332.155,1331.315,1332.1
2018-04-02 07:45:00,1332.1045,1332.5479999999998,1331.635,1332.2050000000002
2018-04-02 08:00:00,1332.2320000000002,1332.318,1331.4885,1331.99
2018-04-02 08:15:00,1331.985,1332.54,1331.2604999999999,1332.0905
2018-04-02 08:30:00,1332.085,1332.085,1331.5204999999999,1331.598
2018-04-02 08:45:00,1331.5985,1331.944,1331.508,1331.8339999999998
2018-04-02 09:00:00,1331.8335000000002,1332.089,1331.3585,1331.953
2018-04-02 09:15:00,1331.9635,1332.0615,1331.5445,1331.671
2018-04-02 09:30:00,1331.6845,1332.1935,1331.6845,1331.9569999999999
2018-04-02 09:45:00,1331.9565,1332.062,1331.7834999999998,1331.8020000000001
2018-04-02 10:00:00,1331.8004999999998,1331.979,1331.495,1331.5645
2018-04-02 10:15:00,1331.585,1331.8660000000002,1331.4900000000002,1331.8660000000002
2018-04-02 10:30:00,1331.8595,1331.974,1331.7699999999998,1331.974
2018-04-02 10:45:00,1332.0035,1332.3715,1331.932,1332.3635
2018-04-02 11:00:00,1332.365,1332.831,1332.09,1332.791
2018-04-02 11:15:00,1332.7904999999998,1333.325,1332.6805,1333.123
2018-04-02 11:30:00,1333.1235,1335.0915,1333.1235,1333.5395
2018-04-02 11:45:00,1333.54,1333.7345,1332.86,1333.5665
2018-04-02 12:00:00,1333.582,1334.5700000000002,1333.3235,1333.7315
2018-04-02 12:15:00,1333.7165,1335.519,1333.526,1334.431
2018-04-02 12:30:00,1334.406,1334.8365000000001,1333.7264999999998,1334.6515
2018-04-02 12:45:00,1334.6565,1335.5215,1334.3705,1334.6745
2018-04-02 13:00:00,1334.6865,1335.3815000000002,1334.27,1335.255
2018-04-02 13:15:00,1335.256,1336.6399999999999,1335.24,1335.6665
2018-04-02 13:30:00,1335.66,1336.0710000000001,1333.584,1334.515
2018-04-02 13:45:00,1334.4235,1334.544,1332.696,1334.2099999999998
2018-04-02 14:00:00,1334.465,1334.74,1333.375,1334.706
2018-04-02 14:15:00,1334.79,1337.2065,1334.6019999999999,1336.59
2018-04-02 14:30:00,1336.6,1338.1815,1336.59,1336.9890000000003
2018-04-02 14:45:00,1336.9885,1337.852,1336.405,1337.2765000000002
2018-04-02 15:00:00,1337.3065000000001,1338.9410000000003,1336.5449999999998,1338.9005000000002
2018-04-02 15:15:00,1338.8860000000002,1339.1615000000002,1336.9265,1336.946
2018-04-02 15:30:00,1337.012,1337.616,1335.96,1337.58
2018-04-02 15:45:00,1337.577,1338.6995,1337.3735,1338.587
2018-04-02 16:00:00,1338.6215,1340.3915,1338.4115,1339.071
2018-04-02 16:15:00,1339.061,1339.9435,1338.7830000000001,1339.2765000000002
2018-04-02 16:30:00,1339.2820000000002,1339.391,1338.0849999999998,1338.657
2018-04-02 16:45:00,1338.6565,1339.46,1338.2984999999999,1339.368
2018-04-02 17:00:00,1339.358,1340.38,1339.0629999999999,1339.732
2018-04-02 17:15:00,1339.7314999999999,1343.1965000000002,1339.695,1342.8799999999999
2018-04-02 17:30:00,1342.8999999999999,1343.655,1341.73,1343.5665
2018-04-02 17:45:00,1343.5565000000001,1344.7350000000001,1343.5,1344.502
2018-04-02 18:00:00,1344.527,1344.916,1343.38,1343.6455
2018-04-02 18:15:00,1343.6415,1343.847,1342.885,1342.93
2018-04-02 18:30:00,1342.94,1343.356,1342.893,1342.942
2018-04-02 18:45:00,1342.935,1343.4735,1341.9464999999998,1342.152
2018-04-02 19:00:00,1342.1665,1342.177,1340.651,1340.937
2018-04-02 19:15:00,1340.8850000000002,1341.479,1340.518,1341.345
2018-04-02 19:30:00,1341.353,1341.5700000000002,1340.4299999999998,1340.637
2018-04-02 19:45:00,1340.64,1342.6535,1340.3500000000001,1342.265
2018-04-02 20:00:00,1342.255,1342.259,1341.023,1341.2305
2018-04-02 20:15:00,1341.2299999999998,1341.9550000000002,1340.5149999999999,1341.735
2018-04-02 20:30:00,1341.73,1341.7835,1341.3985,1341.4985
2018-04-02 20:45:00,1341.483,1341.705,1341.025,1341.354
2018-04-02 22:00:00,1340.86,1341.44,1340.001,1340.198
2018-04-02 22:15:00,1340.2,1340.3500000000001,1339.8485,1339.9585
2018-04-02 22:30:00,1339.958,1340.215,1339.7749999999999,1340.2065
2018-04-02 22:45:00,1340.2069999999999,1340.455,1340.11,1340.3665
2018-04-02 23:00:00,1340.4165,1341.526,1340.4050000000002,1341.45
2018-04-02 23:15:00,1341.44,1341.84,1341.1715,1341.3515
2018-04-02 23:30:00,1341.352,1341.94,1341.352,1341.92
2018-04-02 23:45:00,1341.935,1342.265,1341.545,1341.68
2018-04-03 01:00:00,1340.869,1340.87,1339.8315,1340.546
2018-04-03 01:15:00,1340.5465,1340.6544999999999,1338.1815,1338.1815
2018-04-03 01:30:00,1338.1715,1338.742,1337.516,1338.0649999999998
2018-04-03 01:45:00,1338.0800000000002,1338.8,1337.339,1338.775
2018-04-03 02:00:00,1338.785,1339.902,1338.57,1339.3935
2018-04-03 02:15:00,1339.405,1339.415,1338.875,1339.065
2018-04-03 02:30:00,1339.0800000000002,1339.2935,1338.1535,1338.2749999999999
2018-04-03 02:45:00,1338.264,1338.95,1338.085,1338.781
2018-04-03 03:00:00,1338.785,1339.51,1338.6585,1339.15
2018-04-03 03:15:00,1339.15,1339.1805,1338.453,1338.753
2018-04-03 03:30:00,1338.755,1338.8349999999998,1338.3115,1338.675
2018-04-03 03:45:00,1338.711,1338.945,1337.9505,1338.017
2018-04-03 04:00:00,1338.0215,1338.0804999999998,1337.5465,1337.7420000000002
2018-04-03 04:15:00,1337.7259999999999,1338.17,1337.7259999999999,1337.9445
2018-04-03 04:30:00,1337.9385,1338.6,1337.8600000000001,1338.291
2018-04-03 04:45:00,1338.2845,1338.589,1338.195,1338.495
2018-04-03 05:00:00,1338.4885000000002,1338.59,1338.0585,1338.165
2018-04-03 05:15:00,1338.166,1338.3315,1337.735,1338.3315
2018-04-03 05:30:00,1338.3600000000001,1339.4085,1338.2749999999999,1339.1585
2018-04-03 05:45:00,1339.1580000000001,1339.6750000000002,1338.591,1339.515
2018-04-03 06:00:00,1339.5,1340.1945,1339.07,1340.155
2018-04-03 06:15:00,1340.156,1340.241,1339.612,1340.0539999999999
2018-04-03 06:30:00,1340.0535000000002,1340.8010000000002,1339.758,1340.771
2018-04-03 06:45:00,1340.766,1342.136,1340.5535,1341.1850000000002
2018-04-03 07:00:00,1341.1979999999999,1341.2130000000002,1339.48,1339.9950000000001
2018-04-03 07:15:00,1340.0240000000001,1340.569,1339.1085,1339.1835
2018-04-03 07:30:00,1339.183,1339.2935000000002,1337.8035,1338.4239999999998
2018-04-03 07:45:00,1338.384,1338.7215,1338.1385,1338.625
2018-04-03 08:00:00,1338.61,1338.734,1336.5985,1336.8045
2018-04-03 08:15:00,1336.8145,1337.6705000000002,1336.4165,1337.664
2018-04-03 08:30:00,1337.6705000000002,1338.184,1337.1805,1337.549
2018-04-03 08:45:00,1337.524,1337.7145,1336.9389999999999,1337.275
2018-04-03 09:00:00,1337.2769999999998,1337.8665,1336.937,1337.011
2018-04-03 09:15:00,1337.0215,1337.5685,1336.8115,1337.1165
2018-04-03 09:30:00,1337.116,1337.2849999999999,1336.6245,1337.105
2018-04-03 09:45:00,1337.1055000000001,1337.7600000000002,1336.9965,1337.59
2018-04-03 10:00:00,1337.615,1338.2815,1337.179,1337.9565
2018-04-03 10:15:00,1337.955,1338.715,1337.745,1338.614
2018-04-03 10:30:00,1338.6285,1338.66,1337.236,1337.3650000000002
2018-04-03 10:45:00,1337.375,1337.49,1336.3015,1336.4879999999998
2018-04-03 11:00:00,1336.4899999999998,1337.2405,1336.2255,1337.025
2018-04-03 11:15:00,1337.032,1337.636,1336.7445,1337.602
2018-04-03 11:30:00,1337.5855,1337.625,1337.03,1337.423
2018-04-03 11:45:00,1337.425,1338.1485000000002,1337.425,1337.8295
2018-04-03 12:00:00,1337.83,1339.735,1337.4285,1339.5395
2018-04-03 12:15:00,1339.541,1341.254,1339.1815000000001,1340.099
2018-04-03 12:30:00,1340.0555000000002,1340.146,1338.3100000000002,1338.4499999999998
2018-04-03 12:45:00,1338.4450000000002,1338.9534999999998,1338.1315,1338.48
2018-04-03 13:00:00,1338.4820000000002,1338.5695,1336.2795,1336.49
2018-04-03 13:15:00,1336.4895000000001,1336.4895000000001,1334.0605,1334.3129999999999
2018-04-03 13:30:00,1334.2984999999999,1334.8455,1333.303,1334.1180000000002
2018-04-03 13:45:00,1334.0755000000001,1335.13,1333.523,1334.1680000000001
2018-04-03 14:00:00,1334.1640000000002,1334.47,1332.5389999999998,1333.297
2018-04-03 14:15:00,1333.3015,1333.9215,1333.0449999999998,1333.3690000000001
2018-04-03 14:30:00,1333.3500000000001,1333.4965,1330.936,1331.663
2018-04-03 14:45:00,1331.6779999999999,1331.6779999999999,1329.044,1329.5085
2018-04-03 15:00:00,1329.5535,1330.805,1329.333,1330.05
2018-04-03 15:15:00,1330.055,1331.4235,1329.815,1331.1135
2018-04-03 15:30:00,1331.1085,1332.8585,1330.95,1331.564
2018-04-03 15:45:00,1331.559,1332.3885,1331.268,1332.1639999999998
2018-04-03 16:00:00,1332.1490000000001,1332.5900000000001,1331.68,1332.0885
2018-04-03 16:15:00,1332.089,1333.94,1332.0529999999999,1333.8765
2018-04-03 16:30:00,1333.87,1334.2490000000003,1332.9450000000002,1333.26
2018-04-03 16:45:00,1333.326,1334.1200000000001,1333.2585,1334.035
2018-04-03 17:00:00,1334.04,1334.8285,1333.935,1334.6299999999999
2018-04-03 17:15:00,1334.628,1334.9499999999998,1333.3580000000002,1333.474
2018-04-03 17:30:00,1333.5585,1333.6785,1332.605,1332.606
2018-04-03 17:45:00,1332.6064999999999,1332.8315,1331.7450000000001,1331.85
2018-04-03 18:00:00,1331.85,1332.7555,1331.8300000000002,1332.452
2018-04-03 18:15:00,1332.4515,1333.2935,1332.1835,1332.8515
2018-04-03 18:30:00,1332.852,1333.608,1332.6080000000002,1333.608
2018-04-03 18:45:00,1333.603,1333.683,1332.268,1332.384
2018-04-03 19:00:00,1332.349,1332.3785,1330.2914999999998,1331.2985
2018-04-03 19:15:00,1331.299,1331.49,1330.3029999999999,1330.5035
2018-04-03 19:30:00,1330.513,1331.23,1330.4089999999999,1330.855
2018-04-03 19:45:00,1330.8485,1331.7685000000001,1330.5335,1331.6585
2018-04-03 20:00:00,1331.7385,1332.8535,1331.663,1332.747
2018-04-03 20:15:00,1332.7815,1332.9635,1332.6190000000001,1332.693
2018-04-03 20:30:00,1332.7285,1332.7285,1332.0629999999999,1332.1570000000002
2018-04-03 20:45:00,1332.155,1332.8855,1332.0215,1332.85
2018-04-03 22:00:00,1332.93,1333.0249999999999,1332.4185,1332.9985000000001
2018-04-03 22:15:00,1332.999,1333.435,1332.808,1333.3784999999998
2018-04-03 22:30:00,1333.3684999999998,1333.479,1332.7935,1333.0285
2018-04-03 22:45:00,1333.033,1333.61,1333.0135,1333.384
2018-04-03 23:00:00,1333.38,1333.3899999999999,1332.9999999999998,1333.106
2018-04-03 23:15:00,1333.1065,1333.1065,1332.5815,1332.601
2018-04-03 23:30:00,1332.6015,1333.0255,1332.525,1333.0214999999998
2018-04-03 23:45:00,1333.0149999999999,1333.545,1333.0149999999999,1333.295
2018-04-04 01:00:00,1332.6000000000001,1333.385,1332.1705,1333.2285
2018-04-04 01:15:00,1333.2335,1333.2835,1332.03,1332.1435000000001
2018-04-04 01:30:00,1332.1485,1332.7965,1332.004,1332.4605
2018-04-04 01:45:00,1332.465,1333.135,1332.3265,1333.115
2018-04-04 02:00:00,1333.105,1334.393,1333.0885,1334.3485
2018-04-04 02:15:00,1334.3535,1334.5265,1334.008,1334.205
2018-04-04 02:30:00,1334.1995000000002,1334.6885,1333.755,1334.5884999999998
2018-04-04 02:45:00,1334.5984999999998,1335.075,1334.428,1334.779
2018-04-04 03:00:00,1334.7785,1334.779,1334.132,1334.245
2018-04-04 03:15:00,1334.2414999999999,1334.395,1333.9745,1333.99
2018-04-04 03:30:00,1333.995,1335.1345000000001,1333.995,1334.786
2018-04-04 03:45:00,1334.7865,1335.199,1334.5964999999999,1334.7395000000001
2018-04-04 04:00:00,1334.7350000000001,1334.8195,1334.5500000000002,1334.655
2018-04-04 04:15:00,1334.66,1335.3885,1334.655,1335.323
2018-04-04 04:30:00,1335.3349999999998,1335.979,1335.214,1335.5415
2018-04-04 04:45:00,1335.54,1335.9615000000001,1335.2295,1335.2295
2018-04-04 05:00:00,1335.231,1335.7265,1334.6264999999999,1334.694
2018-04-04 05:15:00,1334.6305000000002,1334.8615,1333.8965,1333.8965
2018-04-04 05:30:00,1333.907,1334.285,1333.105,1333.8615
2018-04-04 05:45:00,1333.8619999999999,1334.75,1333.8609999999999,1334.6135
2018-04-04 06:00:00,1334.61,1334.645,1333.755,1334.059
2018-04-04 06:15:00,1334.0535,1334.277,1333.6645,1334.08
2018-04-04 06:30:00,1334.0755,1334.7255,1334.075,1334.092
2018-04-04 06:45:00,1334.1014999999998,1334.449,1334.016,1334.4345
2018-04-04 07:00:00,1334.424,1336.245,1334.3085,1336.02
2018-04-04 07:15:00,1336.03,1336.1335000000001,1335.2530000000002,1336.0040000000001
2018-04-04 07:30:00,1336.01,1338.708,1335.7109999999998,1338.405
2018-04-04 07:45:00,1338.4065,1340.0259999999998,1338.3415,1339.6599999999999
2018-04-04 08:00:00,1339.6589999999999,1343.6285,1339.5965,1342.375
2018-04-04 08:15:00,1342.405,1345.0,1342.3369999999998,1343.3600000000001
2018-04-04 08:30:00,1343.4105,1343.741,1341.29,1342.474
2018-04-04 08:45:00,1342.4755,1342.9714999999999,1342.032,1342.15
2018-04-04 09:00:00,1342.123,1344.3419999999999,1342.1109999999999,1343.5145
2018-04-04 09:15:00,1343.5165000000002,1344.157,1342.959,1343.0635
2018-04-04 09:30:00,1343.0585,1343.9150000000002,1342.9115,1343.845
2018-04-04 09:45:00,1343.855,1344.2265,1342.8685,1342.9355
2018-04-04 10:00:00,1342.935,1343.8365000000001,1342.9345,1343.6845
2018-04-04 10:15:00,1343.7565,1344.782,1342.0045,1343.3885
2018-04-04 10:30:00,1343.3585,1343.5034999999998,1341.9485000000002,1342.9915
2018-04-04 10:45:00,1342.992,1343.4105,1342.4859999999999,1342.9915
2018-04-04 11:00:00,1342.995,1344.457,1342.586,1344.4115
2018-04-04 11:15:00,1344.4109999999998,1344.44,1343.135,1343.135
2018-04-04 11:30:00,1343.1415000000002,1344.3000000000002,1342.86,1344.09
2018-04-04 11:45:00,1344.0115,1347.27,1343.3895,1346.8465
2018-04-04 12:00:00,1346.845,1347.206,1344.2405,1344.3999999999999
2018-04-04 12:15:00,1344.398,1347.77,1342.8065,1346.3100000000002
2018-04-04 12:30:00,1346.3080000000002,1347.0395,1346.0995,1346.22
2018-04-04 12:45:00,1346.22,1348.318,1346.093,1347.1865
2018-04-04 13:00:00,1347.187,1347.643,1344.066,1344.1115
2018-04-04 13:15:00,1344.099,1345.0565000000001,1342.557,1344.4279999999999
2018-04-04 13:30:00,1344.4845,1344.8835,1341.4835,1342.2685000000001
2018-04-04 13:45:00,1342.3455000000001,1343.634,1341.741,1342.1834999999999
2018-04-04 14:00:00,1342.115,1342.8535,1339.8395,1340.9685
2018-04-04 14:15:00,1340.9505,1341.885,1340.512,1341.7849999999999
2018-04-04 14:30:00,1341.7785,1342.122,1340.3884999999998,1341.2085000000002
2018-04-04 14:45:00,1341.2079999999999,1341.29,1335.0639999999999,1335.9685
2018-04-04 15:00:00,1336.058,1338.025,1335.84,1337.145
2018-04-04 15:15:00,1337.15,1337.1665,1334.7630000000001,1335.5315
2018-04-04 15:30:00,1335.531,1335.85,1334.9465,1335.625
2018-04-04 15:45:00,1335.6345000000001,1335.8184999999999,1334.25,1334.5414999999998
2018-04-04 16:00:00,1334.6219999999998,1335.3085,1334.14,1334.5735000000002
2018-04-04 16:15:00,1334.5935000000002,1335.2235,1334.298,1335.218
2018-04-04 16:30:00,1335.2185,1336.43,1335.1955,1336.277
2018-04-04 16:45:00,1336.285,1337.234,1336.1915,1336.424
2018-04-04 17:00:00,1336.44,1337.2585000000001,1336.1535,1337.1085
2018-04-04 17:15:00,1337.1185,1337.1399999999999,1335.863,1336.3215
2018-04-04 17:30:00,1336.3415,1336.62,1335.7285000000002,1336.5345
2018-04-04 17:45:00,1336.52,1336.9160000000002,1336.2200000000003,1336.2200000000003
2018-04-04 18:00:00,1336.1985,1336.1985,1333.8535,1334.2185
2018-04-04 18:15:00,1334.2395,1334.5549999999998,1332.5140000000001,1333.0384999999999
2018-04-04 18:30:00,1333.0635000000002,1334.385,1332.2984999999999,1333.878
2018-04-04 18:45:00,1333.8799999999999,1334.101,1333.2885,1333.56
2018-04-04 19:00:00,1333.5665000000001,1334.2635,1333.47,1333.6515
2018-04-04 19:15:00,1333.656,1333.8915,1332.9415000000001,1333.0465
2018-04-04 19:30:00,1333.0459999999998,1333.547,1332.835,1333.3500000000001
2018-04-04 19:45:00,1333.3449999999998,1333.54,1332.5500000000002,1333.4615
2018-04-04 20:00:00,1333.465,1333.8000000000002,1333.0635000000002,1333.154
2018-04-04 20:15:00,1333.1634999999999,1333.2665,1332.9665,1333.079
2018-04-04 20:30:00,1333.0490000000002,1333.319,1332.86,1333.2955
2018-04-04 20:45:00,1333.299,1333.514,1333.1895,1333.25
2018-04-04 22:00:00,1332.88,1333.961,1332.849,1333.9415000000001
2018-04-04 22:15:00,1333.935,1334.7640000000001,1333.8685,1334.67
2018-04-04 22:30:00,1334.6785,1334.9830000000002,1334.45,1334.7735
2018-04-04 22:45:00,1334.7685000000001,1334.9,1334.355,1334.375
2018-04-04 23:00:00,1334.375,1334.502,1333.9634999999998,1334.04
2018-04-04 23:15:00,1334.03,1334.364,1333.6285,1333.95
2018-04-04 23:30:00,1333.96,1334.2269999999999,1333.6235,1334.066
2018-04-04 23:45:00,1334.065,1334.1834999999999,1333.2585000000001,1333.5615
2018-04-05 01:00:00,1330.7314999999999,1332.017,1330.626,1331.917
2018-04-05 01:15:00,1331.9165000000003,1332.0115,1331.2365,1331.2365
2018-04-05 01:30:00,1331.259,1331.6315,1331.126,1331.24
2018-04-05 01:45:00,1331.252,1331.3315,1330.5645,1330.616
2018-04-05 02:00:00,1330.6145000000001,1330.8435,1329.955,1330.7984999999999
2018-04-05 02:15:00,1330.805,1331.072,1330.6615000000002,1330.887
2018-04-05 02:30:00,1330.885,1330.885,1330.2659999999998,1330.341
2018-04-05 02:45:00,1330.3450000000003,1330.9940000000001,1330.255,1330.9935
2018-04-05 03:00:00,1330.988,1331.355,1330.665,1331.355
2018-04-05 03:15:00,1331.3635000000002,1331.3795,1330.757,1330.875
2018-04-05 03:30:00,1330.8799999999999,1331.0555000000002,1330.5605,1331.0555000000002
2018-04-05 03:45:00,1331.0435,1331.0600000000002,1330.403,1330.6699999999998
2018-04-05 04:00:00,1330.6599999999999,1330.6599999999999,1328.6835,1328.7549999999999
2018-04-05 04:15:00,1328.77,1328.9665,1328.2035,1328.3049999999998
2018-04-05 04:30:00,1328.304,1329.1245,1328.0455,1328.51
2018-04-05 04:45:00,1328.508,1328.6970000000001,1328.3899999999999,1328.6034999999997
2018-04-05 05:00:00,1328.62,1329.0035,1328.415,1328.904
2018-04-05 05:15:00,1328.8990000000001,1329.1055000000001,1328.5755,1329.0085000000001
2018-04-05 05:30:00,1328.9935,1329.5085,1328.584,1329.2835
2018-04-05 05:45:00,1329.2785000000001,1329.4184999999998,1328.665,1328.935
2018-04-05 06:00:00,1328.9350000000002,1329.175,1328.249,1328.2605
2018-04-05 06:15:00,1328.259,1328.2635,1326.8745,1327.22
2018-04-05 06:30:00,1327.22,1327.414,1326.1335,1326.3300000000002
2018-04-05 06:45:00,1326.3304999999998,1326.837,1326.028,1326.445
2018-04-05 07:00:00,1326.455,1326.4579999999999,1324.529,1325.4835
2018-04-05 07:15:00,1325.4735,1327.4585,1325.3585,1326.81
2018-04-05 07:30:00,1326.7645,1327.6154999999999,1326.503,1327.3
2018-04-05 07:45:00,1327.3265,1327.3799999999999,1326.7434999999998,1326.755
2018-04-05 08:00:00,1326.76,1327.1599999999999,1326.284,1326.408
2018-04-05 08:15:00,1326.4085,1326.675,1325.885,1326.575
2018-04-05 08:30:00,1326.569,1326.5745000000002,1326.0049999999999,1326.177
2018-04-05 08:45:00,1326.182,1326.599,1326.0535,1326.2195
2018-04-05 09:00:00,1326.2015,1326.202,1325.6154999999999,1326.116
2018-04-05 09:15:00,1326.1055000000001,1327.224,1326.0104999999999,1327.0994999999998
2018-04-05 09:30:00,1327.1000000000001,1327.625,1326.988,1327.1765
2018-04-05 09:45:00,1327.177,1327.3905,1326.675,1326.7890000000002
2018-04-05 10:00:00,1326.7884999999999,1327.609,1326.6815000000001,1327.2455
2018-04-05 10:15:00,1327.2404999999999,1328.519,1327.2404999999999,1328.3239999999998
2018-04-05 10:30:00,1328.3535000000002,1329.5865,1327.723,1329.4744999999998
2018-04-05 10:45:00,1329.4805000000001,1329.989,1329.1019999999999,1329.9099999999999
2018-04-05 11:00:00,1329.9150000000002,1330.7965,1329.66,1329.825
2018-04-05 11:15:00,1329.8385,1329.8390000000002,1328.2635,1328.808
2018-04-05 11:30:00,1328.8029999999999,1329.01,1328.3384999999998,1328.735
2018-04-05 11:45:00,1328.7359999999999,1329.33,1328.5965,1328.844
2018-04-05 12:00:00,1328.894,1329.8485,1328.749,1329.2285
2018-04-05 12:15:00,1329.228,1329.3435,1325.6254999999999,1326.0384999999999
2018-04-05 12:30:00,1325.9685,1328.03,1325.705,1326.728
2018-04-05 12:45:00,1326.74,1326.958,1324.8049999999998,1325.549
2018-04-05 13:00:00,1325.5639999999999,1326.3715000000002,1324.9005,1325.3235
2018-04-05 13:15:00,1325.3229999999999,1325.5195,1322.8935,1323.183
2018-04-05 13:30:00,1323.175,1328.0315,1322.8339999999998,1327.8400000000001
2018-04-05 13:45:00,1327.832,1329.775,1327.2265,1327.255
2018-04-05 14:00:00,1327.245,1327.6785,1324.6635,1325.093
2018-04-05 14:15:00,1325.0935,1325.8035,1324.3984999999998,1325.335
2018-04-05 14:30:00,1325.315,1325.605,1324.0300000000002,1324.237
2018-04-05 14:45:00,1324.247,1324.3839999999998,1323.104,1324.08
2018-04-05 15:00:00,1324.1035,1326.106,1323.8285,1325.3615
2018-04-05 15:15:00,1325.3455000000001,1325.349,1323.485,1324.1535
2018-04-05 15:30:00,1324.135,1324.85,1323.9460000000001,1324.0369999999998
2018-04-05 15:45:00,1324.0635000000002,1325.7935,1324.0189999999998,1325.2585
2018-04-05 16:00:00,1325.2345,1325.8715,1324.6385,1325.4850000000001
2018-04-05 16:15:00,1325.464,1326.3345000000002,1325.43,1325.4465
2018-04-05 16:30:00,1325.436,1326.065,1325.347,1325.5800000000002
2018-04-05 16:45:00,1325.57,1325.894,1324.94,1324.9665
2018-04-05 17:00:00,1324.9655,1326.657,1324.8664999999999,1326.4320000000002
2018-04-05 17:15:00,1326.4215,1326.75,1325.066,1325.066
2018-04-05 17:30:00,1325.0715,1326.1805,1325.0715,1326.133
2018-04-05 17:45:00,1326.155,1326.2655,1325.411,1325.855
2018-04-05 18:00:00,1325.855,1325.9599999999998,1325.3645000000001,1325.387
2018-04-05 18:15:00,1325.3785,1325.838,1325.2585,1325.675
2018-04-05 18:30:00,1325.673,1325.9415000000001,1325.4560000000001,1325.7765
2018-04-05 18:45:00,1325.77,1326.023,1325.7485,1325.86
2018-04-05 19:00:00,1325.8985,1326.065,1325.5684999999999,1325.5890000000002
2018-04-05 19:15:00,1325.5884999999998,1325.7749999999999,1325.2034999999998,1325.5890000000002
2018-04-05 19:30:00,1325.5884999999998,1326.3935,1325.293,1325.8615
2018-04-05 19:45:00,1325.852,1326.7350000000001,1325.136,1326.713
2018-04-05 20:00:00,1326.71,1327.1104999999998,1326.155,1326.723
2018-04-05 20:15:00,1326.7085,1326.7199999999998,1326.3200000000002,1326.3999999999999
2018-04-05 20:30:00,1326.4105,1326.815,1326.3045,1326.5285000000001
2018-04-05 20:45:00,1326.53,1326.7635,1326.3095,1326.7254999999998
2018-04-05 22:00:00,1326.44,1327.717,1326.3899999999999,1327.5884999999998
2018-04-05 22:15:00,1327.5880000000002,1327.8035,1327.4830000000002,1327.73
2018-04-05 22:30:00,1327.73,1328.07,1327.6689999999999,1327.9219999999998
2018-04-05 22:45:00,1327.9115000000002,1329.31,1327.71,1329.0365
2018-04-05 23:00:00,1329.0299999999997,1331.1409999999998,1328.97,1330.915
2018-04-05 23:15:00,1330.82,1331.705,1330.3035,1331.6285
2018-04-05 23:30:00,1331.625,1332.3585,1330.961,1331.5685
2018-04-05 23:45:00,1331.5635,1331.925,1330.455,1331.0195
2018-04-06 01:00:00,1330.7685,1332.5579999999998,1330.7685,1332.498
2018-04-06 01:15:00,1332.5485,1333.384,1332.1385,1332.3429999999998
2018-04-06 01:30:00,1332.353,1332.3715,1331.645,1331.997
2018-04-06 01:45:00,1332.0,1332.797,1332.0,1332.6879999999999
2018-04-06 02:00:00,1332.6885,1332.7635,1331.755,1331.87
2018-04-06 02:15:00,1331.865,1332.0715,1331.4245,1331.647
2018-04-06 02:30:00,1331.645,1332.165,1331.546,1331.552
2018-04-06 02:45:00,1331.5505,1331.645,1331.0964999999999,1331.1009999999999
2018-04-06 03:00:00,1331.115,1331.187,1330.735,1330.98
2018-04-06 03:15:00,1330.9650000000001,1331.0704999999998,1329.2535,1329.4799999999998
2018-04-06 03:30:00,1329.48,1329.9334999999999,1329.3345,1329.51
2018-04-06 03:45:00,1329.5159999999998,1330.501,1329.5049999999999,1330.3885
2018-04-06 04:00:00,1330.39,1330.5215,1329.8999999999999,1330.2199999999998
2018-04-06 04:15:00,1330.2064999999998,1330.302,1328.7915,1328.8700000000001
2018-04-06 04:30:00,1328.865,1328.866,1326.7289999999998,1327.798
2018-04-06 04:45:00,1327.8135,1328.5335,1327.1889999999999,1327.955
2018-04-06 05:00:00,1327.956,1328.3470000000002,1327.46,1327.9495000000002
2018-04-06 05:15:00,1327.95,1328.061,1327.338,1328.0395
2018-04-06 05:30:00,1328.045,1328.665,1327.9135,1328.25
2018-04-06 05:45:00,1328.2485000000001,1328.55,1327.5449999999998,1328.4415
2018-04-06 06:00:00,1328.43,1328.44,1326.973,1327.0765000000001
2018-04-06 06:15:00,1327.0865000000001,1327.5115,1325.506,1326.305
2018-04-06 06:30:00,1326.23,1326.6185,1325.32,1325.338
2018-04-06 06:45:00,1325.375,1325.6689999999999,1324.53,1324.8335000000002
2018-04-06 07:00:00,1324.8305,1324.937,1323.744,1324.6485
2018-04-06 07:15:00,1324.6585,1324.8495,1319.74,1321.8985
2018-04-06 07:30:00,1321.899,1323.023,1321.5795,1322.8085
2018-04-06 07:45:00,1322.7979999999998,1324.9385,1322.594,1324.615
2018-04-06 08:00:00,1324.619,1325.488,1324.1945,1324.6615
2018-04-06 08:15:00,1324.67,1324.7904999999998,1323.839,1324.157
2018-04-06 08:30:00,1324.14,1325.1195,1324.03,1324.7405
2018-04-06 08:45:00,1324.7354999999998,1324.8194999999998,1324.0529999999999,1324.1555
2018-04-06 09:00:00,1324.145,1324.9615,1324.07,1324.7364999999998
2018-04-06 09:15:00,1324.736,1325.442,1324.725,1324.929
2018-04-06 09:30:00,1324.949,1326.3600000000001,1324.899,1326.2305
2018-04-06 09:45:00,1326.235,1326.3684999999998,1325.7135,1325.9965000000002
2018-04-06 10:00:00,1326.0535,1326.09,1324.8035,1325.43
2018-04-06 10:15:00,1325.428,1325.6195,1324.13,1324.4540000000002
2018-04-06 10:30:00,1324.4534999999998,1324.47,1323.7884999999999,1323.909
2018-04-06 10:45:00,1323.9055,1324.29,1323.82,1323.844
2018-04-06 11:00:00,1323.8435,1324.5735,1323.515,1323.933
2018-04-06 11:15:00,1323.9345,1324.4250000000002,1323.515,1323.6190000000001
2018-04-06 11:30:00,1323.6184999999998,1323.6495000000002,1322.69,1322.73
2018-04-06 11:45:00,1322.7285,1323.2504999999999,1322.645,1323.0435
2018-04-06 12:00:00,1323.0485,1323.4950000000001,1322.3984999999998,1323.1290000000001
2018-04-06 12:15:00,1323.117,1325.995,1320.971,1321.8715
2018-04-06 12:30:00,1321.986,1331.0549999999998,1321.944,1326.019
2018-04-06 12:45:00,1326.0235,1329.149,1321.98,1328.494
2018-04-06 13:00:00,1328.5385,1330.815,1327.806,1329.2915
2018-04-06 13:15:00,1329.3465,1335.46,1329.3465,1334.672
2018-04-06 13:30:00,1334.741,1335.215,1331.795,1333.6499999999999
2018-04-06 13:45:00,1333.7065,1334.1564999999998,1330.215,1331.5495
2018-04-06 14:00:00,1331.5565,1333.262,1330.916,1332.74
2018-04-06 14:15:00,1332.7665,1332.7665,1330.463,1331.0465000000002
2018-04-06 14:30:00,1331.0055,1334.03,1330.9854999999998,1333.03
2018-04-06 14:45:00,1333.0365000000002,1334.277,1330.9015,1331.7285
2018-04-06 15:00:00,1331.78,1333.917,1331.7630000000001,1332.363
2018-04-06 15:15:00,1332.3635,1333.5765,1332.088,1332.9285
2018-04-06 15:30:00,1332.928,1333.1945,1331.538,1332.9969999999998
2018-04-06 15:45:00,1332.9965000000002,1333.1965,1332.2849999999999,1332.2849999999999
2018-04-06 16:00:00,1332.291,1332.9415000000001,1331.776,1332.3615
2018-04-06 16:15:00,1332.3564999999999,1333.2705,1331.7329999999997,1331.8750000000002
2018-04-06 16:30:00,1331.8899999999999,1332.355,1330.7,1331.1885
2018-04-06 16:45:00,1331.184,1331.8400000000001,1330.8835,1331.475
2018-04-06 17:00:00,1331.5049999999999,1331.7969999999998,1330.38,1330.497
2018-04-06 17:15:00,1330.4965,1332.912,1330.396,1332.486
2018-04-06 17:30:00,1332.491,1332.815,1331.3115,1332.0115
2018-04-06 17:45:00,1332.0165,1332.1750000000002,1331.6085,1332.1335000000001
2018-04-06 18:00:00,1332.1285,1332.615,1331.55,1332.445
2018-04-06 18:15:00,1332.445,1333.125,1331.8200000000002,1332.1185
2018-04-06 18:30:00,1332.118,1332.13,1331.22,1331.7350000000001
2018-04-06 18:45:00,1331.7335,1332.9115,1331.32,1332.83
2018-04-06 19:00:00,1332.8515,1334.101,1332.5165,1333.2815
2018-04-06 19:15:00,1333.2765,1333.71,1332.855,1333.26
2018-04-06 19:30:00,1333.2635,1333.61,1333.105,1333.3514999999998
2018-04-06 19:45:00,1333.357,1333.475,1332.775,1333.2565
2018-04-06 20:00:00,1333.256,1333.8715,1333.16,1333.585
2018-04-06 20:15:00,1333.57,1333.817,1333.442,1333.8100000000002
2018-04-06 20:30:00,1333.8165,1333.96,1333.0300000000002,1333.0400000000002
2018-04-06 20:45:00,1333.0400000000002,1333.395,1332.745,1333.325
2018-04-08 22:00:00,1334.1764999999998,1334.9699999999998,1333.0249999999999,1333.51
2018-04-08 22:15:00,1333.507,1333.875,1332.486,1332.652
2018-04-08 22:30:00,1332.6515,1333.8899999999999,1332.481,1333.7949999999998
2018-04-08 22:45:00,1333.7900000000002,1333.9965,1332.9765,1333.79
2018-04-08 23:00:00,1333.7949999999998,1334.21,1333.3385,1333.3500000000001
2018-04-08 23:15:00,1333.3600000000001,1334.094,1333.0760000000002,1333.0915
2018-04-08 23:30:00,1333.1115,1333.172,1331.8719999999998,1331.981
2018-04-08 23:45:00,1331.9915,1332.6264999999999,1331.865,1332.615
2018-04-09 01:00:00,1331.517,1331.762,1330.7635,1330.7895
2018-04-09 01:15:00,1330.79,1331.1879999999999,1329.8970000000002,1330.9135
2018-04-09 01:30:00,1330.9085,1332.515,1330.9035000000001,1332.2549999999999
2018-04-09 01:45:00,1332.2600000000002,1332.465,1331.5865,1331.606
2018-04-09 02:00:00,1331.6065,1332.065,1331.511,1331.9715
2018-04-09 02:15:00,1331.9815,1332.6164999999999,1331.9715,1332.4815
2018-04-09 02:30:00,1332.481,1333.3115,1332.481,1333.195
2018-04-09 02:45:00,1333.185,1333.525,1332.9445,1333.272
2018-04-09 03:00:00,1333.2715,1333.462,1332.6865,1332.82
2018-04-09 03:15:00,1332.808,1332.82,1332.374,1332.733
2018-04-09 03:30:00,1332.7235,1333.145,1332.395,1333.0515
2018-04-09 03:45:00,1333.0369999999998,1333.227,1332.6049999999998,1332.6119999999999
2018-04-09 04:00:00,1332.6049999999998,1332.6370000000002,1332.3955,1332.52
2018-04-09 04:15:00,1332.5215,1332.737,1332.221,1332.4685
2018-04-09 04:30:00,1332.468,1332.7665,1332.2115000000001,1332.54
2018-04-09 04:45:00,1332.5285000000001,1332.6164999999999,1332.299,1332.52
2018-04-09 05:00:00,1332.522,1332.6505,1332.23,1332.2314999999999
2018-04-09 05:15:00,1332.226,1332.6154999999999,1332.105,1332.5155
2018-04-09 05:30:00,1332.5085000000001,1333.556,1332.5035,1332.9650000000001
2018-04-09 05:45:00,1332.955,1333.584,1332.6715,1333.155
2018-04-09 06:00:00,1333.15,1333.15,1331.252,1331.8940000000002
2018-04-09 06:15:00,1331.8935,1332.135,1330.8535,1331.3265
2018-04-09 06:30:00,1331.327,1331.8120000000001,1330.786,1331.6015
2018-04-09 06:45:00,1331.607,1331.726,1331.15,1331.4859999999999
2018-04-09 07:00:00,1331.4714999999999,1331.934,1328.674,1329.8065000000001
2018-04-09 07:15:00,1329.8115,1330.12,1329.29,1329.9634999999998
2018-04-09 07:30:00,1329.9785,1330.0585,1329.0285000000001,1329.48
2018-04-09 07:45:00,1329.4734999999998,1330.0635,1329.293,1329.785
2018-04-09 08:00:00,1329.775,1330.013,1329.0800000000002,1329.6634999999999
2018-04-09 08:15:00,1329.6585,1329.9634999999998,1329.28,1329.4080000000001
2018-04-09 08:30:00,1329.41,1329.5095,1327.5694999999998,1328.1965
2018-04-09 08:45:00,1328.2365,1329.3980000000001,1327.97,1328.99
2018-04-09 09:00:00,1328.9785,1329.715,1328.895,1329.425
2018-04-09 09:15:00,1329.4284999999998,1329.9115000000002,1329.0534999999998,1329.054
2018-04-09 09:30:00,1329.0485,1329.0614999999998,1328.3435000000002,1328.458
2018-04-09 09:45:00,1328.4950000000001,1328.982,1327.653,1327.68
2018-04-09 10:00:00,1327.6779999999999,1327.9534999999998,1326.9265,1327.505
2018-04-09 10:15:00,1327.505,1327.767,1327.0495,1327.276
2018-04-09 10:30:00,1327.286,1328.546,1327.1709999999998,1327.9615
2018-04-09 10:45:00,1327.9595,1328.777,1327.8665,1328.49
2018-04-09 11:00:00,1328.4485,1329.1564999999998,1328.105,1328.1955
2018-04-09 11:15:00,1328.1905,1328.66,1327.8935000000001,1328.285
2018-04-09 11:30:00,1328.3595,1329.026,1328.285,1328.78
2018-04-09 11:45:00,1328.7755,1329.7910000000002,1328.4745,1329.72
2018-04-09 12:00:00,1329.7495,1332.359,1329.3015,1332.2255
2018-04-09 12:15:00,1332.2230000000002,1333.195,1331.795,1332.5785
2018-04-09 12:30:00,1332.5865000000001,1332.906,1332.1864999999998,1332.8095
2018-04-09 12:45:00,1332.8055,1333.9499999999998,1332.19,1333.691
2018-04-09 13:00:00,1333.7065,1334.6215000000002,1332.7265,1333.92
2018-04-09 13:15:00,1333.93,1334.6315,1332.8705,1333.61
2018-04-09 13:30:00,1333.647,1333.933,1331.3785,1331.936
2018-04-09 13:45:00,1331.95,1332.6979999999999,1331.6015,1332.2614999999998
2018-04-09 14:00:00,1332.2545,1332.8935000000001,1331.4959999999999,1332.356
2018-04-09 14:15:00,1332.355,1333.971,1332.1480000000001,1333.146
2018-04-09 14:30:00,1333.181,1333.6765,1332.5430000000001,1333.526
2018-04-09 14:45:00,1333.5265,1333.8265,1332.1015,1332.348
2018-04-09 15:00:00,1332.3485,1333.815,1332.111,1333.7315
2018-04-09 15:15:00,1333.7250000000001,1334.112,1333.0964999999999,1333.5335
2018-04-09 15:30:00,1333.5285,1333.732,1332.738,1333.3629999999998
2018-04-09 15:45:00,1333.3684999999998,1333.8100000000002,1332.9450000000002,1333.48
2018-04-09 16:00:00,1333.482,1333.7335,1332.8385,1333.043
2018-04-09 16:15:00,1333.0435,1333.674,1332.3235,1333.3604999999998
2018-04-09 16:30:00,1333.3700000000001,1336.9160000000002,1333.3700000000001,1336.2195
2018-04-09 16:45:00,1336.3155,1336.5255000000002,1335.146,1335.3449999999998
2018-04-09 17:00:00,1335.3500000000001,1336.9810000000002,1335.2640000000001,1336.7815
2018-04-09 17:15:00,1336.7965,1337.091,1336.335,1336.345
2018-04-09 17:30:00,1336.341,1336.4519999999998,1335.8365,1336.271
2018-04-09 17:45:00,1336.2715,1336.9499999999998,1335.7099999999998,1335.8519999999999
2018-04-09 18:00:00,1335.85,1336.682,1335.7700000000002,1336.4315000000001
2018-04-09 18:15:00,1336.435,1336.8665,1336.3300000000002,1336.5465
2018-04-09 18:30:00,1336.5459999999998,1337.4665,1336.4545,1337.345
2018-04-09 18:45:00,1337.345,1338.0365000000002,1337.055,1337.4065
2018-04-09 19:00:00,1337.407,1337.425,1336.791,1336.9054999999998
2018-04-09 19:15:00,1336.9119999999998,1337.542,1336.415,1336.5169999999998
2018-04-09 19:30:00,1336.5104999999999,1337.155,1336.32,1336.6
2018-04-09 19:45:00,1336.5835,1337.5,1336.272,1337.3200000000002
2018-04-09 20:00:00,1337.354,1337.82,1337.1299999999999,1337.3159999999998
2018-04-09 20:15:00,1337.3165,1337.3165,1336.4865,1336.5020000000002
2018-04-09 20:30:00,1336.5014999999999,1336.691,1336.0505,1336.136
2018-04-09 20:45:00,1336.1345000000001,1336.4315000000001,1336.1245000000001,1336.35
2018-04-09 22:00:00,1336.4699999999998,1337.0385,1336.185,1336.835
2018-04-09 22:15:00,1336.83,1337.317,1335.988,1336.055
2018-04-09 22:30:00,1336.083,1336.2485,1335.86,1335.87
2018-04-09 22:45:00,1335.8685,1336.1550000000002,1335.3750000000002,1335.646
2018-04-09 23:00:00,1335.651,1335.84,1335.2705,1335.365
2018-04-09 23:15:00,1335.4395,1335.7649999999999,1335.24,1335.5435
2018-04-09 23:30:00,1335.5484999999999,1336.449,1335.5484999999999,1335.947
2018-04-09 23:45:00,1335.9565,1337.213,1335.9415000000001,1336.562
2018-04-10 01:00:00,1337.9045,1338.0085000000001,1336.6345000000001,1336.758
2018-04-10 01:15:00,1336.7585,1336.9250000000002,1335.592,1335.8685
2018-04-10 01:30:00,1335.9085,1336.5085000000001,1335.6085,1335.8385
2018-04-10 01:45:00,1335.839,1335.929,1334.5165000000002,1334.67
2018-04-10 02:00:00,1334.6645,1335.0535,1334.002,1334.0365
2018-04-10 02:15:00,1334.035,1334.3055,1332.92,1333.615
2018-04-10 02:30:00,1333.595,1334.6184999999998,1333.55,1334.225
2018-04-10 02:45:00,1334.2134999999998,1334.4134999999999,1333.835,1333.913
2018-04-10 03:00:00,1333.9285,1334.455,1333.559,1334.3385
2018-04-10 03:15:00,1334.339,1334.4385,1333.835,1334.2179999999998
2018-04-10 03:30:00,1334.2185,1334.759,1334.104,1334.575
2018-04-10 03:45:00,1334.575,1334.672,1334.2015,1334.435
2018-04-10 04:00:00,1334.4145,1334.443,1333.7250000000001,1333.7935
2018-04-10 04:15:00,1333.7355,1334.022,1333.628,1333.628
2018-04-10 04:30:00,1333.645,1334.059,1333.529,1333.8455
2018-04-10 04:45:00,1333.8439999999998,1334.15,1333.6435,1334.0385
2018-04-10 05:00:00,1334.039,1334.2545,1332.028,1332.2379999999998
2018-04-10 05:15:00,1332.2334999999998,1332.36,1331.1485,1331.7
2018-04-10 05:30:00,1331.7005,1332.559,1331.5014999999999,1332.44
2018-04-10 05:45:00,1332.4405000000002,1332.6435,1332.2430000000002,1332.5040000000001
2018-04-10 06:00:00,1332.5035,1332.5035,1331.899,1332.0015
2018-04-10 06:15:00,1332.064,1332.44,1331.624,1331.7689999999998
2018-04-10 06:30:00,1331.7795,1333.495,1331.677,1333.4595
2018-04-10 06:45:00,1333.459,1333.6765,1332.9435,1333.4434999999999
2018-04-10 07:00:00,1333.4330000000002,1334.442,1333.0785,1333.4634999999998
2018-04-10 07:15:00,1333.4395,1335.8135,1333.3400000000001,1335.42
2018-04-10 07:30:00,1335.4534999999998,1336.995,1335.2735,1336.3465
2018-04-10 07:45:00,1336.356,1337.8319999999999,1335.7269999999999,1337.365
2018-04-10 08:00:00,1337.37,1337.8184999999999,1335.964,1336.0720000000001
2018-04-10 08:15:00,1336.0855000000001,1336.4735,1334.31,1334.35
2018-04-10 08:30:00,1334.404,1336.3235,1334.305,1335.745
2018-04-10 08:45:00,1335.685,1336.56,1335.555,1336.4699999999998
2018-04-10 09:00:00,1336.4640000000002,1336.4685000000002,1335.8464999999999,1335.9415
2018-04-10 09:15:00,1335.925,1336.317,1335.6545,1336.2815
2018-04-10 09:30:00,1336.2115,1336.292,1335.3695,1335.4765
2018-04-10 09:45:00,1335.455,1335.4814999999999,1334.67,1335.365
2018-04-10 10:00:00,1335.3639999999998,1336.2695,1335.2415,1335.6995
2018-04-10 10:15:00,1335.695,1335.857,1335.323,1335.425
2018-04-10 10:30:00,1335.4195,1335.6999999999998,1334.9759999999999,1335.2955
2018-04-10 10:45:00,1335.285,1335.8129999999999,1334.9965000000002,1335.81
2018-04-10 11:00:00,1335.876,1336.501,1335.5205,1336.4885000000002
2018-04-10 11:15:00,1336.4889999999998,1337.2984999999999,1336.346,1337.2935
2018-04-10 11:30:00,1337.1935,1339.065,1337.1785,1337.976
2018-04-10 11:45:00,1337.9765,1338.021,1336.2955,1336.5265000000002
2018-04-10 12:00:00,1336.5255000000002,1338.2615,1336.5110000000002,1338.0495
2018-04-10 12:15:00,1338.0545,1339.2160000000001,1337.958,1338.8944999999999
2018-04-10 12:30:00,1338.8465,1338.8465,1336.1985,1336.7885
2018-04-10 12:45:00,1336.789,1337.9665,1335.67,1337.6085
2018-04-10 13:00:00,1337.435,1340.0735000000002,1337.0835,1339.8
2018-04-10 13:15:00,1339.795,1340.2359999999999,1339.435,1339.735
2018-04-10 13:30:00,1339.7365,1341.024,1339.557,1340.5155
2018-04-10 13:45:00,1340.5114999999998,1340.532,1338.0285000000001,1338.9434999999999
2018-04-10 14:00:00,1338.943,1340.256,1338.943,1339.4
2018-04-10 14:15:00,1339.4115,1340.292,1339.09,1339.48
2018-04-10 14:30:00,1339.5,1339.88,1338.227,1339.125
2018-04-10 14:45:00,1339.1515,1340.1865,1338.775,1339.795
2018-04-10 15:00:00,1339.806,1340.0120000000002,1339.0529999999999,1339.2665000000002
2018-04-10 15:15:00,1339.255,1339.255,1335.99,1336.853
2018-04-10 15:30:00,1336.8580000000002,1337.53,1336.5339999999999,1337.5204999999999
2018-04-10 15:45:00,1337.52,1339.0615,1337.3229999999999,1338.7115000000001
2018-04-10 16:00:00,1338.7215,1339.2514999999999,1338.4865000000002,1338.9865
2018-04-10 16:15:00,1338.9869999999999,1340.4315000000001,1338.4515000000001,1340.272
2018-04-10 16:30:00,1340.2765,1340.492,1339.4615000000001,1340.277
2018-04-10 16:45:00,1340.2765,1340.3815000000002,1339.1135,1339.582
2018-04-10 17:00:00,1339.5814999999998,1340.1,1339.095,1339.9055
2018-04-10 17:15:00,1339.9,1342.6785,1339.6464999999998,1342.3870000000002
2018-04-10 17:30:00,1342.3515,1342.3515,1340.835,1340.94
2018-04-10 17:45:00,1340.941,1341.711,1338.7815,1339.0565
2018-04-10 18:00:00,1339.047,1339.6139999999998,1338.7515,1339.395
2018-04-10 18:15:00,1339.376,1340.147,1339.16,1340.105
2018-04-10 18:30:00,1340.0755,1341.7685,1339.894,1341.3015
2018-04-10 18:45:00,1341.32,1342.0120000000002,1340.6009999999999,1341.91
2018-04-10 19:00:00,1341.8365,1342.107,1341.1015,1341.52
2018-04-10 19:15:00,1341.5145,1341.577,1340.4959999999999,1340.7920000000001
2018-04-10 19:30:00,1340.7855000000002,1341.121,1340.295,1340.883
2018-04-10 19:45:00,1340.895,1341.2455000000002,1340.4959999999999,1340.652
2018-04-10 20:00:00,1340.66,1340.66,1340.1399999999999,1340.6000000000001
2018-04-10 20:15:00,1340.601,1340.606,1339.9965,1340.3515
2018-04-10 20:30:00,1340.352,1340.4260000000002,1340.1215,1340.136
2018-04-10 20:45:00,1340.1315,1340.1715,1339.21,1339.625
2018-04-10 22:00:00,1339.37,1339.8255,1339.21,1339.6785000000002
2018-04-10 22:15:00,1339.6789999999999,1340.405,1339.6634999999999,1340.4
2018-04-10 22:30:00,1340.4064999999998,1340.4344999999998,1339.6049999999998,1340.155
2018-04-10 22:45:00,1340.16,1340.8449999999998,1340.1499999999999,1340.555
2018-04-10 23:00:00,1340.55,1341.055,1340.325,1340.949
2018-04-10 23:15:00,1340.955,1341.3415,1340.8365,1341.097
2018-04-10 23:30:00,1341.1015,1341.347,1340.8300000000002,1341.085
2018-04-10 23:45:00,1341.0595,1342.1155,1341.051,1341.8700000000001
2018-04-11 01:00:00,1341.7849999999999,1341.8029999999999,1341.101,1341.2085000000002
2018-04-11 01:15:00,1341.2079999999999,1341.307,1340.0535000000002,1340.2535
2018-04-11 01:30:00,1340.258,1340.7465,1339.8365000000001,1340.3685
2018-04-11 01:45:00,1340.364,1340.984,1340.0349999999999,1340.1515
2018-04-11 02:00:00,1340.147,1340.7005,1340.0629999999999,1340.533
2018-04-11 02:15:00,1340.5335,1341.1345000000001,1340.4180000000001,1341.0905
2018-04-11 02:30:00,1341.0805,1341.3,1340.4714999999999,1340.585
2018-04-11 02:45:00,1340.5945,1340.5945,1340.1064999999999,1340.276
2018-04-11 03:00:00,1340.261,1340.602,1340.156,1340.4714999999999
2018-04-11 03:15:00,1340.4695,1340.902,1340.4695,1340.7869999999998
2018-04-11 03:30:00,1340.7865000000002,1341.0915,1340.7520000000002,1340.961
2018-04-11 03:45:00,1340.9615,1341.9139999999998,1340.8615000000002,1341.5700000000002
2018-04-11 04:00:00,1341.5695,1341.5765000000001,1341.08,1341.1105
2018-04-11 04:15:00,1341.1854999999998,1341.7185,1341.1045000000001,1341.3145
2018-04-11 04:30:00,1341.305,1341.705,1341.1100000000001,1341.6154999999999
2018-04-11 04:45:00,1341.5955000000001,1341.8385,1341.3285,1341.838
2018-04-11 05:00:00,1341.8385,1342.43,1341.735,1342.306
2018-04-11 05:15:00,1342.3065000000001,1342.5415,1341.9995,1341.9995
2018-04-11 05:30:00,1342.0665,1342.205,1341.5105,1341.9070000000002
2018-04-11 05:45:00,1341.9,1342.3300000000002,1341.7605,1342.3235
2018-04-11 06:00:00,1342.32,1344.6185,1342.031,1344.3265000000001
2018-04-11 06:15:00,1344.341,1345.1000000000001,1344.055,1344.98
2018-04-11 06:30:00,1344.98,1345.4015,1344.6670000000001,1344.905
2018-04-11 06:45:00,1344.9054999999998,1344.9885,1344.3249999999998,1344.7469999999998
2018-04-11 07:00:00,1344.74,1345.482,1343.8984999999998,1344.95
2018-04-11 07:15:00,1344.9785,1345.4365,1344.515,1344.9265
2018-04-11 07:30:00,1344.931,1345.349,1344.635,1345.2515
2018-04-11 07:45:00,1345.2615,1345.3065,1344.6415,1344.9355
2018-04-11 08:00:00,1344.935,1345.307,1343.315,1343.79
2018-04-11 08:15:00,1343.795,1344.505,1343.5214999999998,1344.294
2018-04-11 08:30:00,1344.231,1344.231,1343.2545,1343.285
2018-04-11 08:45:00,1343.2855,1343.9605000000001,1342.635,1343.365
2018-04-11 09:00:00,1343.375,1343.5089999999998,1342.8935,1343.323
2018-04-11 09:15:00,1343.3285,1343.8585,1343.2705,1343.5155
2018-04-11 09:30:00,1343.515,1345.261,1343.26,1344.9515
2018-04-11 09:45:00,1344.9665,1345.9945,1344.7510000000002,1345.59
2018-04-11 10:00:00,1345.587,1346.009,1345.3635,1345.7915
2018-04-11 10:15:00,1345.801,1347.4534999999998,1345.79,1346.692
2018-04-11 10:30:00,1346.6915,1346.857,1345.765,1346.367
2018-04-11 10:45:00,1346.341,1346.921,1345.6934999999999,1346.845
2018-04-11 11:00:00,1346.805,1350.0465,1346.485,1349.8294999999998
2018-04-11 11:15:00,1349.8245000000002,1351.1950000000002,1349.636,1350.82
2018-04-11 11:30:00,1350.82,1351.525,1349.1985,1349.199
2018-04-11 11:45:00,1349.2935,1351.026,1348.3745,1348.8735
2018-04-11 12:00:00,1348.7884999999999,1350.7815,1348.567,1349.1465
2018-04-11 12:15:00,1349.147,1352.1219999999998,1349.145,1351.7199999999998
2018-04-11 12:30:00,1351.8000000000002,1355.2965,1351.8000000000002,1353.7459999999999
2018-04-11 12:45:00,1353.7559999999999,1354.3415,1351.9615,1352.6015000000002
2018-04-11 13:00:00,1352.5565000000001,1353.035,1351.626,1352.7115
2018-04-11 13:15:00,1352.7015,1353.1354999999999,1349.77,1350.7755
2018-04-11 13:30:00,1350.8685,1352.7815,1350.77,1352.687
2018-04-11 13:45:00,1352.677,1354.1250000000002,1351.4465,1352.6015000000002
2018-04-11 14:00:00,1352.5835000000002,1354.0845000000002,1351.4215,1353.9865
2018-04-11 14:15:00,1353.987,1354.186,1352.7195,1353.2215
2018-04-11 14:30:00,1353.2315,1354.307,1351.613,1354.2669999999998
2018-04-11 14:45:00,1354.2665,1359.1815000000001,1354.247,1359.1170000000002
2018-04-11 15:00:00,1359.107,1360.56,1358.4365,1358.826
2018-04-11 15:15:00,1358.8265,1364.2250000000001,1358.7215,1362.952
2018-04-11 15:30:00,1362.945,1365.216,1362.3345,1364.4665
2018-04-11 15:45:00,1364.477,1364.925,1360.8585,1361.3464999999999
2018-04-11 16:00:00,1361.347,1362.4815,1360.845,1361.835
2018-04-11 16:15:00,1361.835,1362.0265,1355.521,1357.855
2018-04-11 16:30:00,1357.855,1359.33,1357.212,1359.13
2018-04-11 16:45:00,1359.1315,1359.6219999999998,1358.0359999999998,1358.362
2018-04-11 17:00:00,1358.3465,1358.56,1354.185,1355.844
2018-04-11 17:15:00,1355.8435,1356.5370000000003,1354.2715,1356.5215
2018-04-11 17:30:00,1356.5165,1358.6665,1355.6380000000001,1356.229
2018-04-11 17:45:00,1356.2285,1356.3435,1354.8535000000002,1355.557
2018-04-11 18:00:00,1355.5565000000001,1356.6265,1348.45,1349.155
2018-04-11 18:15:00,1349.155,1350.7635,1347.705,1350.468
2018-04-11 18:30:00,1350.4835,1350.7884999999999,1349.0494999999999,1350.5849999999998
2018-04-11 18:45:00,1350.5790000000002,1350.9135,1349.4935,1349.7835
2018-04-11 19:00:00,1349.7849999999999,1351.908,1349.098,1351.703
2018-04-11 19:15:00,1351.7035,1352.4035,1351.4134999999999,1352.048
2018-04-11 19:30:00,1352.023,1352.1879999999999,1350.5714999999998,1351.033
2018-04-11 19:45:00,1351.095,1351.229,1350.6184999999998,1351.209
2018-04-11 20:00:00,1351.214,1352.6150000000002,1351.0349999999999,1352.37
2018-04-11 20:15:00,1352.374,1353.0635,1351.975,1352.9334999999999
2018-04-11 20:30:00,1352.933,1353.443,1352.6085,1353.4085
2018-04-11 20:45:00,1353.4105,1353.5835,1352.955,1353.3000000000002
2018-04-11 22:00:00,1353.06,1353.16,1352.645,1353.08
2018-04-11 22:15:00,1353.08,1353.145,1352.8600000000001,1353.07
2018-04-11 22:30:00,1353.07,1353.2,1352.72,1352.76
2018-04-11 22:45:00,1352.767,1353.17,1352.7115000000001,1353.07
2018-04-11 23:00:00,1353.065,1353.07,1352.1335000000001,1352.173
2018-04-11 23:15:00,1352.1734999999999,1352.1785000000002,1351.5015,1352.008
2018-04-11 23:30:00,1352.0085,1353.1685,1352.0085,1352.374
2018-04-11 23:45:00,1352.3735,1353.0535,1352.2585,1352.9935
2018-04-12 01:00:00,1351.718,1352.1470000000002,1350.816,1351.6285
2018-04-12 01:15:00,1351.635,1352.187,1351.45,1352.0545
2018-04-12 01:30:00,1352.0665000000001,1352.647,1351.65,1352.19
2018-04-12 01:45:00,1352.1799999999998,1352.275,1349.822,1351.7910000000002
2018-04-12 02:00:00,1351.7869999999998,1352.0949999999998,1350.4915,1350.8410000000001
2018-04-12 02:15:00,1350.8365000000001,1352.27,1350.5535,1351.0365
2018-04-12 02:30:00,1351.0359999999998,1351.055,1349.299,1349.6115
2018-04-12 02:45:00,1349.625,1350.7665,1349.6215,1350.221
2018-04-12 03:00:00,1350.2165,1351.0735,1349.915,1350.9585000000002
2018-04-12 03:15:00,1350.9589999999998,1351.37,1350.325,1350.7635
2018-04-12 03:30:00,1350.764,1351.56,1350.663,1351.4635
2018-04-12 03:45:00,1351.453,1351.9795,1351.0865,1351.2165
2018-04-12 04:00:00,1351.2065,1351.2065,1350.6260000000002,1350.8315
2018-04-12 04:15:00,1350.835,1350.9564999999998,1350.098,1350.7314999999999
2018-04-12 04:30:00,1350.716,1350.7315,1348.7115,1349.531
2018-04-12 04:45:00,1349.5365,1349.695,1348.9315000000001,1349.5835
2018-04-12 05:00:00,1349.578,1349.694,1349.06,1349.06
2018-04-12 05:15:00,1349.06,1349.977,1348.945,1349.9765
2018-04-12 05:30:00,1349.977,1350.29,1349.6165,1350.2500000000002
2018-04-12 05:45:00,1350.2604999999999,1351.0085,1349.8609999999999,1350.619
2018-04-12 06:00:00,1350.6184999999998,1351.479,1350.006,1351.295
2018-04-12 06:15:00,1351.2885,1351.3290000000002,1350.7555,1351.055
2018-04-12 06:30:00,1351.0565,1351.5915,1350.79,1351.2685000000001
2018-04-12 06:45:00,1351.268,1351.6299999999999,1350.435,1350.445
2018-04-12 07:00:00,1350.44,1351.6685,1350.249,1351.5835
2018-04-12 07:15:00,1351.578,1352.285,1351.04,1351.1200000000001
2018-04-12 07:30:00,1351.125,1351.3400000000001,1349.9565,1350.6419999999998
2018-04-12 07:45:00,1350.6415,1350.845,1348.4265,1348.8799999999999
2018-04-12 08:00:00,1348.8815,1349.7534999999998,1348.5285000000001,1349.25
2018-04-12 08:15:00,1349.243,1350.249,1349.164,1350.038
2018-04-12 08:30:00,1350.033,1350.0405,1348.6685000000002,1348.778
2018-04-12 08:45:00,1348.8285,1349.0584999999999,1346.76,1346.93
2018-04-12 09:00:00,1346.9285,1347.625,1345.283,1346.8695
2018-04-12 09:15:00,1346.8435,1347.5049999999999,1346.4535,1347.0815
2018-04-12 09:30:00,1347.0765000000001,1347.23,1345.4820000000002,1347.1115000000002
2018-04-12 09:45:00,1347.1109999999999,1347.675,1346.58,1347.67
2018-04-12 10:00:00,1347.665,1349.0040000000001,1346.8435,1348.4835
2018-04-12 10:15:00,1348.484,1348.5735,1346.6934999999999,1346.855
2018-04-12 10:30:00,1346.875,1346.875,1343.885,1345.3985
2018-04-12 10:45:00,1345.4080000000001,1345.9250000000002,1345.223,1345.52
2018-04-12 11:00:00,1345.5014999999999,1347.4515000000001,1345.4215000000002,1346.111
2018-04-12 11:15:00,1346.115,1347.3015,1345.8985,1346.3664999999999
2018-04-12 11:30:00,1346.3654999999999,1347.258,1344.97,1346.7884999999999
2018-04-12 11:45:00,1346.7745,1346.897,1345.03,1345.0884999999998
2018-04-12 12:00:00,1345.1084999999998,1346.869,1344.955,1346.7490000000003
2018-04-12 12:15:00,1346.764,1346.9615000000001,1341.05,1343.0865000000001
2018-04-12 12:30:00,1343.087,1345.0215,1343.0865000000001,1343.5175000000002
2018-04-12 12:45:00,1343.5124999999998,1345.0665000000001,1343.1545,1343.3485
2018-04-12 13:00:00,1343.3495,1345.6415,1343.2055,1344.3654999999999
2018-04-12 13:15:00,1344.3639999999998,1344.3639999999998,1340.8609999999999,1342.225
2018-04-12 13:30:00,1342.223,1342.9865,1340.5615,1341.424
2018-04-12 13:45:00,1341.409,1342.097,1338.874,1340.0490000000002
2018-04-12 14:00:00,1340.1150000000002,1341.775,1338.6085,1339.288
2018-04-12 14:15:00,1339.3029999999999,1339.4085,1338.0099999999998,1338.8694999999998
2018-04-12 14:30:00,1338.935,1339.8345,1337.7675,1339.1445
2018-04-12 14:45:00,1339.151,1340.2185,1338.0739999999998,1338.3235
2018-04-12 15:00:00,1338.311,1339.6139999999998,1337.8835,1338.514
2018-04-12 15:15:00,1338.5339999999999,1338.71,1335.7890000000002,1337.455
2018-04-12 15:30:00,1337.3650000000002,1337.7420000000002,1336.63,1337.0335
2018-04-12 15:45:00,1337.025,1338.804,1336.8400000000001,1338.0945000000002
2018-04-12 16:00:00,1338.1045,1339.2230000000002,1338.0739999999998,1339.2035
2018-04-12 16:15:00,1339.2330000000002,1339.2340000000002,1337.7134999999998,1337.817
2018-04-12 16:30:00,1337.8255,1338.129,1336.9479999999999,1337.66
2018-04-12 16:45:00,1337.655,1338.3935000000001,1336.223,1338.1345
2018-04-12 17:00:00,1338.17,1338.989,1336.8680000000002,1338.4934999999998
2018-04-12 17:15:00,1338.4450000000002,1339.5904999999998,1337.8365,1339.128
2018-04-12 17:30:00,1339.1285,1340.0185000000001,1337.2845000000002,1337.6635
2018-04-12 17:45:00,1337.6629999999998,1338.4599999999998,1337.48,1337.8315
2018-04-12 18:00:00,1337.831,1338.0935000000002,1337.2195000000002,1337.375
2018-04-12 18:15:00,1337.3864999999998,1337.58,1336.4460000000001,1336.9305000000002
2018-04-12 18:30:00,1336.9299999999998,1337.536,1336.6345,1337.3129999999999
2018-04-12 18:45:00,1337.3135000000002,1337.643,1336.68,1336.8980000000001
2018-04-12 19:00:00,1336.909,1337.5405,1336.689,1337.3135000000002
2018-04-12 19:15:00,1337.308,1337.5085000000001,1334.829,1335.0465
2018-04-12 19:30:00,1335.0455,1335.2785000000001,1333.8370000000002,1335.059
2018-04-12 19:45:00,1335.049,1335.495,1334.5780000000002,1335.495
2018-04-12 20:00:00,1335.47,1335.5185,1334.875,1335.4950000000001
2018-04-12 20:15:00,1335.45,1335.9105,1334.969,1335.2934999999998
2018-04-12 20:30:00,1335.2440000000001,1335.2735,1334.8935000000001,1334.944
2018-04-12 20:45:00,1334.9399999999998,1335.255,1334.7995,1335.125
2018-04-12 22:00:00,1335.0,1336.0665000000001,1334.9699999999998,1335.9835
2018-04-12 22:15:00,1335.983,1336.5500000000002,1335.94,1336.4249999999997
2018-04-12 22:30:00,1336.42,1337.83,1336.415,1337.745
2018-04-12 22:45:00,1337.7435,1338.43,1337.64,1338.355
2018-04-12 23:00:00,1338.335,1338.495,1337.6885,1338.194
2018-04-12 23:15:00,1338.1935,1338.571,1338.1935,1338.504
2018-04-12 23:30:00,1338.5035,1338.634,1338.218,1338.345
2018-04-12 23:45:00,1338.334,1338.334,1337.683,1337.853
2018-04-13 01:00:00,1337.9565,1339.1415,1337.9415000000001,1338.2595000000001
2018-04-13 01:15:00,1338.2695,1338.3585,1337.793,1338.0949999999998
2018-04-13 01:30:00,1338.095,1338.699,1338.0949999999998,1338.3600000000001
2018-04-13 01:45:00,1338.375,1338.7835,1338.3545,1338.542
2018-04-13 02:00:00,1338.5249999999999,1339.83,1338.34,1339.7549999999999
2018-04-13 02:15:00,1339.754,1340.46,1339.7465,1339.8500000000001
2018-04-13 02:30:00,1339.845,1340.936,1339.845,1340.6399999999999
2018-04-13 02:45:00,1340.6299999999999,1340.9305,1340.3385,1340.594
2018-04-13 03:00:00,1340.605,1340.6535000000001,1339.858,1340.2314999999999
2018-04-13 03:15:00,1340.232,1340.25,1339.8585,1339.931
2018-04-13 03:30:00,1339.9315000000001,1340.34,1339.7635,1340.3355
2018-04-13 03:45:00,1340.334,1340.5,1340.126,1340.4495000000002
2018-04-13 04:00:00,1340.409,1340.8495,1340.285,1340.3015
2018-04-13 04:15:00,1340.301,1340.6085,1340.03,1340.5159999999998
2018-04-13 04:30:00,1340.521,1341.118,1340.4385000000002,1340.6354999999999
2018-04-13 04:45:00,1340.629,1340.6515,1340.4064999999998,1340.5355
2018-04-13 05:00:00,1340.545,1340.605,1340.005,1340.0715
2018-04-13 05:15:00,1340.071,1340.205,1339.311,1339.395
2018-04-13 05:30:00,1339.4,1340.144,1339.4,1339.9750000000001
2018-04-13 05:45:00,1339.9750000000001,1340.204,1338.416,1338.5200000000002
2018-04-13 06:00:00,1338.4599999999998,1338.9099999999999,1337.229,1337.7105000000001
2018-04-13 06:15:00,1337.6940000000002,1337.997,1337.3650000000002,1337.5565
2018-04-13 06:30:00,1337.556,1338.205,1337.445,1337.559
2018-04-13 06:45:00,1337.5635,1337.6000000000001,1336.3400000000001,1337.3415000000002
2018-04-13 07:00:00,1337.331,1337.53,1336.7265,1337.169
2018-04-13 07:15:00,1337.1685,1340.57,1337.0535,1339.4285
2018-04-13 07:30:00,1339.393,1340.259,1338.8999999999999,1339.9635
2018-04-13 07:45:00,1339.968,1340.3685,1339.4115,1339.935
2018-04-13 08:00:00,1339.93,1340.8400000000001,1339.9135,1340.4334999999999
2018-04-13 08:15:00,1340.4299999999998,1340.4900000000002,1339.773,1340.0025
2018-04-13 08:30:00,1340.0095000000001,1341.9730000000002,1339.9944999999998,1341.134
2018-04-13 08:45:00,1341.1349999999998,1341.43,1340.8100000000002,1341.1815000000001
2018-04-13 09:00:00,1341.1715000000002,1341.397,1340.9565,1341.1304999999998
2018-04-13 09:15:00,1341.1314999999997,1341.279,1340.4859999999999,1340.955
2018-04-13 09:30:00,1340.96,1341.34,1340.7730000000001,1341.2585
2018-04-13 09:45:00,1341.1490000000001,1341.33,1340.6499999999999,1340.655
2018-04-13 10:00:00,1340.6615,1341.3705,1340.56,1341.2749999999999
2018-04-13 10:15:00,1341.28,1341.4735,1341.1680000000001,1341.3935000000001
2018-04-13 10:30:00,1341.3955,1341.4055,1340.535,1340.7855000000002
2018-04-13 10:45:00,1340.7900000000002,1340.9645,1338.988,1339.095
2018-04-13 11:00:00,1339.055,1339.48,1333.4089999999999,1337.046
2018-04-13 11:15:00,1337.0465,1337.6484999999998,1335.5455,1337.605
2018-04-13 11:30:00,1337.6100000000001,1338.2595,1336.8784999999998,1337.0915
2018-04-13 11:45:00,1337.0905,1337.964,1336.27,1336.5055
2018-04-13 12:00:00,1336.6205,1337.524,1335.67,1337.4095
2018-04-13 12:15:00,1337.3944999999999,1338.1209999999999,1336.5529999999999,1337.1885
2018-04-13 12:30:00,1337.2,1339.815,1336.524,1338.6365
2018-04-13 12:45:00,1338.6485,1339.2700000000002,1338.06,1338.7315
2018-04-13 13:00:00,1338.7415,1340.535,1337.9385,1338.4115000000002
2018-04-13 13:15:00,1338.33,1340.5384999999999,1337.4950000000001,1340.292
2018-04-13 13:30:00,1340.286,1343.0135,1339.7915,1342.3764999999999
2018-04-13 13:45:00,1342.2920000000001,1344.161,1341.9650000000001,1343.8765
2018-04-13 14:00:00,1343.815,1345.612,1343.815,1344.9065
2018-04-13 14:15:00,1344.9165,1345.8505,1343.885,1344.8695
2018-04-13 14:30:00,1344.881,1345.387,1343.692,1344.4905
2018-04-13 14:45:00,1344.58,1345.566,1343.81,1345.4735
2018-04-13 15:00:00,1345.4750000000001,1346.545,1344.3145,1345.5314999999998
2018-04-13 15:15:00,1345.5210000000002,1346.018,1344.7414999999999,1345.4515000000001
2018-04-13 15:30:00,1345.4470000000001,1346.7034999999998,1345.292,1345.7065
2018-04-13 15:45:00,1345.7145,1346.502,1344.8595,1345.216
2018-04-13 16:00:00,1345.2165,1346.2734999999998,1345.0965,1346.0800000000002
2018-04-13 16:15:00,1346.074,1346.33,1345.3885,1345.57
2018-04-13 16:30:00,1345.57,1347.2015,1345.57,1346.6005
2018-04-13 16:45:00,1346.58,1346.7095,1345.776,1346.6515000000002
2018-04-13 17:00:00,1346.7649999999999,1346.8799999999999,1345.2034999999998,1345.387
2018-04-13 17:15:00,1345.375,1345.375,1344.04,1344.829
2018-04-13 17:30:00,1344.7735,1344.8785,1343.5439999999999,1344.1445
2018-04-13 17:45:00,1344.1505,1344.1505,1342.988,1343.7835
2018-04-13 18:00:00,1343.783,1344.7890000000002,1343.589,1344.7279999999998
2018-04-13 18:15:00,1344.7350000000001,1345.315,1344.6940000000002,1344.983
2018-04-13 18:30:00,1344.998,1345.0929999999998,1344.2640000000001,1344.764
2018-04-13 18:45:00,1344.7489999999998,1344.8615,1343.9229999999998,1344.8555000000001
2018-04-13 19:00:00,1344.855,1346.3365,1344.75,1345.725
2018-04-13 19:15:00,1345.731,1346.977,1345.5629999999999,1345.747
2018-04-13 19:30:00,1345.755,1345.975,1344.9485,1345.255
2018-04-13 19:45:00,1345.2515,1345.49,1344.2450000000001,1344.465
2018-04-13 20:00:00,1344.46,1344.8,1344.3535000000002,1344.8
2018-04-13 20:15:00,1344.7880000000002,1345.229,1344.7880000000002,1345.1934999999999
2018-04-13 20:30:00,1345.1135000000002,1345.688,1345.1084999999998,1345.193
2018-04-13 20:45:00,1345.1895,1345.5005,1345.065,1345.5005
2018-04-15 22:00:00,1346.37,1347.39,1341.7459999999999,1342.1770000000001
2018-04-15 22:15:00,1342.105,1342.125,1340.24,1340.834
2018-04-15 22:30:00,1340.8335000000002,1341.9184999999998,1340.4685,1341.6184999999998
2018-04-15 22:45:00,1341.6180000000002,1342.45,1341.47,1342.3485
2018-04-15 23:00:00,1342.3480000000002,1343.5349999999999,1342.2050000000002,1343.2635
2018-04-15 23:15:00,1343.2645,1345.797,1343.215,1345.7015000000001
2018-04-15 23:30:00,1345.701,1345.74,1344.396,1345.05
2018-04-15 23:45:00,1345.05,1345.205,1343.9399999999998,1343.9399999999998
2018-04-16 01:00:00,1344.0235,1347.329,1344.008,1346.6239999999998
2018-04-16 01:15:00,1346.6235000000001,1347.1689999999999,1346.3785,1347.0735000000002
2018-04-16 01:30:00,1347.0835000000002,1348.7839999999999,1346.6484999999998,1346.7884999999999
2018-04-16 01:45:00,1346.8435,1347.5885,1346.4735,1347.3835000000001
2018-04-16 02:00:00,1347.384,1347.5684999999999,1345.7015000000001,1346.9535
2018-04-16 02:15:00,1346.8735,1348.15,1346.4635,1347.669
2018-04-16 02:30:00,1347.6585,1348.447,1347.155,1347.155
2018-04-16 02:45:00,1347.16,1348.5645,1346.8515,1348.325
2018-04-16 03:00:00,1348.32,1348.325,1347.6015,1347.9115
2018-04-16 03:15:00,1347.9365,1347.9415,1347.3615,1347.3815
2018-04-16 03:30:00,1347.3915,1347.606,1347.372,1347.3865
2018-04-16 03:45:00,1347.4065,1347.4150000000002,1346.811,1347.41
2018-04-16 04:00:00,1347.41,1347.7035,1347.3865,1347.397
2018-04-16 04:15:00,1347.3965,1347.6499999999999,1347.006,1347.2315
2018-04-16 04:30:00,1347.217,1347.2259999999999,1345.7065,1346.3180000000002
2018-04-16 04:45:00,1346.3235000000002,1346.435,1346.025,1346.025
2018-04-16 05:00:00,1346.05,1346.354,1345.4934999999998,1345.94
2018-04-16 05:15:00,1345.9355,1346.3555,1345.646,1346.3555
2018-04-16 05:30:00,1346.3615,1346.6194999999998,1345.765,1345.8549999999998
2018-04-16 05:45:00,1345.84,1346.364,1343.875,1344.3940000000002
2018-04-16 06:00:00,1344.384,1344.9344999999998,1343.8835000000001,1344.7035
2018-04-16 06:15:00,1344.6985,1344.6985,1342.8764999999999,1343.8285
2018-04-16 06:30:00,1343.828,1343.84,1342.87,1343.325
2018-04-16 06:45:00,1343.325,1343.752,1343.225,1343.539
2018-04-16 07:00:00,1343.5285000000001,1343.5285000000001,1341.733,1342.2435
2018-04-16 07:15:00,1342.2335,1342.343,1341.2345,1341.9985000000001
2018-04-16 07:30:00,1342.0085,1343.8635000000002,1341.8085,1343.848
2018-04-16 07:45:00,1343.7839999999999,1345.195,1343.45,1345.0839999999998
2018-04-16 08:00:00,1345.0790000000002,1345.609,1344.625,1344.6545
2018-04-16 08:15:00,1344.6665,1345.744,1344.426,1345.3065000000001
2018-04-16 08:30:00,1345.3205,1345.9665,1345.1135000000002,1345.56
2018-04-16 08:45:00,1345.5715000000002,1345.6615,1344.8095,1345.234
2018-04-16 09:00:00,1345.2265,1345.2395,1344.83,1344.868
2018-04-16 09:15:00,1344.8685,1344.8945,1344.045,1344.3915
2018-04-16 09:30:00,1344.3484999999998,1345.5955,1344.02,1344.87
2018-04-16 09:45:00,1344.8735,1345.265,1344.04,1344.1785
2018-04-16 10:00:00,1344.178,1344.2065,1343.4750000000001,1343.77
2018-04-16 10:15:00,1343.7685,1344.7050000000002,1343.7685,1344.7050000000002
2018-04-16 10:30:00,1344.6995,1344.815,1343.4845,1344.1335
2018-04-16 10:45:00,1344.1385,1344.2335,1342.9815,1343.19
2018-04-16 11:00:00,1343.164,1343.6399999999999,1342.9865,1343.5230000000001
2018-04-16 11:15:00,1343.5234999999998,1343.5234999999998,1342.4264999999998,1342.83
2018-04-16 11:30:00,1342.7714999999998,1344.5035,1342.637,1344.399
2018-04-16 11:45:00,1344.3985000000002,1344.4334999999999,1343.335,1343.435
2018-04-16 12:00:00,1343.3654999999999,1345.4915,1342.9345,1345.265
2018-04-16 12:15:00,1345.258,1345.28,1343.0865000000001,1343.9185
2018-04-16 12:30:00,1343.843,1346.63,1343.2495,1345.8864999999998
2018-04-16 12:45:00,1345.885,1346.514,1344.83,1345.7165
2018-04-16 13:00:00,1345.702,1347.139,1344.9565,1346.8185
2018-04-16 13:15:00,1346.82,1348.512,1346.72,1347.385
2018-04-16 13:30:00,1347.4215000000002,1347.9959999999999,1346.487,1347.0549999999998
2018-04-16 13:45:00,1347.0565000000001,1349.0635000000002,1346.8754999999999,1348.6395
2018-04-16 14:00:00,1348.645,1350.0149999999999,1348.645,1349.5965
2018-04-16 14:15:00,1349.5865,1350.5649999999998,1349.512,1349.8149999999998
2018-04-16 14:30:00,1349.7914999999998,1350.1345000000001,1348.5965,1349.627
2018-04-16 14:45:00,1349.6265,1350.2694999999999,1349.106,1349.3559999999998
2018-04-16 15:00:00,1349.351,1349.446,1347.8500000000001,1349.195
2018-04-16 15:15:00,1349.1965,1349.4434999999999,1348.3,1348.415
2018-04-16 15:30:00,1348.411,1348.6000000000001,1346.265,1346.9685
2018-04-16 15:45:00,1346.9835,1347.499,1346.469,1347.2835
2018-04-16 16:00:00,1347.304,1347.4869999999999,1346.6515000000002,1346.786
2018-04-16 16:15:00,1346.781,1349.2935,1346.7665,1348.8415
2018-04-16 16:30:00,1348.8315,1349.2365,1348.46,1348.7735
2018-04-16 16:45:00,1348.783,1349.168,1347.741,1348.0365
2018-04-16 17:00:00,1348.0415,1348.2465000000002,1347.695,1348.055
2018-04-16 17:15:00,1348.0520000000001,1348.2314999999999,1347.325,1347.6365
2018-04-16 17:30:00,1347.655,1348.051,1347.125,1347.5259999999998
2018-04-16 17:45:00,1347.52,1347.8799999999999,1347.1285,1347.569
2018-04-16 18:00:00,1347.571,1348.1145,1347.565,1348.005
2018-04-16 18:15:00,1348.0045,1348.13,1347.5014999999999,1347.796
2018-04-16 18:30:00,1347.7965000000002,1348.011,1346.7265000000002,1347.1115000000002
2018-04-16 18:45:00,1347.1109999999999,1347.129,1346.3190000000002,1346.6390000000001
2018-04-16 19:00:00,1346.6585,1346.8505,1345.5465,1345.995
2018-04-16 19:15:00,1345.9955,1346.4245,1345.781,1346.013
2018-04-16 19:30:00,1346.0285,1346.42,1345.79,1346.2849999999999
2018-04-16 19:45:00,1346.2800000000002,1346.375,1345.8745000000001,1346.1695
2018-04-16 20:00:00,1346.1595,1346.1595,1345.6765,1345.9885
2018-04-16 20:15:00,1345.983,1346.3339999999998,1345.9585,1346.018
2018-04-16 20:30:00,1346.0085,1346.0085,1345.6045,1345.8085
2018-04-16 20:45:00,1345.7885,1345.9985,1345.4685,1345.7585
2018-04-16 22:00:00,1345.9099999999999,1346.4955,1345.795,1346.493
2018-04-16 22:15:00,1346.48,1347.66,1346.4634999999998,1347.175
2018-04-16 22:30:00,1347.1695,1347.261,1346.7785,1347.171
2018-04-16 22:45:00,1347.1715,1347.23,1346.203,1346.7749999999999
2018-04-16 23:00:00,1346.7749999999999,1347.035,1346.07,1346.6380000000001
2018-04-16 23:15:00,1346.6384999999998,1347.5014999999999,1346.435,1347.185
2018-04-16 23:30:00,1347.1985,1347.8935,1347.0929999999998,1347.704
2018-04-16 23:45:00,1347.6935,1348.6100000000001,1347.55,1348.1999999999998
2018-04-17 01:00:00,1348.495,1349.4565000000002,1348.2710000000002,1348.3765
2018-04-17 01:15:00,1348.395,1348.865,1348.383,1348.795
2018-04-17 01:30:00,1348.7965,1348.895,1348.2514999999999,1348.2665000000002
2018-04-17 01:45:00,1348.2669999999998,1348.357,1346.906,1347.545
2018-04-17 02:00:00,1347.556,1347.6005,1346.9345,1347.0265000000002
2018-04-17 02:15:00,1347.0365000000002,1347.8,1346.6764999999998,1347.6499999999999
2018-04-17 02:30:00,1347.6615,1347.8780000000002,1346.9395,1347.0310000000002
2018-04-17 02:45:00,1347.0315,1347.063,1346.016,1346.152
2018-04-17 03:00:00,1346.1515,1346.5255,1345.02,1345.5505
2018-04-17 03:15:00,1345.5455000000002,1345.71,1345.195,1345.6985
2018-04-17 03:30:00,1345.698,1345.71,1343.8755,1344.3484999999998
2018-04-17 03:45:00,1344.4285,1345.265,1344.2830000000001,1345.1499999999999
2018-04-17 04:00:00,1345.149,1345.155,1344.7185000000002,1345.1245
2018-04-17 04:15:00,1345.125,1345.67,1345.125,1345.4605000000001
2018-04-17 04:30:00,1345.4619999999998,1345.571,1345.1634999999999,1345.165
2018-04-17 04:45:00,1345.1599999999999,1345.1599999999999,1344.7430000000002,1344.857
2018-04-17 05:00:00,1344.8564999999999,1345.2459999999999,1344.6185,1345.241
2018-04-17 05:15:00,1345.245,1345.34,1344.5745,1344.689
2018-04-17 05:30:00,1344.6755,1345.139,1344.1219999999998,1344.925
2018-04-17 05:45:00,1344.9750000000001,1346.4315,1344.9750000000001,1346.095
2018-04-17 06:00:00,1346.0935,1346.7199999999998,1345.185,1346.7199999999998
2018-04-17 06:15:00,1346.7155,1347.5684999999999,1346.6979999999999,1346.915
2018-04-17 06:30:00,1346.9205,1347.551,1346.8935,1347.1045
2018-04-17 06:45:00,1347.1,1348.9744999999998,1347.1,1348.5215
2018-04-17 07:00:00,1348.5115,1348.7865,1347.6565,1348.757
2018-04-17 07:15:00,1348.7565,1348.872,1345.959,1346.2900000000002
2018-04-17 07:30:00,1346.19,1346.4785,1345.229,1345.8205
2018-04-17 07:45:00,1345.9050000000002,1345.9054999999998,1341.424,1342.984
2018-04-17 08:00:00,1343.025,1343.025,1342.059,1342.993
2018-04-17 08:15:00,1342.97,1343.134,1341.938,1341.9540000000002
2018-04-17 08:30:00,1341.9589999999998,1343.104,1340.7920000000001,1343.029
2018-04-17 08:45:00,1343.0285000000001,1343.159,1342.453,1342.4645
2018-04-17 09:00:00,1342.455,1342.9750000000001,1342.164,1342.973
2018-04-17 09:15:00,1342.9485,1343.66,1342.9245,1343.395
2018-04-17 09:30:00,1343.3935000000001,1343.4750000000001,1342.3985,1342.514
2018-04-17 09:45:00,1342.559,1342.7704999999999,1341.825,1342.242
2018-04-17 10:00:00,1342.24,1342.6299999999999,1342.13,1342.4015000000002
2018-04-17 10:15:00,1342.4099999999999,1343.104,1342.3695,1342.57
2018-04-17 10:30:00,1342.5705,1342.76,1341.8605,1342.76
2018-04-17 10:45:00,1342.7199999999998,1344.0285,1342.6884999999997,1342.83
2018-04-17 11:00:00,1342.8084999999999,1343.27,1342.338,1342.465
2018-04-17 11:15:00,1342.4489999999998,1343.1855,1341.08,1342.8955
2018-04-17 11:30:00,1342.894,1343.3785,1342.4785,1342.986
2018-04-17 11:45:00,1342.9815,1343.1564999999998,1342.108,1342.1285
2018-04-17 12:00:00,1342.1385,1343.282,1341.88,1342.2515
2018-04-17 12:15:00,1342.262,1343.5279999999998,1341.501,1342.705
2018-04-17 12:30:00,1342.652,1342.7119999999998,1338.8365000000001,1339.4495
2018-04-17 12:45:00,1339.4395,1339.4395,1337.749,1338.9385
2018-04-17 13:00:00,1338.879,1339.7305,1338.3990000000001,1339.2634999999998
2018-04-17 13:15:00,1339.2640000000001,1341.3015,1339.0584999999999,1339.95
2018-04-17 13:30:00,1339.9535,1342.7949999999998,1339.7155,1342.215
2018-04-17 13:45:00,1342.1985,1343.4015,1341.0795,1342.303
2018-04-17 14:00:00,1342.2985,1344.2865000000002,1341.356,1343.3015
2018-04-17 14:15:00,1343.306,1343.3865,1340.5285,1341.2604999999999
2018-04-17 14:30:00,1341.2590000000002,1343.132,1341.0435,1342.3385
2018-04-17 14:45:00,1342.324,1343.9264999999998,1342.253,1343.087
2018-04-17 15:00:00,1343.1200000000001,1344.906,1342.895,1343.685
2018-04-17 15:15:00,1343.68,1344.6235,1343.62,1344.03
2018-04-17 15:30:00,1344.0205,1344.44,1343.3115,1344.215
2018-04-17 15:45:00,1344.221,1344.7285000000002,1343.7915,1344.55
2018-04-17 16:00:00,1344.5265,1345.101,1343.857,1344.866
2018-04-17 16:15:00,1344.841,1345.0665000000001,1344.3845,1344.7035
2018-04-17 16:30:00,1344.6999999999998,1345.5760000000002,1344.575,1345.35
2018-04-17 16:45:00,1345.3515,1347.0755000000001,1345.027,1346.92
2018-04-17 17:00:00,1346.9185,1347.4070000000002,1346.2505,1346.476
2018-04-17 17:15:00,1346.465,1346.957,1346.015,1346.821
2018-04-17 17:30:00,1346.792,1346.8515,1345.8739999999998,1346.1265
2018-04-17 17:45:00,1346.1415,1346.435,1345.8400000000001,1346.396
2018-04-17 18:00:00,1346.411,1346.821,1346.001,1346.65
2018-04-17 18:15:00,1346.6564999999998,1347.2415,1346.5205,1347.0559999999998
2018-04-17 18:30:00,1347.02,1347.55,1346.4415000000001,1346.7835
2018-04-17 18:45:00,1346.816,1346.8999999999999,1346.2440000000001,1346.5635
2018-04-17 19:00:00,1346.51,1347.0565000000001,1346.3384999999998,1346.555
2018-04-17 19:15:00,1346.5555,1347.366,1346.5555,1347.3315
2018-04-17 19:30:00,1347.342,1347.8220000000001,1347.136,1347.31
2018-04-17 19:45:00,1347.3035,1347.4370000000001,1346.5815,1347.3765
2018-04-17 20:00:00,1347.3759999999997,1347.6200000000001,1347.1634999999999,1347.4515000000001
2018-04-17 20:15:00,1347.452,1347.545,1347.35,1347.541
2018-04-17 20:30:00,1347.5415000000003,1347.6565,1347.411,1347.5665
2018-04-17 20:45:00,1347.5819999999999,1347.622,1347.184,1347.224
2018-04-17 22:00:00,1347.8500000000001,1347.8500000000001,1347.0504999999998,1347.0815
2018-04-17 22:15:00,1347.0865,1347.167,1346.5765000000001,1346.6255
2018-04-17 22:30:00,1346.6470000000002,1346.9065,1346.4765,1346.7915
2018-04-17 22:45:00,1346.791,1346.895,1346.618,1346.7314999999999
2018-04-17 23:00:00,1346.7365,1347.0784999999998,1346.6999999999998,1346.732
2018-04-17 23:15:00,1346.7115,1346.7265,1346.2450000000001,1346.3615
2018-04-17 23:30:00,1346.3609999999999,1346.4,1345.835,1345.945
2018-04-17 23:45:00,1345.945,1346.63,1345.935,1346.3515000000002
2018-04-18 01:00:00,1345.19,1345.355,1344.2315,1345.259
2018-04-18 01:15:00,1345.2705,1345.2855,1344.698,1344.7549999999999
2018-04-18 01:30:00,1344.7710000000002,1344.8905,1344.258,1344.8905
2018-04-18 01:45:00,1344.88,1344.88,1343.6595,1344.0135000000002
2018-04-18 02:00:00,1344.014,1344.8429999999998,1343.8185,1344.49
2018-04-18 02:15:00,1344.5005,1344.7340000000002,1344.215,1344.625
2018-04-18 02:30:00,1344.6285,1344.6355,1344.252,1344.552
2018-04-18 02:45:00,1344.5600000000002,1344.7549999999999,1344.13,1344.21
2018-04-18 03:00:00,1344.209,1344.3909999999998,1343.8265000000001,1344.2445
2018-04-18 03:15:00,1344.2345,1344.252,1343.44,1344.1085
2018-04-18 03:30:00,1344.1335,1344.614,1343.873,1344.4985
2018-04-18 03:45:00,1344.499,1344.86,1344.285,1344.849
2018-04-18 04:00:00,1344.815,1344.86,1344.3909999999998,1344.4465
2018-04-18 04:15:00,1344.447,1344.509,1344.05,1344.285
2018-04-18 04:30:00,1344.2834999999998,1344.2834999999998,1343.27,1343.7845
2018-04-18 04:45:00,1343.785,1343.814,1342.9565,1343.58
2018-04-18 05:00:00,1343.5700000000002,1343.8005,1343.3835,1343.635
2018-04-18 05:15:00,1343.6399999999999,1343.7105,1342.539,1343.1995000000002
2018-04-18 05:30:00,1343.1950000000002,1343.304,1342.3760000000002,1342.8855
2018-04-18 05:45:00,1342.8985,1343.3385,1342.7779999999998,1343.32
2018-04-18 06:00:00,1343.318,1345.412,1343.085,1344.6964999999998
2018-04-18 06:15:00,1344.781,1346.0335,1344.3795,1345.625
2018-04-18 06:30:00,1345.616,1345.8255000000001,1344.926,1345.44
2018-04-18 06:45:00,1345.4285,1345.6015,1344.4579999999999,1345.5795
2018-04-18 07:00:00,1345.5684999999999,1345.655,1342.894,1343.8135
2018-04-18 07:15:00,1343.743,1344.2865000000002,1343.6485,1343.9205000000002
2018-04-18 07:30:00,1343.9315000000001,1345.2155,1343.9254999999998,1344.8395
2018-04-18 07:45:00,1344.8555,1346.481,1344.8,1346.175
2018-04-18 08:00:00,1346.186,1346.98,1345.895,1346.0665
2018-04-18 08:15:00,1346.067,1346.271,1345.5200000000002,1346.1415
2018-04-18 08:30:00,1346.157,1346.265,1344.7250000000001,1345.2034999999998
2018-04-18 08:45:00,1345.1734999999999,1345.543,1343.9785000000002,1344.4285
2018-04-18 09:00:00,1344.418,1345.01,1343.4950000000001,1344.8235
2018-04-18 09:15:00,1344.819,1346.091,1344.819,1345.6855
2018-04-18 09:30:00,1345.685,1347.24,1345.685,1347.0455
2018-04-18 09:45:00,1347.0700000000002,1347.0765000000001,1345.235,1345.251
2018-04-18 10:00:00,1345.2515,1346.18,1345.1295,1345.8680000000002
2018-04-18 10:15:00,1345.8234999999997,1346.8505,1345.6130000000003,1346.1365
2018-04-18 10:30:00,1346.136,1348.491,1345.94,1348.4095
2018-04-18 10:45:00,1348.416,1349.8815,1347.93,1349.18
2018-04-18 11:00:00,1349.1755,1350.021,1348.3435,1349.3755
2018-04-18 11:15:00,1349.38,1350.8,1348.8345,1350.075
2018-04-18 11:30:00,1350.0765000000001,1351.0929999999998,1349.906,1350.325
2018-04-18 11:45:00,1350.34,1350.526,1349.5365,1350.1695
2018-04-18 12:00:00,1350.1664999999998,1351.89,1349.8915,1351.356
2018-04-18 12:15:00,1351.3815,1353.6115,1351.3815,1352.78
2018-04-18 12:30:00,1352.785,1353.406,1351.5285,1351.8335
2018-04-18 12:45:00,1351.8329999999999,1353.3304999999998,1351.7334999999998,1353.236
2018-04-18 13:00:00,1353.2215,1353.3184999999999,1351.3600000000001,1352.6495
2018-04-18 13:15:00,1352.5700000000002,1354.1035000000002,1352.1695000000002,1353.5865000000001
2018-04-18 13:30:00,1353.5815,1355.771,1353.3259999999998,1353.3845
2018-04-18 13:45:00,1353.375,1353.6709999999998,1348.34,1352.05
2018-04-18 14:00:00,1352.1384999999998,1353.3310000000001,1350.85,1352.8400000000001
2018-04-18 14:15:00,1352.82,1354.1885,1352.3485,1353.2535
2018-04-18 14:30:00,1353.2545,1354.225,1352.0015,1352.1264999999999
2018-04-18 14:45:00,1352.1270000000002,1352.1644999999999,1349.2415,1350.796
2018-04-18 15:00:00,1350.7995,1351.74,1350.3985,1351.657
2018-04-18 15:15:00,1351.6465,1352.037,1350.8635,1351.253
2018-04-18 15:30:00,1351.2435,1351.7405,1350.7785,1351.164
2018-04-18 15:45:00,1351.1835,1351.67,1350.896,1350.9965000000002
2018-04-18 16:00:00,1351.0114999999998,1351.437,1349.8899999999999,1351.417
2018-04-18 16:15:00,1351.4365000000003,1351.4415,1350.4545,1351.3809999999999
2018-04-18 16:30:00,1351.3795,1351.7465000000002,1350.89,1351.6665
2018-04-18 16:45:00,1351.6715000000002,1352.415,1351.399,1351.9035
2018-04-18 17:00:00,1351.9415,1352.1035000000002,1350.99,1351.098
2018-04-18 17:15:00,1351.115,1351.185,1350.0215,1350.6215000000002
2018-04-18 17:30:00,1350.6109999999999,1350.721,1350.001,1350.1799999999998
2018-04-18 17:45:00,1350.1815000000001,1350.901,1349.7035,1350.6865
2018-04-18 18:00:00,1350.6965,1351.1,1350.4665,1351.0000000000002
2018-04-18 18:15:00,1351.0915,1351.3999999999999,1350.7749999999999,1350.909
2018-04-18 18:30:00,1350.92,1351.0035,1350.1850000000002,1350.2765
2018-04-18 18:45:00,1350.2815,1350.4650000000001,1349.736,1349.8564999999999
2018-04-18 19:00:00,1349.86,1349.9750000000001,1347.5765,1347.9085000000002
2018-04-18 19:15:00,1347.9140000000002,1348.99,1347.9140000000002,1348.934
2018-04-18 19:30:00,1348.9185,1348.9270000000001,1348.1845,1348.5845000000002
2018-04-18 19:45:00,1348.5700000000002,1348.7945,1348.0835,1348.573
2018-04-18 20:00:00,1348.5985,1349.4350000000002,1348.5679999999998,1349.3435
2018-04-18 20:15:00,1349.343,1349.4985,1349.2930000000001,1349.4035000000001
2018-04-18 20:30:00,1349.4050000000002,1349.5035000000003,1349.2985,1349.4985
2018-04-18 20:45:00,1349.494,1349.595,1349.2985,1349.4
2018-04-18 22:00:00,1349.64,1350.074,1349.175,1349.933
2018-04-18 22:15:00,1349.918,1350.165,1349.7085,1350.0185
2018-04-18 22:30:00,1350.018,1351.145,1350.01,1350.9499999999998
2018-04-18 22:45:00,1350.9499999999998,1351.5885,1350.9499999999998,1351.155
2018-04-18 23:00:00,1351.15,1351.3600000000001,1351.051,1351.1315
2018-04-18 23:15:00,1351.132,1351.437,1351.0629999999999,1351.4365
2018-04-18 23:30:00,1351.441,1351.57,1350.6350000000002,1350.6454999999999
2018-04-18 23:45:00,1350.5590000000002,1350.859,1350.306,1350.6765
2018-04-19 01:00:00,1349.259,1349.989,1348.9699999999998,1348.9699999999998
2018-04-19 01:15:00,1348.9755,1349.0735,1348.335,1348.35
2018-04-19 01:30:00,1348.3495,1348.94,1348.133,1348.133
2018-04-19 01:45:00,1348.118,1348.99,1348.103,1348.875
2018-04-19 02:00:00,1348.875,1348.9969999999998,1348.445,1348.8615
2018-04-19 02:15:00,1348.8515,1350.23,1348.745,1349.618
2018-04-19 02:30:00,1349.5885,1350.1465,1348.9830000000002,1350.066
2018-04-19 02:45:00,1350.0665,1351.4835,1349.6615,1351.4295
2018-04-19 03:00:00,1351.44,1353.1209999999999,1351.27,1352.9814999999999
2018-04-19 03:15:00,1352.9720000000002,1352.9814999999999,1352.2665,1352.4565
2018-04-19 03:30:00,1352.457,1352.7515,1352.0715,1352.256
2018-04-19 03:45:00,1352.2655,1352.2915,1351.9615,1352.0615
2018-04-19 04:00:00,1352.0710000000001,1352.76,1351.7595000000001,1352.76
2018-04-19 04:15:00,1352.754,1352.76,1352.1049999999998,1352.3285
2018-04-19 04:30:00,1352.329,1352.5189999999998,1351.5965,1351.7869999999998
2018-04-19 04:45:00,1351.7865000000002,1351.8515,1351.375,1351.7334999999998
2018-04-19 05:00:00,1351.7450000000001,1351.7669999999998,1350.901,1350.9945
2018-04-19 05:15:00,1351.0049999999999,1352.04,1350.895,1351.9285
2018-04-19 05:30:00,1351.9279999999999,1352.287,1351.8284999999998,1352.06
2018-04-19 05:45:00,1352.06,1352.4650000000001,1351.5465,1351.8105
2018-04-19 06:00:00,1351.7990000000002,1352.035,1351.333,1351.4515
2018-04-19 06:15:00,1351.45,1352.461,1351.3854999999999,1352.19
2018-04-19 06:30:00,1352.1945,1354.064,1352.1840000000002,1353.215
2018-04-19 06:45:00,1353.211,1353.9365,1352.8375,1353.6799999999998
2018-04-19 07:00:00,1353.675,1354.31,1352.692,1353.4334999999999
2018-04-19 07:15:00,1353.434,1354.7615,1352.7185,1354.01
2018-04-19 07:30:00,1354.0035,1354.53,1353.4245,1353.953
2018-04-19 07:45:00,1353.9535,1354.0965,1352.6535,1353.001
2018-04-19 08:00:00,1352.9859999999999,1353.226,1351.77,1352.0085
2018-04-19 08:15:00,1351.994,1352.694,1351.4185000000002,1352.278
2018-04-19 08:30:00,1352.283,1352.3985,1351.0415,1351.8609999999999
2018-04-19 08:45:00,1351.8615,1352.5715,1351.565,1352.425
2018-04-19 09:00:00,1352.42,1352.609,1351.6585,1351.864
2018-04-19 09:15:00,1351.885,1352.1415000000002,1344.89,1348.5185
2018-04-19 09:30:00,1348.5800000000002,1348.7884999999999,1347.3635,1348.751
2018-04-19 09:45:00,1348.7765,1348.7765,1348.08,1348.7555
2018-04-19 10:00:00,1348.765,1348.765,1345.805,1347.208
2018-04-19 10:15:00,1347.213,1348.0205,1346.6779999999999,1347.6499999999999
2018-04-19 10:30:00,1347.61,1348.4945,1347.3905,1348.0845
2018-04-19 10:45:00,1348.088,1348.4105,1347.4765,1347.72
2018-04-19 11:00:00,1347.7255,1347.9234999999999,1346.9915,1347.8339999999998
2018-04-19 11:15:00,1347.7835,1349.4835,1347.7055,1349.325
2018-04-19 11:30:00,1349.3205,1350.62,1349.186,1349.6815
2018-04-19 11:45:00,1349.681,1350.802,1349.526,1350.681
2018-04-19 12:00:00,1350.682,1350.7765,1348.895,1349.5665
2018-04-19 12:15:00,1349.567,1350.267,1346.3305,1349.844
2018-04-19 12:30:00,1349.7455,1350.692,1347.299,1350.1015
2018-04-19 12:45:00,1350.2515,1350.3165,1347.4385,1347.9165
2018-04-19 13:00:00,1347.9234999999999,1349.1345,1346.3795,1347.7185
2018-04-19 13:15:00,1347.718,1348.7485,1346.9435,1348.066
2018-04-19 13:30:00,1348.054,1348.857,1346.569,1347.3685
2018-04-19 13:45:00,1347.3690000000001,1348.9815,1347.0455000000002,1348.32
2018-04-19 14:00:00,1348.321,1348.73,1347.6585,1348.085
2018-04-19 14:15:00,1348.0735,1349.0715000000002,1347.9845,1348.472
2018-04-19 14:30:00,1348.46,1348.5455,1346.14,1346.9635
2018-04-19 14:45:00,1346.983,1346.9845,1345.735,1346.0735
2018-04-19 15:00:00,1346.084,1346.33,1343.385,1345.2915
2018-04-19 15:15:00,1345.292,1345.692,1343.7785,1344.1535
2018-04-19 15:30:00,1344.1635,1344.5,1341.021,1341.4455
2018-04-19 15:45:00,1341.404,1342.9935,1341.319,1342.6685
2018-04-19 16:00:00,1342.6635,1345.1995,1342.228,1344.5885
2018-04-19 16:15:00,1344.5835,1346.8715,1343.9589999999998,1344.768
2018-04-19 16:30:00,1344.8335,1345.68,1343.9935,1345.455
2018-04-19 16:45:00,1345.4455,1347.0500000000002,1345.3185,1346.532
2018-04-19 17:00:00,1346.5315,1346.841,1345.6685,1346.1165
2018-04-19 17:15:00,1346.117,1346.5545,1345.626,1346.2415
2018-04-19 17:30:00,1346.2399999999998,1347.0435,1345.7395,1346.53
2018-04-19 17:45:00,1346.53,1346.859,1346.2444999999998,1346.545
2018-04-19 18:00:00,1346.545,1346.545,1345.2385,1345.3545
2018-04-19 18:15:00,1345.3509999999999,1346.2035,1345.1385,1345.8999999999999
2018-04-19 18:30:00,1345.895,1346.143,1344.164,1344.604
2018-04-19 18:45:00,1344.6035,1345.4619999999998,1344.1935,1344.8564999999999
2018-04-19 19:00:00,1344.828,1345.5,1344.575,1345.29
2018-04-19 19:15:00,1345.282,1345.8964999999998,1345.1899999999998,1345.194
2018-04-19 19:30:00,1345.185,1346.0815,1344.512,1345.6665
2018-04-19 19:45:00,1345.666,1346.77,1345.26,1345.995
2018-04-19 20:00:00,1345.985,1346.3005,1345.4765,1345.572
2018-04-19 20:15:00,1345.57,1346.215,1345.5414999999998,1346.1035
2018-04-19 20:30:00,1346.185,1346.5085,1346.125,1346.208
2018-04-19 20:45:00,1346.2085,1346.2935,1345.589,1345.7450000000001
2018-04-19 22:00:00,1346.3899999999999,1346.4869999999999,1345.101,1345.444
2018-04-19 22:15:00,1345.454,1345.454,1344.94,1345.27
2018-04-19 22:30:00,1345.205,1346.1390000000001,1345.1435,1346.029
2018-04-19 22:45:00,1346.0285,1346.145,1345.627,1345.66
2018-04-19 23:00:00,1345.6899999999998,1346.26,1345.66,1346.0735
2018-04-19 23:15:00,1346.074,1346.075,1345.3700000000001,1345.567
2018-04-19 23:30:00,1345.562,1345.7615,1344.6245,1344.7350000000001
2018-04-19 23:45:00,1344.7365,1345.055,1344.475,1344.506
2018-04-20 01:00:00,1344.92,1345.799,1344.883,1345.0749999999998
2018-04-20 01:15:00,1345.0755000000001,1345.0990000000002,1342.265,1342.265
2018-04-20 01:30:00,1342.285,1342.62,1341.798,1342.1345000000001
2018-04-20 01:45:00,1342.104,1343.114,1341.695,1342.5900000000001
2018-04-20 02:00:00,1342.5895,1343.423,1342.3500000000001,1343.3285
2018-04-20 02:15:00,1343.3235,1343.525,1342.9835,1343.31
2018-04-20 02:30:00,1343.3135,1343.3185,1342.178,1342.1785
2018-04-20 02:45:00,1342.1805,1342.613,1341.9585,1342.0945
2018-04-20 03:00:00,1342.1,1342.6985,1341.9235,1342.3890000000001
2018-04-20 03:15:00,1342.3884999999998,1342.9895,1342.2985,1342.894
2018-04-20 03:30:00,1342.884,1343.3039999999999,1342.774,1343.1930000000002
2018-04-20 03:45:00,1343.1284999999998,1343.6745,1343.103,1343.2185
2018-04-20 04:00:00,1343.286,1343.31,1342.1405,1342.399
2018-04-20 04:15:00,1342.3685,1342.694,1342.05,1342.375
2018-04-20 04:30:00,1342.3784999999998,1342.5085,1342.2165,1342.2965
2018-04-20 04:45:00,1342.301,1342.4164999999998,1342.1805,1342.3854999999999
2018-04-20 05:00:00,1342.3899999999999,1342.3999999999999,1341.3545,1342.1665
2018-04-20 05:15:00,1342.166,1342.645,1341.843,1342.465
2018-04-20 05:30:00,1342.4645,1343.1515000000002,1342.3435000000002,1342.4695
2018-04-20 05:45:00,1342.465,1343.276,1342.4385000000002,1343.066
2018-04-20 06:00:00,1343.1000000000001,1343.1000000000001,1341.8405,1342.0249999999999
2018-04-20 06:15:00,1342.04,1344.3094999999998,1341.93,1343.69
2018-04-20 06:30:00,1343.685,1344.27,1343.395,1343.9885
2018-04-20 06:45:00,1343.9889999999998,1344.547,1343.445,1343.505
2018-04-20 07:00:00,1343.515,1344.2440000000001,1343.45,1344.23
2018-04-20 07:15:00,1344.2240000000002,1344.23,1341.6129999999998,1342.2755
2018-04-20 07:30:00,1342.28,1342.385,1340.4714999999999,1341.4134999999999
2018-04-20 07:45:00,1341.4185,1342.1,1341.2334999999998,1341.281
2018-04-20 08:00:00,1341.28,1342.325,1340.683,1342.215
2018-04-20 08:15:00,1342.215,1342.81,1342.0684999999999,1342.544
2018-04-20 08:30:00,1342.6,1342.825,1342.1185,1342.5085
2018-04-20 08:45:00,1342.5035,1342.5395,1341.343,1341.487
2018-04-20 09:00:00,1341.477,1341.765,1341.2099999999998,1341.32
2018-04-20 09:15:00,1341.325,1341.649,1339.92,1340.163
2018-04-20 09:30:00,1340.1695,1340.4955,1339.3955,1340.279
2018-04-20 09:45:00,1340.28,1340.703,1339.6585,1340.703
2018-04-20 10:00:00,1340.7085,1340.8184999999999,1340.1935,1340.8004999999998
2018-04-20 10:15:00,1340.7990000000002,1341.2749999999999,1340.4885,1341.2749999999999
2018-04-20 10:30:00,1341.2649999999999,1341.5569999999998,1340.8835,1340.93
2018-04-20 10:45:00,1340.935,1341.0145,1340.195,1340.8135
2018-04-20 11:00:00,1340.8094999999998,1342.285,1340.5685,1341.9315000000001
2018-04-20 11:15:00,1341.921,1342.4605,1341.72,1342.4255
2018-04-20 11:30:00,1342.422,1342.422,1340.6705,1340.75
2018-04-20 11:45:00,1340.6815,1341.4850000000001,1340.0795,1340.57
2018-04-20 12:00:00,1340.565,1343.7215,1340.4795,1343.241
2018-04-20 12:15:00,1343.2414999999999,1344.3315,1342.3015,1342.71
2018-04-20 12:30:00,1342.6945,1343.235,1341.92,1342.3805
2018-04-20 12:45:00,1342.295,1342.2985,1339.3885,1339.5140000000001
2018-04-20 13:00:00,1339.418,1340.7485000000001,1338.876,1339.7445
2018-04-20 13:15:00,1339.7345,1340.405,1336.243,1336.304
2018-04-20 13:30:00,1336.3205,1337.7585,1336.2985,1336.9389999999999
2018-04-20 13:45:00,1336.9399999999998,1337.815,1335.998,1336.74
2018-04-20 14:00:00,1336.745,1337.56,1336.1435000000001,1336.25
2018-04-20 14:15:00,1336.273,1337.395,1335.089,1335.3905
2018-04-20 14:30:00,1335.3935,1336.0835000000002,1335.0895,1335.314
2018-04-20 14:45:00,1335.304,1337.6684999999998,1335.0695,1337.5805
2018-04-20 15:00:00,1337.598,1338.9109999999998,1337.5635,1338.394
2018-04-20 15:15:00,1338.4440000000002,1339.0494999999999,1337.349,1339.0445
2018-04-20 15:30:00,1339.035,1339.364,1337.3585,1337.9735
2018-04-20 15:45:00,1337.973,1338.8355000000001,1337.753,1338.0800000000002
2018-04-20 16:00:00,1338.0845000000002,1338.8799999999999,1338.035,1338.4805000000001
2018-04-20 16:15:00,1338.48,1338.679,1337.16,1337.47
2018-04-20 16:30:00,1337.464,1337.8029999999999,1336.4834999999998,1337.09
2018-04-20 16:45:00,1337.068,1338.419,1336.993,1337.8285
2018-04-20 17:00:00,1337.8285,1338.0185000000001,1336.699,1336.7
2018-04-20 17:15:00,1336.7,1337.1245,1336.0035,1336.469
2018-04-20 17:30:00,1336.4635,1337.4655,1336.459,1337.2930000000001
2018-04-20 17:45:00,1337.2984999999999,1337.5695,1336.9299999999998,1337.073
2018-04-20 18:00:00,1337.068,1337.369,1336.94,1337.055
2018-04-20 18:15:00,1337.05,1337.214,1336.206,1336.3685
2018-04-20 18:30:00,1336.3785,1336.579,1336.0240000000001,1336.56
2018-04-20 18:45:00,1336.5500000000002,1336.6035,1335.4534999999998,1335.575
2018-04-20 19:00:00,1335.575,1335.75,1335.275,1335.489
2018-04-20 19:15:00,1335.4885,1335.8985,1335.213,1335.7569999999998
2018-04-20 19:30:00,1335.7565000000002,1336.019,1335.5045,1335.929
2018-04-20 19:45:00,1335.9285,1336.3300000000002,1335.58,1335.634
2018-04-20 20:00:00,1335.6435000000001,1336.295,1335.4385,1336.0900000000001
2018-04-20 20:15:00,1336.0900000000001,1336.414,1335.893,1336.2435
2018-04-20 20:30:00,1336.243,1336.2549999999999,1336.04,1336.163
2018-04-20 20:45:00,1336.1634999999999,1336.1634999999999,1335.3465,1335.5149999999999
2018-04-22 22:00:00,1334.425,1335.545,1334.425,1334.845
2018-04-22 22:15:00,1334.8,1334.845,1331.8564999999999,1333.97
2018-04-22 22:30:00,1333.975,1334.1550000000002,1333.215,1333.5215
2018-04-22 22:45:00,1333.52,1333.62,1332.1595,1333.0749999999998
2018-04-22 23:00:00,1333.075,1334.738,1332.6499999999999,1334.488
2018-04-22 23:15:00,1334.4830000000002,1334.5240000000001,1333.798,1334.2985
2018-04-22 23:30:00,1334.2935,1334.294,1332.9535,1333.0500000000002
2018-04-22 23:45:00,1333.0435,1333.2485,1332.6985,1333.0034999999998
2018-04-23 01:00:00,1333.453,1333.73,1332.409,1333.4785
2018-04-23 01:15:00,1333.4735,1333.4985,1332.455,1332.773
2018-04-23 01:30:00,1332.7835,1334.2485,1332.578,1333.9
2018-04-23 01:45:00,1333.915,1334.6035000000002,1333.8049999999998,1334.5980000000002
2018-04-23 02:00:00,1334.5984999999998,1334.6184999999998,1333.608,1334.4095
2018-04-23 02:15:00,1334.4134999999999,1334.9434999999999,1334.013,1334.505
2018-04-23 02:30:00,1334.459,1334.4685,1333.855,1334.0685
2018-04-23 02:45:00,1334.059,1334.3195,1333.4234999999999,1333.532
2018-04-23 03:00:00,1333.5405,1334.0515,1333.1315,1333.775
2018-04-23 03:15:00,1333.7634999999998,1334.065,1333.535,1333.58
2018-04-23 03:30:00,1333.5635,1334.027,1333.3735000000001,1333.921
2018-04-23 03:45:00,1333.9,1334.31,1333.618,1334.305
2018-04-23 04:00:00,1334.3,1334.42,1333.8100000000002,1334.1464999999998
2018-04-23 04:15:00,1334.145,1334.405,1333.955,1334.225
2018-04-23 04:30:00,1334.2205,1334.245,1333.835,1333.972
2018-04-23 04:45:00,1333.99,1334.2549999999999,1333.8560000000002,1334.0365
2018-04-23 05:00:00,1334.0915,1334.7785,1334.0249999999999,1334.665
2018-04-23 05:15:00,1334.6710000000003,1334.75,1334.225,1334.674
2018-04-23 05:30:00,1334.676,1335.112,1334.465,1334.661
2018-04-23 05:45:00,1334.6615,1334.9565,1333.8365,1334.5240000000001
2018-04-23 06:00:00,1334.515,1334.515,1333.648,1333.835
2018-04-23 06:15:00,1333.8155000000002,1334.6,1333.699,1333.8135000000002
2018-04-23 06:30:00,1333.8084999999999,1334.1390000000001,1333.22,1333.579
2018-04-23 06:45:00,1333.584,1335.539,1333.3880000000001,1334.4665
2018-04-23 07:00:00,1334.47,1334.9785000000002,1333.418,1333.5315
2018-04-23 07:15:00,1333.52,1334.2334999999998,1331.7240000000002,1332.373
2018-04-23 07:30:00,1332.38,1332.8535,1331.728,1332.39
2018-04-23 07:45:00,1332.3935,1332.944,1331.328,1331.9234999999999
2018-04-23 08:00:00,1331.9735,1332.249,1330.91,1331.5165
2018-04-23 08:15:00,1331.5214999999998,1331.7255,1330.7205,1331.1789999999999
2018-04-23 08:30:00,1331.1885,1331.384,1329.705,1330.2005000000001
2018-04-23 08:45:00,1330.2040000000002,1330.583,1329.0185000000001,1329.1299999999999
2018-04-23 09:00:00,1329.135,1329.5439999999999,1327.747,1329.044
2018-04-23 09:15:00,1329.0389999999998,1329.2665,1327.285,1328.2540000000001
2018-04-23 09:30:00,1328.2934999999998,1328.3280000000002,1327.1865,1327.7350000000001
2018-04-23 09:45:00,1327.725,1328.6135000000002,1327.398,1328.495
2018-04-23 10:00:00,1328.4885,1328.504,1327.6985,1328.414
2018-04-23 10:15:00,1328.4154999999998,1329.1035000000002,1327.6240000000003,1328.9055
2018-04-23 10:30:00,1328.905,1329.269,1328.3100000000002,1328.7065
2018-04-23 10:45:00,1328.7050000000002,1329.1000000000001,1328.508,1328.52
2018-04-23 11:00:00,1328.5249999999999,1328.584,1327.8895,1328.2945
2018-04-23 11:15:00,1328.2115000000001,1328.6705,1327.7985,1327.8935000000001
2018-04-23 11:30:00,1327.9084999999998,1328.8255,1326.8235,1328.7234999999998
2018-04-23 11:45:00,1328.7150000000001,1329.015,1328.133,1328.725
2018-04-23 12:00:00,1328.7305,1328.805,1326.4165,1326.86
2018-04-23 12:15:00,1326.8595,1327.7655,1325.0049999999999,1325.335
2018-04-23 12:30:00,1325.3285,1325.799,1324.029,1324.3590000000002
2018-04-23 12:45:00,1324.3335,1326.4485,1324.0545000000002,1325.753
2018-04-23 13:00:00,1325.7335,1326.2895,1324.8799999999999,1325.3985
2018-04-23 13:15:00,1325.403,1326.6985,1325.014,1325.0235
2018-04-23 13:30:00,1324.984,1326.582,1324.739,1326.199
2018-04-23 13:45:00,1326.189,1326.194,1323.494,1324.679
2018-04-23 14:00:00,1324.6655,1324.7939999999999,1322.2749999999999,1323.1784999999998
2018-04-23 14:15:00,1323.1594999999998,1323.7955,1322.715,1323.2485000000001
2018-04-23 14:30:00,1323.2579999999998,1324.7489999999998,1322.7085,1324.249
2018-04-23 14:45:00,1324.2485,1324.8584999999998,1323.578,1323.84
2018-04-23 15:00:00,1323.845,1324.6405,1323.1335,1324.3385
2018-04-23 15:15:00,1324.338,1324.9385,1323.5130000000001,1323.819
2018-04-23 15:30:00,1323.7545,1324.0320000000002,1322.698,1323.2440000000001
2018-04-23 15:45:00,1323.259,1323.493,1322.4150000000002,1322.68
2018-04-23 16:00:00,1322.6685,1324.3884999999998,1322.663,1323.755
2018-04-23 16:15:00,1323.75,1323.92,1323.2140000000002,1323.4135
2018-04-23 16:30:00,1323.468,1323.9989999999998,1323.405,1323.704
2018-04-23 16:45:00,1323.7785,1323.795,1323.2134999999998,1323.6699999999998
2018-04-23 17:00:00,1323.6699999999998,1323.6699999999998,1322.8835,1323.083
2018-04-23 17:15:00,1323.085,1323.432,1322.183,1322.5484999999999
2018-04-23 17:30:00,1322.6435000000001,1323.5185000000001,1322.6435000000001,1323.36
2018-04-23 17:45:00,1323.3485,1323.47,1322.9234999999999,1323.3585
2018-04-23 18:00:00,1323.363,1324.4885,1323.348,1324.268
2018-04-23 18:15:00,1324.2635,1324.643,1324.0639999999999,1324.344
2018-04-23 18:30:00,1324.3435000000002,1325.464,1324.334,1324.8284999999998
2018-04-23 18:45:00,1324.8280000000002,1325.42,1324.0134999999998,1324.0735
2018-04-23 19:00:00,1324.124,1324.8835,1324.0784999999998,1324.18
2018-04-23 19:15:00,1324.1645,1324.18,1323.208,1323.508
2018-04-23 19:30:00,1323.5045,1324.309,1323.435,1324.3085
2018-04-23 19:45:00,1324.2835,1325.0685,1324.1885,1325.044
2018-04-23 20:00:00,1325.0135,1325.0305,1324.3195,1324.535
2018-04-23 20:15:00,1324.535,1324.535,1324.119,1324.4299999999998
2018-04-23 20:30:00,1324.4234999999999,1324.4299999999998,1324.028,1324.2185
2018-04-23 20:45:00,1324.218,1325.0835,1324.028,1324.8000000000002
2018-04-23 22:00:00,1324.72,1325.1165,1324.543,1324.7599999999998
2018-04-23 22:15:00,1324.7599999999998,1325.0635,1324.7599999999998,1324.96
2018-04-23 22:30:00,1324.96,1325.06,1324.7385,1324.7485
2018-04-23 22:45:00,1324.7489999999998,1324.8100000000002,1324.4900000000002,1324.725
2018-04-23 23:00:00,1324.7250000000001,1324.863,1324.39,1324.7405
2018-04-23 23:15:00,1324.755,1324.7800000000002,1324.2615,1324.3185
2018-04-23 23:30:00,1324.329,1325.4,1323.915,1324.7115000000001
2018-04-23 23:45:00,1324.737,1324.8905,1324.186,1324.62
2018-04-24 01:00:00,1326.1235,1326.32,1323.165,1323.519
2018-04-24 01:15:00,1323.5230000000001,1324.079,1322.1250000000002,1323.8855
2018-04-24 01:30:00,1323.8785,1325.275,1323.383,1324.865
2018-04-24 01:45:00,1324.87,1327.066,1324.3535,1326.4685
2018-04-24 02:00:00,1326.464,1327.452,1326.0639999999999,1327.2085
2018-04-24 02:15:00,1327.2089999999998,1328.2035,1326.6815000000001,1327.34
2018-04-24 02:30:00,1327.345,1328.1535,1326.9814999999999,1327.53
2018-04-24 02:45:00,1327.525,1327.525,1326.8535,1327.253
2018-04-24 03:00:00,1327.248,1327.5365000000002,1327.0095,1327.2445
2018-04-24 03:15:00,1327.045,1327.06,1326.45,1326.7150000000001
2018-04-24 03:30:00,1326.7315,1327.307,1326.3429999999998,1326.8265
2018-04-24 03:45:00,1326.8260000000002,1327.04,1326.7199999999998,1326.7199999999998
2018-04-24 04:00:00,1326.7150000000001,1326.825,1326.115,1326.275
2018-04-24 04:15:00,1326.284,1326.505,1326.1885,1326.3835
2018-04-24 04:30:00,1326.394,1326.584,1326.2585,1326.375
2018-04-24 04:45:00,1326.3795,1326.6635,1326.2385,1326.64
2018-04-24 05:00:00,1326.6335000000001,1327.2839999999999,1326.6299999999999,1327.24
2018-04-24 05:15:00,1327.2185,1327.5349999999999,1327.1229999999998,1327.5245
2018-04-24 05:30:00,1327.5085000000001,1327.72,1327.233,1327.4745
2018-04-24 05:45:00,1327.4850000000001,1327.825,1326.7379999999998,1326.94
2018-04-24 06:00:00,1327.011,1327.355,1326.218,1327.329
2018-04-24 06:15:00,1327.3135,1328.59,1327.213,1328.001
2018-04-24 06:30:00,1327.995,1328.0055,1326.72,1326.9865
2018-04-24 06:45:00,1326.9985,1327.115,1324.8149999999998,1324.925
2018-04-24 07:00:00,1324.9234999999999,1325.973,1324.597,1325.4635
2018-04-24 07:15:00,1325.463,1327.1484999999998,1325.454,1326.2735
2018-04-24 07:30:00,1326.2685000000001,1326.2740000000001,1324.6000000000001,1325.3980000000001
2018-04-24 07:45:00,1325.3880000000001,1325.715,1325.0335,1325.6299999999999
2018-04-24 08:00:00,1325.5669999999998,1326.169,1325.2165000000002,1325.553
2018-04-24 08:15:00,1325.5585,1325.7804999999998,1325.01,1325.6160000000002
2018-04-24 08:30:00,1325.6260000000002,1326.7510000000002,1325.6164999999999,1326.24
2018-04-24 08:45:00,1326.2435,1327.9099999999999,1326.1200000000001,1327.7235
2018-04-24 09:00:00,1327.7285,1328.0165,1327.145,1327.295
2018-04-24 09:15:00,1327.2715,1327.9119999999998,1327.13,1327.2785
2018-04-24 09:30:00,1327.293,1327.2935,1326.5065,1327.078
2018-04-24 09:45:00,1327.0785,1327.379,1326.6815,1327.0365
2018-04-24 10:00:00,1327.04,1327.805,1327.04,1327.453
2018-04-24 10:15:00,1327.465,1327.88,1326.9105,1327.0679999999998
2018-04-24 10:30:00,1327.04,1327.3705,1326.6380000000001,1326.685
2018-04-24 10:45:00,1326.69,1327.1750000000002,1325.765,1326.125
2018-04-24 11:00:00,1326.115,1326.3335000000002,1325.2234999999998,1326.24
2018-04-24 11:15:00,1326.2255,1326.5305,1325.6129999999998,1326.3999999999999
2018-04-24 11:30:00,1326.3895,1326.8405,1325.728,1326.15
2018-04-24 11:45:00,1326.144,1326.76,1325.9679999999998,1326.7440000000001
2018-04-24 12:00:00,1326.6865,1327.262,1326.055,1326.3615
2018-04-24 12:15:00,1326.3609999999999,1326.3709999999999,1324.765,1325.179
2018-04-24 12:30:00,1325.1840000000002,1325.2749999999999,1323.929,1324.066
2018-04-24 12:45:00,1324.071,1325.6845,1323.482,1325.0685
2018-04-24 13:00:00,1325.063,1327.185,1324.1035,1326.379
2018-04-24 13:15:00,1326.4385,1327.3265000000001,1325.8365000000001,1326.5245
2018-04-24 13:30:00,1326.607,1327.145,1325.931,1326.53
2018-04-24 13:45:00,1326.48,1330.181,1325.5735000000002,1329.7335
2018-04-24 14:00:00,1329.79,1330.288,1327.7195,1329.1164999999999
2018-04-24 14:15:00,1329.1109999999999,1330.7715,1329.0839999999998,1329.522
2018-04-24 14:30:00,1329.579,1330.07,1328.566,1328.876
2018-04-24 14:45:00,1328.8595,1329.05,1327.7665,1327.96
2018-04-24 15:00:00,1327.9710000000002,1328.621,1327.651,1328.3709999999999
2018-04-24 15:15:00,1328.3570000000002,1330.1845,1328.0835,1328.9950000000001
2018-04-24 15:30:00,1329.0145,1329.66,1327.9260000000002,1328.2265
2018-04-24 15:45:00,1328.24,1329.282,1327.5365000000002,1329.2765
2018-04-24 16:00:00,1329.282,1329.3615,1328.576,1329.241
2018-04-24 16:15:00,1329.2269999999999,1331.619,1329.0510000000002,1331.4515000000001
2018-04-24 16:30:00,1331.3465,1332.5765000000001,1330.844,1331.3835000000001
2018-04-24 16:45:00,1331.3700000000001,1332.112,1330.858,1331.9415
2018-04-24 17:00:00,1331.9515,1332.057,1330.0635,1330.2749999999999
2018-04-24 17:15:00,1330.2800000000002,1331.523,1329.96,1331.3015
2018-04-24 17:30:00,1331.3165000000001,1331.7015000000001,1330.8535,1331.2095
2018-04-24 17:45:00,1331.232,1332.367,1330.9185,1332.1760000000002
2018-04-24 18:00:00,1332.1770000000001,1332.766,1331.512,1331.8149999999998
2018-04-24 18:15:00,1331.9044999999999,1332.492,1331.576,1332.2949999999998
2018-04-24 18:30:00,1332.2935000000002,1332.6004999999998,1331.9115,1332.344
2018-04-24 18:45:00,1332.3435,1332.365,1331.86,1332.026
2018-04-24 19:00:00,1332.021,1332.026,1331.5484999999999,1331.7395
2018-04-24 19:15:00,1331.75,1332.059,1331.2450000000001,1331.4344999999998
2018-04-24 19:30:00,1331.4409999999998,1332.35,1331.4145,1332.2440000000001
2018-04-24 19:45:00,1332.2545,1332.2610000000002,1331.56,1331.56
2018-04-24 20:00:00,1331.565,1331.565,1330.7314999999999,1331.371
2018-04-24 20:15:00,1331.3715,1331.552,1331.2815,1331.451
2018-04-24 20:30:00,1331.4415000000001,1331.4415000000001,1331.1215,1331.1215
2018-04-24 20:45:00,1331.1109999999999,1331.1164999999999,1330.4015,1330.56
2018-04-24 22:00:00,1330.0385,1330.7465,1330.0385,1330.44
2018-04-24 22:15:00,1330.44,1330.7715,1330.34,1330.7549999999999
2018-04-24 22:30:00,1330.757,1331.152,1330.5115,1331.152
2018-04-24 22:45:00,1331.1515,1331.1515,1330.622,1330.97
2018-04-24 23:00:00,1330.9665,1331.295,1330.94,1331.1965
2018-04-24 23:15:00,1331.2,1332.117,1331.0629999999999,1332.1115
2018-04-24 23:30:00,1332.1215,1332.1365,1331.566,1331.682
2018-04-24 23:45:00,1331.6815,1331.8114999999998,1331.2865,1331.74
2018-04-25 01:00:00,1330.8115,1330.8249999999998,1329.8605,1330.0085
2018-04-25 01:15:00,1330.0135,1330.0549999999998,1328.3854999999999,1328.7299999999998
2018-04-25 01:30:00,1328.7099999999998,1329.344,1328.425,1329.2455
2018-04-25 01:45:00,1329.244,1329.5484999999999,1329.045,1329.1264999999999
2018-04-25 02:00:00,1329.12,1329.537,1328.8564999999999,1329.288
2018-04-25 02:15:00,1329.2785,1329.2835,1328.86,1329.185
2018-04-25 02:30:00,1329.185,1329.1885,1328.7034999999998,1328.7234999999998
2018-04-25 02:45:00,1328.7984999999999,1329.1070000000002,1328.6909999999998,1328.9015
2018-04-25 03:00:00,1328.902,1329.402,1328.7649999999999,1329.3885
2018-04-25 03:15:00,1329.3855,1329.3890000000001,1328.815,1328.815
2018-04-25 03:30:00,1328.8135,1329.3914999999997,1328.8,1329.195
2018-04-25 03:45:00,1329.215,1329.315,1328.051,1328.1845
2018-04-25 04:00:00,1328.1745,1328.3815,1328.0905,1328.18
2018-04-25 04:15:00,1328.1895,1328.665,1328.1399999999999,1328.3
2018-04-25 04:30:00,1328.298,1328.298,1326.9550000000002,1327.505
2018-04-25 04:45:00,1327.4835,1327.79,1327.069,1327.548
2018-04-25 05:00:00,1327.5629999999999,1327.603,1326.87,1327.1650000000002
2018-04-25 05:15:00,1327.1599999999999,1327.37,1325.54,1326.1385
2018-04-25 05:30:00,1326.138,1327.5780000000002,1326.138,1327.253
2018-04-25 05:45:00,1327.2535,1327.4785000000002,1326.7485000000001,1326.9085
2018-04-25 06:00:00,1326.905,1326.905,1325.11,1325.23
2018-04-25 06:15:00,1325.2395,1325.723,1324.685,1324.9405
2018-04-25 06:30:00,1324.9505,1325.693,1324.87,1325.5735000000002
2018-04-25 06:45:00,1325.563,1325.8885,1324.77,1324.8999999999999
2018-04-25 07:00:00,1324.959,1324.959,1323.309,1324.299
2018-04-25 07:15:00,1324.288,1324.4144999999999,1323.6045000000001,1324.0835
2018-04-25 07:30:00,1324.114,1324.7150000000001,1323.8295,1324.0635
2018-04-25 07:45:00,1324.0639999999999,1324.649,1323.442,1323.7069999999999
2018-04-25 08:00:00,1323.7065000000002,1324.2995,1323.39,1323.645
2018-04-25 08:15:00,1323.6435000000001,1324.757,1323.0715,1324.554
2018-04-25 08:30:00,1324.56,1325.1385,1324.227,1325.1100000000001
2018-04-25 08:45:00,1325.13,1325.4935,1324.921,1325.122
2018-04-25 09:00:00,1325.1215,1325.7445,1324.75,1325.41
2018-04-25 09:15:00,1325.4085,1325.6315,1325.0645,1325.1850000000002
2018-04-25 09:30:00,1325.1905000000002,1325.8095,1324.9285,1325.132
2018-04-25 09:45:00,1325.125,1325.1950000000002,1324.208,1324.285
2018-04-25 10:00:00,1324.28,1324.8905,1323.75,1323.795
2018-04-25 10:15:00,1323.8,1324.4869999999999,1323.71,1324.4805
2018-04-25 10:30:00,1324.4904999999999,1324.68,1324.0945,1324.39
2018-04-25 10:45:00,1324.3890000000001,1324.8249999999998,1323.8135,1324.71
2018-04-25 11:00:00,1324.7150000000001,1324.8550000000002,1323.9635,1324.1399999999999
2018-04-25 11:15:00,1324.1444999999999,1324.254,1323.3435,1324.239
2018-04-25 11:30:00,1324.223,1324.223,1320.8535,1321.509
2018-04-25 11:45:00,1321.508,1321.6200000000001,1320.36,1320.789
2018-04-25 12:00:00,1320.785,1321.5235,1320.163,1321.22
2018-04-25 12:15:00,1321.2235,1321.35,1319.5635,1319.5635
2018-04-25 12:30:00,1319.5584999999999,1320.349,1318.8415,1320.2375
2018-04-25 12:45:00,1320.235,1321.5875,1320.195,1320.6835
2018-04-25 13:00:00,1320.655,1321.2865000000002,1320.1284999999998,1320.1685000000002
2018-04-25 13:15:00,1320.1689999999999,1321.0835,1320.044,1320.985
2018-04-25 13:30:00,1320.995,1322.7085,1320.2134999999998,1322.485
2018-04-25 13:45:00,1322.4765,1322.97,1321.1635,1321.99
2018-04-25 14:00:00,1321.9950000000001,1322.38,1320.3,1320.698
2018-04-25 14:15:00,1320.655,1321.3149999999998,1319.9279999999999,1319.9755
2018-04-25 14:30:00,1319.9535,1320.64,1319.2255,1320.225
2018-04-25 14:45:00,1320.2185,1320.935,1319.923,1320.0485
2018-04-25 15:00:00,1320.0479999999998,1320.703,1319.754,1320.476
2018-04-25 15:15:00,1320.4750000000001,1321.488,1320.375,1320.8935000000001
2018-04-25 15:30:00,1320.895,1321.29,1320.5449999999998,1320.8400000000001
2018-04-25 15:45:00,1320.8449999999998,1321.3985,1320.622,1321.2885
2018-04-25 16:00:00,1321.2990000000002,1321.9015,1320.699,1321.4735
2018-04-25 16:15:00,1321.4940000000001,1322.8155000000002,1321.3735,1322.1095
2018-04-25 16:30:00,1322.1029999999998,1322.6855,1321.9085,1322.295
2018-04-25 16:45:00,1322.305,1322.602,1321.818,1322.3315
2018-04-25 17:00:00,1322.3315,1322.3915000000002,1321.3485,1321.9305
2018-04-25 17:15:00,1321.9205,1321.9635,1321.35,1321.433
2018-04-25 17:30:00,1321.4379999999999,1323.5330000000001,1321.4379999999999,1322.375
2018-04-25 17:45:00,1322.385,1322.5314999999998,1321.898,1321.9950000000001
2018-04-25 18:00:00,1321.9840000000002,1322.1309999999999,1321.448,1321.5085
2018-04-25 18:15:00,1321.5049999999999,1321.8535,1321.4885,1321.8535
2018-04-25 18:30:00,1321.8435,1322.0335,1321.41,1321.5249999999999
2018-04-25 18:45:00,1321.469,1322.3635,1321.469,1321.825
2018-04-25 19:00:00,1321.824,1322.4689999999998,1321.4499999999998,1322.4479999999999
2018-04-25 19:15:00,1322.4385000000002,1322.715,1322.313,1322.715
2018-04-25 19:30:00,1322.7155,1324.0169999999998,1322.7155,1323.53
2018-04-25 19:45:00,1323.525,1323.5565000000001,1322.4399999999998,1322.8435000000002
2018-04-25 20:00:00,1322.8290000000002,1323.564,1322.6335,1323.47
2018-04-25 20:15:00,1323.4685,1323.5600000000002,1322.9679999999998,1322.9679999999998
2018-04-25 20:30:00,1322.9685,1323.074,1322.273,1322.324
2018-04-25 20:45:00,1322.358,1323.475,1322.1299999999999,1323.1850000000002
2018-04-25 22:00:00,1323.12,1323.3145,1321.2160000000001,1321.742
2018-04-25 22:15:00,1321.7414999999999,1322.1765,1321.6799999999998,1321.851
2018-04-25 22:30:00,1321.8515,1322.1399999999999,1321.791,1321.92
2018-04-25 22:45:00,1321.915,1322.4250000000002,1321.851,1322.2
2018-04-25 23:00:00,1322.1965,1322.8314999999998,1322.109,1322.8210000000001
2018-04-25 23:15:00,1322.8265000000001,1322.855,1322.548,1322.6634999999999
2018-04-25 23:30:00,1322.663,1322.765,1322.1319999999998,1322.345
2018-04-25 23:45:00,1322.345,1322.955,1322.3365,1322.75
2018-04-26 01:00:00,1323.4115,1323.71,1323.1,1323.6090000000002
2018-04-26 01:15:00,1323.5900000000001,1323.7055000000003,1322.0755000000001,1322.4095
2018-04-26 01:30:00,1322.4065,1324.0005,1322.4060000000002,1323.6715
2018-04-26 01:45:00,1323.6370000000002,1324.1485,1323.3255,1324.0739999999998
2018-04-26 02:00:00,1324.124,1324.5345,1323.8055,1324.504
2018-04-26 02:15:00,1324.5035,1324.7255,1324.2185,1324.2395
2018-04-26 02:30:00,1324.31,1324.32,1323.745,1323.81
2018-04-26 02:45:00,1323.862,1323.9205,1323.299,1323.327
2018-04-26 03:00:00,1323.322,1323.8,1323.291,1323.6944999999998
2018-04-26 03:15:00,1323.695,1323.9115,1323.3665,1323.89
2018-04-26 03:30:00,1323.8915,1324.0269999999998,1323.5415,1323.8944999999999
2018-04-26 03:45:00,1323.8899999999999,1324.19,1323.6715,1323.8055
2018-04-26 04:00:00,1323.8049999999998,1323.8155,1323.2314999999999,1323.3184999999999
2018-04-26 04:15:00,1323.3284999999998,1323.8300000000002,1323.2389999999998,1323.625
2018-04-26 04:30:00,1323.6200000000001,1323.6399999999999,1323.2955,1323.5155
2018-04-26 04:45:00,1323.515,1323.705,1323.393,1323.4935
2018-04-26 05:00:00,1323.5205,1323.9155,1323.3435,1323.904
2018-04-26 05:15:00,1323.905,1324.0204999999999,1323.4995,1323.564
2018-04-26 05:30:00,1323.5635,1323.9255,1323.3509999999999,1323.8365
2018-04-26 05:45:00,1323.8315,1324.635,1323.8049999999998,1324.5335
2018-04-26 06:00:00,1324.533,1325.1115,1323.8985,1323.9740000000002
2018-04-26 06:15:00,1323.9685000000002,1324.4385000000002,1323.428,1323.7485
2018-04-26 06:30:00,1323.755,1324.6655,1323.5430000000001,1324.3235
2018-04-26 06:45:00,1324.329,1325.6654999999998,1324.3285,1325.155
2018-04-26 07:00:00,1325.16,1326.617,1324.7285,1325.715
2018-04-26 07:15:00,1325.7165,1326.245,1324.9395,1325.3500000000001
2018-04-26 07:30:00,1325.3505,1325.459,1324.5955,1324.695
2018-04-26 07:45:00,1324.7060000000001,1324.8370000000002,1323.1395,1323.6215000000002
2018-04-26 08:00:00,1323.6219999999998,1323.74,1322.5100000000002,1323.2835
2018-04-26 08:15:00,1323.2785,1323.6905,1322.8795,1323.4795
2018-04-26 08:30:00,1323.4785,1323.9265,1323.0,1323.6889999999999
2018-04-26 08:45:00,1323.6789999999999,1323.6789999999999,1322.026,1322.4315000000001
2018-04-26 09:00:00,1322.4299999999998,1322.4315000000001,1321.411,1321.9535
2018-04-26 09:15:00,1321.953,1322.8365000000001,1321.815,1322.3579999999997
2018-04-26 09:30:00,1322.3585,1323.2389999999998,1322.02,1323.15
2018-04-26 09:45:00,1323.1385,1323.8200000000002,1322.9334999999999,1323.1255
2018-04-26 10:00:00,1323.1205,1323.2205000000001,1322.25,1322.3885
2018-04-26 10:15:00,1322.3880000000001,1322.699,1322.3785,1322.6405
2018-04-26 10:30:00,1322.64,1323.4935,1322.619,1323.48
2018-04-26 10:45:00,1323.475,1325.42,1323.365,1324.775
2018-04-26 11:00:00,1324.7769999999998,1325.675,1324.581,1325.3365000000001
2018-04-26 11:15:00,1325.337,1325.5890000000002,1324.8049999999998,1325.2034999999998
2018-04-26 11:30:00,1325.1930000000002,1325.568,1324.8830000000003,1325.535
2018-04-26 11:45:00,1325.56,1325.875,1322.805,1323.1005
2018-04-26 12:00:00,1323.0605,1324.903,1322.9434999999999,1323.3339999999998
2018-04-26 12:15:00,1323.3535,1323.855,1322.32,1323.07
2018-04-26 12:30:00,1323.405,1324.4935,1321.8135,1324.0130000000001
2018-04-26 12:45:00,1324.0185000000001,1325.5814999999998,1322.8805,1324.84
2018-04-26 13:00:00,1324.83,1325.779,1321.612,1322.95
2018-04-26 13:15:00,1322.9479999999999,1324.7,1322.9479999999999,1324.4045
2018-04-26 13:30:00,1324.4180000000001,1324.605,1322.6,1323.4135
2018-04-26 13:45:00,1323.413,1323.4915,1322.3000000000002,1322.612
2018-04-26 14:00:00,1322.6105,1322.722,1319.75,1320.065
2018-04-26 14:15:00,1320.056,1320.2745,1316.8345,1319.2834999999998
2018-04-26 14:30:00,1319.2055,1319.2055,1317.6985,1318.076
2018-04-26 14:45:00,1318.1455,1318.5349999999999,1317.5484999999999,1317.9505000000001
2018-04-26 15:00:00,1317.897,1318.5145,1317.199,1317.8260000000002
2018-04-26 15:15:00,1317.8245,1318.1795000000002,1316.3635,1317.1015
2018-04-26 15:30:00,1317.0964999999999,1317.601,1315.31,1316.1185
2018-04-26 15:45:00,1316.0985,1316.86,1315.5584999999999,1316.4099999999999
2018-04-26 16:00:00,1316.407,1317.161,1316.23,1317.0735
2018-04-26 16:15:00,1317.0739999999998,1317.7205000000001,1316.795,1317.6205
2018-04-26 16:30:00,1317.62,1318.0315,1317.3085,1317.743
2018-04-26 16:45:00,1317.7434999999998,1317.8535,1317.176,1317.6555
2018-04-26 17:00:00,1317.67,1317.67,1317.154,1317.3929999999998
2018-04-26 17:15:00,1317.3829999999998,1317.6085,1316.778,1316.9229999999998
2018-04-26 17:30:00,1316.949,1317.99,1316.949,1317.86
2018-04-26 17:45:00,1317.8484999999998,1318.034,1317.4035,1317.418
2018-04-26 18:00:00,1317.4185000000002,1317.7035,1316.9730000000002,1317.113
2018-04-26 18:15:00,1317.108,1317.21,1316.5045,1316.5655
2018-04-26 18:30:00,1316.5659999999998,1317.1855,1316.554,1316.7535
2018-04-26 18:45:00,1316.7305,1317.76,1316.7305,1317.57
2018-04-26 19:00:00,1317.5594999999998,1317.659,1316.798,1316.8485
2018-04-26 19:15:00,1316.863,1317.3635000000002,1316.7495,1316.875
2018-04-26 19:30:00,1316.87,1318.0585,1316.7535,1317.664
2018-04-26 19:45:00,1317.6635,1318.069,1317.6485,1317.847
2018-04-26 20:00:00,1317.865,1317.9665,1317.172,1317.461
2018-04-26 20:15:00,1317.4615,1317.585,1317.4150000000002,1317.4330000000002
2018-04-26 20:30:00,1317.4569999999999,1317.491,1317.085,1317.1595
2018-04-26 20:45:00,1317.155,1317.25,1316.92,1317.0
2018-04-26 22:00:00,1317.0,1318.059,1316.92,1317.8284999999998
2018-04-26 22:15:00,1317.8235,1317.9435,1317.728,1317.839
2018-04-26 22:30:00,1317.8335,1317.9489999999998,1317.6685,1317.7450000000001
2018-04-26 22:45:00,1317.7455,1317.7530000000002,1317.315,1317.3235
2018-04-26 23:00:00,1317.323,1317.565,1317.2549999999999,1317.384
2018-04-26 23:15:00,1317.3935000000001,1317.8270000000002,1317.3935000000001,1317.5639999999999
2018-04-26 23:30:00,1317.5585,1317.9735,1317.4685,1317.874
2018-04-26 23:45:00,1317.8785,1318.305,1317.8435,1318.06
2018-04-27 01:00:00,1317.055,1317.1785,1316.5295,1316.5595
2018-04-27 01:15:00,1316.559,1316.5595,1315.65,1316.435
2018-04-27 01:30:00,1316.44,1316.84,1315.8284999999998,1316.535
2018-04-27 01:45:00,1316.5455,1318.2604999999999,1316.4635,1318.1650000000002
2018-04-27 02:00:00,1318.1255,1318.2945,1317.4695,1317.685
2018-04-27 02:15:00,1317.6755,1317.8635,1317.26,1317.755
2018-04-27 02:30:00,1317.7649999999999,1317.7649999999999,1316.8745,1316.8885
2018-04-27 02:45:00,1316.8845,1317.1585,1316.7735,1316.9550000000002
2018-04-27 03:00:00,1316.94,1316.9985000000001,1316.398,1316.4795
2018-04-27 03:15:00,1316.485,1317.1985,1316.428,1316.728
2018-04-27 03:30:00,1316.7385,1317.299,1316.638,1317.194
2018-04-27 03:45:00,1317.193,1317.6765,1317.0729999999999,1317.615
2018-04-27 04:00:00,1317.6035,1317.665,1317.0529999999999,1317.214
2018-04-27 04:15:00,1317.2135,1317.5529999999999,1317.2135,1317.51
2018-04-27 04:30:00,1317.53,1317.92,1317.4334999999999,1317.705
2018-04-27 04:45:00,1317.7,1317.968,1317.525,1317.7679999999998
2018-04-27 05:00:00,1317.7734999999998,1317.8505,1316.6435,1316.725
2018-04-27 05:15:00,1316.74,1317.165,1316.653,1316.9405
2018-04-27 05:30:00,1316.9335,1317.3085,1316.6589999999999,1317.2885
2018-04-27 05:45:00,1317.248,1317.9089999999999,1317.244,1317.4334999999999
2018-04-27 06:00:00,1317.4434999999999,1317.529,1316.6039999999998,1316.6100000000001
2018-04-27 06:15:00,1316.6245,1316.8435,1316.183,1316.399
2018-04-27 06:30:00,1316.4095,1316.803,1315.984,1316.7355
2018-04-27 06:45:00,1316.7465,1317.05,1316.13,1316.44
2018-04-27 07:00:00,1316.4350000000002,1317.21,1316.09,1316.174
2018-04-27 07:15:00,1316.17,1316.827,1315.3649999999998,1316.827
2018-04-27 07:30:00,1316.8265,1317.0249999999999,1316.1385,1316.9499999999998
2018-04-27 07:45:00,1316.9350000000002,1317.879,1316.8,1317.5800000000002
2018-04-27 08:00:00,1317.567,1319.165,1317.3700000000001,1318.035
2018-04-27 08:15:00,1318.04,1318.1615000000002,1317.3999999999999,1317.815
2018-04-27 08:30:00,1317.7685000000001,1317.9,1316.7545,1317.191
2018-04-27 08:45:00,1317.2145,1317.4669999999999,1316.3585,1316.5
2018-04-27 09:00:00,1316.4885,1317.924,1316.4705,1317.893
2018-04-27 09:15:00,1317.845,1318.294,1317.6915000000001,1317.9165
2018-04-27 09:30:00,1317.9,1318.221,1317.6065,1318.021
2018-04-27 09:45:00,1318.0215,1318.1750000000002,1317.4144999999999,1318.1750000000002
2018-04-27 10:00:00,1318.0945,1318.429,1317.3600000000001,1318.075
2018-04-27 10:15:00,1318.0645,1318.0645,1317.5695,1317.8545
2018-04-27 10:30:00,1317.835,1321.27,1317.7645,1319.665
2018-04-27 10:45:00,1319.6795,1320.22,1318.8335,1319.7555
2018-04-27 11:00:00,1319.7549999999999,1320.292,1319.595,1319.6950000000002
2018-04-27 11:15:00,1319.7055,1319.795,1318.798,1319.6950000000002
2018-04-27 11:30:00,1319.68,1319.8990000000001,1319.576,1319.69
2018-04-27 11:45:00,1319.7099999999998,1319.8039999999999,1318.2130000000002,1318.5330000000001
2018-04-27 12:00:00,1318.5385,1319.864,1318.0285,1319.839
2018-04-27 12:15:00,1319.825,1320.4445,1319.1945,1319.48
2018-04-27 12:30:00,1319.415,1320.19,1316.9385,1318.54
2018-04-27 12:45:00,1318.5345,1322.5069999999998,1317.945,1321.221
2018-04-27 13:00:00,1321.22,1322.5935,1320.4235,1321.59
2018-04-27 13:15:00,1321.584,1321.614,1320.319,1320.815
2018-04-27 13:30:00,1320.8155000000002,1323.525,1320.742,1322.04
2018-04-27 13:45:00,1322.0234999999998,1322.92,1321.3715,1321.492
2018-04-27 14:00:00,1321.4965,1321.776,1320.4799999999998,1320.77
2018-04-27 14:15:00,1320.7549999999999,1322.1135,1320.4650000000001,1321.6495
2018-04-27 14:30:00,1321.645,1323.9,1321.645,1323.1845
2018-04-27 14:45:00,1323.18,1323.4045,1321.3545,1321.939
2018-04-27 15:00:00,1321.929,1322.681,1321.9185,1322.47
2018-04-27 15:15:00,1322.4814999999999,1322.842,1321.673,1321.6934999999999
2018-04-27 15:30:00,1321.6930000000002,1322.0890000000002,1321.0885,1321.5935
2018-04-27 15:45:00,1321.6100000000001,1322.17,1321.4835,1321.78
2018-04-27 16:00:00,1321.7805,1322.242,1321.366,1321.8255
2018-04-27 16:15:00,1321.8735,1322.7,1321.725,1322.22
2018-04-27 16:30:00,1322.251,1322.9915,1322.096,1322.22
2018-04-27 16:45:00,1322.2845,1322.3485,1321.6580000000001,1321.8435
2018-04-27 17:00:00,1321.8585,1322.4370000000001,1321.6085,1321.859
2018-04-27 17:15:00,1321.8585,1322.7915,1321.545,1322.4015000000002
2018-04-27 17:30:00,1322.381,1322.643,1322.1154999999999,1322.4015000000002
2018-04-27 17:45:00,1322.401,1322.8445000000002,1322.0855000000001,1322.8000000000002
2018-04-27 18:00:00,1322.785,1322.8020000000001,1322.357,1322.5815
2018-04-27 18:15:00,1322.5819999999999,1322.8670000000002,1322.4195,1322.5545
2018-04-27 18:30:00,1322.545,1324.4365,1322.4609999999998,1324.0865
2018-04-27 18:45:00,1324.2915,1325.282,1323.691,1325.151
2018-04-27 19:00:00,1325.1195,1325.1864999999998,1324.243,1324.2965
2018-04-27 19:15:00,1324.3,1324.58,1324.085,1324.1779999999999
2018-04-27 19:30:00,1324.195,1324.195,1323.687,1323.9750000000001
2018-04-27 19:45:00,1323.9865,1324.0110000000002,1323.056,1323.857
2018-04-27 20:00:00,1323.845,1323.9840000000002,1323.212,1323.3965
2018-04-27 20:15:00,1323.4015,1323.792,1323.3865,1323.5465000000002
2018-04-27 20:30:00,1323.546,1323.685,1323.231,1323.3115
2018-04-27 20:45:00,1323.317,1323.6270000000002,1322.8999999999999,1323.495
2018-04-29 22:00:00,1323.325,1326.26,1322.765,1323.095
2018-04-29 22:15:00,1323.095,1324.87,1323.075,1324.87
2018-04-29 22:30:00,1323.7269999999999,1323.7914999999998,1322.5215,1323.4460000000001
2018-04-29 22:45:00,1323.44,1323.4465,1322.8314999999998,1323.0565
2018-04-29 23:00:00,1323.056,1323.494,1322.8600000000001,1323.353
2018-04-29 23:15:00,1323.355,1323.494,1323.273,1323.274
2018-04-29 23:30:00,1323.2635,1323.8,1323.259,1323.6599999999999
2018-04-29 23:45:00,1323.6599999999999,1323.865,1323.345,1323.4065
2018-04-30 01:00:00,1324.475,1324.76,1323.713,1323.713
2018-04-30 01:15:00,1323.644,1324.5265,1323.5685,1324.385
2018-04-30 01:30:00,1324.38,1324.4859999999999,1323.6785000000002,1323.815
2018-04-30 01:45:00,1323.8145,1324.7340000000002,1323.7,1324.72
2018-04-30 02:00:00,1324.715,1324.945,1324.2235,1324.2935
2018-04-30 02:15:00,1324.3035,1324.319,1323.3235,1323.7549999999999
2018-04-30 02:30:00,1323.7445,1323.7504999999999,1322.1515,1322.736
2018-04-30 02:45:00,1322.8269999999998,1323.095,1321.877,1322.2715
2018-04-30 03:00:00,1322.265,1322.3735000000001,1321.4814999999999,1321.959
2018-04-30 03:15:00,1321.9585,1322.29,1321.7955,1322.1665000000003
2018-04-30 03:30:00,1322.167,1322.372,1321.545,1321.5765000000001
2018-04-30 03:45:00,1321.5335,1321.914,1321.2515,1321.2515
2018-04-30 04:00:00,1321.251,1321.6670000000001,1321.095,1321.5515
2018-04-30 04:15:00,1321.5665000000001,1321.752,1321.2350000000001,1321.3200000000002
2018-04-30 04:30:00,1321.3319999999999,1321.57,1321.1565,1321.365
2018-04-30 04:45:00,1321.3529999999998,1321.9395,1321.175,1321.714
2018-04-30 05:00:00,1321.7134999999998,1322.0189999999998,1321.4655,1321.58
2018-04-30 05:15:00,1321.595,1322.175,1321.495,1322.045
2018-04-30 05:30:00,1322.0565000000001,1322.174,1321.855,1322.1399999999999
2018-04-30 05:45:00,1322.1399999999999,1322.3855,1321.96,1321.96
2018-04-30 06:00:00,1321.8655,1321.8655,1318.8265000000001,1319.045
2018-04-30 06:15:00,1319.04,1319.4089999999999,1318.288,1319.195
2018-04-30 06:30:00,1319.2065,1319.2855,1317.994,1318.4585
2018-04-30 06:45:00,1318.469,1319.0535,1318.1535000000001,1318.6985
2018-04-30 07:00:00,1318.6935,1318.7935,1316.808,1317.465
2018-04-30 07:15:00,1317.444,1318.1480000000001,1317.1785,1317.705
2018-04-30 07:30:00,1317.6895,1318.287,1317.0784999999998,1317.62
2018-04-30 07:45:00,1317.5935,1317.94,1317.113,1317.8035000000002
2018-04-30 08:00:00,1317.7289999999998,1318.0295,1317.075,1317.6255
2018-04-30 08:15:00,1317.604,1318.075,1317.0390000000002,1317.9
2018-04-30 08:30:00,1317.898,1317.983,1317.385,1317.61
2018-04-30 08:45:00,1317.605,1317.7185,1316.505,1317.315
2018-04-30 09:00:00,1317.314,1317.4534999999998,1316.1680000000001,1317.3385
2018-04-30 09:15:00,1317.333,1317.4489999999998,1316.7735,1316.9589999999998
2018-04-30 09:30:00,1316.9685000000002,1317.1435,1315.9665,1316.9634999999998
2018-04-30 09:45:00,1316.9840000000002,1317.635,1316.888,1317.545
2018-04-30 10:00:00,1317.53,1317.53,1317.1085,1317.3745000000001
2018-04-30 10:15:00,1317.3645000000001,1317.645,1316.3535,1316.474
2018-04-30 10:30:00,1316.454,1316.588,1315.483,1316.2385
2018-04-30 10:45:00,1316.2635000000002,1316.8690000000001,1315.7585000000001,1316.644
2018-04-30 11:00:00,1316.6035000000002,1316.6070000000002,1314.3384999999998,1314.5634999999997
2018-04-30 11:15:00,1314.6215,1314.6470000000002,1313.7555,1314.3255
2018-04-30 11:30:00,1314.325,1314.325,1313.1485,1313.265
2018-04-30 11:45:00,1313.258,1314.0,1312.7649999999999,1313.8135
2018-04-30 12:00:00,1313.763,1314.2315,1312.496,1313.59
2018-04-30 12:15:00,1313.615,1313.7,1313.0569999999998,1313.5149999999999
2018-04-30 12:30:00,1313.4850000000001,1313.9195,1312.72,1313.4265
2018-04-30 12:45:00,1313.4215000000002,1314.97,1313.214,1314.0085
2018-04-30 13:00:00,1314.0049999999999,1314.189,1313.045,1313.095
2018-04-30 13:15:00,1313.105,1313.22,1311.1080000000002,1312.3719999999998
2018-04-30 13:30:00,1312.3014999999998,1312.5185,1311.125,1311.44
2018-04-30 13:45:00,1311.4285,1311.4465,1310.258,1310.9805
2018-04-30 14:00:00,1310.977,1316.7115,1310.9470000000001,1314.3985
2018-04-30 14:15:00,1314.414,1316.515,1313.898,1314.123
2018-04-30 14:30:00,1314.113,1314.57,1313.0600000000002,1314.118
2018-04-30 14:45:00,1314.1085,1314.2965,1312.6889999999999,1313.8784999999998
2018-04-30 15:00:00,1313.8795,1314.9215000000002,1312.9940000000001,1313.1734999999999
2018-04-30 15:15:00,1313.1834999999999,1313.9714999999999,1313.11,1313.5665
2018-04-30 15:30:00,1313.5565,1314.921,1313.5565,1314.3435
2018-04-30 15:45:00,1314.3445,1315.8570000000002,1314.0315,1315.3755
2018-04-30 16:00:00,1315.352,1317.63,1314.7559999999999,1316.5915
2018-04-30 16:15:00,1316.6215000000002,1317.7489999999998,1316.5235,1316.815
2018-04-30 16:30:00,1316.8135,1317.107,1316.4065,1316.62
2018-04-30 16:45:00,1316.6254999999999,1318.2234999999998,1316.2334999999998,1317.1395
2018-04-30 17:00:00,1317.14,1317.847,1316.0665,1317.4520000000002
2018-04-30 17:15:00,1317.46,1320.4640000000002,1317.46,1318.5535
2018-04-30 17:30:00,1318.605,1318.645,1317.291,1317.76
2018-04-30 17:45:00,1317.7610000000002,1318.5165000000002,1317.5665000000001,1317.954
2018-04-30 18:00:00,1317.9535,1318.53,1317.529,1318.105
2018-04-30 18:15:00,1318.0985,1318.4935,1317.7994999999999,1318.4930000000002
2018-04-30 18:30:00,1318.4985000000001,1319.3035,1318.285,1319.068
2018-04-30 18:45:00,1319.0035,1319.388,1318.144,1318.2269999999999
2018-04-30 19:00:00,1318.225,1318.7715,1318.115,1318.116
2018-04-30 19:15:00,1318.1165,1318.327,1317.0304999999998,1317.265
2018-04-30 19:30:00,1317.2485,1317.4534999999998,1316.4435,1316.6885
2018-04-30 19:45:00,1316.6634999999999,1316.71,1314.2949999999998,1314.585
2018-04-30 20:00:00,1314.6409999999998,1315.355,1314.5935,1314.9985000000001
2018-04-30 20:15:00,1314.998,1316.3195,1314.998,1316.283
2018-04-30 20:30:00,1316.2835,1316.3084999999999,1315.718,1315.813
2018-04-30 20:45:00,1315.818,1315.8335000000002,1315.021,1315.3
2018-04-30 22:00:00,1315.34,1316.365,1315.2250000000001,1315.7640000000001
2018-04-30 22:15:00,1315.7635,1316.06,1315.6634999999999,1315.9735
2018-04-30 22:30:00,1315.9789999999998,1316.3295,1315.9785,1316.2600000000002
2018-04-30 22:45:00,1316.169,1316.169,1315.8085,1315.97
2018-04-30 23:00:00,1315.965,1315.965,1315.75,1315.799
2018-04-30 23:15:00,1315.7985,1315.799,1315.5595,1315.5939999999998
2018-04-30 23:30:00,1315.5984999999998,1315.6085,1315.113,1315.5285
2018-04-30 23:45:00,1315.528,1315.7430000000002,1315.0295,1315.2105000000001
2018-05-01 01:00:00,1315.14,1315.2404999999999,1314.2344999999998,1314.3365
2018-05-01 01:15:00,1314.3360000000002,1314.3665,1313.363,1313.5515
2018-05-01 01:30:00,1313.55,1313.6744999999999,1312.86,1313.4934999999998
2018-05-01 01:45:00,1313.4930000000002,1313.4940000000001,1312.4485,1312.6934999999999
2018-05-01 02:00:00,1312.7085000000002,1313.1235,1312.5885,1313.1185
2018-05-01 02:15:00,1313.119,1313.119,1312.1095,1312.3380000000002
2018-05-01 02:30:00,1312.3049999999998,1313.1440000000002,1312.298,1313.0504999999998
2018-05-01 02:45:00,1313.045,1313.104,1312.7230000000002,1312.745
2018-05-01 03:00:00,1312.735,1312.94,1312.42,1312.573
2018-05-01 03:15:00,1312.588,1312.929,1312.445,1312.809
2018-05-01 03:30:00,1312.8035,1312.8999999999999,1312.6385,1312.6799999999998
2018-05-01 03:45:00,1312.6854999999998,1312.7030000000002,1312.3535,1312.435
2018-05-01 04:00:00,1312.4085,1312.5035,1312.039,1312.1305
2018-05-01 04:15:00,1312.1309999999999,1312.425,1312.1309999999999,1312.3129999999999
2018-05-01 04:30:00,1312.3180000000002,1312.468,1312.059,1312.2579999999998
2018-05-01 04:45:00,1312.2585000000001,1312.474,1312.1635,1312.359
2018-05-01 05:00:00,1312.349,1312.349,1311.5594999999998,1311.655
2018-05-01 05:15:00,1311.65,1311.7855,1311.4465,1311.7545
2018-05-01 05:30:00,1311.751,1312.0049999999999,1311.56,1311.5739999999998
2018-05-01 05:45:00,1311.5735,1312.192,1311.365,1312.1915
2018-05-01 06:00:00,1312.18,1312.785,1311.7855,1312.4785
2018-05-01 06:15:00,1312.4835,1312.484,1310.845,1311.056
2018-05-01 06:30:00,1311.045,1311.352,1310.6985,1310.7185000000002
2018-05-01 06:45:00,1310.7185000000002,1311.253,1310.4089999999999,1311.25
2018-05-01 07:00:00,1311.249,1311.4435,1310.7279999999998,1310.8585
2018-05-01 07:15:00,1310.858,1311.7335,1310.6945,1310.9335
2018-05-01 07:30:00,1310.9245,1311.4735,1310.633,1311.1415000000002
2018-05-01 07:45:00,1311.1409999999998,1311.2935,1310.678,1310.7549999999999
2018-05-01 08:00:00,1310.7545,1311.183,1309.268,1309.544
2018-05-01 08:15:00,1309.5385,1310.0190000000002,1309.0835,1310.0185
2018-05-01 08:30:00,1309.9585000000002,1309.9585000000002,1308.893,1309.2614999999998
2018-05-01 08:45:00,1309.262,1309.5729999999999,1308.578,1308.915
2018-05-01 09:00:00,1308.9185,1308.92,1307.8885,1308.619
2018-05-01 09:15:00,1308.629,1309.395,1308.4134999999999,1309.2179999999998
2018-05-01 09:30:00,1309.2185,1309.4955,1308.6495,1309.3335
2018-05-01 09:45:00,1309.3229999999999,1310.1205,1308.9885,1309.595
2018-05-01 10:00:00,1309.6035000000002,1309.6845,1308.73,1309.3265
2018-05-01 10:15:00,1309.327,1309.431,1308.798,1308.944
2018-05-01 10:30:00,1308.943,1308.9740000000002,1308.219,1308.4085
2018-05-01 10:45:00,1308.408,1308.574,1307.833,1308.5135
2018-05-01 11:00:00,1308.4645,1308.935,1307.785,1308.168
2018-05-01 11:15:00,1308.158,1308.7440000000001,1307.734,1308.5435
2018-05-01 11:30:00,1308.5439999999999,1308.7579999999998,1307.9384999999997,1307.959
2018-05-01 11:45:00,1307.9640000000002,1308.549,1307.6280000000002,1308.499
2018-05-01 12:00:00,1308.5085,1308.63,1307.0655,1307.6689999999999
2018-05-01 12:15:00,1307.6640000000002,1309.0885,1306.7985,1308.875
2018-05-01 12:30:00,1308.8535,1310.3660000000002,1308.688,1309.475
2018-05-01 12:45:00,1309.465,1309.515,1307.84,1308.1035
2018-05-01 13:00:00,1308.0935,1309.1245000000001,1307.809,1308.0285
2018-05-01 13:15:00,1308.028,1308.4064999999998,1307.0985,1307.0985
2018-05-01 13:30:00,1307.1095,1307.5035,1305.8185,1306.4135
2018-05-01 13:45:00,1306.4129999999998,1307.008,1305.5695,1305.807
2018-05-01 14:00:00,1305.8065,1307.721,1304.2830000000001,1304.35
2018-05-01 14:15:00,1304.345,1305.9735,1303.8084999999999,1305.57
2018-05-01 14:30:00,1305.525,1305.6699999999998,1302.5394999999999,1302.5394999999999
2018-05-01 14:45:00,1302.585,1303.3805000000002,1301.7835000000002,1303.189
2018-05-01 15:00:00,1303.2235,1304.1715,1302.3835,1304.05
2018-05-01 15:15:00,1304.05,1305.339,1303.9350000000002,1304.7885
2018-05-01 15:30:00,1304.7830000000001,1305.7335,1304.386,1305.1915000000001
2018-05-01 15:45:00,1305.1960000000001,1306.7245,1305.0414999999998,1306.0279999999998
2018-05-01 16:00:00,1306.0185000000001,1307.0845,1305.7265000000002,1306.206
2018-05-01 16:15:00,1306.2555,1307.547,1305.7235,1306.6705000000002
2018-05-01 16:30:00,1306.672,1307.414,1306.4470000000001,1307.118
2018-05-01 16:45:00,1307.115,1308.0140000000001,1306.742,1307.148
2018-05-01 17:00:00,1307.16,1307.3955,1306.57,1306.6685
2018-05-01 17:15:00,1306.668,1306.969,1305.8635,1306.298
2018-05-01 17:30:00,1306.294,1306.49,1305.436,1305.7805
2018-05-01 17:45:00,1305.7755,1306.771,1305.7490000000003,1306.1655
2018-05-01 18:00:00,1306.167,1306.7,1306.0700000000002,1306.305
2018-05-01 18:15:00,1306.288,1306.5545,1305.7955,1306.215
2018-05-01 18:30:00,1306.21,1307.4505,1306.1335,1306.8035
2018-05-01 18:45:00,1306.794,1307.084,1306.2235,1306.2435
2018-05-01 19:00:00,1306.2235,1306.8349999999998,1305.7285,1305.865
2018-05-01 19:15:00,1305.8645000000001,1306.1734999999999,1305.5885,1305.9415
2018-05-01 19:30:00,1305.9595,1306.1585,1305.2340000000002,1305.2365
2018-05-01 19:45:00,1305.237,1305.3519999999999,1304.8065000000001,1305.084
2018-05-01 20:00:00,1305.0785,1305.17,1304.0935000000002,1304.4509999999998
2018-05-01 20:15:00,1304.4765,1304.9735,1304.4765,1304.8629999999998
2018-05-01 20:30:00,1304.8085,1304.833,1304.0330000000001,1304.0335
2018-05-01 20:45:00,1304.0430000000001,1304.259,1303.8435,1304.0
2018-05-01 22:00:00,1304.1100000000001,1304.8649999999998,1304.05,1304.575
2018-05-01 22:15:00,1304.5735,1305.179,1304.5735,1305.024
2018-05-01 22:30:00,1305.0235,1305.632,1305.019,1305.393
2018-05-01 22:45:00,1305.4685,1305.5935,1304.8,1304.8
2018-05-01 23:00:00,1304.8,1305.2939999999999,1304.6035,1305.2135
2018-05-01 23:15:00,1305.2710000000002,1305.914,1304.9835,1305.914
2018-05-01 23:30:00,1305.9089999999999,1306.0189999999998,1305.3799999999999,1305.7185
2018-05-01 23:45:00,1305.7134999999998,1305.73,1305.1929999999998,1305.6419999999998
2018-05-02 01:00:00,1306.4399999999998,1307.8335,1306.3385,1307.495
2018-05-02 01:15:00,1307.4950000000001,1308.1565,1306.705,1307.996
2018-05-02 01:30:00,1308.046,1308.545,1307.6715,1307.712
2018-05-02 01:45:00,1307.7115,1309.7215,1307.556,1309.415
2018-05-02 02:00:00,1309.4134999999999,1310.0214999999998,1309.1899999999998,1309.7065
2018-05-02 02:15:00,1309.7195,1310.2885,1309.444,1309.9485000000002
2018-05-02 02:30:00,1309.8994999999998,1310.0584999999999,1309.2189999999998,1309.535
2018-05-02 02:45:00,1309.5334999999998,1309.6464999999998,1309.1965,1309.5535
2018-05-02 03:00:00,1309.5649999999998,1310.1665,1309.5469999999998,1309.7765
2018-05-02 03:15:00,1309.776,1310.4685,1309.776,1310.109
2018-05-02 03:30:00,1310.1335,1311.4850000000001,1309.9740000000002,1311.3944999999999
2018-05-02 03:45:00,1311.4045,1311.985,1310.626,1310.9199999999998
2018-05-02 04:00:00,1310.9095,1310.962,1310.5815,1310.7749999999999
2018-05-02 04:15:00,1310.7749999999999,1310.791,1310.2885,1310.3735000000001
2018-05-02 04:30:00,1310.384,1310.7665000000002,1310.17,1310.4245
2018-05-02 04:45:00,1310.4385,1310.44,1310.1515,1310.275
2018-05-02 05:00:00,1310.2695,1310.2695,1308.963,1308.9945
2018-05-02 05:15:00,1308.9885,1309.2455,1308.7315,1309.022
2018-05-02 05:30:00,1309.02,1309.441,1308.7849999999999,1309.1950000000002
2018-05-02 05:45:00,1309.1940000000002,1309.5815,1308.554,1308.7430000000002
2018-05-02 06:00:00,1308.7435,1308.7435,1307.75,1307.855
2018-05-02 06:15:00,1307.8715,1309.9385,1307.8435,1309.9180000000001
2018-05-02 06:30:00,1309.8935000000001,1310.6635,1309.398,1310.2815
2018-05-02 06:45:00,1310.287,1310.3435000000002,1309.21,1309.8755
2018-05-02 07:00:00,1309.8655,1310.245,1309.0065,1309.8635000000002
2018-05-02 07:15:00,1309.82,1311.697,1309.682,1311.425
2018-05-02 07:30:00,1311.431,1311.5335,1310.3515000000002,1310.4665
2018-05-02 07:45:00,1310.4645,1310.955,1309.8635,1309.9985
2018-05-02 08:00:00,1310.0004999999999,1310.47,1309.7805,1310.0535
2018-05-02 08:15:00,1310.05,1310.165,1308.7885,1309.285
2018-05-02 08:30:00,1309.367,1309.909,1309.2749999999999,1309.78
2018-05-02 08:45:00,1309.805,1310.157,1309.3,1310.1365
2018-05-02 09:00:00,1310.1415,1310.152,1309.358,1309.6734999999999
2018-05-02 09:15:00,1309.6785,1310.57,1309.575,1310.398
2018-05-02 09:30:00,1310.3985,1311.276,1310.1255,1311.0679999999998
2018-05-02 09:45:00,1311.0635,1311.365,1310.597,1310.597
2018-05-02 10:00:00,1310.592,1311.05,1310.4479999999999,1311.002
2018-05-02 10:15:00,1311.0015,1311.0015,1310.3885,1310.4885
2018-05-02 10:30:00,1310.4885,1310.594,1309.751,1310.1795
2018-05-02 10:45:00,1310.2095,1310.452,1309.82,1310.0004999999999
2018-05-02 11:00:00,1310.0010000000002,1310.497,1309.8135,1309.933
2018-05-02 11:15:00,1309.9254999999998,1310.5145,1309.825,1309.905
2018-05-02 11:30:00,1309.9245,1310.125,1309.095,1309.518
2018-05-02 11:45:00,1309.5420000000001,1309.6250000000002,1308.975,1309.4335
2018-05-02 12:00:00,1309.433,1309.6115000000002,1309.0285,1309.3799999999999
2018-05-02 12:15:00,1309.375,1310.7749999999999,1308.12,1308.6435
2018-05-02 12:30:00,1308.6535000000001,1309.365,1308.0235,1308.845
2018-05-02 12:45:00,1308.915,1309.2939999999999,1308.188,1309.07
2018-05-02 13:00:00,1309.065,1309.5315,1307.8980000000001,1308.2535
2018-05-02 13:15:00,1308.253,1308.3584999999998,1306.4299999999998,1307.095
2018-05-02 13:30:00,1307.09,1307.2745000000002,1305.3184999999999,1305.5040000000001
2018-05-02 13:45:00,1305.5035,1305.75,1304.2285,1305.145
2018-05-02 14:00:00,1305.1345000000001,1305.5,1304.149,1305.4650000000001
2018-05-02 14:15:00,1305.4545,1306.152,1305.05,1305.865
2018-05-02 14:30:00,1305.8500000000001,1305.894,1304.3785,1304.899
2018-05-02 14:45:00,1304.8890000000001,1306.1599999999999,1304.4934999999998,1306.0600000000002
2018-05-02 15:00:00,1306.107,1307.2369999999999,1305.9465,1306.559
2018-05-02 15:15:00,1306.5339999999999,1306.9535,1306.324,1306.396
2018-05-02 15:30:00,1306.4095,1307.3205,1306.2015,1306.578
2018-05-02 15:45:00,1306.5149999999999,1307.098,1306.4129999999998,1306.8085
2018-05-02 16:00:00,1306.878,1307.3135,1305.47,1305.7565
2018-05-02 16:15:00,1305.7314999999999,1305.962,1305.2804999999998,1305.41
2018-05-02 16:30:00,1305.4105,1305.6390000000001,1305.0915,1305.358
2018-05-02 16:45:00,1305.3585,1305.8335,1305.108,1305.3435
2018-05-02 17:00:00,1305.344,1305.47,1304.429,1304.765
2018-05-02 17:15:00,1304.7585000000001,1305.1839999999997,1304.419,1305.0339999999999
2018-05-02 17:30:00,1305.06,1306.182,1305.024,1305.6155
2018-05-02 17:45:00,1305.625,1306.4029999999998,1305.5285,1306.0600000000002
2018-05-02 18:00:00,1306.125,1313.501,1305.465,1312.7915
2018-05-02 18:15:00,1312.825,1313.4665,1311.622,1312.5185
2018-05-02 18:30:00,1312.52,1313.2350000000001,1310.8995,1312.212
2018-05-02 18:45:00,1312.2215,1312.539,1309.3365,1309.547
2018-05-02 19:00:00,1309.5510000000002,1309.6515,1307.117,1308.769
2018-05-02 19:15:00,1308.7579999999998,1309.018,1305.9815,1306.188
2018-05-02 19:30:00,1306.1715,1306.5115,1304.105,1305.02
2018-05-02 19:45:00,1305.02,1305.125,1303.953,1304.628
2018-05-02 20:00:00,1304.6235,1305.6155,1304.3195,1305.5935
2018-05-02 20:15:00,1305.593,1305.593,1304.7985,1304.884
2018-05-02 20:30:00,1304.8935000000001,1304.8935000000001,1304.275,1304.2785
2018-05-02 20:45:00,1304.279,1305.15,1304.2435,1305.15
2018-05-02 22:00:00,1304.66,1306.3135,1304.65,1306.273
2018-05-02 22:15:00,1306.288,1306.3700000000001,1306.17,1306.205
2018-05-02 22:30:00,1306.1970000000001,1306.2865,1305.778,1305.916
2018-05-02 22:45:00,1305.9044999999999,1306.2469999999998,1305.835,1306.165
2018-05-02 23:00:00,1306.165,1306.5515,1306.155,1306.4389999999999
2018-05-02 23:15:00,1306.434,1306.444,1306.21,1306.2135
2018-05-02 23:30:00,1306.223,1306.4389999999999,1305.5285,1306.0780000000002
2018-05-02 23:45:00,1306.0680000000002,1306.0790000000002,1305.7485,1305.97
2018-05-03 01:00:00,1308.4534999999998,1308.7250000000001,1307.418,1307.8039999999999
2018-05-03 01:15:00,1307.8065,1309.145,1307.704,1309.0965
2018-05-03 01:30:00,1309.102,1310.16,1308.9814999999999,1309.9440000000002
2018-05-03 01:45:00,1309.9685000000002,1310.5745,1309.5165,1309.615
2018-05-03 02:00:00,1309.6315,1309.985,1309.2044999999998,1309.5765000000001
2018-05-03 02:15:00,1309.5805,1309.69,1309.1699999999998,1309.175
2018-05-03 02:30:00,1309.1815000000001,1309.2715,1308.2565,1308.5745
2018-05-03 02:45:00,1308.576,1309.081,1308.3645000000001,1308.84
2018-05-03 03:00:00,1308.8335000000002,1309.489,1308.6995000000002,1309.2949999999998
2018-05-03 03:15:00,1309.3585,1309.6350000000002,1309.22,1309.5639999999999
2018-05-03 03:30:00,1309.5604999999998,1309.6019999999999,1308.925,1309.01
2018-05-03 03:45:00,1308.9985,1309.0149999999999,1308.6109999999999,1308.73
2018-05-03 04:00:00,1308.7350000000001,1309.0265,1308.61,1308.61
2018-05-03 04:15:00,1308.6115,1309.261,1308.6085,1309.2514999999999
2018-05-03 04:30:00,1309.251,1309.535,1309.0635,1309.44
2018-05-03 04:45:00,1309.4185,1309.7435,1309.325,1309.6235
2018-05-03 05:00:00,1309.5690000000002,1309.635,1309.1654999999998,1309.344
2018-05-03 05:15:00,1309.335,1309.3485,1308.924,1309.3385
2018-05-03 05:30:00,1309.345,1309.92,1309.275,1309.8235
2018-05-03 05:45:00,1309.823,1310.2405,1309.43,1309.43
2018-05-03 06:00:00,1309.4245,1309.4245,1308.471,1308.5315
2018-05-03 06:15:00,1308.545,1310.508,1308.23,1310.05
2018-05-03 06:30:00,1310.043,1310.1985,1309.5485,1309.5485
2018-05-03 06:45:00,1309.5485,1309.9395000000002,1308.6015,1309.105
2018-05-03 07:00:00,1309.0465,1309.0465,1306.58,1306.98
2018-05-03 07:15:00,1306.97,1309.0735,1306.96,1308.6065
2018-05-03 07:30:00,1308.6195,1310.1,1308.4689999999998,1310.0249999999999
2018-05-03 07:45:00,1310.0384999999999,1310.1245000000001,1309.2414999999999,1309.3395
2018-05-03 08:00:00,1309.3365000000001,1309.65,1308.44,1308.6580000000001
2018-05-03 08:15:00,1308.6760000000002,1309.89,1308.665,1309.5800000000002
2018-05-03 08:30:00,1309.548,1311.1879999999999,1308.918,1310.8135
2018-05-03 08:45:00,1310.8184999999999,1311.224,1310.3494999999998,1310.3719999999998
2018-05-03 09:00:00,1310.3564999999999,1310.878,1309.7365,1310.6570000000002
2018-05-03 09:15:00,1310.65,1313.194,1310.6380000000001,1312.74
2018-05-03 09:30:00,1312.78,1313.35,1312.111,1312.2255
2018-05-03 09:45:00,1312.227,1312.6155,1311.7385,1312.42
2018-05-03 10:00:00,1312.425,1313.3235,1311.795,1311.9264999999998
2018-05-03 10:15:00,1311.9215000000002,1312.4115,1311.5265000000002,1311.615
2018-05-03 10:30:00,1311.6035,1312.17,1311.5394999999999,1312.015
2018-05-03 10:45:00,1311.985,1312.4015,1311.51,1311.75
2018-05-03 11:00:00,1311.7385,1312.1100000000001,1311.4055,1312.03
2018-05-03 11:15:00,1312.023,1312.1444999999999,1311.419,1311.5259999999998
2018-05-03 11:30:00,1311.605,1313.2214999999999,1311.5494999999999,1312.8700000000001
2018-05-03 11:45:00,1312.875,1318.1509999999998,1312.2710000000002,1317.7820000000002
2018-05-03 12:00:00,1317.7720000000002,1318.1850000000002,1316.075,1316.595
2018-05-03 12:15:00,1316.5884999999998,1316.83,1315.6945,1315.996
2018-05-03 12:30:00,1316.045,1317.33,1315.2740000000001,1315.8564999999999
2018-05-03 12:45:00,1315.841,1315.9755,1314.7245,1315.5885
2018-05-03 13:00:00,1315.637,1315.715,1313.9714999999999,1314.371
2018-05-03 13:15:00,1314.381,1315.4115000000002,1314.046,1315.4109999999998
2018-05-03 13:30:00,1315.4605,1315.69,1313.404,1315.09
2018-05-03 13:45:00,1314.996,1315.93,1314.585,1315.125
2018-05-03 14:00:00,1315.1265,1316.437,1314.28,1315.1115
2018-05-03 14:15:00,1315.1035,1315.185,1312.528,1313.1419999999998
2018-05-03 14:30:00,1313.1364999999998,1313.723,1312.6455,1313.5840000000003
2018-05-03 14:45:00,1313.59,1313.733,1312.855,1313.4930000000002
2018-05-03 15:00:00,1313.5,1314.32,1313.0700000000002,1313.8564999999999
2018-05-03 15:15:00,1313.851,1314.071,1313.2685,1313.956
2018-05-03 15:30:00,1313.9565,1314.4465,1313.7195,1314.19
2018-05-03 15:45:00,1314.1860000000001,1314.6699999999998,1312.7965,1313.975
2018-05-03 16:00:00,1313.946,1313.9865,1312.45,1312.6584999999998
2018-05-03 16:15:00,1312.6799999999998,1313.661,1312.6145000000001,1313.355
2018-05-03 16:30:00,1313.365,1313.8815000000002,1312.5045,1312.763
2018-05-03 16:45:00,1312.7635000000002,1313.273,1311.773,1312.6470000000002
2018-05-03 17:00:00,1312.64,1312.7009999999998,1310.822,1311.3215
2018-05-03 17:15:00,1311.401,1312.4585,1311.0235,1312.4585
2018-05-03 17:30:00,1312.454,1313.7465,1312.2135,1313.48
2018-05-03 17:45:00,1313.4820000000002,1313.687,1313.1979999999999,1313.415
2018-05-03 18:00:00,1313.4779999999998,1314.6750000000002,1313.298,1314.58
2018-05-03 18:15:00,1314.5969999999998,1315.03,1314.2309999999998,1314.6200000000001
2018-05-03 18:30:00,1314.6865,1315.1115,1314.3235,1314.7385
2018-05-03 18:45:00,1314.7200000000003,1314.7549999999999,1313.866,1313.9669999999999
2018-05-03 19:00:00,1313.971,1314.212,1313.5815,1314.1915000000001
2018-05-03 19:15:00,1314.1765,1314.1970000000001,1313.685,1313.6885
2018-05-03 19:30:00,1313.6985,1313.7069999999999,1312.8715,1312.8715
2018-05-03 19:45:00,1312.872,1313.0414999999998,1311.293,1311.3
2018-05-03 20:00:00,1311.3055,1311.9885,1311.3055,1311.606
2018-05-03 20:15:00,1311.6064999999999,1312.4185,1311.533,1312.4185
2018-05-03 20:30:00,1312.418,1312.53,1312.171,1312.2295
2018-05-03 20:45:00,1312.215,1312.5585,1312.0115,1312.15
2018-05-03 22:00:00,1312.16,1313.0935000000002,1312.12,1313.0700000000002
2018-05-03 22:15:00,1313.0700000000002,1313.1934999999999,1312.829,1312.9785
2018-05-03 22:30:00,1312.978,1313.1699999999998,1312.8785,1313.0784999999998
2018-05-03 22:45:00,1313.078,1313.174,1312.77,1312.77
2018-05-03 23:00:00,1312.785,1312.905,1312.465,1312.7665
2018-05-03 23:15:00,1312.767,1313.275,1312.57,1313.2735
2018-05-03 23:30:00,1313.285,1313.699,1312.7230000000002,1312.7434999999998
2018-05-03 23:45:00,1312.759,1313.1934999999999,1312.759,1312.9135
2018-05-04 01:00:00,1312.195,1312.2869999999998,1311.798,1311.8035
2018-05-04 01:15:00,1311.814,1313.411,1311.799,1313.19
2018-05-04 01:30:00,1313.185,1313.2915,1312.6185,1312.79
2018-05-04 01:45:00,1312.805,1314.1390000000001,1312.785,1313.823
2018-05-04 02:00:00,1313.8235,1314.22,1313.529,1313.72
2018-05-04 02:15:00,1313.759,1314.469,1313.594,1314.11
2018-05-04 02:30:00,1314.1335000000001,1314.45,1313.683,1313.683
2018-05-04 02:45:00,1313.693,1313.983,1313.378,1313.689
2018-05-04 03:00:00,1313.704,1313.79,1313.194,1313.5935
2018-05-04 03:15:00,1313.5929999999998,1314.395,1313.588,1314.1595
2018-05-04 03:30:00,1314.1645,1314.18,1313.6035,1313.794
2018-05-04 03:45:00,1313.805,1313.9434999999999,1313.5335000000002,1313.5985
2018-05-04 04:00:00,1313.5929999999998,1313.875,1313.453,1313.7285
2018-05-04 04:15:00,1313.728,1313.795,1313.413,1313.4165
2018-05-04 04:30:00,1313.4170000000001,1313.617,1313.299,1313.321
2018-05-04 04:45:00,1313.315,1313.42,1312.7435,1312.8265
2018-05-04 05:00:00,1312.827,1312.948,1312.4315,1312.8229999999999
2018-05-04 05:15:00,1312.8135,1313.139,1312.793,1313.1035000000002
2018-05-04 05:30:00,1313.11,1313.7865,1313.0665000000001,1313.251
2018-05-04 05:45:00,1313.2495,1313.34,1312.836,1312.935
2018-05-04 06:00:00,1312.9365,1312.9365,1311.3335,1311.3335
2018-05-04 06:15:00,1311.3300000000002,1312.355,1311.2385,1312.3435
2018-05-04 06:30:00,1312.3335000000002,1312.6214999999997,1311.8115,1312.2095
2018-05-04 06:45:00,1312.23,1312.5065,1311.2200000000003,1311.3315
2018-05-04 07:00:00,1311.3795,1311.3795,1309.804,1310.195
2018-05-04 07:15:00,1310.1850000000002,1311.415,1309.99,1310.867
2018-05-04 07:30:00,1310.8665,1310.867,1309.4935,1310.465
2018-05-04 07:45:00,1310.471,1311.304,1309.826,1310.3165000000001
2018-05-04 08:00:00,1310.3245000000002,1311.25,1310.118,1310.135
2018-05-04 08:15:00,1310.1335,1310.2920000000001,1309.234,1309.3235
2018-05-04 08:30:00,1309.3185,1309.806,1309.2185,1309.5240000000001
2018-05-04 08:45:00,1309.5234999999998,1309.6145,1308.7910000000002,1308.8715
2018-05-04 09:00:00,1308.866,1309.778,1308.6915000000001,1309.73
2018-05-04 09:15:00,1309.735,1309.7495,1309.03,1309.297
2018-05-04 09:30:00,1309.295,1309.4315,1308.89,1309.1535000000001
2018-05-04 09:45:00,1309.0715,1309.487,1308.901,1309.3865
2018-05-04 10:00:00,1309.3805,1309.687,1309.2865,1309.3735
2018-05-04 10:15:00,1309.385,1310.1885,1309.368,1310.08
2018-05-04 10:30:00,1310.1345,1310.549,1309.8690000000001,1310.46
2018-05-04 10:45:00,1310.455,1310.97,1310.16,1310.947
2018-05-04 11:00:00,1310.875,1310.9395,1310.275,1310.645
2018-05-04 11:15:00,1310.6505,1310.85,1310.153,1310.3590000000002
2018-05-04 11:30:00,1310.3584999999998,1311.97,1310.3584999999998,1311.542
2018-05-04 11:45:00,1311.557,1312.0465,1311.41,1311.4460000000001
2018-05-04 12:00:00,1311.435,1311.5915,1310.6380000000001,1310.845
2018-05-04 12:15:00,1310.907,1310.935,1309.683,1310.4099999999999
2018-05-04 12:30:00,1310.52,1315.5665,1310.52,1314.11
2018-05-04 12:45:00,1314.115,1314.539,1312.6200000000001,1313.335
2018-05-04 13:00:00,1313.38,1313.4419999999998,1309.2445,1311.3915
2018-05-04 13:15:00,1311.3815,1311.3815,1308.0404999999998,1309.3085
2018-05-04 13:30:00,1309.318,1310.7530000000002,1308.3999999999999,1309.13
2018-05-04 13:45:00,1309.125,1310.7065,1309.1000000000001,1309.9965000000002
2018-05-04 14:00:00,1309.9969999999998,1312.047,1309.696,1311.3754999999999
2018-05-04 14:15:00,1311.375,1311.995,1310.7199999999998,1311.0415
2018-05-04 14:30:00,1311.0615,1313.6644999999999,1311.0415,1312.835
2018-05-04 14:45:00,1312.8445,1313.145,1310.7209999999998,1311.3415
2018-05-04 15:00:00,1311.347,1311.5449999999998,1310.498,1310.91
2018-05-04 15:15:00,1310.9334999999999,1311.1744999999999,1309.9544999999998,1310.4315
2018-05-04 15:30:00,1310.435,1311.015,1309.9479999999999,1310.5995
2018-05-04 15:45:00,1310.61,1311.9185,1310.61,1311.5655
2018-05-04 16:00:00,1311.5604999999998,1311.6795,1310.6585,1311.65
2018-05-04 16:15:00,1311.6495,1313.1515,1311.44,1312.2865000000002
2018-05-04 16:30:00,1312.2165,1312.4955,1311.2865,1312.49
2018-05-04 16:45:00,1312.5004999999999,1313.8339999999998,1312.5,1313.4
2018-05-04 17:00:00,1313.4,1314.0485,1313.115,1313.5915
2018-05-04 17:15:00,1313.5964999999999,1314.5415,1313.025,1314.2445
2018-05-04 17:30:00,1314.2845000000002,1314.564,1313.565,1313.7165
2018-05-04 17:45:00,1313.715,1314.466,1313.6799999999998,1314.047
2018-05-04 18:00:00,1314.056,1314.477,1313.666,1314.477
2018-05-04 18:15:00,1314.4815,1315.105,1314.2769999999998,1314.73
2018-05-04 18:30:00,1314.6650000000002,1314.87,1314.09,1314.2185
2018-05-04 18:45:00,1314.1965,1314.929,1314.1965,1314.6999999999998
2018-05-04 19:00:00,1314.6165,1314.6895,1314.0955,1314.2865000000002
2018-05-04 19:15:00,1314.2869999999998,1314.392,1313.6845,1313.866
2018-05-04 19:30:00,1313.8645000000001,1314.385,1313.79,1314.171
2018-05-04 19:45:00,1314.1715000000002,1314.6955,1313.9914999999999,1314.041
2018-05-04 20:00:00,1314.0315,1314.6699999999998,1314.002,1314.6599999999999
2018-05-04 20:15:00,1314.6650000000002,1315.0500000000002,1314.6650000000002,1314.777
2018-05-04 20:30:00,1314.7655,1315.0915000000002,1314.757,1315.0819999999999
2018-05-04 20:45:00,1315.0815000000002,1315.241,1314.73,1315.0449999999998
2018-05-06 22:00:00,1315.23,1315.3500000000001,1314.6695,1315.1499999999999
2018-05-06 22:15:00,1315.12,1315.4254999999998,1315.0449999999998,1315.2755
2018-05-06 22:30:00,1315.1895,1315.2455,1314.7404999999999,1314.8415
2018-05-06 22:45:00,1314.845,1315.1505,1314.7845,1314.94
2018-05-06 23:00:00,1314.96,1315.3649999999998,1314.7165,1314.7214999999999
2018-05-06 23:15:00,1314.721,1314.9915,1314.575,1314.9115
2018-05-06 23:30:00,1314.912,1314.9415000000001,1314.506,1314.837
2018-05-06 23:45:00,1314.7465,1314.8365000000001,1314.3415,1314.785
2018-05-07 01:00:00,1317.6465,1318.994,1317.1744999999999,1318.8685
2018-05-07 01:15:00,1318.9060000000002,1318.9959999999999,1318.275,1318.589
2018-05-07 01:30:00,1318.59,1318.877,1317.8564999999999,1318.1899999999998
2018-05-07 01:45:00,1318.1909999999998,1318.1915,1317.3265000000001,1317.495
2018-05-07 02:00:00,1317.5,1317.877,1317.041,1317.75
2018-05-07 02:15:00,1317.7450000000001,1318.5185000000001,1317.6435000000001,1318.275
2018-05-07 02:30:00,1318.272,1318.275,1317.955,1318.1599999999999
2018-05-07 02:45:00,1318.075,1318.1885000000002,1317.7585000000001,1318.1715000000002
2018-05-07 03:00:00,1318.1815000000001,1318.5665,1317.7164999999998,1318.0890000000002
2018-05-07 03:15:00,1318.1100000000001,1318.115,1317.7345,1318.0015
2018-05-07 03:30:00,1317.992,1318.497,1317.8765,1318.2759999999998
2018-05-07 03:45:00,1318.286,1318.312,1317.4915,1317.535
2018-05-07 04:00:00,1317.52,1317.6195,1316.9644999999998,1317.462
2018-05-07 04:15:00,1317.447,1317.5415,1316.6360000000002,1316.7565
2018-05-07 04:30:00,1316.75,1317.0645,1316.5845000000002,1316.5949999999998
2018-05-07 04:45:00,1316.5890000000002,1316.842,1316.0585,1316.16
2018-05-07 05:00:00,1316.165,1316.29,1315.4399999999998,1315.6715
2018-05-07 05:15:00,1315.672,1315.77,1314.337,1314.6419999999998
2018-05-07 05:30:00,1314.6415000000002,1314.68,1313.609,1314.635
2018-05-07 05:45:00,1314.6354999999999,1315.077,1314.5705,1314.961
2018-05-07 06:00:00,1314.9650000000001,1314.9650000000001,1311.865,1312.943
2018-05-07 06:15:00,1312.9385,1313.8735000000001,1312.814,1313.448
2018-05-07 06:30:00,1313.4485000000002,1313.547,1312.9295000000002,1313.2455
2018-05-07 06:45:00,1313.239,1313.95,1313.0030000000002,1313.535
2018-05-07 07:00:00,1313.5729999999999,1313.645,1312.12,1312.468
2018-05-07 07:15:00,1312.4685,1312.8165,1312.3020000000001,1312.6165
2018-05-07 07:30:00,1312.616,1313.4440000000002,1312.2865000000002,1313.138
2018-05-07 07:45:00,1313.1335,1313.3395,1312.4435,1313.2735
2018-05-07 08:00:00,1313.273,1313.273,1312.298,1312.92
2018-05-07 08:15:00,1312.92,1313.015,1312.013,1312.6645
2018-05-07 08:30:00,1312.6745,1314.057,1312.45,1313.8654999999999
2018-05-07 08:45:00,1313.8899999999999,1314.274,1313.1935,1313.657
2018-05-07 09:00:00,1313.6615,1314.065,1313.1435,1313.665
2018-05-07 09:15:00,1313.6599999999999,1313.845,1313.18,1313.4605000000001
2018-05-07 09:30:00,1313.46,1313.736,1313.233,1313.366
2018-05-07 09:45:00,1313.4345,1313.7655,1313.215,1313.736
2018-05-07 10:00:00,1313.7365,1314.9830000000002,1313.4409999999998,1314.803
2018-05-07 10:15:00,1314.8035,1314.9555,1313.8085,1314.03
2018-05-07 10:30:00,1313.961,1314.126,1313.4715,1313.735
2018-05-07 10:45:00,1313.7465,1313.842,1312.855,1312.948
2018-05-07 11:00:00,1312.9385,1313.2555,1312.405,1312.8535
2018-05-07 11:15:00,1312.854,1313.304,1312.673,1313.205
2018-05-07 11:30:00,1313.1945,1313.2450000000001,1311.914,1311.9785
2018-05-07 11:45:00,1312.065,1312.065,1310.94,1311.0365
2018-05-07 12:00:00,1311.037,1311.3235,1310.2930000000001,1310.8185
2018-05-07 12:15:00,1310.8035,1312.7815,1310.4095000000002,1312.1655
2018-05-07 12:30:00,1312.1705,1313.765,1312.134,1313.555
2018-05-07 12:45:00,1313.56,1313.965,1313.078,1313.1535
2018-05-07 13:00:00,1313.163,1314.186,1312.948,1313.1209999999999
2018-05-07 13:15:00,1313.1515,1313.5214999999998,1312.105,1313.4160000000002
2018-05-07 13:30:00,1313.4165,1313.4165,1311.8365000000001,1312.5865000000001
2018-05-07 13:45:00,1312.587,1312.587,1311.425,1312.1215
2018-05-07 14:00:00,1312.055,1313.7365,1312.0295,1313.1364999999998
2018-05-07 14:15:00,1313.202,1314.392,1313.0434999999998,1313.7035
2018-05-07 14:30:00,1313.745,1313.955,1313.276,1313.6915
2018-05-07 14:45:00,1313.692,1315.1164999999999,1312.8899999999999,1313.645
2018-05-07 15:00:00,1313.648,1315.695,1313.4965000000002,1315.1515
2018-05-07 15:15:00,1315.1715,1315.4765000000002,1314.365,1314.8965
2018-05-07 15:30:00,1314.916,1315.3970000000002,1313.7015,1313.7415
2018-05-07 15:45:00,1313.746,1314.1950000000002,1313.746,1313.975
2018-05-07 16:00:00,1314.031,1314.42,1313.5835,1313.5935
2018-05-07 16:15:00,1313.693,1314.082,1313.0684999999999,1313.9465
2018-05-07 16:30:00,1313.946,1314.479,1313.4715,1314.25
2018-05-07 16:45:00,1314.2479999999998,1314.2565000000002,1313.6435,1313.9209999999998
2018-05-07 17:00:00,1313.93,1314.0465,1313.215,1313.55
2018-05-07 17:15:00,1313.547,1313.8500000000001,1312.955,1313.76
2018-05-07 17:30:00,1313.76,1314.47,1313.5285,1314.249
2018-05-07 17:45:00,1314.2340000000002,1314.6409999999998,1314.095,1314.6370000000002
2018-05-07 18:00:00,1314.617,1314.8410000000001,1314.3015,1314.4905
2018-05-07 18:15:00,1314.49,1314.645,1314.1950000000002,1314.5810000000001
2018-05-07 18:30:00,1314.567,1314.6065,1313.642,1313.671
2018-05-07 18:45:00,1313.6715,1314.6190000000001,1313.46,1313.97
2018-05-07 19:00:00,1313.9735,1314.152,1313.6035,1313.9859999999999
2018-05-07 19:15:00,1313.9865,1314.3235,1313.5935,1313.6779999999999
2018-05-07 19:30:00,1313.68,1314.2855000000002,1313.6705,1314.0785
2018-05-07 19:45:00,1314.079,1314.5,1313.973,1314.3665
2018-05-07 20:00:00,1314.355,1314.375,1313.8615000000002,1313.9185
2018-05-07 20:15:00,1313.9134999999999,1314.1835,1313.7799999999997,1314.0885
2018-05-07 20:30:00,1314.089,1314.0995,1313.8435000000002,1314.0085
2018-05-07 20:45:00,1314.0135,1314.4715,1313.823,1314.3000000000002
2018-05-07 22:00:00,1313.73,1314.6104999999998,1313.73,1314.4485
2018-05-07 22:15:00,1314.4479999999999,1314.6650000000002,1314.43,1314.6200000000001
2018-05-07 22:30:00,1314.6200000000001,1314.6200000000001,1314.129,1314.169
2018-05-07 22:45:00,1314.1685,1314.2530000000002,1313.8135,1313.9299999999998
2018-05-07 23:00:00,1313.9299999999998,1314.3485,1313.9299999999998,1314.3485
2018-05-07 23:15:00,1314.343,1314.4685,1314.0384999999999,1314.3555
2018-05-07 23:30:00,1314.3535,1315.3749999999998,1314.3535,1315.212
2018-05-07 23:45:00,1315.21,1316.2214999999999,1315.072,1315.902
2018-05-08 01:00:00,1315.6870000000001,1315.9065,1315.0145,1315.6285
2018-05-08 01:15:00,1315.628,1315.6285,1314.91,1315.1150000000002
2018-05-08 01:30:00,1315.125,1315.125,1312.7815,1313.0549999999998
2018-05-08 01:45:00,1313.129,1313.8159999999998,1313.1070000000002,1313.7720000000002
2018-05-08 02:00:00,1313.7765000000002,1313.7765000000002,1312.585,1313.194
2018-05-08 02:15:00,1313.199,1314.2085,1313.1985,1314.208
2018-05-08 02:30:00,1314.2085,1314.2085,1313.3985,1313.7065
2018-05-08 02:45:00,1313.706,1314.4315,1313.59,1313.975
2018-05-08 03:00:00,1313.9769999999999,1314.007,1313.4795000000001,1313.8349999999998
2018-05-08 03:15:00,1313.8235,1313.997,1312.9735,1313.1815
2018-05-08 03:30:00,1313.182,1313.28,1312.7559999999999,1312.965
2018-05-08 03:45:00,1312.991,1313.1035000000002,1311.8405,1312.2285
2018-05-08 04:00:00,1312.2055,1312.2055,1311.0035,1311.4950000000001
2018-05-08 04:15:00,1311.5005,1311.7135,1311.1084999999998,1311.505
2018-05-08 04:30:00,1311.57,1311.738,1311.5204999999999,1311.6215
2018-05-08 04:45:00,1311.6209999999999,1311.732,1311.394,1311.5085000000001
2018-05-08 05:00:00,1311.5030000000002,1311.5030000000002,1310.839,1310.8885
2018-05-08 05:15:00,1310.9,1311.5040000000001,1310.8835,1311.409
2018-05-08 05:30:00,1311.3885,1312.2485000000001,1311.3785,1312.238
2018-05-08 05:45:00,1312.228,1313.175,1311.7265,1312.7050000000002
2018-05-08 06:00:00,1312.6349999999998,1313.4605000000001,1312.2595000000001,1313.205
2018-05-08 06:15:00,1313.212,1313.6535,1312.4035,1313.435
2018-05-08 06:30:00,1313.354,1314.4399999999998,1313.1535,1313.8015
2018-05-08 06:45:00,1313.8105,1314.3265,1313.091,1313.1865
2018-05-08 07:00:00,1313.187,1313.7265,1312.8795,1313.5110000000002
2018-05-08 07:15:00,1313.5114999999998,1314.3355,1313.2245,1313.4270000000001
2018-05-08 07:30:00,1313.4319999999998,1314.6460000000002,1312.763,1314.2450000000001
2018-05-08 07:45:00,1314.2935000000002,1314.8765,1313.6755,1313.997
2018-05-08 08:00:00,1313.9965,1314.2019999999998,1313.48,1313.6915
2018-05-08 08:15:00,1313.677,1314.1645,1312.26,1312.414
2018-05-08 08:30:00,1312.4085,1312.4085,1311.0645,1311.3435
2018-05-08 08:45:00,1311.3485,1311.482,1310.9,1311.385
2018-05-08 09:00:00,1311.395,1311.3955,1308.739,1310.75
2018-05-08 09:15:00,1310.7549999999999,1311.1284999999998,1309.8635000000002,1309.9785000000002
2018-05-08 09:30:00,1309.9450000000002,1310.37,1309.085,1309.4750000000001
2018-05-08 09:45:00,1309.4755,1310.315,1309.4650000000001,1310.159
2018-05-08 10:00:00,1310.1585,1310.544,1309.445,1309.885
2018-05-08 10:15:00,1309.875,1309.875,1309.004,1309.3600000000001
2018-05-08 10:30:00,1309.355,1309.9814999999999,1309.135,1309.7645
2018-05-08 10:45:00,1309.776,1310.43,1309.365,1309.9560000000001
2018-05-08 11:00:00,1309.9460000000001,1310.2565,1309.4950000000001,1309.6435
2018-05-08 11:15:00,1309.65,1310.1905,1309.3655,1309.9045
2018-05-08 11:30:00,1309.8949999999998,1311.689,1309.763,1311.01
2018-05-08 11:45:00,1311.0065,1311.35,1310.5195,1311.225
2018-05-08 12:00:00,1311.1979999999999,1312.0865000000001,1309.3345,1310.1644999999999
2018-05-08 12:15:00,1310.1535,1311.8310000000001,1309.774,1311.572
2018-05-08 12:30:00,1311.5805000000003,1311.684,1311.053,1311.3400000000001
2018-05-08 12:45:00,1311.36,1311.46,1309.764,1310.0165
2018-05-08 13:00:00,1310.0159999999998,1310.406,1309.048,1309.3805
2018-05-08 13:15:00,1309.3935,1310.14,1309.3735,1309.6464999999998
2018-05-08 13:30:00,1309.646,1309.742,1306.328,1306.5484999999999
2018-05-08 13:45:00,1306.55,1307.3790000000001,1306.4440000000002,1307.055
2018-05-08 14:00:00,1307.06,1307.2389999999998,1306.1415,1306.8764999999999
2018-05-08 14:15:00,1306.8799999999999,1308.115,1306.54,1307.72
2018-05-08 14:30:00,1307.7435,1308.7489999999998,1307.534,1308.623
2018-05-08 14:45:00,1308.6085,1309.1750000000002,1307.8135,1307.8285
2018-05-08 15:00:00,1307.893,1308.7990000000002,1307.013,1307.809
2018-05-08 15:15:00,1307.8085,1308.255,1307.2935000000002,1308.1495
2018-05-08 15:30:00,1308.1545,1310.9855,1307.7535,1310.3829999999998
2018-05-08 15:45:00,1310.3835,1311.794,1310.011,1310.7855
2018-05-08 16:00:00,1310.818,1315.4595,1310.7134999999998,1314.261
2018-05-08 16:15:00,1314.1665,1315.517,1313.3705,1314.472
2018-05-08 16:30:00,1314.507,1314.935,1313.4599999999998,1313.576
2018-05-08 16:45:00,1313.5765,1314.6384999999998,1311.4484999999997,1314.1995
2018-05-08 17:00:00,1314.19,1314.19,1311.4015,1312.7785
2018-05-08 17:15:00,1312.7839999999999,1313.6335,1312.0645,1313.5685
2018-05-08 17:30:00,1313.5695,1313.955,1312.82,1313.495
2018-05-08 17:45:00,1313.42,1314.0545,1313.1879999999999,1313.369
2018-05-08 18:00:00,1313.345,1316.24,1312.988,1316.096
2018-05-08 18:15:00,1316.0965,1317.707,1313.277,1314.2585000000001
2018-05-08 18:30:00,1314.2450000000001,1317.902,1314.154,1316.502
2018-05-08 18:45:00,1316.5665000000001,1317.061,1314.73,1314.927
2018-05-08 19:00:00,1314.895,1316.438,1314.895,1315.8660000000002
2018-05-08 19:15:00,1315.8564999999999,1316.415,1315.7115000000001,1315.717
2018-05-08 19:30:00,1315.7415,1316.132,1315.0964999999999,1315.1465
2018-05-08 19:45:00,1315.1665,1315.192,1313.9505,1314.49
2018-05-08 20:00:00,1314.475,1314.6165,1314.26,1314.47
2018-05-08 20:15:00,1314.475,1314.6305,1314.315,1314.534
2018-05-08 20:30:00,1314.5335,1315.0684999999999,1314.5335,1314.8149999999998
2018-05-08 20:45:00,1314.792,1315.009,1314.2299999999998,1314.41
2018-05-08 22:00:00,1314.96,1315.2265,1314.395,1315.091
2018-05-08 22:15:00,1315.096,1315.3870000000002,1315.096,1315.11
2018-05-08 22:30:00,1315.11,1316.027,1315.11,1315.917
2018-05-08 22:45:00,1315.9165,1315.9215,1314.9999999999998,1315.135
2018-05-08 23:00:00,1315.14,1315.6965,1315.005,1315.6965
2018-05-08 23:15:00,1315.6960000000001,1316.075,1315.52,1315.8449999999998
2018-05-08 23:30:00,1315.9054999999998,1316.395,1315.8464999999999,1316.056
2018-05-08 23:45:00,1316.061,1316.8165,1315.611,1316.44
2018-05-09 01:00:00,1313.2505,1313.38,1310.9435,1311.5480000000002
2018-05-09 01:15:00,1311.5484999999999,1311.9295,1310.3944999999999,1310.534
2018-05-09 01:30:00,1310.5485,1311.765,1310.2865000000002,1310.975
2018-05-09 01:45:00,1310.9815,1311.51,1310.1915,1311.3135
2018-05-09 02:00:00,1311.315,1312.09,1311.215,1311.9
2018-05-09 02:15:00,1311.9045,1312.3885,1311.605,1312.0215
2018-05-09 02:30:00,1312.022,1312.2115000000001,1310.925,1311.1985
2018-05-09 02:45:00,1311.1995,1311.3605,1310.67,1311.203
2018-05-09 03:00:00,1311.21,1311.3255000000001,1310.82,1311.04
2018-05-09 03:15:00,1311.0445,1311.435,1310.8245,1311.43
2018-05-09 03:30:00,1311.439,1312.2295,1310.904,1311.5414999999998
2018-05-09 03:45:00,1311.5349999999999,1311.6029999999998,1310.8305,1310.871
2018-05-09 04:00:00,1310.8695,1311.013,1310.47,1310.8935
2018-05-09 04:15:00,1310.9555,1311.1399999999999,1310.8605,1311.1000000000001
2018-05-09 04:30:00,1311.035,1311.1405,1310.8215,1311.0435
2018-05-09 04:45:00,1311.0430000000001,1311.43,1310.8635,1311.245
2018-05-09 05:00:00,1311.2485,1311.2535,1310.121,1310.3400000000001
2018-05-09 05:15:00,1310.346,1310.7150000000001,1310.3135,1310.66
2018-05-09 05:30:00,1310.7379999999998,1310.802,1310.435,1310.6305
2018-05-09 05:45:00,1310.632,1311.1795000000002,1310.2630000000001,1311.0585
2018-05-09 06:00:00,1311.0495,1311.2005,1308.5255,1309.2085000000002
2018-05-09 06:15:00,1309.2040000000002,1309.805,1308.6635,1309.308
2018-05-09 06:30:00,1309.3084999999999,1309.585,1308.2615,1308.965
2018-05-09 06:45:00,1309.011,1309.0565000000001,1308.1885,1308.218
2018-05-09 07:00:00,1308.2185,1308.238,1305.3329999999999,1305.8129999999999
2018-05-09 07:15:00,1305.8235,1306.5055000000002,1304.8739999999998,1306.4830000000002
2018-05-09 07:30:00,1306.4299999999998,1306.54,1305.1935,1306.03
2018-05-09 07:45:00,1305.955,1306.23,1304.3265,1306.225
2018-05-09 08:00:00,1306.2185,1306.225,1305.43,1305.6235000000001
2018-05-09 08:15:00,1305.6090000000002,1306.99,1305.605,1306.498
2018-05-09 08:30:00,1306.4830000000002,1306.498,1305.2649999999999,1305.5810000000001
2018-05-09 08:45:00,1305.558,1306.7185,1305.489,1306.298
2018-05-09 09:00:00,1306.2830000000001,1307.2099999999998,1306.1879999999999,1306.935
2018-05-09 09:15:00,1306.9199999999998,1307.4535,1306.8045000000002,1307.2604999999999
2018-05-09 09:30:00,1307.259,1307.3155,1306.73,1307.141
2018-05-09 09:45:00,1307.2019999999998,1308.0860000000002,1306.7995,1306.8000000000002
2018-05-09 10:00:00,1306.8085,1306.8985,1305.5855000000001,1306.3490000000002
2018-05-09 10:15:00,1306.3485,1307.2545,1306.1185,1307.1435000000001
2018-05-09 10:30:00,1307.144,1308.0639999999999,1307.1255,1307.9445
2018-05-09 10:45:00,1307.9415000000001,1309.309,1307.6734999999999,1308.8835
2018-05-09 11:00:00,1308.8935,1309.1965,1308.189,1308.757
2018-05-09 11:15:00,1308.7565,1310.0915,1307.878,1310.0715
2018-05-09 11:30:00,1310.0255,1313.61,1309.595,1311.4979999999998
2018-05-09 11:45:00,1311.5,1311.5839999999998,1310.66,1311.426
2018-05-09 12:00:00,1311.431,1312.7130000000002,1311.4115,1312.4715
2018-05-09 12:15:00,1312.447,1313.0620000000001,1311.01,1311.1750000000002
2018-05-09 12:30:00,1311.155,1313.17,1311.155,1312.207
2018-05-09 12:45:00,1312.2720000000002,1314.3235,1312.1970000000001,1313.692
2018-05-09 13:00:00,1313.701,1314.2665000000002,1313.2615,1314.116
2018-05-09 13:15:00,1314.1015,1314.837,1312.182,1313.0465000000002
2018-05-09 13:30:00,1313.0469999999998,1313.7515,1312.4455,1313.271
2018-05-09 13:45:00,1313.272,1314.6155,1312.165,1313.927
2018-05-09 14:00:00,1313.937,1315.947,1313.6945,1315.57
2018-05-09 14:15:00,1315.5584999999999,1316.1065,1315.0404999999998,1315.081
2018-05-09 14:30:00,1315.0115,1316.5929999999998,1315.0115,1316.5185000000001
2018-05-09 14:45:00,1316.518,1317.491,1315.0960000000002,1315.6245000000001
2018-05-09 15:00:00,1315.6315,1316.1795,1314.54,1314.9815
2018-05-09 15:15:00,1314.9660000000001,1315.1315,1313.837,1314.095
2018-05-09 15:30:00,1314.079,1314.6750000000002,1313.7265,1313.806
2018-05-09 15:45:00,1313.8069999999998,1314.0015,1312.9935,1313.435
2018-05-09 16:00:00,1313.44,1313.955,1312.47,1312.905
2018-05-09 16:15:00,1312.904,1313.2,1312.3735,1312.9560000000001
2018-05-09 16:30:00,1312.946,1312.9915,1311.5549999999998,1311.99
2018-05-09 16:45:00,1311.9865,1313.286,1311.9199999999998,1312.42
2018-05-09 17:00:00,1312.5014999999999,1313.29,1311.8860000000002,1313.25
2018-05-09 17:15:00,1313.2435,1313.4165,1312.6335000000001,1312.905
2018-05-09 17:30:00,1312.905,1313.4170000000001,1312.438,1313.3095
2018-05-09 17:45:00,1313.308,1313.6085,1312.82,1313.1935
2018-05-09 18:00:00,1313.2,1313.3335,1312.86,1313.1195000000002
2018-05-09 18:15:00,1313.1095,1313.1095,1312.51,1312.612
2018-05-09 18:30:00,1312.6165,1312.7265000000002,1312.4865,1312.5855
2018-05-09 18:45:00,1312.5815,1313.0749999999998,1312.2714999999998,1312.9144999999999
2018-05-09 19:00:00,1312.9345,1312.948,1312.3229999999999,1312.528
2018-05-09 19:15:00,1312.5285,1312.6315,1312.2935,1312.43
2018-05-09 19:30:00,1312.427,1312.5015,1310.965,1311.395
2018-05-09 19:45:00,1311.3715,1311.9900000000002,1311.07,1311.9009999999998
2018-05-09 20:00:00,1311.8895,1312.7099999999998,1311.81,1312.3885
2018-05-09 20:15:00,1312.388,1312.7400000000002,1312.383,1312.56
2018-05-09 20:30:00,1312.567,1312.6670000000001,1312.3799999999999,1312.395
2018-05-09 20:45:00,1312.448,1312.828,1312.2695,1312.828
2018-05-09 22:00:00,1312.7600000000002,1312.8155,1312.01,1312.7995
2018-05-09 22:15:00,1312.7895,1312.799,1312.3795,1312.4265
2018-05-09 22:30:00,1312.427,1312.4365,1312.143,1312.431
2018-05-09 22:45:00,1312.4315,1312.7535,1312.431,1312.535
2018-05-09 23:00:00,1312.54,1313.644,1312.53,1313.4085
2018-05-09 23:15:00,1313.409,1313.549,1313.1049999999998,1313.2265
2018-05-09 23:30:00,1313.235,1313.3615,1312.1145,1312.1155
2018-05-09 23:45:00,1312.1100000000001,1312.5235,1311.619,1312.523
2018-05-10 01:00:00,1311.4799999999998,1313.8214999999998,1311.1650000000002,1313.7555
2018-05-10 01:15:00,1313.668,1313.668,1312.8285,1313.4265
2018-05-10 01:30:00,1313.4215000000002,1314.9365,1313.035,1314.8835
2018-05-10 01:45:00,1314.8855,1314.9315000000001,1314.1435000000001,1314.56
2018-05-10 02:00:00,1314.565,1315.775,1314.45,1315.0945
2018-05-10 02:15:00,1315.1005000000002,1315.15,1314.4435,1314.4615
2018-05-10 02:30:00,1314.46,1314.56,1313.655,1313.8664999999999
2018-05-10 02:45:00,1313.8615000000002,1313.9769999999999,1313.165,1313.3990000000001
2018-05-10 03:00:00,1313.394,1314.147,1313.3865,1314.147
2018-05-10 03:15:00,1314.145,1314.181,1313.76,1313.9405
2018-05-10 03:30:00,1313.9315,1313.9615,1313.4345,1313.671
2018-05-10 03:45:00,1313.6699999999998,1314.2749999999999,1313.4750000000001,1314.033
2018-05-10 04:00:00,1314.0385,1314.065,1313.8314999999998,1314.0095000000001
2018-05-10 04:15:00,1314.01,1314.625,1313.985,1314.38
2018-05-10 04:30:00,1314.3799999999999,1315.0915000000002,1314.3080000000002,1315.005
2018-05-10 04:45:00,1315.01,1315.625,1314.905,1315.3365000000001
2018-05-10 05:00:00,1315.327,1315.4109999999998,1314.2455,1314.5505
2018-05-10 05:15:00,1314.545,1314.706,1313.7585000000001,1313.7735
2018-05-10 05:30:00,1313.7735,1314.3835,1313.4615000000001,1313.87
2018-05-10 05:45:00,1313.8684999999998,1314.135,1313.5380000000002,1313.5380000000002
2018-05-10 06:00:00,1313.4609999999998,1313.5915,1312.225,1313.5715
2018-05-10 06:15:00,1313.5665,1314.23,1313.0815,1313.5110000000002
2018-05-10 06:30:00,1313.5049999999999,1314.5769999999998,1313.21,1313.7765
2018-05-10 06:45:00,1313.8500000000001,1314.3519999999999,1312.7614999999998,1312.8705
2018-05-10 07:00:00,1312.875,1312.885,1310.844,1312.061
2018-05-10 07:15:00,1312.0945,1313.0,1311.635,1312.2195
2018-05-10 07:30:00,1312.2695,1312.4195,1311.5935,1312.4195
2018-05-10 07:45:00,1312.425,1312.511,1311.1660000000002,1311.864
2018-05-10 08:00:00,1311.7745,1312.74,1311.645,1311.81
2018-05-10 08:15:00,1311.827,1313.26,1311.6,1312.7984999999999
2018-05-10 08:30:00,1312.795,1313.249,1312.6465,1312.8805
2018-05-10 08:45:00,1312.895,1315.182,1312.6635,1315.1064999999999
2018-05-10 09:00:00,1315.107,1315.31,1314.6730000000002,1315.0735000000002
2018-05-10 09:15:00,1315.0755,1315.942,1314.93,1315.123
2018-05-10 09:30:00,1315.1330000000003,1315.8065000000001,1314.6865,1315.72
2018-05-10 09:45:00,1315.702,1316.1,1315.1765,1315.2350000000001
2018-05-10 10:00:00,1315.2635,1315.605,1315.0015,1315.1795
2018-05-10 10:15:00,1315.181,1316.31,1314.965,1316.3055
2018-05-10 10:30:00,1316.312,1316.949,1315.9279999999999,1316.535
2018-05-10 10:45:00,1316.54,1316.944,1316.2714999999998,1316.505
2018-05-10 11:00:00,1316.473,1318.28,1315.549,1315.768
2018-05-10 11:15:00,1315.7785000000001,1317.5055,1315.74,1316.895
2018-05-10 11:30:00,1316.885,1318.233,1316.7949999999998,1318.164
2018-05-10 11:45:00,1318.154,1318.1699999999998,1317.5365,1317.8014999999998
2018-05-10 12:00:00,1317.826,1318.5510000000002,1317.333,1318.1480000000001
2018-05-10 12:15:00,1318.1435000000001,1318.43,1317.494,1318.3
2018-05-10 12:30:00,1318.345,1322.8784999999998,1318.345,1320.6200000000001
2018-05-10 12:45:00,1320.623,1322.6895,1319.8635,1322.0195
2018-05-10 13:00:00,1322.1250000000002,1322.8015,1321.141,1322.0410000000002
2018-05-10 13:15:00,1322.03,1322.307,1321.2240000000002,1321.2755
2018-05-10 13:30:00,1321.247,1322.9215,1318.819,1319.0049999999999
2018-05-10 13:45:00,1318.9599999999998,1320.2,1318.1170000000002,1319.105
2018-05-10 14:00:00,1319.139,1319.8654999999999,1317.091,1319.1015
2018-05-10 14:15:00,1319.05,1319.3570000000002,1318.13,1318.355
2018-05-10 14:30:00,1318.3600000000001,1319.6770000000001,1318.295,1318.8085
2018-05-10 14:45:00,1318.809,1318.8990000000001,1317.23,1317.5
2018-05-10 15:00:00,1317.5055,1318.52,1316.2635,1317.38
2018-05-10 15:15:00,1317.375,1318.706,1317.1115,1318.465
2018-05-10 15:30:00,1318.4555,1318.89,1318.27,1318.6005
2018-05-10 15:45:00,1318.6585,1319.86,1318.395,1319.3249999999998
2018-05-10 16:00:00,1319.3300000000002,1319.6645,1318.8445,1319.1499999999999
2018-05-10 16:15:00,1319.1499999999999,1320.28,1318.9650000000001,1320.0755000000001
2018-05-10 16:30:00,1320.0814999999998,1320.3405,1319.285,1319.345
2018-05-10 16:45:00,1319.355,1319.88,1319.355,1319.58
2018-05-10 17:00:00,1319.588,1320.637,1319.35,1320.342
2018-05-10 17:15:00,1320.383,1322.286,1320.3785,1322.2665
2018-05-10 17:30:00,1322.2465,1322.2915,1320.0355,1320.665
2018-05-10 17:45:00,1320.669,1320.955,1320.266,1320.5594999999998
2018-05-10 18:00:00,1320.5615,1320.5760000000002,1319.921,1320.2635
2018-05-10 18:15:00,1320.2735,1320.9914999999999,1320.125,1320.8635000000002
2018-05-10 18:30:00,1320.8584999999998,1321.2714999999998,1320.8485,1321.15
2018-05-10 18:45:00,1321.181,1321.9,1321.086,1321.631
2018-05-10 19:00:00,1321.6995000000002,1321.8410000000001,1320.4709999999998,1320.5915
2018-05-10 19:15:00,1320.5865,1321.431,1320.5565,1321.171
2018-05-10 19:30:00,1321.151,1321.5855000000001,1321.0915,1321.3010000000002
2018-05-10 19:45:00,1321.3000000000002,1321.4055,1320.439,1320.6565
2018-05-10 20:00:00,1320.641,1320.8665,1320.415,1320.7395
2018-05-10 20:15:00,1320.7295,1321.2350000000001,1320.672,1321.215
2018-05-10 20:30:00,1321.2250000000001,1321.6015,1321.114,1321.2910000000002
2018-05-10 20:45:00,1321.2914999999998,1321.421,1321.0545,1321.0645
2018-05-10 22:00:00,1321.55,1321.6295,1321.3550000000002,1321.435
2018-05-10 22:15:00,1321.4365,1321.6235000000001,1321.195,1321.5695
2018-05-10 22:30:00,1321.5610000000001,1321.8745000000001,1321.4959999999999,1321.781
2018-05-10 22:45:00,1321.7815,1321.8765,1321.0149999999999,1321.125
2018-05-10 23:00:00,1321.1064999999999,1321.3255,1320.975,1321.23
2018-05-10 23:15:00,1321.232,1321.3619999999999,1321.001,1321.045
2018-05-10 23:30:00,1321.0455,1321.4615000000001,1320.9109999999998,1321.3650000000002
2018-05-10 23:45:00,1321.335,1321.782,1320.982,1321.191
2018-05-11 01:00:00,1322.015,1322.0829999999999,1320.956,1321.1335
2018-05-11 01:15:00,1321.145,1321.533,1320.9295000000002,1321.4665
2018-05-11 01:30:00,1321.4415,1321.6719999999998,1320.2000000000003,1320.671
2018-05-11 01:45:00,1320.6665,1320.7665,1320.1765,1320.4
2018-05-11 02:00:00,1320.4015,1320.4160000000002,1319.905,1320.005
2018-05-11 02:15:00,1320.01,1320.1100000000001,1319.475,1319.8365
2018-05-11 02:30:00,1319.8215,1320.2385,1319.603,1320.0759999999998
2018-05-11 02:45:00,1320.0859999999998,1320.3235,1319.7935000000002,1319.8990000000001
2018-05-11 03:00:00,1319.903,1319.903,1319.2,1319.515
2018-05-11 03:15:00,1319.504,1320.095,1319.48,1319.8995
2018-05-11 03:30:00,1319.895,1320.4969999999998,1319.8,1320.48
2018-05-11 03:45:00,1320.482,1320.771,1320.0040000000001,1320.0335
2018-05-11 04:00:00,1320.0235,1320.3315,1319.9035,1320.125
2018-05-11 04:15:00,1320.1190000000001,1320.425,1320.1129999999998,1320.42
2018-05-11 04:30:00,1320.413,1320.42,1319.6885,1319.6905
2018-05-11 04:45:00,1319.695,1319.795,1319.4885,1319.585
2018-05-11 05:00:00,1319.6635,1320.1335,1319.4995000000001,1319.995
2018-05-11 05:15:00,1320.0,1320.0749999999998,1319.4845,1319.5735
2018-05-11 05:30:00,1319.575,1319.7649999999999,1318.5449999999998,1318.7749999999999
2018-05-11 05:45:00,1318.773,1319.095,1318.5455000000002,1319.0235000000002
2018-05-11 06:00:00,1318.9835,1320.029,1318.7635,1319.71
2018-05-11 06:15:00,1319.7334999999998,1320.5335000000002,1319.4735,1319.6760000000002
2018-05-11 06:30:00,1319.6765,1320.1090000000002,1319.0455,1319.5055
2018-05-11 06:45:00,1319.505,1320.27,1319.3415,1319.565
2018-05-11 07:00:00,1319.565,1321.162,1319.075,1320.6565
2018-05-11 07:15:00,1320.656,1321.1795,1320.3465,1320.3465
2018-05-11 07:30:00,1320.301,1321.0515,1320.0904999999998,1320.947
2018-05-11 07:45:00,1320.9315,1322.127,1320.7215,1321.715
2018-05-11 08:00:00,1321.705,1322.6765,1321.705,1322.075
2018-05-11 08:15:00,1322.0165000000002,1323.2314999999999,1321.875,1322.8339999999998
2018-05-11 08:30:00,1322.8349999999998,1323.4705,1322.555,1322.96
2018-05-11 08:45:00,1322.955,1323.645,1322.8135,1323.2115000000001
2018-05-11 09:00:00,1323.1964999999998,1323.387,1322.4934999999998,1322.7235
2018-05-11 09:15:00,1322.724,1323.3645,1322.4160000000002,1323.3
2018-05-11 09:30:00,1323.29,1324.7695,1323.2685,1324.665
2018-05-11 09:45:00,1324.655,1324.986,1324.3145,1324.8129999999999
2018-05-11 10:00:00,1324.8135000000002,1325.0965,1324.49,1324.9735
2018-05-11 10:15:00,1324.974,1325.3135,1323.9245,1325.13
2018-05-11 10:30:00,1325.1265,1325.6795,1324.6000000000001,1324.7185
2018-05-11 10:45:00,1324.72,1325.1105,1324.4900000000002,1324.4900000000002
2018-05-11 11:00:00,1324.49,1324.8100000000002,1324.162,1324.531
2018-05-11 11:15:00,1324.526,1324.8065000000001,1324.24,1324.6444999999999
2018-05-11 11:30:00,1324.6299999999999,1325.38,1324.5165,1324.9965
2018-05-11 11:45:00,1324.991,1325.8410000000001,1324.7705,1325.6765
2018-05-11 12:00:00,1325.6879999999999,1326.0145,1324.4035000000001,1324.685
2018-05-11 12:15:00,1324.6215,1325.491,1324.5845,1324.919
2018-05-11 12:30:00,1324.9185,1325.7549999999999,1324.4385000000002,1325.2735000000002
2018-05-11 12:45:00,1325.2685,1325.866,1324.573,1324.8555
2018-05-11 13:00:00,1324.8165,1324.97,1323.938,1324.6299999999999
2018-05-11 13:15:00,1324.632,1325.2915,1324.33,1324.93
2018-05-11 13:30:00,1324.95,1325.1985000000002,1323.9285,1323.968
2018-05-11 13:45:00,1323.963,1324.0484999999999,1322.561,1323.6544999999999
2018-05-11 14:00:00,1323.714,1324.479,1322.8200000000002,1323.567
2018-05-11 14:15:00,1323.5655,1323.5655,1322.1039999999998,1322.6000000000001
2018-05-11 14:30:00,1322.5885,1322.9334999999999,1322.0,1322.334
2018-05-11 14:45:00,1322.3285,1322.8735000000001,1322.15,1322.3235
2018-05-11 15:00:00,1322.345,1322.8165000000001,1320.955,1321.4655
2018-05-11 15:15:00,1321.4635,1321.5405,1320.4485,1320.96
2018-05-11 15:30:00,1320.9565000000002,1321.6979999999999,1320.7585000000001,1321.3550000000002
2018-05-11 15:45:00,1321.3765,1322.0565000000001,1321.3709999999999,1322.0365000000002
2018-05-11 16:00:00,1322.0265000000002,1322.356,1321.6854999999998,1321.9515000000001
2018-05-11 16:15:00,1321.9470000000001,1322.64,1321.48,1321.578
2018-05-11 16:30:00,1321.5789999999997,1321.7984999999999,1321.246,1321.465
2018-05-11 16:45:00,1321.4535,1322.283,1321.1680000000001,1322.0790000000002
2018-05-11 17:00:00,1322.0935000000002,1322.0984999999998,1321.36,1321.555
2018-05-11 17:15:00,1321.5445,1321.6395,1320.5400000000002,1320.7515
2018-05-11 17:30:00,1320.752,1321.3560000000002,1320.742,1321.1395
2018-05-11 17:45:00,1321.1299999999999,1321.6950000000002,1321.041,1321.56
2018-05-11 18:00:00,1321.545,1321.556,1321.0694999999998,1321.077
2018-05-11 18:15:00,1321.0765000000001,1321.0765000000001,1318.7085,1319.1045
2018-05-11 18:30:00,1319.115,1319.77,1318.2945,1319.0455
2018-05-11 18:45:00,1319.0365,1320.134,1318.8055,1320.1015
2018-05-11 19:00:00,1320.064,1320.222,1319.5815,1319.6950000000002
2018-05-11 19:15:00,1319.6950000000002,1320.1209999999999,1319.308,1320.0045
2018-05-11 19:30:00,1320.0,1320.055,1319.356,1319.5905
2018-05-11 19:45:00,1319.589,1319.589,1318.9785000000002,1319.18
2018-05-11 20:00:00,1319.1685,1319.399,1318.9730000000002,1319.2085
2018-05-11 20:15:00,1319.208,1319.5285000000001,1319.198,1319.3760000000002
2018-05-11 20:30:00,1319.3745,1319.3745,1318.5729999999999,1319.0249999999999
2018-05-11 20:45:00,1319.03,1319.03,1317.3700000000001,1318.351
2018-05-13 22:00:00,1318.5349999999999,1318.67,1317.9365,1318.379
2018-05-13 22:15:00,1318.364,1318.865,1318.235,1318.8645000000001
2018-05-13 22:30:00,1318.865,1318.9354999999998,1318.7345,1318.91
2018-05-13 22:45:00,1318.8849999999998,1319.1815,1318.83,1318.975
2018-05-13 23:00:00,1318.953,1319.2635,1318.863,1319.1680000000001
2018-05-13 23:15:00,1319.1735,1319.678,1319.1685,1319.678
2018-05-13 23:30:00,1319.6580000000001,1319.8835,1319.4189999999999,1319.7089999999998
2018-05-13 23:45:00,1319.6935,1320.306,1319.66,1320.209
2018-05-14 01:00:00,1322.16,1322.4065,1321.6535000000001,1321.8799999999999
2018-05-14 01:15:00,1321.885,1321.96,1321.3835,1321.8645000000001
2018-05-14 01:30:00,1321.8665,1321.8999999999999,1321.3635,1321.3685000000003
2018-05-14 01:45:00,1321.369,1321.63,1321.1585,1321.3255
2018-05-14 02:00:00,1321.335,1321.44,1320.1745,1320.28
2018-05-14 02:15:00,1320.285,1320.8690000000001,1320.285,1320.8690000000001
2018-05-14 02:30:00,1320.8639999999998,1321.0235,1320.4515000000001,1320.5615
2018-05-14 02:45:00,1320.555,1321.0065,1320.5339999999999,1320.9264999999998
2018-05-14 03:00:00,1320.9215,1321.256,1320.8265000000001,1321.02
2018-05-14 03:15:00,1321.045,1321.135,1320.39,1320.476
2018-05-14 03:30:00,1320.4809999999998,1320.8819999999998,1320.4215000000002,1320.8819999999998
2018-05-14 03:45:00,1320.8815000000002,1320.8815000000002,1320.1005,1320.3785
2018-05-14 04:00:00,1320.378,1320.3985,1319.7385000000002,1319.795
2018-05-14 04:15:00,1319.7880000000002,1319.835,1319.3419999999999,1319.472
2018-05-14 04:30:00,1319.4765,1319.931,1319.1865,1319.7445
2018-05-14 04:45:00,1319.7250000000001,1319.7469999999998,1319.4,1319.4035
2018-05-14 05:00:00,1319.42,1320.662,1319.4085,1320.36
2018-05-14 05:15:00,1320.3695,1320.4850000000001,1319.5335,1319.745
2018-05-14 05:30:00,1319.75,1320.34,1319.113,1320.325
2018-05-14 05:45:00,1320.3245,1320.648,1319.8139999999999,1320.5784999999998
2018-05-14 06:00:00,1320.608,1321.5705,1320.4585,1321.466
2018-05-14 06:15:00,1321.46,1321.6284999999998,1320.6895,1320.82
2018-05-14 06:30:00,1320.83,1320.8345000000002,1320.3115,1320.378
2018-05-14 06:45:00,1320.3735,1320.4135,1319.545,1319.7489999999998
2018-05-14 07:00:00,1319.786,1321.1305,1319.308,1320.8909999999998
2018-05-14 07:15:00,1320.9365,1321.6480000000001,1320.71,1320.8700000000001
2018-05-14 07:30:00,1320.8695,1321.4005,1320.5545000000002,1321.3049999999998
2018-05-14 07:45:00,1321.3265,1321.6349999999998,1321.08,1321.33
2018-05-14 08:00:00,1321.3315000000002,1321.865,1320.66,1320.763
2018-05-14 08:15:00,1320.76,1320.7895,1320.2034999999998,1320.25
2018-05-14 08:30:00,1320.25,1321.2615,1320.2405,1320.9099999999999
2018-05-14 08:45:00,1320.8984999999998,1321.4935,1320.885,1320.99
2018-05-14 09:00:00,1320.9904999999999,1321.5395,1320.8905000000002,1320.8905000000002
2018-05-14 09:15:00,1320.8465,1321.1315,1320.53,1320.935
2018-05-14 09:30:00,1320.9089999999999,1321.396,1320.5915,1320.7015000000001
2018-05-14 09:45:00,1320.6915,1320.7715,1319.8555,1320.473
2018-05-14 10:00:00,1320.4735,1320.604,1319.8935,1320.0690000000002
2018-05-14 10:15:00,1320.0685,1320.1685,1319.5795,1320.1229999999998
2018-05-14 10:30:00,1320.1235000000001,1320.32,1318.723,1319.37
2018-05-14 10:45:00,1319.3384999999998,1319.926,1319.2185,1319.806
2018-05-14 11:00:00,1319.805,1320.331,1319.4859999999999,1319.51
2018-05-14 11:15:00,1319.516,1319.74,1319.2605,1319.435
2018-05-14 11:30:00,1319.444,1319.46,1318.375,1319.205
2018-05-14 11:45:00,1319.2035,1319.415,1318.7565,1318.91
2018-05-14 12:00:00,1318.9115000000002,1320.0295,1318.9115000000002,1319.41
2018-05-14 12:15:00,1319.415,1319.5905,1318.7535,1319.0845
2018-05-14 12:30:00,1319.0695,1319.091,1318.0495,1318.5905
2018-05-14 12:45:00,1318.5939999999998,1319.004,1318.2355000000002,1318.9080000000001
2018-05-14 13:00:00,1318.92,1320.1865000000003,1318.1940000000002,1319.4850000000001
2018-05-14 13:15:00,1319.4985,1321.3100000000002,1319.405,1320.71
2018-05-14 13:30:00,1320.7150000000001,1321.1715,1320.3395,1320.7549999999999
2018-05-14 13:45:00,1320.753,1321.24,1320.3385,1320.7485
2018-05-14 14:00:00,1320.7540000000001,1320.7735,1319.5484999999999,1319.865
2018-05-14 14:15:00,1319.8635,1320.1084999999998,1319.12,1319.16
2018-05-14 14:30:00,1319.1,1319.9505,1319.0535,1319.7555
2018-05-14 14:45:00,1319.754,1320.355,1319.66,1320.0800000000002
2018-05-14 15:00:00,1320.0749999999998,1320.1654999999998,1319.2185,1319.3795
2018-05-14 15:15:00,1319.378,1319.4089999999999,1318.6499999999999,1319.1599999999999
2018-05-14 15:30:00,1319.1535,1319.908,1319.079,1319.8084999999999
2018-05-14 15:45:00,1319.8139999999999,1319.8184999999999,1319.3435000000002,1319.6535000000001
2018-05-14 16:00:00,1319.663,1319.95,1318.8905,1319.873
2018-05-14 16:15:00,1319.88,1320.0365000000002,1319.385,1319.49
2018-05-14 16:30:00,1319.493,1319.8235,1319.07,1319.09
2018-05-14 16:45:00,1319.0835,1319.345,1318.845,1319.2450000000001
2018-05-14 17:00:00,1319.313,1319.425,1318.9229999999998,1319.16
2018-05-14 17:15:00,1319.155,1319.24,1317.7505,1318.2359999999999
2018-05-14 17:30:00,1318.2365,1318.2369999999999,1317.2665,1317.597
2018-05-14 17:45:00,1317.592,1317.5945000000002,1315.4585000000002,1315.5435
2018-05-14 18:00:00,1315.5285,1315.57,1313.4730000000002,1313.813
2018-05-14 18:15:00,1313.7979999999998,1314.4985,1313.063,1314.4785
2018-05-14 18:30:00,1314.4645,1314.465,1313.4979999999998,1313.7365
2018-05-14 18:45:00,1313.72,1314.0255,1313.5745,1313.888
2018-05-14 19:00:00,1313.9035,1315.0590000000002,1313.435,1314.6435000000001
2018-05-14 19:15:00,1314.6429999999998,1314.6529999999998,1314.1335,1314.2835
2018-05-14 19:30:00,1314.279,1314.565,1313.9035,1313.9634999999998
2018-05-14 19:45:00,1313.978,1314.169,1313.543,1313.5439999999999
2018-05-14 20:00:00,1313.5335000000002,1314.0235,1313.4550000000002,1313.75
2018-05-14 20:15:00,1313.8,1314.2040000000002,1313.4630000000002,1313.824
2018-05-14 20:30:00,1313.8439999999998,1313.8439999999998,1313.4730000000002,1313.5584999999999
2018-05-14 20:45:00,1313.5535,1313.5535,1313.035,1313.3
2018-05-14 22:00:00,1313.0,1314.3899999999999,1312.99,1314.1885
2018-05-14 22:15:00,1314.1135,1314.51,1314.0885,1314.4585
2018-05-14 22:30:00,1314.4635,1314.525,1314.1435,1314.355
2018-05-14 22:45:00,1314.355,1314.3799999999999,1313.973,1314.05
2018-05-14 23:00:00,1314.05,1314.15,1313.748,1313.855
2018-05-14 23:15:00,1313.87,1313.8985,1313.58,1313.7285
2018-05-14 23:30:00,1313.7435,1313.954,1313.6834999999999,1313.954
2018-05-14 23:45:00,1313.9685,1314.3384999999998,1313.7830000000001,1313.8384999999998
2018-05-15 01:00:00,1314.404,1314.799,1314.0795,1314.6139999999998
2018-05-15 01:15:00,1314.6235000000001,1314.6834999999999,1314.3235,1314.4735
2018-05-15 01:30:00,1314.49,1314.49,1313.7335,1314.1045
2018-05-15 01:45:00,1314.108,1314.3029999999999,1313.9050000000002,1313.9785
2018-05-15 02:00:00,1313.979,1314.2150000000001,1313.2884999999999,1313.434
2018-05-15 02:15:00,1313.4335,1314.025,1313.334,1313.9040000000002
2018-05-15 02:30:00,1313.9234999999999,1314.2135,1313.7955,1314.005
2018-05-15 02:45:00,1314.013,1314.2355,1313.765,1314.028
2018-05-15 03:00:00,1314.0185,1314.109,1313.5955,1313.5955
2018-05-15 03:15:00,1313.6355,1313.72,1313.588,1313.588
2018-05-15 03:30:00,1313.5885,1313.8484999999998,1313.52,1313.7385
2018-05-15 03:45:00,1313.738,1314.094,1313.5445,1313.8635000000002
2018-05-15 04:00:00,1313.8639999999998,1314.0449999999998,1313.3885,1313.4585000000002
2018-05-15 04:15:00,1313.458,1313.5835,1312.4255,1312.5655
2018-05-15 04:30:00,1312.5245,1312.72,1311.8635000000002,1311.9765000000002
2018-05-15 04:45:00,1311.975,1312.3905,1311.2785,1311.403
2018-05-15 05:00:00,1311.3985,1312.065,1310.7814999999998,1312.0335
2018-05-15 05:15:00,1312.0249999999999,1312.55,1311.9695,1312.29
2018-05-15 05:30:00,1312.366,1312.375,1311.4979999999998,1311.5
2018-05-15 05:45:00,1311.5069999999998,1312.3000000000002,1311.2935,1312.1135
2018-05-15 06:00:00,1312.114,1312.22,1310.898,1311.019
2018-05-15 06:15:00,1311.0185000000001,1311.9465000000002,1310.878,1311.8395
2018-05-15 06:30:00,1311.8185,1311.9900000000002,1311.0585,1311.1699999999998
2018-05-15 06:45:00,1311.1699999999998,1311.735,1311.0335,1311.675
2018-05-15 07:00:00,1311.624,1312.0785,1311.1979999999999,1311.3845000000001
2018-05-15 07:15:00,1311.313,1312.104,1311.263,1311.993
2018-05-15 07:30:00,1311.983,1312.2395000000001,1311.4979999999998,1311.5085000000001
2018-05-15 07:45:00,1311.5079999999998,1311.5089999999998,1310.7635,1310.9695
2018-05-15 08:00:00,1310.91,1311.33,1310.75,1311.219
2018-05-15 08:15:00,1311.2185,1311.4235,1309.8205,1310.365
2018-05-15 08:30:00,1310.2885,1310.645,1309.5659999999998,1309.715
2018-05-15 08:45:00,1309.71,1310.1499999999999,1309.6029999999998,1309.8645
2018-05-15 09:00:00,1309.865,1310.675,1309.6440000000002,1310.465
2018-05-15 09:15:00,1310.4755,1310.5575,1310.0735,1310.355
2018-05-15 09:30:00,1310.3505,1310.87,1310.173,1310.3349999999998
2018-05-15 09:45:00,1310.3300000000002,1310.482,1309.7849999999999,1309.9634999999998
2018-05-15 10:00:00,1309.9385,1310.26,1309.638,1309.8395
2018-05-15 10:15:00,1309.825,1309.835,1309.2535,1309.7450000000001
2018-05-15 10:30:00,1309.74,1309.77,1309.1204999999998,1309.455
2018-05-15 10:45:00,1309.4435,1309.665,1308.8429999999998,1309.1695
2018-05-15 11:00:00,1309.1629999999998,1309.384,1307.3455,1307.7185
2018-05-15 11:15:00,1307.704,1308.01,1306.768,1307.2735
2018-05-15 11:30:00,1307.274,1307.7385,1306.4699999999998,1306.5545
2018-05-15 11:45:00,1306.5484999999999,1307.645,1306.225,1307.018
2018-05-15 12:00:00,1307.0185,1307.1105,1306.2315,1306.859
2018-05-15 12:15:00,1306.8535000000002,1307.045,1305.78,1306.4080000000001
2018-05-15 12:30:00,1306.4399999999998,1306.738,1301.2515,1302.2234999999998
2018-05-15 12:45:00,1302.2385,1302.7185,1296.889,1297.6535000000001
2018-05-15 13:00:00,1297.6395,1298.363,1296.7535,1297.723
2018-05-15 13:15:00,1297.704,1297.7585,1294.5885,1295.834
2018-05-15 13:30:00,1295.8335000000002,1295.8335000000002,1293.2134999999998,1293.828
2018-05-15 13:45:00,1293.748,1294.0135000000002,1291.9834999999998,1293.008
2018-05-15 14:00:00,1292.9885,1295.768,1292.955,1294.9035
2018-05-15 14:15:00,1294.8284999999998,1295.0140000000001,1293.8485,1294.194
2018-05-15 14:30:00,1294.184,1295.21,1293.1560000000002,1294.54
2018-05-15 14:45:00,1294.4665,1294.9085,1293.794,1294.4055
2018-05-15 15:00:00,1294.4195,1294.5895,1293.3545000000001,1294.041
2018-05-15 15:15:00,1294.0465,1295.5120000000002,1294.0149999999999,1294.805
2018-05-15 15:30:00,1294.783,1295.395,1294.454,1294.4655
2018-05-15 15:45:00,1294.4635,1294.7089999999998,1293.5095000000001,1293.6755
2018-05-15 16:00:00,1293.6855,1294.1645,1291.3885,1291.953
2018-05-15 16:15:00,1291.963,1292.828,1291.76,1292.819
2018-05-15 16:30:00,1292.8184999999999,1293.1200000000001,1292.333,1292.3584999999998
2018-05-15 16:45:00,1292.3684999999998,1292.4634999999998,1290.984,1291.509
2018-05-15 17:00:00,1291.4985,1291.5395,1290.275,1290.8584999999998
2018-05-15 17:15:00,1290.8529999999998,1291.124,1289.7085,1290.9289999999999
2018-05-15 17:30:00,1290.9189999999999,1291.5140000000001,1290.708,1290.8935
2018-05-15 17:45:00,1290.889,1291.273,1290.659,1290.8284999999998
2018-05-15 18:00:00,1290.8335000000002,1290.923,1289.415,1289.6084999999998
2018-05-15 18:15:00,1289.6585,1290.313,1288.7735,1290.0895
2018-05-15 18:30:00,1290.081,1292.9285,1289.9850000000001,1291.4950000000001
2018-05-15 18:45:00,1291.498,1292.2285,1290.523,1290.635
2018-05-15 19:00:00,1290.625,1292.8585,1290.54,1292.445
2018-05-15 19:15:00,1292.4315,1292.4859999999999,1291.6744999999999,1291.6885
2018-05-15 19:30:00,1291.725,1292.52,1291.725,1291.9750000000001
2018-05-15 19:45:00,1291.9789999999998,1292.8005,1291.6685000000002,1292.3500000000001
2018-05-15 20:00:00,1292.3285,1292.9985,1292.3285,1292.6605
2018-05-15 20:15:00,1292.6585,1292.82,1292.24,1292.247
2018-05-15 20:30:00,1292.2465,1292.265,1291.5645,1291.6699999999998
2018-05-15 20:45:00,1291.6599999999999,1291.6599999999999,1290.4299999999998,1290.6205
2018-05-15 22:00:00,1290.1499999999999,1292.0235,1289.9435,1292.0135
2018-05-15 22:15:00,1292.0185,1292.7990000000002,1291.93,1292.7990000000002
2018-05-15 22:30:00,1292.7939999999999,1293.0545,1292.1305,1293.0445
2018-05-15 22:45:00,1293.025,1293.1055000000001,1292.3745000000001,1292.3899999999999
2018-05-15 23:00:00,1292.371,1293.0700000000002,1292.371,1292.5549999999998
2018-05-15 23:15:00,1292.559,1292.7115000000001,1292.3480000000002,1292.665
2018-05-15 23:30:00,1292.6645,1293.4235,1292.3899999999999,1293.4135
2018-05-15 23:45:00,1293.4180000000001,1293.6235,1292.469,1292.923
2018-05-16 01:00:00,1292.7235,1292.828,1291.6685000000002,1292.2135
2018-05-16 01:15:00,1292.223,1292.48,1291.883,1292.315
2018-05-16 01:30:00,1292.348,1292.894,1291.3835,1292.7540000000001
2018-05-16 01:45:00,1292.7489999999998,1293.394,1292.229,1293.338
2018-05-16 02:00:00,1293.323,1293.838,1293.098,1293.8285
2018-05-16 02:15:00,1293.8035,1294.3835,1293.4850000000001,1294.232
2018-05-16 02:30:00,1294.237,1294.7340000000002,1293.7345,1293.754
2018-05-16 02:45:00,1293.7555,1294.3745,1293.7485,1294.0435
2018-05-16 03:00:00,1294.0335,1294.2335,1293.3915,1293.4985000000001
2018-05-16 03:15:00,1293.505,1294.0484999999999,1293.478,1293.9689999999998
2018-05-16 03:30:00,1293.9740000000002,1294.407,1293.6734999999999,1294.0149999999999
2018-05-16 03:45:00,1294.0204999999999,1294.7035,1293.9080000000001,1294.24
2018-05-16 04:00:00,1294.2535,1294.2644999999998,1293.6435,1293.668
2018-05-16 04:15:00,1293.6734999999999,1293.8700000000001,1293.5484999999999,1293.8435
2018-05-16 04:30:00,1293.85,1294.1655,1293.7165,1294.1644999999999
2018-05-16 04:45:00,1294.1485,1294.2395,1293.9434999999999,1294.2395
2018-05-16 05:00:00,1294.2615,1294.265,1293.6585,1293.754
2018-05-16 05:15:00,1293.7585,1294.0635,1293.6535,1293.7649999999999
2018-05-16 05:30:00,1293.771,1294.3249999999998,1293.374,1294.129
2018-05-16 05:45:00,1294.124,1295.1299999999999,1294.0285,1294.9535
2018-05-16 06:00:00,1294.9435,1295.06,1294.3045,1294.9655
2018-05-16 06:15:00,1294.947,1295.1254999999999,1293.9,1293.9060000000002
2018-05-16 06:30:00,1293.895,1294.4485,1293.598,1294.0335
2018-05-16 06:45:00,1294.0339999999999,1295.18,1293.789,1294.7749999999999
2018-05-16 07:00:00,1294.7189999999998,1295.165,1294.0135,1294.9334999999999
2018-05-16 07:15:00,1294.934,1296.6055000000001,1294.9099999999999,1296.5135
2018-05-16 07:30:00,1296.5195,1296.9595,1295.953,1296.06
2018-05-16 07:45:00,1296.074,1296.175,1295.4695000000002,1295.5955
2018-05-16 08:00:00,1295.615,1295.9895,1295.274,1295.5135
2018-05-16 08:15:00,1295.5140000000001,1295.6085000000003,1295.1799999999998,1295.2305
2018-05-16 08:30:00,1295.2405,1295.3445,1293.7285,1293.764
2018-05-16 08:45:00,1293.7735,1294.2085,1292.544,1293.224
2018-05-16 09:00:00,1293.2085000000002,1293.6435,1292.95,1293.1950000000002
2018-05-16 09:15:00,1293.123,1293.2179999999998,1290.405,1291.74
2018-05-16 09:30:00,1291.7465,1291.9560000000001,1290.8394999999998,1290.9120000000003
2018-05-16 09:45:00,1290.9445,1291.6835,1290.5785,1291.106
2018-05-16 10:00:00,1291.1045,1291.515,1289.649,1290.216
2018-05-16 10:15:00,1290.22,1291.564,1289.643,1291.0435
2018-05-16 10:30:00,1291.044,1291.2379999999998,1290.149,1290.8455
2018-05-16 10:45:00,1290.8339999999998,1291.638,1290.7335,1291.45
2018-05-16 11:00:00,1291.4485,1291.45,1290.409,1290.7905
2018-05-16 11:15:00,1290.784,1291.025,1290.114,1290.2215
2018-05-16 11:30:00,1290.261,1290.3649999999998,1286.7385000000002,1287.21
2018-05-16 11:45:00,1287.2150000000001,1288.9154999999998,1287.115,1288.7345
2018-05-16 12:00:00,1288.775,1288.8835,1287.453,1287.65
2018-05-16 12:15:00,1287.6484999999998,1287.8039999999999,1286.454,1287.479
2018-05-16 12:30:00,1287.474,1288.75,1287.2399999999998,1287.6105
2018-05-16 12:45:00,1287.6200000000001,1288.015,1286.61,1287.6000000000001
2018-05-16 13:00:00,1287.595,1290.1185,1287.5,1289.205
2018-05-16 13:15:00,1289.2150000000001,1291.6995,1288.983,1291.281
2018-05-16 13:30:00,1291.2649999999999,1291.5659999999998,1290.2694999999999,1291.2905
2018-05-16 13:45:00,1291.23,1291.8465,1290.8529999999998,1291.169
2018-05-16 14:00:00,1291.1854999999998,1291.8235,1290.186,1290.309
2018-05-16 14:15:00,1290.3135,1290.8290000000002,1288.838,1288.964
2018-05-16 14:30:00,1288.9385,1290.0465000000002,1288.5535,1289.845
2018-05-16 14:45:00,1289.855,1289.8754999999999,1288.1160000000002,1288.4184999999998
2018-05-16 15:00:00,1288.4284999999998,1289.345,1288.342,1288.6154999999999
2018-05-16 15:15:00,1288.6205,1288.9044999999999,1287.6200000000001,1288.8944999999999
2018-05-16 15:30:00,1288.8850000000002,1289.005,1288.0900000000001,1288.614
2018-05-16 15:45:00,1288.6135,1290.075,1288.44,1289.8315
2018-05-16 16:00:00,1289.835,1290.195,1289.431,1289.8500000000001
2018-05-16 16:15:00,1289.86,1291.0104999999999,1289.86,1290.9565
2018-05-16 16:30:00,1290.936,1291.3845000000001,1290.715,1291.2815
2018-05-16 16:45:00,1291.306,1291.8705,1290.8935,1291.7495000000001
2018-05-16 17:00:00,1291.746,1292.4565,1291.3745,1291.5095000000001
2018-05-16 17:15:00,1291.4995,1292.2985,1291.0415,1291.9814999999999
2018-05-16 17:30:00,1291.98,1292.559,1291.945,1292.49
2018-05-16 17:45:00,1292.475,1293.5414999999998,1292.2535,1293.3685
2018-05-16 18:00:00,1293.369,1293.7649999999999,1292.8505,1292.9550000000002
2018-05-16 18:15:00,1292.945,1293.375,1292.545,1292.569
2018-05-16 18:30:00,1292.578,1292.68,1292.15,1292.6
2018-05-16 18:45:00,1292.5964999999999,1292.6205,1291.653,1291.7830000000001
2018-05-16 19:00:00,1291.8005,1292.0955,1291.415,1291.804
2018-05-16 19:15:00,1291.8035,1291.9845,1291.385,1291.39
2018-05-16 19:30:00,1291.4,1291.5704999999998,1291.0815,1291.244
2018-05-16 19:45:00,1291.2485,1291.2835,1290.28,1290.588
2018-05-16 20:00:00,1290.583,1291.202,1290.4779999999998,1291.1035
2018-05-16 20:15:00,1291.103,1291.1335000000001,1290.7540000000001,1290.8055000000002
2018-05-16 20:30:00,1290.7315,1290.789,1290.3884999999998,1290.4399999999998
2018-05-16 20:45:00,1290.4399999999998,1291.0035,1290.385,1290.75
2018-05-16 22:00:00,1290.59,1291.412,1290.442,1291.4115
2018-05-16 22:15:00,1291.412,1291.625,1291.346,1291.475
2018-05-16 22:30:00,1291.47,1291.8635,1291.466,1291.74
2018-05-16 22:45:00,1291.734,1291.8,1291.563,1291.6835
2018-05-16 23:00:00,1291.6785,1291.69,1291.28,1291.648
2018-05-16 23:15:00,1291.6399999999999,1291.6399999999999,1291.0,1291.1670000000001
2018-05-16 23:30:00,1291.1715000000002,1291.384,1290.8695,1291.3135
2018-05-16 23:45:00,1291.308,1292.0884999999998,1291.2230000000002,1291.865
2018-05-17 01:00:00,1290.675,1290.9855,1289.685,1290.0185000000001
2018-05-17 01:15:00,1290.0330000000001,1291.3665,1289.9235,1291.3665
2018-05-17 01:30:00,1291.365,1291.9985000000001,1290.959,1291.7984999999999
2018-05-17 01:45:00,1291.798,1292.883,1291.798,1292.133
2018-05-17 02:00:00,1292.1435,1294.2450000000001,1292.1335,1293.69
2018-05-17 02:15:00,1293.693,1294.365,1293.428,1294.2734999999998
2018-05-17 02:30:00,1294.2315,1294.465,1293.23,1293.32
2018-05-17 02:45:00,1293.3095,1293.6409999999998,1292.968,1293.1100000000001
2018-05-17 03:00:00,1293.111,1293.27,1292.883,1292.906
2018-05-17 03:15:00,1292.9065,1293.064,1292.505,1292.9635
2018-05-17 03:30:00,1292.964,1292.964,1292.3985,1292.4485
2018-05-17 03:45:00,1292.4534999999998,1292.568,1291.903,1292.0935
2018-05-17 04:00:00,1292.099,1292.854,1291.883,1292.698
2018-05-17 04:15:00,1292.6985,1292.985,1292.5935,1292.9745
2018-05-17 04:30:00,1292.9795000000001,1292.99,1292.1685,1292.3285
2018-05-17 04:45:00,1292.2830000000001,1292.3600000000001,1291.648,1291.775
2018-05-17 05:00:00,1291.769,1292.1895,1291.4385,1292.0835
2018-05-17 05:15:00,1292.0784999999998,1292.085,1291.0555,1291.544
2018-05-17 05:30:00,1291.518,1292.239,1291.4735,1291.928
2018-05-17 05:45:00,1291.9185,1293.2749999999999,1291.8835,1293.063
2018-05-17 06:00:00,1293.06,1293.06,1290.35,1290.66
2018-05-17 06:15:00,1290.655,1290.656,1289.12,1289.925
2018-05-17 06:30:00,1289.8935,1289.9854999999998,1288.578,1289.6634999999999
2018-05-17 06:45:00,1289.725,1289.825,1288.8784999999998,1289.5305
2018-05-17 07:00:00,1289.53,1289.6505,1288.269,1288.569
2018-05-17 07:15:00,1288.5639999999999,1289.2505,1288.143,1289.2
2018-05-17 07:30:00,1289.198,1290.2715,1288.888,1289.9685
2018-05-17 07:45:00,1289.97,1290.53,1289.5435,1290.24
2018-05-17 08:00:00,1290.233,1290.569,1288.1634999999999,1288.749
2018-05-17 08:15:00,1288.755,1289.174,1288.5739999999998,1288.6799999999998
2018-05-17 08:30:00,1288.6795,1288.6805,1287.3384999999998,1287.6235000000001
2018-05-17 08:45:00,1287.6280000000002,1288.3615,1287.4379999999999,1288.335
2018-05-17 09:00:00,1288.3255,1289.32,1288.0900000000001,1289.1
2018-05-17 09:15:00,1289.057,1289.515,1288.711,1289.0145
2018-05-17 09:30:00,1289.0415,1289.2205000000001,1287.855,1288.173
2018-05-17 09:45:00,1288.1354999999999,1288.4245,1287.659,1287.874
2018-05-17 10:00:00,1287.8435,1288.635,1287.66,1288.462
2018-05-17 10:15:00,1288.467,1288.5304999999998,1285.287,1286.364
2018-05-17 10:30:00,1286.3635,1286.8565,1285.9195,1286.73
2018-05-17 10:45:00,1286.746,1288.15,1286.73,1287.71
2018-05-17 11:00:00,1287.7214999999999,1287.835,1287.0215,1287.4705000000001
2018-05-17 11:15:00,1287.472,1289.025,1287.451,1289.025
2018-05-17 11:30:00,1289.0295,1289.3360000000002,1288.0714999999998,1288.4245
2018-05-17 11:45:00,1288.428,1288.8005,1287.901,1288.47
2018-05-17 12:00:00,1288.4599999999998,1289.4,1287.82,1289.145
2018-05-17 12:15:00,1289.117,1289.2559999999999,1287.6195,1288.65
2018-05-17 12:30:00,1288.655,1289.1670000000001,1287.908,1288.5645
2018-05-17 12:45:00,1288.5660000000003,1290.267,1287.284,1289.847
2018-05-17 13:00:00,1289.8415,1291.695,1289.5415,1290.109
2018-05-17 13:15:00,1290.0349999999999,1290.907,1289.7905,1289.8915
2018-05-17 13:30:00,1289.8895,1289.9345,1288.5300000000002,1288.715
2018-05-17 13:45:00,1288.705,1289.6190000000001,1288.6095,1289.022
2018-05-17 14:00:00,1289.0265,1289.997,1288.4215000000002,1289.4344999999998
2018-05-17 14:15:00,1289.425,1290.6015,1289.2479999999998,1290.2915
2018-05-17 14:30:00,1290.2265,1291.3715,1289.3985,1289.5395
2018-05-17 14:45:00,1289.539,1290.2305000000001,1288.8935,1289.7034999999998
2018-05-17 15:00:00,1289.6834999999999,1290.0700000000002,1288.3555000000001,1288.4445
2018-05-17 15:15:00,1288.443,1289.3605,1288.1444999999999,1289.3605
2018-05-17 15:30:00,1289.3505,1289.4595000000002,1288.3595,1288.3595
2018-05-17 15:45:00,1288.36,1288.8290000000002,1287.7435,1288.74
2018-05-17 16:00:00,1288.73,1290.8235000000002,1288.661,1289.8915
2018-05-17 16:15:00,1289.895,1291.2765,1289.865,1291.0765000000001
2018-05-17 16:30:00,1291.036,1291.7115,1290.662,1291.71
2018-05-17 16:45:00,1291.639,1291.845,1291.376,1291.4705
2018-05-17 17:00:00,1291.47,1291.7045,1290.175,1290.799
2018-05-17 17:15:00,1290.79,1290.926,1289.923,1290.248
2018-05-17 17:30:00,1290.224,1291.1764999999998,1290.2145,1290.3649999999998
2018-05-17 17:45:00,1290.3585,1290.9685,1290.1050000000002,1290.889
2018-05-17 18:00:00,1290.8885,1291.0785,1290.4744999999998,1290.6235
2018-05-17 18:15:00,1290.623,1291.4695,1290.5315,1291.4645
2018-05-17 18:30:00,1291.4545,1291.865,1291.35,1291.455
2018-05-17 18:45:00,1291.455,1291.6215000000002,1291.1735,1291.1899999999998
2018-05-17 19:00:00,1291.2299999999998,1291.414,1290.804,1291.0065
2018-05-17 19:15:00,1291.051,1291.1560000000002,1290.4099999999999,1290.4735
2018-05-17 19:30:00,1290.475,1290.53,1289.9065,1290.0985
2018-05-17 19:45:00,1290.0945,1291.1565,1289.9850000000001,1291.1465
2018-05-17 20:00:00,1291.102,1291.279,1291.01,1291.064
2018-05-17 20:15:00,1291.0635,1291.2099999999998,1291.0585,1291.1615000000002
2018-05-17 20:30:00,1291.172,1291.245,1290.874,1290.8835
2018-05-17 20:45:00,1290.895,1291.0294999999999,1290.7705,1290.8999999999999
2018-05-17 22:00:00,1290.96,1290.96,1290.3205,1290.492
2018-05-17 22:15:00,1290.4914999999999,1290.7265,1290.16,1290.536
2018-05-17 22:30:00,1290.531,1290.9365,1290.0494999999999,1290.1365
2018-05-17 22:45:00,1290.137,1290.7115000000001,1290.1254999999999,1290.652
2018-05-17 23:00:00,1290.6365,1290.7315,1290.5215,1290.5355
2018-05-17 23:15:00,1290.53,1290.54,1290.075,1290.2115000000001
2018-05-17 23:30:00,1290.2160000000001,1290.3435,1289.3315,1289.998
2018-05-17 23:45:00,1290.0030000000002,1290.0784999999998,1289.5965,1289.605
2018-05-18 01:00:00,1289.968,1289.9950000000001,1289.0985,1289.2185000000002
2018-05-18 01:15:00,1289.2135,1289.4805,1288.7905,1289.4055
2018-05-18 01:30:00,1289.4,1289.4,1287.9335,1287.939
2018-05-18 01:45:00,1287.9385,1288.944,1287.8785,1288.8285
2018-05-18 02:00:00,1288.824,1289.2450000000001,1288.705,1288.944
2018-05-18 02:15:00,1288.9434999999999,1288.945,1288.4540000000002,1288.6685
2018-05-18 02:30:00,1288.6585,1289.8195,1288.458,1289.4235
2018-05-18 02:45:00,1289.4185,1289.4235,1288.549,1288.7085
2018-05-18 03:00:00,1288.7235,1288.8204999999998,1288.243,1288.52
2018-05-18 03:15:00,1288.5745,1289.1605,1288.524,1289.16
2018-05-18 03:30:00,1289.143,1289.7145,1288.8435000000002,1289.467
2018-05-18 03:45:00,1289.5415,1289.5415,1288.78,1288.78
2018-05-18 04:00:00,1288.7965000000002,1289.1285,1288.685,1288.804
2018-05-18 04:15:00,1288.81,1288.8944999999999,1288.1715,1288.419
2018-05-18 04:30:00,1288.4285,1288.585,1288.3035,1288.3085
2018-05-18 04:45:00,1288.309,1288.609,1288.3035,1288.608
2018-05-18 05:00:00,1288.6045,1288.79,1288.3335,1288.5079999999998
2018-05-18 05:15:00,1288.5030000000002,1289.515,1288.4235,1289.4
2018-05-18 05:30:00,1289.4035,1290.2165,1289.3284999999998,1290.1299999999999
2018-05-18 05:45:00,1290.115,1290.1885,1289.6080000000002,1290.0040000000001
2018-05-18 06:00:00,1289.9985000000001,1290.635,1289.4995,1290.51
2018-05-18 06:15:00,1290.5145,1290.72,1290.0085000000001,1290.5185
2018-05-18 06:30:00,1290.5135,1290.514,1288.9785,1289.3595
2018-05-18 06:45:00,1289.3235,1290.32,1288.959,1290.305
2018-05-18 07:00:00,1290.2645,1291.2109999999998,1289.9495,1290.7
2018-05-18 07:15:00,1290.705,1290.715,1289.945,1290.26
2018-05-18 07:30:00,1290.2585,1290.3635000000002,1289.8785,1289.9805000000001
2018-05-18 07:45:00,1289.98,1289.98,1289.1685,1289.6705000000002
2018-05-18 08:00:00,1289.6104999999998,1289.98,1289.209,1289.6685000000002
2018-05-18 08:15:00,1289.6585,1289.7189999999998,1288.5985,1288.704
2018-05-18 08:30:00,1288.69,1289.0835,1288.3135,1288.8584999999998
2018-05-18 08:45:00,1288.8584999999998,1289.435,1288.7635,1288.828
2018-05-18 09:00:00,1288.8294999999998,1288.9485,1288.4,1288.73
2018-05-18 09:15:00,1288.705,1288.71,1287.1385,1287.488
2018-05-18 09:30:00,1287.4935,1287.6100000000001,1286.69,1286.697
2018-05-18 09:45:00,1286.7,1287.468,1286.354,1286.3935000000001
2018-05-18 10:00:00,1286.395,1287.1385,1286.345,1287.0484999999999
2018-05-18 10:15:00,1287.02,1287.4334999999999,1286.595,1286.77
2018-05-18 10:30:00,1286.7715,1287.3255,1286.654,1287.0515
2018-05-18 10:45:00,1287.042,1287.325,1286.6209999999999,1287.135
2018-05-18 11:00:00,1287.122,1287.122,1286.315,1286.8765
2018-05-18 11:15:00,1286.8665,1287.7704999999999,1286.758,1286.775
2018-05-18 11:30:00,1286.785,1287.915,1286.7694999999999,1287.6285
2018-05-18 11:45:00,1287.6200000000001,1288.803,1287.3535,1288.76
2018-05-18 12:00:00,1288.7415,1288.9244999999999,1287.817,1288.2365
2018-05-18 12:15:00,1288.2359999999999,1288.9199999999998,1287.92,1288.5185
2018-05-18 12:30:00,1288.5,1288.6085,1286.36,1287.1045000000001
2018-05-18 12:45:00,1287.0765,1287.5845,1286.1560000000002,1287.456
2018-05-18 13:00:00,1287.47,1288.3465,1286.1599999999999,1288.1444999999999
2018-05-18 13:15:00,1288.1345,1288.7385,1287.3509999999999,1287.981
2018-05-18 13:30:00,1287.9795000000001,1290.5535,1287.4215,1289.8665
2018-05-18 13:45:00,1289.867,1290.12,1288.83,1288.8415
2018-05-18 14:00:00,1288.8470000000002,1289.522,1288.338,1289.3165
2018-05-18 14:15:00,1289.3215000000002,1290.0549999999998,1289.2365000000002,1289.9155
2018-05-18 14:30:00,1289.925,1292.1609999999998,1289.922,1291.1915000000001
2018-05-18 14:45:00,1291.1964999999998,1292.97,1291.1864999999998,1292.11
2018-05-18 15:00:00,1292.1045,1292.602,1291.5265,1291.8715
2018-05-18 15:15:00,1291.88,1292.0359999999998,1291.2385,1291.922
2018-05-18 15:30:00,1291.9215000000002,1291.9215000000002,1291.0810000000001,1291.1185
2018-05-18 15:45:00,1291.118,1291.656,1290.575,1291.4665
2018-05-18 16:00:00,1291.477,1291.8715,1291.3365,1291.5765000000001
2018-05-18 16:15:00,1291.5610000000001,1292.9215,1291.4865,1292.14
2018-05-18 16:30:00,1292.176,1292.3845000000001,1291.9585,1292.3695
2018-05-18 16:45:00,1292.4585,1292.8799999999999,1291.9734999999998,1292.6505
2018-05-18 17:00:00,1292.6655,1292.7865000000002,1292.375,1292.4035
2018-05-18 17:15:00,1292.404,1292.4150000000002,1291.4885,1291.9940000000001
2018-05-18 17:30:00,1291.9930000000002,1292.5885,1291.9930000000002,1292.5755000000001
2018-05-18 17:45:00,1292.574,1292.587,1291.859,1292.26
2018-05-18 18:00:00,1292.248,1292.3819999999998,1291.9550000000002,1292.3400000000001
2018-05-18 18:15:00,1292.3365000000001,1293.402,1292.2455,1293.0795
2018-05-18 18:30:00,1293.0945000000002,1294.177,1293.021,1293.8765
2018-05-18 18:45:00,1293.877,1294.2765000000002,1293.5265000000002,1293.9464999999998
2018-05-18 19:00:00,1293.9215000000002,1294.1715,1293.465,1293.5545
2018-05-18 19:15:00,1293.5510000000002,1293.8155,1293.3,1293.31
2018-05-18 19:30:00,1293.31,1293.407,1292.607,1292.7669999999998
2018-05-18 19:45:00,1292.7769999999998,1293.005,1291.7435,1291.7655
2018-05-18 20:00:00,1291.8035,1292.272,1291.7685000000001,1292.2705
2018-05-18 20:15:00,1292.27,1292.445,1292.1770000000001,1292.305
2018-05-18 20:30:00,1292.3095,1292.557,1292.095,1292.4865
2018-05-18 20:45:00,1292.4765,1293.2015,1292.3809999999999,1293.1505
2018-05-20 22:00:00,1290.7250000000001,1292.0285,1290.2649999999999,1291.9850000000001
2018-05-20 22:15:00,1291.9850000000001,1292.09,1291.89,1291.89
2018-05-20 22:30:00,1291.79,1291.79,1290.9565,1291.056
2018-05-20 22:45:00,1291.061,1291.0964999999999,1290.7015,1290.73
2018-05-20 23:00:00,1290.73,1290.98,1290.4064999999998,1290.5635
2018-05-20 23:15:00,1290.56,1290.9865,1290.442,1290.9665
2018-05-20 23:30:00,1290.922,1290.961,1290.7160000000001,1290.7160000000001
2018-05-20 23:45:00,1290.7165,1291.8915,1290.6065,1291.2420000000002
2018-05-21 01:00:00,1289.888,1290.504,1289.481,1289.7585
2018-05-21 01:15:00,1289.763,1290.293,1289.763,1290.26
2018-05-21 01:30:00,1290.2635,1290.8165000000001,1290.0210000000002,1290.5415
2018-05-21 01:45:00,1290.535,1290.625,1289.821,1290.1465
2018-05-21 02:00:00,1290.1415,1290.22,1289.6589999999999,1289.955
2018-05-21 02:15:00,1289.952,1289.9850000000001,1289.0995,1289.6535
2018-05-21 02:30:00,1289.6589999999999,1290.1039999999998,1289.419,1289.844
2018-05-21 02:45:00,1289.833,1289.914,1289.1485,1289.2935000000002
2018-05-21 03:00:00,1289.278,1289.2949999999998,1288.775,1288.9835
2018-05-21 03:15:00,1288.9885,1289.3985,1288.9185000000002,1288.954
2018-05-21 03:30:00,1288.9234999999999,1289.3090000000002,1288.9085,1289.3049999999998
2018-05-21 03:45:00,1289.2939999999999,1289.3045000000002,1288.4879999999998,1288.5745
2018-05-21 04:00:00,1288.575,1288.5885,1287.838,1287.8585
2018-05-21 04:15:00,1287.854,1288.4705000000001,1287.8,1288.439
2018-05-21 04:30:00,1288.4385,1288.664,1288.1535,1288.183
2018-05-21 04:45:00,1288.1834999999999,1288.7765000000002,1288.143,1288.176
2018-05-21 05:00:00,1288.1795,1288.355,1287.76,1287.77
2018-05-21 05:15:00,1287.7404999999999,1287.7649999999999,1286.8735000000001,1287.44
2018-05-21 05:30:00,1287.4355,1287.5665000000001,1286.1730000000002,1286.21
2018-05-21 05:45:00,1286.219,1287.0435,1286.181,1286.9479999999999
2018-05-21 06:00:00,1286.9534999999998,1287.145,1286.205,1286.714
2018-05-21 06:15:00,1286.7235,1287.2250000000001,1283.9095,1284.4935
2018-05-21 06:30:00,1284.4585,1284.9985,1283.8419999999999,1284.2604999999999
2018-05-21 06:45:00,1284.2649999999999,1284.625,1282.925,1283.4150000000002
2018-05-21 07:00:00,1283.4189999999999,1283.4485,1282.156,1283.254
2018-05-21 07:15:00,1283.2395,1283.4299999999998,1282.75,1283.2285
2018-05-21 07:30:00,1283.23,1284.1834999999999,1283.0555,1283.11
2018-05-21 07:45:00,1283.12,1283.4215,1282.758,1282.868
2018-05-21 08:00:00,1282.8685,1283.3035,1282.3605,1282.935
2018-05-21 08:15:00,1282.9365,1283.83,1282.9365,1283.6354999999999
2018-05-21 08:30:00,1283.6285,1284.09,1283.2485,1283.535
2018-05-21 08:45:00,1283.5339999999999,1284.9834999999998,1283.525,1284.453
2018-05-21 09:00:00,1284.4595,1284.8115,1284.1200000000001,1284.7155
2018-05-21 09:15:00,1284.705,1284.78,1284.3405,1284.675
2018-05-21 09:30:00,1284.6745,1285.5235,1284.5800000000002,1285.065
2018-05-21 09:45:00,1285.0755,1285.2755,1284.5435,1284.6509999999998
2018-05-21 10:00:00,1284.646,1284.9615,1284.515,1284.5265000000002
2018-05-21 10:15:00,1284.5215,1284.6164999999999,1284.102,1284.467
2018-05-21 10:30:00,1284.4665,1285.3339999999998,1284.283,1285.0249999999999
2018-05-21 10:45:00,1285.0255,1285.1555,1284.4115,1284.4655
2018-05-21 11:00:00,1284.4535,1284.5255,1283.914,1284.285
2018-05-21 11:15:00,1284.3495,1285.881,1284.1095,1285.2450000000001
2018-05-21 11:30:00,1285.247,1285.876,1285.2455,1285.3500000000001
2018-05-21 11:45:00,1285.3505,1285.45,1284.326,1285.0185
2018-05-21 12:00:00,1285.014,1285.49,1284.6145,1284.7945
2018-05-21 12:15:00,1284.873,1285.9495,1284.2120000000002,1285.257
2018-05-21 12:30:00,1285.2565,1285.6670000000001,1284.5549999999998,1285.6495
2018-05-21 12:45:00,1285.6395,1288.1060000000002,1285.3845,1287.135
2018-05-21 13:00:00,1287.1505,1287.976,1287.0080000000003,1287.5065
2018-05-21 13:15:00,1287.4965,1289.8374999999999,1287.416,1289.2250000000001
2018-05-21 13:30:00,1289.165,1289.7295,1288.8155000000002,1289.24
2018-05-21 13:45:00,1289.2385000000002,1289.315,1287.41,1288.3665
2018-05-21 14:00:00,1288.3615,1290.0815000000002,1288.1865,1288.4599999999998
2018-05-21 14:15:00,1288.47,1288.5085,1287.598,1288.1834999999999
2018-05-21 14:30:00,1288.185,1289.0705,1287.792,1288.705
2018-05-21 14:45:00,1288.6705,1288.8809999999999,1287.115,1288.23
2018-05-21 15:00:00,1288.2315,1288.9805,1288.1905,1288.6950000000002
2018-05-21 15:15:00,1288.6955,1289.2450000000001,1288.605,1289.085
2018-05-21 15:30:00,1289.0945,1290.3465,1288.965,1289.405
2018-05-21 15:45:00,1289.407,1289.5869999999998,1287.7704999999999,1289.545
2018-05-21 16:00:00,1289.576,1290.4444999999998,1289.1815000000001,1290.2955
2018-05-21 16:15:00,1290.295,1290.295,1289.202,1289.305
2018-05-21 16:30:00,1289.26,1289.4115,1288.875,1289.2155
2018-05-21 16:45:00,1289.2050000000002,1290.0310000000002,1289.1335000000001,1289.91
2018-05-21 17:00:00,1289.9085,1291.8865,1289.611,1291.5410000000002
2018-05-21 17:15:00,1291.5614999999998,1292.2065,1291.2665,1291.4715
2018-05-21 17:30:00,1291.455,1291.6664999999998,1290.981,1291.1285
2018-05-21 17:45:00,1291.13,1291.8565,1291.13,1291.6945
2018-05-21 18:00:00,1291.6995,1292.3165000000001,1291.185,1291.3755
2018-05-21 18:15:00,1291.337,1291.3755,1290.722,1290.8165000000001
2018-05-21 18:30:00,1290.855,1291.5145,1290.8200000000002,1291.5105
2018-05-21 18:45:00,1291.5015,1292.355,1291.475,1292.05
2018-05-21 19:00:00,1292.04,1292.8215000000002,1292.0365,1292.8215000000002
2018-05-21 19:15:00,1292.821,1292.9215,1292.051,1292.14
2018-05-21 19:30:00,1292.1365,1292.612,1291.865,1292.541
2018-05-21 19:45:00,1292.5415,1292.7859999999998,1292.117,1292.242
2018-05-21 20:00:00,1292.2585,1292.55,1292.2415,1292.5455
2018-05-21 20:15:00,1292.5515,1292.962,1292.5505,1292.8764999999999
2018-05-21 20:30:00,1292.8815,1293.1615000000002,1292.8509999999999,1293.0515
2018-05-21 20:45:00,1293.0520000000001,1293.097,1292.5,1292.7
2018-05-21 22:00:00,1293.1000000000001,1293.201,1292.5315,1292.5565
2018-05-21 22:15:00,1292.5620000000001,1292.7700000000002,1292.332,1292.647
2018-05-21 22:30:00,1292.6465,1292.8564999999999,1292.4714999999999,1292.7869999999998
2018-05-21 22:45:00,1292.7814999999998,1293.341,1292.6705,1293.2649999999999
2018-05-21 23:00:00,1293.28,1293.5155,1293.096,1293.191
2018-05-21 23:15:00,1293.1915,1293.5349999999999,1293.131,1293.201
2018-05-21 23:30:00,1293.216,1293.5155,1292.5845000000002,1292.62
2018-05-21 23:45:00,1292.624,1292.7720000000002,1292.076,1292.5515
2018-05-22 01:00:00,1292.5435,1292.5915,1291.7565,1292.0314999999998
2018-05-22 01:15:00,1292.0405,1292.2540000000001,1291.096,1291.4355
2018-05-22 01:30:00,1291.4255,1291.6895,1290.958,1291.0485
2018-05-22 01:45:00,1291.048,1291.327,1290.4064999999998,1291.0555
2018-05-22 02:00:00,1291.0500000000002,1291.15,1289.9565,1290.0715
2018-05-22 02:15:00,1290.072,1290.6705,1290.062,1290.3649999999998
2018-05-22 02:30:00,1290.339,1290.58,1290.0895,1290.4865
2018-05-22 02:45:00,1290.4855000000002,1291.0265,1290.2005,1290.785
2018-05-22 03:00:00,1290.7865000000002,1290.977,1290.586,1290.9565
2018-05-22 03:15:00,1290.956,1291.041,1290.6315,1290.6315
2018-05-22 03:30:00,1290.636,1291.057,1290.371,1291.0245
2018-05-22 03:45:00,1291.0294999999999,1291.118,1290.475,1290.48
2018-05-22 04:00:00,1290.475,1290.576,1290.275,1290.4655
2018-05-22 04:15:00,1290.465,1290.6865,1290.455,1290.575
2018-05-22 04:30:00,1290.573,1290.5735,1289.495,1289.5955000000001
2018-05-22 04:45:00,1289.5900000000001,1289.7085,1289.21,1289.5705
2018-05-22 05:00:00,1289.5835,1289.5835,1288.9465,1289.2355
2018-05-22 05:15:00,1289.2465000000002,1289.848,1288.4705000000001,1289.7695
2018-05-22 05:30:00,1289.77,1290.2604999999999,1289.758,1290.165
2018-05-22 05:45:00,1290.156,1290.6465,1290.0765,1290.3665
2018-05-22 06:00:00,1290.357,1291.499,1290.2549999999999,1290.8014999999998
2018-05-22 06:15:00,1290.8,1291.1085,1289.683,1289.779
2018-05-22 06:30:00,1289.713,1289.8715,1289.0935,1289.3284999999998
2018-05-22 06:45:00,1289.3635,1290.3980000000001,1288.8034999999998,1288.8429999999998
2018-05-22 07:00:00,1288.8829999999998,1289.8015,1288.015,1289.3235
2018-05-22 07:15:00,1289.2810000000002,1290.9615000000001,1289.2450000000001,1290.71
2018-05-22 07:30:00,1290.708,1292.272,1290.587,1291.742
2018-05-22 07:45:00,1291.795,1292.7855000000002,1291.725,1292.6235
2018-05-22 08:00:00,1292.6345000000001,1296.004,1292.605,1294.3049999999998
2018-05-22 08:15:00,1294.295,1294.5615,1293.8205,1294.3394999999998
2018-05-22 08:30:00,1294.3294999999998,1294.477,1293.5659999999998,1293.654
2018-05-22 08:45:00,1293.6499999999999,1294.61,1293.4305,1293.801
2018-05-22 09:00:00,1293.816,1294.4635,1293.816,1294.3660000000002
2018-05-22 09:15:00,1294.36,1294.43,1293.7915,1294.3400000000001
2018-05-22 09:30:00,1294.29,1294.531,1294.0684999999999,1294.425
2018-05-22 09:45:00,1294.464,1295.2079999999999,1294.3709999999999,1295.045
2018-05-22 10:00:00,1295.05,1295.3565,1294.42,1295.0569999999998
2018-05-22 10:15:00,1295.0565000000001,1295.1595,1294.5455,1294.6545
2018-05-22 10:30:00,1294.6485,1294.84,1294.2910000000002,1294.3255000000001
2018-05-22 10:45:00,1294.3265000000001,1294.5294999999999,1293.7935,1293.881
2018-05-22 11:00:00,1293.8759999999997,1294.7714999999998,1293.8759999999997,1294.5455
2018-05-22 11:15:00,1294.56,1294.6455,1293.7565,1294.176
2018-05-22 11:30:00,1294.186,1295.775,1293.7815,1295.6899999999998
2018-05-22 11:45:00,1295.685,1295.931,1294.615,1295.3815
2018-05-22 12:00:00,1295.3765,1295.8165000000001,1293.8665,1294.4465
2018-05-22 12:15:00,1294.447,1295.47,1294.1615,1294.7965
2018-05-22 12:30:00,1294.843,1296.2115000000001,1294.68,1294.8615
2018-05-22 12:45:00,1294.862,1294.9445,1292.884,1294.0955
2018-05-22 13:00:00,1294.1,1294.218,1293.4850000000001,1293.8285
2018-05-22 13:15:00,1293.828,1294.7504999999999,1293.23,1294.6915000000001
2018-05-22 13:30:00,1294.6860000000001,1295.2195,1293.8700000000001,1294.64
2018-05-22 13:45:00,1294.6395,1294.6395,1292.518,1293.615
2018-05-22 14:00:00,1293.61,1294.02,1291.4235,1292.122
2018-05-22 14:15:00,1292.1205,1292.7749999999999,1291.5155,1292.6155
2018-05-22 14:30:00,1292.582,1293.1265,1292.19,1292.55
2018-05-22 14:45:00,1292.575,1292.9315,1291.9195,1292.3155000000002
2018-05-22 15:00:00,1292.305,1293.1100000000001,1291.8705,1292.6535000000001
2018-05-22 15:15:00,1292.6685,1292.749,1291.1105,1291.742
2018-05-22 15:30:00,1291.785,1292.96,1291.6799999999998,1292.812
2018-05-22 15:45:00,1292.7820000000002,1293.069,1292.484,1292.755
2018-05-22 16:00:00,1292.7585000000001,1293.13,1292.4495,1292.4605
2018-05-22 16:15:00,1292.4669999999999,1292.9265,1292.335,1292.541
2018-05-22 16:30:00,1292.5415,1294.1545,1292.4355,1293.72
2018-05-22 16:45:00,1293.774,1294.63,1293.7385,1294.2745
2018-05-22 17:00:00,1294.241,1294.241,1292.87,1292.875
2018-05-22 17:15:00,1292.876,1293.0855000000001,1292.1835,1292.8855
2018-05-22 17:30:00,1292.8695,1293.0735,1292.4634999999998,1292.9895
2018-05-22 17:45:00,1292.99,1293.075,1292.2685000000001,1292.685
2018-05-22 18:00:00,1292.6045,1292.6045,1291.6785,1292.1035
2018-05-22 18:15:00,1292.104,1292.394,1292.0190000000002,1292.3700000000001
2018-05-22 18:30:00,1292.3085,1292.7865000000002,1292.175,1292.305
2018-05-22 18:45:00,1292.3,1292.76,1291.6979999999999,1291.9450000000002
2018-05-22 19:00:00,1291.9495000000002,1291.9765000000002,1291.395,1291.5900000000001
2018-05-22 19:15:00,1291.6000000000001,1292.2445,1291.5595,1292.235
2018-05-22 19:30:00,1292.225,1292.235,1291.6530000000002,1291.798
2018-05-22 19:45:00,1291.7894999999999,1292.0545,1291.26,1291.9795000000001
2018-05-22 20:00:00,1291.9734999999998,1292.0595,1291.629,1291.7035
2018-05-22 20:15:00,1291.6979999999999,1291.729,1291.4235,1291.429
2018-05-22 20:30:00,1291.4285,1291.734,1291.334,1291.6335
2018-05-22 20:45:00,1291.6190000000001,1291.6190000000001,1291.0285,1291.277
2018-05-22 22:00:00,1291.2099999999998,1291.875,1291.065,1291.692
2018-05-22 22:15:00,1291.7065,1292.309,1291.5515,1292.1085
2018-05-22 22:30:00,1292.095,1292.492,1291.981,1292.3964999999998
2018-05-22 22:45:00,1292.3919999999998,1292.482,1292.182,1292.182
2018-05-22 23:00:00,1292.1870000000001,1292.635,1291.9699999999998,1292.63
2018-05-22 23:15:00,1292.6299999999999,1292.975,1292.29,1292.8815
2018-05-22 23:30:00,1292.887,1293.353,1292.867,1293.353
2018-05-22 23:45:00,1293.4165,1293.9235,1293.283,1293.5715
2018-05-23 01:00:00,1293.1200000000001,1294.3,1293.1185,1294.187
2018-05-23 01:15:00,1294.182,1294.7250000000001,1294.0405,1294.6445
2018-05-23 01:30:00,1294.645,1294.7445,1292.465,1292.67
2018-05-23 01:45:00,1292.67,1293.7615,1292.078,1293.395
2018-05-23 02:00:00,1293.41,1293.55,1292.99,1293.135
2018-05-23 02:15:00,1293.1509999999998,1293.3145,1292.3559999999998,1292.703
2018-05-23 02:30:00,1292.708,1292.999,1292.346,1292.5565000000001
2018-05-23 02:45:00,1292.5665000000001,1292.7250000000001,1292.127,1292.6215
2018-05-23 03:00:00,1292.6215,1292.8515,1292.3410000000001,1292.7450000000001
2018-05-23 03:15:00,1292.7015000000001,1293.074,1292.3999999999999,1292.5465
2018-05-23 03:30:00,1292.4714999999999,1292.587,1292.1315,1292.47
2018-05-23 03:45:00,1292.4415,1293.08,1292.3770000000002,1293.08
2018-05-23 04:00:00,1293.0565,1293.0755,1292.426,1292.6970000000001
2018-05-23 04:15:00,1292.695,1292.7710000000002,1292.4759999999999,1292.7614999999998
2018-05-23 04:30:00,1292.7555,1292.7620000000002,1292.176,1292.2765
2018-05-23 04:45:00,1292.2815,1292.585,1292.1805,1292.4510000000002
2018-05-23 05:00:00,1292.446,1292.6955,1292.1754999999998,1292.674
2018-05-23 05:15:00,1292.6755,1292.6860000000001,1291.4335,1291.9550000000002
2018-05-23 05:30:00,1291.9665,1291.9665,1290.98,1291.2569999999998
2018-05-23 05:45:00,1291.26,1291.38,1290.4160000000002,1290.585
2018-05-23 06:00:00,1290.58,1290.959,1289.9405,1290.3500000000001
2018-05-23 06:15:00,1290.3600000000001,1290.665,1289.41,1289.6499999999999
2018-05-23 06:30:00,1289.6435000000001,1290.514,1289.3049999999998,1290.0845
2018-05-23 06:45:00,1290.1035,1290.97,1290.0105,1290.3749999999998
2018-05-23 07:00:00,1290.3705,1291.4885,1289.725,1291.09
2018-05-23 07:15:00,1291.065,1293.4005,1290.46,1293.0565000000001
2018-05-23 07:30:00,1293.047,1293.435,1292.2155,1292.7350000000001
2018-05-23 07:45:00,1292.6785,1293.6245,1292.325,1293.35
2018-05-23 08:00:00,1293.3545,1293.9319999999998,1292.811,1292.85
2018-05-23 08:15:00,1292.869,1293.05,1292.29,1292.7479999999998
2018-05-23 08:30:00,1292.7485000000001,1293.0135,1291.8585,1292.494
2018-05-23 08:45:00,1292.4935,1292.84,1292.228,1292.7219999999998
2018-05-23 09:00:00,1292.7064999999998,1294.77,1292.6715,1293.9965000000002
2018-05-23 09:15:00,1294.0255,1294.7569999999998,1293.9145,1294.1365
2018-05-23 09:30:00,1294.1765,1295.1499999999999,1294.0014999999999,1294.7414999999999
2018-05-23 09:45:00,1294.7314999999999,1298.6315000000002,1294.552,1297.4744999999998
2018-05-23 10:00:00,1297.482,1297.956,1296.8565,1297.146
2018-05-23 10:15:00,1297.1465,1297.3615,1296.4705000000001,1296.9555
2018-05-23 10:30:00,1296.9465,1297.252,1296.53,1297.2165
2018-05-23 10:45:00,1297.2265,1297.236,1296.2055,1297.1415
2018-05-23 11:00:00,1297.1399999999999,1297.5415,1296.247,1296.6290000000001
2018-05-23 11:15:00,1296.6335000000001,1296.915,1295.984,1296.3915
2018-05-23 11:30:00,1296.4005,1296.975,1296.0655,1296.965
2018-05-23 11:45:00,1296.9635,1297.4195,1296.6635,1296.6864999999998
2018-05-23 12:00:00,1296.7455,1296.77,1294.1685,1294.7884999999999
2018-05-23 12:15:00,1294.7890000000002,1295.1685000000002,1294.139,1294.4175
2018-05-23 12:30:00,1294.4245,1294.5235,1293.3185,1293.6154999999999
2018-05-23 12:45:00,1293.614,1294.1765,1291.915,1292.2455
2018-05-23 13:00:00,1292.2065,1292.2535,1288.1084999999998,1289.415
2018-05-23 13:15:00,1289.419,1289.5035,1287.999,1289.0085
2018-05-23 13:30:00,1289.004,1290.1835,1288.7885,1289.3135000000002
2018-05-23 13:45:00,1289.3149999999998,1290.04,1288.9035,1289.8065
2018-05-23 14:00:00,1289.773,1289.79,1288.4959999999999,1289.4515000000001
2018-05-23 14:15:00,1289.4565,1290.285,1289.1635,1290.109
2018-05-23 14:30:00,1290.1035,1290.4389999999999,1289.399,1290.3085
2018-05-23 14:45:00,1290.313,1292.29,1289.808,1291.3645000000001
2018-05-23 15:00:00,1291.4015,1294.1315,1291.3045,1293.9264999999998
2018-05-23 15:15:00,1293.9015000000002,1294.4215,1293.1619999999998,1293.3615
2018-05-23 15:30:00,1293.372,1293.792,1292.7450000000001,1292.9705000000001
2018-05-23 15:45:00,1292.9665,1293.5365000000002,1291.2645000000002,1291.7565
2018-05-23 16:00:00,1291.7565,1292.085,1291.24,1292.0384999999999
2018-05-23 16:15:00,1292.06,1292.65,1291.2404999999999,1291.2404999999999
2018-05-23 16:30:00,1291.245,1292.282,1291.0945,1291.6399999999999
2018-05-23 16:45:00,1291.639,1291.775,1290.155,1290.575
2018-05-23 17:00:00,1290.573,1291.345,1290.3,1291.055
2018-05-23 17:15:00,1291.0535,1291.3555000000001,1289.9585,1290.245
2018-05-23 17:30:00,1290.2335,1290.2495,1289.46,1289.655
2018-05-23 17:45:00,1289.6719999999998,1290.0349999999999,1289.0335,1289.56
2018-05-23 18:00:00,1289.6100000000001,1292.955,1289.2949999999998,1291.02
2018-05-23 18:15:00,1291.0114999999998,1294.396,1291.0114999999998,1294.396
2018-05-23 18:30:00,1294.386,1295.1219999999998,1292.6760000000002,1294.5915
2018-05-23 18:45:00,1294.595,1294.9950000000001,1294.246,1294.451
2018-05-23 19:00:00,1294.4115,1294.8565,1292.92,1293.1065
2018-05-23 19:15:00,1293.107,1293.32,1292.4995,1292.812
2018-05-23 19:30:00,1292.8215000000002,1293.825,1292.7994999999999,1293.7435
2018-05-23 19:45:00,1293.7395000000001,1293.9270000000001,1293.196,1293.296
2018-05-23 20:00:00,1293.2715,1293.905,1293.2715,1293.4944999999998
2018-05-23 20:15:00,1293.449,1293.9965000000002,1293.3095,1293.7604999999999
2018-05-23 20:30:00,1293.762,1293.8415,1293.3365,1293.6415
2018-05-23 20:45:00,1293.642,1293.642,1293.08,1293.4550000000002
2018-05-23 22:00:00,1294.47,1294.51,1293.885,1294.3400000000001
2018-05-23 22:15:00,1294.3400000000001,1294.415,1293.9699999999998,1294.2865
2018-05-23 22:30:00,1294.2869999999998,1294.3915,1293.786,1293.7915
2018-05-23 22:45:00,1293.792,1293.9965000000002,1293.736,1293.9550000000002
2018-05-23 23:00:00,1293.9769999999999,1294.156,1292.973,1293.1115
2018-05-23 23:15:00,1293.116,1294.5265,1293.0900000000001,1294.3615
2018-05-23 23:30:00,1294.3509999999999,1294.905,1294.258,1294.862
2018-05-23 23:45:00,1294.8615,1295.383,1294.6345000000001,1295.046
2018-05-24 01:00:00,1295.175,1295.181,1293.9714999999999,1294.545
2018-05-24 01:15:00,1294.549,1294.8365,1294.176,1294.826
2018-05-24 01:30:00,1294.8315,1295.422,1293.99,1294.355
2018-05-24 01:45:00,1294.3449999999998,1294.5055,1293.9395000000002,1294.3049999999998
2018-05-24 02:00:00,1294.3149999999998,1294.6105,1293.8155,1294.3194999999998
2018-05-24 02:15:00,1294.3214999999998,1295.41,1294.225,1294.917
2018-05-24 02:30:00,1294.9115,1295.692,1294.8055,1295.055
2018-05-24 02:45:00,1295.0595,1295.135,1294.507,1294.644
2018-05-24 03:00:00,1294.655,1294.8165,1294.2865000000002,1294.4215
2018-05-24 03:15:00,1294.4315,1295.1335,1294.0885,1295.0065
2018-05-24 03:30:00,1295.01,1295.565,1294.8065,1295.2295
2018-05-24 03:45:00,1295.22,1295.326,1294.9865,1295.1059999999998
2018-05-24 04:00:00,1295.1109999999999,1295.632,1295.1109999999999,1295.476
2018-05-24 04:15:00,1295.4650000000001,1295.7504999999999,1295.157,1295.4395
2018-05-24 04:30:00,1295.4205,1295.7165,1295.235,1295.6615
2018-05-24 04:45:00,1295.672,1295.7265,1295.1599999999999,1295.25
2018-05-24 05:00:00,1295.2565,1295.5005,1295.1599999999999,1295.3135
2018-05-24 05:15:00,1295.318,1296.221,1295.214,1295.73
2018-05-24 05:30:00,1295.74,1295.8345,1294.0919999999999,1294.21
2018-05-24 05:45:00,1294.1935,1294.368,1293.8055,1294.3065000000001
2018-05-24 06:00:00,1294.3059999999998,1295.165,1292.83,1295.0465000000002
2018-05-24 06:15:00,1295.03,1295.8794999999998,1294.7849999999999,1295.028
2018-05-24 06:30:00,1295.0285000000001,1295.4435,1294.92,1295.254
2018-05-24 06:45:00,1295.249,1296.585,1295.054,1296.0865000000001
2018-05-24 07:00:00,1296.1015,1296.9015,1296.0615,1296.5104999999999
2018-05-24 07:15:00,1296.509,1297.565,1296.2939999999999,1296.9265
2018-05-24 07:30:00,1296.94,1297.257,1296.411,1296.7095
2018-05-24 07:45:00,1296.6985000000002,1296.8215,1295.965,1295.98
2018-05-24 08:00:00,1295.9805,1296.6215,1295.61,1296.6100000000001
2018-05-24 08:15:00,1296.615,1297.24,1296.5585,1296.75
2018-05-24 08:30:00,1296.758,1297.5069999999998,1296.65,1297.335
2018-05-24 08:45:00,1297.334,1297.4354999999998,1296.3329999999999,1297.0514999999998
2018-05-24 09:00:00,1297.05,1298.0365,1297.05,1297.6405
2018-05-24 09:15:00,1297.645,1297.651,1296.4115,1296.805
2018-05-24 09:30:00,1296.8185,1297.452,1296.435,1297.4299999999998
2018-05-24 09:45:00,1297.429,1297.4299999999998,1296.0845,1296.0985
2018-05-24 10:00:00,1296.0855,1296.3455,1295.6155,1295.8999999999999
2018-05-24 10:15:00,1295.8980000000001,1296.389,1295.598,1296.212
2018-05-24 10:30:00,1296.2115000000001,1296.573,1296.0865,1296.2235
2018-05-24 10:45:00,1296.2285,1296.2399999999998,1295.738,1296.029
2018-05-24 11:00:00,1296.033,1296.4815,1295.82,1296.366
2018-05-24 11:15:00,1296.3645,1296.4785,1296.0665,1296.1805
2018-05-24 11:30:00,1296.1755,1296.4915,1295.88,1296.2515
2018-05-24 11:45:00,1296.2465000000002,1296.3245000000002,1295.626,1296.0900000000001
2018-05-24 12:00:00,1296.0865000000001,1297.187,1296.0865000000001,1296.9145
2018-05-24 12:15:00,1296.92,1297.346,1296.41,1297.295
2018-05-24 12:30:00,1297.2649999999999,1300.1550000000002,1297.2350000000001,1298.1715
2018-05-24 12:45:00,1298.2085000000002,1299.0414999999998,1298.014,1298.712
2018-05-24 13:00:00,1298.745,1299.5815,1298.0349999999999,1299.115
2018-05-24 13:15:00,1299.1305,1299.8104999999998,1298.625,1299.126
2018-05-24 13:30:00,1299.156,1301.095,1298.8315,1300.517
2018-05-24 13:45:00,1300.507,1305.381,1300.029,1304.7165
2018-05-24 14:00:00,1304.741,1306.6499999999999,1304.7265,1305.4915
2018-05-24 14:15:00,1305.4985,1306.6815,1305.2765000000002,1305.8615
2018-05-24 14:30:00,1305.637,1306.5365,1305.041,1305.236
2018-05-24 14:45:00,1305.241,1305.8165,1304.926,1305.5215
2018-05-24 15:00:00,1305.522,1305.9645,1304.77,1304.8745000000001
2018-05-24 15:15:00,1304.8760000000002,1305.6165,1304.675,1305.2810000000002
2018-05-24 15:30:00,1305.237,1305.735,1305.175,1305.2859999999998
2018-05-24 15:45:00,1305.2915,1305.815,1304.585,1304.6915
2018-05-24 16:00:00,1304.696,1304.8005,1303.7050000000002,1304.2055
2018-05-24 16:15:00,1304.215,1304.6665,1303.7759999999998,1304.5615000000003
2018-05-24 16:30:00,1304.5359999999998,1305.6014999999998,1304.372,1305.37
2018-05-24 16:45:00,1305.3685,1305.57,1304.64,1304.797
2018-05-24 17:00:00,1304.785,1305.14,1304.355,1304.5815
2018-05-24 17:15:00,1304.5715,1305.372,1304.275,1304.995
2018-05-24 17:30:00,1304.99,1305.462,1304.6465,1305.385
2018-05-24 17:45:00,1305.3785,1306.0085000000001,1305.2195,1305.6239999999998
2018-05-24 18:00:00,1305.6335000000001,1305.6439999999998,1305.0810000000001,1305.1805
2018-05-24 18:15:00,1305.185,1305.3654999999999,1304.65,1304.9009999999998
2018-05-24 18:30:00,1304.9015000000002,1305.051,1304.7115,1304.797
2018-05-24 18:45:00,1304.8015,1305.1365,1304.6995,1305.0765000000001
2018-05-24 19:00:00,1305.0815,1305.6265,1304.5259999999998,1305.6265
2018-05-24 19:15:00,1305.626,1306.192,1305.35,1306.115
2018-05-24 19:30:00,1306.1045,1306.1915,1305.6599999999999,1305.665
2018-05-24 19:45:00,1305.6584999999998,1305.7565,1304.509,1304.54
2018-05-24 20:00:00,1304.5394999999999,1305.122,1304.5394999999999,1304.636
2018-05-24 20:15:00,1304.646,1305.155,1304.4535,1304.8985
2018-05-24 20:30:00,1304.9005000000002,1305.5215,1304.4255,1304.551
2018-05-24 20:45:00,1304.5359999999998,1305.0415,1304.3220000000001,1304.8500000000001
2018-05-24 22:00:00,1304.62,1305.154,1304.1699999999998,1305.0
2018-05-24 22:15:00,1305.04,1305.64,1304.995,1305.555
2018-05-24 22:30:00,1305.4835,1305.5285,1305.085,1305.2
2018-05-24 22:45:00,1305.2250000000001,1305.2849999999999,1304.965,1305.1425
2018-05-24 23:00:00,1305.125,1305.19,1304.9385000000002,1304.9430000000002
2018-05-24 23:15:00,1304.9434999999999,1304.95,1304.115,1304.4085
2018-05-24 23:30:00,1304.404,1304.7965000000002,1304.04,1304.352
2018-05-24 23:45:00,1304.3464999999999,1305.0415,1304.311,1304.4360000000001
2018-05-25 01:00:00,1302.4695,1302.8035,1302.082,1302.7105
2018-05-25 01:15:00,1302.724,1302.905,1301.698,1301.998
2018-05-25 01:30:00,1301.9935,1303.023,1301.963,1302.823
2018-05-25 01:45:00,1302.824,1303.1285,1302.7350000000001,1303.0855
2018-05-25 02:00:00,1303.085,1303.085,1302.019,1302.54
2018-05-25 02:15:00,1302.5420000000001,1302.6795,1302.317,1302.5504999999998
2018-05-25 02:30:00,1302.5404999999998,1302.686,1302.1560000000002,1302.167
2018-05-25 02:45:00,1302.1664999999998,1302.4715,1301.8815,1302.317
2018-05-25 03:00:00,1302.3105,1302.401,1302.1295,1302.3165
2018-05-25 03:15:00,1302.326,1302.8435,1302.305,1302.675
2018-05-25 03:30:00,1302.714,1302.9634999999998,1302.673,1302.72
2018-05-25 03:45:00,1302.75,1302.75,1302.4595,1302.4595
2018-05-25 04:00:00,1302.46,1302.5459999999998,1302.2515,1302.3215
2018-05-25 04:15:00,1302.321,1302.5520000000001,1302.2414999999999,1302.4850000000001
2018-05-25 04:30:00,1302.47,1302.5514999999998,1301.8785,1302.3585
2018-05-25 04:45:00,1302.353,1302.5684999999999,1302.2649999999999,1302.4605
2018-05-25 05:00:00,1302.464,1302.6355,1302.28,1302.3005
2018-05-25 05:15:00,1302.2835,1302.7815,1302.2595,1302.595
2018-05-25 05:30:00,1302.605,1303.3319999999999,1302.605,1302.9605
2018-05-25 05:45:00,1302.9450000000002,1302.97,1302.1505,1302.33
2018-05-25 06:00:00,1302.3285,1302.385,1301.8545,1302.3335
2018-05-25 06:15:00,1302.333,1302.7655,1302.1090000000002,1302.645
2018-05-25 06:30:00,1302.635,1303.0805,1302.53,1302.8565
2018-05-25 06:45:00,1302.83,1303.806,1302.68,1303.3654999999999
2018-05-25 07:00:00,1303.45,1303.8455,1302.8715,1302.9395000000002
2018-05-25 07:15:00,1302.9450000000002,1304.2215,1302.9450000000002,1303.846
2018-05-25 07:30:00,1303.8335,1303.9515,1303.2,1303.275
2018-05-25 07:45:00,1303.285,1303.57,1303.19,1303.49
2018-05-25 08:00:00,1303.491,1304.37,1303.4555,1303.9915
2018-05-25 08:15:00,1304.0265000000002,1304.7165,1303.922,1304.532
2018-05-25 08:30:00,1304.522,1305.1645,1304.351,1305.0185
2018-05-25 08:45:00,1305.0195,1305.632,1304.7,1305.1265
2018-05-25 09:00:00,1305.125,1305.8205,1304.555,1305.3464999999999
2018-05-25 09:15:00,1305.3365,1305.3515,1304.1260000000002,1304.2265
2018-05-25 09:30:00,1304.2269999999999,1305.0700000000002,1303.768,1304.9795
2018-05-25 09:45:00,1304.913,1304.99,1304.315,1304.985
2018-05-25 10:00:00,1304.945,1305.129,1304.5194999999999,1304.974
2018-05-25 10:15:00,1304.9735,1306.6965,1304.954,1306.5665
2018-05-25 10:30:00,1306.557,1306.7515,1305.537,1305.5415
2018-05-25 10:45:00,1305.5835,1306.0565000000001,1305.2655,1305.9715
2018-05-25 11:00:00,1305.971,1306.461,1305.627,1305.8315
2018-05-25 11:15:00,1305.83,1306.04,1305.05,1305.2865000000002
2018-05-25 11:30:00,1305.2859999999998,1306.2169999999999,1305.19,1305.8564999999999
2018-05-25 11:45:00,1305.856,1306.1435,1304.0849999999998,1304.4
2018-05-25 12:00:00,1304.4750000000001,1305.0285,1304.174,1304.82
2018-05-25 12:15:00,1304.8500000000001,1305.0805,1303.3345000000002,1303.6
2018-05-25 12:30:00,1303.554,1306.17,1303.24,1305.6705000000002
2018-05-25 12:45:00,1305.6740000000002,1307.6715,1305.6740000000002,1307.5445
2018-05-25 13:00:00,1307.5395,1307.8585,1306.879,1307.3265
2018-05-25 13:15:00,1307.32,1307.5814999999998,1304.5349999999999,1304.9150000000002
2018-05-25 13:30:00,1304.8985,1305.489,1304.0884999999998,1304.2949999999998
2018-05-25 13:45:00,1304.321,1304.4,1302.382,1303.4265
2018-05-25 14:00:00,1303.4965,1304.9769999999999,1303.1505,1304.2615
2018-05-25 14:15:00,1304.271,1304.3655,1302.609,1303.782
2018-05-25 14:30:00,1303.7604999999999,1304.3745000000001,1302.88,1302.9745
2018-05-25 14:45:00,1303.0605,1303.5705,1302.8015,1303.2699999999998
2018-05-25 15:00:00,1303.276,1303.8715,1302.777,1303.7410000000002
2018-05-25 15:15:00,1303.7465000000002,1303.9865,1303.0394999999999,1303.6285
2018-05-25 15:30:00,1303.6255,1304.278,1303.6100000000001,1304.1145000000001
2018-05-25 15:45:00,1304.1045000000001,1304.78,1303.894,1304.1845
2018-05-25 16:00:00,1304.186,1304.732,1303.8465,1304.0365000000002
2018-05-25 16:15:00,1304.045,1304.2655,1303.607,1303.7614999999998
2018-05-25 16:30:00,1303.7765,1304.1360000000002,1303.631,1304.1360000000002
2018-05-25 16:45:00,1304.1409999999998,1304.71,1303.683,1303.6835
2018-05-25 17:00:00,1303.6785,1304.452,1303.561,1304.1299999999999
2018-05-25 17:15:00,1304.12,1304.452,1303.84,1304.0704999999998
2018-05-25 17:30:00,1303.9915,1303.9915,1303.2450000000001,1303.2509999999997
2018-05-25 17:45:00,1303.2464999999997,1303.614,1303.0484999999999,1303.393
2018-05-25 18:00:00,1303.3729999999998,1303.3899999999999,1302.7785,1303.0565
2018-05-25 18:15:00,1303.056,1303.5,1302.88,1303.3445000000002
2018-05-25 18:30:00,1303.3595,1303.6470000000002,1303.2,1303.255
2018-05-25 18:45:00,1303.267,1303.289,1302.7855,1303.0845
2018-05-25 19:00:00,1303.0595,1303.0855,1302.3085,1302.3135
2018-05-25 19:15:00,1302.2884999999999,1302.5784999999998,1300.9699999999998,1301.389
2018-05-25 19:30:00,1301.3885,1301.9735,1301.315,1301.593
2018-05-25 19:45:00,1301.5935,1301.7065,1300.408,1300.4335
2018-05-25 20:00:00,1300.4585,1300.865,1299.953,1300.7045
2018-05-25 20:15:00,1300.7185,1301.43,1300.7185,1301.0705000000003
2018-05-25 20:30:00,1301.069,1301.135,1300.888,1300.995
2018-05-25 20:45:00,1300.995,1301.637,1300.2835,1301.637
2018-05-27 22:00:00,1299.87,1300.085,1296.5285,1297.1315
2018-05-27 22:15:00,1297.1364999999998,1297.865,1296.93,1296.935
2018-05-27 22:30:00,1296.894,1296.99,1296.645,1296.8335
2018-05-27 22:45:00,1296.824,1297.8870000000002,1296.8229999999999,1297.6815
2018-05-27 23:00:00,1297.6315,1297.8854999999999,1297.2,1297.22
2018-05-27 23:15:00,1297.2115000000001,1297.4309999999998,1296.9565,1297.2085
2018-05-27 23:30:00,1297.208,1298.2535,1297.208,1298.125
2018-05-27 23:45:00,1298.0584999999999,1299.5115,1297.9534999999998,1298.885
2018-05-28 01:00:00,1299.0400000000002,1299.8735,1297.71,1298.1465
2018-05-28 01:15:00,1298.136,1298.4395,1297.581,1297.671
2018-05-28 01:30:00,1297.6644999999999,1298.136,1297.3895,1297.556
2018-05-28 01:45:00,1297.561,1298.74,1297.4215000000002,1298.5515
2018-05-28 02:00:00,1298.5959999999998,1298.6055000000001,1297.9099999999999,1298.2565000000002
2018-05-28 02:15:00,1298.2469999999998,1298.9715,1298.146,1298.2504999999999
2018-05-28 02:30:00,1298.245,1298.35,1297.57,1297.8415
2018-05-28 02:45:00,1297.8515,1298.1515,1297.5515,1297.9765
2018-05-28 03:00:00,1297.975,1298.4745,1297.648,1298.3715
2018-05-28 03:15:00,1298.37,1298.385,1297.875,1298.1770000000001
2018-05-28 03:30:00,1298.1815000000001,1299.0214999999998,1298.0815,1298.7705
2018-05-28 03:45:00,1298.77,1299.291,1298.6815,1298.7604999999999
2018-05-28 04:00:00,1298.752,1299.0815,1298.4714999999999,1299.0715
2018-05-28 04:15:00,1299.0665,1299.165,1298.6499999999999,1298.78
2018-05-28 04:30:00,1298.792,1298.8535,1297.935,1297.945
2018-05-28 04:45:00,1297.9455,1298.9985000000001,1297.7995,1298.9799999999998
2018-05-28 05:00:00,1298.9235,1299.089,1298.442,1298.645
2018-05-28 05:15:00,1298.6495,1298.74,1298.55,1298.645
2018-05-28 05:30:00,1298.6564999999998,1298.935,1298.2555,1298.3935
2018-05-28 05:45:00,1298.4005,1298.5265,1297.1084999999998,1297.354
2018-05-28 06:00:00,1297.3235,1297.338,1295.7235,1295.7655
2018-05-28 06:15:00,1295.77,1296.5955000000001,1295.579,1296.5955000000001
2018-05-28 06:30:00,1296.5805,1297.125,1296.3650000000002,1296.7079999999999
2018-05-28 06:45:00,1296.7185,1297.1109999999999,1296.1785,1296.8815
2018-05-28 07:00:00,1296.8715,1297.0520000000001,1296.208,1296.5595
2018-05-28 07:15:00,1296.5785,1297.559,1296.3695000000002,1297.0355
2018-05-28 07:30:00,1297.0405,1297.645,1296.8485,1297.0155
2018-05-28 07:45:00,1297.0220000000002,1297.78,1296.8944999999999,1297.52
2018-05-28 08:00:00,1297.53,1297.634,1296.6329999999998,1296.814
2018-05-28 08:15:00,1296.8135,1297.315,1296.475,1297.2945
2018-05-28 08:30:00,1297.2385,1297.4654999999998,1296.6239999999998,1296.7055
2018-05-28 08:45:00,1296.705,1297.7035,1296.7044999999998,1297.4695000000002
2018-05-28 09:00:00,1297.4779999999998,1297.6995,1296.879,1297.4605000000001
2018-05-28 09:15:00,1297.4615,1298.3015,1297.2259999999999,1298.1684999999998
2018-05-28 09:30:00,1298.165,1299.155,1297.8515,1299.0120000000002
2018-05-28 09:45:00,1299.0114999999998,1299.0120000000002,1298.16,1298.7649999999999
2018-05-28 10:00:00,1298.73,1298.7795,1297.8055000000002,1298.2649999999999
2018-05-28 10:15:00,1298.27,1298.4235,1297.613,1297.8200000000002
2018-05-28 10:30:00,1297.8204999999998,1298.1465,1297.5745,1298.118
2018-05-28 10:45:00,1298.123,1298.7335,1297.803,1298.3239999999998
2018-05-28 11:00:00,1298.3339999999998,1298.339,1297.713,1297.9955
2018-05-28 11:15:00,1297.969,1298.672,1297.874,1298.3385
2018-05-28 11:30:00,1298.3455,1299.167,1298.0585,1299.132
2018-05-28 11:45:00,1299.162,1299.367,1298.5205,1299.1305
2018-05-28 12:00:00,1299.1415,1299.4605,1298.474,1299.0034999999998
2018-05-28 12:15:00,1299.0185000000001,1300.3965,1298.923,1299.53
2018-05-28 12:30:00,1299.531,1299.86,1298.7055,1298.954
2018-05-28 12:45:00,1298.945,1299.069,1298.051,1298.051
2018-05-28 13:00:00,1298.0265,1298.039,1296.988,1297.3285
2018-05-28 13:15:00,1297.354,1298.29,1297.2635,1297.8169999999998
2018-05-28 13:30:00,1297.8165000000001,1298.2965,1297.5065,1298.2005000000001
2018-05-28 13:45:00,1298.2050000000002,1298.7795,1297.9134999999999,1298.0135
2018-05-28 14:00:00,1298.023,1298.9445,1298.023,1298.4245
2018-05-28 14:15:00,1298.415,1298.93,1298.2105000000001,1298.8395
2018-05-28 14:30:00,1298.851,1299.4855000000002,1298.77,1299.1345000000001
2018-05-28 14:45:00,1299.1505,1299.155,1298.6105,1298.8220000000001
2018-05-28 15:00:00,1298.8215,1299.3770000000002,1298.6049999999998,1299.081
2018-05-28 15:15:00,1299.0819999999999,1299.171,1298.6844999999998,1298.892
2018-05-28 15:30:00,1298.9015,1298.982,1298.653,1298.6715
2018-05-28 15:45:00,1298.6709999999998,1298.8655,1298.6599999999999,1298.6915
2018-05-28 16:00:00,1298.696,1298.697,1298.3365,1298.3664999999999
2018-05-28 16:15:00,1298.366,1298.3664999999999,1297.8310000000001,1298.2434999999998
2018-05-28 16:30:00,1298.2334999999998,1298.2334999999998,1297.691,1297.885
2018-05-28 16:45:00,1297.8944999999999,1298.48,1297.8944999999999,1298.15
2018-05-28 22:00:00,1297.975,1298.3135,1297.3765,1297.5014999999999
2018-05-28 22:15:00,1297.5010000000002,1297.965,1297.365,1297.7065
2018-05-28 22:30:00,1297.7069999999999,1297.7115,1297.155,1297.2585000000001
2018-05-28 22:45:00,1297.259,1297.75,1297.203,1297.55
2018-05-28 23:00:00,1297.5384999999999,1297.95,1297.503,1297.731
2018-05-28 23:15:00,1297.7295,1297.87,1297.31,1297.6535000000001
2018-05-28 23:30:00,1297.653,1298.1639999999998,1297.4489999999998,1298.1639999999998
2018-05-28 23:45:00,1298.2250000000001,1298.8005,1297.958,1298.115
2018-05-29 01:00:00,1300.1585,1300.2089999999998,1298.447,1299.156
2018-05-29 01:15:00,1299.151,1300.2115,1299.151,1299.7914999999998
2018-05-29 01:30:00,1299.8059999999998,1300.0035,1298.8605,1299.5405
2018-05-29 01:45:00,1299.545,1299.9655,1298.9605,1299.1645
2018-05-29 02:00:00,1299.17,1299.701,1299.0680000000002,1299.4195
2018-05-29 02:15:00,1299.4279999999999,1300.0645,1299.4080000000001,1299.6535
2018-05-29 02:30:00,1299.653,1299.8049999999998,1299.1064999999999,1299.1115
2018-05-29 02:45:00,1299.1015,1299.514,1298.9080000000001,1298.9080000000001
2018-05-29 03:00:00,1298.9085,1298.9085,1298.027,1298.0415
2018-05-29 03:15:00,1298.0745000000002,1298.6115000000002,1297.8214999999998,1298.055
2018-05-29 03:30:00,1298.06,1298.406,1297.8494999999998,1298.3184999999999
2018-05-29 03:45:00,1298.3235,1298.5255,1297.4335,1297.5204999999999
2018-05-29 04:00:00,1297.568,1298.531,1297.5149999999999,1298.16
2018-05-29 04:15:00,1298.155,1298.6515000000002,1298.03,1298.6364999999998
2018-05-29 04:30:00,1298.6370000000002,1299.0670000000002,1298.3405,1298.9505000000001
2018-05-29 04:45:00,1298.95,1299.0865,1297.9865,1297.987
2018-05-29 05:00:00,1297.985,1298.081,1297.5185,1297.934
2018-05-29 05:15:00,1297.9389999999999,1298.655,1297.9379999999999,1298.4085
2018-05-29 05:30:00,1298.387,1298.5814999999998,1298.075,1298.2185000000002
2018-05-29 05:45:00,1298.2179999999998,1298.2800000000002,1297.705,1298.2340000000002
2018-05-29 06:00:00,1298.2350000000001,1299.8305,1298.1485,1299.276
2018-05-29 06:15:00,1299.2765,1299.4955,1297.9565,1298.6660000000002
2018-05-29 06:30:00,1298.6560000000002,1298.7465,1297.4464999999998,1297.5765
2018-05-29 06:45:00,1297.5895,1298.2420000000002,1296.2135,1296.889
2018-05-29 07:00:00,1296.9045,1297.34,1296.069,1296.1885
2018-05-29 07:15:00,1296.193,1297.3705,1296.1635,1297.295
2018-05-29 07:30:00,1297.3045,1297.7695,1296.1735,1296.4185
2018-05-29 07:45:00,1296.424,1297.4914999999999,1296.3284999999998,1297.2694999999999
2018-05-29 08:00:00,1297.255,1299.0729999999999,1297.1665000000003,1298.5949999999998
2018-05-29 08:15:00,1298.6180000000002,1304.0704999999998,1298.565,1303.781
2018-05-29 08:30:00,1303.78,1306.6845,1303.7649999999999,1304.856
2018-05-29 08:45:00,1304.7565,1304.8115,1303.2045,1304.0900000000001
2018-05-29 09:00:00,1304.095,1304.927,1303.032,1303.3819999999998
2018-05-29 09:15:00,1303.3815,1303.417,1302.0859999999998,1303.125
2018-05-29 09:30:00,1303.1499999999999,1303.6645,1302.02,1303.576
2018-05-29 09:45:00,1303.5815,1305.356,1302.5500000000002,1303.0049999999999
2018-05-29 10:00:00,1302.995,1304.805,1302.705,1303.5055
2018-05-29 10:15:00,1303.5205,1304.0745000000002,1302.7649999999999,1303.7749999999999
2018-05-29 10:30:00,1303.785,1304.1885,1302.665,1303.3695
2018-05-29 10:45:00,1303.365,1303.865,1302.639,1303.7495
2018-05-29 11:00:00,1303.7295,1304.76,1303.465,1303.61
2018-05-29 11:15:00,1303.615,1304.282,1303.09,1304.0949999999998
2018-05-29 11:30:00,1304.0855000000001,1304.171,1302.5245,1302.8615
2018-05-29 11:45:00,1302.861,1303.175,1301.99,1302.275
2018-05-29 12:00:00,1302.2359999999999,1302.8804999999998,1301.566,1302.0855000000001
2018-05-29 12:15:00,1302.1015,1302.7815,1297.021,1298.88
2018-05-29 12:30:00,1298.8890000000001,1299.4444999999998,1297.045,1297.503
2018-05-29 12:45:00,1297.5035,1298.3685,1296.7379999999998,1297.908
2018-05-29 13:00:00,1297.8799999999999,1298.3895,1292.788,1295.194
2018-05-29 13:15:00,1295.1934999999999,1296.4615,1294.1100000000001,1296.4615
2018-05-29 13:30:00,1296.5315,1297.36,1295.06,1295.3695
2018-05-29 13:45:00,1295.3795,1295.7,1294.599,1294.8395
2018-05-29 14:00:00,1294.8,1296.5385,1294.6195,1296.2150000000001
2018-05-29 14:15:00,1296.2095,1298.2085000000002,1296.2095,1298.014
2018-05-29 14:30:00,1298.0685,1298.527,1297.325,1298.1855
2018-05-29 14:45:00,1298.1805000000002,1303.2365,1298.0349999999999,1302.5214999999998
2018-05-29 15:00:00,1302.5165000000002,1303.4565,1301.7910000000002,1301.797
2018-05-29 15:15:00,1301.8015,1302.6915,1301.493,1302.2535
2018-05-29 15:30:00,1302.2735,1303.98,1301.3414999999998,1303.506
2018-05-29 15:45:00,1303.536,1304.222,1302.4395,1302.7404999999999
2018-05-29 16:00:00,1302.798,1304.7015,1302.6399999999999,1304.245
2018-05-29 16:15:00,1304.242,1304.658,1303.04,1303.154
2018-05-29 16:30:00,1303.17,1303.63,1301.5445,1302.0665000000001
2018-05-29 16:45:00,1302.0765000000001,1302.322,1301.1965,1302.135
2018-05-29 17:00:00,1302.1370000000002,1303.125,1302.1115,1302.1399999999999
2018-05-29 17:15:00,1302.2145,1302.4989999999998,1298.9260000000002,1299.085
2018-05-29 17:30:00,1299.104,1300.9769999999999,1298.9505000000001,1300.9755
2018-05-29 17:45:00,1301.0335000000002,1301.19,1300.175,1301.0455
2018-05-29 18:00:00,1301.05,1302.738,1300.45,1302.223
2018-05-29 18:15:00,1302.2234999999998,1304.129,1302.1305,1304.03
2018-05-29 18:30:00,1304.055,1304.195,1302.3605,1302.773
2018-05-29 18:45:00,1302.7735,1304.2965,1302.31,1303.16
2018-05-29 19:00:00,1303.1965,1303.3319999999999,1301.54,1302.5829999999999
2018-05-29 19:15:00,1302.5700000000002,1302.609,1301.973,1302.065
2018-05-29 19:30:00,1302.0735,1302.265,1301.0095,1301.0645
2018-05-29 19:45:00,1300.9879999999998,1301.275,1300.143,1300.1799999999998
2018-05-29 20:00:00,1300.1760000000002,1300.82,1299.969,1299.9850000000001
2018-05-29 20:15:00,1300.0055,1300.2330000000002,1299.76,1299.9545
2018-05-29 20:30:00,1299.971,1300.0,1299.0684999999999,1299.1355
2018-05-29 20:45:00,1299.121,1299.3445,1298.56,1299.0500000000002
2018-05-29 22:00:00,1298.6000000000001,1300.2150000000001,1298.55,1300.087
2018-05-29 22:15:00,1300.0915,1300.285,1299.975,1300.095
2018-05-29 22:30:00,1300.083,1300.304,1299.9435,1300.0785
2018-05-29 22:45:00,1300.0835,1301.2885,1299.9005,1300.6865
2018-05-29 23:00:00,1300.69,1301.935,1300.5900000000001,1300.995
2018-05-29 23:15:00,1301.0110000000002,1301.594,1300.5915,1301.593
2018-05-29 23:30:00,1301.585,1302.6209999999999,1301.5695,1302.4940000000001
2018-05-29 23:45:00,1302.5605,1302.98,1302.1499999999999,1302.1785000000002
2018-05-30 01:00:00,1302.0135,1302.1264999999999,1301.235,1301.7935000000002
2018-05-30 01:15:00,1301.7939999999999,1302.81,1301.1734999999999,1301.2
2018-05-30 01:30:00,1301.19,1301.5705,1300.2635,1300.6315
2018-05-30 01:45:00,1300.636,1300.8215,1300.151,1300.747
2018-05-30 02:00:00,1300.791,1300.791,1299.3400000000001,1300.2089999999998
2018-05-30 02:15:00,1300.2085000000002,1300.273,1298.9465,1298.9850000000001
2018-05-30 02:30:00,1298.99,1299.845,1298.8464999999999,1299.1965
2018-05-30 02:45:00,1299.181,1299.7969999999998,1298.9915,1299.7579999999998
2018-05-30 03:00:00,1299.7585000000001,1299.7914999999998,1298.76,1298.7995
2018-05-30 03:15:00,1298.8095,1299.4060000000002,1298.603,1299.1355
2018-05-30 03:30:00,1299.12,1299.4350000000002,1298.5245,1299.4205000000002
2018-05-30 03:45:00,1299.4199999999998,1299.4199999999998,1298.6399999999999,1298.8300000000002
2018-05-30 04:00:00,1298.8200000000002,1298.825,1297.678,1297.8300000000002
2018-05-30 04:15:00,1297.815,1298.5545,1297.735,1298.17
2018-05-30 04:30:00,1298.1684999999998,1298.8565,1297.925,1298.734
2018-05-30 04:45:00,1298.7335,1298.9345,1298.4405000000002,1298.785
2018-05-30 05:00:00,1298.755,1298.7965,1297.973,1297.984
2018-05-30 05:15:00,1297.9285,1299.0030000000002,1297.7934999999998,1298.7805
2018-05-30 05:30:00,1298.7815,1299.8090000000002,1298.655,1299.285
2018-05-30 05:45:00,1299.3,1300.5765000000001,1299.165,1299.47
2018-05-30 06:00:00,1299.4379999999999,1299.6505,1298.344,1298.8835
2018-05-30 06:15:00,1298.8,1298.897,1297.5190000000002,1297.636
2018-05-30 06:30:00,1297.681,1298.17,1296.8335,1297.058
2018-05-30 06:45:00,1297.0649999999998,1298.134,1296.7089999999998,1297.87
2018-05-30 07:00:00,1297.8999999999999,1298.0700000000002,1296.4885,1297.1695
2018-05-30 07:15:00,1297.1499999999999,1297.1795,1295.9479999999999,1296.3799999999999
2018-05-30 07:30:00,1296.385,1297.804,1295.9755,1297.794
2018-05-30 07:45:00,1297.7835,1298.48,1297.42,1297.636
2018-05-30 08:00:00,1297.642,1297.8545000000001,1297.0035,1297.4495000000002
2018-05-30 08:15:00,1297.4595000000002,1299.115,1296.734,1299.005
2018-05-30 08:30:00,1299.0034999999998,1299.4299999999998,1298.5455,1298.85
2018-05-30 08:45:00,1298.8985,1299.27,1298.5695,1299.01
2018-05-30 09:00:00,1299.0055,1299.6095,1298.6354999999999,1299.319
2018-05-30 09:15:00,1299.2549999999999,1299.6100000000001,1298.6480000000001,1298.9585
2018-05-30 09:30:00,1298.9484999999997,1299.8384999999998,1298.6229999999998,1299.33
2018-05-30 09:45:00,1299.34,1299.4795,1297.558,1297.8780000000002
2018-05-30 10:00:00,1297.8034999999998,1297.8785,1297.219,1297.555
2018-05-30 10:15:00,1297.565,1298.143,1296.5895,1296.6905000000002
2018-05-30 10:30:00,1296.6705000000002,1298.305,1296.6335000000001,1297.8805000000002
2018-05-30 10:45:00,1297.8850000000002,1298.23,1297.205,1297.55
2018-05-30 11:00:00,1297.548,1298.355,1297.249,1297.578
2018-05-30 11:15:00,1297.5795,1298.2794999999999,1297.1589999999999,1297.3600000000001
2018-05-30 11:30:00,1297.3485,1298.1770000000001,1297.2345,1297.765
2018-05-30 11:45:00,1297.8,1298.3845000000001,1297.3595,1297.6105
2018-05-30 12:00:00,1297.609,1299.6405,1297.4395000000002,1298.5835
2018-05-30 12:15:00,1298.63,1300.5794999999998,1298.625,1300.11
2018-05-30 12:30:00,1300.105,1302.46,1300.105,1302.1000000000001
2018-05-30 12:45:00,1302.1215000000002,1302.21,1300.3935,1300.6440000000002
2018-05-30 13:00:00,1300.6435,1301.3895,1300.0795,1300.863
2018-05-30 13:15:00,1300.8635,1301.17,1300.1484999999998,1300.3585
2018-05-30 13:30:00,1300.3235,1301.52,1300.0585,1300.846
2018-05-30 13:45:00,1300.855,1301.5445,1300.4995000000001,1300.8855
2018-05-30 14:00:00,1300.885,1301.54,1300.3785,1300.8715
2018-05-30 14:15:00,1300.866,1301.911,1300.811,1301.2830000000001
2018-05-30 14:30:00,1301.3,1302.4535,1300.9904999999999,1302.0315
2018-05-30 14:45:00,1302.03,1302.2515,1301.0300000000002,1301.0304999999998
2018-05-30 15:00:00,1301.0255000000002,1301.8450000000003,1300.77,1301.8445
2018-05-30 15:15:00,1301.835,1302.766,1301.8205,1302.2
2018-05-30 15:30:00,1302.204,1302.291,1300.3995,1301.525
2018-05-30 15:45:00,1301.5265,1302.44,1301.3645000000001,1301.9865
2018-05-30 16:00:00,1301.987,1304.438,1301.987,1302.9585000000002
2018-05-30 16:15:00,1302.994,1303.3584999999998,1301.9650000000001,1302.0949999999998
2018-05-30 16:30:00,1302.0895,1302.2,1300.462,1301.3915000000002
2018-05-30 16:45:00,1301.416,1302.079,1301.1735,1302.079
2018-05-30 17:00:00,1302.0800000000002,1302.2005,1301.3615,1301.9399999999998
2018-05-30 17:15:00,1301.938,1302.405,1301.6745,1302.2165
2018-05-30 17:30:00,1302.21,1302.5335,1301.8785,1302.2855
2018-05-30 17:45:00,1302.2749999999999,1302.2955,1301.3645000000001,1301.4505
2018-05-30 18:00:00,1301.4555,1301.6915000000001,1301.2555,1301.4965
2018-05-30 18:15:00,1301.5045,1301.6405,1301.2485000000001,1301.3600000000001
2018-05-30 18:30:00,1301.3595,1301.5705,1301.125,1301.53
2018-05-30 18:45:00,1301.5655,1302.33,1301.502,1302.05
2018-05-30 19:00:00,1302.073,1302.4360000000001,1301.833,1302.0
2018-05-30 19:15:00,1301.9995,1302.1599999999999,1301.7645,1301.995
2018-05-30 19:30:00,1301.9904999999999,1302.4660000000001,1301.9205,1302.44
2018-05-30 19:45:00,1302.3899999999999,1302.6465,1301.921,1302.237
2018-05-30 20:00:00,1302.232,1302.3500000000001,1301.9650000000001,1302.065
2018-05-30 20:15:00,1302.07,1302.101,1301.736,1301.8015
2018-05-30 20:30:00,1301.8095,1302.0465000000002,1301.68,1302.046
2018-05-30 20:45:00,1302.041,1302.0720000000001,1301.188,1301.188
2018-05-30 22:00:00,1301.56,1302.04,1301.51,1301.535
2018-05-30 22:15:00,1301.525,1301.932,1301.51,1301.932
2018-05-30 22:30:00,1301.9315,1302.7865,1301.837,1302.6515
2018-05-30 22:45:00,1302.652,1302.687,1302.2269999999999,1302.3015
2018-05-30 23:00:00,1302.301,1302.52,1302.29,1302.481
2018-05-30 23:15:00,1302.4815,1302.682,1302.42,1302.4365
2018-05-30 23:30:00,1302.4415000000001,1303.1,1302.3410000000001,1303.1
2018-05-30 23:45:00,1303.086,1303.4355,1302.635,1302.6405
2018-05-31 01:00:00,1303.2855000000002,1303.4850000000001,1302.875,1303.175
2018-05-31 01:15:00,1303.1695,1303.3349999999998,1302.668,1303.1535
2018-05-31 01:30:00,1303.154,1303.154,1301.8000000000002,1302.02
2018-05-31 01:45:00,1302.01,1302.245,1301.3449999999998,1301.7254999999998
2018-05-31 02:00:00,1301.7305000000001,1301.82,1301.3200000000002,1301.345
2018-05-31 02:15:00,1301.3500000000001,1302.1899999999998,1301.2555,1301.7465
2018-05-31 02:30:00,1301.751,1302.3654999999999,1301.655,1302.2765
2018-05-31 02:45:00,1302.29,1302.6335,1302.1699999999998,1302.1765
2018-05-31 03:00:00,1302.177,1302.7655,1302.08,1302.69
2018-05-31 03:15:00,1302.697,1303.091,1302.3500000000001,1302.985
2018-05-31 03:30:00,1302.9795,1303.2,1302.5755,1302.675
2018-05-31 03:45:00,1302.6735,1303.1745,1302.5894999999998,1302.6779999999999
2018-05-31 04:00:00,1302.673,1302.995,1302.6045,1302.79
2018-05-31 04:15:00,1302.7895,1302.805,1301.9495,1302.2649999999999
2018-05-31 04:30:00,1302.225,1303.1395,1302.225,1303.0405
2018-05-31 04:45:00,1303.0215,1303.6085,1303.02,1303.2615
2018-05-31 05:00:00,1303.2765000000002,1303.7145,1303.1735,1303.582
2018-05-31 05:15:00,1303.5805,1303.985,1303.3535000000002,1303.6719999999998
2018-05-31 05:30:00,1303.6895,1304.5919999999999,1303.685,1303.8464999999999
2018-05-31 05:45:00,1303.846,1304.0065,1303.4120000000003,1303.44
2018-05-31 06:00:00,1303.3954999999999,1304.0645,1303.1265,1303.555
2018-05-31 06:15:00,1303.544,1306.4575,1303.45,1305.8455000000001
2018-05-31 06:30:00,1305.8505,1306.09,1304.9099999999999,1305.0615
2018-05-31 06:45:00,1305.0665,1305.986,1304.7665,1305.027
2018-05-31 07:00:00,1305.037,1305.7310000000002,1304.7015,1304.7015
2018-05-31 07:15:00,1304.702,1305.4965,1304.7,1305.2949999999998
2018-05-31 07:30:00,1305.2859999999998,1305.8115,1305.1770000000001,1305.5149999999999
2018-05-31 07:45:00,1305.5095,1306.53,1305.2365,1305.6265
2018-05-31 08:00:00,1305.6445,1306.0504999999998,1305.12,1305.821
2018-05-31 08:15:00,1305.815,1305.8835,1305.0535,1305.2505
2018-05-31 08:30:00,1305.2489999999998,1305.723,1304.5,1305.05
2018-05-31 08:45:00,1305.03,1305.2299999999998,1304.561,1304.715
2018-05-31 09:00:00,1304.72,1304.8404999999998,1303.088,1304.225
2018-05-31 09:15:00,1304.185,1304.6745,1303.7,1303.943
2018-05-31 09:30:00,1303.9435,1304.5985,1303.5405,1304.495
2018-05-31 09:45:00,1304.49,1305.605,1304.4895000000001,1305.485
2018-05-31 10:00:00,1305.4815,1305.5765000000001,1304.44,1304.8215
2018-05-31 10:15:00,1304.8220000000001,1304.9415,1303.9555,1304.035
2018-05-31 10:30:00,1304.045,1304.8455000000001,1303.8205,1304.61
2018-05-31 10:45:00,1304.6095,1305.1315,1303.7984999999999,1304.092
2018-05-31 11:00:00,1304.0515,1305.505,1303.9105,1305.1965
2018-05-31 11:15:00,1305.192,1305.297,1304.315,1304.8899999999999
2018-05-31 11:30:00,1304.8559999999998,1305.2015000000001,1304.365,1304.985
2018-05-31 11:45:00,1304.982,1305.385,1304.5145,1304.725
2018-05-31 12:00:00,1304.72,1304.8300000000002,1303.81,1304.636
2018-05-31 12:15:00,1304.6415,1304.8020000000001,1302.9454999999998,1303.655
2018-05-31 12:30:00,1303.575,1303.575,1298.6399999999999,1301.46
2018-05-31 12:45:00,1301.4555,1301.985,1299.7685000000001,1299.7685000000001
2018-05-31 13:00:00,1299.775,1301.7865000000002,1298.77,1301.466
2018-05-31 13:15:00,1301.4565,1301.4565,1300.6509999999998,1301.0045
2018-05-31 13:30:00,1301.01,1302.5449999999998,1300.6879999999999,1301.55
2018-05-31 13:45:00,1301.5449999999998,1303.3915,1301.205,1302.9250000000002
2018-05-31 14:00:00,1302.9355,1305.44,1302.7145,1304.5210000000002
2018-05-31 14:15:00,1304.5159999999998,1305.426,1304.3315,1304.5819999999999
2018-05-31 14:30:00,1304.5815,1305.077,1304.4509999999998,1304.785
2018-05-31 14:45:00,1304.7915,1306.308,1303.921,1304.6215
2018-05-31 15:00:00,1304.665,1304.9209999999998,1303.285,1304.077
2018-05-31 15:15:00,1304.0700000000002,1304.1000000000001,1302.2945,1302.5285000000001
2018-05-31 15:30:00,1302.5295,1303.1735,1301.0249999999999,1302.009
2018-05-31 15:45:00,1302.0,1302.0545,1300.9634999999998,1301.0835
2018-05-31 16:00:00,1301.084,1301.8835,1300.903,1301.6545
2018-05-31 16:15:00,1301.653,1301.7299999999998,1301.0665,1301.4785
2018-05-31 16:30:00,1301.4835,1302.497,1301.4535,1302.035
2018-05-31 16:45:00,1302.055,1302.1515000000002,1301.553,1301.903
2018-05-31 17:00:00,1301.895,1302.0904999999998,1300.8935000000001,1300.97
2018-05-31 17:15:00,1300.9180000000001,1301.0085,1299.343,1300.4265
2018-05-31 17:30:00,1300.4315,1301.46,1300.3999999999999,1300.9139999999998
2018-05-31 17:45:00,1300.9135,1301.3584999999998,1300.558,1301.1885
2018-05-31 18:00:00,1301.288,1301.288,1299.914,1300.8085
2018-05-31 18:15:00,1300.8035,1300.825,1300.101,1300.74
2018-05-31 18:30:00,1300.7335,1301.24,1300.279,1300.928
2018-05-31 18:45:00,1300.935,1301.6435000000001,1300.6585,1300.743
2018-05-31 19:00:00,1300.753,1300.9765,1300.335,1300.44
2018-05-31 19:15:00,1300.445,1300.6695,1299.903,1300.057
2018-05-31 19:30:00,1300.0465,1300.3295,1299.603,1299.8029999999999
2018-05-31 19:45:00,1299.8035,1299.894,1299.3690000000001,1299.4365
2018-05-31 20:00:00,1299.475,1299.6485,1299.0515,1299.11
2018-05-31 20:15:00,1299.1064999999999,1299.32,1297.75,1298.89
2018-05-31 20:30:00,1298.875,1299.0335,1298.3695,1298.508
2018-05-31 20:45:00,1298.52,1298.6985,1298.1905000000002,1298.35
2018-05-31 22:00:00,1299.1,1299.376,1298.635,1298.9850000000001
2018-05-31 22:15:00,1299.0300000000002,1299.738,1299.0200000000002,1299.648
2018-05-31 22:30:00,1299.6535,1299.9779999999998,1299.568,1299.873
2018-05-31 22:45:00,1299.868,1300.07,1299.7930000000001,1300.07
2018-05-31 23:00:00,1300.065,1300.2485,1299.665,1299.7965000000002
2018-05-31 23:15:00,1299.835,1300.0885,1299.285,1299.4050000000002
2018-05-31 23:30:00,1299.3985,1299.963,1299.3490000000002,1299.897
2018-05-31 23:45:00,1299.8765,1299.97,1299.088,1299.4479999999999
2018-06-01 01:00:00,1299.5635,1300.655,1299.5635,1299.8235000000002
2018-06-01 01:15:00,1299.8184999999999,1299.8485,1297.9385,1298.749
2018-06-01 01:30:00,1298.7335,1299.667,1298.7335,1299.56
2018-06-01 01:45:00,1299.565,1299.8000000000002,1299.191,1299.28
2018-06-01 02:00:00,1299.2885,1299.3035,1298.3855,1298.3855
2018-06-01 02:15:00,1298.4,1299.5865000000001,1298.3895,1299.0304999999998
2018-06-01 02:30:00,1299.0300000000002,1299.2155,1298.6385,1299.0134999999998
2018-06-01 02:45:00,1299.0134999999998,1299.0185000000001,1298.178,1298.2785
2018-06-01 03:00:00,1298.2435,1298.7255,1297.819,1298.3795
2018-06-01 03:15:00,1298.38,1298.685,1298.0,1298.6370000000002
2018-06-01 03:30:00,1298.6615000000002,1298.802,1298.383,1298.4755
2018-06-01 03:45:00,1298.4305,1298.8,1298.2700000000002,1298.605
2018-06-01 04:00:00,1298.5885,1298.9985000000001,1298.578,1298.578
2018-06-01 04:15:00,1298.595,1298.705,1298.3735,1298.4165
2018-06-01 04:30:00,1298.4095,1298.6895,1298.1695,1298.369
2018-06-01 04:45:00,1298.3685,1298.8799999999999,1298.2685,1298.722
2018-06-01 05:00:00,1298.676,1298.722,1297.9244999999999,1298.1295
2018-06-01 05:15:00,1298.125,1298.6385,1298.0404999999998,1298.54
2018-06-01 05:30:00,1298.535,1299.6254999999999,1298.4365,1299.6205
2018-06-01 05:45:00,1299.6154999999999,1299.635,1298.9645,1299.2615
2018-06-01 06:00:00,1299.245,1299.2504999999999,1298.1200000000001,1298.5085
2018-06-01 06:15:00,1298.4985,1299.1315,1298.299,1299.1055
2018-06-01 06:30:00,1299.1005,1299.2050000000002,1298.2035,1298.4135
2018-06-01 06:45:00,1298.413,1299.125,1298.138,1299.1235
2018-06-01 07:00:00,1299.1085,1300.1200000000001,1298.6485,1298.87
2018-06-01 07:15:00,1298.87,1299.614,1298.87,1299.404
2018-06-01 07:30:00,1299.3885,1299.9705000000001,1298.9840000000002,1299.3655
2018-06-01 07:45:00,1299.3604999999998,1299.565,1299.0549999999998,1299.2549999999999
2018-06-01 08:00:00,1299.2595,1300.175,1299.1555,1299.6005
2018-06-01 08:15:00,1299.609,1299.914,1299.393,1299.4805
2018-06-01 08:30:00,1299.5245,1299.8845,1299.18,1299.19
2018-06-01 08:45:00,1299.188,1299.96,1299.085,1299.3815000000002
2018-06-01 09:00:00,1299.385,1299.4755000000002,1299.0400000000002,1299.4544999999998
2018-06-01 09:15:00,1299.52,1299.6605,1299.1454999999999,1299.44
2018-06-01 09:30:00,1299.4295000000002,1299.9295,1299.28,1299.7450000000001
2018-06-01 09:45:00,1299.7555,1299.899,1299.275,1299.565
2018-06-01 10:00:00,1299.555,1300.0485,1299.4415,1299.5835
2018-06-01 10:15:00,1299.584,1299.884,1298.6920000000002,1298.765
2018-06-01 10:30:00,1298.7825,1299.21,1298.3129999999999,1298.518
2018-06-01 10:45:00,1298.5235,1298.8535,1296.029,1298.0735
2018-06-01 11:00:00,1298.0685,1298.6630000000002,1297.6685,1298.01
2018-06-01 11:15:00,1298.0365,1298.1999999999998,1295.6985,1295.96
2018-06-01 11:30:00,1295.9685,1296.3339999999998,1294.3799999999999,1295.048
2018-06-01 11:45:00,1295.0585,1295.3985,1294.54,1295.04
2018-06-01 12:00:00,1295.0579999999998,1295.72,1294.6435000000001,1294.831
2018-06-01 12:15:00,1294.8335,1295.063,1293.71,1294.19
2018-06-01 12:30:00,1294.114,1295.4515000000001,1289.355,1293.85
2018-06-01 12:45:00,1293.8590000000002,1294.2934999999998,1292.2535,1292.488
2018-06-01 13:00:00,1292.4779999999998,1294.0555,1292.38,1293.55
2018-06-01 13:15:00,1293.4999999999998,1295.445,1292.6585,1293.993
2018-06-01 13:30:00,1293.9084999999998,1294.2285,1292.6135,1293.373
2018-06-01 13:45:00,1293.3899999999999,1294.21,1293.32,1293.4535
2018-06-01 14:00:00,1293.455,1295.795,1293.2379999999998,1294.51
2018-06-01 14:15:00,1294.5049999999999,1295.0415,1293.62,1294.3400000000001
2018-06-01 14:30:00,1294.345,1294.63,1293.31,1293.854
2018-06-01 14:45:00,1293.8535000000002,1295.235,1293.848,1295.1195
2018-06-01 15:00:00,1295.12,1298.795,1294.7050000000002,1298.2489999999998
2018-06-01 15:15:00,1298.2649999999999,1299.137,1296.9560000000001,1297.3849999999998
2018-06-01 15:30:00,1297.332,1297.705,1296.6850000000002,1297.32
2018-06-01 15:45:00,1297.315,1297.9095000000002,1296.4044999999999,1296.4855
2018-06-01 16:00:00,1296.485,1297.166,1296.455,1296.584
2018-06-01 16:15:00,1296.57,1296.895,1296.0900000000001,1296.7604999999999
2018-06-01 16:30:00,1296.8145,1297.277,1296.4650000000001,1296.4650000000001
2018-06-01 16:45:00,1296.4750000000001,1296.48,1295.2335,1295.635
2018-06-01 17:00:00,1295.6135,1295.944,1295.028,1295.1235000000001
2018-06-01 17:15:00,1295.1229999999998,1295.6605,1294.5485,1295.458
2018-06-01 17:30:00,1295.45,1295.819,1295.06,1295.425
2018-06-01 17:45:00,1295.4180000000001,1295.5249999999999,1294.453,1295.115
2018-06-01 18:00:00,1295.1100000000001,1295.5349999999999,1294.9,1294.9205
2018-06-01 18:15:00,1294.9545,1295.5,1294.7935000000002,1295.4950000000001
2018-06-01 18:30:00,1295.4855,1295.4950000000001,1294.135,1294.424
2018-06-01 18:45:00,1294.415,1294.415,1293.3985,1293.5439999999999
2018-06-01 19:00:00,1293.525,1293.925,1292.8935,1293.0895
2018-06-01 19:15:00,1293.089,1293.4640000000002,1292.558,1292.619
2018-06-01 19:30:00,1292.6185,1293.5034999999998,1292.4085000000002,1293.414
2018-06-01 19:45:00,1293.423,1294.05,1292.86,1293.125
2018-06-01 20:00:00,1293.069,1293.84,1293.025,1293.4615000000001
2018-06-01 20:15:00,1293.4665,1293.7955,1293.2635,1293.789
2018-06-01 20:30:00,1293.7884999999999,1294.0035,1293.67,1293.913
2018-06-01 20:45:00,1293.9135,1293.994,1292.9185,1293.1650000000002
2018-06-03 22:00:00,1292.925,1293.975,1292.65,1293.405
2018-06-03 22:15:00,1293.415,1293.568,1293.08,1293.5600000000002
2018-06-03 22:30:00,1293.5610000000001,1294.0735,1293.483,1293.883
2018-06-03 22:45:00,1293.8835000000001,1293.884,1293.263,1293.47
2018-06-03 23:00:00,1293.4750000000001,1294.501,1293.375,1294.288
2018-06-03 23:15:00,1294.2885,1294.6200000000001,1293.7459999999999,1293.7465
2018-06-03 23:30:00,1293.751,1294.2935,1293.3935,1293.5684999999999
2018-06-03 23:45:00,1293.568,1293.5684999999999,1292.703,1292.838
2018-06-04 01:00:00,1293.15,1293.548,1292.8335,1293.1545
2018-06-04 01:15:00,1293.155,1293.349,1292.8104999999998,1293.1335000000001
2018-06-04 01:30:00,1293.1284999999998,1294.1100000000001,1293.05,1293.84
2018-06-04 01:45:00,1293.835,1294.1285,1293.3495,1293.3585
2018-06-04 02:00:00,1293.363,1293.6,1292.8685,1293.289
2018-06-04 02:15:00,1293.309,1293.3235,1292.8735,1293.205
2018-06-04 02:30:00,1293.197,1293.364,1292.973,1293.33
2018-06-04 02:45:00,1293.335,1293.46,1292.98,1292.989
2018-06-04 03:00:00,1292.9835,1293.335,1292.9750000000001,1293.2279999999998
2018-06-04 03:15:00,1293.233,1293.5995,1293.1934999999999,1293.4180000000001
2018-06-04 03:30:00,1293.4135,1293.663,1293.241,1293.3195
2018-06-04 03:45:00,1293.32,1293.919,1293.26,1293.71
2018-06-04 04:00:00,1293.715,1293.795,1293.3735,1293.617
2018-06-04 04:15:00,1293.6205,1293.9855,1293.393,1293.565
2018-06-04 04:30:00,1293.5635000000002,1293.565,1292.845,1292.8555
2018-06-04 04:45:00,1292.86,1292.8685,1290.888,1291.6139999999998
2018-06-04 05:00:00,1291.605,1291.605,1291.02,1291.1850000000002
2018-06-04 05:15:00,1291.1799999999998,1291.6105,1290.8390000000002,1291.6060000000002
2018-06-04 05:30:00,1291.538,1291.6215000000002,1291.1439999999998,1291.3885
2018-06-04 05:45:00,1291.4335,1291.863,1291.3485,1291.5485
2018-06-04 06:00:00,1291.5135,1291.8105,1290.934,1291.6145000000001
2018-06-04 06:15:00,1291.6095,1291.9945,1291.3990000000001,1291.9685000000002
2018-06-04 06:30:00,1291.943,1291.9689999999998,1290.8985,1291.4950000000001
2018-06-04 06:45:00,1291.4505,1291.779,1291.089,1291.4585
2018-06-04 07:00:00,1291.449,1294.1065,1290.3490000000002,1293.46
2018-06-04 07:15:00,1293.4665,1294.575,1293.14,1293.885
2018-06-04 07:30:00,1293.871,1294.35,1293.5279999999998,1293.62
2018-06-04 07:45:00,1293.6145,1293.774,1292.8785,1292.9715
2018-06-04 08:00:00,1292.8845,1294.0035,1292.674,1293.8415
2018-06-04 08:15:00,1293.8395,1293.9505000000001,1292.9235,1293.6140000000003
2018-06-04 08:30:00,1293.61,1294.1105,1293.5130000000001,1293.99
2018-06-04 08:45:00,1293.975,1293.975,1293.1844999999998,1293.742
2018-06-04 09:00:00,1293.74,1294.232,1293.66,1294.1295
2018-06-04 09:15:00,1294.1195,1294.1499999999999,1293.5484999999999,1293.97
2018-06-04 09:30:00,1293.9650000000001,1295.5249999999999,1293.7855,1294.54
2018-06-04 09:45:00,1294.55,1294.7495,1293.875,1294.0255
2018-06-04 10:00:00,1294.0249999999999,1294.445,1293.7455,1294.031
2018-06-04 10:15:00,1294.0315,1294.268,1293.5549999999998,1293.9745
2018-06-04 10:30:00,1293.9814999999999,1295.129,1293.98,1294.8655
2018-06-04 10:45:00,1294.865,1295.3315,1294.7459999999999,1295.1450000000002
2018-06-04 11:00:00,1295.1544999999999,1295.63,1294.515,1295.2079999999999
2018-06-04 11:15:00,1295.2034999999998,1295.24,1294.6745,1295.24
2018-06-04 11:30:00,1295.235,1295.9695,1294.6485,1295.796
2018-06-04 11:45:00,1295.8010000000002,1296.905,1294.9299999999998,1296.6850000000002
2018-06-04 12:00:00,1296.7269999999999,1297.2245,1295.661,1296.9455
2018-06-04 12:15:00,1296.945,1297.4364999999998,1295.8480000000002,1296.7884999999999
2018-06-04 12:30:00,1296.7685,1297.4599999999998,1296.46,1296.9235
2018-06-04 12:45:00,1296.935,1297.6295,1296.5585,1296.8535
2018-06-04 13:00:00,1296.845,1298.1165,1296.444,1297.5915
2018-06-04 13:15:00,1297.6019999999999,1297.8809999999999,1296.772,1296.777
2018-06-04 13:30:00,1296.7514999999999,1297.3890000000001,1295.8365000000001,1296.257
2018-06-04 13:45:00,1296.2565,1296.4769999999999,1295.0030000000002,1295.3985
2018-06-04 14:00:00,1295.3835,1296.0435,1294.3085,1294.624
2018-06-04 14:15:00,1294.634,1295.8864999999998,1294.573,1295.762
2018-06-04 14:30:00,1295.752,1296.3619999999999,1295.3595,1295.5595
2018-06-04 14:45:00,1295.5529999999999,1296.1515,1294.6615,1294.958
2018-06-04 15:00:00,1294.965,1295.41,1293.0085,1293.5040000000001
2018-06-04 15:15:00,1293.5055,1294.241,1293.1085,1293.731
2018-06-04 15:30:00,1293.73,1294.232,1293.354,1293.685
2018-06-04 15:45:00,1293.6955,1294.2644999999998,1293.5715,1294.095
2018-06-04 16:00:00,1294.085,1294.1015,1293.5,1293.8565
2018-06-04 16:15:00,1293.856,1294.1215,1293.549,1293.594
2018-06-04 16:30:00,1293.6035,1294.08,1293.299,1293.9755
2018-06-04 16:45:00,1293.9865000000002,1294.0695,1293.2755,1293.5984999999998
2018-06-04 17:00:00,1293.589,1293.8955,1293.1785000000002,1293.3995
2018-06-04 17:15:00,1293.3999999999999,1293.8755,1293.016,1293.2745
2018-06-04 17:30:00,1293.2815,1293.619,1292.9,1293.5529999999999
2018-06-04 17:45:00,1293.5449999999998,1293.65,1292.9295,1293.0315
2018-06-04 18:00:00,1293.0405,1293.2314999999999,1292.755,1292.863
2018-06-04 18:15:00,1292.8635,1293.4899999999998,1292.685,1293.395
2018-06-04 18:30:00,1293.395,1293.42,1292.4050000000002,1293.2495
2018-06-04 18:45:00,1293.24,1293.24,1292.3905,1292.6405
2018-06-04 19:00:00,1292.63,1292.9195,1292.3954999999999,1292.78
2018-06-04 19:15:00,1292.7810000000002,1292.9205,1292.4044999999999,1292.7095
2018-06-04 19:30:00,1292.71,1292.8000000000002,1291.9385,1292.0285
2018-06-04 19:45:00,1292.0384999999999,1292.399,1291.8135,1291.913
2018-06-04 20:00:00,1291.895,1292.234,1291.686,1291.9049999999997
2018-06-04 20:15:00,1291.9185,1292.0349999999999,1291.5884999999998,1291.8355
2018-06-04 20:30:00,1291.8255,1292.059,1291.8215,1291.93
2018-06-04 20:45:00,1291.9215000000002,1292.3600000000001,1291.775,1292.3600000000001
2018-06-04 22:00:00,1292.49,1292.58,1292.165,1292.494
2018-06-04 22:15:00,1292.4935,1292.6950000000002,1292.313,1292.3535000000002
2018-06-04 22:30:00,1292.3485,1292.685,1291.9,1292.675
2018-06-04 22:45:00,1292.652,1292.652,1292.244,1292.298
2018-06-04 23:00:00,1292.2935,1292.3935000000001,1292.15,1292.1834999999999
2018-06-04 23:15:00,1292.184,1292.3985,1292.178,1292.3795
2018-06-04 23:30:00,1292.3785,1292.5585,1291.665,1291.665
2018-06-04 23:45:00,1291.6720000000003,1292.159,1291.44,1291.6454999999999
2018-06-05 01:00:00,1291.4355,1292.0185,1290.86,1291.5990000000002
2018-06-05 01:15:00,1291.5945000000002,1291.746,1291.003,1291.6284999999998
2018-06-05 01:30:00,1291.6139999999998,1292.5765,1291.4415,1292.4655
2018-06-05 01:45:00,1292.5335,1292.755,1292.32,1292.325
2018-06-05 02:00:00,1292.3410000000001,1292.529,1292.2445,1292.333
2018-06-05 02:15:00,1292.3285,1292.7209999999998,1292.1155,1292.125
2018-06-05 02:30:00,1292.1185,1292.123,1291.4565,1291.4565
2018-06-05 02:45:00,1291.46,1292.0735,1291.423,1291.849
2018-06-05 03:00:00,1291.794,1292.365,1291.749,1292.255
2018-06-05 03:15:00,1292.2595000000001,1292.4309999999998,1291.9599999999998,1292.2755
2018-06-05 03:30:00,1292.275,1292.4565000000002,1292.0345000000002,1292.0584999999999
2018-06-05 03:45:00,1292.059,1292.3480000000002,1291.9535,1292.05
2018-06-05 04:00:00,1292.0380000000002,1292.474,1291.9599999999998,1292.265
2018-06-05 04:15:00,1292.2640000000001,1292.4395,1291.9335,1292.03
2018-06-05 04:30:00,1292.0365,1292.0365,1291.464,1291.526
2018-06-05 04:45:00,1291.5265000000002,1291.8285,1291.1889999999999,1291.713
2018-06-05 05:00:00,1291.675,1291.72,1289.913,1290.3600000000001
2018-06-05 05:15:00,1290.3600000000001,1291.028,1290.245,1290.575
2018-06-05 05:30:00,1290.5584999999999,1290.8805000000002,1290.1485,1290.794
2018-06-05 05:45:00,1290.8085,1291.625,1290.7350000000001,1291.5984999999998
2018-06-05 06:00:00,1291.62,1291.705,1290.7985,1291.694
2018-06-05 06:15:00,1291.705,1292.3600000000001,1291.49,1291.5005
2018-06-05 06:30:00,1291.4935,1292.199,1291.305,1291.909
2018-06-05 06:45:00,1291.904,1293.7585000000001,1291.7885,1293.2715
2018-06-05 07:00:00,1293.2694999999999,1294.1215,1292.57,1292.66
2018-06-05 07:15:00,1292.7050000000002,1292.81,1292.2565,1292.2805
2018-06-05 07:30:00,1292.2815,1292.3105,1291.05,1291.6285
2018-06-05 07:45:00,1291.629,1292.169,1291.2085000000002,1291.865
2018-06-05 08:00:00,1291.865,1292.7119999999998,1291.724,1292.4985
2018-06-05 08:15:00,1292.498,1292.6770000000001,1291.9755,1292.4495
2018-06-05 08:30:00,1292.456,1292.999,1292.069,1292.7160000000001
2018-06-05 08:45:00,1292.7005000000001,1293.1005,1292.586,1292.8195
2018-06-05 09:00:00,1292.8000000000002,1292.8045000000002,1292.11,1292.2145
2018-06-05 09:15:00,1292.215,1292.7,1292.1855,1292.52
2018-06-05 09:30:00,1292.509,1292.533,1291.929,1292.24
2018-06-05 09:45:00,1292.2455,1292.7085,1292.23,1292.655
2018-06-05 10:00:00,1292.6535000000001,1292.7185000000002,1292.133,1292.4185
2018-06-05 10:15:00,1292.418,1292.45,1291.2849999999999,1291.469
2018-06-05 10:30:00,1291.4785,1291.8995,1290.8735,1291.398
2018-06-05 10:45:00,1291.388,1291.5600000000002,1290.3790000000001,1290.7135
2018-06-05 11:00:00,1290.713,1291.458,1290.5785,1291.0435
2018-06-05 11:15:00,1291.0384999999999,1291.1764999999998,1290.624,1290.8180000000002
2018-06-05 11:30:00,1290.8184999999999,1291.431,1290.513,1291.308
2018-06-05 11:45:00,1291.2915,1291.805,1290.9285,1291.465
2018-06-05 12:00:00,1291.4715,1293.655,1291.2510000000002,1292.865
2018-06-05 12:15:00,1292.93,1293.67,1292.3980000000001,1293.3445
2018-06-05 12:30:00,1293.365,1293.5805,1292.45,1292.8090000000002
2018-06-05 12:45:00,1292.7939999999999,1293.465,1292.7585000000001,1293.464
2018-06-05 13:00:00,1293.365,1294.4115,1293.155,1293.818
2018-06-05 13:15:00,1293.8195,1293.9454999999998,1292.9995,1293.617
2018-06-05 13:30:00,1293.6164999999999,1293.9395,1292.665,1293.14
2018-06-05 13:45:00,1293.145,1293.1570000000002,1291.2155,1292.55
2018-06-05 14:00:00,1292.4499999999998,1292.4499999999998,1290.714,1291.7034999999998
2018-06-05 14:15:00,1291.7645,1293.67,1291.6885,1292.6515
2018-06-05 14:30:00,1292.6794999999997,1293.655,1292.6794999999997,1293.335
2018-06-05 14:45:00,1293.3400000000001,1294.078,1293.1015,1293.8195
2018-06-05 15:00:00,1293.796,1295.5445000000002,1293.2865,1295.317
2018-06-05 15:15:00,1295.3355,1295.848,1294.501,1295.765
2018-06-05 15:30:00,1295.74,1297.646,1295.73,1297.4299999999998
2018-06-05 15:45:00,1297.343,1297.557,1296.23,1297.1915
2018-06-05 16:00:00,1297.192,1297.4155,1295.8179999999998,1296.612
2018-06-05 16:15:00,1296.602,1300.507,1296.481,1300.1864999999998
2018-06-05 16:30:00,1300.235,1300.5815,1297.9144999999999,1298.71
2018-06-05 16:45:00,1298.715,1298.8535,1298.15,1298.4915
2018-06-05 17:00:00,1298.491,1299.2255,1298.491,1299.052
2018-06-05 17:15:00,1299.0515,1299.1005,1297.9050000000002,1298.2749999999999
2018-06-05 17:30:00,1298.2869999999998,1299.0169999999998,1298.278,1298.9360000000001
2018-06-05 17:45:00,1298.931,1299.4665,1298.4615,1299.26
2018-06-05 18:00:00,1299.2314999999999,1299.2965,1298.2610000000002,1298.3665
2018-06-05 18:15:00,1298.3700000000001,1298.6855,1298.068,1298.083
2018-06-05 18:30:00,1298.1035,1298.264,1297.9345,1298.0700000000002
2018-06-05 18:45:00,1298.124,1298.1585,1297.1499999999999,1297.4205
2018-06-05 19:00:00,1297.415,1297.815,1297.1665,1297.735
2018-06-05 19:15:00,1297.725,1297.915,1297.34,1297.585
2018-06-05 19:30:00,1297.5155,1297.9019999999998,1297.215,1297.395
2018-06-05 19:45:00,1297.4045,1297.4045,1296.8394999999998,1296.84
2018-06-05 20:00:00,1296.7549999999999,1296.8245,1296.4660000000001,1296.757
2018-06-05 20:15:00,1296.7459999999999,1296.8065,1296.585,1296.6865
2018-06-05 20:30:00,1296.6850000000002,1296.8415,1296.571,1296.6564999999998
2018-06-05 20:45:00,1296.6609999999998,1296.751,1296.188,1296.188
2018-06-05 22:00:00,1296.47,1297.232,1296.47,1297.047
2018-06-05 22:15:00,1297.0465000000002,1297.1260000000002,1296.8615,1297.0120000000002
2018-06-05 22:30:00,1297.0189999999998,1297.1264999999999,1296.94,1297.0784999999998
2018-06-05 22:45:00,1297.0884999999998,1297.365,1296.965,1296.9660000000001
2018-06-05 23:00:00,1296.965,1297.5000000000002,1296.965,1297.3885
2018-06-05 23:15:00,1297.3835,1297.8500000000001,1297.1634999999999,1297.1734999999999
2018-06-05 23:30:00,1297.1634999999999,1297.565,1296.991,1297.057
2018-06-05 23:45:00,1297.0915000000002,1297.6365,1296.9015,1297.001
2018-06-06 01:00:00,1297.5865,1297.7915,1297.3615,1297.5059999999999
2018-06-06 01:15:00,1297.5045,1297.785,1297.3565,1297.5615
2018-06-06 01:30:00,1297.561,1298.272,1297.561,1297.8110000000001
2018-06-06 01:45:00,1297.8114999999998,1298.2859999999998,1297.531,1297.952
2018-06-06 02:00:00,1297.967,1298.0665,1297.291,1297.5565
2018-06-06 02:15:00,1297.557,1297.6565,1297.146,1297.146
2018-06-06 02:30:00,1297.1515,1297.415,1296.95,1297.2694999999999
2018-06-06 02:45:00,1297.2645,1297.4440000000002,1297.1444999999999,1297.292
2018-06-06 03:00:00,1297.2915,1297.307,1296.9695000000002,1297.0694999999998
2018-06-06 03:15:00,1297.0659999999998,1297.3870000000002,1297.0565000000001,1297.281
2018-06-06 03:30:00,1297.2815,1297.5065,1297.1915,1297.4965000000002
2018-06-06 03:45:00,1297.5069999999998,1297.627,1297.311,1297.52
2018-06-06 04:00:00,1297.522,1297.522,1296.915,1296.915
2018-06-06 04:15:00,1296.925,1297.01,1296.5800000000002,1296.844
2018-06-06 04:30:00,1296.8385,1296.935,1296.6235000000001,1296.771
2018-06-06 04:45:00,1296.77,1296.97,1296.58,1296.79
2018-06-06 05:00:00,1296.78,1297.1035000000002,1296.47,1296.8795
2018-06-06 05:15:00,1296.8529999999998,1297.999,1296.8529999999998,1297.898
2018-06-06 05:30:00,1297.9585,1298.3505,1297.6765,1298.2804999999998
2018-06-06 05:45:00,1298.2700000000002,1298.8765,1298.065,1298.78
2018-06-06 06:00:00,1298.7795,1299.0919999999999,1298.1765,1298.6934999999999
2018-06-06 06:15:00,1298.705,1299.4914999999999,1298.6084999999998,1299.0565
2018-06-06 06:30:00,1299.0615,1299.4354999999998,1298.346,1298.6105
2018-06-06 06:45:00,1298.6004999999998,1299.001,1297.4644999999998,1297.9605
2018-06-06 07:00:00,1297.9489999999998,1298.835,1297.0485,1298.6815
2018-06-06 07:15:00,1298.6865,1298.6965000000002,1297.79,1298.1960000000001
2018-06-06 07:30:00,1298.1615000000002,1298.6245000000001,1297.9555,1298.508
2018-06-06 07:45:00,1298.5185000000001,1298.567,1297.965,1298.291
2018-06-06 08:00:00,1298.2915,1298.5115,1297.375,1297.809
2018-06-06 08:15:00,1297.7985,1297.916,1297.35,1297.5104999999999
2018-06-06 08:30:00,1297.5055000000002,1297.6544999999999,1296.4505,1296.8305
2018-06-06 08:45:00,1296.824,1297.1835,1296.3605000000002,1297.01
2018-06-06 09:00:00,1296.93,1297.1834999999999,1294.729,1295.4715
2018-06-06 09:15:00,1295.4709999999998,1295.5735,1294.7785,1295.1190000000001
2018-06-06 09:30:00,1295.1184999999998,1295.5349999999999,1294.8135,1295.24
2018-06-06 09:45:00,1295.215,1295.31,1294.2930000000001,1295.134
2018-06-06 10:00:00,1295.129,1295.3685,1294.4479999999999,1295.308
2018-06-06 10:15:00,1295.3029999999999,1295.3855,1294.7835000000002,1295.1785
2018-06-06 10:30:00,1295.183,1295.3645,1294.7700000000002,1294.7855
2018-06-06 10:45:00,1294.7955,1295.005,1294.285,1294.9085
2018-06-06 11:00:00,1294.9035,1295.5089999999998,1293.8585,1295.0800000000002
2018-06-06 11:15:00,1295.0749999999998,1295.5665,1295.063,1295.1595
2018-06-06 11:30:00,1295.1599999999999,1295.635,1294.9244999999999,1295.4160000000002
2018-06-06 11:45:00,1295.421,1296.42,1295.1345,1296.0995
2018-06-06 12:00:00,1296.073,1296.388,1295.7549999999999,1295.7915
2018-06-06 12:15:00,1295.7920000000001,1297.0135,1295.3845000000001,1296.8775
2018-06-06 12:30:00,1296.854,1298.0965,1296.7395,1298.06
2018-06-06 12:45:00,1298.0485,1298.2600000000002,1297.3865,1298.2585
2018-06-06 13:00:00,1298.259,1299.085,1297.9015,1298.57
2018-06-06 13:15:00,1298.5949999999998,1299.5435,1298.1,1298.9699999999998
2018-06-06 13:30:00,1298.9650000000001,1299.56,1298.4195,1298.4199999999998
2018-06-06 13:45:00,1298.432,1301.2035,1298.4295,1300.6209999999999
2018-06-06 14:00:00,1300.62,1301.867,1300.07,1300.307
2018-06-06 14:15:00,1300.3065,1300.8065,1299.0855,1299.645
2018-06-06 14:30:00,1299.5715,1299.7350000000001,1298.8335,1299.5695
2018-06-06 14:45:00,1299.5585,1299.9735,1298.86,1299.27
2018-06-06 15:00:00,1299.2715,1299.8365,1299.2415,1299.2505
2018-06-06 15:15:00,1299.2465,1299.6295,1298.8595,1299.4955
2018-06-06 15:30:00,1299.4855000000002,1299.981,1299.3895,1299.775
2018-06-06 15:45:00,1299.7920000000001,1300.5045,1299.525,1299.9185
2018-06-06 16:00:00,1299.93,1300.1850000000002,1299.145,1299.4615
2018-06-06 16:15:00,1299.46,1299.7185,1298.87,1299.1955
2018-06-06 16:30:00,1299.204,1299.5745,1298.87,1299.5635
2018-06-06 16:45:00,1299.5505,1299.652,1297.228,1297.634
2018-06-06 17:00:00,1297.663,1298.2385000000002,1297.24,1297.653
2018-06-06 17:15:00,1297.6535000000001,1297.855,1296.9335,1297.254
2018-06-06 17:30:00,1297.2135,1297.3355,1296.03,1296.0495
2018-06-06 17:45:00,1296.0555,1296.143,1294.8015,1295.3035
2018-06-06 18:00:00,1295.308,1295.8835000000001,1294.8445,1295.8089999999997
2018-06-06 18:15:00,1295.819,1296.2340000000002,1295.5040000000001,1296.064
2018-06-06 18:30:00,1296.0385,1296.202,1295.803,1295.99
2018-06-06 18:45:00,1296.022,1296.54,1295.9105000000002,1296.0035
2018-06-06 19:00:00,1296.0845,1296.0885,1295.278,1295.7545
2018-06-06 19:15:00,1295.755,1296.5805,1295.58,1296.58
2018-06-06 19:30:00,1296.565,1297.0455,1296.47,1297.01
2018-06-06 19:45:00,1297.0099999999998,1297.291,1296.7259999999999,1297.1855
2018-06-06 20:00:00,1297.2169999999999,1297.2794999999999,1296.6985000000002,1296.7079999999999
2018-06-06 20:15:00,1296.741,1296.7514999999999,1296.595,1296.604
2018-06-06 20:30:00,1296.6284999999998,1296.6284999999998,1296.3345,1296.495
2018-06-06 20:45:00,1296.488,1296.753,1296.0385,1296.635
2018-06-06 22:00:00,1296.64,1296.9415,1296.611,1296.7704999999999
2018-06-06 22:15:00,1296.7649999999999,1297.319,1296.6895000000002,1297.205
2018-06-06 22:30:00,1297.1599999999999,1297.624,1297.124,1297.2334999999998
2018-06-06 22:45:00,1297.234,1297.5384999999999,1297.2135,1297.3285
2018-06-06 23:00:00,1297.329,1297.8200000000002,1297.323,1297.622
2018-06-06 23:15:00,1297.62,1298.1405,1297.5339999999999,1298.08
2018-06-06 23:30:00,1298.095,1298.2334999999998,1297.175,1297.6695
2018-06-06 23:45:00,1297.6634999999999,1297.8835,1297.1689999999999,1297.405
2018-06-07 01:00:00,1296.3145000000002,1296.9015,1295.608,1296.897
2018-06-07 01:15:00,1296.886,1297.5049999999999,1296.7705,1297.405
2018-06-07 01:30:00,1297.4264999999998,1297.4955,1296.981,1297.3045
2018-06-07 01:45:00,1297.24,1297.5100000000002,1296.6200000000001,1297.2045
2018-06-07 02:00:00,1297.19,1297.6065,1297.0535,1297.054
2018-06-07 02:15:00,1297.059,1297.5149999999999,1296.556,1296.83
2018-06-07 02:30:00,1296.8295,1297.1834999999999,1296.7965,1296.8885
2018-06-07 02:45:00,1296.889,1297.2849999999999,1296.6955,1297.007
2018-06-07 03:00:00,1296.9965,1297.4205,1296.9950000000001,1297.0919999999999
2018-06-07 03:15:00,1297.0915,1297.1055,1296.8015,1296.905
2018-06-07 03:30:00,1296.9045,1297.5715,1296.8944999999999,1297.3215
2018-06-07 03:45:00,1297.321,1297.3965,1296.896,1296.992
2018-06-07 04:00:00,1297.027,1297.1164999999999,1296.55,1296.932
2018-06-07 04:15:00,1296.8715,1297.18,1296.7559999999999,1296.996
2018-06-07 04:30:00,1297.006,1297.1765,1296.425,1296.445
2018-06-07 04:45:00,1296.4445,1297.4885,1296.0225,1297.339
2018-06-07 05:00:00,1297.355,1297.865,1297.2295,1297.705
2018-06-07 05:15:00,1297.7045,1298.1909999999998,1297.5185,1297.71
2018-06-07 05:30:00,1297.6995,1298.2884999999999,1297.5104999999999,1298.283
2018-06-07 05:45:00,1298.2835000000002,1298.2835000000002,1297.276,1297.495
2018-06-07 06:00:00,1297.4755,1297.4755,1296.64,1297.0790000000002
2018-06-07 06:15:00,1297.0735000000002,1297.6005,1296.8495,1297.285
2018-06-07 06:30:00,1297.2855,1297.8735000000001,1297.1084999999998,1297.1129999999998
2018-06-07 06:45:00,1297.1135,1297.5349999999999,1296.9085,1297.4904999999999
2018-06-07 07:00:00,1297.4354999999998,1298.4885,1296.973,1298.3815
2018-06-07 07:15:00,1298.385,1299.1195,1298.2759999999998,1298.4865
2018-06-07 07:30:00,1298.5015,1298.705,1298.2395000000001,1298.445
2018-06-07 07:45:00,1298.439,1299.1995,1298.4,1298.625
2018-06-07 08:00:00,1298.635,1298.9384999999997,1297.8165000000001,1297.8410000000001
2018-06-07 08:15:00,1297.846,1298.3405,1297.555,1298.245
2018-06-07 08:30:00,1298.2520000000002,1298.448,1297.6505,1298.2035
2018-06-07 08:45:00,1298.1870000000001,1298.3615,1297.7685000000001,1298.27
2018-06-07 09:00:00,1298.2649999999999,1298.9365,1298.151,1298.6665
2018-06-07 09:15:00,1298.6650000000002,1298.802,1298.273,1298.5665000000001
2018-06-07 09:30:00,1298.5810000000001,1298.782,1298.1999999999998,1298.415
2018-06-07 09:45:00,1298.4195,1298.9709999999998,1298.302,1298.9709999999998
2018-06-07 10:00:00,1298.9695000000002,1299.6165,1298.7255,1299.0455000000002
2018-06-07 10:15:00,1299.0549999999998,1299.515,1298.775,1298.9619999999998
2018-06-07 10:30:00,1298.9615000000001,1298.9619999999998,1298.475,1298.76
2018-06-07 10:45:00,1298.757,1298.8945,1297.978,1298.2849999999999
2018-06-07 11:00:00,1298.2835000000002,1299.08,1298.0445,1298.905
2018-06-07 11:15:00,1298.904,1298.9719999999998,1298.403,1298.42
2018-06-07 11:30:00,1298.419,1298.6205,1297.733,1298.0205
2018-06-07 11:45:00,1298.038,1299.8100000000002,1297.9385,1299.8049999999998
2018-06-07 12:00:00,1299.8045,1300.103,1299.25,1299.857
2018-06-07 12:15:00,1299.8564999999999,1303.17,1299.3385,1302.73
2018-06-07 12:30:00,1302.685,1303.1905,1300.8965,1301.3670000000002
2018-06-07 12:45:00,1301.3764999999999,1301.666,1300.8805,1301.492
2018-06-07 13:00:00,1301.501,1301.922,1300.336,1300.915
2018-06-07 13:15:00,1300.925,1301.0445,1296.6709999999998,1297.8384999999998
2018-06-07 13:30:00,1297.8339999999998,1298.687,1297.4145,1297.72
2018-06-07 13:45:00,1297.7095,1297.7335,1294.949,1296.349
2018-06-07 14:00:00,1296.359,1297.9935,1296.3035,1297.2735
2018-06-07 14:15:00,1297.2749999999999,1298.3754999999999,1297.128,1297.9945
2018-06-07 14:30:00,1298.0335,1298.7010000000002,1297.51,1297.703
2018-06-07 14:45:00,1297.71,1297.8944999999999,1297.2445,1297.8015
2018-06-07 15:00:00,1297.8535000000002,1298.19,1297.1805,1297.9099999999999
2018-06-07 15:15:00,1297.9105,1298.3854999999999,1297.6735,1298.2904999999998
2018-06-07 15:30:00,1298.3335,1298.8945,1298.1365,1298.477
2018-06-07 15:45:00,1298.4755,1298.76,1298.1665,1298.2160000000001
2018-06-07 16:00:00,1298.1815000000001,1298.231,1297.1965,1297.4705
2018-06-07 16:15:00,1297.4655,1297.7955,1297.0870000000002,1297.3505
2018-06-07 16:30:00,1297.3500000000001,1298.155,1297.1544999999999,1297.4650000000001
2018-06-07 16:45:00,1297.4665,1298.0545,1297.35,1297.635
2018-06-07 17:00:00,1297.6345000000001,1298.775,1297.33,1298.775
2018-06-07 17:15:00,1298.73,1299.1455,1298.365,1298.8515
2018-06-07 17:30:00,1298.8615,1299.707,1296.6165,1296.724
2018-06-07 17:45:00,1296.7335,1297.665,1296.5435,1297.5159999999998
2018-06-07 18:00:00,1297.5065,1298.075,1297.045,1297.213
2018-06-07 18:15:00,1297.2350000000001,1298.1105,1296.7884999999999,1297.621
2018-06-07 18:30:00,1297.6265,1297.9814999999999,1297.345,1297.7555
2018-06-07 18:45:00,1297.7540000000001,1297.7555,1296.9055,1297.1985
2018-06-07 19:00:00,1297.11,1297.595,1297.0,1297.1184999999998
2018-06-07 19:15:00,1297.118,1297.5090000000002,1297.0234999999998,1297.4005
2018-06-07 19:30:00,1297.4055,1297.5605,1297.0955,1297.5149999999999
2018-06-07 19:45:00,1297.5049999999999,1297.8805,1296.969,1296.969
2018-06-07 20:00:00,1296.9685,1297.2285,1296.555,1296.598
2018-06-07 20:15:00,1296.6335000000001,1296.9855,1296.5985,1296.8500000000001
2018-06-07 20:30:00,1296.8500000000001,1297.4485000000002,1296.825,1297.429
2018-06-07 20:45:00,1297.4434999999999,1297.4434999999999,1296.797,1296.8075
2018-06-07 22:00:00,1297.18,1297.5685,1296.6779999999999,1297.4615
2018-06-07 22:15:00,1297.462,1297.55,1297.3395,1297.3665
2018-06-07 22:30:00,1297.3755,1297.452,1296.8985,1297.1235
2018-06-07 22:45:00,1297.124,1297.2135,1296.92,1297.0
2018-06-07 23:00:00,1297.005,1297.6165,1296.91,1297.3285
2018-06-07 23:15:00,1297.325,1297.8600000000001,1297.11,1297.63
2018-06-07 23:30:00,1297.64,1297.64,1297.3215,1297.411
2018-06-07 23:45:00,1297.4195,1297.775,1297.0015,1297.3310000000001
2018-06-08 01:00:00,1297.03,1297.1565,1296.6985000000002,1296.8135
2018-06-08 01:15:00,1296.8185,1297.339,1296.4395,1297.2185
2018-06-08 01:30:00,1297.139,1297.4135,1297.0435,1297.1834999999999
2018-06-08 01:45:00,1297.184,1297.194,1296.625,1296.845
2018-06-08 02:00:00,1296.8285,1297.2835,1296.6545,1297.183
2018-06-08 02:15:00,1297.1834999999999,1297.609,1297.0135,1297.0135
2018-06-08 02:30:00,1297.0140000000001,1297.1440000000002,1296.865,1296.9650000000001
2018-06-08 02:45:00,1296.97,1297.3,1296.535,1296.9145
2018-06-08 03:00:00,1296.8935,1297.0285000000001,1296.2330000000002,1296.455
2018-06-08 03:15:00,1296.44,1296.48,1295.955,1296.045
2018-06-08 03:30:00,1296.0249999999999,1296.77,1295.9645,1296.635
2018-06-08 03:45:00,1296.6345000000001,1296.6905000000002,1296.3605,1296.6795000000002
2018-06-08 04:00:00,1296.6135000000002,1296.9885,1296.481,1296.487
2018-06-08 04:15:00,1296.4865,1296.6954999999998,1296.3290000000002,1296.5185
2018-06-08 04:30:00,1296.492,1296.6899999999998,1296.2930000000001,1296.612
2018-06-08 04:45:00,1296.6114999999998,1297.0500000000002,1296.6114999999998,1296.95
2018-06-08 05:00:00,1296.94,1296.957,1296.3084999999999,1296.537
2018-06-08 05:15:00,1296.5249999999999,1296.542,1293.3564999999999,1295.04
2018-06-08 05:30:00,1295.0305,1295.4385,1294.5255,1295.2295
2018-06-08 05:45:00,1295.2285,1296.4255,1295.184,1295.9295000000002
2018-06-08 06:00:00,1295.9309999999998,1296.7130000000002,1295.293,1295.865
2018-06-08 06:15:00,1295.8680000000002,1296.1055,1294.6485,1294.82
2018-06-08 06:30:00,1294.7600000000002,1295.5089999999998,1294.595,1295.2185
2018-06-08 06:45:00,1295.2089999999998,1295.325,1294.198,1295.028
2018-06-08 07:00:00,1295.0435,1295.899,1294.6285,1295.3145
2018-06-08 07:15:00,1295.31,1296.2955000000002,1294.9180000000001,1296.01
2018-06-08 07:30:00,1296.0095,1296.6815000000001,1295.666,1295.9505
2018-06-08 07:45:00,1295.95,1299.474,1295.7605,1298.4765
2018-06-08 08:00:00,1298.5265,1299.3065000000001,1298.311,1298.527
2018-06-08 08:15:00,1298.5165,1299.9095,1297.8684999999998,1298.4355
2018-06-08 08:30:00,1298.4305,1298.948,1297.5014999999999,1298.2495
2018-06-08 08:45:00,1298.2549999999999,1298.5895,1297.95,1298.2710000000002
2018-06-08 09:00:00,1298.2815,1299.305,1298.0895,1299.195
2018-06-08 09:15:00,1299.19,1299.482,1298.8465,1299.4710000000002
2018-06-08 09:30:00,1299.4714999999999,1299.9035,1298.6509999999998,1299.105
2018-06-08 09:45:00,1299.116,1299.8000000000002,1299.095,1299.3035
2018-06-08 10:00:00,1299.304,1299.614,1298.81,1299.1109999999999
2018-06-08 10:15:00,1299.1045,1300.3515,1298.9695000000002,1300.2955
2018-06-08 10:30:00,1300.285,1300.5745000000002,1299.5565,1299.5565
2018-06-08 10:45:00,1299.5114999999998,1300.047,1299.202,1299.636
2018-06-08 11:00:00,1299.6770000000001,1300.6505,1298.3235,1298.9834999999998
2018-06-08 11:15:00,1298.9840000000002,1299.3390000000002,1298.6184999999998,1298.8400000000001
2018-06-08 11:30:00,1298.829,1299.0300000000002,1297.7635,1298.5085000000001
2018-06-08 11:45:00,1298.5485,1298.5485,1297.8314999999998,1298.061
2018-06-08 12:00:00,1298.05,1299.0304999999998,1297.5265,1298.2749999999999
2018-06-08 12:15:00,1298.2865,1299.6065,1297.2794999999999,1299.1164999999999
2018-06-08 12:30:00,1299.1119999999999,1299.5365,1298.04,1299.21
2018-06-08 12:45:00,1299.2105000000001,1299.2515,1298.0235,1298.2939999999999
2018-06-08 13:00:00,1298.2655000000002,1298.48,1297.4934999999998,1298.3655
2018-06-08 13:15:00,1298.38,1299.2214999999999,1298.1390000000001,1299.0964999999999
2018-06-08 13:30:00,1299.091,1299.4070000000002,1298.605,1298.9515000000001
2018-06-08 13:45:00,1298.9560000000001,1299.157,1298.436,1298.6460000000002
2018-06-08 14:00:00,1298.69,1299.442,1298.547,1298.9615000000001
2018-06-08 14:15:00,1298.9465,1299.5265,1298.73,1299.105
2018-06-08 14:30:00,1299.08,1299.5155,1298.0430000000001,1298.2835
2018-06-08 14:45:00,1298.2745,1298.875,1297.94,1298.835
2018-06-08 15:00:00,1298.841,1299.0860000000002,1297.6345000000001,1297.8294999999998
2018-06-08 15:15:00,1297.8249999999998,1298.2790000000002,1297.1399999999999,1297.8365000000001
2018-06-08 15:30:00,1297.8570000000002,1298.7815,1297.7915,1298.6765
2018-06-08 15:45:00,1298.6515000000002,1298.882,1298.3215,1298.8565
2018-06-08 16:00:00,1298.852,1299.0265000000002,1298.6045000000001,1298.7259999999999
2018-06-08 16:15:00,1298.7265,1299.2065,1298.1765,1298.3355
2018-06-08 16:30:00,1298.345,1298.5195,1298.1715000000002,1298.2549999999999
2018-06-08 16:45:00,1298.27,1298.545,1298.1200000000001,1298.16
2018-06-08 17:00:00,1298.17,1298.6405,1298.0585,1298.47
2018-06-08 17:15:00,1298.48,1298.9015,1298.2530000000002,1298.48
2018-06-08 17:30:00,1298.4915,1298.92,1298.4535,1298.6750000000002
2018-06-08 17:45:00,1298.68,1299.4695,1298.1115,1298.645
2018-06-08 18:00:00,1298.6370000000002,1299.3865,1298.561,1298.926
2018-06-08 18:15:00,1298.9265,1299.07,1298.53,1298.745
2018-06-08 18:30:00,1298.7535,1298.86,1298.6464999999998,1298.75
2018-06-08 18:45:00,1298.76,1299.315,1298.6499999999999,1298.917
2018-06-08 19:00:00,1298.907,1299.1064999999999,1298.71,1298.8049999999998
2018-06-08 19:15:00,1298.7559999999999,1299.135,1298.7195,1299.0670000000002
2018-06-08 19:30:00,1299.0465,1299.2365,1298.75,1299.1765
2018-06-08 19:45:00,1299.1970000000001,1299.2265,1298.443,1298.54
2018-06-08 20:00:00,1298.54,1298.85,1298.424,1298.821
2018-06-08 20:15:00,1298.8215,1299.0300000000002,1298.8165000000001,1298.921
2018-06-08 20:30:00,1298.9215,1299.047,1298.7269999999999,1299.047
2018-06-08 20:45:00,1299.09,1299.09,1298.6730000000002,1298.715
2018-06-10 22:00:00,1300.02,1300.02,1298.7585,1298.8665
2018-06-10 22:15:00,1298.866,1298.9515000000001,1298.6605000000002,1298.7965
2018-06-10 22:30:00,1298.796,1298.817,1298.361,1298.5015
2018-06-10 22:45:00,1298.49,1298.8165000000001,1298.481,1298.8120000000001
2018-06-10 23:00:00,1298.815,1299.265,1298.8,1299.127
2018-06-10 23:15:00,1299.1215,1299.866,1299.1215,1299.186
2018-06-10 23:30:00,1299.206,1299.6655,1299.1915000000001,1299.492
2018-06-10 23:45:00,1299.4969999999998,1299.7900000000002,1299.0815000000002,1299.252
2018-06-11 01:00:00,1299.269,1299.583,1298.922,1299.15
2018-06-11 01:15:00,1299.195,1299.93,1299.0435000000002,1299.7050000000002
2018-06-11 01:30:00,1299.7105000000001,1301.3445000000002,1299.7105000000001,1300.9045
2018-06-11 01:45:00,1300.9145,1300.9460000000001,1300.165,1300.75
2018-06-11 02:00:00,1300.7535,1301.23,1300.1045000000001,1300.6005
2018-06-11 02:15:00,1300.5949999999998,1301.0455,1300.5604999999998,1300.7605
2018-06-11 02:30:00,1300.7314999999999,1300.7735,1299.9265,1299.965
2018-06-11 02:45:00,1299.97,1300.07,1299.055,1299.7800000000002
2018-06-11 03:00:00,1299.775,1299.9815,1299.5445,1299.885
2018-06-11 03:15:00,1299.89,1300.003,1299.4995,1299.5995
2018-06-11 03:30:00,1299.549,1299.6535000000001,1299.2735,1299.5865000000001
2018-06-11 03:45:00,1299.587,1299.691,1299.3310000000001,1299.4334999999999
2018-06-11 04:00:00,1299.4585000000002,1299.4765000000002,1299.0265000000002,1299.246
2018-06-11 04:15:00,1299.266,1299.55,1298.965,1299.4545
2018-06-11 04:30:00,1299.3700000000001,1299.615,1299.1595,1299.2604999999999
2018-06-11 04:45:00,1299.2535,1299.405,1299.065,1299.065
2018-06-11 05:00:00,1299.07,1299.095,1297.72,1298.335
2018-06-11 05:15:00,1298.37,1298.73,1298.2209999999998,1298.71
2018-06-11 05:30:00,1298.7205,1299.2485,1298.3139999999999,1298.7785
2018-06-11 05:45:00,1298.7985,1298.8985,1298.4635,1298.705
2018-06-11 06:00:00,1298.71,1298.886,1297.9134999999999,1298.5040000000001
2018-06-11 06:15:00,1298.4935,1298.7034999999998,1297.6885,1298.0439999999999
2018-06-11 06:30:00,1298.0115,1298.245,1297.732,1297.9064999999998
2018-06-11 06:45:00,1297.8940000000002,1297.906,1296.8600000000001,1297.4385
2018-06-11 07:00:00,1297.443,1297.984,1296.838,1297.943
2018-06-11 07:15:00,1297.933,1298.124,1297.2835,1297.38
2018-06-11 07:30:00,1297.375,1297.5304999999998,1296.5484999999999,1297.1184999999998
2018-06-11 07:45:00,1297.1084999999998,1297.3345,1296.7185,1296.8185
2018-06-11 08:00:00,1296.735,1296.8400000000001,1295.9759999999999,1296.3155000000002
2018-06-11 08:15:00,1296.3084999999999,1296.3290000000002,1295.449,1295.995
2018-06-11 08:30:00,1296.005,1296.3280000000002,1295.59,1296.1945
2018-06-11 08:45:00,1296.205,1296.7984999999999,1296.104,1296.104
2018-06-11 09:00:00,1296.0935,1296.4195,1295.748,1296.055
2018-06-11 09:15:00,1296.0235,1296.2165,1295.665,1296.007
2018-06-11 09:30:00,1296.0065,1296.12,1294.8815,1295.3955
2018-06-11 09:45:00,1295.385,1295.719,1295.138,1295.644
2018-06-11 10:00:00,1295.639,1295.9054999999998,1295.183,1295.5140000000001
2018-06-11 10:15:00,1295.519,1295.529,1294.9135,1295.0534999999998
2018-06-11 10:30:00,1295.054,1295.9685,1294.169,1295.0605
2018-06-11 10:45:00,1295.06,1295.803,1295.055,1295.565
2018-06-11 11:00:00,1295.5484999999999,1295.65,1295.12,1295.6195
2018-06-11 11:15:00,1295.6245,1296.1585,1295.6085,1295.9105000000002
2018-06-11 11:30:00,1295.9054999999998,1296.982,1295.8095,1296.9560000000001
2018-06-11 11:45:00,1296.9465,1297.2350000000001,1296.455,1297.0065
2018-06-11 12:00:00,1297.0105,1297.8600000000001,1296.8799999999999,1297.5365
2018-06-11 12:15:00,1297.5465,1299.4099999999999,1297.25,1298.395
2018-06-11 12:30:00,1298.405,1299.0045,1298.152,1298.35
2018-06-11 12:45:00,1298.36,1299.052,1298.2545,1298.9365
2018-06-11 13:00:00,1298.93,1298.9470000000001,1298.1999999999998,1298.5435
2018-06-11 13:15:00,1298.53,1299.662,1298.2285000000002,1299.315
2018-06-11 13:30:00,1299.3365000000001,1300.84,1299.0545000000002,1300.505
2018-06-11 13:45:00,1300.4865,1300.82,1299.5615,1299.985
2018-06-11 14:00:00,1299.9945,1300.3805,1298.4935,1298.6284999999998
2018-06-11 14:15:00,1298.6280000000002,1300.175,1298.5545,1299.855
2018-06-11 14:30:00,1299.9099999999999,1300.1315,1299.3835000000001,1299.7534999999998
2018-06-11 14:45:00,1299.775,1301.191,1299.7530000000002,1300.8385
2018-06-11 15:00:00,1300.816,1301.3165000000001,1300.15,1300.911
2018-06-11 15:15:00,1300.92,1302.3685,1300.7015,1301.501
2018-06-11 15:30:00,1301.5015,1301.7614999999998,1301.2165,1301.5715
2018-06-11 15:45:00,1301.5665000000001,1301.72,1300.9859999999999,1301.2995
2018-06-11 16:00:00,1301.281,1301.4665,1300.5320000000002,1300.865
2018-06-11 16:15:00,1300.8215,1300.9195,1300.3899999999999,1300.4705
2018-06-11 16:30:00,1300.4785,1300.74,1300.243,1300.28
2018-06-11 16:45:00,1300.2945,1300.718,1300.2490000000003,1300.3055
2018-06-11 17:00:00,1300.31,1300.7350000000001,1300.31,1300.61
2018-06-11 17:15:00,1300.635,1300.6399999999999,1299.0404999999998,1299.5105
2018-06-11 17:30:00,1299.4985,1300.02,1299.313,1299.8615
2018-06-11 17:45:00,1299.86,1299.965,1299.2865,1299.4309999999998
2018-06-11 18:00:00,1299.4215000000002,1299.817,1299.2265,1299.7335
2018-06-11 18:15:00,1299.733,1300.085,1299.6765,1299.8745
2018-06-11 18:30:00,1299.8855,1299.955,1299.585,1299.9215
2018-06-11 18:45:00,1299.921,1300.1565,1299.645,1299.86
2018-06-11 19:00:00,1299.8995,1300.0615,1299.6895,1300.0315
2018-06-11 19:15:00,1300.032,1300.526,1300.0115,1300.335
2018-06-11 19:30:00,1300.335,1300.5420000000001,1300.006,1300.097
2018-06-11 19:45:00,1300.1214999999997,1300.5315,1300.0915,1300.516
2018-06-11 20:00:00,1300.5165,1300.605,1300.1860000000001,1300.1915000000001
2018-06-11 20:15:00,1300.1965,1300.331,1300.076,1300.2514999999999
2018-06-11 20:30:00,1300.2465000000002,1300.3505,1300.1850000000002,1300.3255
2018-06-11 20:45:00,1300.3505,1300.6064999999999,1300.1705000000002,1300.1705000000002
2018-06-11 22:00:00,1299.5895,1300.486,1299.5895,1300.085
2018-06-11 22:15:00,1300.085,1300.085,1299.3700000000001,1299.4900000000002
2018-06-11 22:30:00,1299.4904999999999,1299.7005,1299.315,1299.4
2018-06-11 22:45:00,1299.3815,1299.7734999999998,1299.381,1299.5395
2018-06-11 23:00:00,1299.5445,1299.6454999999999,1298.393,1298.4379999999999
2018-06-11 23:15:00,1298.4385,1299.069,1298.428,1298.74
2018-06-11 23:30:00,1298.7645,1298.8,1298.2659999999998,1298.317
2018-06-11 23:45:00,1298.2869999999998,1298.71,1297.8915000000002,1298.2595
2018-06-12 01:00:00,1298.6599999999999,1298.7010000000002,1297.2745,1297.555
2018-06-12 01:15:00,1297.56,1298.2749999999999,1297.48,1297.59
2018-06-12 01:30:00,1297.535,1298.0505,1297.3,1298.03
2018-06-12 01:45:00,1298.025,1298.1365,1297.5445,1297.8999999999999
2018-06-12 02:00:00,1297.888,1298.512,1297.2984999999999,1298.512
2018-06-12 02:15:00,1298.5115,1299.8985,1298.383,1298.818
2018-06-12 02:30:00,1298.8284999999998,1299.0,1298.321,1298.75
2018-06-12 02:45:00,1298.7445,1298.9950000000001,1298.6705000000002,1298.776
2018-06-12 03:00:00,1298.7815,1298.795,1298.3315,1298.46
2018-06-12 03:15:00,1298.4065,1298.4605,1297.3915,1297.7705
2018-06-12 03:30:00,1297.804,1297.865,1297.2465,1297.4129999999998
2018-06-12 03:45:00,1297.4135,1297.82,1297.3055,1297.548
2018-06-12 04:00:00,1297.55,1297.8495,1297.4409999999998,1297.73
2018-06-12 04:15:00,1297.715,1297.93,1297.4550000000002,1297.7685000000001
2018-06-12 04:30:00,1297.7735,1297.984,1296.4645,1296.953
2018-06-12 04:45:00,1296.963,1297.1150000000002,1296.835,1297.02
2018-06-12 05:00:00,1296.988,1297.9515,1296.6930000000002,1297.701
2018-06-12 05:15:00,1297.7015,1298.084,1297.2849999999999,1297.4885
2018-06-12 05:30:00,1297.49,1298.3184999999999,1297.3535,1297.9735
2018-06-12 05:45:00,1297.9685,1298.53,1297.7,1298.2404999999999
2018-06-12 06:00:00,1298.24,1298.24,1296.8755,1297.1665
2018-06-12 06:15:00,1297.16,1297.3759999999997,1296.655,1297.295
2018-06-12 06:30:00,1297.2835,1297.7265,1297.03,1297.6985
2018-06-12 06:45:00,1297.7015,1297.731,1297.2345,1297.731
2018-06-12 07:00:00,1297.7350000000001,1298.1445,1297.278,1297.9515
2018-06-12 07:15:00,1297.955,1298.3985,1297.8280000000002,1298.2099999999998
2018-06-12 07:30:00,1298.1895,1298.5895,1297.9315,1297.9965
2018-06-12 07:45:00,1298.001,1298.2849999999999,1297.8255000000001,1298.0655
2018-06-12 08:00:00,1298.08,1298.6915,1297.295,1297.63
2018-06-12 08:15:00,1297.628,1298.085,1297.3105,1297.51
2018-06-12 08:30:00,1297.53,1298.095,1297.39,1297.9099999999999
2018-06-12 08:45:00,1297.9040000000002,1298.5,1297.6634999999999,1297.79
2018-06-12 09:00:00,1297.771,1297.8595,1296.9755,1297.7955
2018-06-12 09:15:00,1297.794,1298.0505,1297.4945,1297.675
2018-06-12 09:30:00,1297.6744999999999,1298.8315,1297.575,1298.635
2018-06-12 09:45:00,1298.6290000000001,1298.7515,1297.969,1298.0700000000002
2018-06-12 10:00:00,1298.007,1298.3715,1297.775,1298.3564999999999
2018-06-12 10:15:00,1298.3455,1298.5845000000002,1297.8249999999998,1298.1995000000002
2018-06-12 10:30:00,1298.2044999999998,1298.5949999999998,1298.1995000000002,1298.3795
2018-06-12 10:45:00,1298.38,1298.3845000000001,1297.4344999999998,1297.55
2018-06-12 11:00:00,1297.5484999999999,1297.8185,1297.16,1297.78
2018-06-12 11:15:00,1297.775,1297.7755,1297.1185,1297.1285
2018-06-12 11:30:00,1297.1335,1297.797,1296.925,1297.4755
2018-06-12 11:45:00,1297.4509999999998,1298.01,1297.3,1297.9099999999999
2018-06-12 12:00:00,1297.865,1298.112,1296.4385,1296.96
2018-06-12 12:15:00,1296.945,1296.965,1293.2935,1294.06
2018-06-12 12:30:00,1294.04,1296.3339999999998,1293.661,1295.6905
2018-06-12 12:45:00,1295.695,1295.9395,1294.965,1295.705
2018-06-12 13:00:00,1295.695,1295.953,1295.0145,1295.735
2018-06-12 13:15:00,1295.7355,1298.525,1295.4105,1297.6835
2018-06-12 13:30:00,1297.6965,1298.507,1297.4164999999998,1298.1515000000002
2018-06-12 13:45:00,1298.181,1299.7264999999998,1297.5049999999999,1298.6100000000001
2018-06-12 14:00:00,1298.6200000000001,1299.1315,1298.205,1298.715
2018-06-12 14:15:00,1298.7255,1299.0149999999999,1297.7165,1297.8715000000002
2018-06-12 14:30:00,1297.925,1299.0155000000002,1297.555,1298.8049999999998
2018-06-12 14:45:00,1298.812,1299.8020000000001,1298.8045,1299.4099999999999
2018-06-12 15:00:00,1299.455,1299.5995,1298.2585,1298.933
2018-06-12 15:15:00,1298.9335,1299.285,1298.3645,1298.8564999999999
2018-06-12 15:30:00,1298.8315,1298.9270000000001,1298.36,1298.4485
2018-06-12 15:45:00,1298.448,1298.4765,1297.8595,1298.085
2018-06-12 16:00:00,1298.0955,1298.203,1297.4299999999998,1297.8294999999998
2018-06-12 16:15:00,1297.846,1297.846,1297.193,1297.2185
2018-06-12 16:30:00,1297.218,1297.51,1296.7935,1297.2535
2018-06-12 16:45:00,1297.258,1297.258,1296.5135,1296.654
2018-06-12 17:00:00,1296.6535000000001,1296.744,1294.5835,1295.1485
2018-06-12 17:15:00,1295.1435,1296.1085,1294.498,1295.7585
2018-06-12 17:30:00,1295.758,1296.0845,1295.195,1295.73
2018-06-12 17:45:00,1295.73,1296.739,1295.7135,1296.1755
2018-06-12 18:00:00,1296.185,1296.185,1295.253,1295.5639999999999
2018-06-12 18:15:00,1295.5500000000002,1295.99,1295.0810000000001,1295.5194999999999
2018-06-12 18:30:00,1295.5140000000001,1295.785,1295.129,1295.5255
2018-06-12 18:45:00,1295.5085000000001,1295.9035,1295.3185,1295.5885
2018-06-12 19:00:00,1295.588,1295.6985,1295.064,1295.4699999999998
2018-06-12 19:15:00,1295.4765,1295.885,1295.4699999999998,1295.6715
2018-06-12 19:30:00,1295.691,1296.11,1295.44,1295.9855
2018-06-12 19:45:00,1295.9805,1296.2949999999998,1295.757,1296.2115000000001
2018-06-12 20:00:00,1296.2015000000001,1296.2855000000002,1296.019,1296.0240000000001
2018-06-12 20:15:00,1296.019,1296.1385,1295.923,1296.09
2018-06-12 20:30:00,1296.108,1296.11,1295.5130000000001,1295.569
2018-06-12 20:45:00,1295.5684999999999,1296.2800000000002,1295.453,1295.805
2018-06-12 22:00:00,1296.045,1296.145,1295.415,1295.78
2018-06-12 22:15:00,1295.7214999999999,1295.999,1295.4785,1295.703
2018-06-12 22:30:00,1295.7034999999998,1295.799,1295.1090000000002,1295.284
2018-06-12 22:45:00,1295.2835,1295.68,1295.1879999999999,1295.6635
2018-06-12 23:00:00,1295.663,1295.7735,1295.3885,1295.75
2018-06-12 23:15:00,1295.74,1296.0,1295.6405,1295.6815000000001
2018-06-12 23:30:00,1295.67,1295.8999999999999,1295.585,1295.853
2018-06-12 23:45:00,1295.8584999999998,1295.9029999999998,1295.425,1295.5294999999999
2018-06-13 01:00:00,1295.1585,1295.2795,1294.7534999999998,1294.862
2018-06-13 01:15:00,1294.8615,1295.48,1294.7485000000001,1295.3505
2018-06-13 01:30:00,1295.355,1295.4820000000002,1294.9535,1295.3395
2018-06-13 01:45:00,1295.341,1295.9164999999998,1295.341,1295.5149999999999
2018-06-13 02:00:00,1295.5085000000001,1295.6915,1295.2404999999999,1295.5950000000003
2018-06-13 02:15:00,1295.5935,1295.9334999999999,1295.4185,1295.519
2018-06-13 02:30:00,1295.5185000000001,1295.8015,1295.275,1295.691
2018-06-13 02:45:00,1295.6895,1295.775,1295.48,1295.5410000000002
2018-06-13 03:00:00,1295.5414999999998,1295.547,1295.1910000000003,1295.196
2018-06-13 03:15:00,1295.1965,1295.4995000000001,1295.101,1295.2949999999998
2018-06-13 03:30:00,1295.29,1295.4850000000001,1295.183,1295.4
2018-06-13 03:45:00,1295.39,1295.4750000000001,1295.1450000000002,1295.3715
2018-06-13 04:00:00,1295.38,1295.5200000000002,1295.0845000000002,1295.211
2018-06-13 04:15:00,1295.1965,1295.2259999999999,1294.996,1295.095
2018-06-13 04:30:00,1295.095,1295.1055000000001,1294.808,1294.9244999999999
2018-06-13 04:45:00,1294.9265,1295.0785,1294.82,1294.9950000000001
2018-06-13 05:00:00,1294.9445,1295.2745,1294.5215,1295.1744999999999
2018-06-13 05:15:00,1295.1039999999998,1295.3805,1295.0534999999998,1295.1915
2018-06-13 05:30:00,1295.2485,1295.7855,1295.184,1295.7495
2018-06-13 05:45:00,1295.75,1295.8854999999999,1295.6585,1295.865
2018-06-13 06:00:00,1295.8,1295.8,1295.36,1295.3935000000001
2018-06-13 06:15:00,1295.375,1295.7240000000002,1294.8865,1294.996
2018-06-13 06:30:00,1294.9965,1295.3745000000001,1294.7015000000001,1294.783
2018-06-13 06:45:00,1294.7835000000002,1295.0645,1294.44,1294.7849999999999
2018-06-13 07:00:00,1294.7344999999998,1295.3585,1294.573,1295.105
2018-06-13 07:15:00,1295.0984999999998,1295.28,1294.47,1294.58
2018-06-13 07:30:00,1294.578,1294.785,1293.8915,1293.9650000000001
2018-06-13 07:45:00,1293.985,1294.19,1293.7350000000001,1293.9710000000002
2018-06-13 08:00:00,1293.9714999999999,1294.2885,1293.539,1294.0085
2018-06-13 08:15:00,1294.008,1294.1085,1291.5455,1293.5034999999998
2018-06-13 08:30:00,1293.48,1294.151,1293.28,1294.132
2018-06-13 08:45:00,1294.1285,1294.5795,1293.8500000000001,1294.429
2018-06-13 09:00:00,1294.435,1295.011,1294.0165,1294.7565000000002
2018-06-13 09:15:00,1294.7559999999999,1294.7759999999998,1294.1745,1294.3795
2018-06-13 09:30:00,1294.3845,1294.5485,1294.1555,1294.295
2018-06-13 09:45:00,1294.2889999999998,1295.211,1294.2565,1294.655
2018-06-13 10:00:00,1294.6570000000002,1294.8865,1294.2795,1294.7915
2018-06-13 10:15:00,1294.7849999999999,1295.0745000000002,1294.7430000000002,1294.7655000000002
2018-06-13 10:30:00,1294.7835000000002,1295.0610000000001,1294.5349999999999,1294.7215
2018-06-13 10:45:00,1294.72,1295.12,1294.517,1294.977
2018-06-13 11:00:00,1294.9765,1295.233,1294.7859999999998,1295.233
2018-06-13 11:15:00,1295.2335,1295.2335,1294.4865,1294.7549999999999
2018-06-13 11:30:00,1294.75,1294.76,1294.199,1294.2689999999998
2018-06-13 11:45:00,1294.2640000000001,1294.28,1293.6665,1293.9955
2018-06-13 12:00:00,1294.0,1294.8785,1294.0,1294.8055
2018-06-13 12:15:00,1294.8255,1295.6435,1294.555,1295.4940000000001
2018-06-13 12:30:00,1295.5,1295.6019999999999,1294.6555,1295.282
2018-06-13 12:45:00,1295.2865,1297.157,1295.2865,1296.6744999999999
2018-06-13 13:00:00,1296.6760000000002,1297.7715,1296.6644999999999,1297.612
2018-06-13 13:15:00,1297.5835,1297.815,1296.58,1296.5855
2018-06-13 13:30:00,1296.575,1296.807,1296.0065,1296.63
2018-06-13 13:45:00,1296.6255,1296.825,1295.985,1295.99
2018-06-13 14:00:00,1295.991,1297.1399999999999,1295.9855,1296.6114999999998
2018-06-13 14:15:00,1296.612,1297.034,1296.2945,1296.495
2018-06-13 14:30:00,1296.54,1297.4405000000002,1296.4145,1297.145
2018-06-13 14:45:00,1297.153,1297.1654999999998,1296.46,1296.885
2018-06-13 15:00:00,1296.8799999999999,1298.205,1296.82,1298.036
2018-06-13 15:15:00,1298.0265,1298.4165,1297.75,1298.325
2018-06-13 15:30:00,1298.3184999999999,1299.0915,1298.1465,1298.31
2018-06-13 15:45:00,1298.2420000000002,1298.496,1297.5049999999999,1297.8185
2018-06-13 16:00:00,1297.8190000000002,1298.245,1297.7095,1298.1505
2018-06-13 16:15:00,1298.2015000000001,1298.635,1298.155,1298.36
2018-06-13 16:30:00,1298.3695,1298.755,1298.34,1298.439
2018-06-13 16:45:00,1298.4355,1298.4615000000001,1297.9405,1298.2389999999998
2018-06-13 17:00:00,1298.2385000000002,1298.5845000000002,1298.0715,1298.3115
2018-06-13 17:15:00,1298.312,1298.6115000000002,1297.7135,1297.8034999999998
2018-06-13 17:30:00,1297.7885,1298.0,1297.1845,1297.685
2018-06-13 17:45:00,1297.686,1298.5900000000001,1297.566,1297.8750000000002
2018-06-13 18:00:00,1297.925,1298.085,1293.705,1294.925
2018-06-13 18:15:00,1295.0415,1295.74,1293.5935,1293.8635000000002
2018-06-13 18:30:00,1293.8585,1296.6850000000002,1292.7635,1296.463
2018-06-13 18:45:00,1296.5225,1300.7595000000001,1295.051,1299.78
2018-06-13 19:00:00,1299.7095,1301.3010000000002,1298.347,1299.2685
2018-06-13 19:15:00,1299.274,1299.8645,1298.3735,1298.9915
2018-06-13 19:30:00,1298.991,1301.01,1298.9355,1300.795
2018-06-13 19:45:00,1300.7415,1301.062,1299.91,1300.095
2018-06-13 20:00:00,1300.1815000000001,1300.2269999999999,1299.318,1299.4399999999998
2018-06-13 20:15:00,1299.4415,1299.52,1299.0529999999999,1299.17
2018-06-13 20:30:00,1299.1705,1299.5045,1299.0984999999998,1299.3845000000001
2018-06-13 20:45:00,1299.3945,1299.7,1299.3690000000001,1299.5
2018-06-13 22:00:00,1299.63,1300.9095,1299.6,1300.9095
2018-06-13 22:15:00,1300.8885,1301.155,1299.7585000000001,1299.915
2018-06-13 22:30:00,1299.907,1300.3815,1299.733,1299.743
2018-06-13 22:45:00,1299.7435,1299.969,1299.643,1299.73
2018-06-13 23:00:00,1299.7235,1299.8190000000002,1299.166,1299.3215
2018-06-13 23:15:00,1299.3220000000001,1299.4299999999998,1299.0400000000002,1299.2150000000001
2018-06-13 23:30:00,1299.2185,1299.608,1299.1165,1299.5885
2018-06-13 23:45:00,1299.558,1300.0385,1299.239,1299.4555
2018-06-14 01:00:00,1299.0590000000002,1299.5149999999999,1298.4145,1298.8205
2018-06-14 01:15:00,1298.8,1298.8635,1298.2109999999998,1298.6450000000002
2018-06-14 01:30:00,1298.6185,1298.9215,1297.984,1298.4355
2018-06-14 01:45:00,1298.44,1298.7205,1298.1405,1298.395
2018-06-14 02:00:00,1298.3885,1298.5155,1297.625,1298.1785
2018-06-14 02:15:00,1298.178,1298.5185,1297.96,1298.1135
2018-06-14 02:30:00,1298.113,1298.125,1297.81,1297.925
2018-06-14 02:45:00,1297.9255,1298.519,1297.815,1298.4395
2018-06-14 03:00:00,1298.4415,1298.745,1298.2320000000002,1298.5195
2018-06-14 03:15:00,1298.521,1298.9505000000001,1298.52,1298.706
2018-06-14 03:30:00,1298.701,1298.986,1298.6100000000001,1298.8055
2018-06-14 03:45:00,1298.7549999999999,1299.3015,1298.705,1299.2815
2018-06-14 04:00:00,1299.285,1299.315,1299.0835,1299.155
2018-06-14 04:15:00,1299.155,1299.17,1298.94,1299.04
2018-06-14 04:30:00,1299.0269999999998,1299.742,1298.96,1299.7415
2018-06-14 04:45:00,1299.742,1299.761,1299.335,1299.4270000000001
2018-06-14 05:00:00,1299.4299999999998,1300.2210000000002,1299.333,1300.1950000000002
2018-06-14 05:15:00,1300.1885000000002,1300.4645,1299.9855,1300.1709999999998
2018-06-14 05:30:00,1300.1715000000002,1300.2065,1299.4565,1299.5465
2018-06-14 05:45:00,1299.546,1299.775,1299.4050000000002,1299.7745
2018-06-14 06:00:00,1299.775,1301.3185,1299.485,1300.8395
2018-06-14 06:15:00,1300.836,1301.857,1300.836,1301.7365000000002
2018-06-14 06:30:00,1301.7215,1301.8799999999999,1300.9409999999998,1301.3114999999998
2018-06-14 06:45:00,1301.3010000000002,1302.8215,1301.2045,1302.6515
2018-06-14 07:00:00,1302.652,1303.571,1302.5964999999999,1302.991
2018-06-14 07:15:00,1302.991,1303.0415,1302.5115,1302.8210000000001
2018-06-14 07:30:00,1302.8365000000001,1302.9199999999998,1302.36,1302.4764999999998
2018-06-14 07:45:00,1302.4750000000001,1303.0815,1302.395,1303.0665
2018-06-14 08:00:00,1303.066,1303.3764999999999,1302.505,1302.8600000000001
2018-06-14 08:15:00,1302.8665,1303.177,1302.1779999999999,1302.4660000000001
2018-06-14 08:30:00,1302.4615000000001,1302.6765,1301.926,1302.5765
2018-06-14 08:45:00,1302.576,1303.2765000000002,1302.396,1303.0795
2018-06-14 09:00:00,1303.091,1303.2305000000001,1302.5960000000002,1303.1015
2018-06-14 09:15:00,1303.0915,1305.251,1302.8565,1305.2299999999998
2018-06-14 09:30:00,1305.2199999999998,1305.5565,1304.7315,1305.112
2018-06-14 09:45:00,1305.12,1305.586,1304.9565000000002,1305.2714999999998
2018-06-14 10:00:00,1305.2720000000002,1305.6764999999998,1304.955,1305.1415
2018-06-14 10:15:00,1305.142,1305.7665,1305.031,1305.16
2018-06-14 10:30:00,1305.161,1305.6014999999998,1304.651,1304.6895
2018-06-14 10:45:00,1304.69,1304.985,1304.4095,1304.7915
2018-06-14 11:00:00,1304.7865,1305.6415,1304.6915,1305.5115
2018-06-14 11:15:00,1305.5065,1305.6515000000002,1304.715,1305.2250000000001
2018-06-14 11:30:00,1305.2235,1305.7065,1304.8615,1305.0715
2018-06-14 11:45:00,1305.0720000000001,1305.9015,1303.365,1303.365
2018-06-14 12:00:00,1303.385,1305.1765,1303.1000000000001,1305.1670000000001
2018-06-14 12:15:00,1305.1665,1309.3865,1304.8815000000002,1308.4569999999999
2018-06-14 12:30:00,1308.435,1308.435,1306.6165,1307.847
2018-06-14 12:45:00,1307.9260000000002,1308.6465,1307.055,1307.38
2018-06-14 13:00:00,1307.4085,1307.482,1303.928,1304.65
2018-06-14 13:15:00,1304.6399999999999,1305.1135,1303.0605,1304.9855
2018-06-14 13:30:00,1304.9955,1304.9955,1303.41,1304.214
2018-06-14 13:45:00,1304.2045,1304.4550000000002,1302.8915000000002,1303.56
2018-06-14 14:00:00,1303.6185,1304.0585,1301.7900000000002,1302.079
2018-06-14 14:15:00,1302.0785,1303.5995,1301.98,1303.055
2018-06-14 14:30:00,1303.0715,1305.305,1302.9505,1304.4795000000001
2018-06-14 14:45:00,1304.4744999999998,1307.477,1304.4650000000001,1307.0
2018-06-14 15:00:00,1307.0510000000002,1307.3515,1305.051,1305.5800000000002
2018-06-14 15:15:00,1305.5795,1306.0774999999999,1304.7285,1306.0065
2018-06-14 15:30:00,1306.007,1306.007,1304.75,1304.9585
2018-06-14 15:45:00,1304.96,1304.96,1304.0714999999998,1304.4734999999998
2018-06-14 16:00:00,1304.4740000000002,1304.7885,1303.6899999999998,1303.98
2018-06-14 16:15:00,1303.975,1304.3735000000001,1303.6915000000001,1303.7685
2018-06-14 16:30:00,1303.793,1303.965,1303.37,1303.75
2018-06-14 16:45:00,1303.7565,1304.685,1303.6565,1304.1000000000001
2018-06-14 17:00:00,1304.1055000000001,1304.4955,1303.3735,1303.764
2018-06-14 17:15:00,1303.7635000000002,1305.1795,1303.53,1304.6699999999998
2018-06-14 17:30:00,1304.681,1304.875,1302.6045,1303.2045
2018-06-14 17:45:00,1303.198,1303.2805,1302.6205,1302.9734999999998
2018-06-14 18:00:00,1302.975,1303.0355,1301.8335,1303.024
2018-06-14 18:15:00,1303.014,1303.1185,1302.388,1302.5330000000001
2018-06-14 18:30:00,1302.4985000000001,1302.965,1302.2835,1302.8695
2018-06-14 18:45:00,1302.83,1303.385,1302.448,1303.08
2018-06-14 19:00:00,1303.068,1303.7465000000002,1302.7155,1303.3300000000002
2018-06-14 19:15:00,1303.3229999999999,1303.83,1302.786,1303.1065
2018-06-14 19:30:00,1303.1115,1303.914,1302.8,1303.685
2018-06-14 19:45:00,1303.6850000000002,1303.785,1302.5735000000002,1302.6685
2018-06-14 20:00:00,1302.668,1303.042,1302.4995000000001,1302.6
2018-06-14 20:15:00,1302.6,1302.7055,1302.3835,1302.4995000000001
2018-06-14 20:30:00,1302.4950000000001,1302.772,1302.2195,1302.435
2018-06-14 20:45:00,1302.414,1302.5200000000002,1302.075,1302.215
2018-06-14 22:00:00,1302.58,1302.9805,1302.26,1302.8749999999998
2018-06-14 22:15:00,1302.872,1303.05,1302.5649999999998,1302.705
2018-06-14 22:30:00,1302.7,1303.1835,1302.7,1303.0885
2018-06-14 22:45:00,1303.0785,1303.1589999999999,1302.5079999999998,1302.9199999999998
2018-06-14 23:00:00,1302.915,1303.0584999999999,1302.6185,1302.9965
2018-06-14 23:15:00,1303.002,1303.037,1302.415,1302.4950000000001
2018-06-14 23:30:00,1302.453,1302.7350000000001,1302.2265,1302.2265
2018-06-14 23:45:00,1302.216,1303.192,1302.2065,1302.4465
2018-06-15 01:00:00,1301.519,1301.8635,1300.28,1301.8059999999998
2018-06-15 01:15:00,1301.8065,1301.84,1301.175,1301.3905
2018-06-15 01:30:00,1301.405,1302.225,1301.28,1301.8985
2018-06-15 01:45:00,1301.903,1302.6150000000002,1301.828,1302.6
2018-06-15 02:00:00,1302.6005000000002,1302.7845,1302.3435,1302.353
2018-06-15 02:15:00,1302.3535000000002,1302.801,1302.263,1302.745
2018-06-15 02:30:00,1302.7404999999999,1302.7404999999999,1301.8015,1301.8464999999999
2018-06-15 02:45:00,1301.847,1302.1899999999998,1301.7514999999999,1302.07
2018-06-15 03:00:00,1302.056,1302.365,1301.7495000000001,1302.2085
2018-06-15 03:15:00,1302.209,1302.567,1301.6715000000002,1301.7209999999998
2018-06-15 03:30:00,1301.7315,1301.9355,1301.6215,1301.8084999999999
2018-06-15 03:45:00,1301.8090000000002,1301.83,1301.3529999999998,1301.383
2018-06-15 04:00:00,1301.3799999999999,1301.6200000000001,1301.2085,1301.4044999999999
2018-06-15 04:15:00,1301.4050000000002,1301.926,1301.31,1301.915
2018-06-15 04:30:00,1301.925,1302.0194999999999,1301.49,1301.58
2018-06-15 04:45:00,1301.5295,1301.853,1301.2995,1301.758
2018-06-15 05:00:00,1301.7585000000001,1301.7635,1301.045,1301.3285
2018-06-15 05:15:00,1301.3235,1301.81,1301.3085,1301.679
2018-06-15 05:30:00,1301.6585,1301.6929999999998,1300.85,1301.103
2018-06-15 05:45:00,1301.1035,1301.2145,1300.2915,1300.4595
2018-06-15 06:00:00,1300.417,1300.417,1297.5885,1299.209
2018-06-15 06:15:00,1299.218,1299.5715,1298.9635,1299.282
2018-06-15 06:30:00,1299.2815,1299.7785000000001,1298.814,1299.7730000000001
2018-06-15 06:45:00,1299.77,1300.065,1299.3964999999998,1299.666
2018-06-15 07:00:00,1299.6615,1299.667,1297.554,1298.175
2018-06-15 07:15:00,1298.1385,1298.9815,1297.8185,1298.6499999999999
2018-06-15 07:30:00,1298.645,1299.552,1298.445,1299.2995
2018-06-15 07:45:00,1299.2945,1300.6515,1299.2945,1300.0065
2018-06-15 08:00:00,1300.002,1301.2545,1299.8114999999998,1300.9454999999998
2018-06-15 08:15:00,1300.9499999999998,1301.2265,1300.4455,1301.02
2018-06-15 08:30:00,1301.02,1301.13,1299.613,1299.9055
2018-06-15 08:45:00,1299.9035,1300.32,1299.5985,1299.685
2018-06-15 09:00:00,1299.63,1300.0905,1299.1345,1300.0104999999999
2018-06-15 09:15:00,1300.01,1300.634,1299.915,1300.2549999999999
2018-06-15 09:30:00,1300.2535,1300.3084999999999,1299.569,1300.1105
2018-06-15 09:45:00,1300.114,1300.1349999999998,1298.968,1298.9744999999998
2018-06-15 10:00:00,1298.9815,1299.0404999999998,1298.3,1298.8935
2018-06-15 10:15:00,1298.865,1299.3495,1297.6535000000001,1299.119
2018-06-15 10:30:00,1299.105,1299.19,1298.4165,1298.9750000000001
2018-06-15 10:45:00,1298.98,1299.9265,1298.8899999999999,1299.615
2018-06-15 11:00:00,1299.655,1299.73,1298.9950000000001,1299.325
2018-06-15 11:15:00,1299.326,1300.127,1298.925,1300.0265
2018-06-15 11:30:00,1300.0165,1300.1915000000001,1299.1,1299.725
2018-06-15 11:45:00,1299.7185,1299.8200000000002,1298.3035,1298.3139999999999
2018-06-15 12:00:00,1298.2955,1299.5049999999999,1298.23,1298.4085
2018-06-15 12:15:00,1298.464,1298.495,1294.15,1294.8055
2018-06-15 12:30:00,1294.671,1294.893,1293.2085000000002,1293.7450000000001
2018-06-15 12:45:00,1293.75,1293.9985,1292.3639999999998,1292.3980000000001
2018-06-15 13:00:00,1292.4134999999999,1293.4785000000002,1287.279,1288.4450000000002
2018-06-15 13:15:00,1288.46,1289.79,1288.174,1289.6989999999998
2018-06-15 13:30:00,1289.6284999999998,1289.6284999999998,1284.91,1285.1945
2018-06-15 13:45:00,1285.2005,1286.0890000000002,1283.7,1283.8865
2018-06-15 14:00:00,1283.882,1286.2115,1283.1055,1284.6589999999999
2018-06-15 14:15:00,1284.6585,1284.7450000000001,1283.5635,1283.943
2018-06-15 14:30:00,1283.9379999999999,1284.2435,1279.0430000000001,1279.145
2018-06-15 14:45:00,1279.1485,1283.2165,1278.4385,1280.6235000000001
2018-06-15 15:00:00,1280.5985,1281.799,1279.8045,1281.1285
2018-06-15 15:15:00,1281.134,1281.234,1279.645,1280.468
2018-06-15 15:30:00,1280.4585,1280.4635,1276.848,1278.858
2018-06-15 15:45:00,1278.8535,1279.125,1277.8,1277.8635
2018-06-15 16:00:00,1277.7785000000001,1278.71,1275.736,1276.1545
2018-06-15 16:15:00,1276.146,1278.4134999999999,1276.0845,1278.4134999999999
2018-06-15 16:30:00,1278.413,1279.49,1277.6335,1277.873
2018-06-15 16:45:00,1277.8784999999998,1278.1865,1276.249,1276.604
2018-06-15 17:00:00,1276.6035,1277.885,1276.1585,1277.5600000000002
2018-06-15 17:15:00,1277.5545,1277.5645000000002,1275.4735,1275.9989999999998
2018-06-15 17:30:00,1275.9750000000001,1278.4735,1275.9685000000002,1278.3585
2018-06-15 17:45:00,1278.3049999999998,1279.1299999999999,1278.01,1278.797
2018-06-15 18:00:00,1278.7955,1279.5055,1278.5115,1278.9535
2018-06-15 18:15:00,1278.95,1279.6005,1278.8055,1278.8155
2018-06-15 18:30:00,1278.815,1279.99,1278.725,1279.8485
2018-06-15 18:45:00,1279.813,1280.2299999999998,1279.1785,1279.7635
2018-06-15 19:00:00,1279.758,1280.0785,1279.227,1279.5735
2018-06-15 19:15:00,1279.584,1279.9285000000002,1279.4285,1279.4689999999998
2018-06-15 19:30:00,1279.4685,1280.3139999999999,1279.334,1280.029
2018-06-15 19:45:00,1280.0285,1280.6635,1279.5684999999999,1280.534
2018-06-15 20:00:00,1280.559,1280.6490000000001,1279.7585,1280.2734999999998
2018-06-15 20:15:00,1280.2634999999998,1280.5879999999997,1279.4845,1280.4035
2018-06-15 20:30:00,1280.3899999999999,1280.42,1279.609,1279.935
2018-06-15 20:45:00,1279.935,1280.3360000000002,1278.9335,1279.8400000000001
2018-06-17 22:00:00,1277.6499999999999,1280.0215,1277.6,1279.8065000000001
2018-06-17 22:15:00,1279.8015,1279.805,1278.93,1279.4184999999998
2018-06-17 22:30:00,1279.4180000000001,1279.7935,1278.9835,1279.775
2018-06-17 22:45:00,1279.778,1280.185,1279.593,1280.085
2018-06-17 23:00:00,1280.035,1280.04,1279.43,1279.9134999999999
2018-06-17 23:15:00,1279.913,1281.2085,1279.8884999999998,1280.1035000000002
2018-06-17 23:30:00,1280.103,1281.2385,1279.995,1281.1435
2018-06-17 23:45:00,1281.143,1281.354,1280.8085,1281.0355
2018-06-18 01:00:00,1281.3335,1281.6390000000001,1280.953,1281.3935000000001
2018-06-18 01:15:00,1281.3890000000001,1282.1235000000001,1281.2884999999999,1281.999
2018-06-18 01:30:00,1282.0085,1282.3035,1281.8384999999998,1282.05
2018-06-18 01:45:00,1282.05,1282.4715,1282.018,1282.4555
2018-06-18 02:00:00,1282.4485,1282.47,1281.604,1281.604
2018-06-18 02:15:00,1281.609,1281.765,1280.905,1281.2185
2018-06-18 02:30:00,1281.219,1281.3395,1279.5034999999998,1280.0185
2018-06-18 02:45:00,1280.014,1280.059,1279.5794999999998,1279.5815
2018-06-18 03:00:00,1279.587,1280.07,1279.135,1279.135
2018-06-18 03:15:00,1279.125,1280.0655,1279.125,1280.06
2018-06-18 03:30:00,1280.0495,1280.4765,1279.97,1280.3799999999999
2018-06-18 03:45:00,1280.3799999999999,1280.577,1280.2949999999998,1280.45
2018-06-18 04:00:00,1280.45,1280.5165,1279.9285000000002,1280.3815
2018-06-18 04:15:00,1280.382,1280.392,1280.105,1280.2045
2018-06-18 04:30:00,1280.205,1280.46,1280.175,1280.25
2018-06-18 04:45:00,1280.25,1280.3885,1280.1305,1280.378
2018-06-18 05:00:00,1280.3785,1280.3785,1279.8400000000001,1279.9485
2018-06-18 05:15:00,1279.9479999999999,1280.0405,1279.4730000000002,1280.029
2018-06-18 05:30:00,1280.0235,1280.6284999999998,1279.9285000000002,1280.03
2018-06-18 05:45:00,1280.0305,1280.0305,1279.4485,1279.73
2018-06-18 06:00:00,1279.7185,1280.405,1279.6385,1279.8335
2018-06-18 06:15:00,1279.833,1281.116,1279.833,1280.4045
2018-06-18 06:30:00,1280.4,1280.517,1279.0994999999998,1279.31
2018-06-18 06:45:00,1279.315,1279.44,1278.584,1279.12
2018-06-18 07:00:00,1279.135,1279.4599999999998,1278.855,1279.1045000000001
2018-06-18 07:15:00,1279.1015000000002,1279.5615000000003,1278.8535,1279.556
2018-06-18 07:30:00,1279.5615000000003,1279.7740000000001,1279.275,1279.5684999999999
2018-06-18 07:45:00,1279.5735,1280.7265000000002,1279.5335000000002,1280.1245
2018-06-18 08:00:00,1280.1195,1281.2815,1280.0435,1280.932
2018-06-18 08:15:00,1280.9315,1281.9795,1280.6365,1281.7965000000002
2018-06-18 08:30:00,1281.7914999999998,1282.3005,1281.2765,1282.0304999999998
2018-06-18 08:45:00,1282.0249999999999,1282.2019999999998,1281.5605,1281.8695
2018-06-18 09:00:00,1281.8660000000002,1282.29,1281.471,1281.8484999999998
2018-06-18 09:15:00,1281.8429999999998,1282.2749999999999,1281.4830000000002,1281.8329999999999
2018-06-18 09:30:00,1281.8335000000002,1281.8335000000002,1280.834,1281.12
2018-06-18 09:45:00,1281.1,1281.2250000000001,1280.315,1280.495
2018-06-18 10:00:00,1280.4455,1281.1435,1280.4105,1281.1335
2018-06-18 10:15:00,1281.133,1281.4095,1280.8035,1281.0245
2018-06-18 10:30:00,1280.9965,1281.3590000000002,1280.59,1281.214
2018-06-18 10:45:00,1281.219,1281.4685000000002,1280.6595,1280.9555
2018-06-18 11:00:00,1280.951,1281.2305000000001,1280.488,1281.1385
2018-06-18 11:15:00,1281.1254999999999,1281.33,1280.3065,1280.31
2018-06-18 11:30:00,1280.315,1280.3305,1279.3605,1279.768
2018-06-18 11:45:00,1279.7685,1279.88,1279.0835000000002,1279.27
2018-06-18 12:00:00,1279.2755,1279.97,1279.0765000000001,1279.8705
2018-06-18 12:15:00,1279.865,1281.152,1279.2655,1279.3795
2018-06-18 12:30:00,1279.3745,1280.4945,1278.9785,1279.675
2018-06-18 12:45:00,1279.69,1280.1870000000001,1279.2655,1279.6045
2018-06-18 13:00:00,1279.61,1280.7955,1279.4085,1279.9885
2018-06-18 13:15:00,1279.9835,1281.387,1279.62,1280.965
2018-06-18 13:30:00,1280.96,1280.975,1279.65,1280.3799999999999
2018-06-18 13:45:00,1280.3855,1281.1595,1279.8899999999999,1280.7939999999999
2018-06-18 14:00:00,1280.759,1281.8999999999999,1280.0785,1280.1445
2018-06-18 14:15:00,1280.15,1280.5315,1278.6435000000001,1279.205
2018-06-18 14:30:00,1279.275,1279.2935,1278.2585000000001,1279.2885
2018-06-18 14:45:00,1279.288,1279.775,1278.6245000000001,1278.6415
2018-06-18 15:00:00,1278.645,1279.4720000000002,1278.408,1278.795
2018-06-18 15:15:00,1278.8005,1279.2715,1278.7495,1279.26
2018-06-18 15:30:00,1279.2595000000001,1279.265,1278.1945,1278.4105
2018-06-18 15:45:00,1278.3999999999999,1278.7855,1277.9199999999998,1278.215
2018-06-18 16:00:00,1278.2245,1278.9435,1278.134,1278.7545000000002
2018-06-18 16:15:00,1278.7549999999999,1278.938,1278.2350000000001,1278.3405
2018-06-18 16:30:00,1278.345,1278.43,1278.0065,1278.107
2018-06-18 16:45:00,1278.1065,1278.6269999999997,1278.07,1278.6015
2018-06-18 17:00:00,1278.6065,1278.7064999999998,1277.9250000000002,1278.109
2018-06-18 17:15:00,1278.1085,1278.345,1277.1200000000001,1277.6265
2018-06-18 17:30:00,1277.6205,1278.925,1277.5265000000002,1278.914
2018-06-18 17:45:00,1278.9135,1279.625,1278.7785,1279.589
2018-06-18 18:00:00,1279.5929999999998,1280.46,1279.4799999999998,1279.8795
2018-06-18 18:15:00,1279.875,1280.2559999999999,1279.7695,1280.1915000000001
2018-06-18 18:30:00,1280.1815000000001,1280.1815000000001,1279.015,1279.4005
2018-06-18 18:45:00,1279.4,1279.5315,1279.2515,1279.262
2018-06-18 19:00:00,1279.2615,1279.6870000000001,1279.18,1279.1855
2018-06-18 19:15:00,1279.1820000000002,1279.385,1278.7095000000002,1278.7095000000002
2018-06-18 19:30:00,1278.7115,1278.83,1278.242,1278.248
2018-06-18 19:45:00,1278.2485000000001,1278.7265,1278.194,1278.5215
2018-06-18 20:00:00,1278.5065,1278.7445,1278.3605,1278.6595
2018-06-18 20:15:00,1278.655,1278.8385,1278.5595,1278.65
2018-06-18 20:30:00,1278.6449999999998,1278.77,1278.5245,1278.675
2018-06-18 20:45:00,1278.6735,1278.771,1278.346,1278.7704999999999
2018-06-18 22:00:00,1278.43,1279.28,1278.2955,1279.185
2018-06-18 22:15:00,1279.175,1279.3365000000001,1279.0355,1279.0355
2018-06-18 22:30:00,1279.035,1279.4959999999999,1279.03,1279.462
2018-06-18 22:45:00,1279.4615000000001,1279.47,1279.145,1279.2715
2018-06-18 23:00:00,1279.272,1279.7165,1279.1299999999999,1279.6515
2018-06-18 23:15:00,1279.657,1279.657,1279.1460000000002,1279.1460000000002
2018-06-18 23:30:00,1279.1464999999998,1280.898,1279.1409999999998,1280.7735
2018-06-18 23:45:00,1280.778,1281.689,1280.519,1281.3945
2018-06-19 01:00:00,1281.698,1282.1445,1280.9035000000001,1281.9355
2018-06-19 01:15:00,1281.9605,1282.7295,1281.8435000000002,1282.7295
2018-06-19 01:30:00,1282.72,1283.0249999999999,1281.8085,1282.518
2018-06-19 01:45:00,1282.5185000000001,1283.85,1282.423,1283.155
2018-06-19 02:00:00,1283.1765,1283.8564999999999,1283.0,1283.1799999999998
2018-06-19 02:15:00,1283.251,1283.8145000000002,1282.7135,1283.7084999999997
2018-06-19 02:30:00,1283.714,1284.085,1283.4199999999998,1284.0205
2018-06-19 02:45:00,1284.0105,1284.0105,1283.161,1283.5694999999998
2018-06-19 03:00:00,1283.582,1283.857,1283.1995,1283.266
2018-06-19 03:15:00,1283.2665,1283.7959999999998,1283.1805,1283.6065
2018-06-19 03:30:00,1283.585,1283.822,1283.5365,1283.582
2018-06-19 03:45:00,1283.5815,1283.93,1283.5015,1283.9
2018-06-19 04:00:00,1283.875,1284.05,1283.558,1283.7340000000002
2018-06-19 04:15:00,1283.7579999999998,1284.1249999999998,1283.5935,1283.5935
2018-06-19 04:30:00,1283.5885,1283.6905,1283.0535000000002,1283.0535000000002
2018-06-19 04:45:00,1283.0539999999999,1283.2465,1282.9550000000002,1283.157
2018-06-19 05:00:00,1283.155,1283.4185,1282.9750000000001,1283.1335
2018-06-19 05:15:00,1283.133,1283.507,1282.8735,1283.055
2018-06-19 05:30:00,1283.057,1283.071,1282.1935,1282.81
2018-06-19 05:45:00,1282.7995,1282.987,1282.5095000000001,1282.7214999999999
2018-06-19 06:00:00,1282.705,1283.1799999999998,1281.82,1281.9005
2018-06-19 06:15:00,1281.8760000000002,1282.0345,1281.1435,1281.384
2018-06-19 06:30:00,1281.3935000000001,1281.67,1280.145,1280.255
2018-06-19 06:45:00,1280.25,1280.4435,1279.1454999999999,1280.3754999999999
2018-06-19 07:00:00,1280.355,1281.3385,1279.8594999999998,1280.964
2018-06-19 07:15:00,1280.9535,1281.99,1280.2565000000002,1281.78
2018-06-19 07:30:00,1281.7795,1282.3145,1281.374,1281.775
2018-06-19 07:45:00,1281.7815,1282.7435,1281.6845,1282.055
2018-06-19 08:00:00,1282.0795,1282.6519999999998,1281.1275,1281.1275
2018-06-19 08:15:00,1281.132,1281.6735,1280.7649999999999,1280.975
2018-06-19 08:30:00,1280.97,1281.085,1280.1385,1280.2530000000002
2018-06-19 08:45:00,1280.2704999999999,1280.6435000000001,1279.763,1280.35
2018-06-19 09:00:00,1280.302,1280.69,1278.8295,1278.835
2018-06-19 09:15:00,1278.8405,1279.5049999999999,1278.47,1279.2894999999999
2018-06-19 09:30:00,1279.28,1279.58,1278.8645000000001,1279.3700000000001
2018-06-19 09:45:00,1279.3795,1279.9189999999999,1279.2815,1279.7935
2018-06-19 10:00:00,1279.795,1279.9199999999998,1279.2195,1279.4630000000002
2018-06-19 10:15:00,1279.4679999999998,1279.5835,1279.0585,1279.2435
2018-06-19 10:30:00,1279.244,1279.66,1279.1495000000002,1279.373
2018-06-19 10:45:00,1279.3735,1279.49,1278.7735000000002,1279.29
