time,open,high,low,close
2014-01-01 23:00:00,1205.0975,1205.4265,1203.6825000000001,1204.775
2014-01-01 23:15:00,1204.782,1205.7469999999998,1204.779,1205.6879999999999
2014-01-01 23:30:00,1205.719,1205.953,1205.4415,1205.9460000000001
2014-01-01 23:45:00,1205.9515000000001,1206.0855,1205.8415,1206.081
2014-01-02 01:00:00,1207.2445,1213.65,1207.2445,1212.95
2014-01-02 01:15:00,1212.9505,1214.05,1211.4135,1213.2445
2014-01-02 01:30:00,1213.2545,1214.82,1212.33,1212.857
2014-01-02 01:45:00,1212.8425,1212.8425,1211.9050000000002,1212.5004999999999
2014-01-02 02:00:00,1212.5104999999999,1213.2005,1212.317,1212.4975
2014-01-02 02:15:00,1212.492,1213.6154999999999,1212.09,1213.559
2014-01-02 02:30:00,1213.581,1214.5420000000001,1212.7569999999998,1214.502
2014-01-02 02:45:00,1214.517,1229.7225,1214.3049999999998,1223.2155
2014-01-02 03:00:00,1223.226,1223.5175,1221.561,1222.1154999999999
2014-01-02 03:15:00,1222.1254999999999,1224.6005,1222.0155,1223.3935
2014-01-02 03:30:00,1223.3374999999999,1227.9054999999998,1223.273,1224.009
2014-01-02 03:45:00,1224.0104999999999,1225.1065,1223.0205,1223.2355
2014-01-02 04:00:00,1223.2855,1224.4669999999999,1223.2855,1223.56
2014-01-02 04:15:00,1223.5715,1224.28,1222.0825000000002,1222.1725
2014-01-02 04:30:00,1222.1655,1222.7905,1221.877,1222.1325
2014-01-02 04:45:00,1222.1225,1222.283,1221.455,1222.283
2014-01-02 05:00:00,1222.259,1222.716,1221.7965,1221.7965
2014-01-02 05:15:00,1221.79,1222.8439999999998,1221.6875,1222.6525
2014-01-02 05:30:00,1222.712,1225.962,1222.702,1225.7205
2014-01-02 05:45:00,1225.6885,1227.7,1225.4825,1226.3885
2014-01-02 06:00:00,1226.403,1226.651,1224.54,1225.9630000000002
2014-01-02 06:15:00,1225.9499999999998,1226.3774999999998,1225.1905000000002,1225.688
2014-01-02 06:30:00,1225.675,1226.7395000000001,1225.3665,1226.3405
2014-01-02 06:45:00,1226.3400000000001,1226.4875,1224.808,1225.3255
2014-01-02 07:00:00,1225.3345,1228.6545,1222.902,1224.5049999999999
2014-01-02 07:15:00,1224.52,1224.849,1222.9624999999999,1223.065
2014-01-02 07:30:00,1223.05,1223.2634999999998,1220.794,1222.11
2014-01-02 07:45:00,1222.063,1223.2604999999999,1221.007,1223.135
2014-01-02 08:00:00,1223.1415,1224.15,1222.125,1222.3415
2014-01-02 08:15:00,1222.3745000000001,1222.55,1219.97,1220.835
2014-01-02 08:30:00,1220.8325,1222.6855,1220.7549999999999,1222.615
2014-01-02 08:45:00,1222.6195,1222.715,1221.8700000000001,1221.9365
2014-01-02 09:00:00,1221.944,1222.2450000000001,1219.7700000000002,1220.5155
2014-01-02 09:15:00,1220.5300000000002,1220.9855,1220.0800000000002,1220.685
2014-01-02 09:30:00,1220.6805,1220.7540000000001,1219.398,1219.6595
2014-01-02 09:45:00,1219.6480000000001,1221.805,1219.5315,1221.5315
2014-01-02 10:00:00,1221.543,1221.7455,1220.3325,1220.4675
2014-01-02 10:15:00,1220.4474999999998,1220.705,1219.992,1220.0335
2014-01-02 10:30:00,1220.0235,1221.71,1219.4134999999999,1221.71
2014-01-02 10:45:00,1221.71,1222.01,1221.1885,1221.415
2014-01-02 11:00:00,1221.415,1221.607,1218.1125,1218.741
2014-01-02 11:15:00,1218.7355,1219.9985,1216.6425,1217.145
2014-01-02 11:30:00,1217.19,1218.83,1216.9274999999998,1217.228
2014-01-02 11:45:00,1217.2195,1218.6315,1217.172,1218.2400000000002
2014-01-02 12:00:00,1218.2580000000003,1219.839,1217.8155,1218.9365
2014-01-02 12:15:00,1218.9509999999998,1219.57,1216.7485,1217.287
2014-01-02 12:30:00,1217.3545000000001,1217.831,1216.0355,1217.7884999999999
2014-01-02 12:45:00,1217.8184999999999,1218.7155,1213.757,1216.2614999999998
2014-01-02 13:00:00,1216.2645000000002,1219.5035,1216.0384999999999,1217.8495
2014-01-02 13:15:00,1217.8194999999998,1223.7775,1216.8125,1221.515
2014-01-02 13:30:00,1221.495,1222.499,1220.3105,1221.1735
2014-01-02 13:45:00,1221.204,1224.2465,1221.204,1223.5015
2014-01-02 14:00:00,1223.5075,1225.136,1223.035,1224.0224999999998
2014-01-02 14:15:00,1224.0124999999998,1225.2595,1222.8899999999999,1223.0985
2014-01-02 14:30:00,1223.111,1224.3970000000002,1222.8680000000002,1223.68
2014-01-02 14:45:00,1223.7020000000002,1226.963,1223.7020000000002,1226.04
2014-01-02 15:00:00,1226.065,1226.1955,1221.035,1222.7795
2014-01-02 15:15:00,1222.752,1224.384,1222.4585,1224.282
2014-01-02 15:30:00,1224.2740000000001,1225.886,1223.6125,1224.988
2014-01-02 15:45:00,1225.0049999999999,1225.3375,1223.1905000000002,1223.6685
2014-01-02 16:00:00,1223.6139999999998,1224.8975,1223.462,1223.8580000000002
2014-01-02 16:15:00,1223.852,1225.9475,1223.732,1224.8525
2014-01-02 16:30:00,1224.845,1225.6995,1224.4275,1225.3970000000002
2014-01-02 16:45:00,1225.4015,1227.2375,1224.8284999999998,1224.8805
2014-01-02 17:00:00,1224.893,1225.451,1224.561,1225.105
2014-01-02 17:15:00,1225.1200000000001,1225.3,1223.53,1223.6995
2014-01-02 17:30:00,1223.7005,1224.203,1223.1095,1223.7515
2014-01-02 17:45:00,1223.7615,1224.618,1223.334,1224.5049999999999
2014-01-02 18:00:00,1224.516,1225.658,1224.2505,1225.472
2014-01-02 18:15:00,1225.4595,1226.4515,1224.849,1226.0120000000002
2014-01-02 18:30:00,1226.0380000000002,1230.935,1226.026,1229.0855000000001
2014-01-02 18:45:00,1229.1175,1229.883,1229.001,1229.1019999999999
2014-01-02 19:00:00,1229.0849999999998,1229.0849999999998,1226.3159999999998,1226.665
2014-01-02 19:15:00,1226.6575,1226.9455,1226.203,1226.255
2014-01-02 19:30:00,1226.173,1226.7475000000002,1226.023,1226.085
2014-01-02 19:45:00,1226.0375,1226.3925,1225.4015,1225.4315
2014-01-02 20:00:00,1225.4365,1225.5890000000002,1224.194,1224.8944999999999
2014-01-02 20:15:00,1224.8845,1224.895,1224.3035,1224.466
2014-01-02 20:30:00,1224.4465,1224.456,1223.4925,1223.58
2014-01-02 20:45:00,1223.4825,1224.4685,1222.3365,1224.4350000000002
2014-01-02 21:00:00,1224.485,1225.308,1223.6975000000002,1225.2425
2014-01-02 21:15:00,1225.2625,1226.137,1224.888,1226.004
2014-01-02 21:30:00,1226.0100000000002,1226.237,1224.671,1224.888
2014-01-02 21:45:00,1224.8885,1225.035,1224.288,1224.3925000000002
2014-01-02 22:00:00,1224.372,1224.3919999999998,1224.372,1224.3919999999998
2014-01-02 23:00:00,1222.4274999999998,1224.382,1222.0320000000002,1224.382
2014-01-02 23:15:00,1224.3545000000001,1224.631,1224.0535000000002,1224.2365
2014-01-02 23:30:00,1224.2839999999999,1224.354,1223.9764999999998,1224.354
2014-01-02 23:45:00,1224.3065,1224.7740000000001,1223.8435,1223.891
2014-01-03 01:00:00,1234.5549999999998,1235.65,1232.763,1233.124
2014-01-03 01:15:00,1233.144,1233.144,1231.931,1231.996
2014-01-03 01:30:00,1232.028,1232.189,1229.541,1231.598
2014-01-03 01:45:00,1231.522,1231.645,1228.5285,1229.3645
2014-01-03 02:00:00,1229.372,1231.2884999999999,1229.356,1230.381
2014-01-03 02:15:00,1230.3709999999999,1231.6095,1230.2479999999998,1231.512
2014-01-03 02:30:00,1231.495,1232.6825,1231.242,1232.3184999999999
2014-01-03 02:45:00,1232.3039999999999,1233.066,1231.529,1232.1850000000002
2014-01-03 03:00:00,1232.2060000000001,1232.6415000000002,1231.9605,1232.088
2014-01-03 03:15:00,1232.105,1232.1470000000002,1231.249,1231.533
2014-01-03 03:30:00,1231.5529999999999,1231.714,1230.6100000000001,1230.822
2014-01-03 03:45:00,1230.8275,1231.264,1229.716,1229.9340000000002
2014-01-03 04:00:00,1229.9234999999999,1229.9759999999999,1229.4689999999998,1229.519
2014-01-03 04:15:00,1229.5290000000002,1230.5795,1229.509,1230.214
2014-01-03 04:30:00,1230.2265,1230.8845,1230.214,1230.64
2014-01-03 04:45:00,1230.6609999999998,1230.878,1229.9365,1230.7580000000003
2014-01-03 05:00:00,1230.738,1231.0725,1230.432,1230.537
2014-01-03 05:15:00,1230.557,1231.6955,1230.429,1231.267
2014-01-03 05:30:00,1231.277,1233.501,1231.172,1232.5420000000001
2014-01-03 05:45:00,1232.5800000000002,1232.9840000000002,1231.3195,1231.4959999999999
2014-01-03 06:00:00,1231.514,1232.5669999999998,1231.373,1232.4660000000001
2014-01-03 06:15:00,1232.446,1233.1105,1232.436,1233.0349999999999
2014-01-03 06:30:00,1233.028,1235.3159999999998,1232.948,1235.058
2014-01-03 06:45:00,1235.0725,1238.8095,1235.051,1235.969
2014-01-03 07:00:00,1235.9895,1236.6125,1234.3145,1234.6444999999999
2014-01-03 07:15:00,1234.6455,1235.4044999999999,1233.675,1234.778
2014-01-03 07:30:00,1234.7895,1234.944,1232.578,1233.272
2014-01-03 07:45:00,1233.3044999999997,1234.9405000000002,1232.809,1233.3
2014-01-03 08:00:00,1233.32,1234.0335,1232.0645,1233.44
2014-01-03 08:15:00,1233.432,1233.8094999999998,1233.0194999999999,1233.185
2014-01-03 08:30:00,1233.178,1233.317,1232.546,1232.815
2014-01-03 08:45:00,1232.84,1232.84,1230.4245,1231.133
2014-01-03 09:00:00,1231.162,1231.6589999999999,1230.87,1231.4299999999998
2014-01-03 09:15:00,1231.46,1231.46,1228.2145,1229.903
2014-01-03 09:30:00,1229.8954999999999,1233.6265,1229.8880000000001,1233.1975
2014-01-03 09:45:00,1233.192,1233.225,1231.554,1231.554
2014-01-03 10:00:00,1231.5439999999999,1233.3854999999999,1231.4465,1231.9855
2014-01-03 10:15:00,1231.9555,1233.49,1231.652,1232.5425
2014-01-03 10:30:00,1232.5825,1233.5985,1232.089,1233.0974999999999
2014-01-03 10:45:00,1233.1045,1233.9750000000001,1232.5994999999998,1232.6345
2014-01-03 11:00:00,1232.6375,1232.9799999999998,1231.9755,1232.5005
2014-01-03 11:15:00,1232.4955,1233.0055000000002,1232.0335,1232.8295
2014-01-03 11:30:00,1232.8215,1232.8215,1231.3305,1231.9395
2014-01-03 11:45:00,1231.9244999999999,1231.934,1231.025,1231.0320000000002
2014-01-03 12:00:00,1231.016,1231.4395000000002,1230.0725,1231.315
2014-01-03 12:15:00,1231.3195,1232.0925,1230.2845000000002,1230.359
2014-01-03 12:30:00,1230.3635,1231.4155,1230.3425,1230.9015
2014-01-03 12:45:00,1230.894,1232.565,1230.131,1230.714
2014-01-03 13:00:00,1230.7134999999998,1231.7575,1229.3585,1230.7915
2014-01-03 13:15:00,1230.8055,1231.3145,1227.1149999999998,1228.3145000000002
2014-01-03 13:30:00,1228.3004999999998,1230.836,1228.177,1230.5645
2014-01-03 13:45:00,1230.569,1230.6754999999998,1229.357,1229.8449999999998
2014-01-03 14:00:00,1229.8500000000001,1231.124,1229.531,1230.0685
2014-01-03 14:15:00,1230.0605,1231.2505,1228.407,1230.485
2014-01-03 14:30:00,1230.4675,1231.157,1229.8055000000002,1230.6905000000002
2014-01-03 14:45:00,1230.6805000000002,1234.8655,1230.3765,1234.1995000000002
2014-01-03 15:00:00,1234.1844999999998,1234.821,1233.3145,1233.665
2014-01-03 15:15:00,1233.655,1235.637,1233.584,1234.435
2014-01-03 15:30:00,1234.4195,1235.3995000000002,1234.0945000000002,1235.1845
2014-01-03 15:45:00,1235.198,1237.6764999999998,1234.6125000000002,1236.0035
2014-01-03 16:00:00,1236.0335,1237.336,1235.5655,1236.645
2014-01-03 16:15:00,1236.682,1237.397,1234.8994999999998,1236.1544999999999
2014-01-03 16:30:00,1236.172,1237.502,1235.455,1236.1989999999998
2014-01-03 16:45:00,1236.204,1237.9095,1235.982,1237.9095
2014-01-03 17:00:00,1237.9425,1238.1150000000002,1236.0505,1236.5320000000002
2014-01-03 17:15:00,1236.5695,1238.2839999999999,1236.5014999999999,1237.9945
2014-01-03 17:30:00,1237.9845,1238.0894999999998,1236.2095,1236.4045
2014-01-03 17:45:00,1236.5500000000002,1237.9215,1236.4844999999998,1237.7195000000002
2014-01-03 18:00:00,1237.712,1240.1870000000001,1237.7095000000002,1239.0995
2014-01-03 18:15:00,1239.147,1240.3375,1238.6305,1239.191
2014-01-03 18:30:00,1239.1995000000002,1239.6564999999998,1237.1075,1237.1995
2014-01-03 18:45:00,1237.2585000000001,1237.587,1236.1644999999999,1236.1844999999998
2014-01-03 19:00:00,1236.1885000000002,1240.3185,1236.1885000000002,1237.5605
2014-01-03 19:15:00,1237.568,1239.1055000000001,1237.568,1238.7095
2014-01-03 19:30:00,1238.663,1239.0045,1237.137,1238.27
2014-01-03 19:45:00,1238.28,1238.28,1237.3145000000002,1237.82
2014-01-03 20:00:00,1237.834,1237.854,1235.577,1235.9195
2014-01-03 20:15:00,1235.9095,1237.7845,1235.845,1237.109
2014-01-03 20:30:00,1237.1515,1237.2820000000002,1236.5065000000002,1236.9
2014-01-03 20:45:00,1236.906,1237.7330000000002,1236.606,1237.2499999999998
2014-01-03 21:00:00,1237.3809999999999,1237.5,1236.52,1237.3100000000002
2014-01-03 21:15:00,1237.3055000000002,1237.3055000000002,1236.8555000000001,1237.17
2014-01-03 21:30:00,1237.14,1237.14,1236.5645,1236.5645
2014-01-03 21:45:00,1236.5494999999999,1236.98,1236.1699999999998,1236.9399999999998
2014-01-05 23:00:00,1237.23,1238.57,1236.9444999999998,1238.1350000000002
2014-01-05 23:15:00,1238.0600000000002,1238.0600000000002,1236.4750000000001,1236.765
2014-01-05 23:30:00,1236.76,1237.3799999999999,1236.0295,1236.055
2014-01-05 23:45:00,1236.03,1236.03,1234.05,1234.25
2014-01-06 01:00:00,1235.3245,1237.885,1234.9105000000002,1237.27
2014-01-06 01:15:00,1237.3200000000002,1239.5225,1236.585,1239.2649999999999
2014-01-06 01:30:00,1239.387,1242.3745000000001,1239.13,1241.9225000000001
2014-01-06 01:45:00,1242.018,1244.567,1242.018,1242.4250000000002
2014-01-06 02:00:00,1242.4299999999998,1243.3505,1241.9705000000001,1242.4605
2014-01-06 02:15:00,1242.485,1243.3745,1242.4605,1242.9505
2014-01-06 02:30:00,1242.9495,1243.749,1242.7495000000001,1243.5610000000001
2014-01-06 02:45:00,1243.5849999999998,1246.4305,1243.5600000000002,1244.975
2014-01-06 03:00:00,1244.9995,1245.1074999999998,1242.0149999999999,1242.6495
2014-01-06 03:15:00,1242.6555,1243.9705,1242.6009999999999,1242.8609999999999
2014-01-06 03:30:00,1242.837,1242.837,1241.802,1242.215
2014-01-06 03:45:00,1242.203,1243.0235,1240.956,1241.1605
2014-01-06 04:00:00,1241.17,1241.3215,1238.656,1239.6385
2014-01-06 04:15:00,1239.662,1240.132,1239.2405,1239.453
2014-01-06 04:30:00,1239.464,1240.0359999999998,1239.3319999999999,1239.354
2014-01-06 04:45:00,1239.344,1239.563,1238.9485,1239.5125
2014-01-06 05:00:00,1239.5330000000001,1239.694,1238.135,1238.688
2014-01-06 05:15:00,1238.666,1240.2045,1238.4855,1240.1195
2014-01-06 05:30:00,1240.0545,1241.329,1239.921,1240.639
2014-01-06 05:45:00,1240.628,1241.716,1240.1195000000002,1240.9365
2014-01-06 06:00:00,1240.931,1242.61,1240.921,1242.4995
2014-01-06 06:15:00,1242.507,1242.719,1241.6260000000002,1241.8525
2014-01-06 06:30:00,1241.825,1242.3625,1240.136,1240.3285
2014-01-06 06:45:00,1240.3085,1241.5704999999998,1239.7404999999999,1240.0684999999999
2014-01-06 07:00:00,1240.0819999999999,1240.682,1238.9375,1240.2095
2014-01-06 07:15:00,1240.2245,1241.4345,1240.0145,1241.0225
2014-01-06 07:30:00,1241.017,1242.215,1240.6145000000001,1241.5295
2014-01-06 07:45:00,1241.5315,1241.9715,1239.8885,1240.155
2014-01-06 08:00:00,1240.1154999999999,1240.955,1238.944,1240.75
2014-01-06 08:15:00,1240.7554999999998,1240.8249999999998,1238.5065000000002,1238.6075
2014-01-06 08:30:00,1238.594,1240.195,1238.2569999999998,1239.2285
2014-01-06 08:45:00,1239.2185,1239.2415,1237.2675000000002,1237.7150000000001
2014-01-06 09:00:00,1237.7330000000002,1238.0424999999998,1236.252,1237.7765
2014-01-06 09:15:00,1237.772,1238.945,1237.2489999999998,1238.725
2014-01-06 09:30:00,1238.7025,1240.17,1238.2825,1238.6575
2014-01-06 09:45:00,1238.655,1239.202,1237.4775,1238.5955
2014-01-06 10:00:00,1238.6005,1239.268,1237.15,1237.4375
2014-01-06 10:15:00,1237.4425,1238.0800000000002,1236.8175,1237.9915
2014-01-06 10:30:00,1237.99,1238.8275,1237.3135000000002,1238.7930000000001
2014-01-06 10:45:00,1238.7830000000001,1239.0620000000001,1237.8555,1239.049
2014-01-06 11:00:00,1239.0639999999999,1239.074,1236.9805,1237.49
2014-01-06 11:15:00,1237.4965,1238.142,1237.3705,1237.99
2014-01-06 11:30:00,1237.9805000000001,1238.021,1236.8600000000001,1238.02
2014-01-06 11:45:00,1238.0155,1239.6775,1237.365,1239.0865
2014-01-06 12:00:00,1239.0505,1239.099,1237.56,1238.6935
2014-01-06 12:15:00,1238.6985,1239.73,1237.518,1237.857
2014-01-06 12:30:00,1237.8415,1238.223,1237.156,1237.4335
2014-01-06 12:45:00,1237.4185,1237.552,1235.309,1237.3125
2014-01-06 13:00:00,1237.3245000000002,1239.6444999999999,1237.078,1238.95
2014-01-06 13:15:00,1238.94,1241.5185000000001,1238.621,1241.087
2014-01-06 13:30:00,1241.0625,1242.4524999999999,1240.736,1241.7185
2014-01-06 13:45:00,1241.7285,1241.8885,1240.758,1241.4775
2014-01-06 14:00:00,1241.4625,1242.361,1239.8,1240.3925000000002
2014-01-06 14:15:00,1240.38,1242.2785,1240.186,1241.762
2014-01-06 14:30:00,1241.847,1244.039,1241.0030000000002,1243.7615
2014-01-06 14:45:00,1243.7715,1246.128,1243.1864999999998,1245.37
2014-01-06 15:00:00,1245.31,1248.5145,1215.567,1236.1219999999998
2014-01-06 15:15:00,1236.082,1242.8619999999999,1233.335,1240.5975
2014-01-06 15:30:00,1240.6975,1241.6135000000002,1239.1570000000002,1240.777
2014-01-06 15:45:00,1240.7995,1242.3680000000002,1239.3000000000002,1241.891
2014-01-06 16:00:00,1241.9,1243.6025,1240.7620000000002,1242.0210000000002
2014-01-06 16:15:00,1242.032,1243.5279999999998,1241.2205,1241.351
2014-01-06 16:30:00,1241.361,1241.862,1240.287,1240.741
2014-01-06 16:45:00,1240.7155,1241.2330000000002,1240.0025,1241.2330000000002
2014-01-06 17:00:00,1241.2255,1242.518,1240.7005000000001,1242.023
2014-01-06 17:15:00,1242.0604999999998,1242.196,1241.2849999999999,1241.5904999999998
2014-01-06 17:30:00,1241.6495,1241.9820000000002,1241.041,1241.5785
2014-01-06 17:45:00,1241.588,1242.3999999999999,1241.588,1241.685
2014-01-06 18:00:00,1241.6924999999999,1241.6924999999999,1239.7145,1240.688
2014-01-06 18:15:00,1240.653,1240.7355,1238.175,1239.0475000000001
2014-01-06 18:30:00,1239.0575000000001,1240.3395,1238.8600000000001,1238.993
2014-01-06 18:45:00,1238.997,1239.2585000000001,1237.397,1238.6915
2014-01-06 19:00:00,1238.697,1241.019,1238.49,1240.6995
2014-01-06 19:15:00,1240.6499999999999,1241.1455,1239.5425,1240.9005
2014-01-06 19:30:00,1240.9089999999999,1240.95,1239.2904999999998,1239.4445
2014-01-06 19:45:00,1239.44,1240.2475,1239.4,1240.2475
2014-01-06 20:00:00,1240.2975,1240.3005,1239.95,1239.9999999999998
2014-01-06 20:15:00,1240.0455000000002,1240.0455000000002,1238.2555,1238.4175
2014-01-06 20:30:00,1238.3715,1238.6975,1237.5805,1237.5805
2014-01-06 20:45:00,1237.582,1239.3975,1237.356,1239.373
2014-01-06 21:00:00,1239.355,1239.355,1237.3875,1237.547
2014-01-06 21:15:00,1237.4625,1238.9865,1237.3925,1238.8500000000001
2014-01-06 21:30:00,1238.8490000000002,1238.8490000000002,1237.8295,1238.068
2014-01-06 21:45:00,1238.0545,1238.0665000000001,1237.7855,1237.9855
2014-01-06 22:00:00,1237.976,1237.976,1237.939,1237.939
2014-01-06 23:00:00,1238.155,1239.2524999999998,1237.8495,1239.2205000000001
2014-01-06 23:15:00,1239.188,1239.6225,1238.1385,1238.5114999999998
2014-01-06 23:30:00,1238.5004999999999,1238.9215,1238.1879999999999,1238.3395
2014-01-06 23:45:00,1238.3705,1238.4644999999998,1237.5285,1237.876
2014-01-07 01:00:00,1238.261,1241.084,1238.2335,1240.674
2014-01-07 01:15:00,1240.644,1241.0629999999999,1239.872,1240.201
2014-01-07 01:30:00,1240.2045,1241.9454999999998,1239.9155,1241.706
2014-01-07 01:45:00,1241.7205,1241.9475,1240.523,1241.2099999999998
2014-01-07 02:00:00,1241.193,1242.4445,1240.913,1242.0265
2014-01-07 02:15:00,1242.0179999999998,1242.7745,1241.847,1242.708
2014-01-07 02:30:00,1242.7005,1242.7005,1241.013,1241.2389999999998
2014-01-07 02:45:00,1241.2475,1243.92,1240.579,1243.3609999999999
2014-01-07 03:00:00,1243.3545,1243.386,1242.0819999999999,1242.0819999999999
2014-01-07 03:15:00,1242.0874999999999,1242.5900000000001,1242.071,1242.126
2014-01-07 03:30:00,1242.108,1242.247,1241.0405,1241.2240000000002
2014-01-07 03:45:00,1241.2359999999999,1241.844,1241.0720000000001,1241.127
2014-01-07 04:00:00,1241.1025,1241.5794999999998,1240.7599999999998,1240.95
2014-01-07 04:15:00,1240.93,1241.1439999999998,1240.1895,1240.355
2014-01-07 04:30:00,1240.3400000000001,1240.942,1239.9975,1240.622
2014-01-07 04:45:00,1240.677,1240.987,1240.518,1240.632
2014-01-07 05:00:00,1240.605,1240.7830000000001,1240.0995,1240.749
2014-01-07 05:15:00,1240.778,1241.6795,1240.5595,1241.443
2014-01-07 05:30:00,1241.418,1242.57,1241.418,1242.5635
2014-01-07 05:45:00,1242.621,1243.093,1242.1335,1242.214
2014-01-07 06:00:00,1242.2555,1242.983,1242.077,1242.934
2014-01-07 06:15:00,1242.917,1245.3990000000001,1242.844,1244.618
2014-01-07 06:30:00,1244.627,1245.1364999999998,1242.15,1242.5165
2014-01-07 06:45:00,1242.579,1243.066,1241.16,1241.2320000000002
2014-01-07 07:00:00,1241.2624999999998,1242.4065,1241.059,1241.823
2014-01-07 07:15:00,1241.8225,1242.573,1241.212,1241.825
2014-01-07 07:30:00,1241.815,1241.93,1239.725,1240.2755
2014-01-07 07:45:00,1240.2930000000001,1240.3835000000001,1239.3609999999999,1240.081
2014-01-07 08:00:00,1240.0649999999998,1240.125,1238.711,1239.725
2014-01-07 08:15:00,1239.7245,1239.915,1238.4599999999998,1238.8635000000002
2014-01-07 08:30:00,1238.875,1239.5,1238.57,1239.44
2014-01-07 08:45:00,1239.43,1239.915,1238.888,1239.385
2014-01-07 09:00:00,1239.36,1239.36,1237.155,1237.8700000000001
2014-01-07 09:15:00,1237.8675,1239.7855,1237.77,1239.365
2014-01-07 09:30:00,1239.3360000000002,1239.6195,1239.2215,1239.5510000000002
2014-01-07 09:45:00,1239.546,1240.315,1239.0895,1239.7685
2014-01-07 10:00:00,1239.7035,1239.7035,1237.9355,1238.5124999999998
2014-01-07 10:15:00,1238.5355,1238.847,1237.4945,1238.439
2014-01-07 10:30:00,1238.4450000000002,1238.789,1237.663,1238.6405
2014-01-07 10:45:00,1238.6485,1239.765,1237.1045,1239.18
2014-01-07 11:00:00,1239.2505,1240.405,1239.0695,1240.2745
2014-01-07 11:15:00,1240.3275,1240.5895,1238.9695,1239.015
2014-01-07 11:30:00,1239.017,1239.6205,1238.918,1239.349
2014-01-07 11:45:00,1239.341,1239.6855,1238.71,1238.7755
2014-01-07 12:00:00,1238.776,1239.863,1238.33,1239.771
2014-01-07 12:15:00,1239.776,1239.81,1238.2745,1238.6295
2014-01-07 12:30:00,1238.635,1238.742,1235.7099999999998,1236.3435
2014-01-07 12:45:00,1236.3455,1237.8195,1235.4955,1237.0795
2014-01-07 13:00:00,1237.0895,1238.983,1237.0194999999999,1238.6855
2014-01-07 13:15:00,1238.6905,1239.4624999999999,1237.2045,1238.9695
2014-01-07 13:30:00,1238.9395,1238.9735,1235.459,1236.1550000000002
2014-01-07 13:45:00,1236.1385,1236.4895000000001,1234.1805000000002,1235.8865
2014-01-07 14:00:00,1235.8990000000001,1235.9055,1231.3605,1232.7665
2014-01-07 14:15:00,1232.761,1232.803,1226.7675000000002,1229.1090000000002
2014-01-07 14:30:00,1229.1070000000002,1229.305,1227.032,1228.986
2014-01-07 14:45:00,1228.966,1229.4795000000001,1227.9170000000001,1228.25
2014-01-07 15:00:00,1228.2195,1228.874,1227.0515,1227.9569999999999
2014-01-07 15:15:00,1227.8995,1229.4049999999997,1225.9734999999998,1226.7849999999999
2014-01-07 15:30:00,1226.796,1227.9814999999999,1225.0835,1227.4055
2014-01-07 15:45:00,1227.382,1228.5325,1226.2930000000001,1226.2930000000001
2014-01-07 16:00:00,1226.2855,1227.5865,1225.2565,1227.0795
2014-01-07 16:15:00,1227.1015,1227.762,1225.6745,1227.291
2014-01-07 16:30:00,1227.2945,1227.666,1226.0355,1226.801
2014-01-07 16:45:00,1226.8055,1227.2995,1226.2885,1226.5805
2014-01-07 17:00:00,1226.5945,1228.9785,1226.568,1228.9225
2014-01-07 17:15:00,1228.936,1230.2389999999998,1228.3349999999998,1228.8975
2014-01-07 17:30:00,1228.9005,1230.3455,1228.799,1229.8695
2014-01-07 17:45:00,1229.954,1231.4955000000002,1229.7450000000001,1231.0510000000002
2014-01-07 18:00:00,1231.0600000000002,1231.8845,1229.5045,1229.946
2014-01-07 18:15:00,1229.9795,1230.7455,1229.6735,1230.1045
2014-01-07 18:30:00,1230.107,1230.117,1228.7645,1228.8995
2014-01-07 18:45:00,1228.8895,1229.7945,1228.7955,1229.305
2014-01-07 19:00:00,1229.3155,1230.5865000000001,1229.206,1230.243
2014-01-07 19:15:00,1230.2555,1230.811,1229.7205,1230.6644999999999
2014-01-07 19:30:00,1230.6889999999999,1231.3775,1230.503,1230.7925
2014-01-07 19:45:00,1230.8025,1231.1895,1230.683,1230.877
2014-01-07 20:00:00,1230.883,1231.1025,1230.75,1230.8925
2014-01-07 20:15:00,1230.8985,1232.179,1230.818,1231.892
2014-01-07 20:30:00,1231.898,1232.81,1231.898,1232.4725
2014-01-07 20:45:00,1232.478,1233.0855,1232.023,1232.0875
2014-01-07 21:00:00,1232.1765,1232.6734999999999,1231.8249999999998,1232.417
2014-01-07 21:15:00,1232.417,1232.6019999999999,1231.664,1231.674
2014-01-07 21:30:00,1231.7415,1232.2884999999999,1231.557,1232.287
2014-01-07 21:45:00,1232.2845,1232.3315,1231.8629999999998,1232.116
2014-01-07 22:00:00,1232.1365,1232.1365,1232.052,1232.052
2014-01-07 23:00:00,1231.8,1232.5974999999999,1231.17,1231.8915
2014-01-07 23:15:00,1231.8815,1232.0674999999999,1230.672,1231.265
2014-01-07 23:30:00,1231.24,1231.287,1230.519,1230.7300000000002
2014-01-07 23:45:00,1230.7735,1231.0774999999999,1229.4675,1229.4904999999999
2014-01-08 01:00:00,1230.848,1230.915,1228.481,1228.7545
2014-01-08 01:15:00,1228.7655,1229.2575,1227.1270000000002,1228.3925
2014-01-08 01:30:00,1228.382,1229.2065,1227.76,1228.6615
2014-01-08 01:45:00,1228.6155,1228.7765,1228.1035,1228.601
2014-01-08 02:00:00,1228.599,1229.7175,1228.488,1229.2765
2014-01-08 02:15:00,1229.276,1229.815,1228.873,1228.9165
2014-01-08 02:30:00,1228.924,1230.1985,1228.918,1229.0645
2014-01-08 02:45:00,1229.0700000000002,1229.3145,1228.393,1228.9144999999999
2014-01-08 03:00:00,1228.917,1229.224,1228.3670000000002,1228.6425
2014-01-08 03:15:00,1228.6435000000001,1228.7669999999998,1228.228,1228.3455
2014-01-08 03:30:00,1228.327,1228.327,1227.276,1228.046
2014-01-08 03:45:00,1228.0665,1228.1245,1226.145,1226.746
2014-01-08 04:00:00,1226.731,1227.1685,1226.54,1226.75
2014-01-08 04:15:00,1226.7330000000002,1227.2665,1226.7230000000002,1226.7745
2014-01-08 04:30:00,1226.7820000000002,1227.0665000000001,1226.641,1227.0265
2014-01-08 04:45:00,1227.0185000000001,1228.1225,1227.0185000000001,1227.4455
2014-01-08 05:00:00,1227.4505,1227.5355000000002,1227.1965,1227.497
2014-01-08 05:15:00,1227.491,1227.5665,1227.406,1227.511
2014-01-08 05:30:00,1227.5169999999998,1228.0445,1225.7,1226.9685
2014-01-08 05:45:00,1226.994,1227.307,1226.4125,1226.8355
2014-01-08 06:00:00,1226.838,1227.107,1226.2145,1226.6480000000001
2014-01-08 06:15:00,1226.6575,1226.9145,1226.3549999999998,1226.625
2014-01-08 06:30:00,1226.616,1227.5970000000002,1226.616,1226.997
2014-01-08 06:45:00,1226.9995000000001,1227.607,1226.3480000000002,1226.6245
2014-01-08 07:00:00,1226.6095,1228.7150000000001,1226.3365000000001,1228.3419999999999
2014-01-08 07:15:00,1228.3509999999999,1229.1135000000002,1228.1315,1228.219
2014-01-08 07:30:00,1228.2175,1228.802,1227.764,1228.317
2014-01-08 07:45:00,1228.3245000000002,1228.512,1226.8374999999999,1227.2069999999999
2014-01-08 08:00:00,1227.247,1227.9724999999999,1226.205,1226.8575
2014-01-08 08:15:00,1226.862,1227.4985000000001,1224.352,1225.4625
2014-01-08 08:30:00,1225.487,1225.8305,1223.0025,1224.7395000000001
2014-01-08 08:45:00,1224.7150000000001,1225.6019999999999,1223.6550000000002,1224.7624999999998
2014-01-08 09:00:00,1224.7525,1225.5625,1224.3155,1225.0975
2014-01-08 09:15:00,1225.1125,1225.2224999999999,1224.59,1225.055
2014-01-08 09:30:00,1225.0785,1226.838,1221.284,1226.7085
2014-01-08 09:45:00,1226.7160000000001,1227.6695,1225.9045,1227.1889999999999
2014-01-08 10:00:00,1227.1789999999999,1227.5665,1226.2015000000001,1227.3419999999999
2014-01-08 10:15:00,1227.335,1227.4750000000001,1225.911,1226.4605
2014-01-08 10:30:00,1226.473,1227.3155,1226.148,1226.633
2014-01-08 10:45:00,1226.6505,1227.3065,1226.4569999999999,1226.4669999999999
2014-01-08 11:00:00,1226.4569999999999,1226.9025,1225.502,1225.5099999999998
2014-01-08 11:15:00,1225.5569999999998,1226.393,1225.4964999999997,1226.365
2014-01-08 11:30:00,1226.3825000000002,1227.125,1225.9409999999998,1226.162
2014-01-08 11:45:00,1226.207,1226.7694999999999,1225.6184999999998,1226.4825
2014-01-08 12:00:00,1226.528,1226.9165,1225.9175,1226.7019999999998
2014-01-08 12:15:00,1226.7154999999998,1227.2795,1226.4915,1227.111
2014-01-08 12:30:00,1227.1360000000002,1231.4579999999999,1227.065,1228.597
2014-01-08 12:45:00,1228.5795,1230.0104999999999,1228.165,1229.657
2014-01-08 13:00:00,1229.662,1232.062,1229.662,1230.4025
2014-01-08 13:15:00,1230.2060000000001,1230.2060000000001,1225.6915,1227.2925
2014-01-08 13:30:00,1227.295,1227.4225,1220.542,1221.6380000000001
2014-01-08 13:45:00,1221.6750000000002,1223.158,1220.2375,1222.7505
2014-01-08 14:00:00,1222.7024999999999,1223.5085,1221.493,1223.2085
2014-01-08 14:15:00,1223.1964999999998,1223.863,1222.2815,1223.434
2014-01-08 14:30:00,1223.4385,1223.6190000000001,1219.316,1221.52
2014-01-08 14:45:00,1221.522,1223.549,1221.428,1221.608
2014-01-08 15:00:00,1221.5735,1225.4845,1220.69,1224.336
2014-01-08 15:15:00,1224.361,1224.5135,1221.08,1223.368
2014-01-08 15:30:00,1223.2904999999998,1223.2904999999998,1221.3715,1222.087
2014-01-08 15:45:00,1222.0704999999998,1223.7205,1221.5375,1223.687
2014-01-08 16:00:00,1223.6750000000002,1224.5,1222.4534999999998,1223.0815
2014-01-08 16:15:00,1223.0584999999999,1223.4095,1221.654,1222.5384999999999
2014-01-08 16:30:00,1222.5349999999999,1223.0,1222.164,1222.4695000000002
2014-01-08 16:45:00,1222.4845,1222.6299999999999,1221.3190000000002,1221.9205
2014-01-08 17:00:00,1221.9355,1222.0810000000001,1220.4165,1221.344
2014-01-08 17:15:00,1221.3885,1221.8605,1221.0105,1221.637
2014-01-08 17:30:00,1221.64,1223.0584999999999,1221.4715,1222.485
2014-01-08 17:45:00,1222.4805,1222.7844999999998,1221.9615000000001,1222.1945
2014-01-08 18:00:00,1222.1845,1224.105,1221.8895,1223.354
2014-01-08 18:15:00,1223.3615,1227.003,1223.3615,1226.481
2014-01-08 18:30:00,1226.356,1226.5330000000001,1225.1055000000001,1225.2105000000001
2014-01-08 18:45:00,1225.1905000000002,1226.297,1225.095,1225.095
2014-01-08 19:00:00,1225.075,1225.3125,1219.53,1221.865
2014-01-08 19:15:00,1221.8619999999999,1222.547,1218.5905,1221.3515000000002
2014-01-08 19:30:00,1221.3954999999999,1222.48,1220.903,1222.1685
2014-01-08 19:45:00,1222.175,1224.17,1222.008,1223.4395
2014-01-08 20:00:00,1223.4055,1228.9545,1223.2279999999998,1227.7595
2014-01-08 20:15:00,1227.852,1227.9064999999998,1226.162,1226.7244999999998
2014-01-08 20:30:00,1226.7195000000002,1228.2565,1225.386,1226.0795
2014-01-08 20:45:00,1226.0925,1226.0925,1224.581,1225.2265
2014-01-08 21:00:00,1225.1975,1225.2685,1224.587,1224.8190000000002
2014-01-08 21:15:00,1224.8065000000001,1225.0475,1224.7959999999998,1225.0275
2014-01-08 21:30:00,1225.0335,1225.8,1224.963,1225.6865
2014-01-08 21:45:00,1225.7024999999999,1226.1815,1225.44,1225.9740000000002
2014-01-08 22:00:00,1225.9865000000002,1226.004,1225.9865000000002,1226.004
2014-01-08 23:00:00,1226.14,1226.8125,1225.8,1225.8445
2014-01-08 23:15:00,1225.792,1226.0595,1225.6440000000002,1225.8445
2014-01-08 23:30:00,1225.9205,1226.4085,1225.9005,1226.261
2014-01-08 23:45:00,1226.2665,1226.3505,1225.776,1226.3290000000002
2014-01-09 01:00:00,1226.485,1226.503,1224.371,1225.8
2014-01-09 01:15:00,1225.8065,1227.7365,1225.696,1226.7445
2014-01-09 01:30:00,1226.7959999999998,1227.2314999999999,1226.208,1227.1354999999999
2014-01-09 01:45:00,1227.1554999999998,1227.9095,1227.032,1227.0335
2014-01-09 02:00:00,1227.0275,1227.5134999999998,1226.6165,1227.409
2014-01-09 02:15:00,1227.417,1227.4745,1226.3,1226.5615
2014-01-09 02:30:00,1226.5905,1226.911,1225.9470000000001,1226.5545
2014-01-09 02:45:00,1226.542,1227.405,1226.482,1227.334
2014-01-09 03:00:00,1227.319,1227.4055,1227.0205,1227.4055
2014-01-09 03:15:00,1227.4025,1228.0755,1227.3410000000001,1227.7005
2014-01-09 03:30:00,1227.693,1227.7545,1227.4995000000001,1227.607
2014-01-09 03:45:00,1227.613,1227.629,1227.026,1227.5984999999998
2014-01-09 04:00:00,1227.5584999999999,1227.8485,1227.505,1227.5185000000001
2014-01-09 04:15:00,1227.5240000000001,1227.5240000000001,1226.994,1227.0715
2014-01-09 04:30:00,1227.0775,1227.6164999999999,1226.7389999999998,1227.4265
2014-01-09 04:45:00,1227.418,1227.5819999999999,1226.792,1226.933
2014-01-09 05:00:00,1226.9465,1227.4435,1226.6575,1227.0195
2014-01-09 05:15:00,1227.0345,1227.357,1226.919,1227.3195
2014-01-09 05:30:00,1227.3220000000001,1228.1665,1226.6965,1227.5034999999998
2014-01-09 05:45:00,1227.4835,1227.4835,1225.508,1225.7365
2014-01-09 06:00:00,1225.7715,1227.416,1225.639,1226.8235
2014-01-09 06:15:00,1226.82,1226.9805000000001,1226.425,1226.572
2014-01-09 06:30:00,1226.5605,1227.241,1226.19,1226.839
2014-01-09 06:45:00,1226.7859999999998,1227.332,1226.7175,1227.2825
2014-01-09 07:00:00,1227.268,1227.873,1226.905,1227.585
2014-01-09 07:15:00,1227.5755,1227.7035,1226.46,1226.7839999999999
2014-01-09 07:30:00,1226.792,1227.3775,1226.4605,1226.778
2014-01-09 07:45:00,1226.7704999999999,1227.7224999999999,1226.189,1227.5475000000001
2014-01-09 08:00:00,1227.5615,1227.6925,1226.2765,1226.98
2014-01-09 08:15:00,1226.975,1227.07,1226.605,1226.8075
2014-01-09 08:30:00,1226.8000000000002,1227.24,1226.246,1226.865
2014-01-09 08:45:00,1226.8155,1226.8625,1225.1235,1226.6200000000001
2014-01-09 09:00:00,1226.618,1227.5625,1226.3449999999998,1227.215
2014-01-09 09:15:00,1227.2005,1227.44,1226.74,1227.1519999999998
2014-01-09 09:30:00,1227.145,1228.143,1226.4325,1227.3845000000001
2014-01-09 09:45:00,1227.3945,1227.965,1226.45,1226.58
2014-01-09 10:00:00,1226.6,1227.1045000000001,1226.4095000000002,1226.7199999999998
2014-01-09 10:15:00,1226.7095000000002,1226.7945,1226.3304999999998,1226.548
2014-01-09 10:30:00,1226.563,1227.0795,1225.893,1227.0795
2014-01-09 10:45:00,1227.0895,1227.326,1226.925,1227.1665
2014-01-09 11:00:00,1227.187,1227.7845,1227.0755000000001,1227.3205
2014-01-09 11:15:00,1227.3215,1229.227,1227.1264999999999,1228.139
2014-01-09 11:30:00,1228.1395,1228.455,1227.5420000000001,1227.7045
2014-01-09 11:45:00,1227.7350000000001,1228.94,1227.7095,1228.345
2014-01-09 12:00:00,1228.3405,1229.125,1228.186,1229.1045000000001
2014-01-09 12:15:00,1229.115,1231.217,1228.9950000000001,1230.24
2014-01-09 12:30:00,1230.2845000000002,1231.007,1229.625,1230.3575
2014-01-09 12:45:00,1230.3625,1231.2825,1228.9725,1230.455
2014-01-09 13:00:00,1230.4685,1231.0230000000001,1228.3474999999999,1228.7994999999999
2014-01-09 13:15:00,1228.802,1231.371,1228.7545000000002,1230.129
2014-01-09 13:30:00,1230.1205,1231.615,1227.2179999999998,1227.2935
2014-01-09 13:45:00,1227.2830000000001,1228.7185000000002,1226.104,1227.085
2014-01-09 14:00:00,1227.0805,1227.3875,1224.7465,1225.2330000000002
2014-01-09 14:15:00,1225.2395,1225.9315000000001,1224.258,1224.9515
2014-01-09 14:30:00,1224.9555,1226.7475000000002,1224.4545,1226.0845
2014-01-09 14:45:00,1226.1055,1227.1844999999998,1225.8715,1225.9689999999998
2014-01-09 15:00:00,1225.9865,1227.8525,1225.884,1226.591
2014-01-09 15:15:00,1226.5865,1227.8235,1225.6095,1227.5145
2014-01-09 15:30:00,1227.4989999999998,1227.5745000000002,1226.3545000000001,1226.7945000000002
2014-01-09 15:45:00,1226.8094999999998,1227.3645,1225.558,1226.8045000000002
2014-01-09 16:00:00,1226.8000000000002,1227.1660000000002,1225.295,1226.665
2014-01-09 16:15:00,1226.6805000000002,1227.1985,1226.2665,1226.7140000000002
2014-01-09 16:30:00,1226.7015000000001,1226.7015000000001,1223.649,1224.7730000000001
2014-01-09 16:45:00,1224.7630000000001,1225.345,1223.9235,1224.9845
2014-01-09 17:00:00,1224.9495,1225.6995,1223.9895000000001,1225.4855
2014-01-09 17:15:00,1225.471,1225.5594999999998,1224.936,1225.491
2014-01-09 17:30:00,1225.4955,1227.9389999999999,1225.2079999999999,1227.26
2014-01-09 17:45:00,1227.2665,1227.8305,1226.642,1227.735
2014-01-09 18:00:00,1227.705,1229.434,1227.6644999999999,1228.7115
2014-01-09 18:15:00,1228.7310000000002,1230.674,1228.3944999999999,1229.985
2014-01-09 18:30:00,1229.975,1229.975,1228.047,1228.5045
2014-01-09 18:45:00,1228.5,1229.02,1228.3619999999999,1228.825
2014-01-09 19:00:00,1228.8195,1229.6095,1228.4795,1228.8105
2014-01-09 19:15:00,1228.7935,1228.7935,1227.7549999999999,1228.4625
2014-01-09 19:30:00,1228.482,1228.772,1228.164,1228.6905000000002
2014-01-09 19:45:00,1228.6905000000002,1228.883,1228.1855,1228.5215
2014-01-09 20:00:00,1228.4995000000001,1228.5035,1228.0085,1228.2725
2014-01-09 20:15:00,1228.2715,1229.1675,1228.1995,1229.0884999999998
2014-01-09 20:30:00,1229.0835,1229.1805,1228.28,1228.5
2014-01-09 20:45:00,1228.498,1228.498,1227.681,1228.3580000000002
2014-01-09 21:00:00,1228.3664999999999,1228.6774999999998,1227.9489999999998,1228.3200000000002
2014-01-09 21:15:00,1228.3274999999999,1228.48,1228.049,1228.1805
2014-01-09 21:30:00,1228.1795,1228.1795,1227.8980000000001,1227.9855000000002
2014-01-09 21:45:00,1227.9505,1228.0465,1227.785,1228.004
2014-01-09 22:00:00,1227.999,1228.0025,1227.995,1228.0025
2014-01-09 23:00:00,1227.7350000000001,1228.337,1227.5604999999998,1228.215
2014-01-09 23:15:00,1228.1885,1228.7124999999999,1228.1595,1228.4175
2014-01-09 23:30:00,1228.4375,1229.3625,1228.3125,1229.2930000000001
2014-01-09 23:45:00,1229.281,1229.4165,1228.8999999999999,1229.0495
2014-01-10 01:00:00,1228.44,1228.7815,1227.728,1228.498
2014-01-10 01:15:00,1228.5215,1229.4644999999998,1228.341,1229.409
2014-01-10 01:30:00,1229.394,1230.307,1229.312,1230.1245000000001
2014-01-10 01:45:00,1230.13,1230.2045,1229.4335,1230.035
2014-01-10 02:00:00,1230.024,1230.4714999999999,1229.618,1230.163
2014-01-10 02:15:00,1230.1505,1231.1505,1229.8600000000001,1230.9825
2014-01-10 02:30:00,1230.967,1233.892,1230.967,1233.2415
2014-01-10 02:45:00,1233.249,1233.96,1232.615,1233.6580000000001
2014-01-10 03:00:00,1233.6805,1235.1995,1233.6805,1234.452
2014-01-10 03:15:00,1234.44,1234.83,1233.656,1234.0805
2014-01-10 03:30:00,1234.075,1234.353,1233.3369999999998,1234.103
2014-01-10 03:45:00,1234.121,1234.235,1233.7150000000001,1233.738
2014-01-10 04:00:00,1233.7800000000002,1234.019,1233.3220000000001,1233.635
2014-01-10 04:15:00,1233.648,1233.648,1232.747,1233.0629999999999
2014-01-10 04:30:00,1233.079,1233.695,1232.9180000000001,1233.3105
2014-01-10 04:45:00,1233.297,1233.4150000000002,1233.148,1233.3179999999998
2014-01-10 05:00:00,1233.326,1233.948,1233.187,1233.661
2014-01-10 05:15:00,1233.673,1234.206,1233.3819999999998,1234.05
2014-01-10 05:30:00,1234.075,1234.9350000000002,1234.0445,1234.714
2014-01-10 05:45:00,1234.7195,1237.795,1234.7195,1236.744
2014-01-10 06:00:00,1236.729,1237.2455,1235.5825,1237.125
2014-01-10 06:15:00,1237.104,1237.3339999999998,1236.3095,1236.9430000000002
2014-01-10 06:30:00,1236.823,1237.1175,1235.3185,1235.8615
2014-01-10 06:45:00,1235.822,1235.9475,1233.6035,1234.087
2014-01-10 07:00:00,1234.0815,1234.78,1233.878,1234.479
2014-01-10 07:15:00,1234.4935,1234.7495,1233.679,1234.114
2014-01-10 07:30:00,1234.1065,1234.686,1233.0339999999999,1234.6295
2014-01-10 07:45:00,1234.6219999999998,1235.051,1234.308,1234.71
2014-01-10 08:00:00,1234.6934999999999,1236.2930000000001,1234.6934999999999,1235.0375
2014-01-10 08:15:00,1235.046,1236.2045,1234.421,1236.0800000000002
2014-01-10 08:30:00,1236.1045000000001,1238.1444999999999,1234.906,1235.3349999999998
2014-01-10 08:45:00,1235.3505,1235.478,1233.717,1234.1975
2014-01-10 09:00:00,1234.212,1234.695,1232.4025,1233.4634999999998
2014-01-10 09:15:00,1233.465,1234.245,1232.5884999999998,1232.8515
2014-01-10 09:30:00,1232.9045,1233.565,1231.8110000000001,1232.5859999999998
2014-01-10 09:45:00,1232.601,1233.33,1232.495,1233.0145
2014-01-10 10:00:00,1233.103,1233.495,1232.2800000000002,1232.91
2014-01-10 10:15:00,1232.915,1233.0555,1232.2755000000002,1232.39
2014-01-10 10:30:00,1232.359,1234.172,1231.5475,1233.7065
2014-01-10 10:45:00,1233.7125,1234.2295,1233.4160000000002,1233.46
2014-01-10 11:00:00,1233.4624999999999,1233.5875,1232.855,1232.8855
2014-01-10 11:15:00,1232.9225000000001,1233.7095,1232.875,1233.525
2014-01-10 11:30:00,1233.5610000000001,1233.64,1233.155,1233.1605
2014-01-10 11:45:00,1233.154,1234.3025,1233.1375,1234.0
2014-01-10 12:00:00,1233.9930000000002,1234.9775000000002,1233.1725,1233.5775
2014-01-10 12:15:00,1233.5775,1234.3115,1233.0529999999999,1233.358
2014-01-10 12:30:00,1233.352,1233.412,1232.91,1233.118
2014-01-10 12:45:00,1233.126,1234.49,1233.0,1234.405
2014-01-10 13:00:00,1234.4135,1235.4265,1233.7060000000001,1234.5594999999998
2014-01-10 13:15:00,1234.5244999999998,1236.1155,1227.383,1228.47
2014-01-10 13:30:00,1228.45,1245.5304999999998,1228.4025,1239.6380000000001
2014-01-10 13:45:00,1239.6480000000001,1242.3224999999998,1238.5165000000002,1240.6200000000001
2014-01-10 14:00:00,1240.615,1242.8245,1238.8055,1241.8110000000001
2014-01-10 14:15:00,1241.7965000000002,1243.26,1241.096,1241.3915
2014-01-10 14:30:00,1241.4195,1243.1975000000002,1240.1515,1242.3539999999998
2014-01-10 14:45:00,1242.3625,1245.305,1242.0155000000002,1243.51
2014-01-10 15:00:00,1243.5749999999998,1247.9725,1243.258,1244.864
2014-01-10 15:15:00,1244.837,1246.1795,1243.993,1245.1755
2014-01-10 15:30:00,1245.1499999999999,1245.6025,1244.2045,1244.3415
2014-01-10 15:45:00,1244.3595,1246.022,1243.7755,1245.3745000000001
2014-01-10 16:00:00,1245.366,1246.4545,1244.7050000000002,1246.2685000000001
2014-01-10 16:15:00,1246.2735,1246.2735,1243.599,1244.252
2014-01-10 16:30:00,1244.2640000000001,1244.7520000000002,1243.73,1243.9605000000001
2014-01-10 16:45:00,1243.9895,1244.712,1243.2965,1244.2875000000001
2014-01-10 17:00:00,1244.2905,1244.399,1243.3905,1243.7465
2014-01-10 17:15:00,1243.776,1245.1889999999999,1243.5555000000002,1244.8505
2014-01-10 17:30:00,1244.8535,1245.7915,1244.0225,1244.5
2014-01-10 17:45:00,1244.5195,1246.6954999999998,1244.5135,1246.601
2014-01-10 18:00:00,1246.6245000000001,1248.739,1245.962,1248.138
2014-01-10 18:15:00,1248.1445,1249.0390000000002,1246.445,1247.2005
2014-01-10 18:30:00,1247.1905,1247.55,1246.3374999999999,1246.7325
2014-01-10 18:45:00,1246.7265000000002,1247.709,1246.6995000000002,1247.329
2014-01-10 19:00:00,1247.319,1247.5000000000002,1246.416,1247.2345
2014-01-10 19:15:00,1247.2305000000001,1247.4080000000001,1246.0705,1246.0755000000001
2014-01-10 19:30:00,1246.075,1246.4095,1245.765,1246.375
2014-01-10 19:45:00,1246.4095,1246.4095,1244.7005000000001,1245.083
2014-01-10 20:00:00,1245.067,1245.3564999999999,1244.335,1245.3385
2014-01-10 20:15:00,1245.3464999999999,1245.5655,1244.993,1245.1164999999999
2014-01-10 20:30:00,1245.0865000000001,1245.9244999999999,1244.85,1245.7
2014-01-10 20:45:00,1245.6,1247.5000000000002,1245.5500000000002,1247.2635
2014-01-10 21:00:00,1247.258,1247.2835,1246.1945,1246.2499999999998
2014-01-10 21:15:00,1246.255,1246.5345,1246.255,1246.3944999999999
2014-01-10 21:30:00,1246.3355,1246.52,1246.2499999999998,1246.4895000000001
2014-01-10 21:45:00,1246.55,1248.465,1246.5,1248.465
2014-01-12 23:00:00,1248.0,1250.5500000000002,1247.71,1248.6825
2014-01-12 23:15:00,1248.6705000000002,1249.47,1248.5890000000002,1248.5890000000002
2014-01-12 23:30:00,1248.549,1249.5775,1247.521,1248.5925
2014-01-12 23:45:00,1248.583,1249.0165000000002,1247.9695,1248.8575
2014-01-13 01:00:00,1248.2434999999998,1255.2119999999998,1248.17,1251.6555
2014-01-13 01:15:00,1251.643,1253.4685,1251.472,1251.8205
2014-01-13 01:30:00,1251.7555,1252.477,1251.223,1252.1640000000002
2014-01-13 01:45:00,1252.1519999999998,1252.288,1250.468,1251.2205
2014-01-13 02:00:00,1251.253,1251.874,1250.797,1251.602
2014-01-13 02:15:00,1251.603,1252.315,1251.415,1251.835
2014-01-13 02:30:00,1251.847,1252.1039999999998,1251.201,1252.0720000000001
2014-01-13 02:45:00,1252.0420000000001,1252.382,1251.191,1251.4009999999998
2014-01-13 03:00:00,1251.445,1252.444,1250.392,1250.6779999999999
2014-01-13 03:15:00,1250.691,1251.2820000000002,1250.392,1250.396
2014-01-13 03:30:00,1250.408,1250.949,1249.8815,1250.1025
2014-01-13 03:45:00,1250.1095,1250.396,1249.732,1250.2749999999999
2014-01-13 04:00:00,1250.2694999999999,1250.433,1249.4620000000002,1250.2549999999999
2014-01-13 04:15:00,1250.2410000000002,1250.306,1249.698,1250.0975
2014-01-13 04:30:00,1250.105,1250.381,1248.885,1250.2279999999998
2014-01-13 04:45:00,1250.216,1250.433,1249.211,1250.433
2014-01-13 05:00:00,1250.3654999999999,1252.1174999999998,1249.576,1252.1174999999998
2014-01-13 05:15:00,1252.1135000000002,1252.35,1250.831,1251.236
2014-01-13 05:30:00,1251.223,1252.36,1250.8220000000001,1251.552
2014-01-13 05:45:00,1251.5629999999999,1252.0185,1251.256,1251.272
2014-01-13 06:00:00,1251.253,1251.927,1251.0629999999999,1251.7640000000001
2014-01-13 06:15:00,1251.7489999999998,1251.872,1251.159,1251.3400000000001
2014-01-13 06:30:00,1251.3484999999998,1251.3484999999998,1249.4805,1250.2400000000002
2014-01-13 06:45:00,1250.2335,1250.8345,1249.352,1249.3865
2014-01-13 07:00:00,1249.3825000000002,1250.559,1249.362,1250.3405
2014-01-13 07:15:00,1250.333,1250.4315,1249.9185,1250.34
2014-01-13 07:30:00,1250.35,1250.3685,1249.355,1249.4025000000001
2014-01-13 07:45:00,1249.4095,1249.585,1247.8635000000002,1249.4295
2014-01-13 08:00:00,1249.3894999999998,1249.971,1248.6100000000001,1249.3935000000001
2014-01-13 08:15:00,1249.3784999999998,1249.4865,1248.0825,1248.2050000000002
2014-01-13 08:30:00,1248.2064999999998,1248.6165,1247.87,1248.112
2014-01-13 08:45:00,1248.106,1248.124,1246.7424999999998,1247.7799999999997
2014-01-13 09:00:00,1247.7725,1248.2749999999999,1245.7795,1246.635
2014-01-13 09:15:00,1246.593,1247.175,1246.1680000000001,1246.2665000000002
2014-01-13 09:30:00,1246.345,1246.4405,1245.2955,1246.0035
2014-01-13 09:45:00,1246.0135,1246.845,1245.8555000000001,1246.2640000000001
2014-01-13 10:00:00,1246.2440000000001,1246.9645,1245.8590000000002,1246.566
2014-01-13 10:15:00,1246.5595,1246.6644999999999,1245.673,1246.0355
2014-01-13 10:30:00,1246.0435,1246.655,1245.8465,1246.5805
2014-01-13 10:45:00,1246.573,1246.583,1245.7075,1246.455
2014-01-13 11:00:00,1246.4705000000001,1246.555,1245.808,1246.4105
2014-01-13 11:15:00,1246.413,1246.964,1246.083,1246.1475
2014-01-13 11:30:00,1246.1445,1246.394,1245.9234999999999,1246.3405
2014-01-13 11:45:00,1246.3415,1247.145,1246.3305,1246.3305
2014-01-13 12:00:00,1246.339,1246.768,1246.004,1246.5545
2014-01-13 12:15:00,1246.5455,1246.738,1246.1105,1246.3650000000002
2014-01-13 12:30:00,1246.3619999999999,1247.466,1246.3174999999999,1247.3495
2014-01-13 12:45:00,1247.337,1247.5955,1246.5520000000001,1246.7365
2014-01-13 13:00:00,1246.74,1248.2665000000002,1244.683,1244.96
2014-01-13 13:15:00,1244.963,1246.3180000000002,1243.7955,1245.758
2014-01-13 13:30:00,1245.75,1246.1585,1245.055,1245.4335
2014-01-13 13:45:00,1245.4235,1245.932,1244.7465,1244.8995
2014-01-13 14:00:00,1244.909,1247.8325,1244.8995,1247.3675
2014-01-13 14:15:00,1247.3825,1247.567,1246.4425,1247.3405
2014-01-13 14:30:00,1247.3265,1248.7459999999999,1246.763,1247.378
2014-01-13 14:45:00,1247.384,1249.266,1246.9645,1248.766
2014-01-13 15:00:00,1248.762,1249.0345000000002,1247.898,1247.998
2014-01-13 15:15:00,1248.0025,1248.4814999999999,1246.59,1247.1955
2014-01-13 15:30:00,1247.192,1248.153,1247.156,1248.134
2014-01-13 15:45:00,1248.1265,1249.0269999999998,1247.4405000000002,1248.9855
2014-01-13 16:00:00,1248.9355,1251.3135,1248.9255,1250.5600000000002
2014-01-13 16:15:00,1250.6219999999998,1253.4315,1250.5610000000001,1251.3985
2014-01-13 16:30:00,1251.3960000000002,1252.0705,1251.0855,1251.3709999999999
2014-01-13 16:45:00,1251.3459999999998,1251.7585000000001,1250.0145,1250.5935000000002
2014-01-13 17:00:00,1250.5794999999998,1252.46,1250.2815,1251.987
2014-01-13 17:15:00,1251.994,1252.8514999999998,1250.1214999999997,1250.2714999999998
2014-01-13 17:30:00,1250.277,1251.8925,1249.9105,1251.1045
2014-01-13 17:45:00,1251.106,1252.348,1250.6440000000002,1251.532
2014-01-13 18:00:00,1251.547,1253.149,1251.547,1252.7514999999999
2014-01-13 18:15:00,1252.7565,1253.048,1251.523,1251.722
2014-01-13 18:30:00,1251.736,1252.9025000000001,1251.6815000000001,1252.0795
2014-01-13 18:45:00,1252.062,1254.8155000000002,1251.9295,1254.0690000000002
2014-01-13 19:00:00,1254.082,1254.8,1253.445,1254.2195
2014-01-13 19:15:00,1254.2255,1254.8,1253.7330000000002,1254.0945000000002
2014-01-13 19:30:00,1254.1045000000001,1254.147,1252.366,1253.1665
2014-01-13 19:45:00,1253.175,1253.5,1252.819,1253.3000000000002
2014-01-13 20:00:00,1253.3210000000001,1254.138,1253.3000000000002,1253.651
2014-01-13 20:15:00,1253.6619999999998,1253.6660000000002,1252.5700000000002,1253.418
2014-01-13 20:30:00,1253.453,1255.162,1253.453,1255.046
2014-01-13 20:45:00,1255.014,1255.116,1254.606,1255.0125
2014-01-13 21:00:00,1255.0049999999999,1255.0049999999999,1252.824,1253.6380000000001
2014-01-13 21:15:00,1253.688,1253.7410000000002,1253.139,1253.179
2014-01-13 21:30:00,1253.165,1253.606,1253.065,1253.2930000000001
2014-01-13 21:45:00,1253.3059999999998,1253.42,1252.946,1253.1190000000001
2014-01-13 22:00:00,1253.084,1253.084,1253.0539999999999,1253.0539999999999
2014-01-13 23:00:00,1253.2405,1253.29,1251.85,1251.9
2014-01-13 23:15:00,1251.888,1252.5500000000002,1251.8815,1251.95
2014-01-13 23:30:00,1251.9,1254.352,1251.879,1254.1129999999998
2014-01-13 23:45:00,1254.143,1254.2495,1253.508,1254.219
2014-01-14 01:00:00,1252.932,1254.2765,1251.875,1252.4395
2014-01-14 01:15:00,1252.4815,1252.4915,1251.7910000000002,1251.7910000000002
2014-01-14 01:30:00,1251.8105,1252.1775000000002,1251.191,1251.4655
2014-01-14 01:45:00,1251.4489999999998,1252.5735000000002,1251.0785,1252.4645
2014-01-14 02:00:00,1252.492,1252.7995,1251.408,1251.4379999999999
2014-01-14 02:15:00,1251.4555,1251.4555,1251.0075000000002,1251.2325
2014-01-14 02:30:00,1251.2315,1251.532,1250.864,1251.4199999999998
2014-01-14 02:45:00,1251.4109999999998,1251.7435,1251.294,1251.7435
2014-01-14 03:00:00,1251.739,1252.608,1251.594,1252.149
2014-01-14 03:15:00,1252.1560000000002,1252.366,1251.6770000000001,1251.928
2014-01-14 03:30:00,1251.9175,1252.339,1251.9175,1252.2325
2014-01-14 03:45:00,1252.2285,1252.2285,1251.57,1251.57
2014-01-14 04:00:00,1251.5935,1252.0495,1251.5935,1251.917
2014-01-14 04:15:00,1251.9295,1251.9545,1251.717,1251.7205000000001
2014-01-14 04:30:00,1251.718,1252.3255000000001,1251.699,1251.981
2014-01-14 04:45:00,1251.999,1252.3135,1251.98,1252.049
2014-01-14 05:00:00,1252.0675,1252.1364999999998,1251.647,1252.0555
2014-01-14 05:15:00,1252.055,1252.7675,1252.016,1252.426
2014-01-14 05:30:00,1252.4715,1254.0495,1252.1699999999998,1253.3274999999999
2014-01-14 05:45:00,1253.3194999999998,1253.5114999999998,1252.709,1252.709
2014-01-14 06:00:00,1252.7215,1253.218,1252.567,1253.0565
2014-01-14 06:15:00,1253.0415,1253.4985,1252.781,1252.887
2014-01-14 06:30:00,1252.8815,1253.4715,1252.8815,1253.389
2014-01-14 06:45:00,1253.3840000000002,1253.5465,1252.9005000000002,1253.0225
2014-01-14 07:00:00,1253.0025,1254.4295,1252.9180000000001,1253.033
2014-01-14 07:15:00,1253.023,1253.6870000000001,1252.7045,1252.75
2014-01-14 07:30:00,1252.7505,1253.297,1252.675,1253.2505
2014-01-14 07:45:00,1253.2405,1253.603,1253.1399999999999,1253.146
2014-01-14 08:00:00,1253.1399999999999,1253.9725,1252.765,1252.8125
2014-01-14 08:15:00,1252.8225,1253.4775,1252.311,1252.6064999999999
2014-01-14 08:30:00,1252.6119999999999,1252.7224999999999,1251.4805,1251.7424999999998
2014-01-14 08:45:00,1251.7150000000001,1251.8474999999999,1250.4575,1250.4635
2014-01-14 09:00:00,1250.4695,1250.6164999999999,1249.3245,1249.465
2014-01-14 09:15:00,1249.4585000000002,1249.569,1248.5355,1248.8495
2014-01-14 09:30:00,1248.8345,1249.7345,1248.7635,1249.4405000000002
2014-01-14 09:45:00,1249.4299999999998,1249.9605,1248.2140000000002,1248.7475
2014-01-14 10:00:00,1248.7415,1249.7350000000001,1248.5275000000001,1249.628
2014-01-14 10:15:00,1249.623,1249.93,1248.2275,1248.864
2014-01-14 10:30:00,1248.8754999999999,1249.465,1248.407,1249.3265000000001
2014-01-14 10:45:00,1249.334,1249.391,1248.6105,1249.0629999999999
2014-01-14 11:00:00,1249.0729999999999,1249.1025,1248.34,1248.8085
2014-01-14 11:15:00,1248.814,1249.0149999999999,1248.0665,1248.301
2014-01-14 11:30:00,1248.2994999999999,1249.0955,1248.0555,1248.6075
2014-01-14 11:45:00,1248.5835000000002,1248.779,1247.6855,1247.935
2014-01-14 12:00:00,1247.935,1248.31,1247.3975,1247.8339999999998
2014-01-14 12:15:00,1247.8505,1248.3795,1247.333,1247.6699999999998
2014-01-14 12:30:00,1247.69,1249.1615,1247.381,1248.773
2014-01-14 12:45:00,1248.7465,1249.465,1248.5485,1248.8385
2014-01-14 13:00:00,1248.845,1249.2839999999999,1248.0629999999999,1248.948
2014-01-14 13:15:00,1248.9355,1251.3909999999998,1248.583,1250.7745
2014-01-14 13:30:00,1250.805,1251.7469999999998,1248.712,1250.9499999999998
2014-01-14 13:45:00,1250.9540000000002,1251.6695,1249.855,1250.2410000000002
2014-01-14 14:00:00,1250.1805,1250.6935,1249.2055,1249.237
2014-01-14 14:15:00,1249.25,1250.267,1249.0545000000002,1249.85
2014-01-14 14:30:00,1249.8455,1251.1895,1249.7305000000001,1250.7775
2014-01-14 14:45:00,1250.7665,1253.4825,1250.6655,1252.285
2014-01-14 15:00:00,1252.3075,1252.6015,1251.3999999999999,1251.81
2014-01-14 15:15:00,1251.819,1255.0215,1250.9350000000002,1254.975
2014-01-14 15:30:00,1254.9430000000002,1255.3805,1252.781,1253.453
2014-01-14 15:45:00,1253.4379999999999,1254.123,1252.9305000000002,1253.2095
2014-01-14 16:00:00,1253.189,1253.7205,1251.0945,1251.2124999999999
2014-01-14 16:15:00,1251.19,1251.452,1242.0895,1243.599
2014-01-14 16:30:00,1243.5935,1244.317,1241.931,1243.515
2014-01-14 16:45:00,1243.5549999999998,1244.932,1242.56,1244.3909999999998
2014-01-14 17:00:00,1244.3835,1244.922,1243.1950000000002,1244.7154999999998
2014-01-14 17:15:00,1244.7054999999998,1245.363,1243.88,1245.2565
2014-01-14 17:30:00,1245.2015,1245.5925,1244.846,1245.1550000000002
2014-01-14 17:45:00,1245.1655,1245.865,1244.7350000000001,1245.3355
2014-01-14 18:00:00,1245.365,1246.199,1244.635,1246.055
2014-01-14 18:15:00,1246.045,1246.4904999999999,1244.8305,1245.8795
2014-01-14 18:30:00,1245.8954999999999,1246.0,1245.1454999999999,1245.2205
2014-01-14 18:45:00,1245.2555,1245.4505000000001,1244.2605,1244.7105000000001
2014-01-14 19:00:00,1244.7255,1245.5355000000002,1244.6505,1244.8105
2014-01-14 19:15:00,1244.8205,1245.1454999999999,1244.4455,1245.1454999999999
2014-01-14 19:30:00,1245.125,1245.3905,1241.8125,1242.313
2014-01-14 19:45:00,1242.303,1243.9460000000001,1242.253,1243.0825
2014-01-14 20:00:00,1243.076,1243.4385,1242.6055000000001,1243.0015
2014-01-14 20:15:00,1243.011,1243.9835,1242.0155000000002,1243.9665
2014-01-14 20:30:00,1243.979,1244.1,1242.618,1242.982
2014-01-14 20:45:00,1242.9955,1243.6995,1242.8815,1243.4615000000001
2014-01-14 21:00:00,1243.4999999999998,1245.0914999999998,1243.374,1244.9725
2014-01-14 21:15:00,1244.9665,1245.2605,1244.5465000000002,1244.833
2014-01-14 21:30:00,1244.84,1245.5380000000002,1244.8185,1245.4245
2014-01-14 21:45:00,1245.438,1245.461,1245.0165,1245.1515
2014-01-14 22:00:00,1245.149,1245.149,1245.0804999999998,1245.0900000000001
2014-01-14 23:00:00,1245.125,1245.1699999999998,1244.258,1244.3555
2014-01-14 23:15:00,1244.3515,1244.505,1243.3965,1244.0370000000003
2014-01-14 23:30:00,1244.0075,1244.0075,1243.599,1243.842
2014-01-14 23:45:00,1243.856,1244.1205,1243.5134999999998,1243.5134999999998
2014-01-15 01:00:00,1244.0835,1244.155,1241.8805,1242.2815
2014-01-15 01:15:00,1242.289,1242.604,1241.812,1242.2745
2014-01-15 01:30:00,1242.2805,1242.4125,1239.7935,1239.846
2014-01-15 01:45:00,1239.8325,1240.657,1239.418,1240.5495
2014-01-15 02:00:00,1240.512,1240.995,1240.1865,1240.7305000000001
2014-01-15 02:15:00,1240.7325,1241.2839999999999,1240.6295,1241.2525
2014-01-15 02:30:00,1241.268,1241.4279999999999,1240.2995,1240.523
2014-01-15 02:45:00,1240.5145,1241.097,1240.2565,1241.0875
2014-01-15 03:00:00,1241.0375,1242.146,1240.9099999999999,1241.8075
2014-01-15 03:15:00,1241.7930000000001,1241.8255,1240.727,1240.756
2014-01-15 03:30:00,1240.765,1241.33,1240.5095,1241.2500000000002
2014-01-15 03:45:00,1241.2500000000002,1241.85,1241.2465000000002,1241.379
2014-01-15 04:00:00,1241.3785,1241.3799999999999,1240.4985,1240.56
2014-01-15 04:15:00,1240.5665,1240.7115000000001,1240.1895,1240.2615
2014-01-15 04:30:00,1240.2465,1240.3980000000001,1239.8995,1240.32
2014-01-15 04:45:00,1240.3025,1240.4035000000001,1239.055,1239.1835
2014-01-15 05:00:00,1239.1995000000002,1239.37,1238.6345,1239.2199999999998
2014-01-15 05:15:00,1239.2325,1239.9145,1239.2325,1239.43
2014-01-15 05:30:00,1239.404,1240.501,1238.965,1240.501
2014-01-15 05:45:00,1240.4995,1240.8384999999998,1240.191,1240.327
2014-01-15 06:00:00,1240.333,1241.4895000000001,1240.2095,1241.35
2014-01-15 06:15:00,1241.309,1241.5980000000002,1241.2420000000002,1241.31
2014-01-15 06:30:00,1241.3595,1241.8845000000001,1241.2600000000002,1241.8845000000001
2014-01-15 06:45:00,1241.8945,1242.077,1241.245,1241.245
2014-01-15 07:00:00,1241.277,1241.577,1240.704,1240.7160000000001
2014-01-15 07:15:00,1240.7095,1242.525,1240.2975,1241.7920000000001
2014-01-15 07:30:00,1241.78,1242.0825,1241.2994999999999,1241.7135
2014-01-15 07:45:00,1241.715,1242.5125,1241.1795000000002,1241.497
2014-01-15 08:00:00,1241.5325,1242.0075000000002,1239.5665000000001,1240.0179999999998
2014-01-15 08:15:00,1239.99,1240.617,1239.575,1240.0919999999999
2014-01-15 08:30:00,1240.077,1240.12,1239.3145,1239.4920000000002
2014-01-15 08:45:00,1239.5015,1239.887,1239.175,1239.175
2014-01-15 09:00:00,1239.1585,1239.502,1236.4545,1236.7565
2014-01-15 09:15:00,1236.7615,1237.7015000000001,1235.919,1237.46
2014-01-15 09:30:00,1237.4565,1238.2575,1236.1470000000002,1236.1470000000002
2014-01-15 09:45:00,1236.1025000000002,1237.588,1235.769,1237.1575
2014-01-15 10:00:00,1237.1595,1238.0635,1236.8185,1237.3650000000002
2014-01-15 10:15:00,1237.3135,1238.5584999999999,1237.2315,1237.8274999999999
2014-01-15 10:30:00,1237.8525,1238.5985,1237.6275,1238.3765
2014-01-15 10:45:00,1238.3515,1238.482,1238.0215,1238.4045
2014-01-15 11:00:00,1238.4544999999998,1239.78,1238.4544999999998,1239.7005
2014-01-15 11:15:00,1239.702,1239.7894999999999,1238.998,1239.3025
2014-01-15 11:30:00,1239.288,1239.551,1238.6165,1239.4135
2014-01-15 11:45:00,1239.4175,1239.634,1239.02,1239.307
2014-01-15 12:00:00,1239.348,1239.4815,1238.2884999999999,1238.8045
2014-01-15 12:15:00,1238.803,1239.321,1238.2335,1238.747
2014-01-15 12:30:00,1238.7395,1238.7715,1237.442,1238.3135
2014-01-15 12:45:00,1238.305,1238.3295,1236.0015,1237.41
2014-01-15 13:00:00,1237.3965,1238.5210000000002,1236.9234999999999,1238.1865
2014-01-15 13:15:00,1238.182,1240.4180000000001,1238.0865,1239.15
2014-01-15 13:30:00,1238.7945,1239.0674999999999,1234.9544999999998,1235.8685
2014-01-15 13:45:00,1235.8395,1237.73,1235.5335,1237.03
2014-01-15 14:00:00,1237.048,1237.7089999999998,1236.768,1237.138
2014-01-15 14:15:00,1237.1219999999998,1237.141,1234.391,1236.2885
2014-01-15 14:30:00,1236.2785,1237.1005,1235.3899999999999,1236.5159999999998
2014-01-15 14:45:00,1236.509,1238.219,1235.8825,1237.6595
2014-01-15 15:00:00,1237.6470000000002,1238.0165,1235.935,1237.9155
2014-01-15 15:15:00,1237.9055,1238.954,1236.567,1238.4944999999998
2014-01-15 15:30:00,1238.4769999999999,1240.1435,1238.407,1238.6545
2014-01-15 15:45:00,1238.652,1241.9295,1238.5545,1241.1175
2014-01-15 16:00:00,1241.16,1242.403,1239.9944999999998,1240.4454999999998
2014-01-15 16:15:00,1240.4299999999998,1241.3785,1239.4065,1240.904
2014-01-15 16:30:00,1240.913,1241.5410000000002,1239.9295,1240.7435
2014-01-15 16:45:00,1240.737,1241.1200000000001,1239.3004999999998,1239.5810000000001
2014-01-15 17:00:00,1239.5805,1240.119,1238.9095000000002,1239.6145000000001
2014-01-15 17:15:00,1239.6100000000001,1240.1365,1239.445,1239.8005
2014-01-15 17:30:00,1239.82,1240.619,1239.0485,1240.0285000000001
2014-01-15 17:45:00,1240.03,1240.4199999999998,1239.4585,1239.75
2014-01-15 18:00:00,1239.7735,1240.1955,1239.184,1239.5700000000002
2014-01-15 18:15:00,1239.5355,1240.1935,1238.4734999999998,1239.574
2014-01-15 18:30:00,1239.5800000000002,1239.663,1238.7955,1239.2675000000002
2014-01-15 18:45:00,1239.2790000000002,1239.674,1239.0485,1239.37
2014-01-15 19:00:00,1239.363,1240.6905,1239.3029999999999,1239.3725
2014-01-15 19:15:00,1239.379,1239.7685,1237.4635,1238.1055
2014-01-15 19:30:00,1238.105,1239.1865,1237.8215,1238.8715000000002
2014-01-15 19:45:00,1238.879,1239.3855,1238.8690000000001,1239.033
2014-01-15 20:00:00,1239.021,1239.916,1238.966,1239.869
2014-01-15 20:15:00,1239.9,1240.1535,1239.5805,1239.6689999999999
2014-01-15 20:30:00,1239.6585,1241.791,1239.6370000000002,1241.1805000000002
2014-01-15 20:45:00,1241.1889999999999,1242.219,1240.8609999999999,1240.8609999999999
2014-01-15 21:00:00,1240.866,1241.9295,1240.0629999999999,1241.5910000000001
2014-01-15 21:15:00,1241.5659999999998,1242.0549999999998,1241.013,1241.554
2014-01-15 21:30:00,1241.5585,1241.6139999999998,1241.0825,1241.3695
2014-01-15 21:45:00,1241.36,1241.9115,1241.3049999999998,1241.9015
2014-01-15 22:00:00,1241.9165,1241.9165,1241.87,1241.87
2014-01-15 23:00:00,1242.2450000000001,1242.7,1241.6000000000001,1242.607
2014-01-15 23:15:00,1242.6200000000001,1242.6200000000001,1242.004,1242.024
2014-01-15 23:30:00,1242.041,1242.106,1241.583,1241.8245000000002
2014-01-15 23:45:00,1241.8374999999999,1241.8505,1241.0765,1241.1925
2014-01-16 01:00:00,1240.0919999999999,1241.0615,1239.4455,1240.6185
2014-01-16 01:15:00,1240.6105,1241.5265,1240.3825,1240.7705
2014-01-16 01:30:00,1240.7644999999998,1241.1515,1240.6589999999999,1240.6589999999999
2014-01-16 01:45:00,1240.705,1241.03,1239.432,1240.003
2014-01-16 02:00:00,1240.0105,1240.8795000000002,1240.0105,1240.7740000000001
2014-01-16 02:15:00,1240.768,1240.8400000000001,1240.1955,1240.4985
2014-01-16 02:30:00,1240.4955,1240.561,1239.8005,1240.08
2014-01-16 02:45:00,1240.0955,1240.495,1239.835,1240.0894999999998
2014-01-16 03:00:00,1240.081,1240.485,1239.96,1240.3565
2014-01-16 03:15:00,1240.3455000000001,1240.78,1240.257,1240.603
2014-01-16 03:30:00,1240.5955,1241.0955000000001,1240.363,1240.98
2014-01-16 03:45:00,1240.972,1240.98,1240.6825,1240.7975000000001
2014-01-16 04:00:00,1240.8014999999998,1241.4475,1240.777,1241.2365
2014-01-16 04:15:00,1241.24,1241.9805000000001,1241.2265,1241.913
2014-01-16 04:30:00,1241.919,1242.239,1241.723,1241.7275
2014-01-16 04:45:00,1241.74,1242.1755,1241.6119999999999,1242.0655
2014-01-16 05:00:00,1242.0729999999999,1242.125,1241.718,1241.843
2014-01-16 05:15:00,1241.8335,1242.095,1241.717,1241.717
2014-01-16 05:30:00,1241.732,1242.2515,1241.306,1241.7835
2014-01-16 05:45:00,1241.785,1243.224,1241.785,1242.9875
2014-01-16 06:00:00,1242.9945,1243.9824999999998,1242.7250000000001,1243.866
2014-01-16 06:15:00,1243.8705,1243.877,1242.895,1243.075
2014-01-16 06:30:00,1243.0705,1243.1000000000001,1242.4895,1242.7800000000002
2014-01-16 06:45:00,1242.7669999999998,1242.945,1241.62,1242.0484999999999
2014-01-16 07:00:00,1242.0449999999998,1242.0449999999998,1240.7695,1240.8750000000002
2014-01-16 07:15:00,1240.8825,1242.1209999999999,1240.4399999999998,1240.6095
2014-01-16 07:30:00,1240.575,1240.723,1239.9195,1240.264
2014-01-16 07:45:00,1240.265,1240.2755,1238.8600000000001,1239.2
2014-01-16 08:00:00,1239.3049999999998,1239.525,1238.5325,1238.68
2014-01-16 08:15:00,1238.676,1238.7595000000001,1237.133,1237.9875
2014-01-16 08:30:00,1238.005,1238.38,1236.4899999999998,1237.0375
2014-01-16 08:45:00,1237.0225,1238.2755,1236.7175,1238.0095000000001
2014-01-16 09:00:00,1238.025,1238.33,1237.146,1237.5275
2014-01-16 09:15:00,1237.488,1237.6764999999998,1236.724,1236.78
2014-01-16 09:30:00,1236.765,1238.194,1236.6285,1238.0549999999998
2014-01-16 09:45:00,1238.0845000000002,1238.985,1237.4365,1238.8429999999998
2014-01-16 10:00:00,1238.8425,1238.847,1237.4025,1237.9485
2014-01-16 10:15:00,1237.9395,1238.1995,1236.6825000000001,1236.7525
2014-01-16 10:30:00,1236.7475,1237.83,1236.6765,1236.8700000000001
2014-01-16 10:45:00,1236.871,1237.8135,1236.698,1237.6725000000001
2014-01-16 11:00:00,1237.6425000000002,1238.156,1237.481,1238.1325
2014-01-16 11:15:00,1238.1399999999999,1238.4935,1237.1725000000001,1237.2575000000002
2014-01-16 11:30:00,1237.2435,1237.6095,1237.0575000000001,1237.54
2014-01-16 11:45:00,1237.56,1238.1895,1237.2624999999998,1237.8195
2014-01-16 12:00:00,1237.819,1238.77,1237.6725000000001,1238.2
2014-01-16 12:15:00,1238.271,1239.034,1238.271,1238.599
2014-01-16 12:30:00,1238.588,1239.92,1238.5455,1239.117
2014-01-16 12:45:00,1239.1285,1239.6094999999998,1237.713,1237.8735000000001
2014-01-16 13:00:00,1237.92,1238.6,1237.1365,1238.228
2014-01-16 13:15:00,1238.215,1239.503,1237.3525,1239.0325
2014-01-16 13:30:00,1239.0045,1241.7024999999999,1237.93,1241.5685
2014-01-16 13:45:00,1241.5665000000001,1242.175,1240.295,1241.2805
2014-01-16 14:00:00,1241.2549999999999,1245.359,1241.13,1243.4715
2014-01-16 14:15:00,1243.4815,1243.9315000000001,1242.1835,1242.82
2014-01-16 14:30:00,1242.8325,1243.6095,1242.316,1242.5175
2014-01-16 14:45:00,1242.524,1243.8675,1240.4135,1240.507
2014-01-16 15:00:00,1240.501,1243.309,1240.2425,1241.8145
2014-01-16 15:15:00,1241.8184999999999,1242.7095000000002,1241.1750000000002,1242.0055000000002
2014-01-16 15:30:00,1242.0049999999999,1242.195,1240.529,1241.33
2014-01-16 15:45:00,1241.3410000000001,1243.155,1241.3105,1242.576
2014-01-16 16:00:00,1242.5835,1242.7884999999999,1241.07,1241.6139999999998
2014-01-16 16:15:00,1241.5929999999998,1242.2995,1241.1100000000001,1242.058
2014-01-16 16:30:00,1242.0735,1242.6970000000001,1241.703,1242.041
2014-01-16 16:45:00,1242.0384999999999,1242.8015,1241.666,1242.193
2014-01-16 17:00:00,1242.203,1242.7015000000001,1241.2414999999999,1242.065
2014-01-16 17:15:00,1242.047,1242.116,1241.3115,1241.8084999999999
2014-01-16 17:30:00,1241.814,1241.814,1241.2179999999998,1241.305
2014-01-16 17:45:00,1241.2955,1241.9055,1241.2369999999999,1241.333
2014-01-16 18:00:00,1241.3005,1242.058,1241.0055,1241.5105
2014-01-16 18:15:00,1241.5385,1241.554,1240.0535000000002,1240.4595
2014-01-16 18:30:00,1240.4254999999998,1241.304,1240.4254999999998,1241.2745
2014-01-16 18:45:00,1241.2945,1242.224,1241.1200000000001,1242.224
2014-01-16 19:00:00,1242.1490000000001,1242.1490000000001,1241.5155,1242.1055
2014-01-16 19:15:00,1242.109,1242.5405,1241.8055,1242.1055
2014-01-16 19:30:00,1242.109,1242.5085,1241.9205,1242.4064999999998
2014-01-16 19:45:00,1242.4005000000002,1242.9885,1241.9329999999998,1242.0020000000002
2014-01-16 20:00:00,1241.9830000000002,1242.701,1241.45,1241.9850000000001
2014-01-16 20:15:00,1241.9955,1242.5,1241.869,1242.2
2014-01-16 20:30:00,1242.259,1242.7095000000002,1242.061,1242.6165
2014-01-16 20:45:00,1242.6009999999999,1242.6009999999999,1242.009,1242.5155
2014-01-16 21:00:00,1242.4935,1242.671,1242.197,1242.584
2014-01-16 21:15:00,1242.582,1242.7579999999998,1242.3854999999999,1242.56
2014-01-16 21:30:00,1242.5795,1242.742,1242.4624999999999,1242.6515
2014-01-16 21:45:00,1242.652,1242.6905000000002,1242.1575,1242.3905
2014-01-16 22:00:00,1242.426,1242.487,1242.4060000000002,1242.487
2014-01-16 23:00:00,1242.27,1243.3,1242.265,1242.944
2014-01-16 23:15:00,1242.933,1242.957,1242.7620000000002,1242.7779999999998
2014-01-16 23:30:00,1242.7839999999999,1242.8429999999998,1242.4040000000002,1242.4040000000002
2014-01-16 23:45:00,1242.4240000000002,1242.6680000000001,1242.231,1242.247
2014-01-17 01:00:00,1242.3774999999998,1242.3774999999998,1241.33,1241.8005
2014-01-17 01:15:00,1241.7935,1242.853,1241.657,1242.3864999999998
2014-01-17 01:30:00,1242.4105000000002,1243.2144999999998,1242.3615,1243.094
2014-01-17 01:45:00,1243.0905,1243.8,1242.9565,1243.2300000000002
2014-01-17 02:00:00,1243.2345000000003,1243.8015,1243.2345000000003,1243.548
2014-01-17 02:15:00,1243.5549999999998,1244.033,1243.4005,1243.797
2014-01-17 02:30:00,1243.8029999999999,1244.0035,1243.5314999999998,1243.997
2014-01-17 02:45:00,1243.9845,1244.0995,1243.1699999999998,1243.9695000000002
2014-01-17 03:00:00,1243.9845,1244.3110000000001,1243.598,1243.6935
2014-01-17 03:15:00,1243.687,1243.8175,1243.2134999999998,1243.385
2014-01-17 03:30:00,1243.392,1243.392,1242.7659999999998,1243.1860000000001
2014-01-17 03:45:00,1243.1850000000002,1243.336,1242.9859999999999,1243.295
2014-01-17 04:00:00,1243.2995,1243.7045,1243.1249999999998,1243.2235
2014-01-17 04:15:00,1243.2110000000002,1243.8325,1242.8445,1243.1394999999998
2014-01-17 04:30:00,1243.1545,1243.1545,1241.9454999999998,1242.3220000000001
2014-01-17 04:45:00,1242.3165000000001,1242.3700000000001,1241.9175,1241.9305
2014-01-17 05:00:00,1241.9245,1242.3365000000001,1241.5355,1242.3025
2014-01-17 05:15:00,1242.3085,1243.1809999999998,1242.2515,1243.0785
2014-01-17 05:30:00,1243.0800000000002,1243.4845,1242.902,1243.237
2014-01-17 05:45:00,1243.22,1244.5785,1243.1419999999998,1244.3899999999999
2014-01-17 06:00:00,1244.396,1244.625,1243.8205,1244.0535
2014-01-17 06:15:00,1244.06,1244.197,1243.2655,1244.0365
2014-01-17 06:30:00,1244.0249999999999,1244.0249999999999,1243.229,1243.61
2014-01-17 06:45:00,1243.586,1244.1365,1243.5300000000002,1244.115
2014-01-17 07:00:00,1244.1095,1244.68,1243.5494999999999,1243.677
2014-01-17 07:15:00,1243.697,1243.827,1242.257,1242.615
2014-01-17 07:30:00,1242.605,1242.8305,1240.7055,1241.13
2014-01-17 07:45:00,1241.044,1241.92,1239.9115,1240.545
2014-01-17 08:00:00,1240.6055000000001,1241.395,1240.27,1241.295
2014-01-17 08:15:00,1241.3505,1241.3995,1240.73,1240.925
2014-01-17 08:30:00,1240.92,1241.04,1239.6675,1240.0600000000002
2014-01-17 08:45:00,1240.0400000000002,1240.9985,1239.7935,1240.8775
2014-01-17 09:00:00,1240.8809999999999,1241.019,1240.262,1240.3500000000001
2014-01-17 09:15:00,1240.3545000000001,1243.3555000000001,1240.3125,1242.699
2014-01-17 09:30:00,1242.673,1243.815,1241.9564999999998,1242.0915
2014-01-17 09:45:00,1242.077,1242.1265,1241.4315,1241.952
2014-01-17 10:00:00,1241.9425,1241.9425,1240.9305,1241.35
2014-01-17 10:15:00,1241.3595,1242.3705,1241.3235,1242.235
2014-01-17 10:30:00,1242.2395,1242.2395,1241.2064999999998,1241.665
2014-01-17 10:45:00,1241.6654999999998,1242.7434999999998,1241.665,1242.7434999999998
2014-01-17 11:00:00,1242.7855000000002,1243.1799999999998,1242.4865,1242.5415
2014-01-17 11:15:00,1242.5315,1242.5315,1242.0095,1242.2815
2014-01-17 11:30:00,1242.2915,1242.3155000000002,1241.2665,1241.4855
2014-01-17 11:45:00,1241.465,1241.515,1240.685,1240.8785
2014-01-17 12:00:00,1240.86,1240.86,1237.8980000000001,1238.656
2014-01-17 12:15:00,1238.646,1239.7635,1238.352,1239.722
2014-01-17 12:30:00,1239.7205,1241.4535,1239.369,1240.8775
2014-01-17 12:45:00,1240.8815,1242.1009999999999,1240.1565,1241.8775
2014-01-17 13:00:00,1241.8855,1245.631,1241.6725,1244.4665
2014-01-17 13:15:00,1244.467,1244.5765,1243.3815,1244.265
2014-01-17 13:30:00,1244.2725,1249.3950000000002,1243.3725,1248.2015000000001
2014-01-17 13:45:00,1248.1954999999998,1250.069,1247.8815000000002,1248.2555000000002
2014-01-17 14:00:00,1248.2749999999999,1251.037,1248.2749999999999,1249.85
2014-01-17 14:15:00,1249.825,1250.43,1248.2510000000002,1248.347
2014-01-17 14:30:00,1248.3805,1248.8335,1247.128,1247.766
2014-01-17 14:45:00,1247.7685000000001,1249.9565,1247.374,1248.7845
2014-01-17 15:00:00,1248.792,1250.2265000000002,1247.372,1248.146
2014-01-17 15:15:00,1248.141,1250.015,1247.636,1249.3400000000001
2014-01-17 15:30:00,1249.3794999999998,1250.5755000000001,1248.506,1249.9335
2014-01-17 15:45:00,1249.9485,1250.307,1249.189,1249.6185
2014-01-17 16:00:00,1249.6415000000002,1252.5535,1249.0785,1252.1364999999998
2014-01-17 16:15:00,1252.1474999999998,1253.7414999999999,1251.726,1253.2885
2014-01-17 16:30:00,1253.3110000000001,1255.057,1253.229,1253.229
2014-01-17 16:45:00,1253.2540000000001,1254.2765,1253.0145,1253.929
2014-01-17 17:00:00,1253.9285,1254.219,1252.4095,1252.5715
2014-01-17 17:15:00,1252.5465000000002,1252.8185,1251.4299999999998,1251.6835
2014-01-17 17:30:00,1251.647,1252.719,1251.2135,1252.1315
2014-01-17 17:45:00,1252.1155,1252.6005000000002,1251.8165,1252.4954999999998
2014-01-17 18:00:00,1252.5040000000001,1252.5955,1251.4134999999999,1252.2155000000002
2014-01-17 18:15:00,1252.2055000000003,1252.714,1251.614,1252.3085
2014-01-17 18:30:00,1252.309,1254.0720000000001,1251.914,1253.871
2014-01-17 18:45:00,1253.86,1254.514,1251.924,1252.424
2014-01-17 19:00:00,1252.4,1252.5584999999999,1251.8239999999998,1252.0885
2014-01-17 19:15:00,1252.0685,1252.619,1251.8205,1252.59
2014-01-17 19:30:00,1252.5304999999998,1252.814,1252.4805000000001,1252.619
2014-01-17 19:45:00,1252.6435,1253.2365,1252.3255,1253.069
2014-01-17 20:00:00,1253.0439999999999,1253.6999999999998,1252.8315,1252.8845000000001
2014-01-17 20:15:00,1252.8739999999998,1253.0,1252.1650000000002,1252.1650000000002
2014-01-17 20:30:00,1252.154,1252.288,1251.862,1252.0135
2014-01-17 20:45:00,1252.0,1254.3200000000002,1251.755,1254.1720000000003
2014-01-17 21:00:00,1254.157,1254.157,1253.1695,1253.3495
2014-01-17 21:15:00,1253.3345000000002,1253.4945,1252.9095,1252.9144999999999
2014-01-17 21:30:00,1252.9350000000002,1254.5045,1252.9350000000002,1254.3745000000001
2014-01-17 21:45:00,1254.2955,1254.2955,1253.8595,1254.01
2014-01-19 23:00:00,1253.3000000000002,1261.555,1252.8500000000001,1259.075
2014-01-19 23:15:00,1259.09,1259.4925,1258.055,1258.826
2014-01-19 23:30:00,1258.7945,1259.9550000000002,1258.002,1258.0079999999998
2014-01-19 23:45:00,1257.9934999999998,1258.2975000000001,1256.3475,1256.3825000000002
2014-01-20 01:00:00,1256.9725,1258.129,1256.5235,1257.72
2014-01-20 01:15:00,1257.724,1258.2985,1257.3250000000003,1257.37
2014-01-20 01:30:00,1257.36,1258.356,1257.1355,1257.264
2014-01-20 01:45:00,1257.2700000000002,1257.8765,1257.165,1257.46
2014-01-20 02:00:00,1257.4765,1257.5395,1256.405,1256.4479999999999
2014-01-20 02:15:00,1256.4425,1256.93,1256.265,1256.3825
2014-01-20 02:30:00,1256.3765,1257.1999999999998,1256.3765,1256.5255
2014-01-20 02:45:00,1256.5104999999999,1256.7105000000001,1255.964,1256.0565000000001
2014-01-20 03:00:00,1256.039,1256.41,1255.94,1256.3894999999998
2014-01-20 03:15:00,1256.39,1256.39,1254.524,1255.63
2014-01-20 03:30:00,1255.6315,1255.885,1255.2015000000001,1255.5720000000001
2014-01-20 03:45:00,1255.537,1255.5710000000001,1255.2,1255.3485
2014-01-20 04:00:00,1255.354,1255.4555,1255.1135,1255.3899999999999
2014-01-20 04:15:00,1255.392,1255.404,1255.06,1255.399
2014-01-20 04:30:00,1255.4055,1255.9865,1255.0805,1255.893
2014-01-20 04:45:00,1255.895,1255.9695000000002,1255.5725,1255.6450000000002
2014-01-20 05:00:00,1255.6425000000002,1255.6715000000002,1255.566,1255.627
2014-01-20 05:15:00,1255.6215,1255.853,1255.246,1255.849
2014-01-20 05:30:00,1255.8395,1256.489,1255.77,1255.811
2014-01-20 05:45:00,1255.821,1257.4065,1255.821,1257.2785
2014-01-20 06:00:00,1257.2845000000002,1257.2845000000002,1256.56,1256.8190000000002
2014-01-20 06:15:00,1256.8249999999998,1257.658,1256.8249999999998,1257.2625
2014-01-20 06:30:00,1257.2285000000002,1257.33,1256.7525,1256.8100000000002
2014-01-20 06:45:00,1256.7995,1257.07,1256.5494999999999,1256.8200000000002
2014-01-20 07:00:00,1256.8000000000002,1256.8045000000002,1255.2185,1255.5900000000001
2014-01-20 07:15:00,1255.55,1256.2125,1254.809,1255.83
2014-01-20 07:30:00,1255.8395,1256.081,1254.81,1255.565
2014-01-20 07:45:00,1255.5900000000001,1255.5900000000001,1253.575,1253.934
2014-01-20 08:00:00,1253.942,1255.3000000000002,1253.895,1254.35
2014-01-20 08:15:00,1254.359,1254.99,1253.85,1254.0585
2014-01-20 08:30:00,1254.1004999999998,1255.1045,1254.0385,1254.61
2014-01-20 08:45:00,1254.5194999999999,1254.8115,1253.425,1254.8115
2014-01-20 09:00:00,1254.8215,1254.8215,1254.0205,1254.6415
2014-01-20 09:15:00,1254.6405,1255.903,1254.4750000000001,1255.7995
2014-01-20 09:30:00,1255.7865,1256.236,1254.723,1255.6005
2014-01-20 09:45:00,1255.6075,1255.8165,1254.9199999999998,1255.2700000000002
2014-01-20 10:00:00,1255.277,1255.277,1254.7245,1254.9215
2014-01-20 10:15:00,1254.9285000000002,1255.54,1254.8845000000001,1255.3675
2014-01-20 10:30:00,1255.3775,1255.505,1254.645,1254.8695
2014-01-20 10:45:00,1254.8790000000001,1254.9885,1254.6045,1254.8854999999999
2014-01-20 11:00:00,1254.8809999999999,1254.9795,1254.6145,1254.735
2014-01-20 11:15:00,1254.76,1254.76,1253.913,1254.7235
2014-01-20 11:30:00,1254.7045,1255.2244999999998,1254.42,1254.95
2014-01-20 11:45:00,1254.94,1255.047,1254.645,1254.77
2014-01-20 12:00:00,1254.7195,1254.7195,1253.935,1254.5325
2014-01-20 12:15:00,1254.5235,1254.7725,1254.296,1254.411
2014-01-20 12:30:00,1254.416,1255.2035,1254.1370000000002,1255.1765
2014-01-20 12:45:00,1255.169,1256.4740000000002,1254.8964999999998,1256.24
2014-01-20 13:00:00,1256.232,1257.431,1255.874,1256.66
2014-01-20 13:15:00,1256.665,1257.031,1256.4475,1256.4675000000002
2014-01-20 13:30:00,1256.4585000000002,1256.5565,1256.0829999999999,1256.1565
2014-01-20 13:45:00,1256.1665,1256.8605,1255.6505,1256.7085
2014-01-20 14:00:00,1256.726,1256.8480000000002,1256.5315,1256.595
2014-01-20 14:15:00,1256.5855,1256.595,1255.2694999999999,1255.3385
2014-01-20 14:30:00,1255.3445,1255.7485,1254.908,1255.7289999999998
2014-01-20 14:45:00,1255.7214999999999,1255.968,1255.434,1255.582
2014-01-20 15:00:00,1255.5955000000001,1255.877,1255.109,1255.3975
2014-01-20 15:15:00,1255.3875,1255.847,1255.1925,1255.6385
2014-01-20 15:30:00,1255.6335000000001,1256.0394999999999,1255.582,1256.0165
2014-01-20 15:45:00,1256.01,1256.7975000000001,1255.7169999999999,1256.7775000000001
2014-01-20 16:00:00,1256.7625,1257.09,1256.38,1256.8200000000002
2014-01-20 16:15:00,1256.8400000000001,1256.865,1255.8265,1256.25
2014-01-20 16:30:00,1256.239,1256.4450000000002,1255.575,1255.73
2014-01-20 16:45:00,1255.7285,1255.915,1255.26,1255.2800000000002
2014-01-20 23:00:00,1255.05,1255.85,1255.0,1255.584
2014-01-20 23:15:00,1255.5955000000001,1255.828,1255.4089999999999,1255.5105
2014-01-20 23:30:00,1255.5275,1255.5275,1255.031,1255.385
2014-01-20 23:45:00,1255.405,1255.879,1255.384,1255.484
2014-01-21 01:00:00,1254.338,1254.366,1252.3464999999999,1252.9379999999999
2014-01-21 01:15:00,1252.9205000000002,1253.3049999999998,1251.3345000000002,1251.7585000000001
2014-01-21 01:30:00,1251.7340000000002,1252.4545,1251.5785,1252.2905
2014-01-21 01:45:00,1252.2845,1252.923,1252.1370000000002,1252.71
2014-01-21 02:00:00,1252.709,1252.725,1252.1045000000001,1252.225
2014-01-21 02:15:00,1252.232,1253.2995,1252.232,1252.9309999999998
2014-01-21 02:30:00,1252.9540000000002,1253.05,1252.6689999999999,1252.982
2014-01-21 02:45:00,1252.9695,1253.465,1252.6865,1252.9279999999999
2014-01-21 03:00:00,1252.9350000000002,1253.3139999999999,1252.808,1252.9904999999999
2014-01-21 03:15:00,1252.984,1252.99,1252.0720000000001,1252.1840000000002
2014-01-21 03:30:00,1252.1805,1252.5255,1251.84,1252.2044999999998
2014-01-21 03:45:00,1252.2545,1252.3655,1251.856,1252.256
2014-01-21 04:00:00,1252.1879999999999,1252.3135,1251.9735,1252.2725
2014-01-21 04:15:00,1252.275,1252.4035000000001,1251.86,1251.86
2014-01-21 04:30:00,1251.8754999999999,1252.729,1251.8754999999999,1252.5349999999999
2014-01-21 04:45:00,1252.5185000000001,1253.1335000000001,1252.473,1253.0945
2014-01-21 05:00:00,1253.0795,1253.1200000000001,1252.9180000000001,1252.9185
2014-01-21 05:15:00,1252.9125000000001,1253.313,1252.881,1253.177
2014-01-21 05:30:00,1253.1705,1253.3045000000002,1252.8955,1253.28
2014-01-21 05:45:00,1253.2945000000002,1254.2905,1253.227,1253.9065
2014-01-21 06:00:00,1253.8990000000001,1253.8990000000001,1252.8749999999998,1252.8749999999998
2014-01-21 06:15:00,1252.881,1253.0995,1252.5539999999999,1252.5600000000002
2014-01-21 06:30:00,1252.5594999999998,1252.995,1252.1399999999999,1252.26
2014-01-21 06:45:00,1252.24,1253.3335000000002,1252.063,1252.995
2014-01-21 07:00:00,1252.985,1254.4865,1252.5849999999998,1253.9005
2014-01-21 07:15:00,1253.9,1254.175,1252.28,1252.9955
2014-01-21 07:30:00,1252.9800000000002,1254.1655,1252.9399999999998,1253.9945
2014-01-21 07:45:00,1253.9745,1254.1090000000002,1253.1845,1253.2895
2014-01-21 08:00:00,1253.189,1253.189,1250.4905,1252.015
2014-01-21 08:15:00,1252.0165,1252.2775,1251.105,1251.3774999999998
2014-01-21 08:30:00,1251.3999999999999,1251.455,1248.9550000000002,1249.455
2014-01-21 08:45:00,1249.45,1249.925,1249.1645,1249.4995
2014-01-21 09:00:00,1249.4859999999999,1249.7499999999998,1248.738,1249.287
2014-01-21 09:15:00,1249.297,1249.845,1247.0345,1247.97
2014-01-21 09:30:00,1247.9144999999999,1248.72,1247.5249999999999,1248.165
2014-01-21 09:45:00,1248.19,1248.4985,1247.683,1248.055
2014-01-21 10:00:00,1248.0225,1249.085,1247.5955,1248.34
2014-01-21 10:15:00,1248.36,1248.6644999999999,1247.9855,1248.626
2014-01-21 10:30:00,1248.6345000000001,1248.7365,1248.0194999999999,1248.2804999999998
2014-01-21 10:45:00,1248.2545,1248.511,1247.6735,1247.9855
2014-01-21 11:00:00,1247.9955,1249.1455,1247.95,1248.5735
2014-01-21 11:15:00,1248.5815,1249.1075,1248.3305,1248.8875
2014-01-21 11:30:00,1248.894,1249.0765,1248.1715000000002,1248.1715000000002
2014-01-21 11:45:00,1248.159,1248.1655,1246.409,1246.965
2014-01-21 12:00:00,1246.963,1247.1350000000002,1244.646,1245.097
2014-01-21 12:15:00,1245.0904999999998,1245.1115,1242.604,1244.3684999999998
2014-01-21 12:30:00,1244.3639999999998,1245.0804999999998,1243.9250000000002,1244.5405
2014-01-21 12:45:00,1244.5805,1244.8225,1243.8939999999998,1244.3899999999999
2014-01-21 13:00:00,1244.405,1244.962,1241.287,1241.7615
2014-01-21 13:15:00,1241.7595000000001,1241.7705,1235.8944999999999,1238.937
2014-01-21 13:30:00,1238.922,1239.06,1237.6765,1238.352
2014-01-21 13:45:00,1238.357,1239.3654999999999,1238.127,1238.8664999999999
2014-01-21 14:00:00,1238.8584999999998,1239.2250000000001,1237.116,1237.3915
2014-01-21 14:15:00,1237.322,1237.5095,1235.7250000000001,1237.129
2014-01-21 14:30:00,1237.0845,1240.874,1237.05,1239.9535
2014-01-21 14:45:00,1239.9215,1240.924,1239.535,1240.307
2014-01-21 15:00:00,1240.3195,1240.521,1238.2740000000001,1239.0905
2014-01-21 15:15:00,1239.087,1240.9965,1238.9305,1240.1005000000002
2014-01-21 15:30:00,1240.099,1241.7405,1239.8175,1240.532
2014-01-21 15:45:00,1240.559,1241.1905000000002,1240.2085,1241.1574999999998
2014-01-21 16:00:00,1241.1674999999998,1241.6460000000002,1239.4925,1241.4965
2014-01-21 16:15:00,1241.5455,1241.759,1240.2595,1240.8574999999998
2014-01-21 16:30:00,1240.8525000000002,1241.9750000000001,1240.5925,1241.523
2014-01-21 16:45:00,1241.5330000000001,1242.3774999999998,1241.2465000000002,1241.5890000000002
2014-01-21 17:00:00,1241.5955000000001,1243.232,1241.5955000000001,1242.6815000000001
2014-01-21 17:15:00,1242.6915000000001,1242.906,1241.9625,1242.3600000000001
2014-01-21 17:30:00,1242.3555000000001,1242.4315,1241.0435,1241.2154999999998
2014-01-21 17:45:00,1241.2109999999998,1242.232,1240.5104999999999,1242.1855
2014-01-21 18:00:00,1242.1635,1242.6825000000001,1241.5155,1241.6205
2014-01-21 18:15:00,1241.6354999999999,1242.7154999999998,1241.473,1242.241
2014-01-21 18:30:00,1242.261,1243.25,1242.2,1242.4365
2014-01-21 18:45:00,1242.4379999999999,1242.9255,1242.1154999999999,1242.3055000000002
2014-01-21 19:00:00,1242.3155000000002,1242.5004999999999,1241.9004999999997,1242.0445
2014-01-21 19:15:00,1242.0555,1242.9759999999999,1242.0255000000002,1242.8045000000002
2014-01-21 19:30:00,1242.8055,1244.3055000000002,1242.7005000000001,1243.9985
2014-01-21 19:45:00,1243.9869999999999,1244.0004999999999,1242.68,1242.8004999999998
2014-01-21 20:00:00,1242.8325,1243.324,1242.0674999999999,1242.347
2014-01-21 20:15:00,1242.3580000000002,1243.0165,1242.276,1242.7489999999998
2014-01-21 20:30:00,1242.76,1243.0,1241.3035,1241.365
2014-01-21 20:45:00,1241.3215,1242.079,1240.7805,1241.2655
2014-01-21 21:00:00,1241.391,1241.9035000000001,1241.391,1241.657
2014-01-21 21:15:00,1241.684,1241.9305,1241.371,1241.9094999999998
2014-01-21 21:30:00,1241.9149999999997,1242.0020000000002,1241.536,1241.54
2014-01-21 21:45:00,1241.5690000000002,1241.5690000000002,1241.229,1241.437
2014-01-21 22:00:00,1241.434,1241.434,1241.425,1241.425
2014-01-21 23:00:00,1240.9755,1242.7,1240.9755,1241.846
2014-01-21 23:15:00,1241.835,1242.7569999999998,1241.767,1242.598
2014-01-21 23:30:00,1242.586,1242.7579999999998,1242.25,1242.63
2014-01-21 23:45:00,1242.617,1243.323,1242.353,1243.1170000000002
2014-01-22 01:00:00,1243.3795,1243.3795,1241.6105,1241.9544999999998
2014-01-22 01:15:00,1241.9995,1242.3854999999999,1241.1005,1241.6015
2014-01-22 01:30:00,1241.6209999999999,1242.0049999999999,1241.5475000000001,1241.8105
2014-01-22 01:45:00,1241.7755,1242.2885,1241.2949999999998,1242.18
2014-01-22 02:00:00,1242.1955,1243.3485,1242.1795,1243.284
2014-01-22 02:15:00,1243.2785000000001,1243.2845,1242.722,1242.728
2014-01-22 02:30:00,1242.7299999999998,1243.1799999999998,1241.8975,1242.22
2014-01-22 02:45:00,1242.2135,1242.6155,1242.0030000000002,1242.0955
2014-01-22 03:00:00,1242.1065,1242.801,1242.095,1242.542
2014-01-22 03:15:00,1242.5339999999999,1243.406,1242.4060000000002,1243.1194999999998
2014-01-22 03:30:00,1243.1445,1243.5205,1243.0355,1243.3805
2014-01-22 03:45:00,1243.3654999999999,1243.707,1243.1585,1243.46
2014-01-22 04:00:00,1243.4665,1243.6734999999999,1243.0240000000001,1243.0265
2014-01-22 04:15:00,1243.032,1243.3155,1242.9495,1243.2279999999998
2014-01-22 04:30:00,1243.2255,1243.4975000000002,1243.0535,1243.2169999999999
2014-01-22 04:45:00,1243.224,1243.2649999999999,1242.7240000000002,1242.731
2014-01-22 05:00:00,1242.741,1243.234,1242.432,1242.4385000000002
2014-01-22 05:15:00,1242.46,1242.7865000000002,1242.15,1242.7399999999998
2014-01-22 05:30:00,1242.7334999999998,1242.8645,1241.9245,1242.0349999999999
2014-01-22 05:45:00,1242.06,1242.4515,1242.0100000000002,1242.28
2014-01-22 06:00:00,1242.3445000000002,1242.599,1239.5845000000002,1240.5125
2014-01-22 06:15:00,1240.5045,1240.8995,1239.829,1240.57
2014-01-22 06:30:00,1240.5895,1240.6045,1239.426,1239.6899999999998
2014-01-22 06:45:00,1239.6995,1240.6525,1239.43,1240.5945
2014-01-22 07:00:00,1240.5965,1240.98,1240.231,1240.231
2014-01-22 07:15:00,1240.2235,1240.95,1239.9750000000001,1240.4125000000001
2014-01-22 07:30:00,1240.3995,1241.82,1240.1945,1241.77
2014-01-22 07:45:00,1241.79,1242.11,1239.78,1240.095
2014-01-22 08:00:00,1240.0700000000002,1241.14,1239.2195000000002,1240.85
2014-01-22 08:15:00,1240.8570000000002,1241.62,1240.575,1241.4625
2014-01-22 08:30:00,1241.4775,1241.4975,1239.482,1239.626
2014-01-22 08:45:00,1239.6395,1240.185,1238.134,1238.2775000000001
2014-01-22 09:00:00,1238.253,1240.0535,1238.211,1239.425
2014-01-22 09:15:00,1239.39,1240.2215,1239.2450000000001,1239.9825
2014-01-22 09:30:00,1239.973,1240.26,1239.3855,1239.9
2014-01-22 09:45:00,1239.8945,1239.9,1239.3455,1239.5455
2014-01-22 10:00:00,1239.5355,1239.5900000000001,1238.8449999999998,1239.1705
2014-01-22 10:15:00,1239.1845,1239.749,1239.1535000000001,1239.39
2014-01-22 10:30:00,1239.4,1239.97,1238.97,1239.83
2014-01-22 10:45:00,1239.8509999999999,1240.465,1239.8419999999999,1240.335
2014-01-22 11:00:00,1240.3395,1241.064,1239.95,1241.055
2014-01-22 11:15:00,1241.0215,1241.2054999999998,1240.32,1240.5349999999999
2014-01-22 11:30:00,1240.5795,1242.0194999999999,1240.5795,1242.0194999999999
2014-01-22 11:45:00,1242.0149999999999,1242.1305,1240.8300000000002,1240.9855
2014-01-22 12:00:00,1241.0005,1241.6640000000002,1240.1495,1241.085
2014-01-22 12:15:00,1241.095,1241.249,1240.2605,1240.554
2014-01-22 12:30:00,1240.6005,1241.9899999999998,1240.6005,1241.6299999999999
2014-01-22 12:45:00,1241.625,1243.305,1240.7924999999998,1240.9199999999998
2014-01-22 13:00:00,1240.892,1241.4415,1240.071,1241.1235
2014-01-22 13:15:00,1241.1365,1243.1095,1240.9885,1243.047
2014-01-22 13:30:00,1243.037,1243.1194999999998,1241.365,1241.786
2014-01-22 13:45:00,1241.8,1242.065,1240.327,1240.756
2014-01-22 14:00:00,1240.761,1241.34,1240.3175,1240.8805000000002
2014-01-22 14:15:00,1240.87,1241.3315,1239.8029999999999,1240.8835
2014-01-22 14:30:00,1240.8635,1241.864,1240.4334999999999,1241.0
2014-01-22 14:45:00,1241.0155,1242.2,1241.0155,1241.5155
2014-01-22 15:00:00,1241.538,1241.7105,1240.4924999999998,1240.7855
2014-01-22 15:15:00,1240.7545,1240.8055000000002,1238.5505,1238.683
2014-01-22 15:30:00,1238.6335,1239.9205,1238.5035,1239.8220000000001
2014-01-22 15:45:00,1239.804,1240.8055000000002,1239.552,1240.6415
2014-01-22 16:00:00,1240.6470000000002,1241.3105,1240.4105,1241.2154999999998
2014-01-22 16:15:00,1241.2295,1241.3815,1240.6805,1240.8400000000001
2014-01-22 16:30:00,1240.865,1241.14,1239.8395,1240.245
2014-01-22 16:45:00,1240.2105,1240.4499999999998,1239.6955,1239.9185
2014-01-22 17:00:00,1239.9155,1240.3055,1239.146,1239.4835
2014-01-22 17:15:00,1239.4755,1239.9795000000001,1238.9945,1239.9695
2014-01-22 17:30:00,1239.9795000000001,1240.143,1239.6145000000001,1240.0895
2014-01-22 17:45:00,1240.08,1240.08,1238.8999999999999,1239.4705
2014-01-22 18:00:00,1239.484,1239.839,1238.9005000000002,1239.0430000000001
2014-01-22 18:15:00,1239.0185,1239.4579999999999,1238.8905000000002,1238.8905000000002
2014-01-22 18:30:00,1238.897,1240.0955,1238.8,1239.6155
2014-01-22 18:45:00,1239.6055000000001,1239.806,1239.1005,1239.4955
2014-01-22 19:00:00,1239.5,1239.8105,1239.1655,1239.6255
2014-01-22 19:15:00,1239.6104999999998,1240.2269999999999,1239.5005,1240.1995
2014-01-22 19:30:00,1240.198,1240.2355,1239.7255,1239.8015
2014-01-22 19:45:00,1239.8305,1240.1115,1239.714,1239.735
2014-01-22 20:00:00,1239.7290000000003,1240.099,1239.4085,1239.517
2014-01-22 20:15:00,1239.528,1239.528,1238.438,1238.615
2014-01-22 20:30:00,1238.6215,1238.655,1237.3999999999999,1237.8885
2014-01-22 20:45:00,1237.883,1238.237,1236.106,1236.3965
2014-01-22 21:00:00,1236.39,1236.98,1236.339,1236.8
2014-01-22 21:15:00,1236.8115,1236.8115,1236.028,1236.7185
2014-01-22 21:30:00,1236.718,1236.8605,1236.429,1236.435
2014-01-22 21:45:00,1236.434,1237.2675000000002,1236.382,1237.173
2014-01-22 22:00:00,1237.162,1237.162,1237.087,1237.087
2014-01-22 23:00:00,1236.1000000000001,1237.341,1235.8,1237.088
2014-01-22 23:15:00,1237.0955,1237.7095000000002,1236.8874999999998,1237.5795
2014-01-22 23:30:00,1237.4855,1237.4855,1236.7295000000001,1237.088
2014-01-22 23:45:00,1237.0929999999998,1237.2769999999998,1236.9109999999998,1237.2115000000001
2014-01-23 01:00:00,1233.926,1234.296,1231.691,1233.1
2014-01-23 01:15:00,1233.0985,1233.0985,1232.2925000000002,1233.0100000000002
2014-01-23 01:30:00,1233.0104999999999,1234.1899999999998,1232.7715,1233.68
2014-01-23 01:45:00,1233.661,1233.6625,1231.85,1232.1774999999998
2014-01-23 02:00:00,1232.1895000000002,1233.48,1231.8020000000001,1233.135
2014-01-23 02:15:00,1233.1254999999999,1233.87,1233.083,1233.5745
2014-01-23 02:30:00,1233.551,1234.5700000000002,1233.317,1234.5700000000002
2014-01-23 02:45:00,1234.5794999999998,1236.1004999999998,1234.5794999999998,1234.7884999999999
2014-01-23 03:00:00,1234.7685000000001,1235.26,1234.315,1234.99
2014-01-23 03:15:00,1234.9834999999998,1235.5605,1234.776,1234.8185
2014-01-23 03:30:00,1234.825,1235.276,1234.706,1234.9585
2014-01-23 03:45:00,1234.9485,1235.0345,1233.3200000000002,1234.6045
2014-01-23 04:00:00,1234.605,1235.46,1234.319,1235.14
2014-01-23 04:15:00,1235.1515,1235.2885,1234.685,1235.2575
2014-01-23 04:30:00,1235.266,1235.481,1234.49,1235.156
2014-01-23 04:45:00,1235.166,1235.56,1234.994,1235.557
2014-01-23 05:00:00,1235.529,1235.6,1235.3275,1235.575
2014-01-23 05:15:00,1235.5685,1235.5685,1234.77,1235.04
2014-01-23 05:30:00,1235.021,1235.2975000000001,1234.8949999999998,1234.8994999999998
2014-01-23 05:45:00,1234.8939999999998,1235.2944999999997,1234.7455,1235.238
2014-01-23 06:00:00,1235.2440000000001,1236.73,1235.2355,1236.385
2014-01-23 06:15:00,1236.3635,1236.3945,1234.8894999999998,1235.0995
2014-01-23 06:30:00,1235.09,1236.59,1234.9945000000002,1236.5549999999998
2014-01-23 06:45:00,1236.5484999999999,1237.2949999999998,1236.1194999999998,1237.2949999999998
2014-01-23 07:00:00,1237.2830000000001,1239.3855,1237.061,1237.385
2014-01-23 07:15:00,1237.388,1237.875,1236.675,1236.96
2014-01-23 07:30:00,1236.9399999999998,1237.6349999999998,1236.5400000000002,1237.4605
2014-01-23 07:45:00,1237.475,1237.645,1236.33,1237.255
2014-01-23 08:00:00,1237.275,1237.7849999999999,1236.703,1237.2425
2014-01-23 08:15:00,1237.2225,1237.605,1236.705,1237.5855
2014-01-23 08:30:00,1237.6055000000001,1239.1680000000001,1237.41,1238.0900000000001
2014-01-23 08:45:00,1238.1154999999999,1238.8175,1237.6799999999998,1238.23
2014-01-23 09:00:00,1238.25,1239.1225,1237.979,1238.577
2014-01-23 09:15:00,1238.58,1239.1625,1238.124,1238.7925
2014-01-23 09:30:00,1238.79,1244.8385,1238.7625,1243.751
2014-01-23 09:45:00,1243.7715,1248.143,1243.742,1247.185
2014-01-23 10:00:00,1247.199,1247.571,1245.491,1245.69
2014-01-23 10:15:00,1245.6855,1246.02,1244.8184999999999,1244.8890000000001
2014-01-23 10:30:00,1244.8990000000001,1245.6715,1244.416,1245.5014999999999
2014-01-23 10:45:00,1245.5095000000001,1245.5249999999999,1244.565,1244.75
2014-01-23 11:00:00,1244.7645000000002,1245.9845,1244.7645000000002,1245.035
2014-01-23 11:15:00,1245.0385,1245.673,1244.722,1245.0915
2014-01-23 11:30:00,1245.0994999999998,1246.4750000000001,1245.0994999999998,1246.28
2014-01-23 11:45:00,1246.2994999999999,1247.2440000000001,1245.5400000000002,1247.0800000000002
2014-01-23 12:00:00,1247.0649999999998,1249.7335,1247.0649999999998,1249.2214999999999
2014-01-23 12:15:00,1249.23,1250.0305,1247.964,1248.1045
2014-01-23 12:30:00,1248.0935,1248.838,1248.09,1248.2984999999999
2014-01-23 12:45:00,1248.3115,1249.548,1248.0075,1248.6865
2014-01-23 13:00:00,1248.7504999999999,1249.5585,1247.4245,1248.527
2014-01-23 13:15:00,1248.4569999999999,1252.6005,1248.2649999999999,1251.102
2014-01-23 13:30:00,1251.0865,1254.3455,1251.084,1253.773
2014-01-23 13:45:00,1253.7775,1258.4479999999999,1253.6025,1256.1154999999999
2014-01-23 14:00:00,1256.1655,1256.615,1254.4869999999999,1255.537
2014-01-23 14:15:00,1255.5445,1255.9775,1254.785,1254.8875
2014-01-23 14:30:00,1254.893,1258.0104999999999,1254.7955,1256.0905
2014-01-23 14:45:00,1256.0784999999998,1259.49,1255.887,1259.415
2014-01-23 15:00:00,1259.405,1265.5855,1259.26,1263.8570000000002
2014-01-23 15:15:00,1263.842,1264.3350000000003,1262.0995,1263.4605000000001
2014-01-23 15:30:00,1263.4679999999998,1263.963,1261.1205,1261.3715
2014-01-23 15:45:00,1261.3835,1262.922,1259.23,1259.4885000000002
2014-01-23 16:00:00,1259.4435,1260.0035,1257.5534999999998,1259.9634999999998
2014-01-23 16:15:00,1259.929,1260.119,1258.4205000000002,1260.024
2014-01-23 16:30:00,1260.0305,1261.266,1259.7585000000001,1261.0990000000002
2014-01-23 16:45:00,1261.0905,1262.7935,1261.0245,1261.2885
2014-01-23 17:00:00,1261.275,1262.6290000000001,1260.509,1262.6290000000001
2014-01-23 17:15:00,1262.6465,1263.8754999999999,1262.2544999999998,1263.624
2014-01-23 17:30:00,1263.609,1263.609,1262.124,1262.493
2014-01-23 17:45:00,1262.4945,1262.924,1261.8725,1262.2155
2014-01-23 18:00:00,1262.2305000000001,1262.904,1261.961,1262.893
2014-01-23 18:15:00,1262.8745,1262.967,1261.5204999999999,1262.814
2014-01-23 18:30:00,1262.8255,1263.724,1261.9205000000002,1263.324
2014-01-23 18:45:00,1263.3205,1264.874,1263.124,1264.519
2014-01-23 19:00:00,1264.494,1265.0185000000001,1264.019,1264.719
2014-01-23 19:15:00,1264.744,1264.9935,1264.1155,1264.6155
2014-01-23 19:30:00,1264.5859999999998,1264.6005,1263.369,1263.419
2014-01-23 19:45:00,1263.3635,1264.3039999999999,1262.9085,1263.984
2014-01-23 20:00:00,1263.959,1264.2289999999998,1262.354,1262.749
2014-01-23 20:15:00,1262.7794999999999,1263.109,1262.0455,1263.0990000000002
2014-01-23 20:30:00,1263.085,1263.599,1262.149,1263.599
2014-01-23 20:45:00,1263.574,1263.574,1261.5645,1262.946
2014-01-23 21:00:00,1262.9615,1262.9750000000001,1262.087,1262.398
2014-01-23 21:15:00,1262.386,1263.0230000000001,1262.221,1262.999
2014-01-23 21:30:00,1262.9785,1264.2209999999998,1262.9005,1264.118
2014-01-23 21:45:00,1264.106,1264.6519999999998,1263.9389999999999,1263.989
2014-01-23 22:00:00,1263.979,1263.979,1263.979,1263.979
2014-01-23 23:00:00,1263.635,1264.5949999999998,1263.635,1264.0665000000001
2014-01-23 23:15:00,1264.0865,1264.6390000000001,1263.9859999999999,1264.161
2014-01-23 23:30:00,1264.142,1264.142,1262.968,1263.166
2014-01-23 23:45:00,1263.1879999999999,1263.234,1262.6290000000001,1262.7269999999999
2014-01-24 01:00:00,1262.3090000000002,1262.788,1261.794,1262.325
2014-01-24 01:15:00,1262.331,1262.9625,1261.064,1261.3425
2014-01-24 01:30:00,1261.35,1261.9365,1260.9865,1261.3205
2014-01-24 01:45:00,1261.3035,1261.3965,1260.3005,1260.7095000000002
2014-01-24 02:00:00,1260.7105000000001,1261.46,1260.541,1260.6505
2014-01-24 02:15:00,1260.6355,1260.8255,1260.0305,1260.1205
2014-01-24 02:30:00,1260.1645,1260.3954999999999,1259.7305000000001,1259.9634999999998
2014-01-24 02:45:00,1259.9499999999998,1260.874,1259.9205000000002,1260.7404999999999
2014-01-24 03:00:00,1260.7800000000002,1261.1200000000001,1260.432,1260.7700000000002
2014-01-24 03:15:00,1260.7399999999998,1261.3085,1260.595,1260.692
2014-01-24 03:30:00,1260.6855,1261.07,1260.532,1260.6885
2014-01-24 03:45:00,1260.6825000000001,1260.7665000000002,1259.837,1260.09
2014-01-24 04:00:00,1260.1,1260.1705,1259.314,1259.5005
2014-01-24 04:15:00,1259.506,1259.8035,1259.4335,1259.5995
2014-01-24 04:30:00,1259.6055,1259.6885,1259.1065,1259.1205
2014-01-24 04:45:00,1259.126,1260.261,1258.879,1259.6734999999999
2014-01-24 05:00:00,1259.6634999999999,1260.2175,1259.348,1259.9830000000002
2014-01-24 05:15:00,1259.9775000000002,1260.4030000000002,1259.746,1260.2255
2014-01-24 05:30:00,1260.2335,1261.9350000000002,1260.2335,1261.5320000000002
2014-01-24 05:45:00,1261.538,1261.5390000000002,1260.6100000000001,1260.7150000000001
2014-01-24 06:00:00,1260.7050000000002,1260.7050000000002,1259.491,1259.9734999999998
2014-01-24 06:15:00,1259.9669999999999,1260.2720000000002,1259.61,1260.1125
2014-01-24 06:30:00,1260.1,1260.117,1259.1185,1259.2649999999999
2014-01-24 06:45:00,1259.272,1259.778,1258.9375,1259.2044999999998
2014-01-24 07:00:00,1259.2124999999999,1260.3300000000002,1258.2975000000001,1259.7755
2014-01-24 07:15:00,1259.7845,1260.5495,1259.2755,1259.953
2014-01-24 07:30:00,1259.943,1260.3259999999998,1258.6575,1258.7095
2014-01-24 07:45:00,1258.7035,1258.822,1257.6550000000002,1257.663
2014-01-24 08:00:00,1257.6895,1258.911,1256.9855,1258.6665
2014-01-24 08:15:00,1258.6265,1258.8564999999999,1257.845,1258.664
2014-01-24 08:30:00,1258.665,1260.0145000000002,1258.3809999999999,1259.303
2014-01-24 08:45:00,1259.2915,1259.6555,1257.9955,1258.0815000000002
2014-01-24 09:00:00,1258.0665,1259.1265,1257.7435,1259.076
2014-01-24 09:15:00,1259.08,1259.3355,1258.0565,1259.0445
2014-01-24 09:30:00,1259.05,1260.6385,1258.9295,1259.9820000000002
2014-01-24 09:45:00,1259.972,1260.0004999999999,1258.9605,1258.9955
2014-01-24 10:00:00,1258.985,1260.0965,1258.8004999999998,1259.5765000000001
2014-01-24 10:15:00,1259.595,1260.4044999999999,1259.2065000000002,1259.5225
2014-01-24 10:30:00,1259.5355,1260.2175,1258.7585000000001,1260.1045
2014-01-24 10:45:00,1260.096,1260.3045,1259.67,1260.06
2014-01-24 11:00:00,1260.0265,1263.0800000000002,1259.6454999999999,1262.9055
2014-01-24 11:15:00,1263.0600000000002,1266.7195,1262.3560000000002,1266.2984999999999
2014-01-24 11:30:00,1266.3355,1272.6995,1265.927,1270.8984999999998
2014-01-24 11:45:00,1270.8925000000002,1270.9985,1269.9975,1270.76
2014-01-24 12:00:00,1270.723,1272.6715000000002,1270.4750000000001,1271.949
2014-01-24 12:15:00,1271.9315,1272.3635,1270.279,1270.628
2014-01-24 12:30:00,1270.613,1270.7075,1268.5265000000002,1269.2015000000001
2014-01-24 12:45:00,1269.198,1269.8004999999998,1268.726,1269.6225
2014-01-24 13:00:00,1269.6055000000001,1271.242,1269.304,1269.5865000000001
2014-01-24 13:15:00,1269.5745,1269.5745,1266.2694999999999,1266.775
2014-01-24 13:30:00,1266.715,1267.46,1264.535,1267.2575
2014-01-24 13:45:00,1267.2525,1267.6805,1265.7990000000002,1267.5835
2014-01-24 14:00:00,1267.597,1268.2404999999999,1266.2185000000002,1267.6825000000001
2014-01-24 14:15:00,1267.6615,1267.7769999999998,1264.8205,1265.8384999999998
2014-01-24 14:30:00,1265.8535000000002,1270.2085,1265.8394999999998,1269.6999999999998
2014-01-24 14:45:00,1269.7099999999998,1270.4245,1266.7935,1267.3235
2014-01-24 15:00:00,1267.334,1268.8045,1266.39,1268.653
2014-01-24 15:15:00,1268.6634999999999,1269.6035,1267.2475,1267.919
2014-01-24 15:30:00,1267.934,1268.366,1267.2169999999999,1268.1664999999998
2014-01-24 15:45:00,1268.1685,1268.6589999999999,1265.71,1266.563
2014-01-24 16:00:00,1266.5575000000001,1267.6825000000001,1265.7605,1267.0134999999998
2014-01-24 16:15:00,1266.9785000000002,1267.7735,1266.4815,1266.804
2014-01-24 16:30:00,1266.8015,1267.212,1260.808,1262.0915
2014-01-24 16:45:00,1262.076,1263.2995,1260.8505,1262.0925
2014-01-24 17:00:00,1262.0529999999999,1263.967,1261.5539999999999,1263.1364999999998
2014-01-24 17:15:00,1263.1405,1263.7985,1262.855,1263.7145
2014-01-24 17:30:00,1263.731,1264.274,1262.9115,1263.8854999999999
2014-01-24 17:45:00,1263.9044999999999,1264.558,1261.4455,1262.5995
2014-01-24 18:00:00,1262.5975,1264.0135,1262.3339999999998,1263.7685000000001
2014-01-24 18:15:00,1263.7844999999998,1264.94,1263.2625,1264.7305
2014-01-24 18:30:00,1264.7975000000001,1265.6655,1263.9835,1264.194
2014-01-24 18:45:00,1264.1695,1265.0995,1263.6075,1264.9764999999998
2014-01-24 19:00:00,1264.9944999999998,1265.3755,1263.625,1264.837
2014-01-24 19:15:00,1264.824,1265.2795,1264.1275,1264.7745
2014-01-24 19:30:00,1264.7945,1265.4534999999998,1264.1735,1264.4685
2014-01-24 19:45:00,1264.4735,1265.934,1264.104,1265.8125
2014-01-24 20:00:00,1265.8000000000002,1268.117,1265.8000000000002,1268.112
2014-01-24 20:15:00,1268.117,1269.2869999999998,1267.9,1267.9759999999999
2014-01-24 20:30:00,1267.96,1268.1239999999998,1266.9814999999999,1267.889
2014-01-24 20:45:00,1267.9,1269.089,1267.7140000000002,1268.673
2014-01-24 21:00:00,1268.693,1268.8029999999999,1267.45,1267.9705000000001
2014-01-24 21:15:00,1267.9755,1269.0645,1267.8149999999998,1268.9499999999998
2014-01-24 21:30:00,1268.9395,1269.205,1268.7305,1269.0049999999999
2014-01-24 21:45:00,1269.0455,1270.2795,1269.0455,1270.0849999999998
2014-01-26 23:00:00,1270.285,1272.6695,1269.9795,1271.7475
2014-01-26 23:15:00,1271.7335,1273.487,1271.6580000000001,1272.19
2014-01-26 23:30:00,1272.1815,1273.045,1271.962,1272.882
2014-01-26 23:45:00,1272.8985000000002,1279.27,1272.4685000000002,1275.6254999999999
2014-01-27 01:00:00,1272.4679999999998,1273.2189999999998,1270.7740000000001,1271.792
2014-01-27 01:15:00,1271.776,1271.776,1270.9785,1271.348
2014-01-27 01:30:00,1271.3555,1271.779,1271.0125,1271.1125
2014-01-27 01:45:00,1271.1025,1273.376,1271.0829999999999,1273.0935
2014-01-27 02:00:00,1273.0865,1274.1715,1273.0865,1273.845
2014-01-27 02:15:00,1273.856,1274.502,1273.301,1274.491
2014-01-27 02:30:00,1274.4990000000003,1275.1105,1273.497,1273.8509999999999
2014-01-27 02:45:00,1273.861,1273.9915,1272.5605,1272.9050000000002
2014-01-27 03:00:00,1272.939,1273.811,1272.528,1273.811
2014-01-27 03:15:00,1273.772,1274.0214999999998,1273.409,1273.761
2014-01-27 03:30:00,1273.749,1273.749,1273.384,1273.431
2014-01-27 03:45:00,1273.484,1273.529,1271.493,1271.739
2014-01-27 04:00:00,1271.754,1272.3220000000001,1271.321,1271.388
2014-01-27 04:15:00,1271.396,1271.6085,1270.755,1271.602
2014-01-27 04:30:00,1271.587,1272.068,1271.3329999999999,1271.973
2014-01-27 04:45:00,1271.99,1272.036,1271.023,1271.024
2014-01-27 05:00:00,1271.037,1272.0195,1271.037,1271.906
2014-01-27 05:15:00,1271.8909999999998,1272.0510000000002,1271.556,1271.6889999999999
2014-01-27 05:30:00,1271.6570000000002,1272.3935000000001,1271.6570000000002,1271.828
2014-01-27 05:45:00,1271.84,1272.018,1271.4035,1271.4560000000001
2014-01-27 06:00:00,1271.4315,1271.893,1270.8155,1271.4089999999999
2014-01-27 06:15:00,1271.423,1271.456,1269.265,1269.3729999999998
2014-01-27 06:30:00,1269.35,1270.2345,1268.856,1270.001
2014-01-27 06:45:00,1269.9845,1270.0335,1268.416,1268.5349999999999
2014-01-27 07:00:00,1268.5490000000002,1268.738,1267.5115,1267.5865
2014-01-27 07:15:00,1267.6065,1268.5404999999998,1266.9435,1268.5140000000001
2014-01-27 07:30:00,1268.52,1269.4005,1268.2414999999999,1268.7160000000001
2014-01-27 07:45:00,1268.729,1268.7549999999999,1267.6155,1267.648
2014-01-27 08:00:00,1267.6580000000001,1268.33,1266.374,1268.068
2014-01-27 08:15:00,1268.076,1270.0185000000001,1267.7060000000001,1269.186
2014-01-27 08:30:00,1269.194,1270.0115,1268.353,1269.0004999999999
2014-01-27 08:45:00,1269.0049999999999,1269.0925,1267.713,1267.843
2014-01-27 09:00:00,1267.83,1268.9084999999998,1266.8945,1268.7185
2014-01-27 09:15:00,1268.6785,1269.8285,1268.3785,1269.2245
2014-01-27 09:30:00,1269.2785000000001,1269.915,1268.3535,1269.4615000000001
2014-01-27 09:45:00,1269.4565,1272.6085,1268.9499999999998,1271.156
2014-01-27 10:00:00,1271.1665,1271.3165,1269.435,1269.8215
2014-01-27 10:15:00,1269.8385,1270.6915,1269.0715,1269.457
2014-01-27 10:30:00,1269.4475,1270.8315,1269.3229999999999,1270.5265000000002
2014-01-27 10:45:00,1270.5194999999999,1270.533,1266.758,1267.1465
2014-01-27 11:00:00,1267.1265,1268.4615000000001,1267.086,1267.8215
2014-01-27 11:15:00,1267.8715,1268.2685,1266.3564999999999,1267.3715
2014-01-27 11:30:00,1267.366,1267.436,1265.576,1266.5435
2014-01-27 11:45:00,1266.5485,1266.9135,1263.5815,1264.2250000000001
2014-01-27 12:00:00,1264.237,1264.237,1262.788,1263.1585
2014-01-27 12:15:00,1263.154,1264.5175,1263.0995,1263.2665
2014-01-27 12:30:00,1263.2715,1264.5765000000001,1262.8220000000001,1264.4315
2014-01-27 12:45:00,1264.45,1264.915,1263.647,1264.443
2014-01-27 13:00:00,1264.45,1265.2375,1264.098,1264.9295
2014-01-27 13:15:00,1264.921,1265.5715,1258.7445,1260.3249999999998
2014-01-27 13:30:00,1260.3375,1261.876,1259.9959999999999,1261.501
2014-01-27 13:45:00,1261.5089999999998,1261.7355,1260.572,1261.4115000000002
2014-01-27 14:00:00,1261.4255,1263.2865,1260.8165,1262.9915
2014-01-27 14:15:00,1262.983,1263.091,1260.7915,1261.6254999999999
2014-01-27 14:30:00,1261.691,1262.0265,1257.92,1258.426
2014-01-27 14:45:00,1258.436,1259.5645,1257.3795,1259.2549999999999
2014-01-27 15:00:00,1259.2504999999999,1261.7065,1259.1950000000002,1261.7065
2014-01-27 15:15:00,1261.7160000000001,1262.7604999999999,1260.286,1261.6755
2014-01-27 15:30:00,1261.6205,1261.6205,1259.801,1259.9065
2014-01-27 15:45:00,1259.9335,1262.4655,1259.0115,1261.7359999999999
2014-01-27 16:00:00,1261.7065,1262.4755,1260.2060000000001,1261.2565
2014-01-27 16:15:00,1261.2585,1261.341,1259.4745,1259.9765
2014-01-27 16:30:00,1259.9795,1262.3284999999998,1259.8885,1261.2715
2014-01-27 16:45:00,1261.2705,1263.4175,1260.867,1263.4175
2014-01-27 17:00:00,1263.43,1264.0345,1263.239,1263.339
2014-01-27 17:15:00,1263.3315,1265.1645,1263.2540000000001,1264.2955000000002
2014-01-27 17:30:00,1264.3145,1264.8385,1264.2,1264.329
2014-01-27 17:45:00,1264.3045000000002,1265.9199999999998,1264.2154999999998,1264.5625
2014-01-27 18:00:00,1264.5725,1264.9345,1262.4555,1262.4555
2014-01-27 18:15:00,1262.4455,1263.8695,1261.6805,1263.293
2014-01-27 18:30:00,1263.27,1263.4319999999998,1260.1745,1260.577
2014-01-27 18:45:00,1260.565,1260.8525,1258.6935,1260.2555
2014-01-27 19:00:00,1260.249,1260.2905,1254.8885,1254.8970000000002
2014-01-27 19:15:00,1254.8919999999998,1254.9015000000002,1252.8939999999998,1253.574
2014-01-27 19:30:00,1253.5765,1254.2315,1252.1215,1253.895
2014-01-27 19:45:00,1253.8995,1254.167,1252.5945,1252.711
2014-01-27 20:00:00,1252.7205000000001,1254.05,1252.6589999999999,1253.011
2014-01-27 20:15:00,1253.032,1254.638,1253.032,1254.556
2014-01-27 20:30:00,1254.5314999999998,1255.611,1254.0990000000002,1255.451
2014-01-27 20:45:00,1255.4515000000001,1256.129,1254.3700000000001,1254.401
2014-01-27 21:00:00,1254.4115,1256.0120000000002,1254.4115,1255.3039999999999
2014-01-27 21:15:00,1255.3000000000002,1255.479,1255.0085,1255.2685000000001
2014-01-27 21:30:00,1255.2935,1256.544,1255.2614999999998,1256.374
2014-01-27 21:45:00,1256.3845000000001,1257.0785,1256.3845000000001,1257.0065
2014-01-27 22:00:00,1256.9965,1257.036,1256.9965,1257.036
2014-01-27 23:00:00,1254.905,1256.0594999999998,1254.8600000000001,1255.768
2014-01-27 23:15:00,1255.7375,1255.9285,1255.182,1255.8890000000001
2014-01-27 23:30:00,1255.8690000000001,1256.945,1255.725,1256.918
2014-01-27 23:45:00,1256.914,1258.2315,1256.662,1258.223
2014-01-28 01:00:00,1256.123,1257.809,1256.1064999999999,1257.6979999999999
2014-01-28 01:15:00,1257.666,1258.2060000000001,1257.0330000000001,1257.779
2014-01-28 01:30:00,1257.785,1258.342,1257.771,1258.228
2014-01-28 01:45:00,1258.193,1258.3545000000001,1257.7649999999999,1258.3185
2014-01-28 02:00:00,1258.3115,1259.026,1258.3115,1258.945
2014-01-28 02:15:00,1258.9565,1259.23,1256.4,1258.982
2014-01-28 02:30:00,1258.972,1259.1470000000002,1258.06,1258.24
2014-01-28 02:45:00,1258.23,1258.455,1257.527,1257.6425
2014-01-28 03:00:00,1257.6270000000002,1258.953,1257.568,1258.629
2014-01-28 03:15:00,1258.6345,1258.6435,1257.953,1258.0149999999999
2014-01-28 03:30:00,1257.9969999999998,1258.0310000000002,1257.2735,1257.407
2014-01-28 03:45:00,1257.4005,1257.819,1256.3395,1256.562
2014-01-28 04:00:00,1256.552,1256.8775,1256.208,1256.5095
2014-01-28 04:15:00,1256.517,1257.31,1256.4119999999998,1256.8449999999998
2014-01-28 04:30:00,1256.8329999999999,1257.6399999999999,1256.7779999999998,1257.3139999999999
2014-01-28 04:45:00,1257.3075,1257.6354999999999,1257.307,1257.556
2014-01-28 05:00:00,1257.5320000000002,1258.7740000000001,1257.5320000000002,1258.177
2014-01-28 05:15:00,1258.1985,1259.2659999999998,1258.166,1258.7175
2014-01-28 05:30:00,1258.718,1259.517,1258.3819999999998,1259.2469999999998
2014-01-28 05:45:00,1259.2169999999999,1260.137,1259.1339999999998,1260.0425
2014-01-28 06:00:00,1260.0294999999999,1261.1844999999998,1259.873,1259.9745
2014-01-28 06:15:00,1259.9544999999998,1260.007,1259.2649999999999,1259.6544999999999
2014-01-28 06:30:00,1259.7035,1260.6305,1258.8545,1260.1695
2014-01-28 06:45:00,1260.1845,1260.3944999999999,1259.1275,1259.2595
2014-01-28 07:00:00,1259.2495,1259.7795,1258.218,1258.3985
2014-01-28 07:15:00,1258.385,1258.9395,1257.6325000000002,1257.6325000000002
2014-01-28 07:30:00,1257.6345,1257.8095,1256.4495000000002,1256.8194999999998
2014-01-28 07:45:00,1256.8355000000001,1257.1525000000001,1256.3395,1256.8300000000002
2014-01-28 08:00:00,1256.8419999999999,1258.7295,1256.647,1257.36
2014-01-28 08:15:00,1257.3695,1257.555,1255.4470000000001,1255.725
2014-01-28 08:30:00,1255.715,1256.0310000000002,1253.861,1255.6844999999998
2014-01-28 08:45:00,1255.6550000000002,1256.2845,1254.9265,1255.867
2014-01-28 09:00:00,1255.8865,1256.7625,1255.395,1255.851
2014-01-28 09:15:00,1255.841,1255.9085,1253.9205,1255.1505
2014-01-28 09:30:00,1255.145,1255.564,1253.9095,1254.1805
2014-01-28 09:45:00,1254.1885,1254.94,1253.5105,1254.643
2014-01-28 10:00:00,1254.628,1254.8680000000002,1253.4395,1253.7214999999999
2014-01-28 10:15:00,1253.6465,1254.444,1252.779,1253.0465
2014-01-28 10:30:00,1253.0565,1255.0330000000001,1252.9295000000002,1254.4
2014-01-28 10:45:00,1254.41,1254.5795,1253.7839999999999,1254.4375
2014-01-28 11:00:00,1254.4435,1255.4234999999999,1254.4435,1255.4085
2014-01-28 11:15:00,1255.403,1256.624,1255.3305,1256.578
2014-01-28 11:30:00,1256.5925,1256.6235,1255.3645,1255.4945
2014-01-28 11:45:00,1255.5095000000001,1255.8245,1254.4184999999998,1254.8449999999998
2014-01-28 12:00:00,1254.8494999999998,1255.08,1253.6015,1254.4869999999999
2014-01-28 12:15:00,1254.481,1254.894,1254.2345,1254.6085
2014-01-28 12:30:00,1254.625,1256.6945,1254.6205,1256.6945
2014-01-28 12:45:00,1256.7095,1258.0605,1256.511,1256.633
2014-01-28 13:00:00,1256.653,1257.1919999999998,1255.3695,1256.0220000000002
2014-01-28 13:15:00,1256.0525,1256.4505000000001,1253.9099999999999,1254.21
2014-01-28 13:30:00,1254.1905,1259.5225,1253.78,1258.0069999999998
2014-01-28 13:45:00,1258.0005,1261.58,1256.998,1258.9105
2014-01-28 14:00:00,1258.95,1259.2095,1258.1895,1258.769
2014-01-28 14:15:00,1258.7540000000001,1259.01,1258.0860000000002,1258.6965
2014-01-28 14:30:00,1258.6945,1259.2794999999999,1256.575,1256.679
2014-01-28 14:45:00,1256.68,1256.782,1248.9155,1251.0905
2014-01-28 15:00:00,1251.096,1253.027,1249.7345,1252.5089999999998
2014-01-28 15:15:00,1252.5085000000001,1252.8505,1251.1005,1251.1005
2014-01-28 15:30:00,1251.1595,1251.9955,1249.5075,1251.7154999999998
2014-01-28 15:45:00,1251.7389999999998,1252.8,1251.7105000000001,1252.3205
2014-01-28 16:00:00,1252.3275,1253.3864999999998,1251.1355,1253.0095
2014-01-28 16:15:00,1252.9845,1253.6995000000002,1252.675,1252.675
2014-01-28 16:30:00,1252.685,1252.685,1251.3854999999999,1251.86
2014-01-28 16:45:00,1251.8465,1252.96,1251.7955000000002,1252.0544999999997
2014-01-28 17:00:00,1252.042,1252.776,1252.0295,1252.6905
2014-01-28 17:15:00,1252.6885,1252.7555,1252.3455000000001,1252.5804999999998
2014-01-28 17:30:00,1252.5604999999998,1252.7250000000001,1251.4005000000002,1251.7255
2014-01-28 17:45:00,1251.7154999999998,1251.874,1250.5995,1250.651
2014-01-28 18:00:00,1250.636,1251.2405,1250.4355,1250.6
2014-01-28 18:15:00,1250.54,1251.1055,1249.9455,1250.5205
2014-01-28 18:30:00,1250.5355000000002,1250.7404999999999,1249.3955,1250.7404999999999
2014-01-28 18:45:00,1250.724,1251.278,1250.5510000000002,1251.0845
2014-01-28 19:00:00,1251.0855,1251.2335,1250.3084999999999,1250.4745
2014-01-28 19:15:00,1250.4275,1251.211,1250.111,1251.0835
2014-01-28 19:30:00,1251.076,1252.017,1251.0120000000002,1252.017
2014-01-28 19:45:00,1252.0175,1252.0775,1251.0525,1251.7479999999998
2014-01-28 20:00:00,1251.793,1251.967,1251.547,1251.75
2014-01-28 20:15:00,1251.7445,1252.9499999999998,1251.45,1252.75
2014-01-28 20:30:00,1252.7,1254.5535,1252.45,1254.55
2014-01-28 20:45:00,1254.569,1254.95,1253.79,1254.4499999999998
2014-01-28 21:00:00,1254.4464999999998,1254.75,1253.7655,1254.6789999999999
2014-01-28 21:15:00,1254.6625000000001,1254.95,1254.4895000000001,1254.578
2014-01-28 21:30:00,1254.5819999999999,1256.689,1254.5235,1256.4910000000002
2014-01-28 21:45:00,1256.481,1256.92,1256.195,1256.877
2014-01-28 22:00:00,1256.897,1256.9185,1256.897,1256.914
2014-01-28 23:00:00,1255.95,1256.0,1249.085,1253.2995
2014-01-28 23:15:00,1253.2855,1254.4844999999998,1252.3374999999999,1253.7575
2014-01-28 23:30:00,1253.7355000000002,1253.9845,1251.6585,1252.5034999999998
2014-01-28 23:45:00,1252.491,1253.389,1252.1989999999998,1252.68
2014-01-29 01:00:00,1253.119,1253.2920000000001,1252.5829999999999,1252.9199999999998
2014-01-29 01:15:00,1252.9309999999998,1253.359,1252.6665,1253.182
2014-01-29 01:30:00,1253.202,1253.2060000000001,1252.3500000000001,1252.5369999999998
2014-01-29 01:45:00,1252.5189999999998,1253.3049999999998,1252.5140000000001,1252.9009999999998
2014-01-29 02:00:00,1252.895,1253.652,1252.359,1252.9959999999999
2014-01-29 02:15:00,1253.014,1253.4935,1252.681,1253.029
2014-01-29 02:30:00,1253.0294999999999,1253.7324999999998,1252.9835,1253.2245
2014-01-29 02:45:00,1253.198,1253.4879999999998,1253.1245000000001,1253.198
2014-01-29 03:00:00,1253.1924999999999,1253.473,1252.9859999999999,1253.176
2014-01-29 03:15:00,1253.191,1253.552,1253.132,1253.132
2014-01-29 03:30:00,1253.1395,1253.748,1252.78,1253.7269999999999
2014-01-29 03:45:00,1253.734,1254.0710000000001,1253.0545,1253.83
2014-01-29 04:00:00,1253.809,1254.1475,1252.9524999999999,1253.382
2014-01-29 04:15:00,1253.3754999999999,1254.011,1253.28,1254.0095000000001
2014-01-29 04:30:00,1253.9695,1253.9965,1252.9595,1253.066
2014-01-29 04:45:00,1253.045,1253.2734999999998,1252.7655,1253.2535
2014-01-29 05:00:00,1253.2605,1253.5515,1252.819,1253.5320000000002
2014-01-29 05:15:00,1253.526,1254.054,1253.455,1253.7230000000002
2014-01-29 05:30:00,1253.7369999999999,1253.8215,1253.198,1253.4525
2014-01-29 05:45:00,1253.4625,1254.002,1253.425,1253.8075
2014-01-29 06:00:00,1253.7904999999998,1254.269,1253.7745,1254.198
2014-01-29 06:15:00,1254.208,1255.585,1254.098,1255.442
2014-01-29 06:30:00,1255.457,1256.1145,1255.2160000000001,1255.6284999999998
2014-01-29 06:45:00,1255.6185,1256.2945,1254.9015000000002,1256.1145
2014-01-29 07:00:00,1256.0894999999998,1256.1399999999999,1254.94,1255.357
2014-01-29 07:15:00,1255.3429999999998,1255.3925,1255.0295,1255.2145
2014-01-29 07:30:00,1255.204,1255.4634999999998,1253.538,1253.6645
2014-01-29 07:45:00,1253.688,1253.806,1252.4145,1253.096
2014-01-29 08:00:00,1253.076,1253.633,1251.6515,1251.9865
2014-01-29 08:15:00,1251.9965,1252.8500000000001,1251.0845,1251.1045
2014-01-29 08:30:00,1251.076,1253.7555000000002,1251.07,1253.595
2014-01-29 08:45:00,1253.555,1253.732,1252.8345000000002,1252.985
2014-01-29 09:00:00,1252.975,1255.1200000000001,1252.8749999999998,1254.429
2014-01-29 09:15:00,1254.4270000000001,1255.1019999999999,1254.01,1254.6215
2014-01-29 09:30:00,1254.619,1255.2939999999999,1254.2345,1254.36
2014-01-29 09:45:00,1254.368,1255.0165,1254.2015,1254.7865
2014-01-29 10:00:00,1254.7765,1255.3315000000002,1254.4715,1254.7515
2014-01-29 10:15:00,1254.7315,1255.406,1254.4965,1254.7615
2014-01-29 10:30:00,1254.7965,1255.719,1254.4914999999999,1254.9115000000002
2014-01-29 10:45:00,1254.9354999999998,1258.1465,1254.7615,1257.6444999999999
2014-01-29 11:00:00,1257.6464999999998,1257.9365,1256.7215,1257.5565000000001
2014-01-29 11:15:00,1257.5465000000002,1257.6315000000002,1256.7725,1257.322
2014-01-29 11:30:00,1257.348,1259.193,1257.348,1258.2365
2014-01-29 11:45:00,1258.2695,1260.793,1258.1065,1260.23
2014-01-29 12:00:00,1260.25,1262.1165,1260.25,1260.9175
2014-01-29 12:15:00,1260.9155,1261.9150000000002,1259.6505,1259.7485
2014-01-29 12:30:00,1259.7405,1260.5235,1258.721,1259.5735000000002
2014-01-29 12:45:00,1259.5635000000002,1263.3715,1259.1995000000002,1262.3915
2014-01-29 13:00:00,1262.406,1262.5095,1260.2605,1261.906
2014-01-29 13:15:00,1261.8945,1264.9954999999998,1261.0805,1263.934
2014-01-29 13:30:00,1263.9795,1266.4695,1263.4859999999999,1265.3759999999997
2014-01-29 13:45:00,1265.3845000000001,1269.203,1265.2205,1266.9834999999998
2014-01-29 14:00:00,1266.9934999999998,1268.329,1266.012,1266.9634999999998
2014-01-29 14:15:00,1266.9705000000001,1267.6885,1265.6975,1267.2885
2014-01-29 14:30:00,1267.2865,1268.6775,1265.5085,1266.0885
2014-01-29 14:45:00,1266.0785,1266.285,1263.0559999999998,1263.8384999999998
2014-01-29 15:00:00,1263.846,1264.8065,1263.346,1264.6619999999998
2014-01-29 15:15:00,1264.6750000000002,1266.8235,1264.329,1266.346
2014-01-29 15:30:00,1266.3315,1266.6174999999998,1264.1055,1264.2055
2014-01-29 15:45:00,1264.2205000000001,1265.9215,1263.5480000000002,1263.874
2014-01-29 16:00:00,1263.8809999999999,1265.5055,1263.6425,1264.8185
2014-01-29 16:15:00,1264.7995,1265.5495,1264.1109999999999,1264.6100000000001
2014-01-29 16:30:00,1264.6550000000002,1266.0175000000002,1264.2614999999998,1264.9875000000002
2014-01-29 16:45:00,1264.9625,1265.0124999999998,1264.002,1264.1055
2014-01-29 17:00:00,1264.0955,1264.0955,1261.263,1262.862
2014-01-29 17:15:00,1262.868,1263.1695,1261.493,1262.9485
2014-01-29 17:30:00,1262.9535,1263.342,1261.9219999999998,1262.2765000000002
2014-01-29 17:45:00,1262.2615,1262.67,1261.4850000000001,1261.9444999999998
2014-01-29 18:00:00,1261.9545,1262.5065,1261.5314999999998,1261.6715
2014-01-29 18:15:00,1261.6595,1262.873,1261.5545000000002,1262.173
2014-01-29 18:30:00,1262.148,1264.1815,1262.128,1263.4855
2014-01-29 18:45:00,1263.5865,1269.0000000000002,1263.2314999999999,1266.2150000000001
2014-01-29 19:00:00,1266.2749999999999,1267.561,1256.3210000000001,1264.306
2014-01-29 19:15:00,1264.2785,1266.905,1259.9665,1262.22
2014-01-29 19:30:00,1262.2125,1263.8159999999998,1261.761,1263.0984999999998
2014-01-29 19:45:00,1263.0735,1265.8660000000002,1263.0035,1265.636
2014-01-29 20:00:00,1265.6315,1268.311,1263.5755,1267.1435
2014-01-29 20:15:00,1267.1185,1267.26,1265.1409999999998,1266.876
2014-01-29 20:30:00,1266.851,1268.076,1266.051,1266.751
2014-01-29 20:45:00,1266.726,1270.241,1266.014,1270.007
2014-01-29 21:00:00,1269.999,1270.035,1267.4199999999998,1268.1285
2014-01-29 21:15:00,1268.0985,1269.03,1267.666,1268.9025000000001
2014-01-29 21:30:00,1268.8895,1270.0055,1268.8195,1268.823
2014-01-29 21:45:00,1268.811,1268.811,1267.3300000000002,1267.4199999999998
2014-01-29 22:00:00,1267.543,1267.873,1267.543,1267.873
2014-01-29 23:00:00,1266.5655000000002,1267.8845000000001,1266.46,1267.5485
2014-01-29 23:15:00,1267.5525,1267.7900000000002,1267.3725000000002,1267.4075
2014-01-29 23:30:00,1267.3964999999998,1267.4685,1266.796,1266.8605
2014-01-29 23:45:00,1266.8665,1267.592,1266.795,1266.8055000000002
2014-01-30 01:00:00,1266.9235,1266.9235,1265.1135,1265.1299999999999
2014-01-30 01:15:00,1265.138,1265.4265,1264.124,1265.1245
2014-01-30 01:30:00,1265.0345,1265.1485,1264.6055000000001,1264.625
2014-01-30 01:45:00,1264.6194999999998,1264.829,1263.771,1263.9195
2014-01-30 02:00:00,1263.9295,1264.1970000000001,1262.5945,1262.7140000000002
2014-01-30 02:15:00,1262.7234999999998,1263.718,1262.561,1263.091
2014-01-30 02:30:00,1263.0684999999999,1263.704,1262.842,1263.313
2014-01-30 02:45:00,1263.293,1263.317,1262.6785000000002,1262.878
2014-01-30 03:00:00,1262.8880000000001,1263.195,1261.6565,1261.719
2014-01-30 03:15:00,1261.709,1262.932,1261.6965,1262.4855
2014-01-30 03:30:00,1262.4655,1262.9295,1262.327,1262.9075
2014-01-30 03:45:00,1262.8775,1263.27,1262.3725,1262.6840000000002
2014-01-30 04:00:00,1262.6570000000002,1262.6570000000002,1261.6105,1262.1125
2014-01-30 04:15:00,1262.09,1262.182,1261.3464999999999,1261.8455000000001
2014-01-30 04:30:00,1261.891,1263.2935,1261.8120000000001,1263.2875000000001
2014-01-30 04:45:00,1263.2785000000001,1263.925,1262.6175,1262.8605
2014-01-30 05:00:00,1262.869,1263.2485,1262.588,1263.2095
2014-01-30 05:15:00,1263.2545,1263.3700000000001,1263.0279999999998,1263.2545
2014-01-30 05:30:00,1263.2625,1264.119,1263.0610000000001,1263.8294999999998
2014-01-30 05:45:00,1263.8214999999998,1264.218,1263.191,1263.4779999999998
2014-01-30 06:00:00,1263.4709999999998,1263.5345000000002,1262.796,1263.211
2014-01-30 06:15:00,1263.2,1263.3065,1262.617,1263.3065
2014-01-30 06:30:00,1263.2895,1263.5135,1262.9215,1263.401
2014-01-30 06:45:00,1263.407,1263.419,1261.895,1261.9344999999998
2014-01-30 07:00:00,1261.9315000000001,1261.9334999999999,1260.7749999999999,1260.949
2014-01-30 07:15:00,1260.934,1261.0355,1257.5245,1258.3580000000002
2014-01-30 07:30:00,1258.245,1258.771,1257.08,1258.233
2014-01-30 07:45:00,1258.2295,1258.233,1255.485,1257.118
2014-01-30 08:00:00,1257.1225,1257.9145,1255.6764999999998,1257.8284999999998
2014-01-30 08:15:00,1257.8184999999999,1258.33,1256.6695,1257.4085
2014-01-30 08:30:00,1257.4475,1258.4105000000002,1256.8294999999998,1257.5900000000001
2014-01-30 08:45:00,1257.5655000000002,1258.28,1257.1095,1257.7415
2014-01-30 09:00:00,1257.7255,1259.47,1257.3765,1258.0905
2014-01-30 09:15:00,1258.0455000000002,1258.5339999999999,1257.5890000000002,1257.6395
2014-01-30 09:30:00,1257.6064999999999,1257.665,1256.3894999999998,1256.4299999999998
2014-01-30 09:45:00,1256.4105,1257.2949999999998,1254.0904999999998,1254.2105
2014-01-30 10:00:00,1254.1450000000002,1255.64,1253.935,1254.88
2014-01-30 10:15:00,1254.899,1255.2409999999998,1253.3874999999998,1253.93
2014-01-30 10:30:00,1253.952,1254.946,1253.0004999999999,1253.6035
2014-01-30 10:45:00,1253.6055000000001,1255.6805000000002,1253.6035,1255.469
2014-01-30 11:00:00,1255.4735,1255.54,1254.5515,1254.9125
2014-01-30 11:15:00,1254.917,1255.2794999999999,1254.4004999999997,1254.828
2014-01-30 11:30:00,1254.8195,1255.2779999999998,1254.197,1254.371
2014-01-30 11:45:00,1254.3765,1255.6699999999998,1254.2804999999998,1255.0815
2014-01-30 12:00:00,1255.1009999999999,1256.6154999999999,1255.1009999999999,1255.557
2014-01-30 12:15:00,1255.579,1256.016,1254.833,1255.4955
2014-01-30 12:30:00,1255.4935,1256.548,1255.07,1255.5165
2014-01-30 12:45:00,1255.5225,1255.6509999999998,1254.4904999999999,1254.638
2014-01-30 13:00:00,1254.6335,1255.03,1251.0494999999999,1252.3605
2014-01-30 13:15:00,1252.363,1253.0,1243.4035,1244.7250000000001
2014-01-30 13:30:00,1244.71,1246.615,1241.866,1242.9075
2014-01-30 13:45:00,1242.9125,1242.9125,1238.6950000000002,1241.5235
2014-01-30 14:00:00,1241.5534999999998,1242.247,1239.525,1239.716
2014-01-30 14:15:00,1239.6665,1241.38,1238.1865,1241.0915
2014-01-30 14:30:00,1241.0815,1244.2015000000001,1241.0765000000001,1244.141
2014-01-30 14:45:00,1244.1465,1244.902,1242.2265,1242.845
2014-01-30 15:00:00,1242.7289999999998,1245.7045,1242.0815,1245.5345
2014-01-30 15:15:00,1245.5504999999998,1246.853,1243.3015,1243.4815
2014-01-30 15:30:00,1243.4665,1243.9810000000002,1242.4040000000002,1243.6915
2014-01-30 15:45:00,1243.6715,1243.9035000000001,1242.0465,1243.2965
2014-01-30 16:00:00,1243.3055,1243.3965,1241.2265000000002,1241.431
2014-01-30 16:15:00,1241.4245,1242.1154999999999,1240.765,1241.269
2014-01-30 16:30:00,1241.2645,1242.1815,1240.54,1242.0684999999999
2014-01-30 16:45:00,1242.0635,1243.9865000000002,1242.0145,1243.9865000000002
2014-01-30 17:00:00,1243.9615,1245.829,1243.7615,1244.0565
2014-01-30 17:15:00,1244.079,1245.5745,1244.079,1245.5445000000002
2014-01-30 17:30:00,1245.5545000000002,1246.0,1242.9370000000001,1242.98
2014-01-30 17:45:00,1242.9735,1244.2654999999997,1242.1675,1244.0565
2014-01-30 18:00:00,1244.0685,1244.8115000000003,1243.229,1243.9095
2014-01-30 18:15:00,1243.9254999999998,1243.9595000000002,1242.2205,1242.6415
2014-01-30 18:30:00,1242.6445,1244.673,1242.6195,1243.7835
2014-01-30 18:45:00,1243.7785,1243.9499999999998,1243.0615,1243.9499999999998
2014-01-30 19:00:00,1243.9695000000002,1246.0964999999999,1243.9695000000002,1246.0885
2014-01-30 19:15:00,1246.079,1246.079,1245.0230000000001,1245.0330000000001
2014-01-30 19:30:00,1245.048,1245.078,1244.2455,1244.653
2014-01-30 19:45:00,1244.6615,1245.3595,1244.657,1244.844
2014-01-30 20:00:00,1244.864,1245.101,1244.132,1244.2555
2014-01-30 20:15:00,1244.3100000000002,1244.5105,1243.22,1243.5729999999999
2014-01-30 20:30:00,1243.6005000000002,1243.7015,1243.002,1243.5780000000002
2014-01-30 20:45:00,1243.58,1243.8980000000001,1242.3305,1242.583
2014-01-30 21:00:00,1242.5715,1243.647,1242.5715,1243.343
2014-01-30 21:15:00,1243.307,1244.106,1242.986,1243.871
2014-01-30 21:30:00,1243.8645000000001,1243.9170000000001,1243.5145,1243.581
2014-01-30 21:45:00,1243.594,1243.985,1243.5040000000001,1243.76
2014-01-30 22:00:00,1243.74,1243.74,1243.74,1243.74
2014-01-30 23:00:00,1244.25,1244.8255,1244.0004999999999,1244.214
2014-01-30 23:15:00,1244.2235,1245.0005,1244.17,1244.875
2014-01-30 23:30:00,1244.9,1244.9,1244.078,1244.336
2014-01-30 23:45:00,1244.3239999999998,1245.317,1244.164,1244.9125
2014-01-31 01:00:00,1242.4189999999999,1242.92,1242.1209999999999,1242.92
2014-01-31 01:15:00,1242.97,1243.4975,1242.831,1243.098
2014-01-31 01:30:00,1243.088,1243.461,1242.636,1242.978
2014-01-31 01:45:00,1242.958,1243.9540000000002,1242.958,1243.468
2014-01-31 02:00:00,1243.4675,1243.632,1243.3609999999999,1243.5240000000001
2014-01-31 02:15:00,1243.5379999999998,1243.5379999999998,1243.1779999999999,1243.33
2014-01-31 02:30:00,1243.331,1243.6475,1243.1734999999999,1243.5320000000002
2014-01-31 02:45:00,1243.5295,1243.534,1242.8999999999999,1242.98
2014-01-31 03:00:00,1242.979,1243.28,1242.3700000000001,1242.4299999999998
2014-01-31 03:15:00,1242.4635,1242.7309999999998,1242.215,1242.4150000000002
2014-01-31 03:30:00,1242.435,1243.332,1242.4150000000002,1243.0720000000001
2014-01-31 03:45:00,1243.057,1243.118,1242.3600000000001,1242.4985
2014-01-31 04:00:00,1242.5085,1243.2625,1242.5085,1242.631
2014-01-31 04:15:00,1242.647,1244.161,1242.629,1244.149
2014-01-31 04:30:00,1244.161,1244.581,1242.863,1243.2559999999999
2014-01-31 04:45:00,1243.289,1244.5024999999998,1243.2490000000003,1244.002
2014-01-31 05:00:00,1244.012,1244.64,1243.779,1243.825
2014-01-31 05:15:00,1243.837,1244.6185,1243.813,1243.8690000000001
2014-01-31 05:30:00,1243.881,1244.1595,1243.58,1243.88
2014-01-31 05:45:00,1243.8680000000002,1243.882,1242.464,1242.7240000000002
2014-01-31 06:00:00,1242.737,1243.1005,1242.562,1242.876
2014-01-31 06:15:00,1242.882,1243.113,1242.634,1242.712
2014-01-31 06:30:00,1242.662,1243.2095,1242.624,1242.7614999999998
2014-01-31 06:45:00,1242.7640000000001,1243.0345,1242.561,1242.6245
2014-01-31 07:00:00,1242.6295,1243.355,1241.7295,1242.338
2014-01-31 07:15:00,1242.3535000000002,1242.6205,1240.94,1242.0365
2014-01-31 07:30:00,1242.0555,1244.2060000000001,1242.0555,1243.732
2014-01-31 07:45:00,1243.7245,1244.002,1241.5720000000001,1241.89
2014-01-31 08:00:00,1241.897,1242.2885,1238.6805,1239.9625
2014-01-31 08:15:00,1239.982,1241.56,1239.3565,1240.336
2014-01-31 08:30:00,1240.3485,1240.948,1238.6615,1239.5235
2014-01-31 08:45:00,1239.53,1241.1725000000001,1239.3965,1240.55
2014-01-31 09:00:00,1240.578,1241.2005000000001,1240.0300000000002,1240.506
2014-01-31 09:15:00,1240.513,1242.6085,1240.2060000000001,1242.3265000000001
2014-01-31 09:30:00,1242.319,1242.78,1241.8555000000001,1242.5935
2014-01-31 09:45:00,1242.6095,1244.6645,1242.4615,1242.614
2014-01-31 10:00:00,1242.6805,1243.534,1242.3165000000001,1243.422
2014-01-31 10:15:00,1243.4275,1245.78,1243.0825,1245.282
2014-01-31 10:30:00,1245.2835,1246.6635,1245.1805,1245.2415
2014-01-31 10:45:00,1245.212,1246.3405,1245.1319999999998,1245.548
2014-01-31 11:00:00,1245.5605,1246.0205,1245.139,1245.6095
2014-01-31 11:15:00,1245.658,1245.785,1244.977,1245.298
2014-01-31 11:30:00,1245.3129999999999,1248.2645,1245.2365,1247.7045
2014-01-31 11:45:00,1247.6945,1248.6795000000002,1247.26,1247.3195
2014-01-31 12:00:00,1247.3095,1248.532,1247.3095,1248.47
2014-01-31 12:15:00,1248.4695,1250.4035,1248.084,1248.8585
2014-01-31 12:30:00,1248.8319999999999,1249.3874999999998,1247.9089999999999,1248.2489999999998
2014-01-31 12:45:00,1248.2610000000002,1249.1125,1247.9225,1248.8425
2014-01-31 13:00:00,1248.83,1249.934,1248.1580000000001,1249.7969999999998
2014-01-31 13:15:00,1249.7920000000001,1253.625,1249.6785,1252.9250000000002
2014-01-31 13:30:00,1252.9655,1255.0625,1252.82,1253.027
2014-01-31 13:45:00,1253.0315,1253.5595,1251.6145,1251.6145
2014-01-31 14:00:00,1251.6515,1252.548,1251.1645,1251.2545
2014-01-31 14:15:00,1251.249,1252.5484999999999,1250.773,1251.469
2014-01-31 14:30:00,1251.4945,1252.505,1250.731,1252.47
2014-01-31 14:45:00,1252.46,1253.6000000000001,1250.7730000000001,1251.3635000000002
2014-01-31 15:00:00,1251.3249999999998,1251.4705,1246.4385,1247.3835000000001
2014-01-31 15:15:00,1247.374,1247.3835000000001,1242.972,1246.44
2014-01-31 15:30:00,1246.4195,1247.2995,1245.5159999999998,1246.3895
2014-01-31 15:45:00,1246.3495,1246.4565,1242.06,1244.2745
2014-01-31 16:00:00,1244.29,1244.4365,1241.8229999999999,1242.646
2014-01-31 16:15:00,1242.626,1242.7845000000002,1239.5295,1240.8845
2014-01-31 16:30:00,1240.8925,1243.648,1240.8104999999998,1243.0125
2014-01-31 16:45:00,1243.0620000000001,1243.687,1242.3629999999998,1242.8615
2014-01-31 17:00:00,1242.902,1242.929,1240.7455,1241.5240000000001
2014-01-31 17:15:00,1241.451,1242.8094999999998,1241.2549999999999,1242.0359999999998
2014-01-31 17:30:00,1242.0314999999998,1243.0275,1241.8,1242.0555
2014-01-31 17:45:00,1242.0349999999999,1242.0655,1240.3645000000001,1241.0695
2014-01-31 18:00:00,1241.0595,1242.077,1239.986,1240.807
2014-01-31 18:15:00,1240.785,1241.029,1239.741,1240.146
2014-01-31 18:30:00,1240.184,1241.1185,1240.0144999999998,1240.3659999999998
2014-01-31 18:45:00,1240.3595,1241.0545,1240.1,1240.1
2014-01-31 19:00:00,1240.0945,1240.5565,1239.608,1240.3415
2014-01-31 19:15:00,1240.3315,1241.054,1239.872,1241.025
2014-01-31 19:30:00,1241.0215,1241.828,1240.7855,1240.9625
2014-01-31 19:45:00,1240.9425,1241.9944999999998,1240.7745,1241.1795
2014-01-31 20:00:00,1241.1979999999999,1243.407,1241.1979999999999,1242.869
2014-01-31 20:15:00,1242.8955,1243.5320000000002,1242.597,1243.0014999999999
2014-01-31 20:30:00,1242.995,1244.233,1242.7479999999998,1243.483
2014-01-31 20:45:00,1243.503,1245.4650000000001,1243.503,1245.209
2014-01-31 21:00:00,1245.1219999999998,1245.196,1243.6209999999999,1244.3995
2014-01-31 21:15:00,1244.41,1244.7179999999998,1244.3204999999998,1244.7054999999998
2014-01-31 21:30:00,1244.75,1244.82,1244.06,1244.08
2014-01-31 21:45:00,1244.1100000000001,1244.63,1244.0255,1244.61
2014-02-02 23:00:00,1242.92,1244.3449999999998,1242.5,1243.6354999999999
2014-02-02 23:15:00,1243.6299999999999,1243.6299999999999,1242.2255,1242.75
2014-02-02 23:30:00,1242.7350000000001,1242.944,1242.578,1242.8709999999999
2014-02-02 23:45:00,1242.883,1244.1695,1242.873,1243.717
2014-02-03 01:00:00,1244.627,1245.572,1244.407,1244.57
2014-02-03 01:15:00,1244.564,1244.6745,1243.4650000000001,1243.9045
2014-02-03 01:30:00,1243.9195,1244.7620000000002,1243.668,1244.472
2014-02-03 01:45:00,1244.4615000000001,1244.9295,1244.3825,1244.923
2014-02-03 02:00:00,1244.9180000000001,1245.1229999999998,1244.599,1244.599
2014-02-03 02:15:00,1244.603,1244.945,1244.4855,1244.9144999999999
2014-02-03 02:30:00,1244.9265,1245.5649999999998,1244.6860000000001,1245.1825
2014-02-03 02:45:00,1245.1924999999999,1245.3125,1245.0185,1245.0185
2014-02-03 03:00:00,1245.025,1245.191,1244.6390000000001,1244.7279999999998
2014-02-03 03:15:00,1244.698,1245.02,1244.1390000000001,1245.0095000000001
2014-02-03 03:30:00,1245.016,1245.1164999999999,1244.5095000000001,1244.6545
2014-02-03 03:45:00,1244.6605,1244.6605,1244.1235,1244.2810000000002
2014-02-03 04:00:00,1244.2795,1244.3439999999998,1243.742,1244.1385
2014-02-03 04:15:00,1244.134,1244.191,1243.784,1244.0539999999999
2014-02-03 04:30:00,1244.074,1245.0510000000002,1244.004,1245.041
2014-02-03 04:45:00,1245.0285000000001,1245.1219999999998,1244.745,1244.847
2014-02-03 05:00:00,1244.856,1245.5104999999999,1244.579,1245.0555000000002
2014-02-03 05:15:00,1245.047,1245.9254999999998,1245.0330000000001,1245.9095000000002
2014-02-03 05:30:00,1245.9144999999999,1245.9254999999998,1245.4245,1245.6979999999999
2014-02-03 05:45:00,1245.7069999999999,1246.119,1245.1205,1246.0964999999999
2014-02-03 06:00:00,1246.082,1246.1945,1245.4875000000002,1246.095
2014-02-03 06:15:00,1246.105,1247.201,1246.0935,1247.0405
2014-02-03 06:30:00,1247.0639999999999,1247.268,1246.805,1247.018
2014-02-03 06:45:00,1246.9940000000001,1246.9940000000001,1246.148,1246.181
2014-02-03 07:00:00,1246.164,1246.3329999999999,1244.7475000000002,1244.831
2014-02-03 07:15:00,1244.841,1244.9,1244.0655,1244.3805000000002
2014-02-03 07:30:00,1244.3825,1244.3940000000002,1243.0615,1243.1644999999999
2014-02-03 07:45:00,1243.1570000000002,1243.2205,1241.8685,1241.8685
2014-02-03 08:00:00,1241.8785,1243.685,1241.8535,1243.216
2014-02-03 08:15:00,1243.2155,1243.596,1242.01,1242.18
2014-02-03 08:30:00,1242.1395,1242.46,1240.968,1242.4144999999999
2014-02-03 08:45:00,1242.4054999999998,1242.57,1241.6454999999999,1242.143
2014-02-03 09:00:00,1242.134,1243.6825,1241.9640000000002,1242.8535
2014-02-03 09:15:00,1242.8429999999998,1244.9355,1242.5805,1243.9
2014-02-03 09:30:00,1243.8700000000001,1245.0815,1243.6345,1244.405
2014-02-03 09:45:00,1244.4044999999999,1245.1100000000001,1243.681,1244.89
2014-02-03 10:00:00,1244.8345,1247.0040000000001,1244.6580000000001,1246.035
2014-02-03 10:15:00,1246.025,1246.786,1245.7955,1246.6850000000002
2014-02-03 10:30:00,1246.6905000000002,1247.87,1246.25,1246.36
2014-02-03 10:45:00,1246.4075,1246.957,1246.085,1246.665
2014-02-03 11:00:00,1246.6625000000001,1246.8600000000001,1245.6995,1246.3999999999999
2014-02-03 11:15:00,1246.4095,1246.8095,1246.2900000000002,1246.3999999999999
2014-02-03 11:30:00,1246.3905,1246.4095,1244.55,1244.8225
2014-02-03 11:45:00,1244.7780000000002,1245.2045,1244.3,1245.1284999999998
2014-02-03 12:00:00,1245.1105,1246.418,1245.1105,1245.5384999999999
2014-02-03 12:15:00,1245.5335,1249.072,1245.5335,1248.3155
2014-02-03 12:30:00,1248.27,1248.5265,1246.4625,1247.7955000000002
2014-02-03 12:45:00,1247.8345000000002,1248.6525000000001,1247.11,1247.5325
2014-02-03 13:00:00,1247.5100000000002,1248.44,1246.2510000000002,1246.77
2014-02-03 13:15:00,1246.795,1248.1095,1246.3039999999999,1246.7255000000002
2014-02-03 13:30:00,1246.724,1247.128,1245.8220000000001,1245.8719999999998
2014-02-03 13:45:00,1245.8899999999999,1247.8204999999998,1245.6655,1247.5575
2014-02-03 14:00:00,1247.5905,1249.626,1246.904,1248.1555
2014-02-03 14:15:00,1248.1555,1251.1675,1247.9165,1249.6885
2014-02-03 14:30:00,1249.6805,1250.5115,1247.983,1250.5115
2014-02-03 14:45:00,1250.4845,1251.4544999999998,1248.667,1249.0
2014-02-03 15:00:00,1249.0149999999999,1264.893,1249.0149999999999,1261.8559999999998
2014-02-03 15:15:00,1261.867,1263.232,1260.9524999999999,1261.0845000000002
2014-02-03 15:30:00,1261.0955000000001,1261.9325,1258.9545,1259.0805
2014-02-03 15:45:00,1259.0305,1263.1045,1258.9315,1262.945
2014-02-03 16:00:00,1262.9895000000001,1266.4044999999999,1262.4145,1264.0135
2014-02-03 16:15:00,1264.0335,1265.0695,1263.3115,1263.944
2014-02-03 16:30:00,1263.9375,1264.8895,1262.607,1263.2895
2014-02-03 16:45:00,1263.2685000000001,1264.6995,1263.1995,1264.4475
2014-02-03 17:00:00,1264.4445,1265.0044999999998,1261.3945,1261.478
2014-02-03 17:15:00,1261.4575,1261.7995,1258.9824999999998,1259.9080000000001
2014-02-03 17:30:00,1259.8975,1259.9205000000002,1258.16,1258.597
2014-02-03 17:45:00,1258.5910000000001,1259.68,1258.024,1259.5225
2014-02-03 18:00:00,1259.5130000000001,1259.5984999999998,1258.7165,1259.478
2014-02-03 18:15:00,1259.457,1260.8194999999998,1258.504,1259.5365000000002
2014-02-03 18:30:00,1259.789,1260.7655000000002,1259.0555,1260.0304999999998
2014-02-03 18:45:00,1260.0145,1261.3020000000001,1259.6634999999999,1260.512
2014-02-03 19:00:00,1260.502,1260.525,1258.72,1259.27
2014-02-03 19:15:00,1259.26,1260.0449999999998,1258.914,1259.3905
2014-02-03 19:30:00,1259.377,1261.744,1259.2105,1261.642
2014-02-03 19:45:00,1261.627,1261.951,1257.334,1257.474
2014-02-03 20:00:00,1257.4105,1257.452,1256.071,1256.6835
2014-02-03 20:15:00,1256.674,1257.33,1255.5195,1256.8319999999999
2014-02-03 20:30:00,1256.8210000000001,1258.357,1256.397,1258.0230000000001
2014-02-03 20:45:00,1258.0439999999999,1258.517,1257.2935000000002,1258.319
2014-02-03 21:00:00,1258.3145,1258.3145,1256.489,1256.972
2014-02-03 21:15:00,1256.97,1256.9995,1256.795,1256.9279999999999
2014-02-03 21:30:00,1256.922,1258.163,1256.8139999999999,1258.0224999999998
2014-02-03 21:45:00,1258.0269999999998,1258.3944999999999,1257.3274999999999,1257.559
2014-02-03 22:00:00,1257.5305,1257.5305,1257.461,1257.461
2014-02-03 23:00:00,1257.7949999999998,1258.21,1257.35,1257.6815
2014-02-03 23:15:00,1257.836,1257.836,1256.95,1257.6779999999999
2014-02-03 23:30:00,1257.6630000000002,1259.7124999999999,1257.555,1259.223
2014-02-03 23:45:00,1259.036,1259.9479999999999,1258.916,1259.923
2014-02-04 01:00:00,1257.2050000000002,1257.6695,1256.757,1257.6045000000001
2014-02-04 01:15:00,1257.6080000000002,1258.0300000000002,1257.4895000000001,1257.6795
2014-02-04 01:30:00,1257.6975,1257.7695,1256.8515,1257.0945
2014-02-04 01:45:00,1257.0505,1257.0895,1256.4499999999998,1257.0895
2014-02-04 02:00:00,1257.089,1257.089,1256.2305,1256.3025
2014-02-04 02:15:00,1256.2995,1256.8940000000002,1256.2795,1256.804
2014-02-04 02:30:00,1256.8094999999998,1257.6599999999999,1256.7995,1257.278
2014-02-04 02:45:00,1257.272,1257.5804999999998,1256.9595,1256.9745
2014-02-04 03:00:00,1257.0055,1257.1845,1256.42,1256.4935
2014-02-04 03:15:00,1256.4995,1256.936,1256.4730000000002,1256.8940000000002
2014-02-04 03:30:00,1256.878,1257.131,1256.692,1257.066
2014-02-04 03:45:00,1257.055,1257.6064999999999,1257.017,1257.2215
2014-02-04 04:00:00,1257.2765,1257.3035,1256.7125,1256.8220000000001
2014-02-04 04:15:00,1256.8165000000001,1257.0159999999998,1256.28,1256.327
2014-02-04 04:30:00,1256.3410000000001,1257.2825,1256.3095,1257.2359999999999
2014-02-04 04:45:00,1257.2375000000002,1257.3874999999998,1256.3195,1256.955
2014-02-04 05:00:00,1256.9669999999999,1257.3944999999999,1256.5394999999999,1256.989
2014-02-04 05:15:00,1256.973,1257.6125000000002,1256.8200000000002,1257.4199999999998
2014-02-04 05:30:00,1257.431,1258.1095,1257.414,1257.8595
2014-02-04 05:45:00,1257.857,1259.2145,1257.732,1258.9155
2014-02-04 06:00:00,1258.8995,1261.1035000000002,1258.6109999999999,1260.636
2014-02-04 06:15:00,1260.679,1260.722,1259.3065,1259.6135
2014-02-04 06:30:00,1259.6025000000002,1260.3045,1259.264,1259.419
2014-02-04 06:45:00,1259.429,1259.8225,1258.205,1258.205
2014-02-04 07:00:00,1258.1855,1258.1855,1256.7689999999998,1257.9755
2014-02-04 07:15:00,1257.9895000000001,1257.9895000000001,1256.5855,1256.9145
2014-02-04 07:30:00,1256.907,1259.049,1256.7250000000001,1258.6445
2014-02-04 07:45:00,1258.6505,1260.113,1257.958,1259.7135
2014-02-04 08:00:00,1259.7285,1260.133,1258.2825,1258.589
2014-02-04 08:15:00,1258.5985,1259.7445,1256.953,1257.5055
2014-02-04 08:30:00,1257.4815,1258.6045,1257.1815000000001,1258.53
2014-02-04 08:45:00,1258.5295,1258.535,1257.0265,1257.3875
2014-02-04 09:00:00,1257.385,1258.632,1256.9175,1257.44
2014-02-04 09:15:00,1257.46,1258.1299999999999,1256.923,1257.6119999999999
2014-02-04 09:30:00,1257.5994999999998,1257.5994999999998,1254.324,1255.5145
2014-02-04 09:45:00,1255.5,1256.4550000000002,1254.4035000000001,1254.4384999999997
2014-02-04 10:00:00,1254.4184999999998,1255.2935,1254.0700000000002,1254.7050000000002
2014-02-04 10:15:00,1254.6950000000002,1254.9354999999998,1252.3115,1253.49
2014-02-04 10:30:00,1253.5,1254.4285,1252.985,1254.1805
2014-02-04 10:45:00,1254.1665,1254.6935,1253.634,1253.7865
2014-02-04 11:00:00,1253.774,1254.8854999999999,1253.1225,1254.29
2014-02-04 11:15:00,1254.3355,1255.16,1253.9885,1254.8594999999998
2014-02-04 11:30:00,1254.8500000000001,1254.8500000000001,1253.531,1253.951
2014-02-04 11:45:00,1253.9379999999999,1254.5605,1253.023,1253.458
2014-02-04 12:00:00,1253.4515000000001,1253.6425,1252.6064999999999,1253.5674999999999
2014-02-04 12:15:00,1253.5725,1254.3405,1252.621,1253.106
2014-02-04 12:30:00,1253.101,1254.3155,1252.825,1254.2045
2014-02-04 12:45:00,1254.2000000000003,1255.65,1253.821,1254.4859999999999
2014-02-04 13:00:00,1254.5085,1255.152,1252.415,1253.2834999999998
2014-02-04 13:15:00,1253.2785000000001,1253.2785000000001,1249.252,1249.5415
2014-02-04 13:30:00,1249.5465,1251.5145,1249.2214999999999,1250.0665
2014-02-04 13:45:00,1250.0625,1251.5305,1247.416,1249.1305
2014-02-04 14:00:00,1249.1254999999999,1249.9044999999999,1248.0365,1248.6165
2014-02-04 14:15:00,1248.6135000000002,1249.4265,1248.1860000000001,1248.6464999999998
2014-02-04 14:30:00,1248.663,1253.1285,1248.663,1252.721
2014-02-04 14:45:00,1252.7245,1252.8315,1249.7814999999998,1250.865
2014-02-04 15:00:00,1250.885,1251.1654999999998,1249.364,1249.886
2014-02-04 15:15:00,1249.8905,1250.9085,1248.6425000000002,1250.2279999999998
2014-02-04 15:30:00,1250.211,1250.7614999999998,1249.5035,1249.8740000000003
2014-02-04 15:45:00,1249.8675,1252.71,1249.56,1251.7385000000002
2014-02-04 16:00:00,1251.777,1252.5549999999998,1250.2404999999999,1251.191
2014-02-04 16:15:00,1251.192,1253.7105000000001,1251.13,1251.7345
2014-02-04 16:30:00,1251.7595000000001,1252.663,1251.2665,1251.2675
2014-02-04 16:45:00,1251.295,1252.191,1250.6374999999998,1250.6374999999998
2014-02-04 17:00:00,1250.646,1252.6,1250.646,1252.316
2014-02-04 17:15:00,1252.3295,1252.6455,1251.175,1252.107
2014-02-04 17:30:00,1252.1015,1253.006,1251.475,1251.575
2014-02-04 17:45:00,1251.5695,1252.23,1251.2495000000001,1251.2745
2014-02-04 18:00:00,1251.297,1252.7265,1250.8,1252.448
2014-02-04 18:15:00,1252.459,1252.9885,1251.2125,1251.875
2014-02-04 18:30:00,1251.8525,1252.497,1251.1615,1251.297
2014-02-04 18:45:00,1251.2979999999998,1252.3384999999998,1251.1995,1252.149
2014-02-04 19:00:00,1252.1155,1253.2,1252.1000000000001,1253.0695
2014-02-04 19:15:00,1253.0845,1253.6595,1252.8035,1253.6295
2014-02-04 19:30:00,1253.6394999999998,1253.865,1252.843,1253.7324999999998
2014-02-04 19:45:00,1253.7259999999999,1254.3925,1253.494,1254.1000000000001
2014-02-04 20:00:00,1254.092,1255.1845,1254.092,1255.084
2014-02-04 20:15:00,1255.074,1255.6879999999999,1254.875,1255.4515
2014-02-04 20:30:00,1255.452,1255.7945,1254.966,1255.7945
2014-02-04 20:45:00,1255.7845,1255.913,1254.7945,1254.8195
2014-02-04 21:00:00,1254.835,1255.031,1254.472,1254.679
2014-02-04 21:15:00,1254.675,1254.824,1254.308,1254.518
2014-02-04 21:30:00,1254.556,1255.051,1254.527,1255.014
2014-02-04 21:45:00,1254.978,1255.213,1254.624,1254.684
2014-02-04 22:00:00,1254.675,1254.695,1254.675,1254.695
2014-02-04 23:00:00,1254.655,1255.1505,1253.6165,1253.904
2014-02-04 23:15:00,1253.9085,1254.015,1253.641,1253.8985
2014-02-04 23:30:00,1253.8865,1253.9279999999999,1253.436,1253.437
2014-02-04 23:45:00,1253.444,1253.444,1252.7075,1253.0635
2014-02-05 01:00:00,1254.1550000000002,1255.521,1254.1550000000002,1255.403
2014-02-05 01:15:00,1255.395,1255.5330000000001,1254.9669999999999,1255.0285000000001
2014-02-05 01:30:00,1255.0135,1256.0105,1254.9735,1255.815
2014-02-05 01:45:00,1255.8005,1255.94,1255.49,1255.4955
2014-02-05 02:00:00,1255.4965,1255.6294999999998,1254.5965,1254.6490000000001
2014-02-05 02:15:00,1254.6390000000001,1255.565,1254.5539999999999,1255.37
2014-02-05 02:30:00,1255.3695,1255.4135,1254.8905000000002,1254.9144999999999
2014-02-05 02:45:00,1254.9254999999998,1255.236,1254.5004999999999,1255.2250000000001
2014-02-05 03:00:00,1255.2325,1255.5695,1255.155,1255.321
2014-02-05 03:15:00,1255.3249999999998,1255.3485,1254.8899999999999,1255.03
2014-02-05 03:30:00,1255.023,1255.0295,1254.2000000000003,1254.2005
2014-02-05 03:45:00,1254.1995,1254.566,1253.7905,1253.94
2014-02-05 04:00:00,1253.9625,1254.2595,1253.575,1253.5755
2014-02-05 04:15:00,1253.5815,1254.509,1253.5705,1254.1599999999999
2014-02-05 04:30:00,1254.1699999999998,1254.3545,1254.0299999999997,1254.1499999999999
2014-02-05 04:45:00,1254.12,1254.321,1253.669,1254.0749999999998
2014-02-05 05:00:00,1254.0900000000001,1254.4,1253.6975,1253.8875
2014-02-05 05:15:00,1253.8815,1254.3275,1253.8815,1254.2905
2014-02-05 05:30:00,1254.297,1254.3885,1254.1450000000002,1254.3475
2014-02-05 05:45:00,1254.3419999999999,1254.9700000000003,1254.073,1254.073
2014-02-05 06:00:00,1254.0935000000002,1254.634,1254.0465,1254.28
2014-02-05 06:15:00,1254.2905,1254.4859999999999,1254.0884999999998,1254.3705
2014-02-05 06:30:00,1254.38,1255.173,1254.38,1254.985
2014-02-05 06:45:00,1254.9714999999999,1255.11,1254.4345,1254.5629999999999
2014-02-05 07:00:00,1254.593,1255.037,1254.2775,1254.5285
2014-02-05 07:15:00,1254.5359999999998,1255.8925,1254.5359999999998,1255.6985000000002
2014-02-05 07:30:00,1255.7075000000002,1255.7155,1254.7920000000001,1255.1225
2014-02-05 07:45:00,1255.114,1255.733,1254.4885000000002,1255.1025
2014-02-05 08:00:00,1255.1155,1257.395,1255.1155,1257.005
2014-02-05 08:15:00,1257.0335,1257.85,1256.115,1257.4950000000001
2014-02-05 08:30:00,1257.4895,1257.7045,1256.2839999999999,1256.569
2014-02-05 08:45:00,1256.5625,1256.63,1255.96,1256.4409999999998
2014-02-05 09:00:00,1256.4309999999998,1257.108,1255.958,1256.1535
2014-02-05 09:15:00,1256.1565,1256.4534999999998,1255.4965,1256.243
2014-02-05 09:30:00,1256.2504999999999,1258.231,1256.218,1257.409
2014-02-05 09:45:00,1257.4135,1258.203,1256.854,1257.338
2014-02-05 10:00:00,1257.305,1258.1585,1257.263,1257.702
2014-02-05 10:15:00,1257.7069999999999,1258.502,1257.7005,1258.143
2014-02-05 10:30:00,1258.1555,1258.246,1257.049,1257.8565
2014-02-05 10:45:00,1257.8815,1257.9665,1256.42,1257.318
2014-02-05 11:00:00,1257.3365000000001,1257.6535,1256.9415,1257.2535
2014-02-05 11:15:00,1257.2765,1257.7535,1257.0705,1257.7385
2014-02-05 11:30:00,1257.7535,1258.9234999999999,1257.511,1258.1485
2014-02-05 11:45:00,1258.1585,1258.8495,1257.81,1258.8049999999998
2014-02-05 12:00:00,1258.8194999999998,1259.4155,1258.139,1259.3705
2014-02-05 12:15:00,1259.3615,1259.7325,1258.7465,1259.5839999999998
2014-02-05 12:30:00,1259.609,1260.069,1258.5585,1258.746
2014-02-05 12:45:00,1258.7435,1259.2785,1258.3825000000002,1258.3825000000002
2014-02-05 13:00:00,1258.393,1261.8885,1258.268,1261.4924999999998
2014-02-05 13:15:00,1261.53,1274.473,1259.122,1270.4834999999998
2014-02-05 13:30:00,1270.5085000000001,1272.589,1267.0755,1269.176
2014-02-05 13:45:00,1269.212,1269.4089999999999,1265.3025,1265.6385
2014-02-05 14:00:00,1265.559,1266.4435,1262.6684999999998,1262.7335
2014-02-05 14:15:00,1262.7884999999999,1263.6845,1262.2925,1263.0535
2014-02-05 14:30:00,1263.0659999999998,1264.0275,1256.3055,1258.5035
2014-02-05 14:45:00,1258.4955,1259.429,1257.749,1258.21
2014-02-05 15:00:00,1258.1705,1258.6580000000001,1252.572,1257.849
2014-02-05 15:15:00,1257.877,1263.4509999999998,1257.578,1261.5155
2014-02-05 15:30:00,1261.5369999999998,1262.477,1259.8385,1261.259
2014-02-05 15:45:00,1261.2635,1262.6635,1259.671,1260.229
2014-02-05 16:00:00,1260.212,1262.5384999999999,1259.8945,1260.6645
2014-02-05 16:15:00,1260.656,1260.6999999999998,1256.92,1257.8705
2014-02-05 16:30:00,1257.864,1259.2925,1257.4165,1258.479
2014-02-05 16:45:00,1258.4115000000002,1259.0045,1258.0,1258.279
2014-02-05 17:00:00,1258.269,1258.3285,1255.5565,1255.801
2014-02-05 17:15:00,1255.782,1258.1405,1255.6740000000002,1258.081
2014-02-05 17:30:00,1258.0905000000002,1258.1465,1257.0425,1257.991
2014-02-05 17:45:00,1257.9915,1258.525,1257.306,1257.423
2014-02-05 18:00:00,1257.4,1257.9125000000001,1255.8545,1256.19
2014-02-05 18:15:00,1256.17,1258.0220000000002,1255.6834999999999,1257.2965
2014-02-05 18:30:00,1257.2994999999999,1258.065,1256.1409999999998,1257.02
2014-02-05 18:45:00,1257.017,1257.6944999999998,1256.562,1257.6145000000001
2014-02-05 19:00:00,1257.6644999999999,1258.5104999999999,1257.6119999999999,1258.0950000000003
2014-02-05 19:15:00,1258.1285,1258.7,1257.9125,1258.1675
2014-02-05 19:30:00,1258.178,1258.7935,1257.871,1258.4945
2014-02-05 19:45:00,1258.501,1260.0695,1258.498,1259.343
2014-02-05 20:00:00,1259.327,1259.5,1258.641,1259.0049999999999
2014-02-05 20:15:00,1258.973,1259.1349999999998,1258.4859999999999,1258.519
2014-02-05 20:30:00,1258.531,1258.8125,1257.5389999999998,1257.877
2014-02-05 20:45:00,1257.8875,1258.1795,1257.6419999999998,1257.98
2014-02-05 21:00:00,1257.9699999999998,1258.26,1257.762,1257.816
2014-02-05 21:15:00,1257.826,1257.865,1257.438,1257.772
2014-02-05 21:30:00,1257.772,1258.0919999999999,1257.751,1258.09
2014-02-05 21:45:00,1258.102,1258.3500000000001,1257.8735,1257.8735
2014-02-05 22:00:00,1257.8685,1257.8685,1257.8039999999999,1257.8039999999999
2014-02-05 23:00:00,1257.8,1259.0845,1257.515,1258.6625000000001
2014-02-05 23:15:00,1258.6555,1258.7425,1258.2735,1258.3919999999998
2014-02-05 23:30:00,1258.38,1258.521,1258.239,1258.4705
2014-02-05 23:45:00,1258.521,1259.522,1258.4705,1259.112
2014-02-06 01:00:00,1257.5595,1257.96,1256.8300000000002,1257.0085000000001
2014-02-06 01:15:00,1257.0235,1257.5575000000001,1256.846,1257.309
2014-02-06 01:30:00,1257.324,1258.1395,1257.1615,1257.8065000000001
2014-02-06 01:45:00,1257.8,1258.25,1256.96,1257.0905
2014-02-06 02:00:00,1257.0785,1257.6495,1256.8300000000002,1257.3195
2014-02-06 02:15:00,1257.334,1257.4,1256.5595,1256.7045
2014-02-06 02:30:00,1256.71,1256.7599999999998,1256.0995,1256.2345
2014-02-06 02:45:00,1256.2105,1256.475,1255.797,1256.25
2014-02-06 03:00:00,1256.2355,1256.4350000000002,1255.895,1256.0849999999998
2014-02-06 03:15:00,1256.0774999999999,1256.2884999999999,1255.9660000000001,1256.28
2014-02-06 03:30:00,1256.3035,1256.67,1256.12,1256.2255
2014-02-06 03:45:00,1256.2355,1256.5529999999999,1256.0700000000002,1256.135
2014-02-06 04:00:00,1256.155,1256.21,1255.6615000000002,1255.864
2014-02-06 04:15:00,1255.854,1255.96,1255.2434999999998,1255.2569999999998
2014-02-06 04:30:00,1255.2585000000001,1256.5805,1255.251,1256.4875000000002
2014-02-06 04:45:00,1256.4699999999998,1256.7795,1256.2450000000001,1256.7395000000001
2014-02-06 05:00:00,1256.7045,1257.0695,1256.4444999999998,1256.9895000000001
2014-02-06 05:15:00,1256.9845,1257.675,1256.5865000000001,1257.675
2014-02-06 05:30:00,1257.665,1257.9650000000001,1257.1645,1257.3065
2014-02-06 05:45:00,1257.3295000000003,1258.0245,1257.3049999999998,1257.9595000000002
2014-02-06 06:00:00,1257.94,1259.1360000000002,1257.7045,1258.0020000000002
2014-02-06 06:15:00,1258.0100000000002,1258.2775,1257.8865,1258.0625
2014-02-06 06:30:00,1258.0565,1258.0915,1257.6775,1257.79
2014-02-06 06:45:00,1257.8005,1258.4244999999999,1257.787,1258.2145
2014-02-06 07:00:00,1258.2105,1258.579,1257.9955,1258.138
2014-02-06 07:15:00,1258.133,1258.2535,1257.8700000000001,1258.113
2014-02-06 07:30:00,1258.0855,1258.6055,1257.427,1258.337
2014-02-06 07:45:00,1258.3400000000001,1258.3400000000001,1257.325,1257.583
2014-02-06 08:00:00,1257.5904999999998,1259.385,1257.3004999999998,1258.4565
2014-02-06 08:15:00,1258.473,1260.4095000000002,1257.9065,1259.89
2014-02-06 08:30:00,1259.9164999999998,1260.515,1259.4015,1259.9995
2014-02-06 08:45:00,1259.9914999999999,1260.0529999999999,1258.8775,1259.1865
2014-02-06 09:00:00,1259.2085000000002,1259.3315,1258.116,1258.7565
2014-02-06 09:15:00,1258.756,1259.2285,1258.4914999999999,1258.6915000000001
2014-02-06 09:30:00,1258.6765,1259.7745,1258.4865,1259.1265
2014-02-06 09:45:00,1259.1215,1259.2755,1258.2540000000001,1259.106
2014-02-06 10:00:00,1259.0935,1259.2069999999999,1258.876,1259.021
2014-02-06 10:15:00,1259.0155,1259.351,1258.6015,1258.8825
2014-02-06 10:30:00,1258.8905,1259.1709999999998,1258.352,1259.136
2014-02-06 10:45:00,1259.121,1260.06,1259.0755,1259.6299999999999
2014-02-06 11:00:00,1259.6499999999999,1261.789,1259.55,1261.652
2014-02-06 11:15:00,1261.646,1262.5665,1260.8595,1261.529
2014-02-06 11:30:00,1261.4950000000001,1261.9209999999998,1260.661,1261.228
2014-02-06 11:45:00,1261.24,1261.88,1260.7545,1261.6785
2014-02-06 12:00:00,1261.662,1262.7085,1261.647,1262.3200000000002
2014-02-06 12:15:00,1262.337,1263.8735000000001,1261.4195,1263.0945000000002
2014-02-06 12:30:00,1263.18,1264.075,1262.031,1262.6595
2014-02-06 12:45:00,1262.6615000000002,1263.328,1261.1979999999999,1262.4805000000001
2014-02-06 13:00:00,1262.4405,1263.2145,1260.5584999999999,1260.8
2014-02-06 13:15:00,1260.7980000000002,1261.3215,1257.885,1258.92
2014-02-06 13:30:00,1258.97,1262.7614999999998,1256.8390000000002,1261.031
2014-02-06 13:45:00,1261.0195,1266.9360000000001,1260.992,1262.1495
2014-02-06 14:00:00,1262.156,1262.539,1260.434,1261.486
2014-02-06 14:15:00,1261.5079999999998,1262.128,1257.6815,1258.7849999999999
2014-02-06 14:30:00,1258.7810000000002,1260.2025,1256.8245000000002,1258.3125
2014-02-06 14:45:00,1258.3195,1258.581,1253.548,1255.7825
2014-02-06 15:00:00,1255.7975,1256.768,1253.7220000000002,1256.1705
2014-02-06 15:15:00,1256.1625,1256.7165,1254.4560000000001,1255.9625
2014-02-06 15:30:00,1256.0155,1256.663,1253.6645,1254.0245
2014-02-06 15:45:00,1254.0344999999998,1255.426,1252.913,1255.09
2014-02-06 16:00:00,1255.106,1256.4219999999998,1253.9759999999999,1256.0994999999998
2014-02-06 16:15:00,1256.0955,1257.4635,1255.5059999999999,1256.6045
2014-02-06 16:30:00,1256.579,1256.7495000000001,1255.682,1256.517
2014-02-06 16:45:00,1256.5175,1256.9615,1255.7855,1256.5349999999999
2014-02-06 17:00:00,1256.5449999999998,1258.0120000000002,1256.005,1257.126
2014-02-06 17:15:00,1257.136,1257.492,1256.573,1257.088
2014-02-06 17:30:00,1257.075,1257.556,1256.3105,1256.48
2014-02-06 17:45:00,1256.4795,1257.664,1256.2295,1257.6309999999999
2014-02-06 18:00:00,1257.6015,1257.6090000000002,1256.7350000000001,1257.004
2014-02-06 18:15:00,1257.01,1258.06,1256.696,1257.0625
2014-02-06 18:30:00,1257.057,1257.71,1256.768,1257.5175000000002
2014-02-06 18:45:00,1257.506,1257.647,1256.9155,1257.117
2014-02-06 19:00:00,1257.1225,1257.3845,1257.0,1257.112
2014-02-06 19:15:00,1257.1265,1257.7595,1256.942,1257.6005
2014-02-06 19:30:00,1257.6100000000001,1258.0845,1257.3755,1257.94
2014-02-06 19:45:00,1257.981,1258.4835,1257.315,1257.515
2014-02-06 20:00:00,1257.522,1257.795,1257.2230000000002,1257.6205
2014-02-06 20:15:00,1257.5900000000001,1257.625,1257.0115,1257.4
2014-02-06 20:30:00,1257.4065,1258.549,1256.8909999999998,1257.6139999999998
2014-02-06 20:45:00,1257.6029999999998,1257.9985000000001,1257.3065,1257.3065
2014-02-06 21:00:00,1257.2845,1257.735,1257.1760000000002,1257.396
2014-02-06 21:15:00,1257.406,1257.4195,1257.113,1257.1390000000001
2014-02-06 21:30:00,1257.1355,1257.425,1257.1290000000001,1257.3905
2014-02-06 21:45:00,1257.384,1258.186,1257.2835000000002,1258.118
2014-02-06 22:00:00,1258.121,1258.121,1258.121,1258.121
2014-02-06 23:00:00,1257.5,1257.9495000000002,1257.03,1257.153
2014-02-06 23:15:00,1257.154,1257.3229999999999,1256.8329999999999,1257.1154999999999
2014-02-06 23:30:00,1257.107,1257.123,1256.8355000000001,1256.998
2014-02-06 23:45:00,1257.019,1257.019,1256.576,1256.694
2014-02-07 01:00:00,1258.4779999999998,1259.141,1257.5600000000002,1258.48
2014-02-07 01:15:00,1258.485,1259.5749999999998,1258.1405,1258.9845
2014-02-07 01:30:00,1258.994,1259.4405,1258.255,1259.2604999999999
2014-02-07 01:45:00,1259.2665,1259.938,1259.173,1259.775
2014-02-07 02:00:00,1259.7905,1260.071,1259.4525,1259.536
2014-02-07 02:15:00,1259.5400000000002,1259.9579999999999,1259.07,1259.7795
2014-02-07 02:30:00,1259.802,1260.7299999999998,1259.3970000000002,1260.579
2014-02-07 02:45:00,1260.569,1260.8415,1260.3259999999998,1260.66
2014-02-07 03:00:00,1260.6375,1260.85,1260.2295,1260.6000000000001
2014-02-07 03:15:00,1260.63,1261.13,1260.63,1260.98
2014-02-07 03:30:00,1261.0,1261.6845,1260.97,1261.51
2014-02-07 03:45:00,1261.4944999999998,1263.048,1261.4095,1261.8829999999998
2014-02-07 04:00:00,1261.873,1262.0125,1261.412,1261.6995
2014-02-07 04:15:00,1261.696,1262.5220000000002,1261.5449999999998,1261.8935000000001
2014-02-07 04:30:00,1261.8755,1261.8935000000001,1260.98,1261.0105
2014-02-07 04:45:00,1261.0005,1261.45,1260.7815,1261.3715
2014-02-07 05:00:00,1261.3415,1261.4,1260.5035,1260.836
2014-02-07 05:15:00,1260.8305,1261.1280000000002,1260.7050000000002,1260.975
2014-02-07 05:30:00,1260.9355,1260.9955,1260.0215,1260.7125
2014-02-07 05:45:00,1260.7275,1260.8875,1260.324,1260.7714999999998
2014-02-07 06:00:00,1260.7769999999998,1261.8005,1260.6375,1261.275
2014-02-07 06:15:00,1261.2830000000001,1261.8055,1261.084,1261.754
2014-02-07 06:30:00,1261.7205000000001,1261.775,1261.1955,1261.4025
2014-02-07 06:45:00,1261.4005,1262.9955,1261.2255,1261.9935
2014-02-07 07:00:00,1261.9495000000002,1262.2800000000002,1261.5104999999999,1261.8235
2014-02-07 07:15:00,1261.8155,1262.981,1261.751,1262.3470000000002
2014-02-07 07:30:00,1262.3515000000002,1263.1105000000002,1261.9064999999998,1262.8955
2014-02-07 07:45:00,1262.9605,1264.46,1262.7749999999999,1263.175
2014-02-07 08:00:00,1263.1725,1263.3465,1261.6055,1261.6145
2014-02-07 08:15:00,1261.607,1262.5125,1261.5265000000002,1262.238
2014-02-07 08:30:00,1262.261,1262.5725,1261.7215,1262.084
2014-02-07 08:45:00,1262.0194999999999,1262.357,1261.3855,1261.7365
2014-02-07 09:00:00,1261.7314999999999,1262.1585,1260.2635,1260.3735000000001
2014-02-07 09:15:00,1260.3985,1261.3755,1259.7855,1260.83
2014-02-07 09:30:00,1260.834,1261.5085000000001,1260.6325,1261.3400000000001
2014-02-07 09:45:00,1261.3635,1261.4635,1260.19,1260.9334999999999
2014-02-07 10:00:00,1260.9585,1261.1285,1259.7595000000001,1259.8790000000001
2014-02-07 10:15:00,1259.8765,1261.1264999999999,1259.7775000000001,1260.581
2014-02-07 10:30:00,1260.606,1260.64,1259.3899999999999,1259.672
2014-02-07 10:45:00,1259.6715,1260.651,1259.6615,1260.1525000000001
2014-02-07 11:00:00,1260.144,1261.2685,1260.0095,1261.2685
2014-02-07 11:15:00,1261.2545,1261.4820000000002,1260.7035,1261.1335000000001
2014-02-07 11:30:00,1261.1415000000002,1261.792,1260.6855,1260.6855
2014-02-07 11:45:00,1260.699,1261.7625,1260.651,1261.6415
2014-02-07 12:00:00,1261.6215,1262.5175,1261.3925,1262.372
2014-02-07 12:15:00,1262.3519999999999,1263.4715,1262.1085,1262.4235
2014-02-07 12:30:00,1262.4165,1262.5745,1261.3329999999999,1261.5964999999999
2014-02-07 12:45:00,1261.605,1262.6750000000002,1261.5500000000002,1262.485
2014-02-07 13:00:00,1262.475,1263.2335,1262.1634999999999,1262.8285
2014-02-07 13:15:00,1262.8185,1263.1634999999999,1256.615,1258.625
2014-02-07 13:30:00,1258.695,1271.7604999999999,1257.305,1265.4975
2014-02-07 13:45:00,1265.5505,1266.4505,1258.183,1259.8685
2014-02-07 14:00:00,1259.8500000000001,1260.6135,1258.2075,1258.975
2014-02-07 14:15:00,1258.9499999999998,1260.2595000000001,1257.7795,1258.0210000000002
2014-02-07 14:30:00,1257.9015,1259.9155,1257.5534999999998,1259.418
2014-02-07 14:45:00,1259.4005,1260.9,1258.474,1258.906
2014-02-07 15:00:00,1258.934,1264.037,1258.009,1263.5484999999999
2014-02-07 15:15:00,1263.5635,1264.0335,1262.2910000000002,1263.416
2014-02-07 15:30:00,1263.4145,1265.3935000000001,1263.1009999999999,1264.7020000000002
2014-02-07 15:45:00,1264.6965000000002,1265.767,1262.588,1263.8024999999998
2014-02-07 16:00:00,1263.8069999999998,1264.4,1262.633,1262.917
2014-02-07 16:15:00,1262.927,1263.234,1262.1435,1262.6915000000001
2014-02-07 16:30:00,1262.7259999999999,1263.1285,1262.1885,1262.4845
2014-02-07 16:45:00,1262.4869999999999,1262.9165,1261.88,1262.232
2014-02-07 17:00:00,1262.2095,1262.6255,1262.086,1262.15
2014-02-07 17:15:00,1262.1205,1262.4795,1261.5845,1262.388
2014-02-07 17:30:00,1262.403,1263.1440000000002,1262.0095,1262.386
2014-02-07 17:45:00,1262.3809999999999,1262.781,1261.9814999999999,1262.2730000000001
2014-02-07 18:00:00,1262.2885,1262.8174999999999,1262.0045,1262.2645
2014-02-07 18:15:00,1262.2585000000001,1263.472,1262.0255,1263.1895
2014-02-07 18:30:00,1263.162,1264.4005,1263.162,1263.607
2014-02-07 18:45:00,1263.613,1265.3395,1263.435,1264.9750000000001
2014-02-07 19:00:00,1264.97,1266.0015,1264.6280000000002,1265.6164999999999
2014-02-07 19:15:00,1265.6634999999999,1267.944,1265.6634999999999,1267.347
2014-02-07 19:30:00,1267.3549999999998,1267.3649999999998,1266.0585,1266.5569999999998
2014-02-07 19:45:00,1266.578,1267.3950000000002,1266.3425,1267.3950000000002
2014-02-07 20:00:00,1267.3635000000002,1267.3999999999999,1266.8215,1266.9285
2014-02-07 20:15:00,1266.869,1267.353,1266.1005,1266.273
2014-02-07 20:30:00,1266.2255,1266.781,1266.0855,1266.781
2014-02-07 20:45:00,1266.768,1267.399,1266.704,1267.324
2014-02-07 21:00:00,1267.3020000000001,1268.25,1267.042,1267.86
2014-02-07 21:15:00,1267.8495,1268.05,1267.08,1267.48
2014-02-07 21:30:00,1267.46,1267.46,1266.8155,1266.9995
2014-02-07 21:45:00,1267.02,1267.5895,1266.99,1267.3
2014-02-09 23:00:00,1265.7305000000001,1270.0,1265.7305000000001,1269.265
2014-02-09 23:15:00,1269.379,1269.8515,1269.204,1269.3310000000001
2014-02-09 23:30:00,1269.341,1269.411,1268.1809999999998,1268.9070000000002
2014-02-09 23:45:00,1268.872,1269.142,1267.4959999999999,1267.4959999999999
2014-02-10 01:00:00,1266.0355,1266.4405,1265.2150000000001,1266.074
2014-02-10 01:15:00,1266.071,1266.658,1265.71,1266.6125000000002
2014-02-10 01:30:00,1266.6175,1267.375,1266.5505,1267.15
2014-02-10 01:45:00,1267.1870000000001,1268.81,1266.9799999999998,1268.5600000000002
2014-02-10 02:00:00,1268.5845,1269.2744999999998,1268.424,1268.9195000000002
2014-02-10 02:15:00,1268.904,1269.6585,1268.7884999999999,1269.22
2014-02-10 02:30:00,1269.2105000000001,1269.4465,1268.903,1269.0845
2014-02-10 02:45:00,1269.0795,1269.4405,1268.9145,1269.2699999999998
2014-02-10 03:00:00,1269.29,1269.3235000000002,1268.83,1269.05
2014-02-10 03:15:00,1269.0545,1270.12,1269.0545,1270.028
2014-02-10 03:30:00,1270.0,1270.23,1269.555,1269.745
2014-02-10 03:45:00,1269.782,1270.0105,1268.923,1269.003
2014-02-10 04:00:00,1269.0280000000002,1269.127,1268.8400000000001,1269.008
2014-02-10 04:15:00,1268.9979999999998,1269.069,1268.7135,1268.952
2014-02-10 04:30:00,1268.9299999999998,1268.985,1268.71,1268.83
2014-02-10 04:45:00,1268.81,1268.9499999999998,1268.4840000000002,1268.4950000000001
2014-02-10 05:00:00,1268.51,1268.7025,1268.356,1268.6399999999999
2014-02-10 05:15:00,1268.6365,1268.757,1268.4145,1268.698
2014-02-10 05:30:00,1268.7035,1269.265,1268.3795,1269.0545
2014-02-10 05:45:00,1269.0725,1269.856,1268.712,1269.836
2014-02-10 06:00:00,1269.821,1274.967,1269.515,1272.628
2014-02-10 06:15:00,1272.6299999999999,1272.755,1271.268,1272.25
2014-02-10 06:30:00,1272.231,1272.912,1272.016,1272.8410000000001
2014-02-10 06:45:00,1272.8400000000001,1274.0425,1272.8300000000002,1272.946
2014-02-10 07:00:00,1272.94,1273.584,1272.32,1273.5045
2014-02-10 07:15:00,1273.519,1273.6570000000002,1272.3029999999999,1273.081
2014-02-10 07:30:00,1273.092,1273.142,1271.7069999999999,1272.25
2014-02-10 07:45:00,1272.197,1272.4415000000001,1271.554,1272.0320000000002
2014-02-10 08:00:00,1272.0379999999998,1274.0300000000002,1271.967,1273.3295
2014-02-10 08:15:00,1273.335,1274.0034999999998,1272.6175,1273.071
2014-02-10 08:30:00,1273.078,1273.932,1272.2845,1273.2980000000002
2014-02-10 08:45:00,1273.31,1275.0685,1273.0230000000001,1274.9165
2014-02-10 09:00:00,1274.98,1276.3114999999998,1274.0565,1274.5535
2014-02-10 09:15:00,1274.576,1275.1394999999998,1273.6435000000001,1274.87
2014-02-10 09:30:00,1274.8515000000002,1275.2154999999998,1274.0615,1274.305
2014-02-10 09:45:00,1274.31,1274.588,1273.1745,1273.6035
2014-02-10 10:00:00,1273.594,1273.6385,1272.6535000000001,1273.5705
2014-02-10 10:15:00,1273.5665000000001,1273.7905,1273.119,1273.5435
2014-02-10 10:30:00,1273.549,1274.0245,1272.655,1272.9585
2014-02-10 10:45:00,1272.9835,1273.2984999999999,1272.6435000000001,1273.1684999999998
2014-02-10 11:00:00,1273.1435,1273.1435,1271.844,1272.614
2014-02-10 11:15:00,1272.5975,1272.8135,1271.7385,1272.8135
2014-02-10 11:30:00,1272.814,1272.9134999999999,1272.4385,1272.795
2014-02-10 11:45:00,1272.7845,1272.9134999999999,1272.286,1272.6535000000001
2014-02-10 12:00:00,1272.645,1273.6589999999999,1272.367,1273.6139999999998
2014-02-10 12:15:00,1273.621,1274.242,1273.3035,1273.377
2014-02-10 12:30:00,1273.385,1274.228,1273.278,1274.1135
2014-02-10 12:45:00,1274.0955,1274.8985,1273.828,1274.614
2014-02-10 13:00:00,1274.6285,1276.3384999999998,1274.2285,1275.5140000000001
2014-02-10 13:15:00,1275.531,1277.989,1275.531,1275.9855
2014-02-10 13:30:00,1275.98,1276.48,1273.8955,1274.967
2014-02-10 13:45:00,1274.95,1275.085,1273.695,1274.4035000000001
2014-02-10 14:00:00,1274.3970000000002,1275.3115,1274.1645,1274.9044999999999
2014-02-10 14:15:00,1274.9195,1274.926,1272.8249999999998,1273.5865000000001
2014-02-10 14:30:00,1273.5990000000002,1275.355,1273.4885,1274.0475
2014-02-10 14:45:00,1274.0449999999998,1275.7845,1273.7325,1275.6895
2014-02-10 15:00:00,1275.7045,1277.4445,1274.3,1274.806
2014-02-10 15:15:00,1274.7910000000002,1274.9195,1273.7095,1274.4389999999999
2014-02-10 15:30:00,1274.4334999999999,1275.416,1274.3880000000001,1274.9895
2014-02-10 15:45:00,1275.0004999999999,1276.453,1274.4199999999998,1274.845
2014-02-10 16:00:00,1274.7085,1275.2069999999999,1274.368,1274.8280000000002
2014-02-10 16:15:00,1274.8595,1275.8,1274.8595,1275.2459999999999
2014-02-10 16:30:00,1275.2375000000002,1275.9585000000002,1275.0035,1275.2845
2014-02-10 16:45:00,1275.3,1275.9904999999999,1274.8695,1275.816
2014-02-10 17:00:00,1275.8235,1276.4605,1275.1944999999998,1275.646
2014-02-10 17:15:00,1275.6745,1275.741,1274.1865,1274.8795
2014-02-10 17:30:00,1274.8695,1275.436,1274.6895,1274.9945
2014-02-10 17:45:00,1274.9755,1275.2894999999999,1274.3945,1274.8705
2014-02-10 18:00:00,1274.858,1275.3,1274.6545,1275.2285000000002
2014-02-10 18:15:00,1275.2144999999998,1275.5514999999998,1274.3894999999998,1275.0
2014-02-10 18:30:00,1275.0045,1275.6725,1274.8725,1275.5365
2014-02-10 18:45:00,1275.5594999999998,1275.6715,1274.6885,1275.1664999999998
2014-02-10 19:00:00,1275.1844999999998,1275.4,1274.7565,1275.4
2014-02-10 19:15:00,1275.41,1276.5885,1275.385,1276.5735
2014-02-10 19:30:00,1276.5835,1276.6885,1275.161,1275.5945000000002
2014-02-10 19:45:00,1275.5794999999998,1275.8235,1274.8709999999999,1275.3715
2014-02-10 20:00:00,1275.3215,1275.3215,1274.286,1274.83
2014-02-10 20:15:00,1274.876,1275.211,1274.604,1275.1135000000002
2014-02-10 20:30:00,1275.1190000000001,1275.3915,1273.095,1273.494
2014-02-10 20:45:00,1273.504,1275.1999999999998,1273.3825,1274.951
2014-02-10 21:00:00,1274.8355,1274.976,1274.4869999999999,1274.709
2014-02-10 21:15:00,1274.721,1275.132,1274.721,1274.8674999999998
2014-02-10 21:30:00,1274.866,1275.3515,1274.8024999999998,1274.8419999999999
2014-02-10 21:45:00,1274.8290000000002,1274.935,1274.66,1274.8429999999998
2014-02-10 22:00:00,1274.8159999999998,1274.8159999999998,1274.8049999999998,1274.8049999999998
2014-02-10 23:00:00,1274.375,1274.8,1273.959,1274.2935
2014-02-10 23:15:00,1274.3055,1274.4340000000002,1274.0860000000002,1274.272
2014-02-10 23:30:00,1274.225,1274.2945,1273.9709999999998,1274.168
2014-02-10 23:45:00,1274.198,1274.253,1273.842,1274.0505
2014-02-11 01:00:00,1280.36,1284.359,1278.651,1283.8709999999999
2014-02-11 01:15:00,1283.8695000000002,1284.1574999999998,1282.388,1282.8410000000001
2014-02-11 01:30:00,1282.816,1283.63,1282.4915,1282.727
2014-02-11 01:45:00,1282.7045,1283.0770000000002,1282.4815,1282.814
2014-02-11 02:00:00,1282.7995,1282.981,1282.477,1282.942
2014-02-11 02:15:00,1282.9415000000001,1284.339,1282.8890000000001,1284.2189999999998
2014-02-11 02:30:00,1284.2054999999998,1287.0104999999999,1284.1035,1286.9054999999998
2014-02-11 02:45:00,1286.9199999999998,1287.602,1285.9565,1286.8600000000001
2014-02-11 03:00:00,1286.8715,1286.9700000000003,1284.48,1284.6955
2014-02-11 03:15:00,1284.6975,1285.08,1283.565,1284.143
2014-02-11 03:30:00,1284.1844999999998,1284.9859999999999,1283.5055,1284.961
2014-02-11 03:45:00,1284.9554999999998,1285.06,1283.7350000000001,1283.736
2014-02-11 04:00:00,1283.742,1283.99,1282.721,1283.027
2014-02-11 04:15:00,1283.0300000000002,1285.03,1283.0300000000002,1284.1005
2014-02-11 04:30:00,1284.1065,1284.712,1283.9904999999999,1284.0910000000001
2014-02-11 04:45:00,1284.1014999999998,1284.1550000000002,1283.2145,1283.3005
2014-02-11 05:00:00,1283.3125,1283.468,1282.779,1283.4209999999998
2014-02-11 05:15:00,1283.4109999999998,1283.417,1283.107,1283.3700000000001
2014-02-11 05:30:00,1283.3964999999998,1284.9505000000001,1283.226,1284.26
2014-02-11 05:45:00,1284.25,1284.5600000000002,1284.1415,1284.445
2014-02-11 06:00:00,1284.412,1285.3905000000002,1284.105,1285.3400000000001
2014-02-11 06:15:00,1285.3415,1286.0675,1284.6935,1285.0010000000002
2014-02-11 06:30:00,1284.975,1285.085,1283.94,1284.1225
2014-02-11 06:45:00,1284.1149999999998,1284.1799999999998,1283.102,1283.87
2014-02-11 07:00:00,1283.8550000000002,1284.1895000000002,1282.828,1283.15
2014-02-11 07:15:00,1283.1605,1283.685,1282.849,1283.0400000000002
2014-02-11 07:30:00,1283.0275000000001,1284.99,1283.0194999999999,1284.095
2014-02-11 07:45:00,1284.0765000000001,1286.3619999999999,1283.945,1285.128
2014-02-11 08:00:00,1285.125,1285.6999999999998,1283.6525,1283.9515
2014-02-11 08:15:00,1283.965,1284.1525000000001,1281.666,1282.272
2014-02-11 08:30:00,1282.2620000000002,1283.9235,1282.1735,1283.449
2014-02-11 08:45:00,1283.445,1286.1200000000001,1283.0925,1285.23
2014-02-11 09:00:00,1285.2275,1285.6885,1284.3809999999999,1284.7365
2014-02-11 09:15:00,1284.75,1285.0035,1284.3664999999999,1284.9335
2014-02-11 09:30:00,1284.9385,1285.479,1284.2485,1284.2715
2014-02-11 09:45:00,1284.2485,1284.415,1282.7195,1283.3485
2014-02-11 10:00:00,1283.3314999999998,1283.6385,1282.4815,1282.483
2014-02-11 10:15:00,1282.458,1283.4985,1282.458,1283.4835
2014-02-11 10:30:00,1283.49,1284.5585,1283.0895,1284.368
2014-02-11 10:45:00,1284.3735000000001,1284.649,1283.2715,1284.342
2014-02-11 11:00:00,1284.361,1285.4835,1283.979,1284.359
2014-02-11 11:15:00,1284.3665,1284.7540000000001,1283.62,1284.5424999999998
2014-02-11 11:30:00,1284.545,1284.774,1284.1750000000002,1284.3235
2014-02-11 11:45:00,1284.3485,1285.3905,1284.3485,1284.9714999999999
2014-02-11 12:00:00,1284.969,1285.6505,1284.3410000000001,1284.8285
2014-02-11 12:15:00,1284.8495,1285.1634999999999,1283.5915,1284.2555
2014-02-11 12:30:00,1284.2635,1284.778,1283.8965,1284.5445
2014-02-11 12:45:00,1284.5295,1287.5895,1284.5295,1287.261
2014-02-11 13:00:00,1287.27,1288.4769999999999,1285.7769999999998,1286.588
2014-02-11 13:15:00,1286.613,1287.0535,1284.539,1285.0755
2014-02-11 13:30:00,1284.9845,1285.407,1276.2605,1278.1785
2014-02-11 13:45:00,1278.062,1280.664,1277.811,1280.028
2014-02-11 14:00:00,1280.0435,1280.593,1277.4065,1277.9409999999998
2014-02-11 14:15:00,1277.9045,1280.31,1277.0140000000001,1279.894
2014-02-11 14:30:00,1279.8809999999999,1281.294,1279.781,1280.8885
2014-02-11 14:45:00,1280.897,1283.3234999999997,1280.523,1281.9675
2014-02-11 15:00:00,1281.975,1286.135,1281.156,1284.3415
2014-02-11 15:15:00,1284.2994999999999,1285.6694999999997,1282.8435,1285.085
2014-02-11 15:30:00,1285.0484999999999,1291.563,1284.9205000000002,1288.4045
2014-02-11 15:45:00,1288.3945,1291.0375,1288.204,1289.9
2014-02-11 16:00:00,1289.95,1290.295,1287.9155,1289.7044999999998
2014-02-11 16:15:00,1289.6634999999999,1290.2785,1287.6525000000001,1289.4095
2014-02-11 16:30:00,1289.408,1294.0000000000002,1289.1045,1290.502
2014-02-11 16:45:00,1290.5015,1292.3795,1290.066,1291.117
2014-02-11 17:00:00,1291.112,1291.7,1289.83,1290.785
2014-02-11 17:15:00,1290.7945000000002,1290.8145000000002,1289.2955000000002,1289.8025
2014-02-11 17:30:00,1289.7965,1291.2205,1289.558,1290.7945000000002
2014-02-11 17:45:00,1290.8094999999998,1291.7095,1290.0545,1290.0694999999998
2014-02-11 18:00:00,1290.0870000000002,1290.698,1288.4995,1289.3035000000002
2014-02-11 18:15:00,1289.2859999999998,1290.1995,1288.5995,1289.9795000000001
2014-02-11 18:30:00,1289.9595000000002,1290.646,1289.911,1290.1595
2014-02-11 18:45:00,1290.1165,1290.5595,1289.8275,1289.8745
2014-02-11 19:00:00,1289.7765,1290.6445,1289.0795,1290.5945
2014-02-11 19:15:00,1290.592,1290.649,1289.5845000000002,1289.8595
2014-02-11 19:30:00,1289.8745,1291.9795000000001,1289.8745,1291.9795000000001
2014-02-11 19:45:00,1291.9895000000001,1292.336,1291.39,1292.1575
2014-02-11 20:00:00,1292.1325,1292.1955,1291.5205,1291.667
2014-02-11 20:15:00,1291.6195,1291.891,1290.2815,1290.2815
2014-02-11 20:30:00,1290.3035,1291.046,1290.278,1290.8400000000001
2014-02-11 20:45:00,1290.809,1291.056,1290.136,1290.136
2014-02-11 21:00:00,1290.16,1291.025,1289.817,1290.672
2014-02-11 21:15:00,1290.6935,1290.8745,1290.4995,1290.8595
2014-02-11 21:30:00,1290.878,1292.0665,1290.8709999999999,1292.0079999999998
2014-02-11 21:45:00,1292.0245,1292.0945,1291.2085000000002,1291.3855
2014-02-11 22:00:00,1291.365,1291.365,1291.322,1291.336
2014-02-11 23:00:00,1290.145,1291.35,1290.0449999999998,1290.5345
2014-02-11 23:15:00,1290.6425000000002,1290.955,1290.3739999999998,1290.4904999999999
2014-02-11 23:30:00,1290.4814999999999,1290.4814999999999,1288.1335,1288.1905
2014-02-11 23:45:00,1288.1665,1288.266,1286.959,1287.004
2014-02-12 01:00:00,1287.86,1288.157,1287.104,1287.64
2014-02-12 01:15:00,1287.6365,1287.6365,1286.78,1286.9289999999999
2014-02-12 01:30:00,1286.8345,1286.8715,1286.2965,1286.7725
2014-02-12 01:45:00,1286.765,1287.2495000000001,1286.013,1286.0795
2014-02-12 02:00:00,1286.1145000000001,1286.817,1285.8335,1286.294
2014-02-12 02:15:00,1286.2875,1286.9254999999998,1286.21,1286.6565
2014-02-12 02:30:00,1286.6495,1286.9945000000002,1285.833,1286.015
2014-02-12 02:45:00,1286.0145,1286.0145,1285.3425,1285.7904999999998
2014-02-12 03:00:00,1285.797,1286.795,1285.3845,1285.528
2014-02-12 03:15:00,1285.5359999999998,1286.355,1285.46,1286.0900000000001
2014-02-12 03:30:00,1286.094,1286.3700000000001,1285.7205000000001,1285.7700000000002
2014-02-12 03:45:00,1285.7305000000001,1285.8174999999999,1285.416,1285.603
2014-02-12 04:00:00,1285.615,1285.7015000000001,1284.8205,1284.92
2014-02-12 04:15:00,1284.9175,1285.0215,1284.1100000000001,1284.825
2014-02-12 04:30:00,1284.815,1285.44,1284.7615,1285.21
2014-02-12 04:45:00,1285.208,1285.972,1285.088,1285.4525
2014-02-12 05:00:00,1285.4325,1285.48,1285.16,1285.466
2014-02-12 05:15:00,1285.469,1286.0600000000002,1285.3564999999999,1285.871
2014-02-12 05:30:00,1285.8885,1286.5310000000002,1285.8735,1286.2675
2014-02-12 05:45:00,1286.271,1286.4470000000001,1285.7414999999999,1285.8165
2014-02-12 06:00:00,1285.8104999999998,1286.6035,1285.7800000000002,1286.598
2014-02-12 06:15:00,1286.5925,1286.635,1286.2725,1286.5404999999998
2014-02-12 06:30:00,1286.5265000000002,1287.58,1286.4840000000002,1287.54
2014-02-12 06:45:00,1287.565,1288.39,1287.3349999999998,1287.5384999999999
2014-02-12 07:00:00,1287.5355,1287.94,1286.73,1287.177
2014-02-12 07:15:00,1287.1765,1287.475,1286.4305,1286.8505
2014-02-12 07:30:00,1286.8355000000001,1288.377,1286.8355000000001,1287.4099999999999
2014-02-12 07:45:00,1287.3954999999999,1287.6950000000002,1286.6399999999999,1287.155
2014-02-12 08:00:00,1287.1415,1287.595,1286.5449999999998,1287.065
2014-02-12 08:15:00,1287.0455,1287.158,1285.3214999999998,1285.869
2014-02-12 08:30:00,1285.8455,1286.7315,1285.4615000000001,1286.395
2014-02-12 08:45:00,1286.406,1287.1025,1286.3565,1286.838
2014-02-12 09:00:00,1286.834,1287.1195,1286.0720000000001,1286.1284999999998
2014-02-12 09:15:00,1286.1345000000001,1286.2915,1285.7765,1286.038
2014-02-12 09:30:00,1286.031,1286.5725000000002,1285.9215,1286.2335
2014-02-12 09:45:00,1286.242,1288.3885,1285.8535,1288.3485
2014-02-12 10:00:00,1288.35,1288.4995,1286.3805,1286.653
2014-02-12 10:15:00,1286.6555,1287.748,1286.4605000000001,1287.58
2014-02-12 10:30:00,1287.6045000000001,1287.73,1286.703,1287.3899999999999
2014-02-12 10:45:00,1287.4054999999998,1287.7175,1287.008,1287.131
2014-02-12 11:00:00,1287.138,1287.6190000000001,1286.7425,1287.229
2014-02-12 11:15:00,1287.2399999999998,1287.7649999999999,1287.052,1287.215
2014-02-12 11:30:00,1287.2395000000001,1287.49,1286.6195,1287.3304999999998
2014-02-12 11:45:00,1287.3284999999998,1287.7495,1286.8095,1287.17
2014-02-12 12:00:00,1287.2,1288.9624999999999,1286.8705,1288.8525
2014-02-12 12:15:00,1288.8425,1290.5145,1288.579,1290.1695
2014-02-12 12:30:00,1290.1685,1292.47,1289.917,1290.901
2014-02-12 12:45:00,1290.922,1291.605,1290.4810000000002,1291.0204999999999
2014-02-12 13:00:00,1291.026,1291.1885,1289.2910000000002,1290.21
2014-02-12 13:15:00,1290.2095,1291.114,1289.7855,1290.532
2014-02-12 13:30:00,1290.5465,1292.5915,1290.3425,1291.1155
2014-02-12 13:45:00,1291.1105,1291.1105,1289.2710000000002,1290.337
2014-02-12 14:00:00,1290.323,1291.3575,1289.3245,1290.7625
2014-02-12 14:15:00,1290.756,1290.8405,1289.635,1290.574
2014-02-12 14:30:00,1290.6075,1291.8455,1287.823,1288.8854999999999
2014-02-12 14:45:00,1288.874,1290.9195,1288.5615,1290.391
2014-02-12 15:00:00,1290.382,1294.512,1289.865,1294.4389999999999
2014-02-12 15:15:00,1294.4255,1295.5045,1293.0675,1295.0769999999998
2014-02-12 15:30:00,1295.0534999999998,1295.2930000000001,1293.0635,1294.0815
2014-02-12 15:45:00,1294.0785,1294.491,1293.3515,1293.758
2014-02-12 16:00:00,1293.769,1293.891,1292.2314999999999,1292.923
2014-02-12 16:15:00,1292.922,1292.922,1291.102,1292.3594999999998
2014-02-12 16:30:00,1292.3684999999998,1293.48,1292.21,1293.016
2014-02-12 16:45:00,1293.0275,1293.616,1292.8265,1292.891
2014-02-12 17:00:00,1292.886,1294.818,1292.816,1294.7645
2014-02-12 17:15:00,1294.774,1296.2630000000001,1294.6195,1295.7155
2014-02-12 17:30:00,1295.748,1296.4025,1295.0690000000002,1295.2085
2014-02-12 17:45:00,1295.2024999999999,1295.5490000000002,1294.541,1294.916
2014-02-12 18:00:00,1294.904,1295.95,1294.4005,1294.556
2014-02-12 18:15:00,1294.538,1295.6105,1294.3004999999998,1295.1205
2014-02-12 18:30:00,1295.138,1295.9855,1293.6775,1294.1855
2014-02-12 18:45:00,1294.171,1294.6999999999998,1293.892,1294.2005
2014-02-12 19:00:00,1294.208,1294.924,1292.891,1293.778
2014-02-12 19:15:00,1293.7585000000001,1294.0695,1292.8895,1292.8895
2014-02-12 19:30:00,1292.9044999999999,1293.279,1291.9239999999998,1292.2185
2014-02-12 19:45:00,1292.2225,1292.418,1290.3829999999998,1292.0665
2014-02-12 20:00:00,1292.0359999999998,1293.0055,1291.1195,1291.3220000000001
2014-02-12 20:15:00,1291.314,1292.698,1290.6399999999999,1292.262
2014-02-12 20:30:00,1292.22,1292.2865000000002,1289.6474999999998,1290.1845
2014-02-12 20:45:00,1290.1345,1291.054,1289.8165000000001,1290.55
2014-02-12 21:00:00,1290.803,1291.7585,1290.674,1291.134
2014-02-12 21:15:00,1291.091,1291.4470000000001,1290.9855,1291.2410000000002
2014-02-12 21:30:00,1291.249,1291.249,1290.649,1290.879
2014-02-12 21:45:00,1290.902,1291.156,1290.8239999999998,1291.124
2014-02-12 22:00:00,1291.164,1291.164,1291.164,1291.164
2014-02-12 23:00:00,1290.8049999999998,1291.2155,1290.5835,1290.5895
2014-02-12 23:15:00,1290.554,1292.1155,1290.4869999999999,1291.7894999999999
2014-02-12 23:30:00,1291.8025,1291.868,1291.2044999999998,1291.6955
2014-02-12 23:45:00,1291.665,1292.1945,1291.6260000000002,1291.9475
2014-02-13 01:00:00,1292.1585,1293.0895,1291.915,1292.86
2014-02-13 01:15:00,1292.8505,1292.957,1292.5345,1292.702
2014-02-13 01:30:00,1292.71,1292.722,1291.706,1291.8084999999999
2014-02-13 01:45:00,1291.8055,1292.523,1291.1965,1291.2095000000002
2014-02-13 02:00:00,1291.2065,1291.9995,1290.8940000000002,1291.902
2014-02-13 02:15:00,1291.88,1291.8995,1291.325,1291.84
2014-02-13 02:30:00,1291.859,1291.8845000000001,1291.39,1291.565
2014-02-13 02:45:00,1291.554,1291.7995,1291.335,1291.7995
2014-02-13 03:00:00,1291.808,1291.84,1291.417,1291.423
2014-02-13 03:15:00,1291.412,1291.5254999999997,1290.5449999999998,1290.9125
2014-02-13 03:30:00,1290.918,1291.2214999999999,1290.488,1290.67
2014-02-13 03:45:00,1290.6665,1291.1305,1289.41,1290.5945
2014-02-13 04:00:00,1290.5895,1290.6545,1289.173,1289.517
2014-02-13 04:15:00,1289.511,1290.593,1289.4845,1290.593
2014-02-13 04:30:00,1290.6074999999998,1290.6795,1289.9575,1290.2005
2014-02-13 04:45:00,1290.194,1290.202,1289.6799999999998,1289.6799999999998
2014-02-13 05:00:00,1289.686,1289.9355,1289.4850000000001,1289.7705
2014-02-13 05:15:00,1289.7855,1289.91,1289.501,1289.8474999999999
2014-02-13 05:30:00,1289.8805,1290.2705,1289.2904999999998,1289.565
2014-02-13 05:45:00,1289.551,1289.5800000000002,1288.5065000000002,1288.8455000000001
2014-02-13 06:00:00,1288.8400000000001,1289.7245000000003,1288.4955000000002,1289.4155
2014-02-13 06:15:00,1289.4005,1289.9899999999998,1289.3785,1289.7385
2014-02-13 06:30:00,1289.7105,1290.0369999999998,1289.353,1289.54
2014-02-13 06:45:00,1289.5620000000001,1290.0729999999999,1289.3104999999998,1289.75
2014-02-13 07:00:00,1289.72,1289.875,1289.2955000000002,1289.3955
2014-02-13 07:15:00,1289.404,1289.9055,1289.1045,1289.2225
2014-02-13 07:30:00,1289.2325,1289.2955000000002,1288.3125,1288.805
2014-02-13 07:45:00,1288.7955000000002,1289.0205,1288.2,1288.5049999999999
2014-02-13 08:00:00,1288.4914999999999,1288.4914999999999,1287.405,1287.6999999999998
2014-02-13 08:15:00,1287.6750000000002,1287.735,1286.4185,1286.62
2014-02-13 08:30:00,1286.5955,1287.6905000000002,1286.3735,1287.579
2014-02-13 08:45:00,1287.5805,1288.4015,1287.0685,1287.548
2014-02-13 09:00:00,1287.5085000000001,1288.8935,1287.3080000000002,1288.3805
2014-02-13 09:15:00,1288.3665,1289.1955,1288.153,1289.0065
2014-02-13 09:30:00,1289.025,1289.9465,1288.6215,1289.4335
2014-02-13 09:45:00,1289.4315000000001,1289.497,1288.6895,1289.3004999999998
2014-02-13 10:00:00,1289.237,1289.758,1288.4509999999998,1288.6654999999998
2014-02-13 10:15:00,1288.658,1291.2785,1288.375,1290.0845
2014-02-13 10:30:00,1290.098,1290.674,1289.438,1290.6074999999998
2014-02-13 10:45:00,1290.6119999999999,1292.4985,1290.334,1292.486
2014-02-13 11:00:00,1292.5,1292.8315,1291.4605,1292.1064999999999
2014-02-13 11:15:00,1292.135,1292.852,1291.9515000000001,1292.852
2014-02-13 11:30:00,1292.8270000000002,1294.1495,1292.4515,1293.4615000000001
2014-02-13 11:45:00,1293.4999999999998,1293.696,1292.3565,1293.5065000000002
2014-02-13 12:00:00,1293.4815,1293.8365000000001,1291.771,1291.771
2014-02-13 12:15:00,1291.796,1292.1870000000001,1291.3515,1291.716
2014-02-13 12:30:00,1291.6910000000003,1292.138,1290.2075,1290.7715
2014-02-13 12:45:00,1290.776,1292.635,1290.38,1292.427
2014-02-13 13:00:00,1292.4315,1292.594,1291.547,1292.0085
2014-02-13 13:15:00,1292.019,1294.1865,1291.53,1293.525
2014-02-13 13:30:00,1293.625,1295.4225000000001,1292.57,1293.7815
2014-02-13 13:45:00,1293.775,1294.8595,1292.6065,1292.963
2014-02-13 14:00:00,1292.9830000000002,1294.597,1292.3725000000002,1293.8894999999998
2014-02-13 14:15:00,1293.8939999999998,1294.3245000000002,1292.9735,1293.5504999999998
2014-02-13 14:30:00,1293.5529999999999,1296.836,1293.196,1295.7815
2014-02-13 14:45:00,1295.8315,1297.484,1295.1090000000002,1295.805
2014-02-13 15:00:00,1295.78,1297.7155,1295.5435,1296.8585
2014-02-13 15:15:00,1296.8835,1297.6889999999999,1295.851,1296.4685
2014-02-13 15:30:00,1296.4435,1298.1635,1296.3995,1296.9285
2014-02-13 15:45:00,1296.9535,1297.3905,1296.1535,1296.752
2014-02-13 16:00:00,1296.759,1297.5575,1296.5515,1297.4624999999999
2014-02-13 16:15:00,1297.4544999999998,1298.6035000000002,1296.7379999999998,1297.8695
2014-02-13 16:30:00,1297.8415,1299.8384999999998,1297.4585,1299.8370000000002
2014-02-13 16:45:00,1299.3939999999998,1300.1585,1297.5835,1297.965
2014-02-13 17:00:00,1297.952,1298.8085,1296.6095,1296.7195
2014-02-13 17:15:00,1296.73,1298.0535,1296.6249999999998,1297.5085
2014-02-13 17:30:00,1297.4985,1298.3595,1297.1895,1298.2894999999999
2014-02-13 17:45:00,1298.2835,1298.8285,1298.0594999999998,1298.7235
2014-02-13 18:00:00,1298.7359999999999,1300.295,1298.5990000000002,1298.8235
2014-02-13 18:15:00,1298.8135,1300.7335,1298.3325,1300.4095
2014-02-13 18:30:00,1300.4355,1300.8795,1299.6795,1300.7545
2014-02-13 18:45:00,1300.7305000000001,1301.509,1300.4335,1300.7835
2014-02-13 19:00:00,1300.7895,1302.4745,1300.419,1300.4635
2014-02-13 19:15:00,1300.4785,1301.246,1299.8084999999999,1300.948
2014-02-13 19:30:00,1300.9495000000002,1301.2435,1299.5845,1299.6785
2014-02-13 19:45:00,1299.7035,1300.7555,1299.4895,1300.6395
2014-02-13 20:00:00,1300.6525,1301.4665,1300.396,1300.889
2014-02-13 20:15:00,1300.875,1302.775,1300.871,1301.935
2014-02-13 20:30:00,1301.953,1302.805,1301.4945,1301.7540000000001
2014-02-13 20:45:00,1301.8094999999998,1302.3,1301.631,1301.983
2014-02-13 21:00:00,1301.924,1302.8649999999998,1301.1970000000001,1301.3020000000001
2014-02-13 21:15:00,1301.2655,1302.3535,1301.259,1302.245
2014-02-13 21:30:00,1302.247,1302.712,1302.0949999999998,1302.638
2014-02-13 21:45:00,1302.645,1303.0805,1302.625,1302.8700000000001
2014-02-13 22:00:00,1302.833,1302.833,1302.833,1302.833
2014-02-13 23:00:00,1301.92,1302.055,1301.0,1301.538
2014-02-13 23:15:00,1301.55,1301.5629999999999,1300.817,1300.9285
2014-02-13 23:30:00,1300.9080000000001,1301.4344999999998,1300.8365000000001,1301.032
2014-02-13 23:45:00,1301.061,1301.446,1300.4165,1300.5369999999998
2014-02-14 01:00:00,1301.488,1303.7939999999999,1301.3780000000002,1303.56
2014-02-14 01:15:00,1303.5355,1304.9845,1303.4054999999998,1304.1554999999998
2014-02-14 01:30:00,1304.1305000000002,1306.4695000000002,1304.1305000000002,1306.345
2014-02-14 01:45:00,1306.3405,1307.37,1305.923,1306.6425000000002
2014-02-14 02:00:00,1306.65,1306.7740000000001,1305.7015,1305.7649999999999
2014-02-14 02:15:00,1305.7749999999999,1305.835,1304.655,1305.317
2014-02-14 02:30:00,1305.3315,1305.4425,1304.59,1304.9150000000002
2014-02-14 02:45:00,1304.9250000000002,1305.9375,1304.5725,1304.785
2014-02-14 03:00:00,1304.7835,1305.115,1304.1599999999999,1305.0805
2014-02-14 03:15:00,1305.087,1305.14,1304.33,1304.9505
2014-02-14 03:30:00,1304.9399999999998,1305.0375,1303.9595,1304.7805
2014-02-14 03:45:00,1304.7855,1304.9255,1304.1915,1304.348
2014-02-14 04:00:00,1304.362,1305.6525000000001,1304.319,1305.6455
2014-02-14 04:15:00,1305.6374999999998,1306.6765,1305.6374999999998,1306.1229999999998
2014-02-14 04:30:00,1306.1295,1306.2440000000001,1305.136,1305.4305
2014-02-14 04:45:00,1305.424,1305.883,1305.1695,1305.8764999999999
2014-02-14 05:00:00,1305.8854999999999,1306.699,1305.64,1305.829
2014-02-14 05:15:00,1305.844,1305.9365,1305.0135,1305.174
2014-02-14 05:30:00,1305.17,1305.9835,1305.037,1305.3709999999999
2014-02-14 05:45:00,1305.3635,1305.84,1305.2135,1305.6239999999998
2014-02-14 06:00:00,1305.6325,1305.934,1304.6885,1304.7405
2014-02-14 06:15:00,1304.765,1306.0055,1304.6209999999999,1305.8805
2014-02-14 06:30:00,1305.8605,1307.9650000000001,1305.37,1307.032
2014-02-14 06:45:00,1307.0075,1307.32,1306.2985,1306.985
2014-02-14 07:00:00,1307.0024999999998,1309.1975,1306.8999999999999,1308.935
2014-02-14 07:15:00,1308.9255,1310.5484999999999,1307.6550000000002,1307.875
2014-02-14 07:30:00,1307.8625,1309.03,1307.4485,1308.956
2014-02-14 07:45:00,1308.9505,1309.09,1307.797,1308.995
2014-02-14 08:00:00,1308.9904999999999,1309.6465,1308.0715,1308.927
2014-02-14 08:15:00,1308.926,1309.357,1307.3615,1308.568
2014-02-14 08:30:00,1308.543,1309.0495,1307.852,1307.969
2014-02-14 08:45:00,1307.9650000000001,1309.9705,1307.4805,1309.3120000000001
2014-02-14 09:00:00,1309.329,1310.2545,1309.29,1309.4285
2014-02-14 09:15:00,1309.3955,1309.5265,1308.666,1308.706
2014-02-14 09:30:00,1308.696,1309.4765,1308.335,1309.061
2014-02-14 09:45:00,1309.0555,1309.2105,1308.4150000000002,1308.4150000000002
2014-02-14 10:00:00,1308.4195000000002,1308.6245,1307.719,1308.5874999999999
2014-02-14 10:15:00,1308.5649999999998,1308.873,1308.1415,1308.873
2014-02-14 10:30:00,1308.908,1311.065,1308.6315000000002,1310.945
2014-02-14 10:45:00,1310.998,1312.4735,1310.1995,1311.019
2014-02-14 11:00:00,1311.009,1312.4245,1310.4265000000003,1312.0895
2014-02-14 11:15:00,1312.1245,1313.2995,1312.062,1312.48
2014-02-14 11:30:00,1312.5004999999999,1314.4475,1312.3995,1314.1195
2014-02-14 11:45:00,1314.1215,1318.626,1313.8895,1317.5295
2014-02-14 12:00:00,1317.5385,1319.7530000000002,1316.509,1316.6865
2014-02-14 12:15:00,1316.6464999999998,1317.8985,1316.0985,1317.54
2014-02-14 12:30:00,1317.56,1317.56,1315.765,1316.3035
2014-02-14 12:45:00,1316.3745000000001,1317.883,1316.2984999999999,1317.7624999999998
2014-02-14 13:00:00,1317.7955000000002,1317.8675,1316.6275,1317.075
2014-02-14 13:15:00,1317.0549999999998,1317.8319999999999,1314.6650000000002,1315.1399999999999
2014-02-14 13:30:00,1315.125,1316.2665,1314.219,1314.5165
2014-02-14 13:45:00,1314.529,1316.0835,1313.952,1315.9605
2014-02-14 14:00:00,1315.956,1317.5755000000001,1315.1309999999999,1317.5549999999998
2014-02-14 14:15:00,1317.6555,1318.7155,1316.7515,1317.277
2014-02-14 14:30:00,1317.2935,1320.319,1317.1505,1319.512
2014-02-14 14:45:00,1319.5055,1320.4650000000001,1318.3005,1319.5605
2014-02-14 15:00:00,1319.576,1321.2894999999999,1319.2585,1319.6845
2014-02-14 15:15:00,1319.7060000000001,1320.4645,1318.7355,1318.8095
2014-02-14 15:30:00,1318.7945,1318.7945,1316.5825,1317.418
2014-02-14 15:45:00,1317.4195000000002,1317.8145,1314.967,1316.1595
2014-02-14 16:00:00,1316.1795,1316.87,1315.59,1316.6944999999998
2014-02-14 16:15:00,1316.71,1318.4605,1316.3999999999999,1318.243
2014-02-14 16:30:00,1318.235,1318.2585,1316.1885,1317.0345000000002
2014-02-14 16:45:00,1316.982,1317.989,1316.271,1317.7005000000001
2014-02-14 17:00:00,1317.6945,1317.7005000000001,1315.8905,1316.0955000000001
2014-02-14 17:15:00,1316.1105,1316.5749999999998,1315.8384999999998,1315.9965
2014-02-14 17:30:00,1315.9465,1317.902,1315.7965000000002,1317.0905
2014-02-14 17:45:00,1317.0535,1319.3615000000002,1316.6955000000003,1318.8005
2014-02-14 18:00:00,1318.8155,1319.9475,1318.478,1318.9855
2014-02-14 18:15:00,1318.9885,1319.424,1317.6855,1318.9730000000002
2014-02-14 18:30:00,1318.9605000000001,1319.552,1317.713,1318.4155
2014-02-14 18:45:00,1318.3654999999999,1318.9370000000001,1317.9205,1318.4
2014-02-14 19:00:00,1318.426,1318.6019999999999,1318.2105,1318.461
2014-02-14 19:15:00,1318.4685,1319.1815,1318.3855,1318.9565
2014-02-14 19:30:00,1318.9569999999999,1319.843,1318.896,1319.257
2014-02-14 19:45:00,1319.1725,1319.949,1318.9895,1319.946
2014-02-14 20:00:00,1319.978,1320.476,1319.502,1319.543
2014-02-14 20:15:00,1319.5745,1319.9965,1319.568,1319.774
2014-02-14 20:30:00,1319.7814999999998,1319.807,1318.394,1318.4225
2014-02-14 20:45:00,1318.4325000000001,1318.952,1318.0025,1318.887
2014-02-14 21:00:00,1318.872,1318.872,1317.85,1318.1944999999998
2014-02-14 21:15:00,1318.1799999999998,1318.4845,1318.07,1318.35
2014-02-14 21:30:00,1318.3645,1318.7,1318.31,1318.6399999999999
2014-02-14 21:45:00,1318.5304999999998,1318.8045,1317.9155,1318.62
2014-02-16 23:00:00,1319.12,1320.66,1319.08,1320.228
2014-02-16 23:15:00,1320.218,1322.4689999999998,1319.1835,1322.2704999999999
2014-02-16 23:30:00,1322.328,1324.2169999999999,1322.2415,1323.6145000000001
2014-02-16 23:45:00,1323.5795,1323.827,1323.1860000000001,1323.6975000000002
2014-02-17 01:00:00,1322.022,1326.5620000000001,1321.406,1326.489
2014-02-17 01:15:00,1326.4955,1329.9645,1326.1155,1327.4865
2014-02-17 01:30:00,1327.4765,1328.734,1326.4355,1327.407
2014-02-17 01:45:00,1327.4365,1328.4054999999998,1326.97,1327.1995
2014-02-17 02:00:00,1327.2559999999999,1328.1455,1326.897,1326.97
2014-02-17 02:15:00,1326.95,1327.022,1326.4399999999998,1326.9270000000001
2014-02-17 02:30:00,1326.921,1327.0245,1326.147,1326.873
2014-02-17 02:45:00,1326.879,1327.4435,1326.52,1327.1944999999998
2014-02-17 03:00:00,1327.1989999999998,1327.315,1326.6575,1327.2359999999999
2014-02-17 03:15:00,1327.2435,1327.5945,1326.555,1327.4185
2014-02-17 03:30:00,1327.4425,1327.46,1325.7,1325.912
2014-02-17 03:45:00,1325.9270000000001,1325.9699999999998,1325.3355,1325.623
2014-02-17 04:00:00,1325.6250000000002,1326.12,1325.5199999999998,1325.863
2014-02-17 04:15:00,1325.871,1325.9975000000002,1325.7255,1325.82
2014-02-17 04:30:00,1325.84,1326.085,1325.645,1325.9035000000001
2014-02-17 04:45:00,1325.9125000000001,1326.0285,1324.3205,1324.3635
2014-02-17 05:00:00,1324.4524999999999,1324.58,1323.3055,1324.1955
2014-02-17 05:15:00,1324.188,1326.522,1323.86,1326.3549999999998
2014-02-17 05:30:00,1326.3600000000001,1326.7600000000002,1325.29,1326.049
2014-02-17 05:45:00,1326.0275,1326.2625,1325.183,1325.2095000000002
2014-02-17 06:00:00,1325.213,1326.3435000000002,1324.9635,1326.0145000000002
2014-02-17 06:15:00,1326.0315,1326.3105,1325.003,1326.2375
2014-02-17 06:30:00,1326.23,1328.6345000000001,1326.0995,1327.7350000000001
2014-02-17 06:45:00,1327.7324999999998,1328.2599999999998,1327.1944999999998,1327.375
2014-02-17 07:00:00,1327.3075000000001,1327.36,1325.334,1327.1100000000001
2014-02-17 07:15:00,1327.1470000000002,1327.275,1325.77,1326.3549999999998
2014-02-17 07:30:00,1326.3515,1326.67,1325.74,1325.78
2014-02-17 07:45:00,1325.77,1325.9799999999998,1323.4,1323.7115
2014-02-17 08:00:00,1323.7265,1324.706,1321.8065,1323.0465000000002
2014-02-17 08:15:00,1323.034,1324.4180000000001,1322.5004999999999,1324.1544999999999
2014-02-17 08:30:00,1324.1315,1325.5115,1323.8855,1325.05
2014-02-17 08:45:00,1325.056,1325.5265,1324.4714999999999,1325.3105
2014-02-17 09:00:00,1325.3005,1325.3615,1324.0985,1325.142
2014-02-17 09:15:00,1325.1570000000002,1325.3465,1324.4164999999998,1325.0065
2014-02-17 09:30:00,1324.99,1325.156,1324.4195000000002,1324.507
2014-02-17 09:45:00,1324.537,1324.603,1323.3115,1324.3575
2014-02-17 10:00:00,1324.352,1325.4305,1323.9045,1325.3464999999999
2014-02-17 10:15:00,1325.3575,1326.707,1324.8799999999999,1325.9599999999998
2014-02-17 10:30:00,1325.944,1326.3024999999998,1325.3045,1325.5165
2014-02-17 10:45:00,1325.5220000000002,1327.5359999999998,1325.2925,1326.8665
2014-02-17 11:00:00,1326.8685,1328.0145,1326.4515,1327.491
2014-02-17 11:15:00,1327.477,1327.856,1326.793,1326.822
2014-02-17 11:30:00,1326.8165,1327.149,1326.717,1326.944
2014-02-17 11:45:00,1326.9465,1327.2200000000003,1326.575,1326.8155
2014-02-17 12:00:00,1326.7514999999999,1327.0015,1326.1535000000001,1326.8885
2014-02-17 12:15:00,1326.9035,1327.482,1326.4759999999999,1327.005
2014-02-17 12:30:00,1327.0135,1327.1834999999999,1326.482,1326.57
2014-02-17 12:45:00,1326.5665000000001,1327.3095,1325.9589999999998,1327.1065
2014-02-17 13:00:00,1327.1139999999998,1329.0614999999998,1325.193,1328.3165000000001
2014-02-17 13:15:00,1328.3255000000001,1328.4585,1326.7115000000001,1327.6945
2014-02-17 13:30:00,1327.679,1327.776,1326.3735000000001,1326.6315
2014-02-17 13:45:00,1326.6465,1327.8615,1326.576,1327.857
2014-02-17 14:00:00,1327.847,1328.184,1326.7375,1327.338
2014-02-17 14:15:00,1327.3355,1327.4305,1325.903,1326.4299999999998
2014-02-17 14:30:00,1326.465,1327.1385,1326.136,1327.0865000000001
2014-02-17 14:45:00,1327.0895,1327.9904999999999,1326.93,1327.461
2014-02-17 15:00:00,1327.4685,1327.8839999999998,1327.4315,1327.5255000000002
2014-02-17 15:15:00,1327.5355000000002,1327.7504999999999,1327.1589999999999,1327.6264999999999
2014-02-17 15:30:00,1327.6205,1327.7575,1327.1390000000001,1327.346
2014-02-17 15:45:00,1327.3455,1328.4805,1327.3455,1328.1085
2014-02-17 16:00:00,1328.109,1328.15,1327.599,1327.801
2014-02-17 16:15:00,1327.816,1329.063,1327.816,1328.9134999999999
2014-02-17 16:30:00,1328.907,1329.0085,1327.0615,1327.5829999999999
2014-02-17 16:45:00,1327.5905,1328.7365,1327.3345,1328.4485
2014-02-17 17:00:00,1328.457,1328.6899999999998,1327.7285,1328.2959999999998
2014-02-17 17:15:00,1328.3004999999998,1328.3854999999999,1327.6019999999999,1328.1275
2014-02-17 17:30:00,1328.132,1328.7485,1327.815,1328.518
2014-02-17 17:45:00,1328.5435,1329.0420000000001,1328.2995,1328.875
2014-02-17 18:00:00,1328.885,1328.885,1328.885,1328.885
2014-02-17 23:00:00,1329.9499999999998,1330.8899999999999,1329.65,1330.1770000000001
2014-02-17 23:15:00,1330.1675,1332.2199999999998,1330.0874999999999,1331.5475
2014-02-17 23:30:00,1331.5355,1331.8754999999999,1329.7935,1330.942
2014-02-17 23:45:00,1330.93,1330.943,1328.5384999999999,1328.5585
2014-02-18 01:00:00,1328.5945,1328.5945,1325.728,1326.0629999999999
2014-02-18 01:15:00,1326.0159999999998,1326.0159999999998,1323.1665,1323.5869999999998
2014-02-18 01:30:00,1323.6045000000001,1324.223,1321.8705,1324.185
2014-02-18 01:45:00,1324.2169999999999,1324.31,1323.374,1323.681
2014-02-18 02:00:00,1323.668,1324.211,1323.403,1323.4665
2014-02-18 02:15:00,1323.475,1323.7655,1322.5594999999998,1323.7604999999999
2014-02-18 02:30:00,1323.767,1323.84,1322.4550000000002,1322.602
2014-02-18 02:45:00,1322.5955,1323.5520000000001,1322.0395,1323.465
2014-02-18 03:00:00,1323.464,1323.7205,1323.08,1323.325
2014-02-18 03:15:00,1323.3145,1324.28,1323.055,1323.6049999999998
2014-02-18 03:30:00,1323.575,1323.6000000000001,1322.4599999999998,1322.8355000000001
2014-02-18 03:45:00,1322.7925,1323.3,1322.29,1322.452
2014-02-18 04:00:00,1322.4560000000001,1322.55,1320.66,1321.602
2014-02-18 04:15:00,1321.592,1321.9145,1320.5155000000002,1321.4814999999999
2014-02-18 04:30:00,1321.4914999999999,1322.5725,1321.4615000000001,1322.3310000000001
2014-02-18 04:45:00,1322.356,1322.4180000000001,1321.5955000000001,1321.6764999999998
2014-02-18 05:00:00,1321.6860000000001,1322.3700000000001,1321.275,1321.6035
2014-02-18 05:15:00,1321.5895,1322.0005,1320.5085000000001,1320.9379999999999
2014-02-18 05:30:00,1320.945,1321.0575000000001,1318.6535,1319.107
2014-02-18 05:45:00,1319.092,1319.169,1317.255,1317.7150000000001
2014-02-18 06:00:00,1317.7050000000002,1317.8754999999999,1316.3094999999998,1317.8339999999998
2014-02-18 06:15:00,1317.827,1318.725,1317.59,1317.8035
2014-02-18 06:30:00,1317.7900000000002,1318.4850000000001,1316.873,1317.76
2014-02-18 06:45:00,1317.7620000000002,1318.725,1317.7620000000002,1318.7005
2014-02-18 07:00:00,1318.6695,1318.6845,1317.9575,1318.345
2014-02-18 07:15:00,1318.3755,1318.72,1317.7,1318.68
2014-02-18 07:30:00,1318.6655,1319.4099999999999,1317.491,1318.325
2014-02-18 07:45:00,1318.3555000000001,1318.7345,1317.822,1317.867
2014-02-18 08:00:00,1317.8745,1318.933,1317.3300000000002,1318.6095
2014-02-18 08:15:00,1318.6105,1319.8195,1318.0595,1319.5565
2014-02-18 08:30:00,1319.5275000000001,1321.013,1319.3110000000001,1320.6165
2014-02-18 08:45:00,1320.616,1320.8145,1319.6265,1320.29
2014-02-18 09:00:00,1320.2805,1320.4095,1318.4105,1318.4105
2014-02-18 09:15:00,1318.4255,1320.1565,1318.3410000000001,1319.22
2014-02-18 09:30:00,1319.223,1319.97,1317.9425,1319.2455
2014-02-18 09:45:00,1319.2165,1319.5345,1318.2685,1318.647
2014-02-18 10:00:00,1318.627,1319.144,1312.7334999999998,1313.7145
2014-02-18 10:15:00,1313.719,1315.359,1313.5095,1315.1815
2014-02-18 10:30:00,1315.191,1315.3055,1314.1,1314.52
2014-02-18 10:45:00,1314.5,1315.175,1313.4969999999998,1313.6115
2014-02-18 11:00:00,1313.6185,1314.691,1313.2160000000001,1314.3135000000002
2014-02-18 11:15:00,1314.3035000000002,1314.7214999999999,1314.1605,1314.7214999999999
2014-02-18 11:30:00,1314.73,1316.2984999999999,1314.73,1314.847
2014-02-18 11:45:00,1314.8590000000002,1315.4199999999998,1313.5535,1313.8899999999999
2014-02-18 12:00:00,1313.8860000000002,1314.4045,1312.875,1313.9140000000002
2014-02-18 12:15:00,1313.9050000000002,1316.0445,1313.803,1315.4144999999999
2014-02-18 12:30:00,1315.3755,1316.307,1315.21,1315.642
2014-02-18 12:45:00,1315.6354999999999,1315.7235,1314.1145,1314.1145
2014-02-18 13:00:00,1314.1195,1317.0795,1313.4665,1316.7745
2014-02-18 13:15:00,1316.7785,1318.8655,1316.6485,1318.3600000000001
2014-02-18 13:30:00,1318.5155,1320.302,1318.4485,1318.4585
2014-02-18 13:45:00,1318.457,1320.39,1317.8274999999999,1319.655
2014-02-18 14:00:00,1319.615,1322.1505,1319.565,1321.753
2014-02-18 14:15:00,1321.7469999999998,1321.7535,1320.2335,1321.532
2014-02-18 14:30:00,1321.586,1321.7054999999998,1318.5320000000002,1319.3935
2014-02-18 14:45:00,1319.3719999999998,1321.5855,1319.161,1320.7085
2014-02-18 15:00:00,1320.7585,1323.4175,1320.3535,1323.349
2014-02-18 15:15:00,1323.3425,1324.0400000000002,1322.1485000000002,1322.356
2014-02-18 15:30:00,1322.346,1323.427,1321.511,1322.566
2014-02-18 15:45:00,1322.5615,1323.0745,1321.7205,1321.9955
2014-02-18 16:00:00,1322.0305,1322.5275,1321.4105,1322.2355
2014-02-18 16:15:00,1322.2630000000001,1323.2154999999998,1321.5515,1321.8654999999999
2014-02-18 16:30:00,1321.8805,1323.769,1321.8255,1323.5455
2014-02-18 16:45:00,1323.5005,1323.7355,1321.3200000000002,1322.541
2014-02-18 17:00:00,1322.5384999999999,1322.8355000000001,1321.724,1322.5955
2014-02-18 17:15:00,1322.592,1323.5635,1321.924,1322.567
2014-02-18 17:30:00,1322.573,1323.4835,1322.5255,1322.74
2014-02-18 17:45:00,1322.7235,1323.36,1322.6885,1322.991
2014-02-18 18:00:00,1322.9775,1324.0865,1322.9154999999998,1323.6305
2014-02-18 18:15:00,1323.6104999999998,1324.7045,1323.358,1324.602
2014-02-18 18:30:00,1324.5935,1325.155,1323.3509999999999,1323.7155000000002
2014-02-18 18:45:00,1323.721,1324.206,1323.403,1323.719
2014-02-18 19:00:00,1323.7325,1323.8905,1322.7355,1322.8555000000001
2014-02-18 19:15:00,1322.8590000000002,1323.3205,1322.609,1323.1405
2014-02-18 19:30:00,1323.155,1324.2355,1323.155,1324.0304999999998
2014-02-18 19:45:00,1324.0165000000002,1324.3105,1323.059,1323.6339999999998
2014-02-18 20:00:00,1323.6589999999999,1323.949,1323.199,1323.5
2014-02-18 20:15:00,1323.505,1323.6000000000001,1322.8885,1323.365
2014-02-18 20:30:00,1323.3675,1323.449,1322.8005,1322.8895
2014-02-18 20:45:00,1322.8745,1323.0,1321.53,1321.877
2014-02-18 21:00:00,1321.867,1322.4360000000001,1321.8664999999999,1322.3755
2014-02-18 21:15:00,1322.38,1322.5494999999999,1321.9955,1322.0500000000002
2014-02-18 21:30:00,1322.0445,1322.3115,1321.515,1321.596
2014-02-18 21:45:00,1321.601,1322.0305,1321.4859999999999,1321.9905
2014-02-18 22:00:00,1321.9805000000001,1322.0055,1321.6280000000002,1321.6280000000002
2014-02-18 23:00:00,1321.98,1322.9905,1321.7404999999999,1322.5104999999999
2014-02-18 23:15:00,1322.55,1322.6915,1321.3004999999998,1321.6295
2014-02-18 23:30:00,1321.6374999999998,1322.2445,1320.7265,1321.0265
2014-02-18 23:45:00,1321.031,1321.1415,1320.3995,1320.775
2014-02-19 01:00:00,1321.9625,1322.48,1320.415,1320.4515000000001
2014-02-19 01:15:00,1320.444,1320.7415,1318.73,1319.241
2014-02-19 01:30:00,1319.2599999999998,1319.2599999999998,1317.54,1318.7605
2014-02-19 01:45:00,1318.7495000000001,1319.0725,1316.81,1317.225
2014-02-19 02:00:00,1317.2375,1318.368,1317.0045,1318.3485
2014-02-19 02:15:00,1318.3685,1318.5929999999998,1317.6105,1317.682
2014-02-19 02:30:00,1317.6245,1318.5759999999998,1317.4885,1318.245
2014-02-19 02:45:00,1318.2465,1318.8700000000001,1317.93,1318.6399999999999
2014-02-19 03:00:00,1318.625,1319.605,1318.3205,1319.335
2014-02-19 03:15:00,1319.3249999999998,1319.3719999999998,1318.4475,1318.7175
2014-02-19 03:30:00,1318.7075,1318.7285,1317.808,1317.94
2014-02-19 03:45:00,1317.92,1318.1000000000001,1317.3715,1317.7814999999998
2014-02-19 04:00:00,1317.7945000000002,1318.068,1316.32,1316.45
2014-02-19 04:15:00,1316.45,1316.5505,1315.1115,1315.3575
2014-02-19 04:30:00,1315.38,1315.97,1315.1150000000002,1315.12
2014-02-19 04:45:00,1315.1399999999999,1315.4825,1315.1299999999999,1315.4440000000002
2014-02-19 05:00:00,1315.4350000000002,1316.071,1314.492,1315.08
2014-02-19 05:15:00,1315.1,1315.313,1314.8,1315.1075
2014-02-19 05:30:00,1315.1015000000002,1317.0149999999999,1314.878,1316.9699999999998
2014-02-19 05:45:00,1316.8980000000001,1317.3100000000002,1316.405,1316.849
2014-02-19 06:00:00,1316.845,1316.8485,1315.7250000000001,1316.0315
2014-02-19 06:15:00,1316.0165,1316.6485,1315.7515,1315.8139999999999
2014-02-19 06:30:00,1315.8149999999998,1317.61,1315.758,1316.83
2014-02-19 06:45:00,1316.8,1318.712,1316.74,1318.1575
2014-02-19 07:00:00,1318.15,1318.9795,1317.786,1318.36
2014-02-19 07:15:00,1318.4155,1318.5500000000002,1317.56,1318.5500000000002
2014-02-19 07:30:00,1318.5300000000002,1318.5300000000002,1317.7900000000002,1317.855
2014-02-19 07:45:00,1317.8845,1319.03,1317.575,1317.655
2014-02-19 08:00:00,1317.635,1318.515,1317.635,1318.025
2014-02-19 08:15:00,1317.995,1320.589,1317.97,1320.285
2014-02-19 08:30:00,1320.2505,1321.8754999999999,1319.445,1321.53
2014-02-19 08:45:00,1321.6005,1322.453,1320.4905,1320.7915
2014-02-19 09:00:00,1320.7445,1321.051,1319.637,1321.045
2014-02-19 09:15:00,1321.041,1321.63,1319.555,1320.71
2014-02-19 09:30:00,1320.7905,1321.1245,1319.6145,1319.8415
2014-02-19 09:45:00,1319.881,1320.04,1319.19,1319.7189999999998
2014-02-19 10:00:00,1319.703,1320.0075,1319.1895,1319.955
2014-02-19 10:15:00,1320.0335,1320.596,1319.783,1319.942
2014-02-19 10:30:00,1319.951,1320.061,1318.5065,1319.0539999999999
2014-02-19 10:45:00,1319.0720000000001,1319.429,1318.9720000000002,1319.3045
2014-02-19 11:00:00,1319.319,1319.873,1319.143,1319.873
2014-02-19 11:15:00,1319.8274999999999,1320.767,1319.7520000000002,1320.147
2014-02-19 11:30:00,1320.1544999999999,1320.7445,1319.9360000000001,1320.584
2014-02-19 11:45:00,1320.609,1320.637,1318.6235,1318.656
2014-02-19 12:00:00,1318.6505,1318.9365,1316.414,1317.284
2014-02-19 12:15:00,1317.297,1317.7389999999998,1316.2694999999999,1316.7275
2014-02-19 12:30:00,1316.6715,1318.1509999999998,1316.179,1316.896
2014-02-19 12:45:00,1316.885,1318.306,1316.5810000000001,1318.26
2014-02-19 13:00:00,1318.276,1319.144,1317.413,1318.426
2014-02-19 13:15:00,1318.394,1320.376,1318.394,1319.7749999999999
2014-02-19 13:30:00,1319.8,1321.16,1319.56,1320.262
2014-02-19 13:45:00,1320.252,1321.449,1319.567,1319.693
2014-02-19 14:00:00,1319.651,1320.6875,1319.1985,1319.407
2014-02-19 14:15:00,1319.387,1320.622,1319.137,1320.439
2014-02-19 14:30:00,1320.4270000000001,1321.3000000000002,1319.881,1320.143
2014-02-19 14:45:00,1320.153,1322.1309999999999,1320.0420000000001,1321.221
2014-02-19 15:00:00,1321.229,1321.553,1320.59,1320.8690000000001
2014-02-19 15:15:00,1320.844,1321.157,1320.0565000000001,1320.442
2014-02-19 15:30:00,1320.453,1321.8195,1320.402,1321.2740000000001
2014-02-19 15:45:00,1321.2640000000001,1321.783,1320.7725,1320.8310000000001
2014-02-19 16:00:00,1320.8490000000002,1321.395,1319.7089999999998,1320.366
2014-02-19 16:15:00,1320.36,1320.4619999999998,1319.3159999999998,1319.507
2014-02-19 16:30:00,1319.508,1319.518,1317.812,1318.779
2014-02-19 16:45:00,1318.7715,1319.7375000000002,1318.595,1319.608
2014-02-19 17:00:00,1319.6135,1320.1505000000002,1318.993,1319.0455
2014-02-19 17:15:00,1319.0955,1319.7105000000001,1317.5905,1318.9904999999999
2014-02-19 17:30:00,1319.039,1320.0395,1318.689,1319.6055000000001
2014-02-19 17:45:00,1319.603,1320.199,1319.239,1319.4555
2014-02-19 18:00:00,1319.4405,1320.029,1318.3855,1318.8005
2014-02-19 18:15:00,1318.819,1320.6855,1318.594,1320.5905000000002
2014-02-19 18:30:00,1320.6055,1320.7105,1319.606,1320.7105
2014-02-19 18:45:00,1320.6605,1320.7455,1319.3764999999999,1319.805
2014-02-19 19:00:00,1319.7700000000002,1320.5200000000002,1314.2289999999998,1317.3355000000001
2014-02-19 19:15:00,1317.3205,1317.674,1314.344,1316.2905
2014-02-19 19:30:00,1316.2585,1316.8345,1315.294,1316.4905
2014-02-19 19:45:00,1316.4895000000001,1316.8765,1315.1975,1315.2635
2014-02-19 20:00:00,1315.272,1315.7540000000001,1311.8690000000001,1314.194
2014-02-19 20:15:00,1314.181,1315.3790000000001,1311.562,1311.7175
2014-02-19 20:30:00,1311.7085,1311.77,1309.14,1310.874
2014-02-19 20:45:00,1310.849,1310.9180000000001,1308.986,1310.1325
2014-02-19 21:00:00,1310.172,1311.9959999999999,1310.172,1311.386
2014-02-19 21:15:00,1311.391,1311.779,1310.9255,1311.7640000000001
2014-02-19 21:30:00,1311.761,1312.062,1311.6585,1311.7794999999999
2014-02-19 21:45:00,1311.781,1311.8895,1311.405,1311.5310000000002
2014-02-19 22:00:00,1311.5590000000002,1311.5590000000002,1311.5339999999999,1311.5339999999999
2014-02-19 23:00:00,1311.2,1313.297,1311.1454999999999,1313.0600000000002
2014-02-19 23:15:00,1313.0895,1313.661,1312.711,1312.856
2014-02-19 23:30:00,1312.8055,1312.8055,1311.663,1312.0395
2014-02-19 23:45:00,1312.0465,1312.175,1311.3165000000001,1312.0125
2014-02-20 01:00:00,1311.427,1314.18,1311.1685000000002,1313.4375
2014-02-20 01:15:00,1313.4255,1314.5955000000001,1312.89,1313.8200000000002
2014-02-20 01:30:00,1313.8235,1314.1680000000001,1312.9205,1312.9289999999999
2014-02-20 01:45:00,1312.936,1313.1795,1308.7695,1309.2455
2014-02-20 02:00:00,1309.2749999999999,1312.0910000000001,1309.04,1311.7275
2014-02-20 02:15:00,1311.733,1312.682,1311.4375,1311.9450000000002
2014-02-20 02:30:00,1311.9475,1311.9695,1309.91,1310.86
2014-02-20 02:45:00,1310.8555,1312.2365,1310.7205000000001,1312.1905000000002
2014-02-20 03:00:00,1312.166,1312.166,1311.1460000000002,1311.368
2014-02-20 03:15:00,1311.381,1311.4940000000001,1310.425,1310.425
2014-02-20 03:30:00,1310.415,1310.6795,1309.9145,1310.1015
2014-02-20 03:45:00,1310.0995,1310.9045,1309.7945,1310.8049999999998
2014-02-20 04:00:00,1310.8165,1312.4695,1310.5975,1312.2205000000001
2014-02-20 04:15:00,1312.213,1312.3650000000002,1311.9499999999998,1312.11
2014-02-20 04:30:00,1312.105,1312.7794999999999,1312.071,1312.079
2014-02-20 04:45:00,1312.0595,1312.459,1311.709,1312.3194999999998
2014-02-20 05:00:00,1312.3294999999998,1312.827,1311.9655,1312.57
2014-02-20 05:15:00,1312.5625,1312.8895,1312.36,1312.6000000000001
2014-02-20 05:30:00,1312.5955000000001,1312.7199999999998,1311.842,1312.4305
2014-02-20 05:45:00,1312.43,1313.9305,1312.3145000000002,1313.8045
2014-02-20 06:00:00,1313.8069999999998,1314.3245,1313.28,1313.3945
2014-02-20 06:15:00,1313.3805,1314.0295,1313.213,1313.6845
2014-02-20 06:30:00,1313.6945,1314.849,1313.2865,1313.2865
2014-02-20 06:45:00,1313.306,1314.0575000000001,1312.789,1313.763
2014-02-20 07:00:00,1313.723,1313.805,1312.8415,1313.6950000000002
2014-02-20 07:15:00,1313.6975,1314.1855,1313.2515,1313.491
2014-02-20 07:30:00,1313.4965000000002,1313.581,1312.605,1313.347
2014-02-20 07:45:00,1313.33,1313.922,1313.0749999999998,1313.253
2014-02-20 08:00:00,1313.208,1314.618,1312.9565,1314.0105
2014-02-20 08:15:00,1313.9904999999999,1315.8394999999998,1313.9265,1314.9725
2014-02-20 08:30:00,1314.951,1315.0725,1313.899,1313.9389999999999
2014-02-20 08:45:00,1313.932,1315.09,1313.1315,1314.468
2014-02-20 09:00:00,1314.453,1315.493,1314.3685,1314.521
2014-02-20 09:15:00,1314.5565000000001,1314.704,1314.0255,1314.6384999999998
2014-02-20 09:30:00,1314.635,1315.527,1314.564,1315.049
2014-02-20 09:45:00,1315.0359999999998,1315.1125,1314.2019999999998,1314.2514999999999
2014-02-20 10:00:00,1314.25,1314.519,1313.4769999999999,1314.078
2014-02-20 10:15:00,1314.0465,1315.2155,1313.7405,1314.5
2014-02-20 10:30:00,1314.5385,1314.8410000000001,1313.25,1313.7005
2014-02-20 10:45:00,1313.693,1313.992,1312.9569999999999,1313.3890000000001
2014-02-20 11:00:00,1313.3995,1315.1165,1313.384,1314.579
2014-02-20 11:15:00,1314.5915,1315.018,1314.116,1314.131
2014-02-20 11:30:00,1314.078,1314.5055,1313.701,1313.703
2014-02-20 11:45:00,1313.72,1313.936,1313.344,1313.752
2014-02-20 12:00:00,1313.766,1313.8220000000001,1312.673,1313.1399999999999
2014-02-20 12:15:00,1313.1779999999999,1313.602,1312.3280000000002,1313.1029999999998
2014-02-20 12:30:00,1313.0890000000002,1313.68,1310.8990000000001,1311.009
2014-02-20 12:45:00,1311.069,1311.0890000000002,1307.473,1309.781
2014-02-20 13:00:00,1309.821,1310.942,1308.9615,1310.681
2014-02-20 13:15:00,1310.632,1313.39,1310.581,1312.7615
2014-02-20 13:30:00,1312.7649999999999,1317.545,1312.7649999999999,1315.523
2014-02-20 13:45:00,1315.5265,1316.3999999999999,1314.766,1315.318
2014-02-20 14:00:00,1315.29,1316.192,1314.951,1315.666
2014-02-20 14:15:00,1315.66,1316.161,1314.8355000000001,1315.222
2014-02-20 14:30:00,1315.1755,1315.4080000000001,1311.38,1312.1775
2014-02-20 14:45:00,1312.1625,1314.5990000000002,1311.8424999999997,1314.455
2014-02-20 15:00:00,1314.47,1316.93,1314.47,1315.7
2014-02-20 15:15:00,1315.686,1315.785,1313.4454999999998,1313.766
2014-02-20 15:30:00,1313.756,1314.6339999999998,1312.782,1314.417
2014-02-20 15:45:00,1314.435,1315.784,1313.9189999999999,1315.654
2014-02-20 16:00:00,1315.684,1315.8159999999998,1314.588,1315.1675
2014-02-20 16:15:00,1315.1525,1315.3880000000001,1313.509,1314.2730000000001
2014-02-20 16:30:00,1314.2865000000002,1315.561,1314.2865000000002,1315.265
2014-02-20 16:45:00,1315.2125,1315.9725,1314.889,1315.967
2014-02-20 17:00:00,1315.956,1315.992,1314.1970000000001,1315.504
2014-02-20 17:15:00,1315.5125,1316.487,1315.3984999999998,1316.1745
2014-02-20 17:30:00,1316.2745,1317.491,1315.6695,1316.8695
2014-02-20 17:45:00,1316.8845000000001,1317.3764999999999,1315.6025,1315.6025
2014-02-20 18:00:00,1315.621,1317.0545,1315.594,1316.6354999999999
2014-02-20 18:15:00,1316.625,1317.4795,1316.3415,1317.1979999999999
2014-02-20 18:30:00,1317.2065,1317.4925,1316.7895,1317.0845
2014-02-20 18:45:00,1317.1345,1317.9589999999998,1316.7945,1317.5895
2014-02-20 19:00:00,1317.5955,1318.79,1317.086,1317.3895
2014-02-20 19:15:00,1317.4044999999999,1317.9544999999998,1316.7845,1317.3895
2014-02-20 19:30:00,1317.3860000000002,1319.2959999999998,1317.1845,1319.2959999999998
2014-02-20 19:45:00,1319.2945000000002,1322.336,1319.101,1320.9965
2014-02-20 20:00:00,1321.0049999999999,1321.6484999999998,1320.4705000000001,1321.1005
2014-02-20 20:15:00,1321.106,1323.761,1321.093,1322.8664999999999
2014-02-20 20:30:00,1322.9165,1324.4520000000002,1322.9165,1323.858
2014-02-20 20:45:00,1323.908,1325.1115,1322.9115,1324.086
2014-02-20 21:00:00,1324.0155,1324.0155,1323.022,1323.2700000000002
2014-02-20 21:15:00,1323.2659999999998,1323.4915,1322.641,1322.641
2014-02-20 21:30:00,1322.6415,1324.4669999999999,1322.6415,1322.9895
2014-02-20 21:45:00,1322.9859999999999,1323.114,1322.712,1323.069
2014-02-20 22:00:00,1323.081,1323.081,1323.081,1323.081
2014-02-20 23:00:00,1323.1999999999998,1323.1999999999998,1322.095,1322.346
2014-02-20 23:15:00,1322.336,1322.7160000000001,1321.826,1321.9195
2014-02-20 23:30:00,1321.935,1321.935,1321.004,1321.1195
2014-02-20 23:45:00,1321.1209999999999,1321.2575000000002,1320.4145,1320.824
2014-02-21 01:00:00,1319.777,1319.882,1318.603,1319.14
2014-02-21 01:15:00,1319.13,1319.4945,1318.6845,1319.3799999999999
2014-02-21 01:30:00,1319.37,1321.167,1319.3004999999998,1320.9134999999999
2014-02-21 01:45:00,1320.904,1320.9745,1319.802,1319.8615
2014-02-21 02:00:00,1319.9045,1320.9424999999999,1319.6805000000002,1320.6845
2014-02-21 02:15:00,1320.6765,1320.75,1319.815,1319.9
2014-02-21 02:30:00,1319.923,1320.12,1319.49,1319.49
2014-02-21 02:45:00,1319.51,1320.0005,1319.1905,1319.7700000000002
2014-02-21 03:00:00,1319.774,1319.95,1319.17,1319.36
2014-02-21 03:15:00,1319.3419999999999,1319.3419999999999,1316.4905,1317.7289999999998
2014-02-21 03:30:00,1317.701,1317.889,1316.69,1316.71
2014-02-21 03:45:00,1316.7115,1317.1165,1316.6004999999998,1316.9499999999998
2014-02-21 04:00:00,1316.9724999999999,1318.0800000000002,1316.9724999999999,1317.9495
2014-02-21 04:15:00,1317.95,1317.952,1317.472,1317.6245000000001
2014-02-21 04:30:00,1317.6295,1318.2715,1317.6295,1318.041
2014-02-21 04:45:00,1318.0245,1318.136,1317.614,1317.7694999999999
2014-02-21 05:00:00,1317.7640000000001,1318.034,1317.0300000000002,1317.0725
2014-02-21 05:15:00,1317.067,1317.145,1316.1850000000002,1316.89
2014-02-21 05:30:00,1316.8885,1317.7665000000002,1316.73,1317.3739999999998
2014-02-21 05:45:00,1317.3674999999998,1317.57,1316.6105,1317.0705000000003
2014-02-21 06:00:00,1317.065,1318.003,1316.92,1317.7499999999998
2014-02-21 06:15:00,1317.7205000000001,1318.4185,1317.4615,1318.415
2014-02-21 06:30:00,1318.445,1319.561,1318.336,1319.262
2014-02-21 06:45:00,1319.2740000000001,1319.849,1318.352,1318.6299999999999
2014-02-21 07:00:00,1318.6264999999999,1320.1180000000002,1318.5539999999999,1319.835
2014-02-21 07:15:00,1319.845,1320.464,1319.1735,1319.3570000000002
2014-02-21 07:30:00,1319.3495,1319.893,1319.1744999999999,1319.3764999999999
2014-02-21 07:45:00,1319.3999999999999,1321.403,1319.3999999999999,1321.0800000000002
2014-02-21 08:00:00,1321.0465,1322.328,1320.5715000000002,1322.275
2014-02-21 08:15:00,1322.239,1322.76,1320.279,1320.773
2014-02-21 08:30:00,1320.7665,1321.068,1320.0445,1320.3885
2014-02-21 08:45:00,1320.431,1321.275,1320.0725,1320.158
2014-02-21 09:00:00,1320.1170000000002,1320.1399999999999,1318.6905,1319.8615
2014-02-21 09:15:00,1320.0175,1320.762,1319.258,1320.022
2014-02-21 09:30:00,1320.009,1320.824,1319.467,1320.824
2014-02-21 09:45:00,1320.839,1321.4850000000001,1320.163,1321.185
2014-02-21 10:00:00,1321.211,1321.4605,1319.863,1320.165
2014-02-21 10:15:00,1320.143,1320.9105000000002,1319.29,1320.9105000000002
2014-02-21 10:30:00,1320.973,1321.3905,1320.34,1320.921
2014-02-21 10:45:00,1320.9565000000002,1321.236,1320.473,1320.478
2014-02-21 11:00:00,1320.4705000000001,1321.454,1320.1715,1320.551
2014-02-21 11:15:00,1320.571,1321.367,1320.461,1321.2250000000001
2014-02-21 11:30:00,1321.212,1322.012,1321.1125,1321.7095
2014-02-21 11:45:00,1321.7055,1321.894,1321.3,1321.607
2014-02-21 12:00:00,1321.578,1322.235,1321.139,1322.1
2014-02-21 12:15:00,1322.0849999999998,1323.221,1322.0520000000001,1322.814
2014-02-21 12:30:00,1322.8020000000001,1323.171,1321.843,1322.239
2014-02-21 12:45:00,1322.236,1322.345,1321.336,1321.837
2014-02-21 13:00:00,1321.852,1324.4530000000002,1321.2820000000002,1323.9605000000001
2014-02-21 13:15:00,1323.951,1325.5624999999998,1322.727,1323.002
2014-02-21 13:30:00,1322.982,1323.601,1322.2865,1322.971
2014-02-21 13:45:00,1322.981,1323.099,1321.461,1322.0880000000002
2014-02-21 14:00:00,1322.0790000000002,1322.8220000000001,1321.465,1322.568
2014-02-21 14:15:00,1322.552,1323.459,1322.1170000000002,1323.2890000000002
2014-02-21 14:30:00,1323.3139999999999,1323.511,1322.894,1323.09
2014-02-21 14:45:00,1323.105,1324.4489999999998,1323.0394999999999,1323.74
2014-02-21 15:00:00,1323.7200000000003,1323.865,1323.103,1323.2420000000002
2014-02-21 15:15:00,1323.2569999999998,1324.761,1323.108,1324.2285
2014-02-21 15:30:00,1324.223,1324.223,1321.5065,1322.308
2014-02-21 15:45:00,1322.325,1322.799,1321.822,1322.665
2014-02-21 16:00:00,1322.679,1322.9289999999999,1319.575,1319.896
2014-02-21 16:15:00,1319.8595,1320.561,1319.242,1320.284
2014-02-21 16:30:00,1320.299,1320.805,1319.954,1320.4609999999998
2014-02-21 16:45:00,1320.459,1320.584,1319.501,1320.579
2014-02-21 17:00:00,1320.572,1322.1634999999999,1320.3184999999999,1322.0884999999998
2014-02-21 17:15:00,1322.0504999999998,1322.0535,1320.9399999999998,1321.34
2014-02-21 17:30:00,1321.3129999999999,1321.962,1320.9845,1321.8435
2014-02-21 17:45:00,1321.8535,1322.2595000000001,1320.8500000000001,1320.8905
2014-02-21 18:00:00,1320.9054999999998,1323.789,1320.9054999999998,1323.4615000000001
2014-02-21 18:15:00,1323.4745,1324.3590000000002,1323.027,1323.6979999999999
2014-02-21 18:30:00,1323.6505000000002,1327.3955,1323.1850000000002,1325.862
2014-02-21 18:45:00,1325.842,1326.8995,1324.9405,1325.4840000000002
2014-02-21 19:00:00,1325.4985000000001,1325.625,1324.385,1325.5845000000002
2014-02-21 19:15:00,1325.5355,1328.15,1325.159,1327.877
2014-02-21 19:30:00,1327.9125000000001,1328.64,1327.3155,1327.9395000000002
2014-02-21 19:45:00,1327.947,1328.047,1323.2289999999998,1324.334
2014-02-21 20:00:00,1324.348,1325.113,1324.0729999999999,1324.493
2014-02-21 20:15:00,1324.5,1325.089,1324.0964999999999,1324.373
2014-02-21 20:30:00,1324.3590000000002,1324.8110000000001,1324.0024999999998,1324.731
2014-02-21 20:45:00,1324.75,1324.788,1323.6094999999998,1323.6519999999998
2014-02-21 21:00:00,1323.6709999999998,1324.3500000000001,1322.595,1323.4795
2014-02-21 21:15:00,1323.465,1323.85,1323.2105000000001,1323.3945
2014-02-21 21:30:00,1323.3845,1323.55,1323.095,1323.3155
2014-02-21 21:45:00,1323.32,1324.5395,1323.2254999999998,1324.285
2014-02-23 23:00:00,1325.5700000000002,1325.9550000000002,1324.0320000000002,1324.1309999999999
2014-02-23 23:15:00,1324.1399999999999,1324.495,1324.119,1324.2835
2014-02-23 23:30:00,1324.3005,1324.3005,1323.1915000000001,1323.672
2014-02-23 23:45:00,1323.685,1324.2375,1323.6274999999998,1324.2060000000001
2014-02-24 01:00:00,1324.6145,1324.9734999999998,1318.867,1320.1989999999998
2014-02-24 01:15:00,1320.184,1321.9675,1319.8799999999999,1321.028
2014-02-24 01:30:00,1321.025,1321.9855,1320.2615,1321.9089999999999
2014-02-24 01:45:00,1321.8965,1322.136,1320.9099999999999,1322.005
2014-02-24 02:00:00,1321.9825,1322.0684999999999,1320.7805,1321.53
2014-02-24 02:15:00,1321.5,1322.045,1321.05,1321.8
2014-02-24 02:30:00,1321.7905,1321.8365000000001,1320.2655,1320.9265
2014-02-24 02:45:00,1320.9299999999998,1321.795,1320.587,1321.3059999999998
2014-02-24 03:00:00,1321.3190000000002,1321.8305,1320.937,1321.8205
2014-02-24 03:15:00,1321.7705,1321.7705,1320.8755,1321.1415
2014-02-24 03:30:00,1321.14,1321.54,1321.014,1321.014
2014-02-24 03:45:00,1321.02,1321.745,1320.95,1321.64
2014-02-24 04:00:00,1321.6475,1321.6699999999998,1320.154,1320.5359999999998
2014-02-24 04:15:00,1320.5255000000002,1321.411,1320.5255000000002,1321.405
2014-02-24 04:30:00,1321.385,1322.495,1321.2925,1322.274
2014-02-24 04:45:00,1322.2755,1322.4315000000001,1322.1599999999999,1322.2025
2014-02-24 05:00:00,1322.193,1322.193,1321.178,1321.399
2014-02-24 05:15:00,1321.389,1322.1154999999999,1321.369,1322.0829999999999
2014-02-24 05:30:00,1322.0759999999998,1324.176,1322.0749999999998,1324.1725000000001
2014-02-24 05:45:00,1324.155,1327.1634999999999,1324.1235,1326.2255
2014-02-24 06:00:00,1326.2275,1326.3310000000001,1324.65,1325.1045000000001
2014-02-24 06:15:00,1325.1000000000001,1325.46,1324.8999999999999,1325.058
2014-02-24 06:30:00,1325.043,1327.941,1324.9840000000002,1327.738
2014-02-24 06:45:00,1327.7285,1328.5275,1327.026,1328.196
2014-02-24 07:00:00,1328.1905,1328.56,1326.6985,1327.0185000000001
2014-02-24 07:15:00,1327.0335,1327.5995,1326.9904999999999,1327.1195
2014-02-24 07:30:00,1327.1129999999998,1330.98,1327.0145,1330.3754999999999
2014-02-24 07:45:00,1330.3899999999999,1331.8705,1329.068,1329.336
2014-02-24 08:00:00,1329.308,1330.519,1328.3585,1330.185
2014-02-24 08:15:00,1330.178,1330.7575,1329.355,1330.4125
2014-02-24 08:30:00,1330.405,1332.105,1330.348,1330.8675
2014-02-24 08:45:00,1330.864,1331.493,1330.5715,1330.9975000000002
2014-02-24 09:00:00,1330.977,1331.182,1329.524,1329.851
2014-02-24 09:15:00,1329.8375,1331.4579999999999,1329.8335000000002,1330.9795000000001
2014-02-24 09:30:00,1330.953,1334.0095,1330.2734999999998,1333.691
2014-02-24 09:45:00,1333.606,1334.3005,1332.6094999999998,1333.9965
2014-02-24 10:00:00,1334.0065,1334.6070000000002,1333.344,1333.5810000000001
2014-02-24 10:15:00,1333.5865000000001,1334.041,1333.3690000000001,1333.8315000000002
2014-02-24 10:30:00,1333.8415000000002,1334.0035,1332.9375,1333.5895
2014-02-24 10:45:00,1333.68,1334.29,1333.68,1333.999
2014-02-24 11:00:00,1333.995,1337.0545,1333.72,1336.477
2014-02-24 11:15:00,1336.4850000000001,1336.542,1333.98,1333.98
2014-02-24 11:30:00,1334.0295,1334.287,1331.8165000000001,1332.743
2014-02-24 11:45:00,1332.723,1333.4795,1332.319,1332.8605
2014-02-24 12:00:00,1332.846,1333.0349999999999,1331.029,1332.451
2014-02-24 12:15:00,1332.46,1333.5910000000001,1332.447,1332.829
2014-02-24 12:30:00,1332.833,1333.523,1332.2040000000002,1332.753
2014-02-24 12:45:00,1332.7675,1334.2835,1332.7,1332.951
2014-02-24 13:00:00,1332.967,1333.8105,1331.762,1332.778
2014-02-24 13:15:00,1332.803,1333.688,1331.147,1331.3145
2014-02-24 13:30:00,1331.301,1332.938,1331.248,1332.161
2014-02-24 13:45:00,1332.143,1332.2009999999998,1330.808,1331.118
2014-02-24 14:00:00,1331.1305,1334.1740000000002,1328.712,1333.9544999999998
2014-02-24 14:30:00,1333.295,1334.5880000000002,1332.9930000000002,1334.074
2014-02-24 14:45:00,1334.1239999999998,1334.1239999999998,1331.615,1332.3865
2014-02-24 15:00:00,1332.305,1337.004,1332.115,1334.8790000000001
2014-02-24 15:15:00,1334.845,1338.068,1334.789,1337.0895
2014-02-24 15:30:00,1337.0795,1337.1985,1335.431,1336.595
2014-02-24 15:45:00,1336.5974999999999,1337.3135000000002,1336.2169999999999,1336.8905
2014-02-24 16:00:00,1336.8880000000001,1338.644,1336.232,1338.431
2014-02-24 16:15:00,1338.44,1339.0375,1337.92,1338.4464999999998
2014-02-24 16:30:00,1338.4409999999998,1338.827,1336.9405000000002,1337.8305
2014-02-24 16:45:00,1337.836,1337.836,1336.5425,1336.8175
2014-02-24 17:00:00,1336.8120000000001,1338.4094999999998,1336.6645,1338.3395
2014-02-24 17:15:00,1338.3015,1338.3015,1336.979,1337.004
2014-02-24 17:30:00,1337.0045,1337.5315,1336.6845,1337.0695
2014-02-24 17:45:00,1337.0145,1337.0145,1336.1644999999999,1336.5845
2014-02-24 18:00:00,1336.5995,1337.1595,1336.4695000000002,1336.6395
2014-02-24 18:15:00,1336.6245,1338.3065,1336.6245,1337.7065
2014-02-24 18:30:00,1337.7240000000002,1338.2595000000001,1337.6565,1338.1745
2014-02-24 18:45:00,1338.1595,1338.1895,1337.5595,1337.9395
2014-02-24 19:00:00,1337.8935000000001,1338.0545,1336.9485000000002,1337.2595000000001
2014-02-24 19:15:00,1337.2745,1337.3885,1336.4395,1337.3845
2014-02-24 19:30:00,1337.3885,1338.35,1337.3595,1338.2794999999999
2014-02-24 19:45:00,1338.2895,1338.6145,1337.4895,1337.8890000000001
2014-02-24 20:00:00,1337.7915,1338.1735,1337.015,1337.4189999999999
2014-02-24 20:15:00,1337.4089999999999,1337.426,1336.8175,1337.087
2014-02-24 20:30:00,1337.05,1337.0725,1336.2945,1336.8974999999998
2014-02-24 20:45:00,1336.9475000000002,1338.22,1336.388,1338.156
2014-02-24 21:00:00,1338.1060000000002,1338.1309999999999,1336.1895,1336.265
2014-02-24 21:15:00,1336.2585,1336.9524999999999,1336.2585,1336.7535
2014-02-24 21:30:00,1336.735,1337.097,1336.5615,1337.0595
2014-02-24 21:45:00,1337.112,1337.1295,1336.717,1336.9589999999998
2014-02-24 22:00:00,1336.9440000000002,1336.9589999999998,1336.9440000000002,1336.9589999999998
2014-02-24 23:00:00,1336.1650000000002,1336.25,1334.7415,1335.013
2014-02-24 23:15:00,1335.043,1335.445,1334.706,1335.3660000000002
2014-02-24 23:30:00,1335.379,1336.4035000000001,1335.2705,1335.3310000000001
2014-02-24 23:45:00,1335.356,1337.1415,1334.6875,1335.7424999999998
2014-02-25 01:00:00,1336.6544999999999,1338.22,1335.45,1337.9905
2014-02-25 01:15:00,1337.998,1337.999,1336.01,1336.614
2014-02-25 01:30:00,1336.608,1336.7179999999998,1334.834,1335.7199999999998
2014-02-25 01:45:00,1335.7234999999998,1336.0955000000001,1333.077,1333.5315
2014-02-25 02:00:00,1333.5465,1336.1995,1333.1399999999999,1334.4695000000002
2014-02-25 02:15:00,1334.48,1334.7395,1333.0580000000002,1333.2695
2014-02-25 02:30:00,1333.2795,1333.972,1333.2795,1333.5265
2014-02-25 02:45:00,1333.5465,1333.566,1332.5600000000002,1332.6019999999999
2014-02-25 03:00:00,1332.6090000000002,1333.4095000000002,1332.4750000000001,1332.8980000000001
2014-02-25 03:15:00,1332.8755,1333.3780000000002,1332.6899999999998,1333.1475
2014-02-25 03:30:00,1333.162,1334.1125,1333.144,1333.7475
2014-02-25 03:45:00,1333.7325,1333.995,1333.0925,1333.133
2014-02-25 04:00:00,1333.139,1333.3725,1332.4585,1333.3725
2014-02-25 04:15:00,1333.353,1333.3625,1333.0539999999999,1333.1035
2014-02-25 04:30:00,1333.097,1333.7085,1333.0200000000002,1333.281
2014-02-25 04:45:00,1333.288,1333.7900000000002,1333.202,1333.3075000000001
2014-02-25 05:00:00,1333.2575,1334.6699999999998,1332.786,1334.4665
2014-02-25 05:15:00,1334.473,1334.8055,1333.599,1334.2604999999999
2014-02-25 05:30:00,1334.2455,1334.9215000000002,1333.8805,1334.3120000000001
2014-02-25 05:45:00,1334.318,1334.48,1333.895,1334.2965
2014-02-25 06:00:00,1334.289,1334.877,1333.964,1334.1200000000001
2014-02-25 06:15:00,1334.1115,1335.0545,1334.0065,1335.051
2014-02-25 06:30:00,1335.031,1335.6815000000001,1334.3255,1334.674
2014-02-25 06:45:00,1334.657,1334.8814999999997,1333.106,1334.816
2014-02-25 07:00:00,1334.8225,1334.8425,1333.3964999999998,1334.018
2014-02-25 07:15:00,1334.004,1334.6365,1333.4060000000002,1333.6495
2014-02-25 07:30:00,1333.666,1334.677,1332.57,1333.142
2014-02-25 07:45:00,1333.1275,1334.299,1333.0069999999998,1333.94
2014-02-25 08:00:00,1333.8805,1335.617,1333.7455,1335.458
2014-02-25 08:15:00,1335.4279999999999,1337.2495000000001,1335.1615,1336.5945
2014-02-25 08:30:00,1336.5835,1337.1085,1335.483,1336.079
2014-02-25 08:45:00,1336.0435,1336.8515,1335.674,1336.816
2014-02-25 09:00:00,1336.779,1337.88,1335.703,1336.1384999999998
2014-02-25 09:15:00,1336.097,1336.3735,1335.231,1335.5235
2014-02-25 09:30:00,1335.5085000000001,1335.5584999999999,1335.0655,1335.1200000000001
2014-02-25 09:45:00,1335.114,1335.471,1334.7105,1335.4009999999998
2014-02-25 10:00:00,1335.399,1335.7269999999999,1334.7425,1335.0059999999999
2014-02-25 10:15:00,1335.022,1335.531,1334.5859999999998,1334.817
2014-02-25 10:30:00,1334.8105,1334.817,1331.3485,1332.293
2014-02-25 10:45:00,1332.304,1333.2179999999998,1331.7069999999999,1332.969
2014-02-25 11:00:00,1332.958,1334.4825,1332.869,1334.32
2014-02-25 11:15:00,1334.314,1334.61,1333.362,1333.362
2014-02-25 11:30:00,1333.4009999999998,1334.3185,1333.2575,1334.23
2014-02-25 11:45:00,1334.2549999999999,1334.9634999999998,1334.027,1334.6174999999998
2014-02-25 12:00:00,1334.6119999999999,1334.6409999999998,1332.045,1332.245
2014-02-25 12:15:00,1332.249,1333.524,1332.249,1332.72
2014-02-25 12:30:00,1332.7085,1335.3870000000002,1332.535,1334.363
2014-02-25 12:45:00,1334.385,1336.3015,1333.8100000000002,1335.6185
2014-02-25 13:00:00,1335.621,1336.5995,1334.909,1335.884
2014-02-25 13:15:00,1335.883,1337.173,1335.4320000000002,1336.951
2014-02-25 13:30:00,1336.9565,1337.7255,1335.884,1335.98
2014-02-25 13:45:00,1336.008,1336.615,1335.4555,1336.28
2014-02-25 14:00:00,1336.2995,1336.4799999999998,1335.0835,1335.238
2014-02-25 14:15:00,1335.23,1335.2535,1333.667,1334.1509999999998
2014-02-25 14:30:00,1334.1905000000002,1338.0990000000002,1333.891,1336.7035
2014-02-25 14:45:00,1336.708,1338.0575000000001,1336.669,1337.9
2014-02-25 15:00:00,1337.88,1340.7625,1337.81,1338.865
2014-02-25 15:15:00,1338.8685,1340.5104999999999,1338.5149999999999,1339.1200000000001
2014-02-25 15:30:00,1339.0995,1339.687,1338.371,1339.374
2014-02-25 15:45:00,1339.408,1339.913,1338.7955,1339.913
2014-02-25 16:00:00,1339.892,1342.2314999999999,1339.588,1340.8850000000002
2014-02-25 16:15:00,1340.8940000000002,1342.2069999999999,1340.8529999999998,1341.5910000000001
2014-02-25 16:30:00,1341.6105,1342.07,1340.85,1341.666
2014-02-25 16:45:00,1341.6745,1342.847,1341.6745,1341.9675
2014-02-25 17:00:00,1341.9924999999998,1342.4735,1341.54,1341.8715
2014-02-25 17:15:00,1341.829,1342.3835000000001,1341.1415,1342.1845
2014-02-25 17:30:00,1342.195,1343.1895000000002,1341.8895,1342.9995
2014-02-25 17:45:00,1343.001,1343.4795000000001,1342.3795,1342.5945
2014-02-25 18:00:00,1342.5765000000001,1343.346,1341.7805,1343.302
2014-02-25 18:15:00,1343.305,1343.4550000000002,1342.4334999999999,1342.5895
2014-02-25 18:30:00,1342.586,1342.8535,1342.2895,1342.8125000000002
2014-02-25 18:45:00,1342.8145,1342.8585,1342.2945,1342.3944999999999
2014-02-25 19:00:00,1342.4095000000002,1342.7704999999999,1342.2945,1342.4795
2014-02-25 19:15:00,1342.4895,1343.4045,1342.3795,1343.252
2014-02-25 19:30:00,1343.2685,1343.759,1342.8094999999998,1342.8094999999998
2014-02-25 19:45:00,1342.8595,1343.411,1342.8094999999998,1343.1999999999998
2014-02-25 20:00:00,1343.211,1343.316,1342.7160000000001,1343.3
2014-02-25 20:15:00,1343.291,1343.291,1340.4589999999998,1340.864
2014-02-25 20:30:00,1340.8139999999999,1341.546,1340.1444999999999,1340.609
2014-02-25 20:45:00,1340.659,1340.789,1339.741,1340.6105
2014-02-25 21:00:00,1340.604,1342.108,1340.4679999999998,1340.66
2014-02-25 21:15:00,1340.675,1340.8390000000002,1340.3295,1340.8149999999998
2014-02-25 21:30:00,1340.7965000000002,1341.076,1340.7350000000001,1340.8670000000002
2014-02-25 21:45:00,1340.8310000000001,1340.925,1340.294,1340.586
2014-02-25 22:00:00,1340.61,1340.61,1340.598,1340.598
2014-02-25 23:00:00,1340.8999999999999,1341.055,1340.155,1340.7705
2014-02-25 23:15:00,1340.7095,1341.046,1340.586,1340.869
2014-02-25 23:30:00,1340.8429999999998,1341.468,1340.7815,1341.2785
2014-02-25 23:45:00,1341.272,1341.3029999999999,1341.0149999999999,1341.2205
2014-02-26 01:00:00,1339.6844999999998,1341.3,1339.5005,1340.7325
2014-02-26 01:15:00,1340.71,1340.95,1338.4375,1338.655
2014-02-26 01:30:00,1338.6455,1339.6650000000002,1337.97,1338.4715
2014-02-26 01:45:00,1338.4699999999998,1339.1095,1338.351,1338.9009999999998
2014-02-26 02:00:00,1338.8860000000002,1338.9105,1337.7500000000002,1338.57
2014-02-26 02:15:00,1338.56,1339.075,1338.4910000000002,1338.8905000000002
2014-02-26 02:30:00,1338.8995,1339.0594999999998,1338.5595,1338.8549999999998
2014-02-26 02:45:00,1338.8594999999998,1340.162,1338.7165,1340.162
2014-02-26 03:00:00,1340.185,1340.8345000000002,1339.859,1340.39
2014-02-26 03:15:00,1340.3105,1341.07,1340.0739999999998,1341.07
2014-02-26 03:30:00,1341.0895,1342.0125,1340.995,1341.01
2014-02-26 03:45:00,1341.0055,1341.2565,1340.3445000000002,1341.07
2014-02-26 04:00:00,1341.0845,1341.2870000000003,1340.6065,1341.2069999999999
2014-02-26 04:15:00,1341.1850000000002,1341.1850000000002,1340.5955,1340.5955
2014-02-26 04:30:00,1340.5995,1340.8085,1340.3655,1340.4675
2014-02-26 04:45:00,1340.4624999999999,1340.4624999999999,1339.7794999999999,1340.2045
2014-02-26 05:00:00,1340.195,1340.22,1339.91,1340.1205
2014-02-26 05:15:00,1340.12,1341.2285000000002,1340.0700000000002,1341.1805000000002
2014-02-26 05:30:00,1341.1745,1341.894,1340.6315,1341.894
2014-02-26 05:45:00,1341.8990000000001,1343.9315000000001,1341.6889999999999,1343.4315
2014-02-26 06:00:00,1343.452,1344.4904999999999,1343.3765,1344.328
2014-02-26 06:15:00,1344.303,1344.512,1342.8799999999999,1343.909
2014-02-26 06:30:00,1343.8655,1345.0520000000001,1343.647,1344.6885
2014-02-26 06:45:00,1344.6960000000001,1345.5394999999999,1342.868,1343.093
2014-02-26 07:00:00,1343.111,1344.7749999999999,1342.889,1344.1409999999998
2014-02-26 07:15:00,1344.127,1344.2775000000001,1343.421,1343.5494999999999
2014-02-26 07:30:00,1343.5425,1344.1470000000002,1341.9184999999998,1342.3500000000001
2014-02-26 07:45:00,1342.3565,1342.895,1341.713,1342.685
2014-02-26 08:00:00,1342.6345,1342.8025,1340.8470000000002,1341.0415
2014-02-26 08:15:00,1341.0365,1341.8715,1340.856,1341.363
2014-02-26 08:30:00,1341.349,1341.791,1340.888,1341.597
2014-02-26 08:45:00,1341.5929999999998,1342.424,1341.532,1342.357
2014-02-26 09:00:00,1342.3410000000001,1343.15,1341.6754999999998,1342.142
2014-02-26 09:15:00,1342.15,1342.565,1341.3880000000001,1342.465
2014-02-26 09:30:00,1342.4565000000002,1342.588,1341.0555,1341.644
2014-02-26 09:45:00,1341.6280000000002,1341.8445,1340.504,1340.878
2014-02-26 10:00:00,1340.863,1341.0040000000001,1340.432,1340.645
2014-02-26 10:15:00,1340.6299999999999,1341.293,1340.4785,1340.884
2014-02-26 10:30:00,1340.9085,1340.93,1339.86,1340.6689999999999
2014-02-26 10:45:00,1340.6275,1341.2469999999998,1338.652,1339.3435
2014-02-26 11:00:00,1339.3239999999998,1340.12,1338.6699999999998,1339.7575
2014-02-26 11:15:00,1339.7725,1339.894,1339.0305,1339.101
2014-02-26 11:30:00,1339.1015,1339.8239999999998,1338.577,1338.98
2014-02-26 11:45:00,1338.9950000000001,1339.5705,1338.5349999999999,1338.94
2014-02-26 12:00:00,1338.915,1338.915,1337.1135,1337.674
2014-02-26 12:15:00,1337.664,1338.0929999999998,1336.473,1336.731
2014-02-26 12:30:00,1336.7225,1336.781,1335.1225,1335.5539999999999
2014-02-26 12:45:00,1335.5445,1335.5445,1332.0425,1332.0425
2014-02-26 13:00:00,1332.0275,1332.616,1329.9495,1331.757
2014-02-26 13:15:00,1331.737,1333.277,1329.6205,1332.6985
2014-02-26 13:30:00,1332.5859999999998,1334.311,1331.7830000000001,1334.1979999999999
2014-02-26 13:45:00,1334.182,1335.003,1333.394,1333.417
2014-02-26 14:00:00,1333.4109999999998,1334.427,1333.0140000000001,1333.714
2014-02-26 14:15:00,1333.6955,1334.077,1332.3825,1333.195
2014-02-26 14:30:00,1333.185,1335.507,1330.976,1335.3909999999998
2014-02-26 14:45:00,1335.3919999999998,1335.694,1332.957,1333.28
2014-02-26 15:00:00,1333.28,1333.491,1328.923,1331.382
2014-02-26 15:15:00,1331.373,1333.204,1331.1385,1332.5315
2014-02-26 15:30:00,1332.5385,1332.692,1329.5465,1330.3429999999998
2014-02-26 15:45:00,1330.3574999999998,1330.9674999999997,1322.415,1324.667
2014-02-26 16:00:00,1324.7015000000001,1325.815,1322.8159999999998,1325.15
2014-02-26 16:15:00,1325.104,1326.3615,1324.904,1325.6209999999999
2014-02-26 16:30:00,1325.6109999999999,1326.904,1325.4829999999997,1325.5710000000001
2014-02-26 16:45:00,1325.5610000000001,1326.4379999999999,1324.6885,1326.128
2014-02-26 17:00:00,1326.15,1326.538,1325.9215000000002,1326.3355000000001
2014-02-26 17:15:00,1326.3300000000002,1327.304,1325.0295,1326.941
2014-02-26 17:30:00,1326.9315000000001,1328.0155,1326.2535,1327.7125
2014-02-26 17:45:00,1327.708,1329.4015,1327.6895,1329.3509999999999
2014-02-26 18:00:00,1329.341,1330.0935,1328.6895000000002,1329.722
2014-02-26 18:15:00,1329.7275,1329.794,1327.5179999999998,1328.003
2014-02-26 18:30:00,1327.9805,1329.3605,1327.801,1328.815
2014-02-26 18:45:00,1328.7994999999999,1329.3995,1328.4505,1329.1895
2014-02-26 19:00:00,1329.1905,1329.3995,1328.1845,1328.7075
2014-02-26 19:15:00,1328.7199999999998,1328.8909999999998,1327.813,1328.3045000000002
2014-02-26 19:30:00,1328.3090000000002,1329.221,1327.8305,1328.918
2014-02-26 19:45:00,1328.9434999999999,1329.396,1328.6960000000001,1329.196
2014-02-26 20:00:00,1329.2,1329.329,1328.4995,1328.6999999999998
2014-02-26 20:15:00,1328.7005000000001,1329.2,1328.6000000000001,1328.817
2014-02-26 20:30:00,1328.7975,1329.026,1328.2250000000001,1328.7785
2014-02-26 20:45:00,1328.7535,1329.079,1328.2,1328.986
2014-02-26 21:00:00,1329.0,1329.332,1328.6719999999998,1329.21
2014-02-26 21:15:00,1329.199,1329.978,1329.1779999999999,1329.8929999999998
2014-02-26 21:30:00,1329.8974999999998,1331.136,1329.8729999999998,1330.886
2014-02-26 21:45:00,1330.872,1331.185,1330.547,1330.6519999999998
2014-02-26 22:00:00,1330.64,1330.64,1330.64,1330.64
2014-02-26 23:00:00,1329.655,1331.0,1329.5,1330.5059999999999
2014-02-26 23:15:00,1330.49,1330.64,1329.8790000000001,1329.8790000000001
2014-02-26 23:30:00,1329.9019999999998,1330.6850000000002,1329.6455,1330.3529999999998
2014-02-26 23:45:00,1330.3229999999999,1331.262,1330.1925,1330.832
2014-02-27 01:00:00,1328.462,1330.0655,1326.975,1329.8400000000001
2014-02-27 01:15:00,1329.824,1330.035,1329.1190000000001,1329.5715
2014-02-27 01:30:00,1329.561,1330.2434999999998,1329.0890000000002,1330.074
2014-02-27 01:45:00,1330.08,1330.91,1329.8504999999998,1330.2495000000001
2014-02-27 02:00:00,1330.2440000000001,1330.3165,1328.6944999999998,1328.738
2014-02-27 02:15:00,1328.7500000000002,1329.5095,1328.518,1329.4315000000001
2014-02-27 02:30:00,1329.43,1329.4370000000001,1326.049,1326.07
2014-02-27 02:45:00,1326.06,1326.6295,1325.2794999999999,1325.819
2014-02-27 03:00:00,1325.804,1327.477,1325.5684999999999,1327.42
2014-02-27 03:15:00,1327.4185,1327.9164999999998,1327.0900000000001,1327.58
2014-02-27 03:30:00,1327.6064999999999,1327.8675,1327.2175,1327.2955
2014-02-27 03:45:00,1327.296,1327.8500000000001,1327.2955,1327.423
2014-02-27 04:00:00,1327.448,1327.4765,1326.5235,1326.839
2014-02-27 04:15:00,1326.864,1327.2200000000003,1326.7154999999998,1326.84
2014-02-27 04:30:00,1326.8345,1327.3955,1326.7105000000001,1327.2355
2014-02-27 04:45:00,1327.2255,1327.7235,1326.8955,1327.655
2014-02-27 05:00:00,1327.6525,1328.2085,1327.539,1327.5700000000002
2014-02-27 05:15:00,1327.5725,1327.9250000000002,1327.4279999999999,1327.9250000000002
2014-02-27 05:30:00,1327.9309999999998,1329.35,1327.815,1328.5155
2014-02-27 05:45:00,1328.531,1328.94,1327.6205,1327.9589999999998
2014-02-27 06:00:00,1327.9524999999999,1328.3764999999999,1326.982,1328.2435
2014-02-27 06:15:00,1328.2495000000001,1328.6155,1327.8105,1328.1275
2014-02-27 06:30:00,1328.1335000000001,1328.3460000000002,1327.3,1328.008
2014-02-27 06:45:00,1328.002,1328.8715,1327.956,1328.3155000000002
2014-02-27 07:00:00,1328.3075000000001,1329.4935,1328.247,1329.0859999999998
2014-02-27 07:15:00,1329.0955000000001,1329.411,1327.6605,1327.797
2014-02-27 07:30:00,1327.814,1328.0765,1326.3615000000002,1327.19
2014-02-27 07:45:00,1327.1789999999999,1327.1789999999999,1325.439,1326.2185
2014-02-27 08:00:00,1326.205,1326.5829999999999,1323.955,1325.2775
2014-02-27 08:15:00,1325.2855,1326.1,1324.502,1325.155
2014-02-27 08:30:00,1325.143,1326.131,1324.979,1325.6225
2014-02-27 08:45:00,1325.61,1325.7155,1324.2649999999999,1325.527
2014-02-27 09:00:00,1325.5369999999998,1326.8990000000001,1324.9895,1326.6405
2014-02-27 09:15:00,1326.653,1326.9295,1326.218,1326.812
2014-02-27 09:30:00,1326.801,1330.7445,1326.742,1330.7445
2014-02-27 09:45:00,1330.5755,1330.6245000000001,1329.1235000000001,1329.6605
2014-02-27 10:00:00,1329.7705,1333.1109999999999,1329.739,1332.327
2014-02-27 10:15:00,1332.3705,1332.914,1331.5525,1331.8795
2014-02-27 10:30:00,1331.869,1332.3845000000001,1330.5725,1331.74
2014-02-27 10:45:00,1331.746,1333.3905,1331.716,1333.231
2014-02-27 11:00:00,1333.211,1333.6905000000002,1331.5455,1331.7475
2014-02-27 11:15:00,1331.7225,1332.1315,1331.4254999999998,1332.0605
2014-02-27 11:30:00,1332.071,1332.4505,1331.3965,1331.7930000000001
2014-02-27 11:45:00,1331.8065000000001,1333.8875,1331.6065,1333.3999999999999
2014-02-27 12:00:00,1333.3555000000001,1333.6035,1331.664,1332.5015
2014-02-27 12:15:00,1332.5115,1333.54,1331.751,1332.3029999999999
2014-02-27 12:30:00,1332.2965,1332.413,1329.625,1330.4635
2014-02-27 12:45:00,1330.4534999999998,1332.3305,1330.335,1331.584
2014-02-27 13:00:00,1331.569,1331.589,1329.6725,1330.255
2014-02-27 13:15:00,1330.249,1332.638,1329.848,1332.115
2014-02-27 13:30:00,1332.2649999999999,1333.971,1330.596,1332.743
2014-02-27 13:45:00,1332.724,1333.019,1331.3645000000001,1332.0745
2014-02-27 14:00:00,1332.0729999999999,1332.6609999999998,1331.2705,1331.4620000000002
2014-02-27 14:15:00,1331.4675000000002,1332.473,1331.227,1332.192
2014-02-27 14:30:00,1332.2064999999998,1332.2160000000001,1329.6744999999999,1331.6000000000001
2014-02-27 14:45:00,1331.558,1332.763,1330.64,1332.046
2014-02-27 15:00:00,1332.152,1333.94,1331.3405,1333.3845000000001
2014-02-27 15:15:00,1333.3770000000002,1335.2475,1333.024,1334.333
2014-02-27 15:30:00,1334.348,1336.24,1333.4019999999998,1333.4479999999999
2014-02-27 15:45:00,1333.48,1334.375,1333.118,1333.135
2014-02-27 16:00:00,1333.12,1334.1425000000002,1332.5415,1333.737
2014-02-27 16:15:00,1333.7105000000001,1334.1889999999999,1333.0159999999998,1333.294
2014-02-27 16:30:00,1333.284,1333.597,1331.5249999999999,1332.587
2014-02-27 16:45:00,1332.5575000000001,1333.4569999999999,1331.702,1333.4569999999999
2014-02-27 17:00:00,1333.462,1334.1055000000001,1333.1715,1333.181
2014-02-27 17:15:00,1333.172,1333.906,1333.1154999999999,1333.5635
2014-02-27 17:30:00,1333.5735,1334.0085,1333.1895,1333.9289999999999
2014-02-27 17:45:00,1333.9775,1334.354,1333.4205000000002,1334.009
2014-02-27 18:00:00,1334.004,1334.3135,1332.6100000000001,1332.6154999999999
2014-02-27 18:15:00,1332.6000000000001,1332.8305,1331.1435,1331.6095
2014-02-27 18:30:00,1331.6185,1331.9965,1330.5055,1330.8035
2014-02-27 18:45:00,1330.8095,1331.154,1329.833,1329.9225
2014-02-27 19:00:00,1329.9254999999998,1330.207,1327.206,1327.309
2014-02-27 19:15:00,1327.3055,1328.8155,1327.025,1328.365
2014-02-27 19:30:00,1328.3615,1329.7065,1327.9105000000002,1329.603
2014-02-27 19:45:00,1329.615,1330.53,1329.0659999999998,1329.395
2014-02-27 20:00:00,1329.381,1329.714,1328.7559999999999,1329.622
2014-02-27 20:15:00,1329.684,1330.317,1329.4985000000001,1329.787
2014-02-27 20:30:00,1329.789,1331.539,1329.697,1331.109
2014-02-27 20:45:00,1331.116,1331.6174999999998,1330.2160000000001,1330.518
2014-02-27 21:00:00,1330.468,1331.2984999999999,1330.1925,1331.103
2014-02-27 21:15:00,1331.1455,1331.292,1330.984,1331.1415
2014-02-27 21:30:00,1331.1399999999999,1331.618,1330.934,1331.526
2014-02-27 21:45:00,1331.5225,1331.594,1331.081,1331.356
2014-02-27 22:00:00,1331.365,1331.3890000000001,1331.347,1331.347
2014-02-27 23:00:00,1331.31,1331.5,1330.558,1330.7925
2014-02-27 23:15:00,1330.7815,1331.0469999999998,1330.6995000000002,1331.011
2014-02-27 23:30:00,1330.9944999999998,1331.4340000000002,1330.816,1331.4170000000001
2014-02-27 23:45:00,1331.433,1331.695,1330.9950000000001,1331.5055000000002
2014-02-28 01:00:00,1331.2255,1333.0055000000002,1331.2255,1332.5055
2014-02-28 01:15:00,1332.491,1333.26,1332.465,1333.0005
2014-02-28 01:30:00,1333.0100000000002,1333.4250000000002,1332.4234999999999,1332.6855
2014-02-28 01:45:00,1332.6795,1332.7185,1331.7855,1332.1745
2014-02-28 02:00:00,1332.1645,1332.421,1331.683,1331.8899999999999
2014-02-28 02:15:00,1331.8405,1332.3799999999999,1331.6055,1332.0255
2014-02-28 02:30:00,1332.0155,1332.7955,1331.8935,1332.7775
2014-02-28 02:45:00,1332.78,1333.404,1332.35,1332.4655
2014-02-28 03:00:00,1332.4715,1332.5955000000001,1330.5800000000002,1330.6725000000001
2014-02-28 03:15:00,1330.6670000000001,1331.5865000000001,1330.6650000000002,1331.195
2014-02-28 03:30:00,1331.1995,1331.4645,1331.025,1331.04
2014-02-28 03:45:00,1331.0520000000001,1331.5584999999999,1330.743,1331.4440000000002
2014-02-28 04:00:00,1331.4785000000002,1331.5445,1329.806,1329.817
2014-02-28 04:15:00,1329.8110000000001,1330.2544999999998,1327.9995,1328.5855000000001
2014-02-28 04:30:00,1328.58,1328.925,1328.1845,1328.8135
2014-02-28 04:45:00,1328.7984999999999,1329.8539999999998,1328.2599999999998,1329.4840000000002
2014-02-28 05:00:00,1329.4695000000002,1330.6709999999998,1329.385,1330.34
2014-02-28 05:15:00,1330.3464999999999,1330.9245,1330.02,1330.87
2014-02-28 05:30:00,1330.857,1332.4945,1330.7400000000002,1332.445
2014-02-28 05:45:00,1332.4355,1332.6154999999999,1331.87,1332.0055
2014-02-28 06:00:00,1331.9904999999999,1331.9904999999999,1331.1905,1331.53
2014-02-28 06:15:00,1331.5415,1332.711,1331.2185,1332.3065
2014-02-28 06:30:00,1332.3015,1332.5375000000001,1331.5415,1332.2769999999998
2014-02-28 06:45:00,1332.291,1332.369,1329.4869999999999,1330.127
2014-02-28 07:00:00,1330.125,1331.4650000000001,1329.317,1331.0349999999999
2014-02-28 07:15:00,1331.0214999999998,1331.1995,1329.645,1329.9585
2014-02-28 07:30:00,1329.9485,1329.9485,1328.8999999999999,1329.4660000000001
2014-02-28 07:45:00,1329.4599999999998,1329.9665,1328.9125,1329.2
2014-02-28 08:00:00,1329.1599999999999,1329.808,1328.9705000000001,1329.1630000000002
2014-02-28 08:15:00,1329.1555,1331.0929999999998,1328.836,1330.606
2014-02-28 08:30:00,1330.5910000000001,1330.645,1329.3255,1329.6779999999999
2014-02-28 08:45:00,1329.6985,1329.7855,1327.24,1327.3385
2014-02-28 09:00:00,1327.3385,1327.9379999999999,1326.3600000000001,1327.814
2014-02-28 09:15:00,1327.798,1328.067,1325.8095,1325.8665
2014-02-28 09:30:00,1325.8655,1326.676,1325.2314999999999,1326.02
2014-02-28 09:45:00,1326.01,1327.5269999999998,1325.9335,1327.4705000000001
2014-02-28 10:00:00,1327.4885,1329.0695,1326.9470000000001,1328.834
2014-02-28 10:15:00,1328.841,1328.841,1327.6305,1328.3139999999999
2014-02-28 10:30:00,1328.3215,1329.384,1327.9395000000002,1329.1365
2014-02-28 10:45:00,1329.1399999999999,1330.4685,1328.9415,1330.26
2014-02-28 11:00:00,1330.2334999999998,1331.0514999999998,1330.165,1330.7549999999999
2014-02-28 11:15:00,1330.7415,1331.105,1329.8095,1330.515
2014-02-28 11:30:00,1330.47,1331.1105000000002,1330.445,1330.93
2014-02-28 11:45:00,1330.9395,1331.3215,1328.8855,1328.8855
2014-02-28 12:00:00,1328.7855,1329.73,1328.1765,1328.5215
2014-02-28 12:15:00,1328.5014999999999,1328.7054999999998,1327.72,1328.1415
2014-02-28 12:30:00,1328.145,1329.29,1328.1095,1329.2355
2014-02-28 12:45:00,1329.2365,1331.6364999999998,1329.2355,1330.9899999999998
2014-02-28 13:00:00,1330.9865,1333.0120000000002,1330.93,1332.525
2014-02-28 13:15:00,1332.512,1333.0349999999999,1331.0749999999998,1331.55
2014-02-28 13:30:00,1331.5405,1332.2800000000002,1330.501,1331.415
2014-02-28 13:45:00,1331.429,1331.753,1329.1640000000002,1330.124
2014-02-28 14:00:00,1330.108,1330.45,1329.608,1330.373
2014-02-28 14:15:00,1330.358,1331.3220000000001,1329.8595,1330.8485
2014-02-28 14:30:00,1330.865,1331.571,1328.3115,1330.1055000000001
2014-02-28 14:45:00,1330.0855000000001,1330.129,1326.8425,1327.02
2014-02-28 15:00:00,1327.115,1328.3515000000002,1325.692,1327.272
2014-02-28 15:15:00,1327.267,1328.2959999999998,1323.355,1324.186
2014-02-28 15:30:00,1324.176,1325.192,1322.8725000000002,1324.603
2014-02-28 15:45:00,1324.583,1326.4685,1324.17,1326.313
2014-02-28 16:00:00,1326.2965,1326.413,1325.1480000000001,1325.8365000000001
2014-02-28 16:15:00,1325.8355,1326.032,1323.8425,1324.7219999999998
2014-02-28 16:30:00,1324.721,1326.055,1324.263,1325.5635
2014-02-28 16:45:00,1325.5714999999998,1326.2325,1325.2095000000002,1325.448
2014-02-28 17:00:00,1325.4395,1326.3760000000002,1324.8535,1325.6795
2014-02-28 17:15:00,1325.6535,1326.0715,1325.061,1325.9715
2014-02-28 17:30:00,1325.9615000000001,1326.0214999999998,1323.9799999999998,1324.3105
2014-02-28 17:45:00,1324.249,1324.2549999999999,1321.3000000000002,1322.7015
2014-02-28 18:00:00,1322.7005,1323.9950000000001,1322.0565000000001,1323.3715
2014-02-28 18:15:00,1323.3705,1324.0549999999998,1321.1795,1321.2865000000002
2014-02-28 18:30:00,1321.2615,1321.9285,1319.8435,1320.3055
2014-02-28 18:45:00,1320.2105,1321.607,1320.02,1321.476
2014-02-28 19:00:00,1321.4995,1322.201,1320.8265000000001,1322.0759999999998
2014-02-28 19:15:00,1322.0165000000002,1323.299,1321.936,1322.636
2014-02-28 19:30:00,1322.661,1323.0795,1322.461,1322.8410000000001
2014-02-28 19:45:00,1322.8110000000001,1324.868,1322.791,1324.536
2014-02-28 20:00:00,1324.7444999999998,1327.646,1324.616,1325.8010000000002
2014-02-28 20:15:00,1325.7995,1328.7510000000002,1325.5994999999998,1328.446
2014-02-28 20:30:00,1328.421,1328.646,1326.718,1327.496
2014-02-28 20:45:00,1327.5055,1327.751,1323.4950000000001,1323.8799999999999
2014-02-28 21:00:00,1323.882,1326.0,1323.882,1325.385
2014-02-28 21:15:00,1325.455,1326.3950000000002,1325.2794999999999,1325.895
2014-02-28 21:30:00,1325.845,1326.2155,1325.0645,1325.9450000000002
2014-02-28 21:45:00,1325.9255,1326.5995,1325.905,1326.4099999999999
2014-03-02 23:00:00,1332.515,1337.77,1330.7995,1333.1725
2014-03-02 23:15:00,1333.157,1335.1855,1332.6205,1335.115
2014-03-02 23:30:00,1335.1145,1338.3845000000001,1334.677,1336.012
2014-03-02 23:45:00,1336.0145,1338.442,1335.808,1338.442
2014-03-03 01:00:00,1340.25,1343.9409999999998,1338.8799999999999,1343.426
2014-03-03 01:15:00,1343.42,1343.6565,1341.7000000000003,1342.1515
2014-03-03 01:30:00,1342.1665,1343.89,1341.8319999999999,1342.9105
2014-03-03 01:45:00,1342.9165,1343.5095000000001,1341.4515,1343.3145
2014-03-03 02:00:00,1343.3045,1344.8799999999999,1343.3045,1344.127
2014-03-03 02:15:00,1344.135,1344.6015,1342.7730000000001,1343.047
2014-03-03 02:30:00,1343.04,1343.5704999999998,1341.35,1342.53
2014-03-03 02:45:00,1342.5330000000001,1342.6995000000002,1342.2595000000001,1342.6995000000002
2014-03-03 03:00:00,1342.71,1343.5500000000002,1342.266,1343.479
2014-03-03 03:15:00,1343.4865,1344.115,1343.0225,1343.7865
2014-03-03 03:30:00,1343.8095,1343.8095,1341.82,1341.9765
2014-03-03 03:45:00,1341.9975000000002,1342.945,1341.737,1342.8875
2014-03-03 04:00:00,1342.893,1343.22,1341.5939999999998,1341.7125
2014-03-03 04:15:00,1341.7655,1342.595,1341.7655,1342.1945
2014-03-03 04:30:00,1342.2005000000001,1342.2155,1341.3335,1341.421
2014-03-03 04:45:00,1341.435,1342.3880000000001,1341.316,1341.9335
2014-03-03 05:00:00,1341.9235,1342.3535000000002,1341.6195,1342.1605
2014-03-03 05:15:00,1342.1680000000001,1342.8104999999998,1341.9924999999998,1342.542
2014-03-03 05:30:00,1342.5355,1343.8365000000001,1342.4895,1343.663
2014-03-03 05:45:00,1343.658,1343.8055,1342.8905,1343.5259999999998
2014-03-03 06:00:00,1343.4944999999998,1344.23,1343.3590000000002,1344.0275
2014-03-03 06:15:00,1344.0155,1344.6954999999998,1343.765,1344.1025
2014-03-03 06:30:00,1344.0905,1344.828,1343.9370000000001,1344.286
2014-03-03 06:45:00,1344.298,1344.4325,1342.999,1343.634
2014-03-03 07:00:00,1343.628,1348.152,1343.4685,1347.2659999999998
2014-03-03 07:15:00,1347.2745,1348.4345,1347.058,1347.6495
2014-03-03 07:30:00,1347.6375,1348.341,1346.7414999999999,1348.028
2014-03-03 07:45:00,1348.0349999999999,1350.2359999999999,1347.5555,1349.594
2014-03-03 08:00:00,1349.554,1349.955,1346.8615,1347.636
2014-03-03 08:15:00,1347.4515000000001,1347.828,1346.1685,1346.484
2014-03-03 08:30:00,1346.4745,1347.428,1346.249,1346.7675
2014-03-03 08:45:00,1346.76,1347.308,1346.275,1346.375
2014-03-03 09:00:00,1346.3695000000002,1346.7345,1343.931,1345.202
2014-03-03 09:15:00,1345.216,1346.0995,1344.1309999999999,1345.5040000000001
2014-03-03 09:30:00,1345.487,1346.2250000000001,1345.04,1345.7115
2014-03-03 09:45:00,1345.704,1345.7415,1343.547,1343.722
2014-03-03 10:00:00,1343.717,1344.662,1342.557,1343.073
2014-03-03 10:15:00,1343.108,1344.3380000000002,1342.878,1344.3180000000002
2014-03-03 10:30:00,1344.3245000000002,1345.252,1344.051,1345.124
2014-03-03 10:45:00,1345.139,1345.2095,1342.834,1343.0985
2014-03-03 11:00:00,1343.0895,1344.5225,1342.979,1344.09
2014-03-03 11:15:00,1344.103,1344.5695,1343.605,1344.5339999999999
2014-03-03 11:30:00,1344.549,1345.0765000000001,1344.1895,1344.347
2014-03-03 11:45:00,1344.3535000000002,1344.8754999999999,1343.3529999999998,1344.1275
2014-03-03 12:00:00,1344.1475,1344.792,1343.322,1344.6380000000001
2014-03-03 12:15:00,1344.608,1345.8819999999998,1344.17,1345.2920000000001
2014-03-03 12:30:00,1345.308,1346.7965,1343.619,1343.6615
2014-03-03 12:45:00,1343.6875,1345.6815000000001,1342.965,1345.354
2014-03-03 13:00:00,1345.338,1346.9645,1344.97,1346.792
2014-03-03 13:15:00,1346.808,1346.82,1344.504,1345.9099999999999
2014-03-03 13:30:00,1345.9505,1349.2275,1345.7315,1348.7169999999999
2014-03-03 13:45:00,1348.6725,1348.745,1347.222,1347.308
2014-03-03 14:00:00,1347.3015,1348.0855,1345.634,1346.109
2014-03-03 14:15:00,1346.135,1348.806,1345.765,1348.806
2014-03-03 14:30:00,1348.8020000000001,1348.8020000000001,1346.858,1348.753
2014-03-03 14:45:00,1348.7625,1351.459,1348.198,1349.9545
2014-03-03 15:00:00,1349.8290000000002,1350.487,1348.178,1350.2355
2014-03-03 15:15:00,1350.1844999999998,1353.541,1349.7804999999998,1352.5410000000002
2014-03-03 15:30:00,1352.5310000000002,1353.485,1351.6950000000002,1353.3325
2014-03-03 15:45:00,1353.3249999999998,1354.0315,1352.0620000000001,1352.807
2014-03-03 16:00:00,1352.7785,1354.585,1352.398,1354.01
2014-03-03 16:15:00,1354.0389999999998,1354.8475,1353.788,1353.895
2014-03-03 16:30:00,1353.8975,1354.1019999999999,1352.417,1353.2195
2014-03-03 16:45:00,1353.1875,1354.0939999999998,1353.079,1353.9995000000001
2014-03-03 17:00:00,1354.0125,1354.768,1352.7235,1352.8335
2014-03-03 17:15:00,1352.8535000000002,1353.5035,1350.6285,1352.5435
2014-03-03 17:30:00,1352.5684999999999,1352.8455000000001,1351.142,1351.654
2014-03-03 17:45:00,1351.6195,1352.344,1351.3944999999999,1351.5335
2014-03-03 18:00:00,1351.4935,1351.6200000000001,1350.7945,1351.112
2014-03-03 18:15:00,1351.0985,1351.0985,1348.8845000000001,1350.296
2014-03-03 18:30:00,1350.2865,1351.3,1349.306,1349.4160000000002
2014-03-03 18:45:00,1349.4054999999998,1349.9255,1348.8155,1349.316
2014-03-03 19:00:00,1349.326,1350.9035000000001,1348.717,1350.8635
2014-03-03 19:15:00,1350.8585,1351.8075,1349.59,1351.6155
2014-03-03 19:30:00,1351.6055000000001,1353.374,1351.3909999999998,1352.206
2014-03-03 19:45:00,1352.197,1352.2110000000002,1350.6105000000002,1351.4875
2014-03-03 20:00:00,1351.4144999999999,1351.6015,1349.9985000000001,1351.5835
2014-03-03 20:15:00,1351.576,1352.3805,1351.277,1351.982
2014-03-03 20:30:00,1352.047,1352.326,1351.1390000000001,1351.3999999999999
2014-03-03 20:45:00,1351.4165,1352.381,1350.62,1351.9945
2014-03-03 21:00:00,1351.977,1351.977,1350.5330000000001,1351.2125
2014-03-03 21:15:00,1351.197,1351.436,1350.9560000000001,1351.3285
2014-03-03 21:30:00,1351.3249999999998,1351.4205,1351.1200000000001,1351.127
2014-03-03 21:45:00,1351.116,1351.227,1350.355,1350.6005
2014-03-03 22:00:00,1350.6219999999998,1350.6219999999998,1350.61,1350.6129999999998
2014-03-03 23:00:00,1349.555,1351.199,1349.39,1350.9889999999998
2014-03-03 23:15:00,1351.014,1351.26,1350.1809999999998,1350.193
2014-03-03 23:30:00,1350.192,1350.4795,1349.893,1350.092
2014-03-03 23:45:00,1350.105,1350.694,1350.038,1350.692
2014-03-04 01:00:00,1348.6474999999998,1350.84,1348.3339999999998,1350.84
2014-03-04 01:15:00,1350.836,1352.6485,1350.5559999999998,1351.8695
2014-03-04 01:30:00,1351.863,1352.5945,1350.9799999999998,1351.0235
2014-03-04 01:45:00,1351.0204999999999,1351.0225,1349.9225,1350.3565
2014-03-04 02:00:00,1350.3425,1350.655,1349.55,1350.4785
2014-03-04 02:15:00,1350.4750000000001,1351.0375,1350.39,1350.6299999999999
2014-03-04 02:30:00,1350.605,1351.548,1350.4465,1351.219
2014-03-04 02:45:00,1351.234,1351.25,1350.6125000000002,1350.884
2014-03-04 03:00:00,1350.8890000000001,1351.0505,1350.586,1350.8435
2014-03-04 03:15:00,1350.8445,1351.123,1350.662,1350.704
2014-03-04 03:30:00,1350.6844999999998,1350.7,1349.669,1349.7375
2014-03-04 03:45:00,1349.7275,1349.887,1349.12,1349.2825
2014-03-04 04:00:00,1349.298,1349.63,1348.9699999999998,1349.32
2014-03-04 04:15:00,1349.313,1349.524,1348.93,1348.964
2014-03-04 04:30:00,1349.002,1350.6225,1348.9979999999998,1350.253
2014-03-04 04:45:00,1350.2385,1350.61,1350.0565,1350.605
2014-03-04 05:00:00,1350.5984999999998,1350.658,1350.011,1350.1535000000001
2014-03-04 05:15:00,1350.1470000000002,1350.1555,1349.6585,1349.9089999999999
2014-03-04 05:30:00,1349.9165,1350.5495,1349.5905,1350.0955000000001
2014-03-04 05:45:00,1350.1095,1351.3,1350.1095,1351.183
2014-03-04 06:00:00,1351.171,1351.435,1341.6055000000001,1343.403
2014-03-04 06:15:00,1343.478,1344.1970000000001,1337.073,1339.9255
2014-03-04 06:30:00,1339.8845,1341.272,1338.4750000000001,1341.247
2014-03-04 06:45:00,1341.225,1341.372,1337.8725,1338.2285
2014-03-04 07:00:00,1338.194,1338.794,1337.1595,1338.0884999999998
2014-03-04 07:15:00,1338.0819999999999,1339.794,1337.666,1338.3990000000001
2014-03-04 07:30:00,1338.389,1338.7595000000001,1337.563,1338.256
2014-03-04 07:45:00,1338.2385,1341.0835,1337.8539999999998,1340.7345
2014-03-04 08:00:00,1340.7195,1340.7195,1337.783,1339.8075000000001
2014-03-04 08:15:00,1339.7975,1341.119,1338.5149999999999,1339.8745
2014-03-04 08:30:00,1339.8645,1340.878,1339.4685,1340.131
2014-03-04 08:45:00,1340.105,1341.324,1339.869,1340.682
2014-03-04 09:00:00,1340.657,1340.657,1339.5695,1340.2459999999999
2014-03-04 09:15:00,1340.2495,1340.606,1339.4450000000002,1339.545
2014-03-04 09:30:00,1339.528,1339.773,1337.452,1339.2385000000002
2014-03-04 09:45:00,1339.2435,1339.3905,1338.611,1338.674
2014-03-04 10:00:00,1338.746,1339.81,1338.642,1339.548
2014-03-04 10:15:00,1339.56,1340.314,1338.8860000000002,1339.4765
2014-03-04 10:30:00,1339.4769999999999,1339.897,1338.65,1339.166
2014-03-04 10:45:00,1339.1495,1339.4209999999998,1336.5159999999998,1337.0240000000001
2014-03-04 11:00:00,1336.9969999999998,1338.4850000000001,1336.75,1338.345
2014-03-04 11:15:00,1338.329,1338.6490000000001,1337.7510000000002,1338.166
2014-03-04 11:30:00,1338.153,1338.196,1337.0,1337.016
2014-03-04 11:45:00,1337.004,1337.129,1334.0235,1334.1215
2014-03-04 12:00:00,1334.04,1334.895,1331.835,1333.11
2014-03-04 12:15:00,1333.099,1333.897,1332.443,1333.83
2014-03-04 12:30:00,1333.8014999999998,1334.297,1333.26,1334.232
2014-03-04 12:45:00,1334.2314999999999,1334.9360000000001,1333.635,1333.645
2014-03-04 13:00:00,1333.6770000000001,1334.336,1332.346,1333.3780000000002
2014-03-04 13:15:00,1333.3825000000002,1334.6029999999998,1331.452,1332.768
2014-03-04 13:30:00,1332.758,1333.936,1332.272,1332.6360000000002
2014-03-04 13:45:00,1332.5995,1334.4675,1332.386,1334.3415
2014-03-04 14:00:00,1334.3295,1334.897,1332.5195,1333.9555
2014-03-04 14:15:00,1333.9605000000001,1334.668,1333.21,1333.5145
2014-03-04 14:30:00,1333.509,1334.791,1331.383,1334.5700000000002
2014-03-04 14:45:00,1334.5610000000001,1335.8745,1333.916,1335.3895000000002
2014-03-04 15:00:00,1335.4855,1337.4189999999999,1334.045,1336.815
2014-03-04 15:15:00,1336.82,1337.279,1335.582,1336.177
2014-03-04 15:30:00,1336.1605000000002,1338.378,1335.999,1337.6674999999998
2014-03-04 15:45:00,1337.6574999999998,1338.2415,1337.147,1337.407
2014-03-04 16:00:00,1337.398,1337.9655,1336.3990000000001,1336.799
2014-03-04 16:15:00,1336.8035,1338.5415,1336.271,1338.5415
2014-03-04 16:30:00,1338.545,1338.662,1337.5595,1338.1589999999999
2014-03-04 16:45:00,1338.1415,1338.1585,1336.826,1337.6090000000002
2014-03-04 17:00:00,1337.599,1338.0894999999998,1335.891,1335.9005
2014-03-04 17:15:00,1335.866,1336.6845,1335.4225,1335.7334999999998
2014-03-04 17:30:00,1335.7275,1337.1095,1335.7115000000001,1336.9175
2014-03-04 17:45:00,1336.9144999999999,1337.7745,1336.3995,1337.3215
2014-03-04 18:00:00,1337.3294999999998,1337.6895000000002,1336.7075,1337.172
2014-03-04 18:15:00,1337.1785,1338.291,1337.1785,1337.72
2014-03-04 18:30:00,1337.7224999999999,1338.1845,1336.7945,1336.8980000000001
2014-03-04 18:45:00,1336.8835000000001,1340.15,1336.224,1339.888
2014-03-04 19:00:00,1339.8795,1340.7920000000001,1338.2265,1338.7
2014-03-04 19:15:00,1338.6845,1339.045,1338.343,1339.004
2014-03-04 19:30:00,1339.0145,1339.1715000000002,1336.2105,1336.6770000000001
2014-03-04 19:45:00,1336.6825000000001,1337.2959999999998,1336.2895,1336.752
2014-03-04 20:00:00,1336.773,1336.773,1335.951,1336.0
2014-03-04 20:15:00,1336.005,1336.056,1334.0745,1334.311
2014-03-04 20:30:00,1334.3005,1334.8075,1333.6175,1334.705
2014-03-04 20:45:00,1334.7155,1335.333,1334.535,1335.173
2014-03-04 21:00:00,1335.1605,1335.7569999999998,1334.865,1335.2215
2014-03-04 21:15:00,1335.204,1335.2445,1334.687,1334.9440000000002
2014-03-04 21:30:00,1334.941,1335.076,1334.709,1334.9489999999998
2014-03-04 21:45:00,1334.938,1335.079,1334.4445,1334.5
2014-03-04 22:00:00,1334.4950000000001,1334.4950000000001,1334.451,1334.451
2014-03-04 23:00:00,1334.6499999999999,1335.6945,1334.4195,1335.449
2014-03-04 23:15:00,1335.446,1335.855,1334.943,1335.6905
2014-03-04 23:30:00,1335.6755,1336.069,1335.558,1335.979
2014-03-04 23:45:00,1335.9985,1336.505,1335.7140000000002,1336.364
2014-03-05 01:00:00,1335.816,1336.0715,1333.091,1334.6499999999999
2014-03-05 01:15:00,1334.653,1334.8405,1333.693,1334.5559999999998
2014-03-05 01:30:00,1334.5600000000002,1334.8894999999998,1333.6995,1334.1185
2014-03-05 01:45:00,1334.123,1335.9775,1334.0195,1335.91
2014-03-05 02:00:00,1335.925,1337.7500000000002,1335.925,1337.7500000000002
2014-03-05 02:15:00,1337.7459999999999,1337.92,1336.4844999999998,1336.9125000000001
2014-03-05 02:30:00,1336.947,1337.3449999999998,1336.2145,1336.862
2014-03-05 02:45:00,1336.852,1336.8970000000002,1335.91,1336.62
2014-03-05 03:00:00,1336.629,1337.092,1335.6115,1336.685
2014-03-05 03:15:00,1336.68,1338.0445,1336.625,1337.6664999999998
2014-03-05 03:30:00,1337.6725000000001,1338.199,1337.4395,1337.7794999999999
2014-03-05 03:45:00,1337.78,1337.896,1337.382,1337.64
2014-03-05 04:00:00,1337.6525000000001,1338.0749999999998,1337.46,1337.612
2014-03-05 04:15:00,1337.6515000000002,1337.83,1337.105,1337.331
2014-03-05 04:30:00,1337.3304999999998,1337.6445,1337.1945,1337.35
2014-03-05 04:45:00,1337.3445,1337.3445,1336.0510000000002,1336.6115
2014-03-05 05:00:00,1336.706,1337.212,1336.4585,1336.773
2014-03-05 05:15:00,1336.767,1337.4965,1336.6695,1337.05
2014-03-05 05:30:00,1337.0925,1337.768,1336.827,1337.08
2014-03-05 05:45:00,1337.0515,1337.768,1336.9005000000002,1337.2599999999998
2014-03-05 06:00:00,1337.2765000000002,1337.425,1336.2015,1336.68
2014-03-05 06:15:00,1336.6945,1337.6394999999998,1336.6085,1337.427
2014-03-05 06:30:00,1337.461,1337.6860000000001,1336.3,1336.423
2014-03-05 06:45:00,1336.429,1336.753,1334.114,1334.861
2014-03-05 07:00:00,1334.8455000000001,1335.508,1334.2205,1334.7795
2014-03-05 07:15:00,1334.7725,1335.2155,1334.694,1334.837
2014-03-05 07:30:00,1334.8285,1334.9370000000001,1333.4219999999998,1333.742
2014-03-05 07:45:00,1333.76,1335.7575000000002,1333.704,1335.0585
2014-03-05 08:00:00,1335.0465,1335.783,1334.402,1334.913
2014-03-05 08:15:00,1334.897,1337.1785,1334.125,1336.5384999999999
2014-03-05 08:30:00,1336.4715,1336.8385,1335.521,1336.107
2014-03-05 08:45:00,1336.089,1336.3385,1334.9260000000002,1334.999
2014-03-05 09:00:00,1335.0059999999999,1335.482,1334.311,1334.916
2014-03-05 09:15:00,1334.8980000000001,1335.789,1334.6885,1335.3574999999998
2014-03-05 09:30:00,1335.4054999999998,1335.6870000000001,1333.71,1333.909
2014-03-05 09:45:00,1333.92,1334.7514999999999,1333.784,1334.2504999999999
2014-03-05 10:00:00,1334.2425,1334.585,1333.252,1333.76
2014-03-05 10:15:00,1333.737,1334.0025,1332.793,1333.863
2014-03-05 10:30:00,1333.873,1334.901,1333.719,1334.44
2014-03-05 10:45:00,1334.4365,1334.4365,1333.61,1333.8474999999999
2014-03-05 11:00:00,1333.8374999999999,1334.1795000000002,1333.5305,1334.0975
2014-03-05 11:15:00,1334.1045000000001,1334.263,1333.493,1334.0015
2014-03-05 11:30:00,1333.996,1334.9465,1333.7115000000001,1334.788
2014-03-05 11:45:00,1334.798,1336.0495,1334.5829999999999,1335.9019999999998
2014-03-05 12:00:00,1335.933,1336.4450000000002,1335.6395,1335.85
2014-03-05 12:15:00,1335.867,1336.854,1335.615,1336.834
2014-03-05 12:30:00,1336.836,1337.2,1335.2375,1335.992
2014-03-05 12:45:00,1335.982,1336.1499999999999,1335.135,1335.2540000000001
2014-03-05 13:00:00,1335.244,1336.639,1334.9470000000001,1336.1599999999999
2014-03-05 13:15:00,1336.1499999999999,1339.7515,1336.1499999999999,1338.069
2014-03-05 13:30:00,1338.0749999999998,1338.449,1336.336,1337.1075
2014-03-05 13:45:00,1337.139,1338.134,1336.785,1337.2730000000001
2014-03-05 14:00:00,1337.3695,1337.452,1336.589,1336.816
2014-03-05 14:15:00,1336.826,1337.7179999999998,1335.621,1335.6215
2014-03-05 14:30:00,1335.6035,1336.8335,1334.229,1334.6689999999999
2014-03-05 14:45:00,1334.657,1336.7755,1334.2915,1336.4085
2014-03-05 15:00:00,1336.398,1338.0700000000002,1335.853,1337.72
2014-03-05 15:15:00,1337.711,1338.6695,1337.185,1338.509
2014-03-05 15:30:00,1338.4840000000002,1340.31,1337.602,1340.1309999999999
2014-03-05 15:45:00,1340.1209999999999,1340.4834999999998,1338.4,1338.6715
2014-03-05 16:00:00,1338.704,1339.016,1338.1295000000002,1338.375
2014-03-05 16:15:00,1338.4409999999998,1340.503,1338.4409999999998,1339.9899999999998
2014-03-05 16:30:00,1339.9950000000001,1340.1399999999999,1339.129,1339.806
2014-03-05 16:45:00,1339.783,1339.893,1338.495,1339.3574999999998
2014-03-05 17:00:00,1339.3605,1339.3775,1338.7740000000001,1339.0494999999999
2014-03-05 17:15:00,1339.0594999999998,1340.0600000000002,1338.428,1339.757
2014-03-05 17:30:00,1339.869,1340.999,1339.2475000000002,1340.8490000000002
2014-03-05 17:45:00,1340.869,1341.931,1340.7285,1341.1375
2014-03-05 18:00:00,1341.1390000000001,1341.511,1340.171,1340.899
2014-03-05 18:15:00,1340.9289999999999,1341.668,1340.0629999999999,1340.1499999999999
2014-03-05 18:30:00,1340.139,1340.3545000000001,1339.443,1339.891
2014-03-05 18:45:00,1339.904,1339.996,1339.042,1339.088
2014-03-05 19:00:00,1339.067,1339.9065,1337.7314999999999,1338.3205
2014-03-05 19:15:00,1338.3505,1340.1015000000002,1338.3505,1338.972
2014-03-05 19:30:00,1338.965,1339.001,1338.4409999999998,1338.603
2014-03-05 19:45:00,1338.5919999999999,1338.708,1336.9305000000002,1337.567
2014-03-05 20:00:00,1337.578,1338.579,1337.578,1338.2475
2014-03-05 20:15:00,1338.187,1338.4599999999998,1337.6484999999998,1338.253
2014-03-05 20:30:00,1338.2830000000001,1339.468,1338.223,1339.1960000000001
2014-03-05 20:45:00,1339.171,1339.2849999999999,1336.3890000000001,1337.454
2014-03-05 21:00:00,1337.478,1337.97,1337.239,1337.7410000000002
2014-03-05 21:15:00,1337.6989999999998,1338.0880000000002,1336.771,1337.083
2014-03-05 21:30:00,1337.075,1337.549,1336.9869999999999,1337.519
2014-03-05 21:45:00,1337.4969999999998,1337.5985,1336.817,1336.8569999999997
2014-03-05 22:00:00,1336.8670000000002,1336.8770000000002,1336.8670000000002,1336.8770000000002
2014-03-05 23:00:00,1337.1,1337.132,1336.8,1336.9724999999999
2014-03-05 23:15:00,1336.9835,1337.265,1336.863,1337.144
2014-03-05 23:30:00,1337.128,1337.2589999999998,1336.8990000000001,1336.979
2014-03-05 23:45:00,1336.9769999999999,1336.9769999999999,1336.1129999999998,1336.153
2014-03-06 01:00:00,1336.835,1338.702,1336.763,1338.5004999999999
2014-03-06 01:15:00,1338.4740000000002,1338.6025,1338.0790000000002,1338.403
2014-03-06 01:30:00,1338.372,1339.1405,1337.92,1338.5570000000002
2014-03-06 01:45:00,1338.532,1338.974,1338.204,1338.4419999999998
2014-03-06 02:00:00,1338.4599999999998,1338.623,1337.534,1337.602
2014-03-06 02:15:00,1337.5910000000001,1338.145,1337.589,1338.0279999999998
2014-03-06 02:30:00,1338.0255,1338.299,1337.433,1338.0205
2014-03-06 02:45:00,1338.03,1338.243,1337.3315,1337.7140000000002
2014-03-06 03:00:00,1337.7115,1338.146,1337.565,1337.651
2014-03-06 03:15:00,1337.6770000000001,1338.2055,1337.312,1337.3650000000002
2014-03-06 03:30:00,1337.3799999999999,1337.451,1336.3509999999999,1336.861
2014-03-06 03:45:00,1336.866,1337.3529999999998,1336.751,1337.113
2014-03-06 04:00:00,1337.085,1337.5095,1337.013,1337.432
2014-03-06 04:15:00,1337.412,1337.4995000000001,1337.2669999999998,1337.462
2014-03-06 04:30:00,1337.472,1337.817,1337.2810000000002,1337.3290000000002
2014-03-06 04:45:00,1337.3159999999998,1337.5720000000001,1337.141,1337.2669999999998
2014-03-06 05:00:00,1337.2810000000002,1337.701,1337.22,1337.546
2014-03-06 05:15:00,1337.536,1337.7559999999999,1337.2920000000001,1337.514
2014-03-06 05:30:00,1337.5049999999999,1338.794,1337.448,1338.794
2014-03-06 05:45:00,1338.771,1339.037,1338.1565,1338.307
2014-03-06 06:00:00,1338.298,1338.2985,1334.6029999999998,1334.6029999999998
2014-03-06 06:15:00,1334.604,1335.7769999999998,1333.7150000000001,1335.7389999999998
2014-03-06 06:30:00,1335.7620000000002,1335.8084999999999,1335.3400000000001,1335.6425
2014-03-06 06:45:00,1335.652,1335.7704999999999,1334.6755,1335.661
2014-03-06 07:00:00,1335.6625000000001,1335.6625000000001,1334.4660000000001,1335.0785
2014-03-06 07:15:00,1335.067,1335.899,1334.548,1334.8865
2014-03-06 07:30:00,1334.8775,1334.8905,1332.492,1333.0225
2014-03-06 07:45:00,1332.9575,1334.2099999999998,1332.5835,1333.3590000000002
2014-03-06 08:00:00,1333.299,1333.299,1331.31,1332.664
2014-03-06 08:15:00,1332.653,1334.231,1332.2095000000002,1333.789
2014-03-06 08:30:00,1333.8190000000002,1334.3799999999999,1332.815,1333.4785
2014-03-06 08:45:00,1333.4724999999999,1334.021,1333.0445000000002,1333.6645
2014-03-06 09:00:00,1333.659,1335.2365,1333.249,1335.1905
2014-03-06 09:15:00,1335.204,1336.634,1335.0465,1335.5625
2014-03-06 09:30:00,1335.5510000000002,1336.123,1335.288,1335.82
2014-03-06 09:45:00,1335.79,1336.3905,1335.617,1335.617
2014-03-06 10:00:00,1335.6125,1335.9759999999999,1334.9295,1335.9305
2014-03-06 10:15:00,1335.916,1335.9334999999999,1335.0114999999998,1335.075
2014-03-06 10:30:00,1335.0735,1335.3999999999999,1333.9625,1335.252
2014-03-06 10:45:00,1335.227,1336.055,1335.1845,1335.572
2014-03-06 11:00:00,1335.5774999999999,1336.637,1335.262,1336.29
2014-03-06 11:15:00,1336.308,1336.333,1335.2105,1335.6580000000001
2014-03-06 11:30:00,1335.646,1335.646,1334.4475,1334.863
2014-03-06 11:45:00,1334.8465,1334.862,1333.3929999999998,1334.364
2014-03-06 12:00:00,1334.3535,1334.8939999999998,1333.3285,1333.8405000000002
2014-03-06 12:15:00,1333.8609999999999,1334.6260000000002,1333.541,1334.2549999999999
2014-03-06 12:30:00,1334.22,1335.181,1334.1850000000002,1335.108
2014-03-06 12:45:00,1335.094,1335.7060000000001,1334.359,1334.928
2014-03-06 13:00:00,1334.929,1338.0545,1334.929,1337.2430000000002
2014-03-06 13:15:00,1337.2579999999998,1338.04,1336.187,1337.185
2014-03-06 13:30:00,1337.2195,1337.525,1335.315,1335.8519999999999
2014-03-06 13:45:00,1335.825,1337.6799999999998,1335.508,1337.519
2014-03-06 14:00:00,1337.535,1343.3944999999999,1337.251,1341.258
2014-03-06 14:15:00,1341.2330000000002,1345.894,1341.128,1345.8780000000002
2014-03-06 14:30:00,1345.8870000000002,1346.6570000000002,1343.342,1343.487
2014-03-06 14:45:00,1343.463,1345.773,1343.3780000000002,1344.105
2014-03-06 15:00:00,1344.0905,1347.1625,1344.0905,1346.943
2014-03-06 15:15:00,1346.9615000000001,1347.076,1345.527,1346.5735
2014-03-06 15:30:00,1346.558,1346.6065,1345.0669999999998,1345.223
2014-03-06 15:45:00,1345.221,1345.5674999999999,1344.69,1345.43
2014-03-06 16:00:00,1345.429,1346.5285000000001,1344.798,1345.731
2014-03-06 16:15:00,1345.722,1348.9415000000001,1345.5539999999999,1348.625
2014-03-06 16:30:00,1348.6305,1349.1955,1347.674,1348.089
2014-03-06 16:45:00,1348.099,1349.9835,1347.5875,1349.652
2014-03-06 17:00:00,1349.6605,1352.2725,1349.6605,1351.3819999999998
2014-03-06 17:15:00,1351.406,1351.986,1349.973,1350.5040000000001
2014-03-06 17:30:00,1350.4850000000001,1351.469,1350.438,1350.944
2014-03-06 17:45:00,1350.9509999999998,1350.961,1348.9365,1349.0005
2014-03-06 18:00:00,1348.981,1350.9550000000002,1348.798,1350.505
2014-03-06 18:15:00,1350.477,1351.92,1349.775,1351.509
2014-03-06 18:30:00,1351.4585,1351.4585,1350.586,1350.587
2014-03-06 18:45:00,1350.637,1350.677,1349.51,1349.9089999999999
2014-03-06 19:00:00,1349.8654999999999,1351.013,1349.474,1350.809
2014-03-06 19:15:00,1350.82,1351.652,1350.662,1351.44
2014-03-06 19:30:00,1351.415,1351.8525,1350.4379999999999,1350.755
2014-03-06 19:45:00,1350.7495000000001,1351.195,1350.341,1351.077
2014-03-06 20:00:00,1351.067,1353.725,1350.882,1353.4285
2014-03-06 20:15:00,1353.4134999999999,1353.4134999999999,1350.719,1350.891
2014-03-06 20:30:00,1350.912,1350.912,1349.4769999999999,1350.1999999999998
2014-03-06 20:45:00,1350.201,1350.9270000000001,1349.976,1350.463
2014-03-06 21:00:00,1350.452,1350.9605000000001,1350.2495,1350.2845
2014-03-06 21:15:00,1350.2839999999999,1350.735,1350.088,1350.5175
2014-03-06 21:30:00,1350.5234999999998,1351.681,1350.5234999999998,1351.081
2014-03-06 21:45:00,1351.0835,1351.483,1350.808,1350.834
2014-03-06 22:00:00,1350.799,1350.799,1350.789,1350.789
2014-03-06 23:00:00,1350.46,1350.4745,1349.4,1350.013
2014-03-06 23:15:00,1349.998,1351.847,1349.998,1350.9070000000002
2014-03-06 23:30:00,1350.919,1350.971,1349.527,1350.216
2014-03-06 23:45:00,1350.2069999999999,1351.0639999999999,1349.7935,1349.8909999999998
2014-03-07 01:00:00,1348.4805000000001,1350.017,1348.343,1350.007
2014-03-07 01:15:00,1350.112,1351.417,1350.112,1350.499
2014-03-07 01:30:00,1350.511,1351.1255,1349.761,1350.15
2014-03-07 01:45:00,1350.141,1350.753,1349.7810000000002,1349.9750000000001
2014-03-07 02:00:00,1349.9950000000001,1350.349,1349.9645,1350.15
2014-03-07 02:15:00,1350.1445,1350.2604999999999,1349.352,1349.617
2014-03-07 02:30:00,1349.6275,1349.6655,1349.1255,1349.3559999999998
2014-03-07 02:45:00,1349.3839999999998,1349.898,1348.31,1349.6370000000002
2014-03-07 03:00:00,1349.577,1350.605,1349.4135,1349.51
2014-03-07 03:15:00,1349.522,1350.299,1348.878,1349.732
2014-03-07 03:30:00,1349.7430000000002,1350.03,1349.32,1349.665
2014-03-07 03:45:00,1349.653,1349.755,1349.303,1349.718
2014-03-07 04:00:00,1349.721,1350.118,1349.721,1349.96
2014-03-07 04:15:00,1349.957,1350.4950000000001,1349.663,1350.24
2014-03-07 04:30:00,1350.229,1350.736,1350.173,1350.292
2014-03-07 04:45:00,1350.2365000000002,1350.72,1350.087,1350.472
2014-03-07 05:00:00,1350.487,1351.079,1350.42,1350.8425
2014-03-07 05:15:00,1350.836,1351.491,1350.708,1351.337
2014-03-07 05:30:00,1351.3249999999998,1352.31,1350.851,1350.8959999999997
2014-03-07 05:45:00,1350.8865,1350.9499999999998,1349.978,1350.461
2014-03-07 06:00:00,1350.436,1350.9135,1349.914,1349.914
2014-03-07 06:15:00,1349.9305,1350.5800000000002,1349.612,1350.268
2014-03-07 06:30:00,1350.2420000000002,1350.6154999999999,1349.3990000000001,1350.328
2014-03-07 06:45:00,1350.339,1350.783,1349.922,1350.3685
2014-03-07 07:00:00,1350.377,1350.463,1348.4089999999999,1348.977
2014-03-07 07:15:00,1349.0005,1350.362,1348.509,1349.4199999999998
2014-03-07 07:30:00,1349.4315000000001,1350.665,1349.0055,1349.9455
2014-03-07 07:45:00,1349.938,1350.2555,1349.5565,1349.5905
2014-03-07 08:00:00,1349.6755,1349.9275,1348.363,1348.974
2014-03-07 08:15:00,1348.999,1349.324,1348.4424999999999,1348.9789999999998
2014-03-07 08:30:00,1348.959,1348.959,1347.1585,1348.103
2014-03-07 08:45:00,1348.114,1349.09,1347.6845,1348.761
2014-03-07 09:00:00,1348.744,1348.744,1346.4370000000001,1347.3275
2014-03-07 09:15:00,1347.3125,1348.2035,1346.508,1348.0725
2014-03-07 09:30:00,1348.095,1349.797,1347.818,1349.6045
2014-03-07 09:45:00,1349.6109999999999,1349.682,1348.732,1349.307
2014-03-07 10:00:00,1349.3135,1349.3135,1348.008,1348.1475
2014-03-07 10:15:00,1348.1505,1349.5085,1347.9865,1349.3980000000001
2014-03-07 10:30:00,1349.39,1349.469,1348.2365000000002,1348.509
2014-03-07 10:45:00,1348.496,1348.5900000000001,1348.031,1348.3205
2014-03-07 11:00:00,1348.298,1348.788,1347.9035,1348.6229999999998
2014-03-07 11:15:00,1348.6174999999998,1349.491,1347.942,1349.105
2014-03-07 11:30:00,1349.0974999999999,1349.623,1348.6840000000002,1348.7725
2014-03-07 11:45:00,1348.7475,1349.5929999999998,1348.4995,1349.3874999999998
2014-03-07 12:00:00,1349.3725000000002,1350.2849999999999,1349.0815000000002,1349.9379999999999
2014-03-07 12:15:00,1349.9455,1350.628,1349.129,1350.618
2014-03-07 12:30:00,1350.6080000000002,1351.0185,1349.3505,1349.711
2014-03-07 12:45:00,1349.721,1350.249,1348.781,1349.304
2014-03-07 13:00:00,1349.3285,1350.298,1348.9825,1349.0915
2014-03-07 13:15:00,1349.0945,1352.975,1349.0945,1351.0
2014-03-07 13:30:00,1350.9750000000001,1350.9750000000001,1331.78,1335.096
2014-03-07 13:45:00,1335.0765,1337.0695,1333.3684999999998,1335.45
2014-03-07 14:00:00,1335.472,1337.001,1333.4160000000002,1336.117
2014-03-07 14:15:00,1336.164,1336.24,1327.9299999999998,1330.592
2014-03-07 14:30:00,1330.522,1334.553,1330.3425,1334.037
2014-03-07 14:45:00,1334.067,1335.183,1332.465,1334.631
2014-03-07 15:00:00,1334.5715,1336.5120000000002,1332.4175,1334.9270000000001
2014-03-07 15:15:00,1334.906,1335.594,1333.616,1334.046
2014-03-07 15:30:00,1334.021,1334.6350000000002,1332.644,1334.014
2014-03-07 15:45:00,1334.028,1335.0445,1333.7215,1334.687
2014-03-07 16:00:00,1334.696,1336.284,1334.3899999999999,1335.84
2014-03-07 16:15:00,1335.825,1340.179,1335.651,1338.6615
2014-03-07 16:30:00,1338.6715,1340.4019999999998,1338.0385,1338.568
2014-03-07 16:45:00,1338.574,1339.565,1338.404,1338.4540000000002
2014-03-07 17:00:00,1338.415,1338.968,1336.733,1337.3329999999999
2014-03-07 17:15:00,1337.3529999999998,1338.7,1337.004,1338.68
2014-03-07 17:30:00,1338.66,1338.671,1336.542,1337.4615
2014-03-07 17:45:00,1337.4715,1338.659,1336.7355,1338.5390000000002
2014-03-07 18:00:00,1338.5555,1338.569,1337.139,1338.0939999999998
2014-03-07 18:15:00,1338.154,1338.499,1337.2730000000001,1337.7040000000002
2014-03-07 18:30:00,1337.7060000000001,1338.991,1337.7060000000001,1338.237
2014-03-07 18:45:00,1338.182,1339.2694999999999,1338.182,1338.9279999999999
2014-03-07 19:00:00,1338.959,1338.987,1337.874,1337.884
2014-03-07 19:15:00,1337.911,1339.774,1337.911,1339.0
2014-03-07 19:30:00,1339.032,1339.097,1337.923,1338.589
2014-03-07 19:45:00,1338.608,1338.8500000000001,1338.0009999999997,1338.6979999999999
2014-03-07 20:00:00,1338.718,1339.389,1338.617,1338.9769999999999
2014-03-07 20:15:00,1338.953,1339.5285000000001,1338.4625,1339.402
2014-03-07 20:30:00,1339.413,1340.8155000000002,1339.375,1340.034
2014-03-07 20:45:00,1340.0529999999999,1340.414,1339.138,1339.3229999999999
2014-03-07 21:00:00,1339.2839999999999,1340.4,1339.2630000000001,1340.1999999999998
2014-03-07 21:15:00,1340.235,1341.05,1340.16,1340.5875
2014-03-07 21:30:00,1340.6000000000001,1340.85,1340.1999999999998,1340.27
2014-03-07 21:45:00,1340.295,1340.65,1339.76,1340.333
2014-03-09 23:00:00,1338.828,1338.9555,1338.43,1338.4679999999998
2014-03-09 23:15:00,1338.4699999999998,1338.62,1337.218,1337.683
2014-03-09 23:30:00,1337.7030000000002,1337.7420000000002,1336.539,1337.532
2014-03-09 23:45:00,1337.508,1338.591,1337.407,1338.354
2014-03-10 01:00:00,1336.913,1336.9250000000002,1328.1345,1332.9950000000001
2014-03-10 01:15:00,1333.0059999999999,1335.206,1332.6170000000002,1334.714
2014-03-10 01:30:00,1334.699,1334.827,1331.8940000000002,1333.265
2014-03-10 01:45:00,1333.284,1333.3680000000002,1331.5345,1332.147
2014-03-10 02:00:00,1332.1670000000001,1333.152,1331.8300000000002,1333.085
2014-03-10 02:15:00,1333.103,1335.9475,1332.867,1333.294
2014-03-10 02:30:00,1333.309,1334.238,1332.9495,1333.3970000000002
2014-03-10 02:45:00,1333.371,1334.5330000000001,1333.105,1334.445
2014-03-10 03:00:00,1334.4585,1334.638,1332.8990000000001,1333.525
2014-03-10 03:15:00,1333.51,1334.5130000000001,1333.2740000000001,1334.1529999999998
2014-03-10 03:30:00,1334.1390000000001,1334.706,1333.8180000000002,1334.127
2014-03-10 03:45:00,1334.112,1334.43,1334.028,1334.1290000000001
2014-03-10 04:00:00,1334.0910000000001,1334.13,1333.0259999999998,1333.048
2014-03-10 04:15:00,1333.0629999999999,1334.5645,1333.0629999999999,1334.132
2014-03-10 04:30:00,1334.101,1334.4205,1333.286,1333.441
2014-03-10 04:45:00,1333.4250000000002,1334.2400000000002,1332.9830000000002,1333.3970000000002
2014-03-10 05:00:00,1333.385,1334.288,1333.075,1333.6680000000001
2014-03-10 05:15:00,1333.644,1334.044,1333.218,1333.231
2014-03-10 05:30:00,1333.258,1334.14,1332.9080000000001,1333.807
2014-03-10 05:45:00,1333.7869999999998,1333.898,1332.9615000000001,1333.7710000000002
2014-03-10 06:00:00,1333.7830000000001,1334.116,1331.3120000000001,1331.362
2014-03-10 06:15:00,1331.34,1332.5479999999998,1329.7695,1329.871
2014-03-10 06:30:00,1329.838,1331.652,1329.452,1331.136
2014-03-10 06:45:00,1331.117,1332.546,1331.003,1331.8850000000002
2014-03-10 07:00:00,1331.9089999999999,1333.278,1331.039,1331.4869999999999
2014-03-10 07:15:00,1331.4569999999999,1332.5330000000001,1331.4569999999999,1331.7785000000001
2014-03-10 07:30:00,1331.7844999999998,1332.3395,1330.99,1331.307
2014-03-10 07:45:00,1331.289,1333.129,1331.1705,1332.455
2014-03-10 08:00:00,1332.514,1334.625,1332.466,1334.235
2014-03-10 08:15:00,1334.277,1334.7060000000001,1332.709,1334.155
2014-03-10 08:30:00,1334.215,1334.235,1331.9645,1332.791
2014-03-10 08:45:00,1332.8245,1333.7355,1332.1954999999998,1332.471
2014-03-10 09:00:00,1332.491,1334.675,1332.2269999999999,1334.614
2014-03-10 09:15:00,1334.6080000000002,1335.393,1333.9095,1335.393
2014-03-10 09:30:00,1335.3600000000001,1336.375,1334.9270000000001,1335.4759999999999
2014-03-10 09:45:00,1335.469,1336.185,1334.3445,1334.56
2014-03-10 10:00:00,1334.5759999999998,1336.3785,1334.5759999999998,1335.364
2014-03-10 10:15:00,1335.3819999999998,1335.68,1334.696,1335.244
2014-03-10 10:30:00,1335.257,1336.405,1334.452,1336.1899999999998
2014-03-10 10:45:00,1336.202,1337.066,1335.9815,1337.066
2014-03-10 11:00:00,1337.045,1337.19,1336.1805,1336.68
2014-03-10 11:15:00,1336.684,1336.89,1336.3835,1336.656
2014-03-10 11:30:00,1336.648,1338.762,1336.5400000000002,1338.752
2014-03-10 11:45:00,1338.722,1340.143,1338.1805,1339.6125000000002
2014-03-10 12:00:00,1339.6374999999998,1340.338,1339.3000000000002,1339.308
2014-03-10 12:15:00,1339.358,1340.0794999999998,1338.138,1338.3410000000001
2014-03-10 12:30:00,1338.3255,1338.8504999999998,1337.859,1338.656
2014-03-10 12:45:00,1338.672,1338.908,1336.457,1337.65
2014-03-10 13:00:00,1337.66,1337.9295,1336.056,1337.5310000000002
2014-03-10 13:15:00,1337.556,1338.4475,1336.9225000000001,1337.1525
2014-03-10 13:30:00,1337.1725000000001,1339.4740000000002,1336.4640000000002,1338.4930000000002
2014-03-10 13:45:00,1338.4605000000001,1338.9279999999999,1337.8375,1338.547
2014-03-10 14:00:00,1338.5120000000002,1342.685,1336.9340000000002,1341.971
2014-03-10 14:15:00,1342.0210000000002,1343.2915,1340.658,1341.833
2014-03-10 14:30:00,1341.863,1344.647,1341.812,1343.2495
2014-03-10 14:45:00,1343.2704999999999,1344.393,1342.811,1344.031
2014-03-10 15:00:00,1343.988,1344.6950000000002,1342.1009999999999,1342.262
2014-03-10 15:15:00,1342.242,1343.312,1342.142,1342.874
2014-03-10 15:30:00,1342.86,1343.5590000000002,1341.393,1342.176
2014-03-10 15:45:00,1342.1870000000001,1342.4279999999999,1341.5880000000002,1341.7504999999999
2014-03-10 16:00:00,1341.7265,1342.125,1340.071,1341.1999999999998
2014-03-10 16:15:00,1341.111,1342.437,1341.058,1341.6835
2014-03-10 16:30:00,1341.6885,1342.7649999999999,1341.322,1341.9660000000001
2014-03-10 16:45:00,1341.957,1342.2715,1339.677,1340.258
2014-03-10 17:00:00,1340.2685,1340.96,1339.768,1340.305
2014-03-10 17:15:00,1340.285,1341.656,1340.125,1341.453
2014-03-10 17:30:00,1341.423,1341.443,1340.27,1340.551
2014-03-10 17:45:00,1340.566,1341.309,1340.4689999999998,1340.972
2014-03-10 18:00:00,1340.958,1341.262,1339.6779999999999,1339.878
2014-03-10 18:15:00,1339.969,1340.275,1338.791,1339.001
2014-03-10 18:30:00,1339.015,1340.057,1338.757,1340.057
2014-03-10 18:45:00,1340.0645000000002,1340.5629999999999,1338.832,1339.52
2014-03-10 19:00:00,1339.5,1339.5720000000001,1338.7920000000001,1339.4759999999999
2014-03-10 19:15:00,1339.4640000000002,1340.183,1338.926,1340.183
2014-03-10 19:30:00,1340.1575,1340.3790000000001,1339.6615000000002,1339.8715
2014-03-10 19:45:00,1339.8615,1340.1215,1339.4715,1339.9809999999998
2014-03-10 20:00:00,1339.9805000000001,1340.518,1339.835,1340.133
2014-03-10 20:15:00,1340.147,1340.305,1339.911,1340.136
2014-03-10 20:30:00,1340.1330000000003,1340.287,1339.8275,1339.914
2014-03-10 20:45:00,1339.907,1340.2075,1339.6825,1339.692
2014-03-10 21:00:00,1339.676,1340.305,1339.676,1339.864
2014-03-10 21:15:00,1339.86,1339.86,1339.86,1339.86
2014-03-10 23:00:00,1340.23,1340.4,1340.1,1340.228
2014-03-10 23:15:00,1340.208,1340.488,1340.0919999999999,1340.371
2014-03-10 23:30:00,1340.3739999999998,1340.8519999999999,1340.326,1340.799
2014-03-10 23:45:00,1340.8110000000001,1340.8139999999999,1340.3505,1340.541
2014-03-11 01:00:00,1338.38,1339.886,1338.0369999999998,1339.2115000000001
2014-03-11 01:15:00,1339.1915000000001,1340.271,1339.1715000000002,1339.55
2014-03-11 01:30:00,1339.56,1340.581,1338.8505,1340.511
2014-03-11 01:45:00,1340.491,1342.108,1340.211,1340.873
2014-03-11 02:00:00,1340.8629999999998,1341.143,1339.857,1340.213
2014-03-11 02:15:00,1340.232,1340.363,1339.873,1340.266
2014-03-11 02:30:00,1340.246,1340.246,1339.6619999999998,1340.098
2014-03-11 02:45:00,1340.0870000000002,1341.31,1340.0600000000002,1340.763
2014-03-11 03:00:00,1340.7830000000001,1343.223,1340.4289999999999,1342.995
2014-03-11 03:15:00,1343.025,1343.9969999999998,1341.381,1342.235
2014-03-11 03:30:00,1342.275,1342.928,1341.9750000000001,1342.728
2014-03-11 03:45:00,1342.7710000000002,1342.8284999999998,1341.484,1341.484
2014-03-11 04:00:00,1341.496,1341.708,1340.97,1341.629
2014-03-11 04:15:00,1341.6419999999998,1341.776,1341.24,1341.261
2014-03-11 04:30:00,1341.263,1342.6680000000001,1341.252,1342.287
2014-03-11 04:45:00,1342.317,1342.394,1341.877,1342.075
2014-03-11 05:00:00,1342.062,1342.258,1341.8,1341.88
2014-03-11 05:15:00,1341.903,1342.037,1341.178,1341.461
2014-03-11 05:30:00,1341.441,1342.3639999999998,1341.081,1342.104
2014-03-11 05:45:00,1342.1105,1342.306,1341.7385,1342.085
2014-03-11 06:00:00,1342.072,1343.836,1342.0049999999999,1343.408
2014-03-11 06:15:00,1343.412,1343.7685,1342.8319999999999,1343.1999999999998
2014-03-11 06:30:00,1343.215,1343.571,1343.0125,1343.1625000000001
2014-03-11 06:45:00,1343.1235000000001,1343.7324999999998,1341.184,1341.305
2014-03-11 07:00:00,1341.314,1343.228,1341.135,1342.598
2014-03-11 07:15:00,1342.586,1343.0535,1342.172,1342.3414999999998
2014-03-11 07:30:00,1342.3705,1343.819,1341.579,1343.163
2014-03-11 07:45:00,1343.143,1343.649,1342.3999999999999,1343.501
2014-03-11 08:00:00,1343.556,1348.09,1343.451,1346.419
2014-03-11 08:15:00,1346.4089999999999,1347.078,1345.3709999999999,1345.943
2014-03-11 08:30:00,1345.954,1346.65,1345.261,1346.335
2014-03-11 08:45:00,1346.355,1347.279,1346.0649999999998,1346.833
2014-03-11 09:00:00,1346.8719999999998,1347.161,1346.2205000000001,1346.526
2014-03-11 09:15:00,1346.5115,1346.9715,1346.0515,1346.8025
2014-03-11 09:30:00,1346.8405,1349.201,1346.393,1348.3785
2014-03-11 09:45:00,1348.377,1348.5814999999998,1347.318,1347.748
2014-03-11 10:00:00,1347.738,1348.443,1347.346,1347.356
2014-03-11 10:15:00,1347.368,1348.6689999999999,1347.172,1348.3405
2014-03-11 10:30:00,1348.3155,1350.023,1347.926,1348.8315
2014-03-11 10:45:00,1348.823,1348.9435,1347.731,1348.583
2014-03-11 11:00:00,1348.5910000000001,1348.8400000000001,1347.9775,1348.6499999999999
2014-03-11 11:15:00,1348.6709999999998,1349.5685,1348.334,1349.3335
2014-03-11 11:30:00,1349.3514999999998,1349.959,1348.091,1348.869
2014-03-11 11:45:00,1348.8890000000001,1350.3565,1348.587,1349.7385
2014-03-11 12:00:00,1349.7745,1352.575,1349.562,1351.721
2014-03-11 12:15:00,1351.7510000000002,1352.664,1350.222,1350.9975000000002
2014-03-11 12:30:00,1351.0225,1351.491,1349.443,1350.0865000000001
2014-03-11 12:45:00,1350.099,1350.1185,1348.1135,1348.757
2014-03-11 13:00:00,1348.767,1348.767,1347.133,1348.319
2014-03-11 13:15:00,1348.3,1349.2005000000001,1347.4360000000001,1348.9180000000001
2014-03-11 13:30:00,1348.898,1349.956,1348.094,1349.3925000000002
2014-03-11 13:45:00,1349.385,1350.463,1348.9165,1349.65
2014-03-11 14:00:00,1349.665,1350.3845000000001,1347.524,1348.346
2014-03-11 14:15:00,1348.327,1348.991,1348.117,1348.5215
2014-03-11 14:30:00,1348.5049999999999,1348.5049999999999,1346.0620000000001,1346.634
2014-03-11 14:45:00,1346.617,1346.725,1344.446,1346.093
2014-03-11 15:00:00,1346.078,1346.911,1345.4445,1346.3899999999999
2014-03-11 15:15:00,1346.384,1347.359,1345.96,1346.9315
2014-03-11 15:30:00,1346.9060000000002,1347.006,1345.0299999999997,1346.116
2014-03-11 15:45:00,1346.1365,1346.1755,1338.008,1339.5265
2014-03-11 16:00:00,1339.546,1342.0075000000002,1339.22,1341.421
2014-03-11 16:15:00,1341.442,1344.654,1341.302,1343.617
2014-03-11 16:30:00,1343.6119999999999,1344.859,1342.811,1344.411
2014-03-11 16:45:00,1344.421,1344.6085,1343.398,1343.616
2014-03-11 17:00:00,1343.5659999999998,1344.54,1343.211,1344.3200000000002
2014-03-11 17:15:00,1344.2699999999998,1347.7,1342.985,1346.4445
2014-03-11 17:30:00,1346.4585,1348.686,1346.4585,1347.4029999999998
2014-03-11 17:45:00,1347.4084999999998,1347.9855,1346.701,1347.9289999999999
2014-03-11 18:00:00,1347.9855,1348.0055,1347.2165,1347.301
2014-03-11 18:15:00,1347.291,1349.0985,1347.291,1348.865
2014-03-11 18:30:00,1348.835,1348.835,1347.854,1347.9955
2014-03-11 18:45:00,1347.9805,1348.685,1347.6705,1348.481
2014-03-11 19:00:00,1348.496,1348.686,1348.2115000000001,1348.5420000000001
2014-03-11 19:15:00,1348.561,1348.6329999999998,1347.941,1347.942
2014-03-11 19:30:00,1347.922,1347.922,1346.508,1347.28
2014-03-11 19:45:00,1347.282,1347.633,1346.992,1347.253
2014-03-11 20:00:00,1347.233,1348.4450000000002,1347.183,1347.8214999999998
2014-03-11 20:15:00,1347.8709999999999,1348.301,1347.824,1347.8639999999998
2014-03-11 20:30:00,1347.854,1348.9699999999998,1347.854,1348.694
2014-03-11 20:45:00,1348.714,1349.157,1348.714,1348.967
2014-03-11 21:00:00,1348.977,1349.7150000000001,1348.921,1349.381
2014-03-11 21:15:00,1348.273,1348.273,1348.273,1348.273
2014-03-11 23:00:00,1348.9,1349.0210000000002,1348.522,1348.522
2014-03-11 23:15:00,1348.462,1348.54,1346.859,1346.989
2014-03-11 23:30:00,1346.959,1347.4254999999998,1346.7395,1347.0980000000002
2014-03-11 23:45:00,1347.118,1347.952,1347.118,1347.671
2014-03-12 01:00:00,1347.78,1349.8509999999999,1347.596,1348.9080000000001
2014-03-12 01:15:00,1348.92,1351.1025,1348.2389999999998,1350.8325
2014-03-12 01:30:00,1350.858,1359.761,1350.2155,1358.512
2014-03-12 01:45:00,1358.522,1359.4234999999999,1356.5165,1358.213
2014-03-12 02:00:00,1358.2355,1359.136,1356.8210000000001,1358.0539999999999
2014-03-12 02:15:00,1358.0739999999998,1358.127,1356.884,1357.122
2014-03-12 02:30:00,1357.052,1357.9660000000001,1356.8025,1357.404
2014-03-12 02:45:00,1357.453,1358.104,1356.8660000000002,1357.528
2014-03-12 03:00:00,1357.5430000000001,1357.868,1356.923,1357.203
2014-03-12 03:15:00,1357.178,1357.466,1356.808,1356.9099999999999
2014-03-12 03:30:00,1356.9424999999999,1358.01,1356.4679999999998,1357.2089999999998
2014-03-12 03:45:00,1357.2385000000002,1357.799,1357.2385000000002,1357.4279999999999
2014-03-12 04:00:00,1357.468,1357.719,1356.784,1357.387
2014-03-12 04:15:00,1357.374,1357.88,1357.374,1357.706
2014-03-12 04:30:00,1357.7169999999999,1357.9355,1357.5659999999998,1357.789
2014-03-12 04:45:00,1357.811,1357.8700000000001,1357.093,1357.2344999999998
2014-03-12 05:00:00,1357.241,1357.866,1357.042,1357.545
2014-03-12 05:15:00,1357.5365,1357.744,1356.945,1357.499
2014-03-12 05:30:00,1357.474,1358.0259999999998,1357.023,1357.643
2014-03-12 05:45:00,1357.647,1357.95,1357.199,1357.745
2014-03-12 06:00:00,1357.759,1358.775,1357.137,1357.9560000000001
2014-03-12 06:15:00,1357.939,1363.201,1357.671,1361.486
2014-03-12 06:30:00,1361.5130000000001,1362.18,1358.231,1358.738
2014-03-12 06:45:00,1358.7640000000001,1359.014,1357.138,1357.923
2014-03-12 07:00:00,1357.9305,1359.057,1356.4560000000001,1358.017
2014-03-12 07:15:00,1358.0125,1358.5825,1357.531,1358.267
2014-03-12 07:30:00,1358.256,1358.6295,1357.7995,1357.9889999999998
2014-03-12 07:45:00,1358.0114999999998,1358.0114999999998,1356.646,1357.7765
2014-03-12 08:00:00,1357.8025,1358.445,1356.177,1356.635
2014-03-12 08:15:00,1356.665,1357.2060000000001,1354.6595,1355.0535
2014-03-12 08:30:00,1355.0620000000001,1356.717,1355.01,1355.975
2014-03-12 08:45:00,1356.0,1358.045,1355.816,1356.028
2014-03-12 09:00:00,1356.016,1356.6835,1355.608,1356.4650000000001
2014-03-12 09:15:00,1356.4450000000002,1356.55,1355.0420000000001,1355.374
2014-03-12 09:30:00,1355.358,1356.25,1354.2015,1356.199
2014-03-12 09:45:00,1356.179,1356.2250000000001,1355.1365,1355.3194999999998
2014-03-12 10:00:00,1355.3115,1356.506,1355.0145,1355.9185
2014-03-12 10:15:00,1355.9265,1356.302,1355.0459999999998,1356.271
2014-03-12 10:30:00,1356.291,1356.4769999999999,1355.674,1356.142
2014-03-12 10:45:00,1356.0919999999999,1357.9470000000001,1356.0919999999999,1357.8600000000001
2014-03-12 11:00:00,1357.82,1357.9550000000002,1357.1515,1357.9495000000002
2014-03-12 11:15:00,1357.9555,1358.3690000000001,1357.6109999999999,1358.238
2014-03-12 11:30:00,1358.258,1359.866,1357.708,1359.059
2014-03-12 11:45:00,1359.0645,1360.598,1358.6205,1360.598
2014-03-12 12:00:00,1360.594,1361.0240000000001,1359.011,1360.544
2014-03-12 12:15:00,1360.519,1362.059,1360.123,1361.3319999999999
2014-03-12 12:30:00,1361.3115,1365.728,1361.247,1365.29
2014-03-12 12:45:00,1365.27,1366.998,1364.172,1365.0565000000001
2014-03-12 13:00:00,1365.0600000000002,1366.2524999999998,1363.996,1364.596
2014-03-12 13:15:00,1364.6229999999998,1365.8229999999999,1363.8854999999999,1365.1395
2014-03-12 13:30:00,1365.1695,1366.5995,1363.7540000000001,1366.4825
2014-03-12 13:45:00,1366.47,1368.79,1365.358,1365.9189999999999
2014-03-12 14:00:00,1365.9134999999999,1366.5800000000002,1365.1275,1365.682
2014-03-12 14:15:00,1365.676,1366.6885,1365.644,1366.106
2014-03-12 14:30:00,1366.066,1366.2195000000002,1364.3509999999999,1364.886
2014-03-12 14:45:00,1364.872,1366.431,1364.87,1365.8775
2014-03-12 15:00:00,1365.8670000000002,1366.288,1364.3039999999999,1364.523
2014-03-12 15:15:00,1364.519,1364.6470000000002,1363.533,1364.173
2014-03-12 15:30:00,1364.1815000000001,1366.026,1363.5884999999998,1365.686
2014-03-12 15:45:00,1365.675,1365.759,1364.692,1365.502
2014-03-12 16:00:00,1365.526,1366.163,1365.343,1365.772
2014-03-12 16:15:00,1365.8020000000001,1368.7540000000001,1365.723,1368.0835
2014-03-12 16:30:00,1368.0775,1370.986,1367.7424999999998,1369.0785
2014-03-12 16:45:00,1369.065,1369.5755,1368.233,1369.0315
2014-03-12 17:00:00,1368.9759999999999,1369.497,1367.602,1368.757
2014-03-12 17:15:00,1368.7425,1370.6265,1368.4855,1370.282
2014-03-12 17:30:00,1370.25,1370.325,1366.482,1367.463
2014-03-12 17:45:00,1367.4430000000002,1368.245,1366.805,1367.042
2014-03-12 18:00:00,1367.0020000000002,1367.68,1365.541,1366.629
2014-03-12 18:15:00,1366.635,1367.0919999999999,1366.245,1367.0159999999998
2014-03-12 18:30:00,1367.028,1368.2279999999998,1366.824,1367.0049999999999
2014-03-12 18:45:00,1367.0030000000002,1367.85,1366.5524999999998,1367.7140000000002
2014-03-12 19:00:00,1367.683,1368.242,1367.2740000000001,1367.876
2014-03-12 19:15:00,1367.8609999999999,1368.429,1367.727,1368.429
2014-03-12 19:30:00,1368.409,1368.467,1366.5040000000001,1366.835
2014-03-12 19:45:00,1366.829,1367.8654999999999,1366.1860000000001,1367.3210000000001
2014-03-12 20:00:00,1367.2640000000001,1367.543,1366.5980000000002,1366.685
2014-03-12 20:15:00,1366.692,1367.165,1366.2600000000002,1366.901
2014-03-12 20:30:00,1366.876,1366.9689999999998,1366.5220000000002,1366.9440000000002
2014-03-12 20:45:00,1366.9319999999998,1367.0819999999999,1366.763,1366.881
2014-03-12 21:00:00,1366.875,1366.995,1366.443,1366.9
2014-03-12 23:00:00,1366.6000000000001,1366.9,1366.2379999999998,1366.2379999999998
2014-03-12 23:15:00,1366.25,1366.25,1365.313,1365.546
2014-03-12 23:30:00,1365.5249999999999,1366.713,1365.4810000000002,1366.2420000000002
2014-03-12 23:45:00,1366.24,1366.412,1365.913,1366.39
2014-03-13 01:00:00,1365.927,1370.0535,1365.3790000000001,1369.923
2014-03-13 01:15:00,1369.9285,1371.7749999999999,1369.072,1370.196
2014-03-13 01:30:00,1370.156,1374.573,1370.156,1373.042
2014-03-13 01:45:00,1373.012,1373.563,1371.5430000000001,1372.278
2014-03-13 02:00:00,1372.29,1373.1,1371.6059999999998,1372.603
2014-03-13 02:15:00,1372.615,1372.93,1371.979,1372.266
2014-03-13 02:30:00,1372.277,1372.788,1371.604,1372.4730000000002
2014-03-13 02:45:00,1372.5505,1373.404,1372.328,1373.146
2014-03-13 03:00:00,1373.121,1373.428,1371.793,1372.0590000000002
2014-03-13 03:15:00,1372.039,1372.0510000000002,1370.8809999999999,1371.465
2014-03-13 03:30:00,1371.489,1371.971,1371.355,1371.831
2014-03-13 03:45:00,1371.812,1372.824,1371.811,1372.788
2014-03-13 04:00:00,1372.8100000000002,1372.8529999999998,1372.0620000000001,1372.351
2014-03-13 04:15:00,1372.339,1372.943,1372.2545,1372.353
2014-03-13 04:30:00,1372.373,1373.372,1372.373,1373.1950000000002
2014-03-13 04:45:00,1373.1829999999998,1373.8,1372.8110000000001,1373.2250000000001
2014-03-13 05:00:00,1373.208,1373.8220000000001,1372.97,1373.712
2014-03-13 05:15:00,1373.701,1374.947,1373.6049999999998,1373.7259999999999
2014-03-13 05:30:00,1373.709,1374.441,1372.278,1372.627
2014-03-13 05:45:00,1372.6490000000001,1372.693,1368.7495000000001,1371.154
2014-03-13 06:00:00,1371.165,1371.165,1368.321,1368.807
2014-03-13 06:15:00,1368.787,1369.944,1368.525,1369.866
2014-03-13 06:30:00,1369.883,1370.865,1368.9955000000002,1369.7620000000002
2014-03-13 06:45:00,1369.774,1370.562,1369.014,1369.968
2014-03-13 07:00:00,1369.958,1372.04,1369.529,1372.0115
2014-03-13 07:15:00,1372.044,1373.0215,1370.9189999999999,1371.391
2014-03-13 07:30:00,1371.39,1372.598,1371.266,1371.8995
2014-03-13 07:45:00,1371.9065,1373.456,1371.666,1372.92
2014-03-13 08:00:00,1372.8709999999999,1375.087,1372.4209999999998,1374.103
2014-03-13 08:15:00,1374.0865,1374.2649999999999,1371.702,1373.007
2014-03-13 08:30:00,1373.037,1373.94,1372.348,1373.1655
2014-03-13 08:45:00,1373.1715000000002,1373.786,1372.827,1373.429
2014-03-13 09:00:00,1373.44,1373.5495,1372.429,1372.8645000000001
2014-03-13 09:15:00,1372.8690000000001,1373.048,1371.752,1372.1055
2014-03-13 09:30:00,1372.1295000000002,1373.241,1371.488,1372.344
2014-03-13 09:45:00,1372.355,1373.6560000000002,1371.9060000000002,1373.502
2014-03-13 10:00:00,1373.524,1373.6090000000002,1371.915,1372.8764999999999
2014-03-13 10:15:00,1372.893,1372.964,1371.059,1371.462
2014-03-13 10:30:00,1371.449,1372.3225,1370.5110000000002,1371.7105
2014-03-13 10:45:00,1371.6979999999999,1371.802,1370.653,1370.653
2014-03-13 11:00:00,1370.6625000000001,1370.7295,1369.22,1369.37
2014-03-13 11:15:00,1369.3490000000002,1370.073,1367.883,1368.5394999999999
2014-03-13 11:30:00,1368.5144999999998,1369.602,1368.3425,1368.9209999999998
2014-03-13 11:45:00,1368.872,1369.4245,1367.055,1367.612
2014-03-13 12:00:00,1367.623,1368.434,1366.6280000000002,1367.481
2014-03-13 12:15:00,1367.493,1368.909,1367.066,1368.76
2014-03-13 12:30:00,1368.71,1368.71,1364.677,1365.6119999999999
2014-03-13 12:45:00,1365.5720000000001,1367.277,1364.5945000000002,1367.269
2014-03-13 13:00:00,1367.279,1369.1155,1366.693,1367.5605
2014-03-13 13:15:00,1367.566,1367.944,1366.094,1366.73
2014-03-13 13:30:00,1366.68,1367.206,1365.22,1365.984
2014-03-13 13:45:00,1365.964,1367.4645,1365.537,1366.4445
2014-03-13 14:00:00,1366.43,1368.8165000000001,1366.169,1368.476
2014-03-13 14:15:00,1368.4785,1368.607,1366.721,1366.9215000000002
2014-03-13 14:30:00,1366.8965,1368.5784999999998,1365.791,1367.774
2014-03-13 14:45:00,1367.821,1368.676,1366.8029999999999,1368.3205
2014-03-13 15:00:00,1368.291,1369.646,1367.5125,1368.094
2014-03-13 15:15:00,1368.088,1368.9605000000001,1367.1725,1368.297
2014-03-13 15:30:00,1368.289,1368.4850000000001,1367.296,1367.7890000000002
2014-03-13 15:45:00,1367.7759999999998,1370.409,1367.659,1370.3585
2014-03-13 16:00:00,1370.325,1372.5405,1369.7655000000002,1372.2565
2014-03-13 16:15:00,1372.2495000000001,1372.6695,1371.0285,1372.5275
2014-03-13 16:30:00,1372.5475,1375.101,1372.4184999999998,1373.584
2014-03-13 16:45:00,1373.5710000000001,1373.864,1372.2775000000001,1372.9705
2014-03-13 17:00:00,1372.9555,1373.5890000000002,1371.026,1372.562
2014-03-13 17:15:00,1372.583,1372.7,1371.006,1371.9
2014-03-13 17:30:00,1371.833,1372.725,1371.587,1372.593
2014-03-13 17:45:00,1372.606,1372.606,1371.15,1371.3270000000002
2014-03-13 18:00:00,1371.3380000000002,1372.303,1371.217,1371.925
2014-03-13 18:15:00,1371.9485,1373.0430000000001,1371.3740000000003,1372.67
2014-03-13 18:30:00,1372.668,1372.711,1371.611,1372.6390000000001
2014-03-13 18:45:00,1372.62,1374.0269999999998,1372.227,1373.015
2014-03-13 19:00:00,1373.029,1374.618,1372.819,1374.1815
2014-03-13 19:15:00,1374.2,1374.211,1373.3715,1373.607
2014-03-13 19:30:00,1373.6180000000002,1373.6180000000002,1371.009,1371.8485
2014-03-13 19:45:00,1371.843,1372.4485000000002,1371.6100000000001,1371.7069999999999
2014-03-13 20:00:00,1371.7189999999998,1372.6385,1371.64,1372.4599999999998
2014-03-13 20:15:00,1372.4665,1372.823,1372.0479999999998,1372.228
2014-03-13 20:30:00,1372.1625,1372.346,1371.88,1371.9165
2014-03-13 20:45:00,1371.9015,1371.9255,1369.9099999999999,1370.317
2014-03-13 21:00:00,1370.3239999999998,1370.9569999999999,1370.3239999999998,1370.491
2014-03-13 22:00:00,1370.75,1370.75,1370.25,1370.25
2014-03-13 23:00:00,1371.4,1371.5,1370.8435,1370.9189999999999
2014-03-13 23:15:00,1370.9205000000002,1370.9735,1370.2335,1370.6685
2014-03-13 23:30:00,1370.6615,1371.515,1370.6255,1371.515
2014-03-13 23:45:00,1371.489,1373.4759999999999,1371.415,1373.4759999999999
2014-03-14 01:00:00,1375.412,1376.3770000000002,1375.2510000000002,1375.507
2014-03-14 01:15:00,1375.489,1375.6509999999998,1374.194,1374.6190000000001
2014-03-14 01:30:00,1374.607,1375.3405,1374.5435,1375.3285
2014-03-14 01:45:00,1375.317,1375.796,1375.2324999999998,1375.479
2014-03-14 02:00:00,1375.468,1375.656,1374.6895,1375.076
2014-03-14 02:15:00,1375.063,1375.355,1374.204,1374.3890000000001
2014-03-14 02:30:00,1374.3739999999998,1374.4595,1372.5365,1372.8315
2014-03-14 02:45:00,1372.8375,1373.025,1372.4305000000002,1372.655
2014-03-14 03:00:00,1372.605,1372.8449999999998,1371.358,1371.589
2014-03-14 03:15:00,1371.599,1371.7455,1371.427,1371.585
2014-03-14 03:30:00,1371.6315,1371.875,1371.482,1371.585
2014-03-14 03:45:00,1371.635,1372.19,1371.54,1371.829
2014-03-14 04:00:00,1371.8485,1372.054,1371.6979999999999,1371.932
2014-03-14 04:15:00,1371.929,1372.424,1371.862,1372.044
2014-03-14 04:30:00,1372.0240000000001,1372.025,1371.425,1371.631
2014-03-14 04:45:00,1371.6339999999998,1371.6339999999998,1369.8229999999999,1370.699
2014-03-14 05:00:00,1370.719,1371.073,1370.431,1370.693
2014-03-14 05:15:00,1370.6019999999999,1370.644,1368.407,1369.542
2014-03-14 05:30:00,1369.517,1369.73,1367.987,1369.237
2014-03-14 05:45:00,1369.255,1370.48,1368.9769999999999,1369.6960000000001
2014-03-14 06:00:00,1369.7420000000002,1370.8684999999998,1369.257,1370.327
2014-03-14 06:15:00,1370.347,1371.279,1370.1795,1371.051
2014-03-14 06:30:00,1371.09,1371.482,1370.0939999999998,1370.2395
2014-03-14 06:45:00,1370.227,1370.899,1368.896,1369.009
2014-03-14 07:00:00,1369.0755,1369.591,1368.46,1369.393
2014-03-14 07:15:00,1369.415,1369.863,1368.494,1369.431
2014-03-14 07:30:00,1369.421,1371.9975000000002,1369.047,1371.868
2014-03-14 07:45:00,1371.739,1373.515,1371.219,1371.3100000000002
2014-03-14 08:00:00,1371.33,1371.33,1369.7520000000002,1369.7520000000002
2014-03-14 08:15:00,1369.722,1370.1039999999998,1368.9724999999999,1369.201
2014-03-14 08:30:00,1369.2350000000001,1370.357,1369.2250000000001,1369.8700000000001
2014-03-14 08:45:00,1369.856,1371.229,1369.8255,1371.059
2014-03-14 09:00:00,1371.048,1371.2859999999998,1370.267,1371.015
2014-03-14 09:15:00,1370.979,1371.4750000000001,1370.635,1370.691
2014-03-14 09:30:00,1370.6905,1371.4,1370.539,1370.8455000000001
2014-03-14 09:45:00,1370.8515,1371.2250000000001,1370.562,1370.609
2014-03-14 10:00:00,1370.5339999999999,1370.937,1368.5459999999998,1369.547
2014-03-14 10:15:00,1369.564,1370.8909999999998,1369.4089999999999,1370.6490000000001
2014-03-14 10:30:00,1370.633,1370.749,1369.7160000000001,1370.278
2014-03-14 10:45:00,1370.2655,1370.679,1370.108,1370.579
2014-03-14 11:00:00,1370.5729999999999,1371.952,1370.269,1371.6689999999999
2014-03-14 11:15:00,1371.6490000000001,1373.022,1371.374,1372.717
2014-03-14 11:30:00,1372.767,1373.6444999999999,1372.3415,1372.949
2014-03-14 11:45:00,1372.9345,1374.0629999999999,1372.5355,1373.4859999999999
2014-03-14 12:00:00,1373.46,1375.28,1373.272,1374.482
2014-03-14 12:15:00,1374.491,1375.939,1373.9789999999998,1375.374
2014-03-14 12:30:00,1375.4070000000002,1377.925,1375.232,1376.8025000000002
2014-03-14 12:45:00,1376.7935,1383.92,1376.6495,1381.968
2014-03-14 13:00:00,1381.958,1384.2115,1381.3055,1383.6085
2014-03-14 13:15:00,1383.573,1388.069,1383.553,1387.1460000000002
2014-03-14 13:30:00,1387.122,1387.3470000000002,1382.551,1383.3725
2014-03-14 13:45:00,1383.3815,1385.7569999999998,1382.7305,1385.227
2014-03-14 14:00:00,1385.204,1385.769,1383.1995,1383.825
2014-03-14 14:15:00,1383.826,1385.3870000000002,1383.6335,1384.2359999999999
2014-03-14 14:30:00,1384.259,1385.191,1383.6535000000001,1384.268
2014-03-14 14:45:00,1384.24,1385.679,1384.24,1385.0475
2014-03-14 15:00:00,1385.0575,1385.648,1384.6295,1384.9299999999998
2014-03-14 15:15:00,1384.9489999999998,1385.031,1382.274,1382.8755
2014-03-14 15:30:00,1382.879,1383.0055000000002,1377.276,1378.078
2014-03-14 15:45:00,1378.066,1379.1295,1373.5885,1375.239
2014-03-14 16:00:00,1375.249,1376.278,1373.5265,1376.163
2014-03-14 16:15:00,1376.1680000000001,1377.191,1375.4945,1376.9505000000001
2014-03-14 16:30:00,1376.9255,1377.2455,1375.377,1376.1465
2014-03-14 16:45:00,1376.1575,1377.4975000000002,1375.851,1377.2649999999999
2014-03-14 17:00:00,1377.292,1378.4655,1376.723,1377.2785000000001
2014-03-14 17:15:00,1377.288,1379.312,1377.1560000000002,1378.8715
2014-03-14 17:30:00,1378.866,1378.866,1377.78,1378.389
2014-03-14 17:45:00,1378.384,1378.604,1377.6060000000002,1377.6060000000002
2014-03-14 18:00:00,1377.622,1379.481,1377.44,1379.0520000000001
2014-03-14 18:15:00,1379.0330000000001,1379.1025000000002,1376.483,1377.487
2014-03-14 18:30:00,1377.4750000000001,1379.1734999999999,1376.659,1379.1734999999999
2014-03-14 18:45:00,1379.2335,1380.1755,1379.2335,1379.645
2014-03-14 19:00:00,1379.625,1382.404,1378.74,1381.9735
2014-03-14 19:15:00,1382.079,1383.4445,1381.516,1382.412
2014-03-14 19:30:00,1382.422,1383.1085,1381.978,1382.6375
2014-03-14 19:45:00,1382.6370000000002,1383.038,1381.171,1381.296
2014-03-14 20:00:00,1381.286,1382.441,1380.69,1381.7920000000001
2014-03-14 20:15:00,1381.767,1384.519,1381.559,1382.106
2014-03-14 20:30:00,1382.0810000000001,1382.895,1382.035,1382.6699999999998
2014-03-14 20:45:00,1382.625,1383.702,1382.545,1383.183
2014-03-16 23:00:00,1389.385,1389.385,1387.605,1388.4685000000002
2014-03-16 23:15:00,1388.4560000000001,1388.627,1387.0529999999999,1387.0529999999999
2014-03-16 23:30:00,1387.097,1389.108,1387.083,1387.6899999999998
2014-03-16 23:45:00,1387.6889999999999,1387.6889999999999,1386.065,1386.731
2014-03-17 01:00:00,1384.896,1384.9409999999998,1380.998,1382.8509999999999
2014-03-17 01:15:00,1382.8039999999999,1383.9855,1381.7,1382.5430000000001
2014-03-17 01:30:00,1382.568,1382.649,1379.5020000000002,1381.0520000000001
2014-03-17 01:45:00,1381.0649999999998,1383.474,1381.019,1383.12
2014-03-17 02:00:00,1383.088,1383.3899999999999,1382.09,1382.764
2014-03-17 02:15:00,1382.719,1383.235,1381.993,1383.235
2014-03-17 02:30:00,1383.201,1383.201,1381.513,1381.513
2014-03-17 02:45:00,1381.5405,1382.47,1381.4129999999998,1381.8049999999998
2014-03-17 03:00:00,1381.6955,1382.1100000000001,1381.327,1382.079
2014-03-17 03:15:00,1382.09,1382.991,1381.856,1382.742
2014-03-17 03:30:00,1382.723,1383.3890000000001,1382.722,1383.0629999999999
2014-03-17 03:45:00,1383.0829999999999,1383.0829999999999,1382.331,1382.5420000000001
2014-03-17 04:00:00,1382.531,1383.8229999999999,1382.2189999999998,1383.463
2014-03-17 04:15:00,1383.4685,1383.893,1383.087,1383.679
2014-03-17 04:30:00,1383.655,1383.775,1383.196,1383.4769999999999
2014-03-17 04:45:00,1383.498,1384.052,1383.464,1384.0430000000001
2014-03-17 05:00:00,1384.024,1384.024,1382.713,1382.766
2014-03-17 05:15:00,1382.753,1383.31,1382.5610000000001,1382.744
2014-03-17 05:30:00,1382.741,1383.282,1382.545,1383.282
2014-03-17 05:45:00,1383.2640000000001,1384.2659999999998,1383.1979999999999,1383.63
2014-03-17 06:00:00,1383.639,1383.656,1382.092,1382.914
2014-03-17 06:15:00,1382.902,1384.1439999999998,1382.833,1383.8114999999998
2014-03-17 06:30:00,1383.809,1385.0235,1383.113,1383.4209999999998
2014-03-17 06:45:00,1383.4305,1385.075,1383.16,1384.3410000000001
2014-03-17 07:00:00,1384.3145,1384.6109999999999,1383.4095000000002,1383.8110000000001
2014-03-17 07:15:00,1383.7640000000001,1384.181,1382.4360000000001,1383.276
2014-03-17 07:30:00,1383.267,1383.276,1380.543,1381.332
2014-03-17 07:45:00,1381.342,1381.7545,1380.7575,1380.9785
2014-03-17 08:00:00,1380.955,1383.3809999999999,1380.884,1383.154
2014-03-17 08:15:00,1383.143,1383.975,1382.0410000000002,1382.861
2014-03-17 08:30:00,1382.8615,1383.779,1381.981,1381.981
2014-03-17 08:45:00,1381.935,1382.113,1379.376,1381.39
2014-03-17 09:00:00,1381.4245,1381.48,1378.0625,1378.9025
2014-03-17 09:15:00,1378.8925,1379.744,1378.3619999999999,1378.7915
2014-03-17 09:30:00,1378.791,1379.17,1378.3014999999998,1378.3085
2014-03-17 09:45:00,1378.303,1379.4460000000001,1378.1879999999999,1379.096
2014-03-17 10:00:00,1379.086,1380.019,1378.6815000000001,1379.94
2014-03-17 10:15:00,1379.9250000000002,1379.9250000000002,1378.847,1379.6095
2014-03-17 10:30:00,1379.587,1380.0865,1379.1229999999998,1379.942
2014-03-17 10:45:00,1379.9569999999999,1380.906,1379.6905,1380.5655000000002
2014-03-17 11:00:00,1380.559,1380.7915,1378.7345,1379.16
2014-03-17 11:15:00,1379.176,1379.8760000000002,1377.904,1378.878
2014-03-17 11:30:00,1378.8980000000001,1379.156,1376.882,1377.209
2014-03-17 11:45:00,1377.2085,1378.19,1376.872,1377.28
2014-03-17 12:00:00,1377.279,1377.9019999999998,1374.7759999999998,1377.4465
2014-03-17 12:15:00,1377.443,1378.7575,1376.7569999999998,1378.125
2014-03-17 12:30:00,1378.095,1380.059,1377.7150000000001,1379.1209999999999
2014-03-17 12:45:00,1379.2335,1380.237,1378.651,1379.875
2014-03-17 13:00:00,1379.83,1380.434,1377.0085,1378.125
2014-03-17 13:15:00,1377.9095,1378.251,1376.469,1377.5195
2014-03-17 13:30:00,1377.489,1377.7135,1375.4225,1376.4315
2014-03-17 13:45:00,1376.4144999999999,1378.0655,1376.176,1378.06
2014-03-17 14:00:00,1378.135,1379.148,1376.8355,1378.4365
2014-03-17 14:15:00,1378.421,1379.0095000000001,1377.826,1378.8285
2014-03-17 14:30:00,1378.8185,1382.344,1378.5035,1381.961
2014-03-17 14:45:00,1381.941,1382.132,1380.092,1381.4389999999999
2014-03-17 15:00:00,1381.4595000000002,1381.531,1378.1855,1379.6635
2014-03-17 15:15:00,1379.6770000000001,1380.319,1378.2795,1379.5024999999998
2014-03-17 15:30:00,1379.5085,1380.1545,1378.971,1379.1515
2014-03-17 15:45:00,1379.1164999999999,1379.347,1375.759,1376.1285
2014-03-17 16:00:00,1376.1385,1377.2845,1371.602,1373.107
2014-03-17 16:15:00,1373.192,1373.2150000000001,1369.7445,1371.221
2014-03-17 16:30:00,1371.195,1372.804,1371.136,1372.4589999999998
2014-03-17 16:45:00,1372.4489999999998,1373.1555,1371.647,1371.95
2014-03-17 17:00:00,1371.93,1372.66,1370.8729999999998,1372.2205
2014-03-17 17:15:00,1372.2355,1373.048,1371.3129999999999,1372.8495
2014-03-17 17:30:00,1372.8010000000002,1372.8780000000002,1371.5945000000002,1372.3495
2014-03-17 17:45:00,1372.371,1372.415,1371.385,1371.5725
2014-03-17 18:00:00,1371.566,1371.9925,1368.32,1368.7385
2014-03-17 18:15:00,1368.743,1368.9344999999998,1365.475,1365.549
2014-03-17 18:30:00,1365.574,1367.081,1362.0485,1366.9869999999999
2014-03-17 18:45:00,1366.9824999999998,1367.3870000000002,1365.519,1367.0365
2014-03-17 19:00:00,1367.0390000000002,1367.58,1365.4299999999998,1365.4430000000002
2014-03-17 19:15:00,1365.4315000000001,1366.6370000000002,1364.6180000000002,1365.916
2014-03-17 19:30:00,1365.9030000000002,1366.0965,1365.138,1366.085
2014-03-17 19:45:00,1366.093,1366.418,1365.4669999999999,1366.1674999999998
2014-03-17 20:00:00,1366.148,1367.4669999999999,1366.098,1366.9959999999999
2014-03-17 20:15:00,1366.9920000000002,1368.0720000000001,1366.911,1367.857
2014-03-17 20:30:00,1367.879,1368.089,1367.3220000000001,1367.4060000000002
2014-03-17 20:45:00,1367.412,1367.432,1366.991,1367.101
2014-03-17 21:00:00,1367.116,1367.556,1367.113,1367.2259999999999
2014-03-17 23:00:00,1366.1,1366.6499999999999,1366.095,1366.5235
2014-03-17 23:15:00,1366.5285000000001,1366.7575,1366.244,1366.753
2014-03-17 23:30:00,1366.7575,1367.29,1366.31,1366.5335
2014-03-17 23:45:00,1366.5535,1366.9335,1365.8670000000002,1366.586
2014-03-18 01:00:00,1366.5240000000001,1366.709,1363.3355,1364.744
2014-03-18 01:15:00,1364.75,1364.7815,1361.28,1362.0835
2014-03-18 01:30:00,1361.955,1361.9769999999999,1357.751,1359.326
2014-03-18 01:45:00,1359.333,1360.121,1358.574,1359.0620000000001
2014-03-18 02:00:00,1359.032,1361.2359999999999,1357.996,1360.7265
2014-03-18 02:15:00,1360.7215,1361.017,1360.241,1360.54
2014-03-18 02:30:00,1360.529,1361.4609999999998,1360.436,1361.25
2014-03-18 02:45:00,1361.23,1362.088,1360.5240000000001,1360.759
2014-03-18 03:00:00,1360.749,1361.001,1358.98,1360.077
2014-03-18 03:15:00,1360.067,1360.572,1359.5189999999998,1359.5189999999998
2014-03-18 03:30:00,1359.4840000000002,1359.726,1358.751,1359.67
2014-03-18 03:45:00,1359.6689999999999,1360.1505,1359.5500000000002,1360.032
2014-03-18 04:00:00,1360.07,1360.778,1360.07,1360.286
2014-03-18 04:15:00,1360.299,1360.8084999999999,1360.246,1360.5
2014-03-18 04:30:00,1360.53,1361.486,1360.3899999999999,1360.878
2014-03-18 04:45:00,1360.838,1361.4660000000001,1360.3899999999999,1361.1830000000002
2014-03-18 05:00:00,1361.194,1361.5905,1360.5430000000001,1360.796
2014-03-18 05:15:00,1360.797,1360.797,1359.8849999999998,1360.2365
2014-03-18 05:30:00,1360.2245,1360.8505,1359.016,1360.618
2014-03-18 05:45:00,1360.58,1360.9325000000001,1360.182,1360.288
2014-03-18 06:00:00,1360.277,1361.371,1360.0259999999998,1360.6715000000002
2014-03-18 06:15:00,1360.6615,1361.2145,1360.3590000000002,1360.7459999999999
2014-03-18 06:30:00,1360.698,1362.63,1360.603,1362.181
2014-03-18 06:45:00,1362.1695,1362.3049999999998,1360.7430000000002,1361.441
2014-03-18 07:00:00,1361.4080000000001,1361.425,1359.862,1360.3854999999999
2014-03-18 07:15:00,1360.3754999999999,1361.493,1359.9150000000002,1360.7250000000001
2014-03-18 07:30:00,1360.7099999999998,1360.8790000000001,1359.494,1359.5155
2014-03-18 07:45:00,1359.521,1360.346,1358.0265000000002,1359.867
2014-03-18 08:00:00,1359.7849999999999,1360.1895,1358.0010000000002,1359.8984999999998
2014-03-18 08:15:00,1359.895,1361.176,1359.657,1360.284
2014-03-18 08:30:00,1360.2720000000002,1360.834,1359.893,1360.636
2014-03-18 08:45:00,1360.654,1361.183,1360.132,1360.764
2014-03-18 09:00:00,1360.7549999999999,1364.163,1360.113,1363.513
2014-03-18 09:15:00,1363.5225,1363.6390000000001,1361.95,1362.9785
2014-03-18 09:30:00,1362.9495,1363.8770000000002,1362.6349999999998,1362.911
2014-03-18 09:45:00,1362.92,1363.491,1362.2685000000001,1363.172
2014-03-18 10:00:00,1363.149,1363.2884999999999,1361.759,1362.5955
2014-03-18 10:15:00,1362.591,1363.391,1362.431,1362.933
2014-03-18 10:30:00,1362.96,1363.256,1362.0990000000002,1362.201
2014-03-18 10:45:00,1362.228,1362.5315,1362.022,1362.3229999999999
2014-03-18 11:00:00,1362.3464999999999,1362.684,1361.48,1362.065
2014-03-18 11:15:00,1362.054,1363.356,1360.11,1360.2930000000001
2014-03-18 11:30:00,1360.3165000000001,1360.893,1356.86,1359.064
2014-03-18 11:45:00,1359.079,1360.44,1358.0225,1358.8125
2014-03-18 12:00:00,1358.8695000000002,1359.588,1356.8899999999999,1357.671
2014-03-18 12:15:00,1357.6705,1357.781,1352.7905,1353.285
2014-03-18 12:30:00,1353.22,1354.458,1351.549,1352.346
2014-03-18 12:45:00,1352.3519999999999,1352.933,1350.857,1351.7050000000002
2014-03-18 13:00:00,1351.6965,1353.8990000000001,1351.324,1353.0765
2014-03-18 13:15:00,1353.073,1353.624,1351.963,1353.19
2014-03-18 13:30:00,1353.1200000000001,1354.1254999999999,1352.6240000000003,1353.7179999999998
2014-03-18 13:45:00,1353.6940000000002,1354.7069999999999,1353.5320000000002,1353.85
2014-03-18 14:00:00,1353.829,1357.102,1353.3635,1356.005
2014-03-18 14:15:00,1355.9975,1356.0165000000002,1353.406,1354.164
2014-03-18 14:30:00,1354.182,1356.683,1354.182,1355.989
2014-03-18 14:45:00,1356.0,1356.98,1355.2015000000001,1356.6480000000001
2014-03-18 15:00:00,1356.628,1357.782,1355.9295,1356.795
2014-03-18 15:15:00,1356.8125,1357.6154999999999,1355.3029999999999,1356.1589999999999
2014-03-18 15:30:00,1356.1685,1357.4995,1355.879,1357.2765
2014-03-18 15:45:00,1357.2825,1357.5140000000001,1356.4119999999998,1357.327
2014-03-18 16:00:00,1357.347,1358.8875,1355.876,1358.571
2014-03-18 16:15:00,1358.5810000000001,1360.6895,1358.496,1360.085
2014-03-18 16:30:00,1360.07,1362.0955000000001,1359.99,1361.9444999999998
2014-03-18 16:45:00,1361.9695,1362.2979999999998,1361.3095,1361.4605000000001
2014-03-18 17:00:00,1361.4905,1361.6805,1359.69,1360.12
2014-03-18 17:15:00,1360.08,1360.2635,1358.4070000000002,1358.646
2014-03-18 17:30:00,1358.609,1359.749,1357.7079999999999,1359.675
2014-03-18 17:45:00,1359.686,1360.3950000000002,1359.483,1360.3280000000002
2014-03-18 18:00:00,1360.3670000000002,1360.44,1359.708,1360.241
2014-03-18 18:15:00,1360.17,1361.022,1360.08,1360.287
2014-03-18 18:30:00,1360.3269999999998,1360.3770000000002,1359.38,1359.397
2014-03-18 18:45:00,1359.413,1359.706,1358.385,1358.621
2014-03-18 19:00:00,1358.621,1358.621,1356.372,1356.913
2014-03-18 19:15:00,1356.893,1356.913,1355.228,1355.798
2014-03-18 19:30:00,1355.787,1356.338,1355.2704999999999,1355.9555
2014-03-18 19:45:00,1355.9809999999998,1356.4295000000002,1354.706,1355.2
2014-03-18 20:00:00,1355.2050000000002,1355.741,1355.067,1355.641
2014-03-18 20:15:00,1355.631,1356.722,1355.5810000000001,1356.582
2014-03-18 20:30:00,1356.475,1356.658,1355.782,1355.8890000000001
2014-03-18 20:45:00,1355.888,1355.98,1355.567,1355.6950000000002
2014-03-18 21:00:00,1355.6609999999998,1355.7069999999999,1354.894,1355.023
2014-03-18 23:00:00,1356.95,1357.0,1355.55,1355.8519999999999
2014-03-18 23:15:00,1355.84,1356.6605,1355.832,1356.6505
2014-03-18 23:30:00,1356.706,1356.856,1356.2649999999999,1356.689
2014-03-18 23:45:00,1356.701,1356.995,1356.279,1356.279
2014-03-19 01:00:00,1357.75,1359.746,1357.75,1358.967
2014-03-19 01:15:00,1358.987,1359.727,1357.9830000000002,1358.7050000000002
2014-03-19 01:30:00,1358.6715,1358.902,1356.5249999999999,1357.1
2014-03-19 01:45:00,1357.13,1357.752,1357.003,1357.6685
2014-03-19 02:00:00,1357.6889999999999,1358.8785,1357.6689999999999,1358.526
2014-03-19 02:15:00,1358.547,1358.547,1357.471,1357.861
2014-03-19 02:30:00,1357.827,1358.544,1357.486,1358.009
2014-03-19 02:45:00,1357.9840000000002,1358.7910000000002,1357.891,1358.689
2014-03-19 03:00:00,1358.701,1358.701,1357.884,1358.18
2014-03-19 03:15:00,1358.181,1358.4289999999999,1357.6540000000002,1358.109
2014-03-19 03:30:00,1358.098,1358.7579999999998,1357.914,1358.244
2014-03-19 03:45:00,1358.266,1358.328,1357.0845,1357.315
2014-03-19 04:00:00,1357.2949999999998,1357.4255,1357.1355,1357.2224999999999
2014-03-19 04:15:00,1357.2215,1357.481,1356.355,1356.355
2014-03-19 04:30:00,1356.1865,1356.511,1353.7379999999998,1353.999
2014-03-19 04:45:00,1353.974,1354.758,1353.083,1354.077
2014-03-19 05:00:00,1354.1274999999998,1355.897,1354.1274999999998,1354.997
2014-03-19 05:15:00,1355.007,1355.697,1354.4360000000001,1355.577
2014-03-19 05:30:00,1355.597,1356.4370000000001,1353.98,1354.352
2014-03-19 05:45:00,1354.341,1355.5895,1354.227,1355.4375
2014-03-19 06:00:00,1355.407,1355.407,1353.213,1353.7259999999999
2014-03-19 06:15:00,1353.7369999999999,1355.386,1353.633,1354.279
2014-03-19 06:30:00,1354.2845,1354.4355,1353.7175,1353.962
2014-03-19 06:45:00,1354.0,1355.12,1353.772,1354.2
2014-03-19 07:00:00,1354.211,1354.4305000000002,1351.5385,1351.842
2014-03-19 07:15:00,1351.831,1353.417,1351.5615,1352.788
2014-03-19 07:30:00,1352.798,1353.268,1351.2314999999999,1352.32
2014-03-19 07:45:00,1352.31,1353.802,1352.1249999999998,1353.802
2014-03-19 08:00:00,1353.782,1354.5875,1352.816,1353.7105000000001
2014-03-19 08:15:00,1353.6985,1353.943,1352.698,1353.5245
2014-03-19 08:30:00,1353.5145,1354.06,1352.847,1353.21
2014-03-19 08:45:00,1353.145,1353.145,1346.2055,1347.8439999999998
2014-03-19 09:00:00,1347.8600000000001,1348.1565,1346.071,1346.574
2014-03-19 09:15:00,1346.614,1346.937,1346.0649999999998,1346.884
2014-03-19 09:30:00,1347.0115,1348.268,1346.7569999999998,1347.549
2014-03-19 09:45:00,1347.5545,1348.4289999999999,1347.4105,1347.4859999999999
2014-03-19 10:00:00,1347.504,1347.504,1345.1644999999999,1345.5010000000002
2014-03-19 10:15:00,1345.476,1347.0549999999998,1345.476,1346.78
2014-03-19 10:30:00,1346.82,1346.9950000000001,1345.1789999999999,1345.8719999999998
2014-03-19 10:45:00,1345.874,1347.4105,1345.751,1347.4105
2014-03-19 11:00:00,1347.415,1347.4489999999998,1345.385,1345.5325
2014-03-19 11:15:00,1345.5265000000002,1346.405,1345.3575,1345.8295
2014-03-19 11:30:00,1345.811,1346.53,1345.615,1346.53
2014-03-19 11:45:00,1346.505,1347.3095,1346.0675,1346.1235
2014-03-19 12:00:00,1346.147,1346.215,1345.04,1345.463
2014-03-19 12:15:00,1345.462,1347.8025,1345.362,1346.3999999999999
2014-03-19 12:30:00,1346.3799999999999,1347.9569999999999,1345.355,1345.609
2014-03-19 12:45:00,1345.549,1345.839,1341.5155,1343.6299999999999
2014-03-19 13:00:00,1343.5539999999999,1345.807,1343.4015,1344.1409999999998
2014-03-19 13:15:00,1344.154,1344.75,1343.219,1344.475
2014-03-19 13:30:00,1344.448,1345.5059999999999,1343.909,1344.5055
2014-03-19 13:45:00,1344.5135,1345.0845000000002,1343.767,1343.9489999999998
2014-03-19 14:00:00,1343.8995,1343.941,1340.912,1341.904
2014-03-19 14:15:00,1341.944,1342.4140000000002,1337.902,1338.536
2014-03-19 14:30:00,1338.5475,1340.0320000000002,1337.865,1338.8
2014-03-19 14:45:00,1338.789,1340.6735,1338.564,1339.872
2014-03-19 15:00:00,1339.795,1340.8114999999998,1337.993,1340.095
2014-03-19 15:15:00,1340.1009999999999,1340.326,1337.3059999999998,1339.28
2014-03-19 15:30:00,1339.2949999999998,1339.917,1338.7815,1339.6709999999998
2014-03-19 15:45:00,1339.6615000000002,1341.5700000000002,1339.531,1341.296
2014-03-19 16:00:00,1341.3029999999999,1341.5759999999998,1340.344,1341.3685
2014-03-19 16:15:00,1341.3835,1343.2075000000002,1340.8555,1341.3895
2014-03-19 16:30:00,1341.2694999999999,1341.518,1338.414,1339.5895
2014-03-19 16:45:00,1339.601,1340.563,1339.3425,1339.914
2014-03-19 17:00:00,1339.899,1341.709,1339.4105,1340.936
2014-03-19 17:15:00,1340.886,1341.373,1339.402,1341.011
2014-03-19 17:30:00,1341.001,1341.016,1339.863,1340.2515
2014-03-19 17:45:00,1340.2605,1341.73,1335.7134999999998,1339.89
2014-03-19 18:00:00,1340.1499999999999,1340.3,1330.95,1332.494
2014-03-19 18:15:00,1332.5430000000001,1333.1815,1331.081,1332.9969999999998
2014-03-19 18:30:00,1332.958,1337.1000000000001,1331.7824999999998,1336.8735000000001
2014-03-19 18:45:00,1336.8675,1337.174,1330.512,1330.692
2014-03-19 19:00:00,1330.72,1332.9005,1327.8085,1329.0859999999998
2014-03-19 19:15:00,1329.096,1331.7855,1327.9215000000002,1328.702
2014-03-19 19:30:00,1328.6770000000001,1330.6799999999998,1328.5439999999999,1329.1454999999999
2014-03-19 19:45:00,1329.1589999999999,1329.7214999999999,1327.9655,1329.0704999999998
2014-03-19 20:00:00,1329.1215000000002,1330.98,1328.621,1330.4234999999999
2014-03-19 20:15:00,1330.4055,1330.5255,1330.009,1330.103
2014-03-19 20:30:00,1330.016,1330.333,1329.176,1329.345
2014-03-19 20:45:00,1329.339,1329.6595,1328.165,1329.612
2014-03-19 21:00:00,1329.6305,1330.386,1329.612,1330.002
2014-03-19 23:00:00,1327.25,1328.25,1326.6960000000001,1326.6960000000001
2014-03-19 23:15:00,1326.684,1327.289,1325.92,1326.612
2014-03-19 23:30:00,1326.646,1328.134,1326.2675,1327.7035
2014-03-19 23:45:00,1327.7185,1328.49,1327.3455000000001,1328.472
2014-03-20 01:00:00,1331.401,1333.4075,1329.2259999999999,1330.635
2014-03-20 01:15:00,1330.632,1331.345,1327.639,1329.064
2014-03-20 01:30:00,1329.1180000000002,1331.067,1327.9270000000001,1330.366
2014-03-20 01:45:00,1330.35,1331.168,1329.955,1331.1399999999999
2014-03-20 02:00:00,1331.034,1331.925,1329.837,1330.232
2014-03-20 02:15:00,1330.269,1331.8400000000001,1329.989,1331.198
2014-03-20 02:30:00,1331.2325,1331.7959999999998,1330.6650000000002,1331.3849999999998
2014-03-20 02:45:00,1331.374,1333.124,1331.362,1332.013
2014-03-20 03:00:00,1331.9975,1332.2359999999999,1331.4209999999998,1331.616
2014-03-20 03:15:00,1331.623,1332.6205,1331.4779999999998,1332.4895
2014-03-20 03:30:00,1332.4795,1334.1200000000001,1332.416,1333.335
2014-03-20 03:45:00,1333.3285,1334.028,1332.316,1332.5620000000001
2014-03-20 04:00:00,1332.5900000000001,1333.195,1332.2524999999998,1333.057
2014-03-20 04:15:00,1333.0320000000002,1333.25,1332.6450000000002,1332.969
2014-03-20 04:30:00,1332.949,1333.974,1332.949,1333.3790000000001
2014-03-20 04:45:00,1333.3390000000002,1333.921,1333.234,1333.674
2014-03-20 05:00:00,1333.686,1333.8280000000002,1333.272,1333.584
2014-03-20 05:15:00,1333.588,1333.8270000000002,1331.218,1331.251
2014-03-20 05:30:00,1331.264,1331.4599999999998,1330.353,1331.375
2014-03-20 05:45:00,1331.3500000000001,1331.613,1330.6419999999998,1331.1589999999999
2014-03-20 06:00:00,1331.1779999999999,1333.1299999999999,1330.95,1332.016
2014-03-20 06:15:00,1331.874,1333.1109999999999,1331.21,1332.7540000000001
2014-03-20 06:30:00,1332.7385,1332.949,1330.293,1330.43
2014-03-20 06:45:00,1330.441,1331.0729999999999,1328.914,1330.991
2014-03-20 07:00:00,1330.9809999999998,1331.736,1330.461,1331.5055000000002
2014-03-20 07:15:00,1331.4705,1332.069,1331.1075,1331.9165
2014-03-20 07:30:00,1331.925,1334.751,1331.917,1333.3919999999998
2014-03-20 07:45:00,1333.4074999999998,1334.191,1330.46,1331.1965
2014-03-20 08:00:00,1331.1970000000001,1332.677,1330.3709999999999,1331.977
2014-03-20 08:15:00,1331.937,1332.0330000000001,1330.147,1330.6799999999998
2014-03-20 08:30:00,1330.6740000000002,1332.9275,1330.435,1332.0405
2014-03-20 08:45:00,1332.046,1332.5984999999998,1331.016,1332.0005
2014-03-20 09:00:00,1331.9655,1332.766,1331.127,1331.586
2014-03-20 09:15:00,1331.596,1331.9379999999999,1327.388,1328.255
2014-03-20 09:30:00,1328.2265,1328.248,1326.0259999999998,1326.2045
2014-03-20 09:45:00,1326.1875,1328.413,1325.455,1327.496
2014-03-20 10:00:00,1327.446,1327.961,1326.934,1327.034
2014-03-20 10:15:00,1327.009,1328.286,1326.7894999999999,1327.491
2014-03-20 10:30:00,1327.5055,1327.84,1326.679,1327.5845
2014-03-20 10:45:00,1327.5945,1327.9444999999998,1325.2089999999998,1325.485
2014-03-20 11:00:00,1325.505,1326.895,1325.385,1326.227
2014-03-20 11:15:00,1326.303,1326.407,1322.3025,1322.3700000000001
2014-03-20 11:30:00,1322.395,1322.9695,1321.0445,1321.1185
2014-03-20 11:45:00,1321.147,1323.9305,1321.103,1323.099
2014-03-20 12:00:00,1323.113,1323.248,1320.664,1321.2939999999999
2014-03-20 12:15:00,1321.33,1322.846,1320.729,1321.56
2014-03-20 12:30:00,1321.46,1325.693,1320.848,1325.0795
2014-03-20 12:45:00,1325.085,1325.9170000000001,1320.571,1323.4289999999999
2014-03-20 13:00:00,1323.4450000000002,1326.299,1323.4450000000002,1325.163
2014-03-20 13:15:00,1325.155,1326.257,1324.3725000000002,1325.9155
2014-03-20 13:30:00,1325.9255,1326.0204999999999,1324.098,1324.683
2014-03-20 13:45:00,1324.6689999999999,1326.9885,1324.153,1326.5449999999998
2014-03-20 14:00:00,1326.565,1329.284,1324.866,1327.35
2014-03-20 14:15:00,1327.318,1329.9465,1327.223,1329.8875
2014-03-20 14:30:00,1329.8780000000002,1329.913,1327.5449999999998,1327.681
2014-03-20 14:45:00,1327.6245,1328.3235000000002,1325.3174999999999,1327.668
2014-03-20 15:00:00,1327.667,1329.818,1326.8055,1329.4689999999998
2014-03-20 15:15:00,1329.449,1330.2804999999998,1328.247,1328.791
2014-03-20 15:30:00,1328.761,1329.51,1328.164,1329.259
2014-03-20 15:45:00,1329.2395,1332.4080000000001,1329.1895,1331.45
2014-03-20 16:00:00,1331.469,1331.66,1330.199,1330.2315
2014-03-20 16:15:00,1330.2250000000001,1331.4,1329.697,1330.623
2014-03-20 16:30:00,1330.611,1330.9999999999998,1329.556,1330.7845
2014-03-20 16:45:00,1330.795,1331.8605,1330.663,1331.8294999999998
2014-03-20 17:00:00,1331.788,1331.8480000000002,1328.927,1329.056
2014-03-20 17:15:00,1329.0420000000001,1331.1175,1328.987,1329.8500000000001
2014-03-20 17:30:00,1329.8115,1330.664,1328.96,1330.588
2014-03-20 17:45:00,1330.6000000000001,1330.91,1329.994,1330.6609999999998
2014-03-20 18:00:00,1330.65,1330.95,1330.1645,1330.6760000000002
2014-03-20 18:15:00,1330.6879999999999,1331.1209999999999,1330.165,1330.8595
2014-03-20 18:30:00,1330.842,1330.9,1330.2730000000001,1330.72
2014-03-20 18:45:00,1330.6999999999998,1330.821,1330.2675000000002,1330.319
2014-03-20 19:00:00,1330.3084999999999,1330.3519999999999,1329.4695000000002,1329.6299999999999
2014-03-20 19:15:00,1329.644,1329.8390000000002,1328.437,1328.955
2014-03-20 19:30:00,1328.972,1328.972,1327.873,1328.3519999999999
2014-03-20 19:45:00,1328.3300000000002,1328.464,1326.8029999999999,1327.228
2014-03-20 20:00:00,1327.2110000000002,1327.422,1326.478,1327.284
2014-03-20 20:15:00,1327.272,1327.923,1326.8990000000001,1327.5919999999999
2014-03-20 20:30:00,1327.604,1328.691,1327.328,1327.9569999999999
2014-03-20 20:45:00,1327.95,1328.783,1327.745,1327.763
2014-03-20 21:00:00,1327.754,1327.8479999999997,1327.386,1327.679
2014-03-20 22:00:00,1329.05,1329.05,1329.05,1329.05
2014-03-20 23:00:00,1330.5,1331.0369999999998,1330.5,1330.762
2014-03-20 23:15:00,1330.744,1330.821,1330.547,1330.729
2014-03-20 23:30:00,1330.7169999999999,1331.864,1330.5620000000001,1331.606
2014-03-20 23:45:00,1331.59,1331.59,1331.119,1331.119
2014-03-21 01:00:00,1331.287,1333.2385,1331.262,1332.767
2014-03-21 01:15:00,1332.756,1333.108,1331.9009999999998,1331.988
2014-03-21 01:30:00,1331.973,1333.075,1331.911,1332.3355
2014-03-21 01:45:00,1332.3455,1332.928,1331.9535,1332.2585
2014-03-21 02:00:00,1332.2835,1332.79,1331.898,1332.746
2014-03-21 02:15:00,1332.7365,1333.135,1332.5980000000002,1332.902
2014-03-21 02:30:00,1332.892,1334.1809999999998,1332.892,1333.437
2014-03-21 02:45:00,1333.454,1333.7160000000001,1332.847,1333.0075000000002
2014-03-21 03:00:00,1333.0200000000002,1334.277,1332.815,1333.821
2014-03-21 03:15:00,1333.841,1335.288,1333.567,1335.0069999999998
2014-03-21 03:30:00,1335.022,1335.1135,1333.642,1334.2369999999999
2014-03-21 03:45:00,1334.216,1334.3029999999999,1333.502,1333.7830000000001
2014-03-21 04:00:00,1333.8200000000002,1334.094,1333.317,1333.4959999999999
2014-03-21 04:15:00,1333.483,1333.8035,1332.9270000000001,1332.977
2014-03-21 04:30:00,1332.967,1333.037,1332.107,1332.3615
2014-03-21 04:45:00,1332.356,1332.402,1330.644,1330.6860000000001
2014-03-21 05:00:00,1330.6989999999998,1331.869,1330.6989999999998,1331.8315
2014-03-21 05:15:00,1331.8239999999998,1332.9560000000001,1331.8139999999999,1332.672
2014-03-21 05:30:00,1332.6699999999998,1333.399,1332.4545,1333.3729999999998
2014-03-21 05:45:00,1333.3770000000002,1333.8609999999999,1332.933,1333.6970000000001
2014-03-21 06:00:00,1333.6625000000001,1334.595,1332.454,1334.0430000000001
2014-03-21 06:15:00,1334.0605,1334.1405,1331.4779999999998,1332.066
2014-03-21 06:30:00,1332.028,1332.096,1331.185,1331.506
2014-03-21 06:45:00,1331.4759999999999,1332.0819999999999,1330.469,1330.976
2014-03-21 07:00:00,1330.992,1331.8429999999998,1330.8210000000001,1331.4460000000001
2014-03-21 07:15:00,1331.459,1332.129,1331.282,1331.32
2014-03-21 07:30:00,1331.314,1331.329,1329.367,1330.3174999999999
2014-03-21 07:45:00,1330.3025,1331.374,1329.4985000000001,1329.661
2014-03-21 08:00:00,1329.6745,1331.141,1329.232,1330.152
2014-03-21 08:15:00,1330.131,1339.1235,1329.6770000000001,1337.358
2014-03-21 08:30:00,1337.353,1338.149,1336.22,1337.1325000000002
2014-03-21 08:45:00,1337.1235000000001,1340.6335000000001,1336.9900000000002,1339.8500000000001
2014-03-21 09:00:00,1339.861,1339.9985000000001,1337.926,1338.815
2014-03-21 09:15:00,1338.8,1339.119,1337.545,1337.719
2014-03-21 09:30:00,1337.74,1338.0935000000002,1336.875,1337.201
2014-03-21 09:45:00,1337.1995,1337.4525,1335.858,1336.925
2014-03-21 10:00:00,1336.8980000000001,1338.79,1336.828,1337.848
2014-03-21 10:15:00,1337.844,1338.031,1336.9955,1337.858
2014-03-21 10:30:00,1337.838,1339.033,1336.5805,1338.933
2014-03-21 10:45:00,1338.943,1341.452,1338.1595,1340.9025
2014-03-21 11:00:00,1340.908,1342.49,1340.596,1340.959
2014-03-21 11:15:00,1340.987,1341.0795,1339.52,1339.8990000000001
2014-03-21 11:30:00,1339.915,1341.7065,1339.816,1340.9955
2014-03-21 11:45:00,1340.986,1341.089,1339.003,1339.5859999999998
2014-03-21 12:00:00,1339.603,1341.479,1339.5775,1340.1299999999999
2014-03-21 12:15:00,1340.144,1340.4869999999999,1337.317,1338.578
2014-03-21 12:30:00,1338.595,1339.36,1336.6905,1337.151
2014-03-21 12:45:00,1337.1205,1338.4094999999998,1337.021,1337.821
2014-03-21 13:00:00,1337.836,1339.481,1336.5964999999999,1338.2415
2014-03-21 13:15:00,1338.243,1339.96,1338.186,1339.2350000000001
2014-03-21 13:30:00,1339.222,1339.6364999999998,1337.812,1337.812
2014-03-21 13:45:00,1337.788,1338.8410000000001,1336.631,1337.07
2014-03-21 14:00:00,1337.045,1338.4329999999998,1336.78,1337.721
2014-03-21 14:15:00,1337.7009999999998,1337.79,1334.127,1334.469
2014-03-21 14:30:00,1334.459,1336.0265,1333.6575,1335.633
2014-03-21 14:45:00,1335.6475,1336.7645,1335.026,1336.477
2014-03-21 15:00:00,1336.4844999999998,1336.551,1335.2615,1335.8525
2014-03-21 15:15:00,1335.8735,1336.4515000000001,1334.856,1336.2675
2014-03-21 15:30:00,1336.2595,1336.3995,1335.5240000000001,1336.334
2014-03-21 15:45:00,1336.3210000000001,1336.472,1335.655,1336.0175
2014-03-21 16:00:00,1336.035,1336.2655,1334.429,1334.8065
2014-03-21 16:15:00,1334.8555000000001,1335.524,1334.415,1335.106
2014-03-21 16:30:00,1335.08,1335.1355,1333.6875,1334.731
2014-03-21 16:45:00,1334.751,1334.91,1333.702,1334.404
2014-03-21 17:00:00,1334.4089999999999,1335.453,1334.1885000000002,1335.173
2014-03-21 17:15:00,1335.202,1335.9505000000001,1335.008,1335.11
2014-03-21 17:30:00,1335.1589999999999,1335.81,1335.092,1335.323
2014-03-21 17:45:00,1335.3429999999998,1335.5629999999999,1334.7,1335.3290000000002
2014-03-21 18:00:00,1335.3505,1335.5625,1334.159,1335.5625
2014-03-21 18:15:00,1335.5825,1335.6925,1334.464,1335.394
2014-03-21 18:30:00,1335.3580000000002,1335.6580000000001,1334.808,1335.554
2014-03-21 18:45:00,1335.534,1336.1585,1335.4140000000002,1335.855
2014-03-21 19:00:00,1335.8700000000001,1336.0800000000002,1335.3999999999999,1336.021
2014-03-21 19:15:00,1336.0265,1337.389,1336.0265,1337.1555
2014-03-21 19:30:00,1337.179,1337.6535000000001,1335.596,1335.7305000000001
2014-03-21 19:45:00,1335.703,1335.7769999999998,1332.712,1333.215
2014-03-21 20:00:00,1333.1625,1334.25,1332.9850000000001,1333.15
2014-03-21 20:15:00,1333.124,1333.7959999999998,1332.8235,1333.3
2014-03-21 20:30:00,1333.2350000000001,1334.75,1333.1299999999999,1334.3600000000001
2014-03-21 20:45:00,1334.33,1334.81,1334.15,1334.717
2014-03-23 22:00:00,1332.884,1332.884,1332.884,1332.884
2014-03-23 23:00:00,1330.905,1331.4499999999998,1330.15,1331.205
2014-03-23 23:15:00,1331.2450000000001,1331.335,1330.3149999999998,1330.526
2014-03-23 23:30:00,1330.506,1331.752,1329.617,1331.5149999999999
2014-03-23 23:45:00,1331.5439999999999,1334.117,1331.318,1332.4
2014-03-24 01:00:00,1333.3715,1334.4015000000002,1331.635,1332.335
2014-03-24 01:15:00,1332.3229999999999,1332.931,1327.1565,1329.335
2014-03-24 01:30:00,1329.312,1330.645,1327.586,1328.3355000000001
2014-03-24 01:45:00,1328.395,1329.174,1327.764,1328.3909999999998
2014-03-24 02:00:00,1328.3345000000002,1328.8355,1327.937,1328.346
2014-03-24 02:15:00,1328.3519999999999,1328.4189999999999,1325.738,1326.275
2014-03-24 02:30:00,1326.299,1326.671,1324.931,1326.449
2014-03-24 02:45:00,1326.4379999999999,1326.7649999999999,1325.934,1326.7379999999998
2014-03-24 03:00:00,1326.7520000000002,1327.483,1326.181,1326.7810000000002
2014-03-24 03:15:00,1326.7959999999998,1327.0720000000001,1326.2799999999997,1326.4759999999999
2014-03-24 03:30:00,1326.461,1327.476,1326.45,1327.329
2014-03-24 03:45:00,1327.316,1327.794,1326.892,1327.4850000000001
2014-03-24 04:00:00,1327.4740000000002,1327.599,1327.067,1327.4899999999998
2014-03-24 04:15:00,1327.479,1327.8890000000001,1327.149,1327.292
2014-03-24 04:30:00,1327.281,1327.4285,1326.8429999999998,1327.078
2014-03-24 04:45:00,1327.066,1327.657,1326.719,1327.507
2014-03-24 05:00:00,1327.4864999999998,1328.192,1327.414,1327.882
2014-03-24 05:15:00,1327.864,1328.2879999999998,1327.864,1328.099
2014-03-24 05:30:00,1328.088,1329.1180000000002,1328.0149999999999,1328.978
2014-03-24 05:45:00,1328.996,1329.1129999999998,1328.652,1328.7379999999998
2014-03-24 06:00:00,1328.7510000000002,1328.7839999999999,1327.3225,1327.862
2014-03-24 06:15:00,1327.872,1328.179,1327.5465000000002,1327.9810000000002
2014-03-24 06:30:00,1327.97,1328.201,1327.1039999999998,1327.224
2014-03-24 06:45:00,1327.254,1327.318,1324.994,1325.5420000000001
2014-03-24 07:00:00,1325.5320000000002,1325.6109999999999,1322.4360000000001,1323.729
2014-03-24 07:15:00,1323.712,1324.366,1322.4005,1322.675
2014-03-24 07:30:00,1322.682,1325.0249999999999,1322.3395,1325.0249999999999
2014-03-24 07:45:00,1325.2144999999998,1326.6795,1325.1625000000001,1325.7595000000001
2014-03-24 08:00:00,1325.736,1325.7855,1321.6,1322.567
2014-03-24 08:15:00,1322.552,1324.2559999999999,1321.961,1324.173
2014-03-24 08:30:00,1324.1355,1324.173,1322.604,1323.6570000000002
2014-03-24 08:45:00,1323.642,1324.3535,1323.131,1323.8609999999999
2014-03-24 09:00:00,1323.8395,1325.821,1323.4850000000001,1325.723
2014-03-24 09:15:00,1325.7145,1326.252,1324.945,1325.5205
2014-03-24 09:30:00,1325.5105,1325.6109999999999,1324.164,1324.257
2014-03-24 09:45:00,1324.2459999999999,1324.432,1322.6965,1324.31
2014-03-24 10:00:00,1324.331,1324.99,1323.925,1324.4299999999998
2014-03-24 10:15:00,1324.4189999999999,1324.4189999999999,1322.935,1323.1785
2014-03-24 10:30:00,1323.1855,1323.433,1322.0459999999998,1322.9205
2014-03-24 10:45:00,1322.8605,1324.127,1322.4755,1324.0
2014-03-24 11:00:00,1323.991,1324.0,1322.5465,1323.7845
2014-03-24 11:15:00,1323.7795,1324.2,1322.8339999999998,1323.8490000000002
2014-03-24 11:30:00,1323.8229999999999,1325.6525,1323.389,1325.3835000000001
2014-03-24 11:45:00,1325.375,1325.4295,1323.395,1324.265
2014-03-24 12:00:00,1324.258,1324.8055000000002,1322.8339999999998,1323.0335
2014-03-24 12:15:00,1323.0405,1323.786,1321.7849999999999,1323.105
2014-03-24 12:30:00,1323.125,1323.125,1314.8275,1316.878
2014-03-24 12:45:00,1316.863,1317.2359999999999,1314.56,1315.8345000000002
2014-03-24 13:00:00,1315.8265000000001,1317.7845000000002,1315.5155,1316.949
2014-03-24 13:15:00,1316.938,1317.6365,1315.4119999999998,1316.4955
2014-03-24 13:30:00,1316.5245,1318.4455,1316.4070000000002,1318.433
2014-03-24 13:45:00,1318.443,1319.431,1317.276,1317.6965
2014-03-24 14:00:00,1317.6960000000001,1317.9385,1316.093,1317.7825
2014-03-24 14:15:00,1317.7894999999999,1317.977,1316.0140000000001,1317.24
2014-03-24 14:30:00,1317.29,1317.3890000000001,1316.051,1316.639
2014-03-24 14:45:00,1316.634,1316.7095,1310.978,1311.0225
2014-03-24 15:00:00,1311.0175,1312.2150000000001,1310.3445000000002,1311.5895
2014-03-24 15:15:00,1311.5995,1311.7245,1309.026,1309.816
2014-03-24 15:30:00,1309.8155,1310.915,1308.028,1310.816
2014-03-24 15:45:00,1310.824,1312.1035,1310.6895,1310.7545
2014-03-24 16:00:00,1310.7649999999999,1311.759,1310.4745,1311.734
2014-03-24 16:15:00,1311.7325,1312.1485,1310.2305,1310.6425000000002
2014-03-24 16:30:00,1310.5925,1311.442,1310.247,1311.028
2014-03-24 16:45:00,1311.048,1311.1875,1309.9689999999998,1311.1535
2014-03-24 17:00:00,1311.1834999999999,1311.1944999999998,1309.1470000000002,1309.1470000000002
2014-03-24 17:15:00,1309.1599999999999,1311.5705,1308.9295,1310.7849999999999
2014-03-24 17:30:00,1310.7549999999999,1311.5185000000001,1310.4230000000002,1310.928
2014-03-24 17:45:00,1310.93,1311.4744999999998,1310.4099999999999,1311.012
2014-03-24 18:00:00,1311.026,1311.708,1309.76,1311.1100000000001
2014-03-24 18:15:00,1311.1409999999998,1311.422,1310.4585,1310.6950000000002
2014-03-24 18:30:00,1310.615,1310.679,1308.0819999999999,1308.7820000000002
2014-03-24 18:45:00,1308.8419999999999,1309.775,1308.0194999999999,1309.5175000000002
2014-03-24 19:00:00,1309.5525,1310.104,1309.055,1309.7115
2014-03-24 19:15:00,1309.7214999999999,1310.0384999999999,1309.2265000000002,1309.85
2014-03-24 19:30:00,1309.9,1310.317,1309.6209999999999,1310.0629999999999
2014-03-24 19:45:00,1310.137,1310.5385,1309.196,1309.6409999999998
2014-03-24 20:00:00,1309.6260000000002,1309.836,1309.261,1309.377
2014-03-24 20:15:00,1309.397,1309.397,1308.641,1309.173
2014-03-24 20:30:00,1309.1879999999999,1309.344,1309.159,1309.1860000000001
2014-03-24 20:45:00,1309.1449999999998,1309.1490000000001,1308.7599999999998,1308.7610000000002
2014-03-24 21:00:00,1308.775,1309.363,1308.461,1308.513
2014-03-24 23:00:00,1309.35,1309.7,1309.26,1309.5825
2014-03-24 23:15:00,1309.6175,1310.641,1309.317,1309.381
2014-03-24 23:30:00,1309.411,1310.207,1309.396,1309.99
2014-03-24 23:45:00,1310.0100000000002,1311.492,1309.9879999999998,1311.458
2014-03-25 01:00:00,1311.0035,1311.5230000000001,1310.342,1311.088
2014-03-25 01:15:00,1311.075,1312.312,1310.638,1312.115
2014-03-25 01:30:00,1312.104,1313.192,1312.029,1312.566
2014-03-25 01:45:00,1312.577,1313.0720000000001,1312.506,1312.734
2014-03-25 02:00:00,1312.7395,1313.569,1312.6865,1313.269
2014-03-25 02:15:00,1313.281,1313.612,1312.966,1313.1499999999999
2014-03-25 02:30:00,1313.1440000000002,1313.2155,1311.711,1311.8495
2014-03-25 02:45:00,1311.837,1313.341,1311.69,1313.215
2014-03-25 03:00:00,1313.233,1314.2710000000002,1313.215,1313.9109999999998
2014-03-25 03:15:00,1313.927,1314.2240000000002,1313.522,1314.045
2014-03-25 03:30:00,1314.065,1314.075,1312.9555,1312.9725
2014-03-25 03:45:00,1312.9885,1313.443,1312.885,1313.0829999999999
2014-03-25 04:00:00,1313.1070000000002,1313.453,1313.1070000000002,1313.4170000000001
2014-03-25 04:15:00,1313.457,1313.992,1313.412,1313.767
2014-03-25 04:30:00,1313.777,1314.007,1313.5200000000002,1313.5200000000002
2014-03-25 04:45:00,1313.552,1314.178,1313.332,1314.1355
2014-03-25 05:00:00,1314.1295,1315.902,1314.1295,1315.647
2014-03-25 05:15:00,1315.632,1315.8615,1314.932,1314.942
2014-03-25 05:30:00,1314.957,1316.701,1314.852,1315.521
2014-03-25 05:45:00,1315.5159999999998,1315.717,1314.56,1314.588
2014-03-25 06:00:00,1314.6090000000002,1315.125,1313.1219999999998,1313.2545
2014-03-25 06:15:00,1313.2645,1313.9234999999999,1313.0935000000002,1313.617
2014-03-25 06:30:00,1313.605,1313.9765,1313.176,1313.712
2014-03-25 06:45:00,1313.736,1313.8400000000001,1313.18,1313.189
2014-03-25 07:00:00,1313.231,1313.4689999999998,1312.402,1312.6380000000001
2014-03-25 07:15:00,1312.6035,1313.5304999999998,1312.049,1313.5304999999998
2014-03-25 07:30:00,1313.5375,1315.9099999999999,1313.4350000000002,1315.52
2014-03-25 07:45:00,1315.4334999999999,1315.5065,1314.421,1314.853
2014-03-25 08:00:00,1314.839,1314.948,1313.1029999999998,1313.289
2014-03-25 08:15:00,1313.3,1314.6660000000002,1313.0035,1314.3049999999998
2014-03-25 08:30:00,1314.2959999999998,1316.534,1314.069,1314.319
2014-03-25 08:45:00,1314.3029999999999,1317.4420000000002,1313.879,1316.2939999999999
2014-03-25 09:00:00,1316.2259999999999,1317.056,1315.6045,1315.747
2014-03-25 09:15:00,1315.7630000000001,1316.263,1314.6930000000002,1315.0140000000001
2014-03-25 09:30:00,1315.0330000000001,1315.667,1313.8490000000002,1314.208
2014-03-25 09:45:00,1314.2230000000002,1316.164,1313.966,1315.574
2014-03-25 10:00:00,1315.589,1316.2069999999999,1315.1805,1315.4499999999998
2014-03-25 10:15:00,1315.3890000000001,1315.456,1314.2415,1314.959
2014-03-25 10:30:00,1314.976,1315.779,1314.473,1315.33
2014-03-25 10:45:00,1315.345,1315.566,1314.4745,1314.5565000000001
2014-03-25 11:00:00,1314.5904999999998,1315.712,1314.5904999999998,1315.552
2014-03-25 11:15:00,1315.572,1316.2320000000002,1315.3680000000002,1316.133
2014-03-25 11:30:00,1316.1165,1316.1165,1312.6215,1312.8295
2014-03-25 11:45:00,1312.8545,1313.339,1310.124,1311.501
2014-03-25 12:00:00,1311.5030000000002,1311.618,1309.2040000000002,1309.293
2014-03-25 12:15:00,1309.3084999999999,1310.505,1305.811,1306.1485
2014-03-25 12:30:00,1306.1765,1308.868,1306.1035,1307.808
2014-03-25 12:45:00,1307.833,1309.225,1307.5025,1309.0900000000001
2014-03-25 13:00:00,1309.07,1312.88,1308.247,1312.602
2014-03-25 13:15:00,1312.5515,1312.729,1311.8790000000001,1312.2669999999998
2014-03-25 13:30:00,1312.202,1312.6909999999998,1311.9109999999998,1312.2530000000002
2014-03-25 13:45:00,1312.2730000000001,1315.4350000000002,1311.5729999999999,1315.395
2014-03-25 14:00:00,1315.345,1316.202,1313.735,1314.434
2014-03-25 14:15:00,1314.469,1314.672,1313.8864999999998,1314.125
2014-03-25 14:30:00,1314.14,1315.0700000000002,1313.833,1314.14
2014-03-25 14:45:00,1314.163,1315.8709999999999,1314.13,1315.474
2014-03-25 15:00:00,1315.493,1315.604,1312.861,1313.4869999999999
2014-03-25 15:15:00,1313.4979999999998,1313.8249999999998,1311.5069999999998,1311.783
2014-03-25 15:30:00,1311.763,1312.6864999999998,1311.3564999999999,1312.138
2014-03-25 15:45:00,1312.1335,1312.983,1311.9620000000002,1312.198
2014-03-25 16:00:00,1312.161,1312.247,1310.7099999999998,1311.837
2014-03-25 16:15:00,1311.864,1312.167,1310.845,1311.1519999999998
2014-03-25 16:30:00,1311.1599999999999,1312.139,1310.6435000000001,1311.8405
2014-03-25 16:45:00,1311.7905,1312.143,1310.887,1311.33
2014-03-25 17:00:00,1311.31,1312.036,1311.1444999999999,1311.376
2014-03-25 17:15:00,1311.352,1311.745,1310.5684999999999,1310.824
2014-03-25 17:30:00,1310.835,1311.709,1310.6805000000002,1310.85
2014-03-25 17:45:00,1310.8564999999999,1311.997,1310.841,1311.022
2014-03-25 18:00:00,1311.011,1311.9260000000002,1310.328,1311.633
2014-03-25 18:15:00,1311.638,1312.128,1311.333,1311.454
2014-03-25 18:30:00,1311.4725,1311.881,1311.1245000000001,1311.3585
2014-03-25 18:45:00,1311.3890000000001,1311.931,1311.3120000000001,1311.817
2014-03-25 19:00:00,1311.781,1311.8765,1311.4695000000002,1311.633
2014-03-25 19:15:00,1311.625,1311.942,1311.5355000000002,1311.742
2014-03-25 19:30:00,1311.721,1312.08,1311.238,1311.703
2014-03-25 19:45:00,1311.689,1312.098,1311.5655,1311.8575
2014-03-25 20:00:00,1311.8635,1311.989,1311.677,1311.769
2014-03-25 20:15:00,1311.788,1311.8880000000001,1311.401,1311.458
2014-03-25 20:30:00,1311.4450000000002,1311.572,1310.881,1310.897
2014-03-25 20:45:00,1310.907,1311.328,1310.69,1311.078
2014-03-25 21:00:00,1311.059,1311.413,1310.968,1311.1709999999998
2014-03-25 23:00:00,1310.75,1310.75,1310.0,1310.0100000000002
2014-03-25 23:15:00,1310.0059999999999,1310.449,1309.8220000000001,1310.2160000000001
2014-03-25 23:30:00,1310.201,1310.584,1309.817,1309.8600000000001
2014-03-25 23:45:00,1309.872,1310.118,1309.7285,1309.9375
2014-03-26 01:00:00,1312.84,1314.226,1312.386,1313.8950000000002
2014-03-26 01:15:00,1313.8709999999999,1315.6299999999999,1313.8300000000002,1314.089
2014-03-26 01:30:00,1314.0505,1314.069,1312.8885,1312.8885
2014-03-26 01:45:00,1312.885,1313.5380000000002,1312.788,1312.974
2014-03-26 02:00:00,1312.918,1313.017,1312.3615,1312.739
2014-03-26 02:15:00,1312.7295,1312.814,1311.687,1312.165
2014-03-26 02:30:00,1312.177,1312.494,1311.5739999999998,1312.3229999999999
2014-03-26 02:45:00,1312.341,1312.394,1311.733,1312.06
2014-03-26 03:00:00,1312.085,1313.217,1311.904,1312.793
2014-03-26 03:15:00,1312.805,1312.915,1312.2430000000002,1312.575
2014-03-26 03:30:00,1312.546,1313.513,1312.433,1313.1260000000002
2014-03-26 03:45:00,1313.125,1313.551,1312.98,1313.4920000000002
2014-03-26 04:00:00,1313.48,1313.48,1312.883,1313.192
2014-03-26 04:15:00,1313.224,1313.294,1312.6909999999998,1313.0510000000002
2014-03-26 04:30:00,1313.0749999999998,1313.518,1312.692,1313.1409999999998
2014-03-26 04:45:00,1313.166,1313.313,1313.0990000000002,1313.0990000000002
2014-03-26 05:00:00,1313.124,1313.327,1313.0990000000002,1313.134
2014-03-26 05:15:00,1313.149,1313.296,1312.109,1312.1685
2014-03-26 05:30:00,1312.154,1313.175,1311.803,1312.435
2014-03-26 05:45:00,1312.454,1314.782,1312.37,1314.497
2014-03-26 06:00:00,1314.534,1314.721,1313.396,1314.21
2014-03-26 06:15:00,1314.198,1315.74,1313.9755,1315.271
2014-03-26 06:30:00,1315.2549999999999,1315.414,1313.699,1314.2320000000002
2014-03-26 06:45:00,1314.212,1314.913,1313.639,1314.593
2014-03-26 07:00:00,1314.625,1315.452,1314.185,1314.446
2014-03-26 07:15:00,1314.419,1315.315,1314.16,1314.3000000000002
2014-03-26 07:30:00,1314.321,1315.302,1314.2520000000002,1315.076
2014-03-26 07:45:00,1315.062,1316.3485,1314.812,1316.282
2014-03-26 08:00:00,1316.269,1316.319,1314.5015,1314.886
2014-03-26 08:15:00,1314.866,1315.137,1314.3180000000002,1314.475
2014-03-26 08:30:00,1314.464,1315.276,1314.142,1314.7445
2014-03-26 08:45:00,1314.7169999999999,1315.6225,1314.4650000000001,1314.531
2014-03-26 09:00:00,1314.506,1315.349,1313.71,1314.01
2014-03-26 09:15:00,1314.039,1314.26,1313.5159999999998,1314.016
2014-03-26 09:30:00,1314.01,1314.724,1313.536,1314.33
2014-03-26 09:45:00,1314.324,1314.54,1314.116,1314.449
2014-03-26 10:00:00,1314.431,1314.816,1314.11,1314.616
2014-03-26 10:15:00,1314.649,1315.316,1314.26,1315.01
2014-03-26 10:30:00,1314.991,1314.991,1314.2160000000001,1314.316
2014-03-26 10:45:00,1314.339,1314.929,1314.321,1314.475
2014-03-26 11:00:00,1314.455,1315.0590000000002,1314.261,1315.015
2014-03-26 11:15:00,1315.005,1316.489,1314.949,1315.294
2014-03-26 11:30:00,1315.299,1315.4099999999999,1313.959,1313.999
2014-03-26 11:45:00,1313.96,1314.789,1313.541,1314.116
2014-03-26 12:00:00,1314.144,1314.611,1314.016,1314.311
2014-03-26 12:15:00,1314.349,1314.5859999999998,1310.276,1310.865
2014-03-26 12:30:00,1310.895,1313.495,1310.8049999999998,1312.911
2014-03-26 12:45:00,1312.9,1313.1509999999998,1311.7459999999999,1311.9260000000002
2014-03-26 13:00:00,1311.97,1312.3509999999999,1309.8759999999997,1310.224
2014-03-26 13:15:00,1310.199,1310.726,1308.3410000000001,1310.66
2014-03-26 13:30:00,1310.68,1311.52,1309.15,1310.975
2014-03-26 13:45:00,1310.965,1311.1100000000001,1310.07,1310.5149999999999
2014-03-26 14:00:00,1310.565,1311.5059999999999,1310.37,1310.92
2014-03-26 14:15:00,1311.015,1311.194,1309.74,1309.98
2014-03-26 14:30:00,1309.9900000000002,1310.09,1306.0700000000002,1307.364
2014-03-26 14:45:00,1307.3700000000001,1307.769,1300.334,1302.426
2014-03-26 15:00:00,1302.45,1304.165,1301.37,1302.505
2014-03-26 15:15:00,1302.486,1305.0215,1301.8005,1304.5565
2014-03-26 15:30:00,1304.5660000000003,1305.1265,1303.6795,1304.6879999999999
2014-03-26 15:45:00,1304.6705,1304.6705,1303.002,1303.6555
2014-03-26 16:00:00,1303.6705000000002,1304.1245,1302.866,1303.862
2014-03-26 16:15:00,1303.872,1304.2375,1303.031,1303.134
2014-03-26 16:30:00,1303.117,1303.3120000000001,1302.005,1302.1609999999998
2014-03-26 16:45:00,1302.125,1302.177,1301.128,1301.707
2014-03-26 17:00:00,1301.6950000000002,1302.8,1301.621,1302.375
2014-03-26 17:15:00,1302.378,1303.2965000000002,1301.867,1302.904
2014-03-26 17:30:00,1302.9279999999999,1304.139,1302.829,1304.0695
2014-03-26 17:45:00,1304.0335,1304.659,1303.485,1303.584
2014-03-26 18:00:00,1303.621,1304.452,1303.156,1303.528
2014-03-26 18:15:00,1303.547,1303.824,1302.5600000000002,1302.75
2014-03-26 18:30:00,1302.8235,1303.043,1302.313,1302.314
2014-03-26 18:45:00,1302.333,1303.091,1302.009,1302.9520000000002
2014-03-26 19:00:00,1302.9365,1302.9505,1301.4485,1301.488
2014-03-26 19:15:00,1301.4405,1301.807,1298.7575,1299.385
2014-03-26 19:30:00,1299.3565,1300.382,1299.2160000000001,1299.8495
2014-03-26 19:45:00,1299.8609999999999,1301.876,1299.4199999999998,1301.291
2014-03-26 20:00:00,1301.304,1303.7379999999998,1301.1109999999999,1303.608
2014-03-26 20:15:00,1303.528,1304.362,1303.178,1303.436
2014-03-26 20:30:00,1303.481,1304.229,1303.3429999999998,1304.001
2014-03-26 20:45:00,1303.999,1304.5300000000002,1303.7749999999999,1304.448
2014-03-26 21:00:00,1304.4464999999998,1305.164,1304.134,1304.604
2014-03-26 22:00:00,1305.0,1305.0,1305.0,1305.0
2014-03-26 23:00:00,1305.04,1305.15,1304.2,1304.652
2014-03-26 23:15:00,1304.662,1304.8300000000002,1304.271,1304.67
2014-03-26 23:30:00,1304.6299999999999,1305.095,1304.61,1304.826
2014-03-26 23:45:00,1304.824,1306.694,1304.7945,1306.4740000000002
2014-03-27 01:00:00,1306.575,1306.71,1305.879,1306.0500000000002
2014-03-27 01:15:00,1306.039,1306.181,1304.337,1304.8414999999998
2014-03-27 01:30:00,1304.8335,1305.0800000000002,1303.469,1303.5430000000001
2014-03-27 01:45:00,1303.568,1304.7745,1302.811,1304.1139999999998
2014-03-27 02:00:00,1304.156,1304.504,1303.594,1303.9595
2014-03-27 02:15:00,1303.9695,1304.7335,1303.782,1304.4720000000002
2014-03-27 02:30:00,1304.4785000000002,1305.162,1304.393,1305.1299999999999
2014-03-27 02:45:00,1305.1355,1305.199,1304.8390000000002,1305.031
2014-03-27 03:00:00,1305.051,1305.067,1304.767,1304.843
2014-03-27 03:15:00,1304.8649999999998,1304.989,1304.557,1304.704
2014-03-27 03:30:00,1304.699,1304.9479999999999,1304.571,1304.73
2014-03-27 03:45:00,1304.741,1304.8400000000001,1303.731,1303.7939999999999
2014-03-27 04:00:00,1303.7839999999999,1304.177,1303.3110000000001,1303.594
2014-03-27 04:15:00,1303.606,1303.8725,1302.9869999999999,1303.7495
2014-03-27 04:30:00,1303.7369999999999,1304.2005,1303.1680000000001,1303.239
2014-03-27 04:45:00,1303.218,1303.602,1302.8435,1303.35
2014-03-27 05:00:00,1303.3380000000002,1303.396,1302.74,1302.834
2014-03-27 05:15:00,1302.82,1303.154,1302.6815,1303.097
2014-03-27 05:30:00,1303.092,1303.5885,1302.8469999999998,1303.437
2014-03-27 05:45:00,1303.481,1304.2455,1303.3480000000002,1303.8925
2014-03-27 06:00:00,1303.905,1304.369,1303.636,1304.1499999999999
2014-03-27 06:15:00,1304.175,1304.766,1302.389,1302.9465
2014-03-27 06:30:00,1302.924,1303.3300000000002,1302.2110000000002,1302.807
2014-03-27 06:45:00,1302.8,1303.77,1302.423,1303.549
2014-03-27 07:00:00,1303.5545,1303.631,1303.172,1303.373
2014-03-27 07:15:00,1303.388,1303.51,1302.548,1302.9305000000002
2014-03-27 07:30:00,1302.923,1304.0710000000001,1302.786,1303.7265000000002
2014-03-27 07:45:00,1303.72,1303.72,1301.2575,1301.278
2014-03-27 08:00:00,1301.1815000000001,1301.3200000000002,1299.384,1299.6100000000001
2014-03-27 08:15:00,1299.633,1299.963,1298.1855,1298.71
2014-03-27 08:30:00,1298.7005,1299.1755,1295.5484999999999,1296.909
2014-03-27 08:45:00,1296.896,1297.8850000000002,1296.5205,1296.9660000000001
2014-03-27 09:00:00,1296.941,1296.941,1291.647,1294.7965
2014-03-27 09:15:00,1294.8115000000003,1295.107,1293.5345,1295.0405
2014-03-27 09:30:00,1295.034,1295.804,1294.3819999999998,1294.5835
2014-03-27 09:45:00,1294.574,1294.583,1292.925,1293.9299999999998
2014-03-27 10:00:00,1293.9499999999998,1294.7520000000002,1293.6145,1294.387
2014-03-27 10:15:00,1294.3245000000002,1295.8504999999998,1293.9650000000001,1295.509
2014-03-27 10:30:00,1295.529,1295.9589999999998,1294.957,1295.641
2014-03-27 10:45:00,1295.632,1295.9579999999999,1293.5469999999998,1293.7649999999999
2014-03-27 11:00:00,1293.7450000000001,1293.7450000000001,1292.091,1293.06
2014-03-27 11:15:00,1293.05,1294.929,1293.05,1294.758
2014-03-27 11:30:00,1294.7389999999998,1294.9415,1293.846,1294.636
2014-03-27 11:45:00,1294.6395,1295.614,1294.3400000000001,1294.925
2014-03-27 12:00:00,1294.9289999999999,1295.5384999999999,1292.82,1293.104
2014-03-27 12:15:00,1293.1239999999998,1294.3000000000002,1291.841,1294.3000000000002
2014-03-27 12:30:00,1294.25,1296.9105,1292.613,1296.9105
2014-03-27 12:45:00,1296.918,1297.502,1294.8205000000003,1295.5059999999999
2014-03-27 13:00:00,1295.524,1300.045,1295.524,1297.1250000000002
2014-03-27 13:15:00,1297.123,1298.4640000000002,1295.9070000000002,1297.8
2014-03-27 13:30:00,1297.715,1299.238,1296.748,1298.464
2014-03-27 13:45:00,1298.4685,1298.9555,1297.49,1298.855
2014-03-27 14:00:00,1298.8845000000001,1300.122,1295.681,1297.576
2014-03-27 14:15:00,1297.591,1297.631,1295.78,1295.9520000000002
2014-03-27 14:30:00,1295.9275000000002,1296.492,1294.845,1296.1185
2014-03-27 14:45:00,1296.104,1297.133,1295.651,1296.8
2014-03-27 15:00:00,1296.7915,1298.41,1295.9565000000002,1296.828
2014-03-27 15:15:00,1296.818,1297.162,1295.261,1295.602
2014-03-27 15:30:00,1295.5935,1296.6660000000002,1295.5459999999998,1296.3245000000002
2014-03-27 15:45:00,1296.3315,1297.2,1295.824,1295.969
2014-03-27 16:00:00,1296.002,1297.4895,1295.4789999999998,1295.9859999999999
2014-03-27 16:15:00,1295.994,1296.217,1294.1399999999999,1294.451
2014-03-27 16:30:00,1294.436,1294.6845,1292.8925,1293.3615
2014-03-27 16:45:00,1293.344,1294.474,1293.164,1294.194
2014-03-27 17:00:00,1294.185,1294.2475000000002,1293.0900000000001,1293.9959999999999
2014-03-27 17:15:00,1294.0069999999998,1294.7980000000002,1293.786,1294.176
2014-03-27 17:30:00,1294.188,1294.969,1293.8975,1294.1525
2014-03-27 17:45:00,1294.158,1294.158,1290.8100000000002,1291.961
2014-03-27 18:00:00,1291.9650000000001,1292.7949999999998,1291.387,1292.5555
2014-03-27 18:15:00,1292.561,1292.6065,1292.0535,1292.3854999999999
2014-03-27 18:30:00,1292.3915000000002,1292.3915000000002,1290.9289999999999,1290.9289999999999
2014-03-27 18:45:00,1290.917,1291.0835,1289.369,1289.5755000000001
2014-03-27 19:00:00,1289.5835,1292.494,1289.193,1291.7285
2014-03-27 19:15:00,1291.7345,1292.629,1291.437,1292.236
2014-03-27 19:30:00,1292.199,1293.5044999999998,1291.866,1293.345
2014-03-27 19:45:00,1293.3545000000001,1293.5549999999998,1292.556,1292.77
2014-03-27 20:00:00,1292.7604999999999,1293.5410000000002,1291.6094999999998,1291.772
2014-03-27 20:15:00,1291.76,1292.1680000000001,1290.753,1291.564
2014-03-27 20:30:00,1291.554,1291.782,1291.2749999999999,1291.489
2014-03-27 20:45:00,1291.52,1291.881,1290.694,1291.345
2014-03-27 21:00:00,1291.295,1291.5939999999998,1290.7920000000001,1291.09
2014-03-27 23:00:00,1292.155,1292.26,1291.7549999999999,1291.924
2014-03-27 23:15:00,1291.9360000000001,1292.2830000000001,1291.859,1292.0269999999998
2014-03-27 23:30:00,1292.041,1292.722,1292.041,1292.5720000000001
2014-03-27 23:45:00,1292.5620000000001,1293.9879999999998,1292.4669999999999,1293.309
2014-03-28 01:00:00,1293.5179999999998,1294.398,1293.387,1293.53
2014-03-28 01:15:00,1293.5430000000001,1294.346,1293.0055,1294.0339999999999
2014-03-28 01:30:00,1294.0194999999999,1294.2325,1293.181,1293.2030000000002
2014-03-28 01:45:00,1293.1930000000002,1293.2625000000003,1292.1365,1292.701
2014-03-28 02:00:00,1292.692,1293.3305,1292.478,1293.2005
2014-03-28 02:15:00,1293.1945,1293.6495,1292.972,1293.6235
2014-03-28 02:30:00,1293.6175,1294.3204999999998,1293.4535,1293.857
2014-03-28 02:45:00,1293.837,1294.133,1293.679,1294.106
2014-03-28 03:00:00,1294.1665,1294.3899999999999,1294.04,1294.25
2014-03-28 03:15:00,1294.2440000000001,1294.978,1294.03,1294.231
2014-03-28 03:30:00,1294.2575000000002,1294.294,1293.8849999999998,1293.9859999999999
2014-03-28 03:45:00,1293.9924999999998,1294.426,1293.9389999999999,1293.942
2014-03-28 04:00:00,1293.9479999999999,1294.5245,1293.9085,1293.9440000000002
2014-03-28 04:15:00,1293.9405000000002,1294.1399999999999,1293.73,1293.914
2014-03-28 04:30:00,1293.9340000000002,1293.9640000000002,1293.5610000000001,1293.71
2014-03-28 04:45:00,1293.73,1294.02,1293.72,1293.8970000000002
2014-03-28 05:00:00,1293.9170000000001,1294.284,1293.655,1293.665
2014-03-28 05:15:00,1293.6775,1294.596,1293.665,1293.9959999999999
2014-03-28 05:30:00,1294.0159999999998,1294.2845,1293.9350000000002,1294.044
2014-03-28 05:45:00,1294.0339999999999,1296.2060000000001,1293.9730000000002,1296.126
2014-03-28 06:00:00,1296.1465,1296.6975000000002,1294.8775,1295.1779999999999
2014-03-28 06:15:00,1295.191,1296.4859999999999,1295.1889999999999,1296.155
2014-03-28 06:30:00,1296.1680000000001,1296.959,1295.391,1296.786
2014-03-28 06:45:00,1296.8215,1297.672,1295.96,1297.4869999999999
2014-03-28 07:00:00,1297.3245,1297.979,1297.136,1297.6265
2014-03-28 07:15:00,1297.6215,1297.945,1296.852,1297.3535
2014-03-28 07:30:00,1297.3590000000002,1297.6805,1296.963,1297.555
2014-03-28 07:45:00,1297.545,1298.8125,1297.5149999999999,1298.2379999999998
2014-03-28 08:00:00,1298.245,1298.245,1295.795,1296.3139999999999
2014-03-28 08:15:00,1296.3084999999999,1296.445,1295.233,1295.711
2014-03-28 08:30:00,1295.7165,1295.8674999999998,1294.4155,1294.809
2014-03-28 08:45:00,1294.797,1295.851,1294.7205000000001,1295.641
2014-03-28 09:00:00,1295.645,1296.082,1294.94,1295.425
2014-03-28 09:15:00,1295.439,1296.368,1295.355,1295.8929999999998
2014-03-28 09:30:00,1295.8729999999998,1296.3075,1295.3,1296.226
2014-03-28 09:45:00,1296.2475000000002,1297.4824999999998,1296.067,1296.952
2014-03-28 10:00:00,1296.958,1297.167,1296.6799999999998,1296.83
2014-03-28 10:15:00,1296.852,1297.3875,1295.378,1296.15
2014-03-28 10:30:00,1296.121,1296.4175,1295.823,1296.1444999999999
2014-03-28 10:45:00,1296.1544999999999,1296.692,1295.9589999999998,1296.097
2014-03-28 11:00:00,1296.0935,1296.3125000000002,1295.281,1295.9019999999998
2014-03-28 11:15:00,1295.88,1296.1085,1293.9434999999999,1294.603
2014-03-28 11:30:00,1294.583,1294.954,1292.3995,1293.811
2014-03-28 11:45:00,1293.834,1293.9470000000001,1292.4005,1293.1000000000001
2014-03-28 12:00:00,1293.0,1293.1999999999998,1288.7075,1289.413
2014-03-28 12:15:00,1289.423,1290.5,1286.8,1287.65
2014-03-28 12:30:00,1287.6200000000001,1288.7930000000001,1287.2869999999998,1288.0900000000001
2014-03-28 12:45:00,1288.1105000000002,1291.289,1286.5124999999998,1290.4900000000002
2014-03-28 13:00:00,1290.508,1291.6219999999998,1289.898,1290.711
2014-03-28 13:15:00,1290.712,1290.9289999999999,1288.228,1289.185
2014-03-28 13:30:00,1289.2150000000001,1289.9660000000001,1286.762,1287.062
2014-03-28 13:45:00,1287.031,1294.224,1285.788,1293.383
2014-03-28 14:00:00,1293.333,1296.4585,1291.6705,1294.145
2014-03-28 14:15:00,1294.105,1295.777,1293.125,1295.38
2014-03-28 14:30:00,1295.405,1295.5549999999998,1293.1090000000002,1293.1090000000002
2014-03-28 14:45:00,1293.123,1296.7839999999999,1293.113,1294.7430000000002
2014-03-28 15:00:00,1294.758,1295.8,1294.603,1294.998
2014-03-28 15:15:00,1294.985,1295.243,1292.662,1293.571
2014-03-28 15:30:00,1293.5559999999998,1294.0349999999999,1292.4189999999999,1292.8899999999999
2014-03-28 15:45:00,1292.87,1293.13,1290.761,1290.941
2014-03-28 16:00:00,1290.971,1291.791,1289.6609999999998,1291.781
2014-03-28 16:15:00,1291.801,1293.036,1290.4379999999999,1292.906
2014-03-28 16:30:00,1292.936,1293.9,1291.809,1293.342
2014-03-28 16:45:00,1293.267,1293.989,1292.731,1293.233
2014-03-28 17:00:00,1293.206,1293.662,1291.469,1292.45
2014-03-28 17:15:00,1292.4700000000003,1294.101,1291.9650000000001,1294.042
2014-03-28 17:30:00,1293.9924999999998,1294.999,1293.254,1293.502
2014-03-28 17:45:00,1293.5179999999998,1294.163,1292.943,1293.028
2014-03-28 18:00:00,1293.018,1294.505,1292.882,1293.7125
2014-03-28 18:15:00,1293.732,1294.1425,1293.0325,1294.0235000000002
2014-03-28 18:30:00,1294.0180000000003,1294.626,1293.703,1294.088
2014-03-28 18:45:00,1294.083,1294.2779999999998,1293.594,1294.0425
2014-03-28 19:00:00,1294.0825,1294.266,1293.192,1293.416
2014-03-28 19:15:00,1293.41,1293.507,1292.5720000000001,1293.07
2014-03-28 19:30:00,1293.082,1293.628,1292.718,1292.718
2014-03-28 19:45:00,1292.7379999999998,1293.4325000000001,1292.625,1292.7749999999999
2014-03-28 20:00:00,1292.855,1292.92,1292.3565,1292.7814999999998
2014-03-28 20:15:00,1292.9185,1294.0715,1292.8915,1294.058
2014-03-28 20:30:00,1294.0665,1294.19,1293.84,1293.8600000000001
2014-03-28 20:45:00,1293.83,1295.79,1293.66,1295.267
2014-03-30 23:00:00,1296.43,1296.748,1295.8400000000001,1296.2589999999998
2014-03-30 23:15:00,1296.2579999999998,1296.3619999999999,1295.252,1295.28
2014-03-30 23:30:00,1295.249,1296.284,1295.1399999999999,1296.284
2014-03-30 23:45:00,1296.2959999999998,1296.541,1296.094,1296.204
2014-03-31 01:00:00,1297.137,1298.2459999999999,1296.146,1297.27
2014-03-31 01:15:00,1297.253,1298.1960000000001,1296.888,1298.033
2014-03-31 01:30:00,1298.022,1298.291,1297.3714999999997,1297.884
2014-03-31 01:45:00,1297.897,1298.15,1296.9370000000001,1297.0939999999998
2014-03-31 02:00:00,1297.096,1297.8380000000002,1296.948,1297.0320000000002
2014-03-31 02:15:00,1297.0500000000002,1297.977,1296.919,1297.899
2014-03-31 02:30:00,1297.9189999999999,1297.93,1295.642,1296.227
2014-03-31 02:45:00,1296.1795,1296.456,1296.036,1296.3560000000002
2014-03-31 03:00:00,1296.3229999999999,1296.385,1296.045,1296.239
2014-03-31 03:15:00,1296.2579999999998,1296.48,1296.147,1296.33
2014-03-31 03:30:00,1296.28,1296.3799999999999,1295.867,1295.917
2014-03-31 03:45:00,1295.8770000000002,1296.127,1295.8600000000001,1296.045
2014-03-31 04:00:00,1296.0,1296.2730000000001,1295.4270000000001,1296.051
2014-03-31 04:15:00,1296.071,1296.26,1295.71,1296.0095
2014-03-31 04:30:00,1296.0195,1296.0195,1295.373,1295.8999999999999
2014-03-31 04:45:00,1295.81,1296.01,1295.163,1295.665
2014-03-31 05:00:00,1295.648,1295.691,1295.4650000000001,1295.552
2014-03-31 05:15:00,1295.556,1296.6525000000001,1295.467,1296.331
2014-03-31 05:30:00,1296.344,1297.165,1296.33,1296.76
2014-03-31 05:45:00,1296.754,1296.754,1296.048,1296.134
2014-03-31 06:00:00,1296.1215,1296.6709999999998,1295.675,1295.7740000000001
2014-03-31 06:15:00,1295.795,1296.3065000000001,1295.171,1296.198
2014-03-31 06:30:00,1296.22,1296.3115,1293.419,1293.5189999999998
2014-03-31 06:45:00,1293.5079999999998,1293.5590000000002,1290.4769999999999,1291.967
2014-03-31 07:00:00,1291.9585,1293.445,1291.451,1293.3315
2014-03-31 07:15:00,1293.317,1294.101,1292.6175,1292.9965
2014-03-31 07:30:00,1293.0045,1293.5459999999998,1291.6775000000002,1293.429
2014-03-31 07:45:00,1293.4365,1293.666,1292.038,1292.3600000000001
2014-03-31 08:00:00,1292.376,1294.9425,1291.958,1294.694
2014-03-31 08:15:00,1294.679,1294.955,1294.038,1294.3829999999998
2014-03-31 08:30:00,1294.368,1294.368,1293.215,1293.801
2014-03-31 08:45:00,1293.781,1293.781,1292.7839999999999,1293.4989999999998
2014-03-31 09:00:00,1293.469,1293.469,1291.9409999999998,1293.154
2014-03-31 09:15:00,1293.1689999999999,1294.9315000000001,1292.182,1294.383
2014-03-31 09:30:00,1294.403,1296.184,1294.0955000000001,1296.072
2014-03-31 09:45:00,1296.0929999999998,1296.251,1295.238,1295.6795
2014-03-31 10:00:00,1295.688,1295.8880000000001,1294.99,1295.547
2014-03-31 10:15:00,1295.5310000000002,1295.722,1294.983,1295.4834999999998
2014-03-31 10:30:00,1295.4915,1295.691,1294.2730000000001,1294.275
2014-03-31 10:45:00,1294.2910000000002,1294.862,1293.7549999999999,1294.183
2014-03-31 11:00:00,1294.143,1295.8035,1294.143,1295.1655
2014-03-31 11:15:00,1295.1805,1296.2900000000002,1295.1805,1295.9520000000002
2014-03-31 11:30:00,1295.9389999999999,1296.3149999999998,1295.5014999999999,1295.913
2014-03-31 11:45:00,1295.951,1296.383,1294.6760000000002,1294.996
2014-03-31 12:00:00,1295.018,1295.5310000000002,1293.0645,1293.372
2014-03-31 12:15:00,1293.412,1294.066,1292.4215,1293.529
2014-03-31 12:30:00,1293.5359999999998,1294.299,1292.4199999999998,1292.532
2014-03-31 12:45:00,1292.546,1292.691,1290.8190000000002,1291.858
2014-03-31 13:00:00,1291.838,1293.282,1291.358,1292.376
2014-03-31 13:15:00,1292.368,1293.23,1290.4095,1292.1545
2014-03-31 13:30:00,1292.146,1292.146,1288.696,1291.6299999999999
2014-03-31 13:45:00,1291.6399999999999,1293.055,1289.7504999999999,1292.798
2014-03-31 14:00:00,1292.7479999999998,1295.0949999999998,1291.892,1294.3120000000001
2014-03-31 14:15:00,1294.3419999999999,1294.699,1292.04,1292.0414999999998
2014-03-31 14:30:00,1292.0314999999998,1293.598,1291.6180000000002,1292.659
2014-03-31 14:45:00,1292.637,1292.723,1290.606,1291.814
2014-03-31 15:00:00,1291.781,1291.781,1288.0990000000002,1289.34
2014-03-31 15:15:00,1289.3335,1289.434,1286.984,1287.4750000000001
2014-03-31 15:30:00,1287.49,1289.8700000000001,1287.0715,1289.825
2014-03-31 15:45:00,1289.8329999999999,1290.0020000000002,1287.862,1288.56
2014-03-31 16:00:00,1288.5655,1289.5095000000001,1288.091,1288.737
2014-03-31 16:15:00,1288.745,1289.106,1286.3245,1286.761
2014-03-31 16:30:00,1286.741,1287.554,1286.245,1286.449
2014-03-31 16:45:00,1286.4844999999998,1287.608,1286.221,1286.9350000000002
2014-03-31 17:00:00,1286.9225000000001,1287.6560000000002,1285.1670000000001,1285.389
2014-03-31 17:15:00,1285.3999999999999,1285.9015,1282.825,1283.324
2014-03-31 17:30:00,1283.384,1284.6309999999999,1283.177,1284.628
2014-03-31 17:45:00,1284.6399999999999,1284.7649999999999,1282.5579999999998,1283.2445
2014-03-31 18:00:00,1283.2545,1284.701,1283.089,1284.5099999999998
2014-03-31 18:15:00,1284.527,1285.091,1283.8290000000002,1284.2749999999999
2014-03-31 18:30:00,1284.251,1284.75,1283.631,1283.822
2014-03-31 18:45:00,1283.7820000000002,1284.374,1283.32,1283.8319999999999
2014-03-31 19:00:00,1283.8419999999999,1284.3235,1283.135,1284.013
2014-03-31 19:15:00,1284.028,1284.069,1283.149,1283.612
2014-03-31 19:30:00,1283.562,1283.663,1282.666,1282.9035000000001
2014-03-31 19:45:00,1282.894,1284.69,1282.8675,1283.2259999999999
2014-03-31 20:00:00,1283.246,1284.5800000000002,1283.246,1284.174
2014-03-31 20:15:00,1284.1850000000002,1284.5984999999998,1284.1750000000002,1284.554
2014-03-31 20:30:00,1284.544,1284.7,1284.388,1284.554
2014-03-31 20:45:00,1284.534,1284.534,1283.927,1284.0545
2014-03-31 21:00:00,1284.0815,1284.746,1283.8519999999999,1284.095
2014-03-31 23:00:00,1284.615,1285.25,1284.615,1284.839
2014-03-31 23:15:00,1284.837,1285.194,1284.568,1284.5919999999999
2014-03-31 23:30:00,1284.5970000000002,1285.153,1284.5040000000001,1284.692
2014-03-31 23:45:00,1284.668,1284.811,1284.41,1284.5970000000002
2014-04-01 01:00:00,1282.749,1282.763,1280.387,1281.174
2014-04-01 01:15:00,1281.187,1281.4540000000002,1277.813,1281.347
2014-04-01 01:30:00,1281.3595,1283.333,1280.606,1282.765
2014-04-01 01:45:00,1282.738,1283.559,1282.7259999999999,1282.856
2014-04-01 02:00:00,1282.906,1283.7769999999998,1282.806,1283.2375
2014-04-01 02:15:00,1283.2255,1285.272,1283.195,1284.5410000000002
2014-04-01 02:30:00,1284.525,1284.604,1282.843,1283.161
2014-04-01 02:45:00,1283.172,1284.024,1283.0919999999999,1283.872
2014-04-01 03:00:00,1283.884,1284.6409999999998,1283.8370000000002,1284.067
2014-04-01 03:15:00,1284.101,1284.365,1283.528,1284.343
2014-04-01 03:30:00,1284.34,1284.4775,1283.971,1283.995
2014-04-01 03:45:00,1284.006,1285.651,1284.006,1284.952
2014-04-01 04:00:00,1284.933,1285.197,1284.674,1285.099
2014-04-01 04:15:00,1285.132,1285.437,1284.9360000000001,1285.3470000000002
2014-04-01 04:30:00,1285.3835,1285.4175,1284.6299999999999,1284.639
2014-04-01 04:45:00,1284.663,1284.663,1284.021,1284.127
2014-04-01 05:00:00,1284.113,1284.5710000000001,1283.8505,1284.223
2014-04-01 05:15:00,1284.1999999999998,1284.8990000000001,1284.1999999999998,1284.833
2014-04-01 05:30:00,1284.818,1285.4295,1284.3709999999999,1284.687
2014-04-01 05:45:00,1284.681,1286.8964999999998,1284.639,1286.053
2014-04-01 06:00:00,1286.073,1286.5120000000002,1285.071,1285.5725
2014-04-01 06:15:00,1285.565,1285.92,1283.989,1284.42
2014-04-01 06:30:00,1284.44,1284.78,1283.0950000000003,1283.964
2014-04-01 06:45:00,1283.979,1284.5220000000002,1283.686,1284.3445
2014-04-01 07:00:00,1284.3595,1286.232,1284.1989999999998,1285.196
2014-04-01 07:15:00,1285.1615,1286.639,1285.1465,1286.239
2014-04-01 07:30:00,1286.2380000000003,1287.875,1285.858,1286.715
2014-04-01 07:45:00,1286.704,1287.476,1285.9379999999999,1285.9379999999999
2014-04-01 08:00:00,1285.878,1287.27,1285.86,1286.749
2014-04-01 08:15:00,1286.7160000000001,1287.0455,1285.818,1286.4660000000001
2014-04-01 08:30:00,1286.5044999999998,1288.095,1286.5044999999998,1287.481
2014-04-01 08:45:00,1287.5149999999999,1287.53,1286.989,1287.275
2014-04-01 09:00:00,1287.2939999999999,1287.878,1286.761,1286.811
2014-04-01 09:15:00,1286.823,1286.955,1286.336,1286.624
2014-04-01 09:30:00,1286.625,1287.373,1286.625,1287.125
2014-04-01 09:45:00,1287.153,1287.972,1286.505,1286.626
2014-04-01 10:00:00,1286.637,1287.28,1285.142,1285.855
2014-04-01 10:15:00,1285.845,1286.316,1284.874,1285.607
2014-04-01 10:30:00,1285.621,1285.7510000000002,1284.5320000000002,1284.701
2014-04-01 10:45:00,1284.758,1285.475,1284.2359999999999,1284.834
2014-04-01 11:00:00,1284.854,1285.224,1284.312,1284.5590000000002
2014-04-01 11:15:00,1284.5420000000001,1284.5420000000001,1283.217,1283.247
2014-04-01 11:30:00,1283.296,1285.239,1283.296,1284.8790000000001
2014-04-01 11:45:00,1284.9460000000001,1285.941,1283.831,1285.445
2014-04-01 12:00:00,1285.465,1285.6639999999998,1284.418,1285.417
2014-04-01 12:15:00,1285.3760000000002,1286.2075,1284.2030000000002,1284.984
2014-04-01 12:30:00,1285.027,1285.974,1284.3125,1285.834
2014-04-01 12:45:00,1285.866,1286.701,1283.599,1284.1879999999999
2014-04-01 13:00:00,1284.1609999999998,1286.423,1283.975,1285.3465
2014-04-01 13:15:00,1285.3300000000002,1285.4040000000002,1283.902,1284.202
2014-04-01 13:30:00,1284.1909999999998,1285.545,1283.7240000000002,1285.1200000000001
2014-04-01 13:45:00,1285.2095,1285.548,1283.658,1283.855
2014-04-01 14:00:00,1283.865,1285.2205,1281.409,1281.7920000000001
2014-04-01 14:15:00,1281.85,1281.8999999999999,1279.797,1281.1715
2014-04-01 14:30:00,1281.1465,1282.764,1281.0659999999998,1281.9759999999999
2014-04-01 14:45:00,1281.992,1282.51,1279.6195,1279.6195
2014-04-01 15:00:00,1279.6395,1281.197,1278.9095,1281.149
2014-04-01 15:15:00,1281.1589999999999,1281.622,1280.2209999999998,1281.4029999999998
2014-04-01 15:30:00,1281.414,1282.2099999999998,1279.664,1280.2025
2014-04-01 15:45:00,1280.2430000000002,1280.998,1279.7830000000001,1280.5700000000002
2014-04-01 16:00:00,1280.5675,1281.59,1280.5675,1281.208
2014-04-01 16:15:00,1281.216,1281.572,1280.613,1281.3565
2014-04-01 16:30:00,1281.3500000000001,1281.3500000000001,1280.105,1280.182
2014-04-01 16:45:00,1280.199,1280.47,1279.993,1280.458
2014-04-01 17:00:00,1280.472,1281.4455,1279.804,1280.3395
2014-04-01 17:15:00,1280.3325,1280.491,1279.415,1279.619
2014-04-01 17:30:00,1279.603,1280.395,1279.3515,1279.622
2014-04-01 17:45:00,1279.64,1280.3509999999999,1279.349,1279.349
2014-04-01 18:00:00,1279.3435,1279.674,1277.807,1278.9585
2014-04-01 18:15:00,1278.99,1279.219,1278.3159999999998,1278.4435
2014-04-01 18:30:00,1278.415,1279.015,1277.905,1279.015
2014-04-01 18:45:00,1279.0125,1279.02,1278.3210000000001,1278.938
2014-04-01 19:00:00,1278.8890000000001,1281.0449999999998,1278.6380000000001,1280.5430000000001
2014-04-01 19:15:00,1280.535,1280.794,1279.743,1280.038
2014-04-01 19:30:00,1280.02,1280.6885000000002,1279.5845,1279.9375000000002
2014-04-01 19:45:00,1279.9254999999998,1280.71,1279.517,1280.6699999999998
2014-04-01 20:00:00,1280.641,1280.641,1279.9140000000002,1280.2800000000002
2014-04-01 20:15:00,1280.2910000000002,1280.5085,1279.6595,1279.771
2014-04-01 20:30:00,1279.8,1280.1490000000001,1279.76,1280.126
2014-04-01 20:45:00,1280.113,1280.14,1278.561,1278.994
2014-04-01 21:00:00,1278.955,1279.262,1278.636,1278.819
2014-04-01 23:00:00,1281.105,1281.105,1280.785,1281.0240000000001
2014-04-01 23:15:00,1281.0130000000001,1281.655,1280.978,1281.647
2014-04-01 23:30:00,1281.665,1281.685,1281.133,1281.253
2014-04-01 23:45:00,1281.243,1281.451,1281.09,1281.302
2014-04-02 01:00:00,1281.8339999999998,1282.506,1280.8799999999999,1282.375
2014-04-02 01:15:00,1282.3990000000001,1283.4250000000002,1282.2510000000002,1282.469
2014-04-02 01:30:00,1282.447,1284.039,1282.386,1283.517
2014-04-02 01:45:00,1283.5415,1283.949,1283.4189999999999,1283.7859999999998
2014-04-02 02:00:00,1283.7765000000002,1283.7765000000002,1282.923,1282.938
2014-04-02 02:15:00,1282.9180000000001,1283.1705,1282.2130000000002,1283.152
2014-04-02 02:30:00,1283.142,1283.4945,1282.635,1282.9360000000001
2014-04-02 02:45:00,1282.9965000000002,1283.2069999999999,1282.848,1282.925
2014-04-02 03:00:00,1282.933,1283.466,1282.9270000000001,1282.9370000000001
2014-04-02 03:15:00,1282.885,1282.944,1282.4925,1282.718
2014-04-02 03:30:00,1282.706,1282.706,1282.4270000000001,1282.5610000000001
2014-04-02 03:45:00,1282.574,1282.695,1282.494,1282.5610000000001
2014-04-02 04:00:00,1282.5710000000001,1282.666,1282.3609999999999,1282.666
2014-04-02 04:15:00,1282.6525,1283.061,1281.581,1281.8429999999998
2014-04-02 04:30:00,1281.8319999999999,1282.321,1281.578,1282.1950000000002
2014-04-02 04:45:00,1282.2160000000001,1282.5849999999998,1282.0249999999999,1282.32
2014-04-02 05:00:00,1282.3319999999999,1282.3355,1281.205,1281.621
2014-04-02 05:15:00,1281.609,1282.199,1281.57,1282.0249999999999
2014-04-02 05:30:00,1282.009,1282.6084999999998,1281.8329999999999,1282.3835000000001
2014-04-02 05:45:00,1282.4035000000001,1284.102,1282.3185,1283.1299999999999
2014-04-02 06:00:00,1283.132,1283.254,1281.4579999999999,1282.914
2014-04-02 06:15:00,1282.925,1283.5365,1282.6615,1283.224
2014-04-02 06:30:00,1283.2205,1284.515,1282.871,1284.348
2014-04-02 06:45:00,1284.337,1284.5639999999999,1283.9745,1284.4805000000001
2014-04-02 07:00:00,1284.4705000000001,1284.691,1283.7795,1284.1390000000001
2014-04-02 07:15:00,1284.1494999999998,1284.69,1283.9505,1284.1305
2014-04-02 07:30:00,1284.1205,1284.343,1283.5215,1283.638
2014-04-02 07:45:00,1283.6490000000001,1284.253,1283.4475000000002,1283.8020000000001
2014-04-02 08:00:00,1283.7820000000002,1284.05,1283.3485,1283.625
2014-04-02 08:15:00,1283.605,1283.918,1283.1165,1283.4965
2014-04-02 08:30:00,1283.4885,1283.665,1282.8395,1283.5365
2014-04-02 08:45:00,1283.5565,1283.6995,1282.5790000000002,1283.061
2014-04-02 09:00:00,1283.081,1283.2795,1282.792,1283.192
2014-04-02 09:15:00,1283.1855,1283.642,1282.7555,1283.361
2014-04-02 09:30:00,1283.446,1283.998,1283.3555000000001,1283.7250000000001
2014-04-02 09:45:00,1283.7185,1284.2285,1283.523,1283.9175
2014-04-02 10:00:00,1283.9585,1284.548,1283.3385,1283.5475
2014-04-02 10:15:00,1283.5275,1284.063,1283.195,1283.902
2014-04-02 10:30:00,1283.8809999999999,1283.989,1283.355,1283.704
2014-04-02 10:45:00,1283.678,1284.085,1283.408,1283.6885
2014-04-02 11:00:00,1283.6895,1284.104,1283.344,1283.95
2014-04-02 11:15:00,1283.92,1284.78,1283.66,1283.901
2014-04-02 11:30:00,1283.912,1284.2485,1283.497,1284.164
2014-04-02 11:45:00,1284.1885000000002,1292.01,1284.1380000000001,1291.3265
2014-04-02 12:00:00,1291.3365,1293.4475,1290.789,1291.7
2014-04-02 12:15:00,1291.67,1291.901,1288.002,1290.1009999999999
2014-04-02 12:30:00,1290.357,1293.276,1290.0130000000001,1291.447
2014-04-02 12:45:00,1291.427,1292.249,1290.8809999999999,1291.5759999999998
2014-04-02 13:00:00,1291.6395,1294.2820000000002,1291.6395,1292.736
2014-04-02 13:15:00,1292.7765000000002,1293.6585,1290.9189999999999,1291.454
2014-04-02 13:30:00,1291.421,1293.02,1291.268,1292.76
2014-04-02 13:45:00,1292.7645,1294.6480000000001,1292.51,1293.5145
2014-04-02 14:00:00,1293.5394999999999,1293.5549999999998,1291.2559999999999,1291.461
2014-04-02 14:15:00,1291.459,1293.056,1291.3890000000001,1292.586
2014-04-02 14:30:00,1292.6265,1292.979,1291.414,1292.056
2014-04-02 14:45:00,1292.046,1292.568,1291.2469999999998,1292.1085
2014-04-02 15:00:00,1292.1095,1292.684,1291.2009999999998,1292.644
2014-04-02 15:15:00,1292.582,1294.583,1292.503,1293.5120000000002
2014-04-02 15:30:00,1293.5494999999999,1293.8245,1292.4655,1293.7504999999999
2014-04-02 15:45:00,1293.7395,1293.7995,1291.425,1291.868
2014-04-02 16:00:00,1291.844,1292.685,1291.4225,1292.069
2014-04-02 16:15:00,1292.0805,1292.1789999999999,1291.6544999999999,1291.8505
2014-04-02 16:30:00,1291.8605,1291.9450000000002,1289.902,1290.86
2014-04-02 16:45:00,1290.873,1291.41,1290.372,1290.992
2014-04-02 17:00:00,1290.981,1291.1455,1290.4759999999999,1291.071
2014-04-02 17:15:00,1291.059,1291.5405,1290.483,1290.612
2014-04-02 17:30:00,1290.6415,1290.686,1289.4035,1290.598
2014-04-02 17:45:00,1290.618,1290.7959999999998,1289.5949999999998,1289.6039999999998
2014-04-02 18:00:00,1289.596,1290.4900000000002,1289.565,1290.4720000000002
2014-04-02 18:15:00,1290.4645,1291.338,1290.279,1290.495
2014-04-02 18:30:00,1290.5065,1290.7824999999998,1290.313,1290.703
2014-04-02 18:45:00,1290.696,1291.2894999999999,1290.193,1290.316
2014-04-02 19:00:00,1290.29,1290.29,1289.007,1289.0325
2014-04-02 19:15:00,1289.025,1290.0359999999998,1289.01,1290.0169999999998
2014-04-02 19:30:00,1289.9625,1290.4350000000002,1289.734,1290.0915000000002
2014-04-02 19:45:00,1290.0970000000002,1290.292,1289.435,1290.246
2014-04-02 20:00:00,1290.208,1290.208,1289.6125000000002,1289.7115
2014-04-02 20:15:00,1289.7165,1290.1299999999999,1289.7165,1289.8419999999999
2014-04-02 20:30:00,1289.827,1290.164,1289.77,1289.829
2014-04-02 20:45:00,1289.839,1290.1105000000002,1289.6100000000001,1289.911
2014-04-02 21:00:00,1289.893,1290.153,1289.809,1289.882
2014-04-02 23:00:00,1290.5049999999999,1290.973,1290.4,1290.973
2014-04-02 23:15:00,1290.96,1291.2240000000002,1290.827,1291.047
2014-04-02 23:30:00,1291.048,1291.235,1290.8799999999999,1291.1100000000001
2014-04-02 23:45:00,1291.085,1291.188,1290.7730000000001,1290.965
2014-04-03 01:00:00,1292.2955,1292.6945,1291.2549999999999,1291.9744999999998
2014-04-03 01:15:00,1291.9355,1292.9075,1291.9195,1292.278
2014-04-03 01:30:00,1292.299,1292.978,1292.268,1292.8180000000002
2014-04-03 01:45:00,1292.8384999999998,1292.8545,1291.93,1292.0269999999998
2014-04-03 02:00:00,1292.078,1292.58,1291.869,1292.3020000000001
2014-04-03 02:15:00,1292.3210000000001,1292.3210000000001,1291.4595,1292.0549999999998
2014-04-03 02:30:00,1292.051,1292.0549999999998,1291.569,1291.861
2014-04-03 02:45:00,1291.8485,1291.916,1291.098,1291.7245
2014-04-03 03:00:00,1291.762,1291.8029999999999,1291.131,1291.369
2014-04-03 03:15:00,1291.335,1291.9564999999998,1291.3129999999999,1291.892
2014-04-03 03:30:00,1291.869,1292.06,1291.2369999999999,1292.0210000000002
2014-04-03 03:45:00,1292.032,1292.4669999999999,1291.893,1292.148
2014-04-03 04:00:00,1292.1205,1292.1205,1291.423,1291.473
2014-04-03 04:15:00,1291.5245,1291.883,1291.44,1291.449
2014-04-03 04:30:00,1291.461,1291.928,1291.374,1291.878
2014-04-03 04:45:00,1291.89,1292.246,1291.6589999999999,1291.769
2014-04-03 05:00:00,1291.72,1292.2450000000001,1291.506,1291.981
2014-04-03 05:15:00,1291.9904999999999,1293.704,1291.9460000000001,1293.374
2014-04-03 05:30:00,1293.356,1294.0439999999999,1292.7340000000002,1293.6015000000002
2014-04-03 05:45:00,1293.581,1293.7,1293.112,1293.623
2014-04-03 06:00:00,1293.675,1293.734,1292.694,1292.8799999999999
2014-04-03 06:15:00,1292.879,1293.4719999999998,1292.558,1293.318
2014-04-03 06:30:00,1293.3429999999998,1293.5915,1292.6415,1293.1664999999998
2014-04-03 06:45:00,1293.1709999999998,1293.199,1291.711,1292.646
2014-04-03 07:00:00,1292.6645,1292.6645,1290.714,1291.1095
2014-04-03 07:15:00,1291.0720000000001,1291.3665,1290.176,1290.4589999999998
2014-04-03 07:30:00,1290.4689999999998,1291.117,1290.3700000000001,1290.904
2014-04-03 07:45:00,1290.893,1291.716,1290.8284999999998,1291.48
2014-04-03 08:00:00,1291.479,1291.5,1286.73,1287.86
2014-04-03 08:15:00,1287.879,1288.0215,1287.17,1287.176
2014-04-03 08:30:00,1287.172,1287.1795,1285.609,1286.5729999999999
2014-04-03 08:45:00,1286.5529999999999,1287.6484999999998,1286.363,1287.358
2014-04-03 09:00:00,1287.369,1288.0140000000001,1286.8210000000001,1287.53
2014-04-03 09:15:00,1287.4950000000001,1287.545,1286.9109999999998,1286.9900000000002
2014-04-03 09:30:00,1286.974,1287.8725,1286.257,1286.7160000000001
2014-04-03 09:45:00,1286.696,1286.997,1285.879,1286.232
2014-04-03 10:00:00,1286.23,1286.282,1285.0085,1285.652
2014-04-03 10:15:00,1285.6455,1287.2354999999998,1285.393,1286.729
2014-04-03 10:30:00,1286.714,1287.1109999999999,1286.505,1287.1019999999999
2014-04-03 10:45:00,1287.077,1287.63,1285.3110000000001,1285.415
2014-04-03 11:00:00,1285.424,1285.827,1282.386,1282.9979999999998
2014-04-03 11:15:00,1282.9889999999998,1284.0735,1282.468,1283.8899999999999
2014-04-03 11:30:00,1283.98,1284.446,1283.68,1283.877
2014-04-03 11:45:00,1283.8675,1284.247,1283.005,1283.633
2014-04-03 12:00:00,1283.728,1284.048,1282.625,1283.5725
2014-04-03 12:15:00,1283.622,1284.269,1282.536,1283.58
2014-04-03 12:30:00,1283.53,1286.4560000000001,1283.53,1283.7165
2014-04-03 12:45:00,1283.699,1285.5439999999999,1281.747,1285.1100000000001
2014-04-03 13:00:00,1285.093,1285.625,1284.369,1284.722
2014-04-03 13:15:00,1284.649,1285.513,1284.372,1284.6285
2014-04-03 13:30:00,1284.5710000000001,1286.24,1284.5710000000001,1286.209
2014-04-03 13:45:00,1286.229,1286.229,1283.282,1284.105
2014-04-03 14:00:00,1284.1135,1285.656,1282.6460000000002,1285.4389999999999
2014-04-03 14:15:00,1285.452,1287.027,1284.911,1285.4279999999999
2014-04-03 14:30:00,1285.4230000000002,1285.906,1284.6260000000002,1285.305
2014-04-03 14:45:00,1285.3200000000002,1286.2179999999998,1285.127,1286.2169999999999
2014-04-03 15:00:00,1286.19,1288.9569999999999,1286.1129999999998,1288.373
2014-04-03 15:15:00,1288.4364999999998,1288.4364999999998,1287.7030000000002,1287.878
2014-04-03 15:30:00,1287.8915,1288.0520000000001,1286.9009999999998,1287.8985
2014-04-03 15:45:00,1287.8885,1289.103,1287.171,1287.3020000000001
2014-04-03 16:00:00,1287.243,1287.887,1287.236,1287.3255
2014-04-03 16:15:00,1287.3180000000002,1287.659,1286.283,1286.4979999999998
2014-04-03 16:30:00,1286.548,1286.818,1285.315,1285.732
2014-04-03 16:45:00,1285.633,1285.8535,1284.8695,1285.7434999999998
2014-04-03 17:00:00,1285.7365,1287.075,1285.539,1285.7375000000002
2014-04-03 17:15:00,1285.7389999999998,1286.144,1284.1770000000001,1284.4940000000001
2014-04-03 17:30:00,1284.497,1285.4489999999998,1284.396,1284.759
2014-04-03 17:45:00,1284.7435,1285.308,1284.587,1285.287
2014-04-03 18:00:00,1285.2695,1286.259,1285.1385,1285.193
2014-04-03 18:15:00,1285.181,1285.679,1285.0435,1285.281
2014-04-03 18:30:00,1285.314,1286.1080000000002,1285.187,1286.1080000000002
2014-04-03 18:45:00,1286.1239999999998,1286.411,1285.907,1286.191
2014-04-03 19:00:00,1286.242,1286.7,1285.796,1285.872
2014-04-03 19:15:00,1285.913,1286.5130000000001,1285.863,1286.5130000000001
2014-04-03 19:30:00,1286.492,1287.6535000000001,1286.492,1286.8210000000001
2014-04-03 19:45:00,1286.81,1287.3190000000002,1286.277,1286.355
2014-04-03 20:00:00,1286.4275,1286.7325,1286.143,1286.723
2014-04-03 20:15:00,1286.781,1286.863,1286.577,1286.836
2014-04-03 20:30:00,1286.8590000000002,1286.8829999999998,1286.5739999999998,1286.5839999999998
2014-04-03 20:45:00,1286.5339999999999,1286.724,1286.4889999999998,1286.705
2014-04-03 21:00:00,1286.676,1286.832,1286.352,1286.5680000000002
2014-04-03 23:00:00,1287.35,1287.35,1286.783,1286.813
2014-04-03 23:15:00,1286.8,1287.02,1286.791,1286.875
2014-04-03 23:30:00,1286.9060000000002,1286.9399999999998,1286.5220000000002,1286.589
2014-04-03 23:45:00,1286.6,1286.814,1284.749,1285.121
2014-04-04 01:00:00,1285.3919999999998,1285.827,1284.652,1285.125
2014-04-04 01:15:00,1285.113,1285.3505,1284.502,1284.767
2014-04-04 01:30:00,1284.724,1284.914,1284.436,1284.6530000000002
2014-04-04 01:45:00,1284.66,1284.854,1284.415,1284.5334999999998
2014-04-04 02:00:00,1284.516,1285.287,1284.458,1285.27
2014-04-04 02:15:00,1285.248,1286.1480000000001,1285.008,1286.0
2014-04-04 02:30:00,1286.012,1286.1705000000002,1285.285,1285.4205
2014-04-04 02:45:00,1285.4379999999999,1285.455,1285.061,1285.337
2014-04-04 03:00:00,1285.3425000000002,1286.325,1285.2450000000001,1286.075
2014-04-04 03:15:00,1286.101,1286.204,1285.6525000000001,1285.6950000000002
2014-04-04 03:30:00,1285.6805000000002,1286.1295,1285.6395,1285.983
2014-04-04 03:45:00,1285.972,1286.2224999999999,1285.7089999999998,1285.9569999999999
2014-04-04 04:00:00,1285.982,1286.807,1285.982,1286.4879999999998
2014-04-04 04:15:00,1286.4989999999998,1286.616,1286.1229999999998,1286.1229999999998
2014-04-04 04:30:00,1286.1190000000001,1286.6685,1286.1090000000002,1286.6685
2014-04-04 04:45:00,1286.642,1287.2969999999998,1286.4879999999998,1287.229
2014-04-04 05:00:00,1287.308,1287.6570000000002,1287.185,1287.589
2014-04-04 05:15:00,1287.596,1287.598,1287.1305,1287.2814999999998
2014-04-04 05:30:00,1287.2755,1287.2830000000001,1286.8770000000002,1287.134
2014-04-04 05:45:00,1287.128,1287.183,1286.5575,1286.8929999999998
2014-04-04 06:00:00,1286.9225000000001,1287.595,1286.9225000000001,1287.312
2014-04-04 06:15:00,1287.316,1287.526,1286.988,1287.2375
2014-04-04 06:30:00,1287.2475,1287.54,1287.128,1287.3495
2014-04-04 06:45:00,1287.317,1287.426,1286.4799999999998,1286.8880000000001
2014-04-04 07:00:00,1286.8780000000002,1287.25,1286.6115,1286.845
2014-04-04 07:15:00,1286.839,1287.625,1286.6485,1287.598
2014-04-04 07:30:00,1287.627,1290.291,1287.598,1289.527
2014-04-04 07:45:00,1289.5435,1289.777,1288.9230000000002,1289.069
2014-04-04 08:00:00,1289.081,1289.7269999999999,1289.081,1289.697
2014-04-04 08:15:00,1289.685,1292.153,1289.5325,1291.2939999999999
2014-04-04 08:30:00,1291.244,1292.889,1291.1439999999998,1292.528
2014-04-04 08:45:00,1292.558,1292.588,1290.8294999999998,1291.373
2014-04-04 09:00:00,1291.391,1292.2375,1290.9505,1292.1870000000001
2014-04-04 09:15:00,1292.2,1292.2,1290.86,1291.762
2014-04-04 09:30:00,1291.7545,1293.2259999999999,1291.7545,1292.887
2014-04-04 09:45:00,1292.91,1293.101,1291.5800000000002,1292.0200000000002
2014-04-04 10:00:00,1292.078,1292.801,1291.064,1291.316
2014-04-04 10:15:00,1291.3275,1291.792,1290.904,1291.161
2014-04-04 10:30:00,1291.1729999999998,1291.3129999999999,1290.52,1291.3039999999999
2014-04-04 10:45:00,1291.2715,1291.419,1290.559,1290.759
2014-04-04 11:00:00,1290.8090000000002,1292.0030000000002,1290.728,1291.919
2014-04-04 11:15:00,1291.931,1292.885,1291.417,1292.0020000000002
2014-04-04 11:30:00,1292.0169999999998,1295.1215,1291.9730000000002,1293.448
2014-04-04 11:45:00,1293.5065000000002,1293.8115,1292.949,1293.759
2014-04-04 12:00:00,1293.6795,1294.8485,1293.311,1293.5205
2014-04-04 12:15:00,1293.5404999999998,1297.298,1292.2345,1293.6299999999999
2014-04-04 12:30:00,1290.5415,1303.145,1289.6200000000001,1297.539
2014-04-04 12:45:00,1297.556,1302.2269999999999,1297.519,1299.0739999999998
2014-04-04 13:00:00,1299.131,1300.6779999999999,1297.8455000000001,1300.065
2014-04-04 13:15:00,1300.044,1301.0000000000002,1299.3225,1299.673
2014-04-04 13:30:00,1299.6705,1300.095,1296.588,1297.772
2014-04-04 13:45:00,1297.7910000000002,1298.893,1296.735,1297.4470000000001
2014-04-04 14:00:00,1297.4375,1297.717,1296.1325,1297.1575000000003
2014-04-04 14:15:00,1297.1675,1300.0855,1296.4575,1299.895
2014-04-04 14:30:00,1299.8854999999999,1300.3625,1298.2179999999998,1299.902
2014-04-04 14:45:00,1300.0065,1300.0765000000001,1298.4725,1299.495
2014-04-04 15:00:00,1299.4865,1306.6795,1299.314,1305.2050000000002
2014-04-04 15:15:00,1305.161,1305.3905,1303.902,1304.851
2014-04-04 15:30:00,1304.8919999999998,1305.2620000000002,1303.6490000000001,1304.0230000000001
2014-04-04 15:45:00,1304.0055,1305.212,1303.754,1305.161
2014-04-04 16:00:00,1305.162,1306.8049999999998,1304.9060000000002,1304.9150000000002
2014-04-04 16:15:00,1304.9315,1305.788,1304.259,1305.3194999999998
2014-04-04 16:30:00,1305.325,1305.6740000000002,1304.549,1305.4565
2014-04-04 16:45:00,1305.539,1305.7765,1304.8774999999998,1304.912
2014-04-04 17:00:00,1304.973,1305.321,1303.901,1304.2595000000001
2014-04-04 17:15:00,1304.2795,1304.2795,1302.5424999999998,1303.2285
2014-04-04 17:30:00,1303.259,1303.902,1302.5674999999999,1303.191
2014-04-04 17:45:00,1303.2085,1303.92,1302.5255000000002,1302.654
2014-04-04 18:00:00,1302.6154999999999,1302.6154999999999,1301.0439999999999,1301.572
2014-04-04 18:15:00,1301.52,1302.349,1301.498,1302.312
2014-04-04 18:30:00,1302.287,1303.892,1302.164,1303.642
2014-04-04 18:45:00,1303.63,1303.89,1302.849,1302.852
2014-04-04 19:00:00,1302.849,1303.427,1302.8395,1303.2305000000001
2014-04-04 19:15:00,1303.221,1303.556,1302.649,1302.858
2014-04-04 19:30:00,1302.849,1302.971,1302.2195,1302.362
2014-04-04 19:45:00,1302.36,1303.583,1302.1519999999998,1303.463
2014-04-04 20:00:00,1303.4765,1303.7645,1302.8500000000001,1303.474
2014-04-04 20:15:00,1303.5005,1304.0240000000001,1303.204,1303.539
2014-04-04 20:30:00,1303.5005,1304.9795,1303.3004999999998,1304.8645000000001
2014-04-04 20:45:00,1304.8745000000001,1304.9199999999998,1303.195,1303.6719999999998
2014-04-06 22:00:00,1304.0635,1304.266,1304.0635,1304.2169999999999
2014-04-06 23:00:00,1301.3249999999998,1301.44,1300.9180000000001,1301.117
2014-04-06 23:15:00,1301.103,1302.356,1300.9789999999998,1302.1899999999998
2014-04-06 23:30:00,1302.1799999999998,1302.488,1301.97,1302.488
2014-04-06 23:45:00,1302.483,1304.065,1302.471,1303.976
2014-04-07 01:00:00,1303.543,1304.124,1303.478,1303.981
2014-04-07 01:15:00,1304.012,1304.272,1303.887,1303.971
2014-04-07 01:30:00,1303.961,1304.0645,1303.6889999999999,1303.9755
2014-04-07 01:45:00,1303.9660000000001,1304.058,1303.8235,1303.9665
2014-04-07 02:00:00,1303.9565,1304.086,1303.624,1303.744
2014-04-07 02:15:00,1303.7245,1303.7245,1303.018,1303.3135
2014-04-07 02:30:00,1303.308,1303.3495,1302.9315000000001,1303.203
2014-04-07 02:45:00,1303.183,1303.183,1302.059,1302.33
2014-04-07 03:00:00,1302.34,1303.203,1302.34,1302.9119999999998
2014-04-07 03:15:00,1302.886,1303.0035,1301.819,1302.9225000000001
2014-04-07 03:30:00,1302.955,1303.0575000000001,1302.62,1302.9914999999999
2014-04-07 03:45:00,1302.994,1303.029,1302.6325,1302.7605
2014-04-07 04:00:00,1302.7765,1302.8700000000001,1302.374,1302.692
2014-04-07 04:15:00,1302.6779999999999,1302.6875,1302.2205,1302.3185
2014-04-07 04:30:00,1302.305,1302.575,1301.7289999999998,1302.1644999999999
2014-04-07 04:45:00,1302.1585,1302.2265,1301.1235,1301.628
2014-04-07 05:00:00,1301.638,1301.8595,1301.4140000000002,1301.7714999999998
2014-04-07 05:15:00,1301.7665000000002,1302.7815,1301.6315,1302.0645
2014-04-07 05:30:00,1302.0225,1302.124,1301.408,1301.728
2014-04-07 05:45:00,1301.7389999999998,1302.1000000000001,1301.6275,1301.901
2014-04-07 06:00:00,1301.912,1301.936,1300.873,1301.114
2014-04-07 06:15:00,1301.051,1301.058,1299.9865,1300.201
2014-04-07 06:30:00,1300.1950000000002,1301.489,1300.0910000000001,1300.403
2014-04-07 06:45:00,1300.553,1300.904,1299.8370000000002,1300.311
2014-04-07 07:00:00,1300.319,1300.712,1299.239,1300.6305000000002
2014-04-07 07:15:00,1300.6235,1300.729,1299.678,1300.074
2014-04-07 07:30:00,1300.0675,1301.398,1299.951,1301.014
2014-04-07 07:45:00,1300.9979999999998,1301.209,1299.8560000000002,1299.951
2014-04-07 08:00:00,1299.931,1300.5620000000001,1299.3400000000001,1300.083
2014-04-07 08:15:00,1300.0975,1300.2324999999998,1299.1589999999999,1299.253
2014-04-07 08:30:00,1299.233,1299.723,1298.2254999999998,1299.346
2014-04-07 08:45:00,1299.338,1299.549,1298.789,1298.941
2014-04-07 09:00:00,1298.929,1299.3490000000002,1298.427,1298.967
2014-04-07 09:15:00,1298.973,1299.284,1298.673,1299.009
2014-04-07 09:30:00,1299.0210000000002,1299.653,1298.379,1299.344
2014-04-07 09:45:00,1299.38,1300.343,1299.146,1300.075
2014-04-07 10:00:00,1300.13,1300.312,1299.6019999999999,1299.7740000000001
2014-04-07 10:15:00,1299.7589999999998,1301.581,1299.719,1301.076
2014-04-07 10:30:00,1301.052,1301.699,1300.89,1301.06
2014-04-07 10:45:00,1301.0,1301.07,1299.7849999999999,1300.0835
2014-04-07 11:00:00,1300.0735,1300.302,1298.819,1299.18
2014-04-07 11:15:00,1299.181,1300.714,1298.871,1299.492
2014-04-07 11:30:00,1299.5125,1300.065,1299.09,1299.5014999999999
2014-04-07 11:45:00,1299.52,1299.981,1299.0615,1299.5059999999999
2014-04-07 12:00:00,1299.522,1300.02,1298.307,1298.9575
2014-04-07 12:15:00,1298.9564999999998,1299.262,1298.142,1298.582
2014-04-07 12:30:00,1298.616,1299.6275,1298.17,1299.286
2014-04-07 12:45:00,1299.261,1299.5655,1298.5720000000001,1298.9585
2014-04-07 13:00:00,1298.9740000000002,1300.1850000000002,1297.648,1297.648
2014-04-07 13:15:00,1297.638,1298.481,1297.329,1298.353
2014-04-07 13:30:00,1298.306,1300.1529999999998,1298.144,1298.788
2014-04-07 13:45:00,1298.806,1299.7675,1298.756,1298.8745
2014-04-07 14:00:00,1298.9245,1300.116,1298.9245,1299.4054999999998
2014-04-07 14:15:00,1299.3929999999998,1300.861,1298.9899999999998,1299.6175
2014-04-07 14:30:00,1299.6725,1301.2325,1299.5475,1300.921
2014-04-07 14:45:00,1300.9184999999998,1302.3555,1300.0795,1300.658
2014-04-07 15:00:00,1300.6499999999999,1301.303,1300.1760000000002,1301.2425
2014-04-07 15:15:00,1301.239,1301.389,1298.369,1298.848
2014-04-07 15:30:00,1298.867,1298.978,1295.731,1297.5935
2014-04-07 15:45:00,1297.6005,1299.0490000000002,1297.243,1297.4869999999999
2014-04-07 16:00:00,1297.5190000000002,1297.662,1296.5185,1296.8475
2014-04-07 16:15:00,1296.8225,1297.637,1296.7165000000002,1297.238
2014-04-07 16:30:00,1297.213,1297.536,1296.6085,1296.7334999999998
2014-04-07 16:45:00,1296.7459999999999,1297.211,1295.9399999999998,1296.5635
2014-04-07 17:00:00,1296.5529999999999,1297.638,1296.24,1297.4679999999998
2014-04-07 17:15:00,1297.4705,1298.6360000000002,1297.4579999999999,1298.15
2014-04-07 17:30:00,1298.1315,1298.2649999999999,1297.234,1297.234
2014-04-07 17:45:00,1297.1715,1297.78,1296.502,1297.762
2014-04-07 18:00:00,1297.752,1298.1729999999998,1297.7,1298.071
2014-04-07 18:15:00,1298.082,1298.1670000000001,1297.047,1297.0945000000002
2014-04-07 18:30:00,1297.0955,1297.7730000000001,1297.0915,1297.547
2014-04-07 18:45:00,1297.5375,1297.8449999999998,1297.4005,1297.7455
2014-04-07 19:00:00,1297.749,1298.131,1297.453,1297.475
2014-04-07 19:15:00,1297.4540000000002,1297.572,1296.968,1296.968
2014-04-07 19:30:00,1296.948,1297.0700000000002,1296.1825000000001,1296.5625
2014-04-07 19:45:00,1296.5375,1297.087,1296.4025,1296.483
2014-04-07 20:00:00,1296.4940000000001,1297.148,1296.435,1297.148
2014-04-07 20:15:00,1297.1129999999998,1297.703,1297.0369999999998,1297.703
2014-04-07 20:30:00,1297.712,1297.8259999999998,1297.514,1297.549
2014-04-07 20:45:00,1297.569,1297.64,1297.1965,1297.3565
2014-04-07 21:00:00,1297.3365,1297.3365,1296.7549999999999,1296.865
2014-04-07 23:00:00,1298.15,1298.525,1297.95,1298.1290000000001
2014-04-07 23:15:00,1298.113,1299.1589999999999,1298.107,1298.771
2014-04-07 23:30:00,1298.805,1299.133,1298.179,1298.704
2014-04-07 23:45:00,1298.6930000000002,1298.882,1298.405,1298.682
2014-04-08 01:00:00,1298.4035000000001,1299.637,1297.837,1298.915
2014-04-08 01:15:00,1298.882,1299.7285,1298.88,1299.3960000000002
2014-04-08 01:30:00,1299.4115000000002,1301.7440000000001,1299.4115000000002,1300.2005000000001
2014-04-08 01:45:00,1300.179,1300.684,1299.849,1300.2030000000002
2014-04-08 02:00:00,1300.2140000000002,1300.305,1299.663,1299.986
2014-04-08 02:15:00,1299.998,1301.3584999999998,1299.541,1299.705
2014-04-08 02:30:00,1299.7115000000001,1299.952,1299.239,1299.9405
2014-04-08 02:45:00,1299.953,1300.9270000000001,1299.238,1299.8295
2014-04-08 03:00:00,1299.8395,1300.476,1299.8395,1300.23
2014-04-08 03:15:00,1300.2220000000002,1300.754,1300.2095000000002,1300.754
2014-04-08 03:30:00,1300.7585,1301.2465,1300.636,1300.9889999999998
2014-04-08 03:45:00,1300.9979999999998,1301.155,1300.254,1300.9889999999998
2014-04-08 04:00:00,1301.0049999999999,1301.671,1300.9640000000002,1301.3729999999998
2014-04-08 04:15:00,1301.3005,1301.5,1300.494,1300.767
2014-04-08 04:30:00,1300.779,1301.055,1300.662,1300.7250000000001
2014-04-08 04:45:00,1300.737,1300.9879999999998,1300.516,1300.7355
2014-04-08 05:00:00,1300.7485,1301.5430000000001,1300.6530000000002,1301.013
2014-04-08 05:15:00,1301.0259999999998,1301.105,1300.441,1301.032
2014-04-08 05:30:00,1301.0200000000002,1303.964,1301.0200000000002,1303.949
2014-04-08 05:45:00,1303.954,1306.5785,1302.975,1305.594
2014-04-08 06:00:00,1305.612,1309.0835,1304.5290000000002,1308.563
2014-04-08 06:15:00,1308.551,1309.9785000000002,1308.2755,1308.8695
2014-04-08 06:30:00,1308.854,1309.567,1307.2340000000002,1307.9460000000001
2014-04-08 06:45:00,1307.958,1308.278,1307.528,1307.803
2014-04-08 07:00:00,1307.815,1309.234,1307.464,1309.127
2014-04-08 07:15:00,1309.0795,1309.117,1307.7475,1308.4385000000002
2014-04-08 07:30:00,1308.431,1309.111,1307.798,1308.441
2014-04-08 07:45:00,1308.4534999999998,1309.724,1308.2060000000001,1309.079
2014-04-08 08:00:00,1309.141,1310.222,1309.045,1310.211
2014-04-08 08:15:00,1310.2195,1310.258,1309.478,1309.655
2014-04-08 08:30:00,1309.665,1310.9865,1309.4975,1310.2485000000001
2014-04-08 08:45:00,1310.2505,1312.847,1310.184,1311.758
2014-04-08 09:00:00,1311.751,1312.599,1311.66,1311.8839999999998
2014-04-08 09:15:00,1311.867,1313.2820000000002,1311.5245000000002,1313.196
2014-04-08 09:30:00,1313.2065,1314.445,1312.763,1313.2720000000002
2014-04-08 09:45:00,1313.2795,1313.4385,1311.753,1311.9534999999998
2014-04-08 10:00:00,1311.941,1312.284,1311.639,1312.1154999999999
2014-04-08 10:15:00,1312.123,1312.2250000000001,1311.073,1311.173
2014-04-08 10:30:00,1311.1930000000002,1311.664,1310.152,1311.273
2014-04-08 10:45:00,1311.259,1312.2530000000002,1310.988,1311.744
2014-04-08 11:00:00,1311.764,1312.53,1311.764,1312.492
2014-04-08 11:15:00,1312.508,1312.532,1311.679,1311.804
2014-04-08 11:30:00,1311.8220000000001,1312.3104999999998,1310.965,1311.44
2014-04-08 11:45:00,1311.4619999999998,1312.42,1311.1509999999998,1311.7855
2014-04-08 12:00:00,1311.7915,1312.184,1311.191,1311.8120000000001
2014-04-08 12:15:00,1311.811,1313.7465,1311.682,1311.873
2014-04-08 12:30:00,1311.843,1312.641,1310.84,1311.1065
2014-04-08 12:45:00,1311.0955000000001,1312.126,1310.53,1311.4660000000001
2014-04-08 13:00:00,1311.478,1311.783,1310.8799999999999,1311.1370000000002
2014-04-08 13:15:00,1311.1180000000002,1311.656,1310.459,1311.293
2014-04-08 13:30:00,1311.231,1311.276,1308.9895000000001,1310.488
2014-04-08 13:45:00,1310.548,1310.93,1309.022,1309.3495
2014-04-08 14:00:00,1309.3709999999999,1309.761,1307.4885,1308.2985
2014-04-08 14:15:00,1308.265,1309.459,1307.6535,1309.2855
2014-04-08 14:30:00,1309.293,1310.6680000000001,1308.8129999999999,1309.098
2014-04-08 14:45:00,1309.084,1310.319,1308.613,1308.8075
2014-04-08 15:00:00,1308.821,1309.348,1308.0639999999999,1309.348
2014-04-08 15:15:00,1309.329,1309.671,1308.105,1309.671
2014-04-08 15:30:00,1309.6805,1309.6915,1306.9379999999999,1307.478
2014-04-08 15:45:00,1307.498,1308.455,1307.465,1307.658
2014-04-08 16:00:00,1307.6589999999999,1308.499,1307.6005,1308.108
2014-04-08 16:15:00,1308.1005,1309.1395,1308.0855,1308.7675000000002
2014-04-08 16:30:00,1308.762,1309.3275,1308.215,1309.3275
2014-04-08 16:45:00,1309.342,1310.2515,1308.826,1309.372
2014-04-08 17:00:00,1309.393,1310.2720000000002,1309.011,1309.182
2014-04-08 17:15:00,1309.1860000000001,1309.296,1308.0465,1309.1075
2014-04-08 17:30:00,1309.098,1309.1954999999998,1308.586,1308.784
2014-04-08 17:45:00,1308.781,1309.77,1308.76,1309.637
2014-04-08 18:00:00,1309.6325,1310.338,1309.5469999999998,1310.0100000000002
2014-04-08 18:15:00,1309.98,1310.659,1309.7649999999999,1309.7805
2014-04-08 18:30:00,1309.761,1309.861,1309.1545,1309.2535
2014-04-08 18:45:00,1309.258,1309.482,1309.1519999999998,1309.187
2014-04-08 19:00:00,1309.2069999999999,1309.2069999999999,1308.8370000000002,1308.848
2014-04-08 19:15:00,1308.868,1309.861,1308.8315,1309.851
2014-04-08 19:30:00,1309.857,1310.0305,1309.1305,1309.145
2014-04-08 19:45:00,1309.1365,1309.2359999999999,1307.408,1308.775
2014-04-08 20:00:00,1308.7885,1309.003,1308.148,1308.8129999999999
2014-04-08 20:15:00,1308.8049999999998,1308.971,1308.586,1308.7205000000001
2014-04-08 20:30:00,1308.7065,1308.8039999999999,1308.511,1308.669
2014-04-08 20:45:00,1308.67,1308.7540000000001,1308.483,1308.624
2014-04-08 21:00:00,1308.597,1308.642,1308.057,1308.148
2014-04-08 22:00:00,1308.729,1308.7540000000001,1308.353,1308.353
2014-04-08 23:00:00,1309.875,1310.7005000000001,1309.675,1310.249
2014-04-08 23:15:00,1310.236,1310.456,1309.8585,1309.8585
2014-04-08 23:30:00,1309.8535,1309.9995,1308.4050000000002,1309.508
2014-04-08 23:45:00,1309.5279999999998,1309.9409999999998,1308.7679999999998,1309.9370000000001
2014-04-09 01:00:00,1309.5700000000002,1309.835,1308.76,1309.2839999999999
2014-04-09 01:15:00,1309.27,1309.302,1308.765,1309.01
2014-04-09 01:30:00,1309.032,1309.8225,1308.7405,1309.001
2014-04-09 01:45:00,1309.007,1309.815,1308.8249999999998,1309.6440000000002
2014-04-09 02:00:00,1309.6375,1312.0985,1309.359,1311.448
2014-04-09 02:15:00,1311.4850000000001,1311.5860000000002,1309.375,1311.176
2014-04-09 02:30:00,1311.1615000000002,1312.7105000000001,1311.017,1312.4085
2014-04-09 02:45:00,1312.4205,1313.558,1312.115,1313.163
2014-04-09 03:00:00,1313.1499999999999,1314.1009999999999,1312.1215,1312.1215
2014-04-09 03:15:00,1312.0935,1312.7079999999999,1312.031,1312.522
2014-04-09 03:30:00,1312.511,1312.554,1312.1295,1312.2215
2014-04-09 03:45:00,1312.232,1312.549,1311.808,1311.905
2014-04-09 04:00:00,1311.894,1312.5965,1311.7250000000001,1312.389
2014-04-09 04:15:00,1312.385,1312.67,1312.379,1312.546
2014-04-09 04:30:00,1312.561,1312.816,1311.875,1312.023
2014-04-09 04:45:00,1312.045,1312.266,1311.806,1311.9154999999998
2014-04-09 05:00:00,1311.9215000000002,1312.239,1311.646,1312.03
2014-04-09 05:15:00,1312.052,1312.401,1311.746,1312.35
2014-04-09 05:30:00,1312.3229999999999,1314.018,1312.3039999999999,1313.742
2014-04-09 05:45:00,1313.74,1313.9904999999999,1312.9175,1312.9295
2014-04-09 06:00:00,1312.9365,1313.9655,1312.8655,1313.327
2014-04-09 06:15:00,1313.34,1313.4665,1311.9430000000002,1311.9579999999999
2014-04-09 06:30:00,1311.9430000000002,1311.9430000000002,1310.578,1311.065
2014-04-09 06:45:00,1311.05,1311.724,1310.812,1311.4429999999998
2014-04-09 07:00:00,1311.422,1311.664,1310.2065,1310.6639999999998
2014-04-09 07:15:00,1310.641,1310.641,1309.641,1309.91
2014-04-09 07:30:00,1309.9419999999998,1311.2475,1309.9419999999998,1311.057
2014-04-09 07:45:00,1311.0430000000001,1311.3509999999999,1309.9229999999998,1310.741
2014-04-09 08:00:00,1310.7269999999999,1310.7459999999999,1309.8700000000001,1310.504
2014-04-09 08:15:00,1310.517,1310.9859999999999,1309.4265,1309.5189999999998
2014-04-09 08:30:00,1309.5135,1310.1009999999999,1309.385,1309.759
2014-04-09 08:45:00,1309.779,1309.9229999999998,1308.915,1309.9229999999998
2014-04-09 09:00:00,1309.89,1309.9560000000001,1309.3715,1309.8455
2014-04-09 09:15:00,1309.8375,1310.9155,1309.685,1310.595
2014-04-09 09:30:00,1310.598,1310.6235,1309.8220000000001,1310.2625
2014-04-09 09:45:00,1310.255,1310.7455000000002,1310.2530000000002,1310.6729999999998
2014-04-09 10:00:00,1310.6909999999998,1310.7160000000001,1308.627,1309.1850000000002
2014-04-09 10:15:00,1309.1999999999998,1309.225,1308.606,1309.088
2014-04-09 10:30:00,1309.1090000000002,1309.4805000000001,1309.058,1309.1999999999998
2014-04-09 10:45:00,1309.1899999999998,1309.405,1308.8854999999999,1308.8854999999999
2014-04-09 11:00:00,1308.8595000000003,1309.061,1304.268,1305.853
2014-04-09 11:15:00,1305.823,1308.01,1303.477,1303.567
2014-04-09 11:30:00,1303.537,1304.208,1301.65,1303.895
2014-04-09 11:45:00,1303.9089999999999,1304.718,1303.2879999999998,1304.059
2014-04-09 12:00:00,1304.0305,1304.6125,1303.527,1304.472
2014-04-09 12:15:00,1304.4830000000002,1304.9019999999998,1302.8780000000002,1303.692
2014-04-09 12:30:00,1303.7015000000001,1304.5035,1303.3049999999998,1303.636
2014-04-09 12:45:00,1303.624,1303.7140000000002,1301.8225000000002,1303.032
2014-04-09 13:00:00,1303.051,1304.4474999999998,1302.6645,1304.2515
2014-04-09 13:15:00,1304.1755,1304.281,1301.545,1302.501
2014-04-09 13:30:00,1302.506,1303.1765,1300.98,1302.307
2014-04-09 13:45:00,1302.267,1303.511,1301.951,1302.7195
2014-04-09 14:00:00,1302.724,1304.722,1302.0430000000001,1303.8999999999999
2014-04-09 14:15:00,1303.8709999999999,1304.1834999999999,1303.2525,1303.7555
2014-04-09 14:30:00,1303.7649999999999,1304.225,1303.442,1303.83
2014-04-09 14:45:00,1303.806,1307.468,1303.801,1306.34
2014-04-09 15:00:00,1306.325,1306.903,1305.516,1305.974
2014-04-09 15:15:00,1305.963,1306.096,1304.8970000000002,1304.983
2014-04-09 15:30:00,1304.998,1305.94,1304.9700000000003,1305.413
2014-04-09 15:45:00,1305.431,1305.6280000000002,1304.657,1305.0720000000001
2014-04-09 16:00:00,1305.092,1305.162,1304.7135,1305.117
2014-04-09 16:15:00,1305.1095,1305.584,1305.055,1305.492
2014-04-09 16:30:00,1305.48,1306.0279999999998,1305.219,1305.791
2014-04-09 16:45:00,1305.792,1306.0559999999998,1305.125,1305.744
2014-04-09 17:00:00,1305.753,1305.96,1305.3229999999999,1305.555
2014-04-09 17:15:00,1305.5330000000001,1305.977,1305.3719999999998,1305.601
2014-04-09 17:30:00,1305.602,1305.621,1305.173,1305.5185
2014-04-09 17:45:00,1305.5435,1305.7459999999999,1303.09,1303.09
2014-04-09 18:00:00,1303.1100000000001,1311.274,1303.06,1309.019
2014-04-09 18:15:00,1308.988,1315.183,1308.988,1314.3619999999999
2014-04-09 18:30:00,1314.3645,1314.407,1309.6,1310.191
2014-04-09 18:45:00,1310.214,1310.7334999999998,1309.33,1309.72
2014-04-09 19:00:00,1309.721,1310.211,1307.4175,1309.9789999999998
2014-04-09 19:15:00,1309.9895,1310.631,1309.05,1309.1909999999998
2014-04-09 19:30:00,1309.1760000000002,1310.5815,1309.0910000000001,1310.2385
2014-04-09 19:45:00,1310.2355,1311.6915000000001,1310.1145,1311.3
2014-04-09 20:00:00,1311.317,1311.722,1310.595,1311.645
2014-04-09 20:15:00,1311.655,1311.673,1311.409,1311.5950000000003
2014-04-09 20:30:00,1311.6154999999999,1312.116,1311.548,1311.838
2014-04-09 20:45:00,1311.823,1311.964,1311.4940000000001,1311.813
2014-04-09 21:00:00,1311.77,1312.595,1311.76,1312.153
2014-04-09 22:00:00,1311.75,1311.8929999999998,1311.5249999999999,1311.8929999999998
2014-04-09 23:00:00,1311.9499999999998,1312.3249999999998,1311.8749999999998,1312.191
2014-04-09 23:15:00,1312.167,1312.418,1311.6109999999999,1311.631
2014-04-09 23:30:00,1311.652,1311.8700000000001,1311.3625,1311.3625
2014-04-09 23:45:00,1311.386,1311.435,1310.902,1311.1129999999998
2014-04-10 01:00:00,1314.625,1317.682,1314.625,1316.3
2014-04-10 01:15:00,1316.2749999999999,1316.434,1315.279,1315.7699999999998
2014-04-10 01:30:00,1315.7844999999998,1316.494,1315.7844999999998,1316.1660000000002
2014-04-10 01:45:00,1316.1889999999999,1317.3935000000001,1315.8999999999999,1316.876
2014-04-10 02:00:00,1316.89,1317.2105,1315.5265,1315.8909999999998
2014-04-10 02:15:00,1315.921,1316.098,1314.961,1315.218
2014-04-10 02:30:00,1315.22,1315.684,1315.094,1315.466
2014-04-10 02:45:00,1315.4685,1315.538,1315.203,1315.4175
2014-04-10 03:00:00,1315.4250000000002,1315.626,1314.957,1315.39
2014-04-10 03:15:00,1315.3680000000002,1315.8480000000002,1315.011,1315.119
2014-04-10 03:30:00,1315.1309999999999,1315.4579999999999,1314.898,1315.381
2014-04-10 03:45:00,1315.4029999999998,1315.798,1315.175,1315.699
2014-04-10 04:00:00,1315.729,1315.8390000000002,1315.218,1315.358
2014-04-10 04:15:00,1315.3700000000001,1316.073,1315.3700000000001,1315.879
2014-04-10 04:30:00,1315.8660000000002,1316.3385,1315.5265,1316.221
2014-04-10 04:45:00,1316.2359999999999,1316.68,1316.2259999999999,1316.297
2014-04-10 05:00:00,1316.291,1317.0120000000002,1316.169,1316.6370000000002
2014-04-10 05:15:00,1316.649,1317.12,1316.605,1317.077
2014-04-10 05:30:00,1317.0785,1317.1375,1316.2185000000002,1316.3155
2014-04-10 05:45:00,1316.3215,1316.5295,1315.915,1316.1605
2014-04-10 06:00:00,1316.179,1317.032,1315.6865,1316.7945
2014-04-10 06:15:00,1316.8195,1318.1999999999998,1316.652,1316.795
2014-04-10 06:30:00,1316.8005,1317.579,1316.758,1316.909
2014-04-10 06:45:00,1316.9215000000002,1317.7350000000001,1316.075,1317.5355
2014-04-10 07:00:00,1317.544,1319.7314999999999,1317.544,1319.3629999999998
2014-04-10 07:15:00,1319.3509999999999,1320.833,1319.1264999999999,1320.1795
2014-04-10 07:30:00,1320.19,1321.5595,1319.675,1319.843
2014-04-10 07:45:00,1319.8465,1321.1415,1319.243,1321.069
2014-04-10 08:00:00,1321.0605,1321.3200000000002,1320.1139999999998,1320.5985
2014-04-10 08:15:00,1320.597,1320.9885,1319.95,1320.383
2014-04-10 08:30:00,1320.396,1322.8435,1319.894,1322.489
2014-04-10 08:45:00,1322.556,1323.4355,1321.2399999999998,1322.0710000000001
2014-04-10 09:00:00,1322.0405,1322.7920000000001,1321.289,1321.53
2014-04-10 09:15:00,1321.5245,1322.7485000000001,1321.011,1321.6789999999999
2014-04-10 09:30:00,1321.7085000000002,1322.7250000000001,1321.3129999999999,1322.638
2014-04-10 09:45:00,1322.6195,1323.9740000000002,1322.6195,1323.2955
2014-04-10 10:00:00,1323.301,1323.4235,1322.539,1322.922
2014-04-10 10:15:00,1322.8600000000001,1323.188,1321.922,1322.28
2014-04-10 10:30:00,1322.3,1322.664,1321.752,1321.877
2014-04-10 10:45:00,1321.858,1321.8799999999999,1320.674,1320.8790000000001
2014-04-10 11:00:00,1320.8490000000002,1322.1299999999999,1320.76,1322.0720000000001
2014-04-10 11:15:00,1322.0919999999999,1322.9385,1322.0275000000001,1322.683
2014-04-10 11:30:00,1322.666,1323.082,1322.4389999999999,1322.63
2014-04-10 11:45:00,1322.6215,1324.3895,1322.2794999999999,1323.9135
2014-04-10 12:00:00,1323.9015,1324.3005,1322.1164999999999,1322.207
2014-04-10 12:15:00,1322.2005,1324.641,1321.6295,1323.32
2014-04-10 12:30:00,1323.2700000000002,1323.2700000000002,1317.3300000000002,1319.599
2014-04-10 12:45:00,1319.621,1319.8284999999998,1316.238,1318.1159999999998
2014-04-10 13:00:00,1318.1194999999998,1319.7044999999998,1317.6215,1318.486
2014-04-10 13:15:00,1318.457,1318.608,1317.328,1317.5784999999998
2014-04-10 13:30:00,1317.5430000000001,1320.21,1317.3970000000002,1319.778
2014-04-10 13:45:00,1319.792,1322.0610000000001,1319.478,1321.384
2014-04-10 14:00:00,1321.3560000000002,1321.729,1319.643,1320.405
2014-04-10 14:15:00,1320.355,1320.362,1319.0455,1319.9205
2014-04-10 14:30:00,1319.916,1320.265,1319.295,1320.021
2014-04-10 14:45:00,1319.9950000000001,1321.194,1319.233,1320.315
2014-04-10 15:00:00,1320.325,1321.217,1319.5330000000001,1320.9299999999998
2014-04-10 15:15:00,1320.905,1321.919,1320.314,1321.516
2014-04-10 15:30:00,1321.554,1322.012,1319.946,1320.486
2014-04-10 15:45:00,1320.4709999999998,1320.615,1319.6385,1320.016
2014-04-10 16:00:00,1320.0,1320.22,1318.421,1318.435
2014-04-10 16:15:00,1318.3799999999999,1318.9270000000001,1316.407,1317.8709999999999
2014-04-10 16:30:00,1317.8825,1318.7335,1317.7469999999998,1318.501
2014-04-10 16:45:00,1318.473,1319.504,1318.0295,1318.8695
2014-04-10 17:00:00,1318.8790000000001,1320.355,1318.867,1319.1655
2014-04-10 17:15:00,1319.1405,1320.8044999999997,1317.728,1320.552
2014-04-10 17:30:00,1320.52,1320.6945,1319.239,1319.567
2014-04-10 17:45:00,1319.592,1320.4675,1319.4195,1320.1270000000002
2014-04-10 18:00:00,1320.092,1320.1260000000002,1319.1409999999998,1319.2285
2014-04-10 18:15:00,1319.2345,1319.986,1319.224,1319.889
2014-04-10 18:30:00,1319.885,1320.1779999999999,1319.81,1319.9085
2014-04-10 18:45:00,1319.9009999999998,1320.0890000000002,1319.632,1319.6964999999998
2014-04-10 19:00:00,1319.69,1320.213,1319.2340000000002,1319.4950000000001
2014-04-10 19:15:00,1319.489,1319.745,1319.097,1319.201
2014-04-10 19:30:00,1319.2085,1319.432,1318.5179999999998,1318.637
2014-04-10 19:45:00,1318.6315,1319.135,1318.1599999999999,1318.3985
2014-04-10 20:00:00,1318.3735,1318.509,1317.9565,1317.9805
2014-04-10 20:15:00,1317.9914999999999,1318.156,1317.3549999999998,1317.901
2014-04-10 20:30:00,1317.914,1318.038,1317.7869999999998,1318.007
2014-04-10 20:45:00,1317.98,1319.169,1317.98,1318.9340000000002
2014-04-10 21:00:00,1318.914,1318.914,1318.1329999999998,1318.15
2014-04-10 23:00:00,1318.0,1318.078,1317.4099999999999,1317.963
2014-04-10 23:15:00,1317.969,1318.4989999999998,1317.7540000000001,1318.426
2014-04-10 23:30:00,1318.434,1319.454,1318.2855,1318.9820000000002
2014-04-10 23:45:00,1319.0145,1319.3795000000002,1317.9835,1318.5140000000001
2014-04-11 01:00:00,1317.162,1318.706,1316.5759999999998,1318.1689999999999
2014-04-11 01:15:00,1318.1840000000002,1319.046,1318.1290000000001,1318.6535
2014-04-11 01:30:00,1318.7285,1319.004,1318.389,1318.9955
2014-04-11 01:45:00,1318.989,1320.675,1318.9164999999998,1320.1170000000002
2014-04-11 02:00:00,1320.0839999999998,1320.298,1319.48,1319.698
2014-04-11 02:15:00,1319.7089999999998,1320.2259999999999,1319.58,1320.1599999999999
2014-04-11 02:30:00,1320.184,1320.184,1319.3529999999998,1319.945
2014-04-11 02:45:00,1319.863,1320.055,1319.1399999999999,1319.236
2014-04-11 03:00:00,1319.2789999999998,1319.535,1319.134,1319.4175
2014-04-11 03:15:00,1319.462,1319.937,1319.3165000000001,1319.7050000000002
2014-04-11 03:30:00,1319.693,1319.854,1319.635,1319.659
2014-04-11 03:45:00,1319.6390000000001,1320.149,1319.546,1320.0610000000001
2014-04-11 04:00:00,1320.045,1320.1509999999998,1319.64,1319.669
2014-04-11 04:15:00,1319.6580000000001,1321.57,1319.6580000000001,1321.399
2014-04-11 04:30:00,1321.387,1321.6570000000002,1320.9520000000002,1321.229
2014-04-11 04:45:00,1321.2165,1321.446,1320.704,1320.848
2014-04-11 05:00:00,1320.8580000000002,1320.9489999999998,1320.5739999999998,1320.727
2014-04-11 05:15:00,1320.76,1320.791,1320.319,1320.6299999999999
2014-04-11 05:30:00,1320.643,1320.8729999999998,1320.337,1320.5255000000002
2014-04-11 05:45:00,1320.5314999999998,1321.76,1320.2765,1321.163
2014-04-11 06:00:00,1321.2440000000001,1321.2440000000001,1320.376,1320.376
2014-04-11 06:15:00,1320.388,1320.49,1319.645,1319.7700000000002
2014-04-11 06:30:00,1319.75,1319.7659999999998,1317.4669999999999,1317.521
2014-04-11 06:45:00,1317.4959999999999,1318.402,1315.5325,1316.0505
2014-04-11 07:00:00,1316.0355,1317.3870000000002,1315.3725000000002,1317.158
2014-04-11 07:15:00,1317.143,1317.279,1316.115,1316.4279999999999
2014-04-11 07:30:00,1316.414,1317.123,1315.868,1317.0835
2014-04-11 07:45:00,1317.0705,1317.0705,1316.049,1316.6585000000002
2014-04-11 08:00:00,1316.6734999999999,1316.9505000000001,1315.9385,1315.996
2014-04-11 08:15:00,1315.97,1316.558,1315.57,1315.8384999999998
2014-04-11 08:30:00,1315.8235000000002,1315.927,1314.2299999999998,1314.394
2014-04-11 08:45:00,1314.4279999999999,1316.1190000000001,1314.4279999999999,1315.185
2014-04-11 09:00:00,1315.2465,1317.375,1315.057,1317.1870000000001
2014-04-11 09:15:00,1317.1625,1317.617,1316.5230000000001,1316.7930000000001
2014-04-11 09:30:00,1316.786,1319.4055,1316.766,1319.25
2014-04-11 09:45:00,1319.3220000000001,1319.608,1318.734,1319.1325
2014-04-11 10:00:00,1319.1075,1320.6765,1319.0875,1320.1834999999999
2014-04-11 10:15:00,1320.1685000000002,1323.3485,1320.1385,1322.24
2014-04-11 10:30:00,1322.215,1323.278,1322.001,1322.975
2014-04-11 10:45:00,1322.998,1323.023,1322.1060000000002,1322.8075000000001
2014-04-11 11:00:00,1322.81,1322.9099999999999,1320.9189999999999,1321.926
2014-04-11 11:15:00,1321.9185,1323.1065,1321.646,1322.602
2014-04-11 11:30:00,1322.587,1323.942,1321.077,1321.79
2014-04-11 11:45:00,1321.8065,1322.0420000000001,1320.8999999999999,1321.478
2014-04-11 12:00:00,1321.497,1321.768,1320.2214999999999,1321.157
2014-04-11 12:15:00,1321.1645,1322.784,1320.9209999999998,1322.4170000000001
2014-04-11 12:30:00,1322.4730000000002,1322.49,1318.9585,1320.0389999999998
2014-04-11 12:45:00,1320.0344999999998,1320.277,1317.485,1317.787
2014-04-11 13:00:00,1317.7794999999999,1318.8035,1316.884,1318.676
2014-04-11 13:15:00,1318.701,1318.7915,1317.828,1318.6785
2014-04-11 13:30:00,1318.6779999999999,1318.9045,1317.3929999999998,1318.1599999999999
2014-04-11 13:45:00,1318.0785,1321.505,1317.9945,1319.2715
2014-04-11 14:00:00,1319.2820000000002,1320.147,1318.105,1319.7420000000002
2014-04-11 14:15:00,1319.712,1319.965,1318.305,1319.0895
2014-04-11 14:30:00,1319.076,1319.206,1316.2465000000002,1316.847
2014-04-11 14:45:00,1316.8375,1316.9245,1315.59,1316.629
2014-04-11 15:00:00,1316.6245,1318.5729999999999,1316.379,1318.353
2014-04-11 15:15:00,1318.401,1319.3045,1317.985,1319.271
2014-04-11 15:30:00,1319.2705,1319.3045,1317.895,1318.1660000000002
2014-04-11 15:45:00,1318.2220000000002,1318.784,1317.8825,1318.3
2014-04-11 16:00:00,1318.3220000000001,1318.354,1317.503,1318.1065
2014-04-11 16:15:00,1318.1135000000002,1318.9650000000001,1317.959,1318.723
2014-04-11 16:30:00,1318.7165,1319.3010000000002,1318.409,1318.634
2014-04-11 16:45:00,1318.62,1319.0100000000002,1318.5185000000001,1318.787
2014-04-11 17:00:00,1318.7635,1319.6819999999998,1318.681,1318.923
2014-04-11 17:15:00,1318.9160000000002,1319.1705,1317.6009999999999,1318.498
2014-04-11 17:30:00,1318.5665,1318.786,1317.0985,1317.622
2014-04-11 17:45:00,1317.656,1318.439,1317.4199999999998,1318.0
2014-04-11 18:00:00,1318.011,1318.5175000000002,1317.7645,1318.4165
2014-04-11 18:15:00,1318.4370000000001,1318.7195,1318.068,1318.589
2014-04-11 18:30:00,1318.5690000000002,1318.9444999999998,1318.5334999999998,1318.877
2014-04-11 18:45:00,1318.8695,1318.9969999999998,1318.483,1318.8205
2014-04-11 19:00:00,1318.8590000000002,1319.3120000000001,1318.114,1318.5079999999998
2014-04-11 19:15:00,1318.4930000000002,1318.662,1318.039,1318.274
2014-04-11 19:30:00,1318.262,1318.586,1317.2825,1317.746
2014-04-11 19:45:00,1317.7514999999999,1318.1619999999998,1317.3795,1317.7890000000002
2014-04-11 20:00:00,1317.8015,1318.4,1317.7859999999998,1318.4
2014-04-11 20:15:00,1318.401,1318.4999999999998,1318.201,1318.475
2014-04-11 20:30:00,1318.4505,1318.6499999999999,1318.1999999999998,1318.3155
2014-04-11 20:45:00,1318.2655,1318.605,1318.2355000000002,1318.5680000000002
2014-04-13 23:00:00,1327.675,1328.175,1326.8000000000002,1328.008
2014-04-13 23:15:00,1327.983,1328.7089999999998,1327.059,1327.1599999999999
2014-04-13 23:30:00,1327.195,1327.29,1326.196,1326.452
2014-04-13 23:45:00,1326.44,1327.042,1326.14,1326.623
2014-04-14 01:00:00,1325.9355,1327.28,1325.357,1326.89
2014-04-14 01:15:00,1326.9015,1327.301,1326.746,1326.7540000000001
2014-04-14 01:30:00,1326.728,1327.42,1326.46,1326.538
2014-04-14 01:45:00,1326.527,1327.628,1326.527,1326.929
2014-04-14 02:00:00,1326.9655,1327.614,1326.798,1327.4470000000001
2014-04-14 02:15:00,1327.4555,1328.864,1327.2005,1328.525
2014-04-14 02:30:00,1328.5410000000002,1329.195,1327.795,1327.984
2014-04-14 02:45:00,1327.9720000000002,1328.229,1327.519,1327.8575
2014-04-14 03:00:00,1327.8325,1328.059,1327.111,1327.247
2014-04-14 03:15:00,1327.234,1327.234,1326.741,1326.865
2014-04-14 03:30:00,1326.881,1326.882,1326.156,1326.18
2014-04-14 03:45:00,1326.155,1326.8509999999999,1326.155,1326.7
2014-04-14 04:00:00,1326.7389999999998,1326.903,1326.531,1326.899
2014-04-14 04:15:00,1326.885,1327.0875,1326.337,1326.435
2014-04-14 04:30:00,1326.4109999999998,1326.4230000000002,1325.364,1325.503
2014-04-14 04:45:00,1325.474,1326.3310000000001,1325.474,1326.275
2014-04-14 05:00:00,1326.294,1326.574,1325.486,1326.574
2014-04-14 05:15:00,1326.5629999999999,1327.136,1326.059,1326.7569999999998
2014-04-14 05:30:00,1326.7810000000002,1327.084,1326.4109999999998,1326.838
2014-04-14 05:45:00,1326.8485,1327.5780000000002,1326.7604999999999,1327.251
2014-04-14 06:00:00,1327.2269999999999,1328.3190000000002,1327.026,1328.185
2014-04-14 06:15:00,1328.149,1328.192,1327.197,1327.7335
2014-04-14 06:30:00,1327.724,1330.037,1327.724,1328.185
2014-04-14 06:45:00,1328.162,1329.714,1328.162,1328.5500000000002
2014-04-14 07:00:00,1328.5615,1328.806,1325.9895000000001,1326.3165000000001
2014-04-14 07:15:00,1326.3339999999998,1327.3205,1326.2795,1326.538
2014-04-14 07:30:00,1326.59,1327.074,1325.646,1326.135
2014-04-14 07:45:00,1326.1395,1326.7579999999998,1325.5790000000002,1326.574
2014-04-14 08:00:00,1326.55,1326.726,1325.627,1326.493
2014-04-14 08:15:00,1326.482,1326.596,1325.9969999999998,1326.267
2014-04-14 08:30:00,1326.263,1326.607,1324.98,1324.9815
2014-04-14 08:45:00,1325.029,1325.133,1324.574,1324.8020000000001
2014-04-14 09:00:00,1324.789,1325.394,1322.694,1323.8665
2014-04-14 09:15:00,1323.9365,1324.8149999999998,1323.454,1324.595
2014-04-14 09:30:00,1324.5875,1325.321,1324.3929999999998,1325.086
2014-04-14 09:45:00,1325.077,1325.31,1324.5055,1324.757
2014-04-14 10:00:00,1324.732,1324.732,1322.846,1323.809
2014-04-14 10:15:00,1323.796,1324.4385,1322.683,1324.315
2014-04-14 10:30:00,1324.329,1324.4720000000002,1323.5420000000001,1323.892
2014-04-14 10:45:00,1323.932,1324.0369999999998,1322.9669999999999,1323.012
2014-04-14 11:00:00,1322.992,1323.354,1322.569,1322.685
2014-04-14 11:15:00,1322.666,1322.7350000000001,1321.124,1321.265
2014-04-14 11:30:00,1321.414,1322.3690000000001,1320.8890000000001,1322.139
2014-04-14 11:45:00,1322.208,1322.386,1321.448,1322.266
2014-04-14 12:00:00,1322.283,1324.4440000000002,1322.1350000000002,1323.887
2014-04-14 12:15:00,1323.865,1324.6109999999999,1322.503,1323.0805
2014-04-14 12:30:00,1323.105,1323.6595,1318.844,1322.682
2014-04-14 12:45:00,1322.647,1324.336,1322.334,1324.0230000000001
2014-04-14 13:00:00,1324.0069999999998,1325.5279999999998,1323.781,1324.592
2014-04-14 13:15:00,1324.578,1326.7900000000002,1324.498,1326.208
2014-04-14 13:30:00,1326.2635,1326.427,1325.4545,1325.711
2014-04-14 13:45:00,1325.722,1326.535,1325.653,1326.4595
2014-04-14 14:00:00,1326.435,1326.526,1325.3899999999999,1325.6009999999999
2014-04-14 14:15:00,1325.6109999999999,1327.952,1325.406,1327.423
2014-04-14 14:30:00,1327.301,1329.27,1327.276,1328.3464999999999
2014-04-14 14:45:00,1328.3545,1331.2350000000001,1328.3380000000002,1329.329
2014-04-14 15:00:00,1329.3990000000001,1330.1995,1328.6989999999998,1328.922
2014-04-14 15:15:00,1328.9089999999999,1328.971,1328.081,1328.3909999999998
2014-04-14 15:30:00,1328.3705000000002,1328.497,1327.2715,1327.404
2014-04-14 15:45:00,1327.3795,1327.3795,1326.2045,1326.7205000000001
2014-04-14 16:00:00,1326.7340000000002,1327.389,1326.504,1327.0330000000001
2014-04-14 16:15:00,1326.9685,1327.1190000000001,1326.4325,1326.4325
2014-04-14 16:30:00,1326.4379999999999,1326.7299999999998,1325.667,1325.9270000000001
2014-04-14 16:45:00,1325.896,1326.612,1325.6665,1326.332
2014-04-14 17:00:00,1326.2945,1327.746,1325.9419999999998,1327.258
2014-04-14 17:15:00,1327.275,1327.557,1326.8129999999999,1327.5559999999998
2014-04-14 17:30:00,1327.539,1327.8095,1326.9205,1326.989
2014-04-14 17:45:00,1326.9795,1328.1165,1326.96,1327.486
2014-04-14 18:00:00,1327.4650000000001,1327.769,1326.857,1326.94
2014-04-14 18:15:00,1326.9560000000001,1327.223,1326.94,1327.098
2014-04-14 18:30:00,1327.075,1327.4850000000001,1327.039,1327.2905
2014-04-14 18:45:00,1327.2794999999999,1327.3355000000001,1326.4289999999999,1326.4289999999999
2014-04-14 19:00:00,1326.44,1326.44,1324.8735,1325.428
2014-04-14 19:15:00,1325.4175,1326.621,1325.31,1326.164
2014-04-14 19:30:00,1326.1895,1326.5240000000001,1325.614,1325.614
2014-04-14 19:45:00,1325.6485000000002,1327.011,1325.527,1326.919
2014-04-14 20:00:00,1326.87,1327.016,1326.4759999999999,1326.7160000000001
2014-04-14 20:15:00,1326.7019999999998,1326.888,1326.684,1326.751
2014-04-14 20:30:00,1326.75,1327.529,1326.653,1327.388
2014-04-14 20:45:00,1327.364,1328.036,1327.0679999999998,1327.961
2014-04-14 21:00:00,1327.866,1327.866,1326.603,1326.805
2014-04-14 23:00:00,1326.975,1326.975,1325.825,1326.502
2014-04-14 23:15:00,1326.504,1327.1319999999998,1326.258,1326.986
2014-04-14 23:30:00,1326.982,1327.049,1326.538,1326.626
2014-04-14 23:45:00,1326.637,1326.7420000000002,1325.6129999999998,1325.81
2014-04-15 01:00:00,1325.5890000000002,1326.275,1323.7200000000003,1323.84
2014-04-15 01:15:00,1323.8220000000001,1324.0114999999998,1322.5375,1323.415
2014-04-15 01:30:00,1323.3609999999999,1324.0439999999999,1323.272,1323.6460000000002
2014-04-15 01:45:00,1323.635,1323.694,1321.21,1321.751
2014-04-15 02:00:00,1321.741,1322.339,1321.641,1322.3195
2014-04-15 02:15:00,1322.2930000000001,1322.2930000000001,1321.1545,1321.913
2014-04-15 02:30:00,1321.903,1322.4170000000001,1321.8319999999999,1322.233
2014-04-15 02:45:00,1322.2450000000001,1322.622,1321.951,1322.145
2014-04-15 03:00:00,1322.155,1322.206,1319.413,1319.5140000000001
2014-04-15 03:15:00,1319.529,1320.223,1319.164,1319.488
2014-04-15 03:30:00,1319.498,1321.13,1319.102,1320.8539999999998
2014-04-15 03:45:00,1320.853,1321.498,1320.588,1321.239
2014-04-15 04:00:00,1321.2495000000001,1321.2495000000001,1320.5359999999998,1320.543
2014-04-15 04:15:00,1320.5549999999998,1320.781,1320.3,1320.542
2014-04-15 04:30:00,1320.5200000000002,1321.063,1320.056,1320.529
2014-04-15 04:45:00,1320.5135,1320.655,1319.909,1319.912
2014-04-15 05:00:00,1319.917,1320.3700000000001,1319.501,1320.3
2014-04-15 05:15:00,1320.3685,1320.42,1319.827,1320.3509999999999
2014-04-15 05:30:00,1320.3865,1321.227,1319.9950000000001,1321.159
2014-04-15 05:45:00,1321.1399999999999,1321.229,1320.02,1320.287
2014-04-15 06:00:00,1320.301,1320.995,1319.622,1319.7849999999999
2014-04-15 06:15:00,1319.815,1320.1675000000002,1314.948,1315.343
2014-04-15 06:30:00,1315.33,1317.2965000000002,1314.137,1316.026
2014-04-15 06:45:00,1316.1065,1316.2359999999999,1312.051,1313.243
2014-04-15 07:00:00,1313.248,1314.6560000000002,1312.851,1313.742
2014-04-15 07:15:00,1313.7345,1313.947,1307.941,1307.941
2014-04-15 07:30:00,1307.801,1310.3529999999998,1307.5420000000001,1310.313
2014-04-15 07:45:00,1310.3,1311.741,1310.246,1310.6819999999998
2014-04-15 08:00:00,1310.662,1312.159,1310.527,1311.941
2014-04-15 08:15:00,1311.9569999999999,1312.086,1310.475,1310.834
2014-04-15 08:30:00,1310.8285,1311.303,1309.5874999999999,1310.1395
2014-04-15 08:45:00,1310.1595,1311.451,1309.4365,1311.303
2014-04-15 09:00:00,1311.273,1311.707,1310.218,1310.98
2014-04-15 09:15:00,1310.994,1312.044,1310.815,1311.581
2014-04-15 09:30:00,1311.596,1312.075,1310.885,1311.438
2014-04-15 09:45:00,1311.423,1311.6299999999999,1307.8625,1308.553
2014-04-15 10:00:00,1308.5615,1309.677,1307.877,1309.263
2014-04-15 10:15:00,1309.2404999999999,1309.4585,1307.341,1307.843
2014-04-15 10:30:00,1307.8105,1308.1625,1302.5314999999998,1304.607
2014-04-15 10:45:00,1304.593,1304.593,1303.1475,1303.5475
2014-04-15 11:00:00,1303.4985,1305.6509999999998,1303.1395,1305.039
2014-04-15 11:15:00,1305.066,1305.9950000000001,1305.026,1305.875
2014-04-15 11:30:00,1305.892,1305.922,1304.32,1304.8135
2014-04-15 11:45:00,1304.8600000000001,1305.2849999999999,1301.669,1302.5330000000001
2014-04-15 12:00:00,1302.4255,1304.1675000000002,1301.3639999999998,1303.24
2014-04-15 12:15:00,1303.23,1303.3654999999999,1284.7335,1290.95
2014-04-15 12:30:00,1290.9545,1294.3645,1289.5824999999998,1291.8174999999999
2014-04-15 12:45:00,1291.844,1294.91,1291.734,1294.2955
2014-04-15 13:00:00,1294.295,1296.146,1293.717,1293.867
2014-04-15 13:15:00,1293.8970000000002,1296.169,1293.373,1295.1119999999999
2014-04-15 13:30:00,1295.1505000000002,1296.2105000000001,1293.9830000000002,1294.077
2014-04-15 13:45:00,1294.062,1295.105,1293.262,1295.0585
2014-04-15 14:00:00,1294.9505,1301.183,1294.462,1300.6074999999998
2014-04-15 14:15:00,1300.6,1300.911,1297.6445,1299.166
2014-04-15 14:30:00,1299.2160000000001,1302.0965,1298.867,1299.4189999999999
2014-04-15 14:45:00,1299.3970000000002,1303.2640000000001,1299.284,1302.4255
2014-04-15 15:00:00,1302.432,1303.146,1301.736,1302.2549999999999
2014-04-15 15:15:00,1302.2015,1302.691,1300.468,1300.9450000000002
2014-04-15 15:30:00,1300.989,1304.3665,1300.745,1303.865
2014-04-15 15:45:00,1303.88,1303.965,1303.107,1303.3149999999998
2014-04-15 16:00:00,1303.3349999999998,1304.43,1302.5870000000002,1302.6019999999999
2014-04-15 16:15:00,1302.6150000000002,1303.105,1302.094,1302.585
2014-04-15 16:30:00,1302.599,1304.0430000000001,1302.5175000000002,1303.625
2014-04-15 16:45:00,1303.6375,1304.069,1303.513,1303.899
2014-04-15 17:00:00,1303.919,1304.339,1302.671,1303.3210000000001
2014-04-15 17:15:00,1303.3200000000002,1303.3300000000002,1299.746,1299.896
2014-04-15 17:30:00,1299.9505,1301.277,1299.855,1300.7259999999999
2014-04-15 17:45:00,1300.733,1302.666,1300.2404999999999,1302.441
2014-04-15 18:00:00,1302.463,1303.055,1301.357,1301.4759999999999
2014-04-15 18:15:00,1301.435,1302.924,1301.263,1302.8939999999998
2014-04-15 18:30:00,1302.886,1303.205,1302.05,1302.4840000000002
2014-04-15 18:45:00,1302.497,1302.6675,1301.918,1302.5020000000002
2014-04-15 19:00:00,1302.478,1303.0,1302.1419999999998,1302.8135
2014-04-15 19:15:00,1302.8145,1304.218,1302.8145,1304.1284999999998
2014-04-15 19:30:00,1304.0849999999998,1304.6095,1303.633,1304.219
2014-04-15 19:45:00,1304.221,1304.5645,1302.5379999999998,1302.778
2014-04-15 20:00:00,1302.8215,1303.271,1302.708,1302.7279999999998
2014-04-15 20:15:00,1302.74,1303.0045,1302.487,1302.8205
2014-04-15 20:30:00,1302.8135,1303.089,1302.798,1302.8465
2014-04-15 20:45:00,1302.8715,1302.8845000000001,1302.5110000000002,1302.5110000000002
2014-04-15 21:00:00,1302.5430000000001,1302.904,1302.436,1302.4950000000001
2014-04-15 23:00:00,1302.8749999999998,1303.075,1301.7469999999998,1302.1329999999998
2014-04-15 23:15:00,1302.1325,1303.212,1302.1325,1302.58
2014-04-15 23:30:00,1302.5680000000002,1302.8880000000001,1302.177,1302.7234999999998
2014-04-15 23:45:00,1302.7495,1302.9289999999999,1301.546,1302.871
2014-04-16 01:00:00,1301.96,1302.092,1296.226,1297.0565000000001
2014-04-16 01:15:00,1297.0639999999999,1297.677,1295.834,1297.391
2014-04-16 01:30:00,1297.402,1297.7025,1296.7079999999999,1296.955
2014-04-16 01:45:00,1296.9615000000001,1297.676,1296.5555,1297.626
2014-04-16 02:00:00,1297.575,1298.025,1296.7359999999999,1296.992
2014-04-16 02:15:00,1296.9525,1298.397,1296.833,1298.397
2014-04-16 02:30:00,1298.377,1299.0829999999999,1297.99,1298.824
2014-04-16 02:45:00,1298.8310000000001,1300.132,1298.106,1298.3609999999999
2014-04-16 03:00:00,1298.3195,1299.0230000000001,1297.0469999999998,1297.134
2014-04-16 03:15:00,1297.146,1297.285,1296.461,1297.1585
2014-04-16 03:30:00,1297.167,1298.433,1297.1585,1298.388
2014-04-16 03:45:00,1298.415,1300.022,1298.268,1299.241
2014-04-16 04:00:00,1299.2565,1299.7205,1298.763,1299.72
2014-04-16 04:15:00,1299.653,1301.232,1299.653,1300.1214999999997
2014-04-16 04:30:00,1300.1015,1300.9450000000002,1299.132,1300.056
2014-04-16 04:45:00,1300.036,1300.468,1299.641,1300.201
2014-04-16 05:00:00,1300.211,1301.037,1300.1200000000001,1300.5900000000001
2014-04-16 05:15:00,1300.644,1300.904,1299.857,1300.002
2014-04-16 05:30:00,1300.0325,1300.3515,1298.2350000000001,1298.6560000000002
2014-04-16 05:45:00,1298.658,1298.9775000000002,1297.4920000000002,1298.2089999999998
2014-04-16 06:00:00,1298.17,1298.3049999999998,1296.806,1297.2575
2014-04-16 06:15:00,1297.233,1297.304,1293.6399999999999,1296.076
2014-04-16 06:30:00,1296.056,1302.1480000000001,1296.036,1300.1200000000001
2014-04-16 06:45:00,1300.09,1300.9445,1299.116,1300.152
2014-04-16 07:00:00,1300.1760000000002,1303.413,1299.9940000000001,1301.703
2014-04-16 07:15:00,1301.7265,1303.0605,1301.713,1302.762
2014-04-16 07:30:00,1302.766,1303.586,1302.017,1303.414
2014-04-16 07:45:00,1303.405,1303.405,1301.3439999999998,1301.525
2014-04-16 08:00:00,1301.49,1304.5695,1301.019,1303.6484999999998
2014-04-16 08:15:00,1303.616,1304.532,1303.3090000000002,1303.8105
2014-04-16 08:30:00,1303.7955,1304.325,1302.702,1304.2505
2014-04-16 08:45:00,1304.238,1304.238,1302.7160000000001,1303.289
2014-04-16 09:00:00,1303.2805,1303.5625,1300.0620000000001,1300.0620000000001
2014-04-16 09:15:00,1300.031,1300.5749999999998,1299.039,1299.194
2014-04-16 09:30:00,1299.192,1299.615,1297.9215,1298.882
2014-04-16 09:45:00,1298.896,1301.1490000000001,1298.857,1301.046
2014-04-16 10:00:00,1301.0570000000002,1301.399,1300.041,1300.9370000000001
2014-04-16 10:15:00,1300.9650000000001,1303.7040000000002,1300.911,1302.76
2014-04-16 10:30:00,1302.771,1303.51,1302.365,1303.112
2014-04-16 10:45:00,1303.1000000000001,1304.054,1302.654,1304.0245
2014-04-16 11:00:00,1304.035,1304.171,1302.8970000000002,1303.589
2014-04-16 11:15:00,1303.581,1303.915,1303.102,1303.3059999999998
2014-04-16 11:30:00,1303.3560000000002,1304.328,1303.3560000000002,1303.866
2014-04-16 11:45:00,1303.891,1304.021,1301.431,1301.708
2014-04-16 12:00:00,1301.6860000000001,1301.993,1299.2,1300.287
2014-04-16 12:15:00,1300.2469999999998,1302.454,1299.912,1301.29
2014-04-16 12:30:00,1301.555,1307.1305,1301.333,1304.751
2014-04-16 12:45:00,1304.752,1305.4679999999998,1303.192,1303.7725
2014-04-16 13:00:00,1303.7849999999999,1304.926,1303.57,1303.9305
2014-04-16 13:15:00,1303.9255,1303.9255,1300.875,1301.465
2014-04-16 13:30:00,1301.451,1303.154,1300.0149999999999,1301.209
2014-04-16 13:45:00,1301.1879999999999,1302.028,1300.686,1301.838
2014-04-16 14:00:00,1301.816,1301.98,1299.975,1300.2915
2014-04-16 14:15:00,1300.2835,1300.6695,1297.908,1299.263
2014-04-16 14:30:00,1299.2079999999999,1300.853,1299.0829999999999,1300.6689999999999
2014-04-16 14:45:00,1300.682,1301.238,1299.661,1299.884
2014-04-16 15:00:00,1299.897,1300.8315,1299.559,1299.708
2014-04-16 15:15:00,1299.693,1301.7095,1299.3765,1301.4759999999999
2014-04-16 15:30:00,1301.503,1301.786,1300.805,1301.2920000000001
2014-04-16 15:45:00,1301.262,1301.297,1300.032,1300.1760000000002
2014-04-16 16:00:00,1300.161,1301.184,1299.9695,1301.1655
2014-04-16 16:15:00,1301.1490000000001,1301.9640000000002,1300.8,1301.066
2014-04-16 16:30:00,1301.052,1301.69,1300.7259999999999,1301.466
2014-04-16 16:45:00,1301.481,1302.9769999999999,1301.459,1302.877
2014-04-16 17:00:00,1302.842,1303.2779999999998,1302.2425,1303.0685
2014-04-16 17:15:00,1303.077,1303.568,1302.5590000000002,1303.4569999999999
2014-04-16 17:30:00,1303.402,1303.402,1302.153,1302.648
2014-04-16 17:45:00,1302.661,1302.711,1301.848,1302.1799999999998
2014-04-16 18:00:00,1302.1660000000002,1302.1885000000002,1301.303,1301.7430000000002
2014-04-16 18:15:00,1301.7195000000002,1301.856,1301.214,1301.6860000000001
2014-04-16 18:30:00,1301.6770000000001,1302.5700000000002,1301.3729999999998,1302.135
2014-04-16 18:45:00,1302.1470000000002,1302.95,1301.941,1302.8325
2014-04-16 19:00:00,1302.827,1302.9495000000002,1302.323,1302.765
2014-04-16 19:15:00,1302.79,1302.8485,1301.941,1302.1409999999998
2014-04-16 19:30:00,1302.063,1302.463,1301.8505,1302.1460000000002
2014-04-16 19:45:00,1302.1589999999999,1303.2665000000002,1301.966,1303.2540000000001
2014-04-16 20:00:00,1303.247,1303.2525,1302.069,1302.1090000000002
2014-04-16 20:15:00,1302.121,1302.223,1301.8170000000002,1301.881
2014-04-16 20:30:00,1301.9005,1302.837,1301.9005,1302.6060000000002
2014-04-16 20:45:00,1302.619,1302.796,1302.3509999999999,1302.469
2014-04-16 21:00:00,1302.443,1302.586,1301.9859999999999,1302.373
2014-04-16 23:00:00,1302.6995,1302.875,1302.5245,1302.6299999999999
2014-04-16 23:15:00,1302.632,1303.04,1302.572,1302.9199999999998
2014-04-16 23:30:00,1302.825,1303.384,1302.825,1303.37
2014-04-16 23:45:00,1303.3819999999998,1303.89,1303.144,1303.8
2014-04-17 01:00:00,1303.3020000000001,1303.3695,1300.745,1301.855
2014-04-17 01:15:00,1301.835,1301.835,1301.0030000000002,1301.7559999999999
2014-04-17 01:30:00,1301.7440000000001,1302.292,1301.614,1302.045
2014-04-17 01:45:00,1302.056,1302.1280000000002,1300.991,1301.037
2014-04-17 02:00:00,1301.0249999999999,1301.3609999999999,1300.6170000000002,1300.866
2014-04-17 02:15:00,1300.855,1301.17,1300.721,1301.144
2014-04-17 02:30:00,1301.12,1301.612,1300.906,1301.3020000000001
2014-04-17 02:45:00,1301.286,1301.558,1300.9499999999998,1301.3429999999998
2014-04-17 03:00:00,1301.357,1301.9560000000001,1301.272,1301.647
2014-04-17 03:15:00,1301.661,1301.6965,1301.4230000000002,1301.566
2014-04-17 03:30:00,1301.569,1301.679,1301.2920000000001,1301.502
2014-04-17 03:45:00,1301.492,1301.674,1301.12,1301.19
2014-04-17 04:00:00,1301.1779999999999,1301.3339999999998,1300.719,1301.217
2014-04-17 04:15:00,1301.234,1301.4389999999999,1300.9370000000001,1301.241
2014-04-17 04:30:00,1301.229,1301.263,1301.0300000000002,1301.15
2014-04-17 04:45:00,1301.138,1301.138,1299.7669999999998,1300.2555000000002
2014-04-17 05:00:00,1300.25,1300.469,1299.964,1300.465
2014-04-17 05:15:00,1300.477,1300.477,1300.051,1300.221
2014-04-17 05:30:00,1300.1899999999998,1302.092,1300.069,1301.3809999999999
2014-04-17 05:45:00,1301.3609999999999,1301.8229999999999,1301.296,1301.503
2014-04-17 06:00:00,1301.475,1301.877,1301.151,1301.679
2014-04-17 06:15:00,1301.676,1301.691,1300.791,1300.895
2014-04-17 06:30:00,1300.9070000000002,1301.21,1297.8159999999998,1297.971
2014-04-17 06:45:00,1297.9859999999999,1298.466,1296.65,1297.1205000000002
2014-04-17 07:00:00,1297.198,1299.4814999999999,1296.804,1298.754
2014-04-17 07:15:00,1298.8245,1299.2035,1296.7749999999999,1297.704
2014-04-17 07:30:00,1297.722,1299.3210000000001,1297.353,1298.9699999999998
2014-04-17 07:45:00,1298.9830000000002,1300.3905,1298.881,1298.9609999999998
2014-04-17 08:00:00,1298.949,1298.949,1297.559,1298.724
2014-04-17 08:15:00,1298.7079999999999,1299.257,1297.8310000000001,1299.157
2014-04-17 08:30:00,1299.1835,1299.4759999999999,1298.576,1298.833
2014-04-17 08:45:00,1298.8120000000001,1299.0819999999999,1298.2040000000002,1298.3165
2014-04-17 09:00:00,1298.307,1298.9885000000002,1297.7565,1297.8590000000002
2014-04-17 09:15:00,1297.8449999999998,1298.169,1297.0639999999999,1298.1075
2014-04-17 09:30:00,1298.031,1299.7455,1298.03,1299.7250000000001
2014-04-17 09:45:00,1299.7530000000002,1299.7679999999998,1298.16,1298.792
2014-04-17 10:00:00,1298.807,1299.01,1298.172,1298.396
2014-04-17 10:15:00,1298.378,1298.6360000000002,1298.022,1298.5420000000001
2014-04-17 10:30:00,1298.53,1299.3535,1298.471,1298.958
2014-04-17 10:45:00,1298.9470000000001,1299.0410000000002,1298.387,1298.466
2014-04-17 11:00:00,1298.481,1300.6209999999999,1298.273,1299.599
2014-04-17 11:15:00,1299.5835,1301.642,1299.391,1301.53
2014-04-17 11:30:00,1301.546,1303.78,1301.3210000000001,1302.817
2014-04-17 11:45:00,1302.835,1304.216,1302.7825,1303.399
2014-04-17 12:00:00,1303.3809999999999,1303.473,1302.1885000000002,1302.422
2014-04-17 12:15:00,1302.445,1302.786,1301.616,1301.96
2014-04-17 12:30:00,1302.015,1302.7895,1300.425,1301.4859999999999
2014-04-17 12:45:00,1301.474,1302.3125,1300.267,1301.633
2014-04-17 13:00:00,1301.617,1302.36,1300.7155,1301.9470000000001
2014-04-17 13:15:00,1301.912,1302.665,1301.3690000000001,1301.719
2014-04-17 13:30:00,1301.7420000000002,1303.149,1301.3020000000001,1301.664
2014-04-17 13:45:00,1301.6680000000001,1302.0520000000001,1301.4144999999999,1301.825
2014-04-17 14:00:00,1301.7495000000001,1301.75,1298.6995,1299.666
2014-04-17 14:15:00,1299.66,1299.7095,1298.386,1299.0044999999998
2014-04-17 14:30:00,1298.9660000000001,1300.17,1298.9215,1299.7309999999998
2014-04-17 14:45:00,1299.7205000000001,1300.316,1299.0059999999999,1299.0310000000002
2014-04-17 15:00:00,1299.072,1299.5605,1298.082,1298.874
2014-04-17 15:15:00,1298.9005,1300.1145000000001,1298.812,1299.4440000000002
2014-04-17 15:30:00,1299.4365,1300.526,1299.193,1300.3025
2014-04-17 15:45:00,1300.286,1300.736,1300.115,1300.1335000000001
2014-04-17 16:00:00,1300.117,1300.2195000000002,1299.0069999999998,1299.3145
2014-04-17 16:15:00,1299.307,1299.711,1298.487,1298.722
2014-04-17 16:30:00,1298.7020000000002,1298.791,1297.276,1297.8325
2014-04-17 16:45:00,1297.837,1297.9379999999999,1295.1315000000002,1295.626
2014-04-17 17:00:00,1295.6085,1296.004,1293.2645,1294.157
2014-04-17 17:15:00,1294.1515,1294.8345,1293.8310000000001,1294.298
2014-04-17 17:30:00,1294.3229999999999,1294.5895,1293.836,1294.3305
2014-04-17 17:45:00,1294.337,1295.596,1294.3220000000001,1295.584
2014-04-17 18:00:00,1295.5770000000002,1295.8819999999998,1294.137,1294.277
2014-04-17 18:15:00,1294.2920000000001,1294.902,1294.186,1294.227
2014-04-17 18:30:00,1294.2145,1295.433,1294.189,1295.3325
2014-04-17 18:45:00,1295.3210000000001,1296.018,1295.136,1295.594
2014-04-17 19:00:00,1295.6565,1296.0910000000001,1294.712,1295.022
2014-04-17 19:15:00,1295.0,1295.0929999999998,1294.8229999999999,1294.889
2014-04-17 19:30:00,1294.878,1295.073,1294.303,1294.858
2014-04-17 19:45:00,1294.8135,1295.5045,1294.468,1294.932
2014-04-17 20:00:00,1294.957,1295.242,1293.6035,1294.07
2014-04-17 20:15:00,1294.052,1295.302,1293.9579999999999,1294.937
2014-04-17 20:30:00,1294.927,1295.348,1294.848,1295.0455
2014-04-17 20:45:00,1295.05,1295.21,1294.5,1295.1350000000002
2014-04-17 21:00:00,1295.186,1295.82,1294.884,1295.626
2014-04-20 21:45:00,1298.5,1298.5,1298.5,1298.5
2014-04-20 22:00:00,1298.5,1298.5,1298.5,1298.5
2014-04-20 22:45:00,1292.0480000000002,1294.5294999999999,1292.0480000000002,1294.2345
2014-04-20 23:00:00,1294.2250000000001,1294.3145,1292.927,1292.963
2014-04-20 23:15:00,1293.063,1293.078,1291.397,1292.3600000000001
2014-04-20 23:30:00,1292.3500000000001,1292.575,1291.569,1292.4365000000003
2014-04-20 23:45:00,1292.4115000000002,1292.4695,1291.583,1291.82
2014-04-21 01:00:00,1298.55,1298.885,1291.6375,1292.1699999999998
2014-04-21 01:15:00,1292.2095,1292.7845000000002,1285.894,1289.2749999999999
2014-04-21 01:30:00,1289.3094999999998,1290.325,1287.145,1288.8290000000002
2014-04-21 01:45:00,1288.809,1289.018,1286.069,1286.8410000000001
2014-04-21 02:00:00,1286.786,1286.786,1281.9975,1283.7879999999998
2014-04-21 02:15:00,1283.7824999999998,1285.267,1283.16,1285.193
2014-04-21 02:30:00,1285.174,1289.1215,1285.129,1286.206
2014-04-21 02:45:00,1286.2124999999999,1287.327,1284.264,1284.6105
2014-04-21 03:00:00,1284.615,1286.111,1284.27,1285.565
2014-04-21 03:15:00,1285.582,1286.803,1285.464,1286.234
2014-04-21 03:30:00,1286.266,1287.586,1285.546,1286.297
2014-04-21 03:45:00,1286.313,1287.021,1286.015,1286.264
2014-04-21 04:00:00,1286.287,1287.2869999999998,1286.2179999999998,1286.9399999999998
2014-04-21 04:15:00,1286.955,1287.859,1286.496,1287.063
2014-04-21 04:30:00,1287.05,1287.05,1284.9550000000002,1285.4320000000002
2014-04-21 04:45:00,1285.445,1285.841,1285.048,1285.8029999999999
2014-04-21 05:00:00,1285.827,1285.927,1284.9789999999998,1285.5
2014-04-21 05:15:00,1285.488,1286.308,1285.271,1286.238
2014-04-21 05:30:00,1286.2269999999999,1287.3799999999999,1285.962,1286.5220000000002
2014-04-21 05:45:00,1286.533,1286.645,1285.63,1285.95
2014-04-21 06:00:00,1285.952,1286.1965000000002,1284.5600000000002,1286.1315
2014-04-21 06:15:00,1286.1290000000001,1286.519,1285.323,1285.768
2014-04-21 06:30:00,1285.75,1287.962,1284.3600000000001,1286.79
2014-04-21 06:45:00,1286.7705,1287.855,1286.7250000000001,1286.9389999999999
2014-04-21 07:00:00,1286.9209999999998,1287.117,1286.683,1286.797
2014-04-21 07:15:00,1286.827,1288.124,1286.6970000000001,1287.693
2014-04-21 07:30:00,1287.7130000000002,1287.783,1286.992,1287.3519999999999
2014-04-21 07:45:00,1287.422,1289.373,1287.422,1287.857
2014-04-21 08:00:00,1287.912,1288.4554999999998,1286.9620000000002,1288.213
2014-04-21 08:15:00,1288.2185,1288.7889999999998,1287.024,1287.589
2014-04-21 08:30:00,1287.5805,1291.3345,1287.385,1288.519
2014-04-21 08:45:00,1288.5159999999998,1289.2849999999999,1287.367,1288.425
2014-04-21 09:00:00,1288.4650000000001,1288.81,1287.465,1287.587
2014-04-21 09:15:00,1287.569,1289.2489999999998,1287.547,1287.651
2014-04-21 09:30:00,1287.6349999999998,1288.6770000000001,1287.2930000000001,1287.798
2014-04-21 09:45:00,1287.8129999999999,1288.4715,1287.407,1288.34
2014-04-21 10:00:00,1288.24,1288.385,1287.875,1288.0800000000002
2014-04-21 10:15:00,1288.095,1288.75,1287.637,1288.324
2014-04-21 10:30:00,1288.339,1288.4715,1287.613,1287.74
2014-04-21 10:45:00,1287.729,1287.753,1286.357,1286.367
2014-04-21 11:00:00,1286.3120000000001,1287.455,1286.154,1286.5085000000001
2014-04-21 11:15:00,1286.4080000000001,1286.614,1285.5405,1285.557
2014-04-21 11:30:00,1285.545,1285.9460000000001,1283.855,1285.0024999999998
2014-04-21 11:45:00,1285.011,1285.194,1283.4060000000002,1283.739
2014-04-21 12:00:00,1283.73,1286.1570000000002,1283.085,1284.696
2014-04-21 12:15:00,1284.7095,1287.029,1283.0955,1287.0245
2014-04-21 12:30:00,1287.0545,1288.0230000000001,1286.1789999999999,1287.877
2014-04-21 12:45:00,1287.9,1289.084,1287.845,1288.8645000000001
2014-04-21 13:00:00,1288.8719999999998,1294.012,1287.624,1291.059
2014-04-21 13:15:00,1291.079,1291.1709999999998,1287.1154999999999,1287.645
2014-04-21 13:30:00,1287.6850000000002,1289.3654999999999,1287.6850000000002,1289.2669999999998
2014-04-21 13:45:00,1289.2859999999998,1290.5069999999998,1286.9340000000002,1287.5204999999999
2014-04-21 14:00:00,1287.5255,1288.187,1285.9495,1286.015
2014-04-21 14:15:00,1286.1100000000001,1287.432,1285.0339999999999,1285.6535000000001
2014-04-21 14:30:00,1285.6585,1286.7805,1284.9650000000001,1286.7805
2014-04-21 14:45:00,1286.783,1287.415,1285.973,1287.036
2014-04-21 15:00:00,1287.046,1287.214,1286.2925,1286.5365000000002
2014-04-21 15:15:00,1286.4999999999998,1287.8895,1286.4854999999998,1287.215
2014-04-21 15:30:00,1287.19,1287.8145,1286.7245,1286.8295
2014-04-21 15:45:00,1286.9244999999999,1287.5095,1285.782,1286.1444999999999
2014-04-21 16:00:00,1286.1499999999999,1286.626,1285.994,1286.5224999999998
2014-04-21 16:15:00,1286.548,1286.875,1285.6475,1286.7205000000001
2014-04-21 16:30:00,1286.756,1287.8890000000001,1286.539,1287.444
2014-04-21 16:45:00,1287.395,1287.77,1286.6045,1287.2435
2014-04-21 17:00:00,1287.253,1289.21,1287.039,1288.3705
2014-04-21 17:15:00,1288.439,1289.893,1288.174,1288.2740000000001
2014-04-21 17:30:00,1288.299,1289.2240000000002,1288.2740000000001,1289.2240000000002
2014-04-21 17:45:00,1289.2469999999998,1289.7740000000001,1288.749,1289.362
2014-04-21 18:00:00,1289.386,1290.0044999999998,1288.5555,1289.0685
2014-04-21 18:15:00,1289.057,1289.403,1288.9735,1289.0955
2014-04-21 18:30:00,1289.113,1289.6280000000002,1289.113,1289.2530000000002
2014-04-21 18:45:00,1289.2379999999998,1289.355,1289.162,1289.2575000000002
2014-04-21 19:00:00,1289.269,1289.63,1288.8929999999998,1289.1015
2014-04-21 19:15:00,1289.0964999999999,1289.179,1288.7355,1288.9965
2014-04-21 19:30:00,1289.015,1289.7965,1289.015,1289.5965
2014-04-21 19:45:00,1289.5915,1290.0539999999999,1289.5915,1290.0289999999998
2014-04-21 20:00:00,1289.9850000000001,1290.499,1289.873,1290.242
2014-04-21 20:15:00,1290.257,1290.292,1289.767,1289.929
2014-04-21 20:30:00,1289.996,1290.1589999999999,1289.6290000000001,1290.0639999999999
2014-04-21 20:45:00,1290.0790000000002,1290.268,1289.734,1289.764
2014-04-21 21:00:00,1289.744,1289.7839999999999,1289.744,1289.7839999999999
2014-04-21 22:00:00,1290.1945,1290.405,1289.774,1290.095
2014-04-21 22:15:00,1290.0960000000002,1290.108,1289.78,1289.86
2014-04-21 22:30:00,1289.849,1289.962,1289.78,1289.846
2014-04-21 22:45:00,1289.859,1289.863,1289.422,1289.5705
2014-04-21 23:00:00,1289.5605,1289.7505,1289.5555,1289.7259999999999
2014-04-21 23:15:00,1289.7069999999999,1289.79,1289.378,1289.4759999999999
2014-04-21 23:30:00,1289.494,1289.617,1289.316,1289.54
2014-04-21 23:45:00,1289.528,1289.806,1289.2700000000002,1289.588
2014-04-22 01:00:00,1287.652,1287.7220000000002,1285.919,1286.779
2014-04-22 01:15:00,1286.769,1287.163,1286.172,1286.215
2014-04-22 01:30:00,1286.1750000000002,1288.775,1286.1750000000002,1288.721
2014-04-22 01:45:00,1288.71,1289.1825000000001,1288.269,1288.624
2014-04-22 02:00:00,1288.65,1288.674,1287.772,1288.035
2014-04-22 02:15:00,1288.021,1288.778,1286.721,1287.224
2014-04-22 02:30:00,1287.239,1287.489,1286.356,1286.5819999999999
2014-04-22 02:45:00,1286.6019999999999,1287.2340000000002,1286.1329999999998,1286.8020000000001
2014-04-22 03:00:00,1286.882,1287.2060000000001,1286.5500000000002,1286.5549999999998
2014-04-22 03:15:00,1286.575,1287.761,1286.5449999999998,1287.399
2014-04-22 03:30:00,1287.398,1287.449,1287.1454999999999,1287.3049999999998
2014-04-22 03:45:00,1287.3000000000002,1287.688,1287.3000000000002,1287.563
2014-04-22 04:00:00,1287.604,1288.0040000000001,1287.479,1287.479
2014-04-22 04:15:00,1287.4379999999999,1287.669,1287.2689999999998,1287.617
2014-04-22 04:30:00,1287.6280000000002,1287.669,1286.731,1286.731
2014-04-22 04:45:00,1286.751,1287.248,1286.642,1287.103
2014-04-22 05:00:00,1287.093,1287.539,1286.853,1287.2250000000001
2014-04-22 05:15:00,1287.23,1287.5810000000001,1287.081,1287.3329999999999
2014-04-22 05:30:00,1287.3190000000002,1288.4589999999998,1287.169,1287.595
2014-04-22 05:45:00,1287.575,1291.415,1287.554,1289.724
2014-04-22 06:00:00,1289.712,1290.329,1289.219,1289.321
2014-04-22 06:15:00,1289.316,1292.3819999999998,1288.4419999999998,1290.6399999999999
2014-04-22 06:30:00,1290.666,1291.2469999999998,1289.7110000000002,1291.019
2014-04-22 06:45:00,1291.0095000000001,1291.2099999999998,1290.114,1290.679
2014-04-22 07:00:00,1290.713,1291.906,1289.6319999999998,1290.0590000000002
2014-04-22 07:15:00,1290.0780000000002,1290.887,1289.838,1290.4360000000001
2014-04-22 07:30:00,1290.464,1290.594,1288.664,1289.423
2014-04-22 07:45:00,1289.413,1289.45,1288.4115,1289.3129999999999
2014-04-22 08:00:00,1289.3464999999999,1290.1895,1289.1925,1290.1695
2014-04-22 08:15:00,1290.146,1290.231,1288.873,1289.997
2014-04-22 08:30:00,1289.9845,1290.396,1289.658,1289.972
2014-04-22 08:45:00,1289.9325,1291.137,1289.843,1290.685
2014-04-22 09:00:00,1290.653,1291.808,1290.6299999999999,1291.426
2014-04-22 09:15:00,1291.411,1292.604,1291.315,1291.4975
2014-04-22 09:30:00,1291.498,1291.564,1290.3145,1290.79
2014-04-22 09:45:00,1290.8100000000002,1291.2459999999999,1290.627,1291.0485
2014-04-22 10:00:00,1291.0415,1291.5330000000001,1290.526,1290.899
2014-04-22 10:15:00,1290.887,1291.161,1290.608,1291.06
2014-04-22 10:30:00,1291.047,1291.9550000000002,1290.634,1291.831
2014-04-22 10:45:00,1291.845,1292.3055,1291.4565,1291.498
2014-04-22 11:00:00,1291.4775,1291.493,1290.7879999999998,1291.115
2014-04-22 11:15:00,1291.1580000000001,1291.85,1291.04,1291.1999999999998
2014-04-22 11:30:00,1291.1835,1292.095,1291.077,1291.6260000000002
2014-04-22 11:45:00,1291.6109999999999,1291.811,1290.503,1290.655
2014-04-22 12:00:00,1290.605,1291.052,1289.775,1291.0
2014-04-22 12:15:00,1290.9935,1292.874,1290.1915000000001,1291.592
2014-04-22 12:30:00,1291.6119999999999,1291.949,1288.316,1288.628
2014-04-22 12:45:00,1288.5819999999999,1289.809,1288.4235,1289.34
2014-04-22 13:00:00,1289.3305,1289.3305,1287.335,1287.945
2014-04-22 13:15:00,1287.905,1288.8400000000001,1287.597,1288.721
2014-04-22 13:30:00,1288.706,1288.8504999999998,1287.96,1288.1775
2014-04-22 13:45:00,1288.1725,1288.6285,1287.7365000000002,1287.875
2014-04-22 14:00:00,1287.8905,1288.43,1286.3115,1287.7359999999999
2014-04-22 14:15:00,1287.721,1287.7715,1283.268,1283.7759999999998
2014-04-22 14:30:00,1283.768,1283.768,1280.776,1280.871
2014-04-22 14:45:00,1280.866,1282.5569999999998,1279.69,1282.0
2014-04-22 15:00:00,1281.99,1283.5065,1281.4689999999998,1283.217
2014-04-22 15:15:00,1283.202,1283.247,1281.661,1281.7015
2014-04-22 15:30:00,1281.7005,1282.028,1276.9575,1279.683
2014-04-22 15:45:00,1279.698,1281.1009999999999,1279.205,1280.683
2014-04-22 16:00:00,1280.6879999999999,1281.325,1280.293,1281.149
2014-04-22 16:15:00,1281.1005,1282.462,1280.85,1281.75
2014-04-22 16:30:00,1281.747,1281.8709999999999,1281.244,1281.6775
2014-04-22 16:45:00,1281.672,1282.3385,1281.5529999999999,1281.602
2014-04-22 17:00:00,1281.59,1281.666,1280.531,1281.148
2014-04-22 17:15:00,1281.136,1281.34,1280.625,1281.248
2014-04-22 17:30:00,1281.264,1282.2230000000002,1281.253,1282.074
2014-04-22 17:45:00,1282.087,1282.327,1281.6215,1281.644
2014-04-22 18:00:00,1281.688,1282.839,1281.4830000000002,1282.5720000000001
2014-04-22 18:15:00,1282.5579999999998,1283.523,1282.456,1283.218
2014-04-22 18:30:00,1283.233,1283.4150000000002,1282.895,1282.897
2014-04-22 18:45:00,1282.9080000000001,1283.01,1282.781,1283.0
2014-04-22 19:00:00,1282.982,1283.1209999999999,1282.861,1283.0159999999998
2014-04-22 19:15:00,1283.005,1283.436,1282.9920000000002,1283.3870000000002
2014-04-22 19:30:00,1283.3899999999999,1284.253,1283.3899999999999,1284.2079999999999
2014-04-22 19:45:00,1284.223,1285.74,1284.112,1284.9755
2014-04-22 20:00:00,1284.971,1285.1985,1284.367,1284.387
2014-04-22 20:15:00,1284.412,1284.8700000000001,1284.317,1284.4850000000001
2014-04-22 20:30:00,1284.4950000000001,1284.675,1284.095,1284.338
2014-04-22 20:45:00,1284.329,1284.5009999999997,1283.649,1283.765
2014-04-22 21:00:00,1283.7949999999998,1283.8139999999999,1283.7820000000002,1283.8139999999999
2014-04-22 22:00:00,1284.2045,1284.642,1283.515,1284.348
2014-04-22 22:15:00,1284.324,1284.366,1283.8280000000002,1283.954
2014-04-22 22:30:00,1283.927,1284.164,1283.079,1283.189
2014-04-22 22:45:00,1283.209,1283.906,1283.0500000000002,1283.75
2014-04-22 23:00:00,1283.775,1284.1000000000001,1283.3500000000001,1283.704
2014-04-22 23:15:00,1283.702,1284.092,1283.527,1283.7579999999998
2014-04-22 23:30:00,1283.691,1284.9440000000002,1283.665,1284.671
2014-04-22 23:45:00,1284.709,1284.905,1284.352,1284.905
2014-04-23 01:00:00,1284.5980000000002,1285.809,1283.506,1285.3680000000002
2014-04-23 01:15:00,1285.388,1287.3370000000002,1284.924,1285.945
2014-04-23 01:30:00,1285.965,1286.332,1285.306,1285.525
2014-04-23 01:45:00,1285.52,1285.924,1284.004,1284.426
2014-04-23 02:00:00,1284.414,1285.536,1284.414,1284.766
2014-04-23 02:15:00,1284.769,1285.498,1284.728,1284.9489999999998
2014-04-23 02:30:00,1284.91,1285.262,1284.003,1284.509
2014-04-23 02:45:00,1284.529,1284.731,1283.9805000000001,1284.4085
2014-04-23 03:00:00,1284.445,1284.6789999999999,1284.14,1284.434
2014-04-23 03:15:00,1284.454,1285.3310000000001,1284.381,1284.8745000000001
2014-04-23 03:30:00,1284.8685,1284.9720000000002,1284.6965,1284.793
2014-04-23 03:45:00,1284.8045,1285.0065,1284.233,1284.463
2014-04-23 04:00:00,1284.478,1284.703,1284.077,1284.1819999999998
2014-04-23 04:15:00,1284.192,1284.5205,1284.1654999999998,1284.307
2014-04-23 04:30:00,1284.336,1285.48,1284.101,1285.014
2014-04-23 04:45:00,1285.0259999999998,1285.2630000000001,1284.857,1284.9779999999998
2014-04-23 05:00:00,1284.9795,1285.2450000000001,1284.6689999999999,1285.144
2014-04-23 05:15:00,1285.131,1285.481,1285.0865,1285.472
2014-04-23 05:30:00,1285.449,1285.84,1284.823,1285.02
2014-04-23 05:45:00,1285.008,1285.1779999999999,1284.6080000000002,1284.7255
2014-04-23 06:00:00,1284.718,1284.8015,1284.216,1284.3195
2014-04-23 06:15:00,1284.356,1284.3975,1283.5049999999999,1284.2404999999999
2014-04-23 06:30:00,1284.235,1284.919,1282.2685,1282.712
2014-04-23 06:45:00,1282.701,1285.468,1282.512,1284.4355
2014-04-23 07:00:00,1284.3945,1284.805,1283.694,1284.0149999999999
2014-04-23 07:15:00,1284.0455,1285.535,1283.683,1284.8745000000001
2014-04-23 07:30:00,1284.88,1285.689,1284.405,1285.064
2014-04-23 07:45:00,1285.0685,1285.12,1284.313,1284.875
2014-04-23 08:00:00,1284.846,1285.0104999999999,1283.9385,1284.1850000000002
2014-04-23 08:15:00,1284.2659999999998,1284.449,1283.4334999999999,1283.881
2014-04-23 08:30:00,1283.8795,1285.4569999999999,1283.703,1284.718
2014-04-23 08:45:00,1284.704,1285.039,1284.1190000000001,1284.413
2014-04-23 09:00:00,1284.414,1285.2505,1284.31,1284.404
2014-04-23 09:15:00,1284.3600000000001,1284.61,1283.7679999999998,1283.8509999999999
2014-04-23 09:30:00,1283.8654999999999,1284.4685,1283.217,1284.3275
2014-04-23 09:45:00,1284.3175,1286.2224999999999,1284.0175,1285.436
2014-04-23 10:00:00,1285.454,1286.1315000000002,1285.201,1285.828
2014-04-23 10:15:00,1285.811,1286.3310000000001,1285.4515,1286.034
2014-04-23 10:30:00,1286.02,1287.067,1285.749,1286.607
2014-04-23 10:45:00,1286.6085,1288.9265,1286.4619999999998,1287.3100000000002
2014-04-23 11:00:00,1287.3505,1287.631,1286.875,1286.9995
2014-04-23 11:15:00,1287.003,1287.5855,1286.4930000000002,1287.2515
2014-04-23 11:30:00,1287.242,1287.5945,1286.862,1287.3705
2014-04-23 11:45:00,1287.378,1289.084,1287.3055000000002,1288.4560000000001
2014-04-23 12:00:00,1288.458,1288.716,1286.814,1287.186
2014-04-23 12:15:00,1287.209,1287.7169999999999,1286.8700000000001,1287.627
2014-04-23 12:30:00,1287.616,1287.6670000000001,1284.229,1285.06
2014-04-23 12:45:00,1285.075,1286.1309999999999,1285.0049999999999,1285.915
2014-04-23 13:00:00,1285.93,1286.942,1284.046,1284.722
2014-04-23 13:15:00,1284.705,1284.75,1283.638,1284.055
2014-04-23 13:30:00,1284.074,1285.146,1283.781,1284.1305
2014-04-23 13:45:00,1284.1505000000002,1284.6589999999999,1283.6490000000001,1284.345
2014-04-23 14:00:00,1284.3545000000001,1286.7134999999998,1284.3545000000001,1284.7095
2014-04-23 14:15:00,1284.7185,1284.8155,1282.802,1283.395
2014-04-23 14:30:00,1283.3715,1283.3715,1280.992,1281.7975000000001
2014-04-23 14:45:00,1281.7869999999998,1283.3555000000001,1281.701,1283.131
2014-04-23 15:00:00,1283.071,1284.439,1282.82,1284.325
2014-04-23 15:15:00,1284.2925,1284.4275,1283.7160000000001,1283.952
2014-04-23 15:30:00,1283.933,1284.2259999999999,1283.5964999999999,1283.7250000000001
2014-04-23 15:45:00,1283.7160000000001,1285.017,1283.376,1284.844
2014-04-23 16:00:00,1284.84,1285.315,1284.6315,1284.642
2014-04-23 16:15:00,1284.6620000000003,1284.938,1283.303,1283.7990000000002
2014-04-23 16:30:00,1283.7765000000002,1283.7990000000002,1283.136,1283.681
2014-04-23 16:45:00,1283.669,1283.916,1283.1935,1283.3825000000002
2014-04-23 17:00:00,1283.3899999999999,1283.8139999999999,1282.596,1283.32
2014-04-23 17:15:00,1283.3215,1284.794,1283.3215,1284.794
2014-04-23 17:30:00,1284.8555000000001,1284.962,1284.2189999999998,1284.7945
2014-04-23 17:45:00,1284.785,1284.8984999999998,1284.1629999999998,1284.1629999999998
2014-04-23 18:00:00,1284.1574999999998,1284.34,1283.6085,1284.095
2014-04-23 18:15:00,1284.1135,1284.307,1283.8145000000002,1284.1770000000001
2014-04-23 18:30:00,1284.2195,1284.5929999999998,1284.2069999999999,1284.267
2014-04-23 18:45:00,1284.286,1284.614,1283.8619999999999,1284.6009999999999
2014-04-23 19:00:00,1284.6019999999999,1285.152,1284.468,1284.74
2014-04-23 19:15:00,1284.734,1285.4130000000002,1284.205,1285.2730000000001
2014-04-23 19:30:00,1285.2930000000001,1285.388,1284.682,1284.7435
2014-04-23 19:45:00,1284.75,1285.167,1284.261,1284.6599999999999
2014-04-23 20:00:00,1284.671,1284.9679999999998,1284.376,1284.4470000000001
2014-04-23 20:15:00,1284.431,1284.675,1284.362,1284.377
2014-04-23 20:30:00,1284.362,1284.4470000000001,1284.041,1284.101
2014-04-23 20:45:00,1284.012,1284.085,1283.664,1283.849
2014-04-23 21:00:00,1283.858,1283.858,1283.858,1283.858
2014-04-23 22:00:00,1283.825,1284.377,1283.7589999999998,1283.8485
2014-04-23 22:15:00,1283.8464999999999,1284.038,1283.435,1284.016
2014-04-23 22:30:00,1283.921,1283.972,1283.3880000000001,1283.3899999999999
2014-04-23 22:45:00,1283.408,1284.5099999999998,1283.308,1284.1
2014-04-23 23:00:00,1284.05,1284.6665,1283.2,1284.5330000000001
2014-04-23 23:15:00,1284.518,1285.062,1284.518,1284.9689999999998
2014-04-23 23:30:00,1284.989,1285.085,1284.673,1284.739
2014-04-23 23:45:00,1284.731,1284.866,1284.173,1284.1770000000001
2014-04-24 01:00:00,1284.406,1286.265,1283.7849999999999,1285.49
2014-04-24 01:15:00,1285.451,1285.86,1285.3570000000002,1285.6725000000001
2014-04-24 01:30:00,1285.6870000000001,1286.291,1285.3950000000002,1285.645
2014-04-24 01:45:00,1285.6375,1286.0769999999998,1285.3310000000001,1286.048
2014-04-24 02:00:00,1286.063,1286.665,1285.862,1286.4560000000001
2014-04-24 02:15:00,1286.4840000000002,1286.8020000000001,1285.598,1285.876
2014-04-24 02:30:00,1285.8595,1286.595,1285.6680000000001,1286.5680000000002
2014-04-24 02:45:00,1286.5615,1286.689,1286.283,1286.338
2014-04-24 03:00:00,1286.3245,1286.694,1286.2259999999999,1286.627
2014-04-24 03:15:00,1286.615,1286.95,1286.1779999999999,1286.9060000000002
2014-04-24 03:30:00,1286.894,1287.104,1286.775,1287.069
2014-04-24 03:45:00,1287.057,1287.229,1286.444,1286.6399999999999
2014-04-24 04:00:00,1286.613,1286.988,1286.5130000000001,1286.861
2014-04-24 04:15:00,1286.824,1286.8739999999998,1286.5629999999999,1286.653
2014-04-24 04:30:00,1286.668,1286.689,1286.201,1286.308
2014-04-24 04:45:00,1286.2955,1286.617,1286.2955,1286.392
2014-04-24 05:00:00,1286.3049999999998,1286.548,1285.3850000000002,1285.463
2014-04-24 05:15:00,1285.433,1286.176,1285.296,1285.3110000000001
2014-04-24 05:30:00,1285.3249999999998,1286.282,1285.237,1285.985
2014-04-24 05:45:00,1285.974,1287.114,1285.3580000000002,1287.114
2014-04-24 06:00:00,1287.072,1287.097,1284.508,1285.183
2014-04-24 06:15:00,1285.18,1285.248,1284.304,1284.753
2014-04-24 06:30:00,1284.7559999999999,1285.347,1284.42,1285.249
2014-04-24 06:45:00,1285.23,1286.262,1285.0555,1285.8139999999999
2014-04-24 07:00:00,1285.862,1286.482,1285.479,1286.0980000000002
2014-04-24 07:15:00,1286.106,1286.106,1285.209,1286.0610000000001
2014-04-24 07:30:00,1286.0555000000002,1286.457,1284.873,1284.9675
2014-04-24 07:45:00,1284.9575,1285.3574999999998,1282.536,1284.2865
2014-04-24 08:00:00,1284.2765,1284.4335,1283.701,1284.402
2014-04-24 08:15:00,1284.377,1284.442,1282.967,1283.0230000000001
2014-04-24 08:30:00,1283.0490000000002,1283.631,1281.156,1282.968
2014-04-24 08:45:00,1283.0265000000002,1284.4950000000001,1282.676,1283.679
2014-04-24 09:00:00,1283.646,1284.1215,1283.1889999999999,1284.006
2014-04-24 09:15:00,1284.008,1284.662,1283.675,1284.035
2014-04-24 09:30:00,1284.0924999999997,1284.391,1283.5185,1283.67
2014-04-24 09:45:00,1283.675,1283.993,1283.4679999999998,1283.613
2014-04-24 10:00:00,1283.6315000000002,1283.8460000000002,1281.211,1281.337
2014-04-24 10:15:00,1281.354,1281.564,1277.7575000000002,1278.7259999999999
2014-04-24 10:30:00,1278.7214999999999,1280.6899999999998,1278.426,1279.6485
2014-04-24 10:45:00,1279.6425,1280.749,1276.812,1278.095
2014-04-24 11:00:00,1278.125,1278.125,1269.939,1269.939
2014-04-24 11:15:00,1269.974,1274.3285,1269.6165,1273.2209999999998
2014-04-24 11:30:00,1273.222,1273.2645,1271.026,1271.522
2014-04-24 11:45:00,1271.501,1272.321,1270.7930000000001,1271.749
2014-04-24 12:00:00,1271.7279999999998,1271.863,1270.8135,1271.6889999999999
2014-04-24 12:15:00,1271.6965,1272.4035000000001,1268.636,1271.33
2014-04-24 12:30:00,1271.2800000000002,1274.5149999999999,1269.513,1273.893
2014-04-24 12:45:00,1273.867,1274.4399999999998,1273.082,1273.729
2014-04-24 13:00:00,1273.7495,1276.8965,1273.7495,1274.8020000000001
2014-04-24 13:15:00,1274.827,1276.3680000000002,1274.4579999999999,1275.438
2014-04-24 13:30:00,1275.4445,1284.4645,1275.4445,1284.429
2014-04-24 13:45:00,1284.439,1298.7865,1284.439,1291.981
2014-04-24 14:00:00,1291.933,1296.3519999999999,1291.415,1292.996
2014-04-24 14:15:00,1293.0215,1293.689,1288.721,1288.995
2014-04-24 14:30:00,1288.9085,1290.192,1287.7939999999999,1289.548
2014-04-24 14:45:00,1289.538,1290.6475,1289.426,1289.7404999999999
2014-04-24 15:00:00,1289.7805,1291.536,1288.681,1288.924
2014-04-24 15:15:00,1288.9140000000002,1289.795,1287.827,1289.6644999999999
2014-04-24 15:30:00,1289.6570000000002,1290.3604999999998,1288.377,1289.8385
2014-04-24 15:45:00,1289.88,1291.036,1289.56,1289.964
2014-04-24 16:00:00,1289.9455,1290.315,1288.712,1289.393
2014-04-24 16:15:00,1289.421,1289.421,1287.943,1289.1915000000001
2014-04-24 16:30:00,1289.2,1290.985,1289.1415,1290.0915000000002
2014-04-24 16:45:00,1290.1060000000002,1290.69,1289.5195,1290.0140000000001
2014-04-24 17:00:00,1290.001,1291.6625,1289.895,1291.1145
2014-04-24 17:15:00,1291.1645,1291.9319999999998,1290.191,1290.916
2014-04-24 17:30:00,1290.8815,1292.173,1290.688,1291.5535
2014-04-24 17:45:00,1291.538,1291.9779999999998,1291.008,1291.302
2014-04-24 18:00:00,1291.283,1292.48,1290.675,1292.0349999999999
2014-04-24 18:15:00,1292.0529999999999,1292.488,1291.7005,1292.01
2014-04-24 18:30:00,1291.999,1292.2730000000001,1291.1909999999998,1291.489
2014-04-24 18:45:00,1291.469,1292.0290000000002,1290.977,1291.894
2014-04-24 19:00:00,1291.9229999999998,1291.9889999999998,1290.889,1291.348
2014-04-24 19:15:00,1291.2995,1291.648,1291.1705000000002,1291.4985
2014-04-24 19:30:00,1291.488,1291.9374999999998,1291.1960000000001,1291.8035
2014-04-24 19:45:00,1291.7925,1293.5584999999999,1291.695,1292.9185
2014-04-24 20:00:00,1292.926,1293.2034999999998,1292.3120000000001,1292.6490000000001
2014-04-24 20:15:00,1292.663,1293.056,1292.4610000000002,1292.969
2014-04-24 20:30:00,1293.0555,1293.296,1292.741,1293.0710000000001
2014-04-24 20:45:00,1293.069,1293.489,1292.99,1293.338
2014-04-24 21:00:00,1293.287,1293.287,1293.2569999999998,1293.2569999999998
2014-04-24 22:00:00,1293.897,1294.328,1293.6499999999999,1293.811
2014-04-24 22:15:00,1293.798,1293.901,1293.609,1293.762
2014-04-24 22:30:00,1293.734,1293.891,1293.4370000000001,1293.576
2014-04-24 22:45:00,1293.5749999999998,1293.633,1293.13,1293.4750000000001
2014-04-24 23:00:00,1293.4,1293.4,1292.525,1292.825
2014-04-24 23:15:00,1292.844,1292.929,1292.132,1292.161
2014-04-24 23:30:00,1292.176,1292.4140000000002,1291.709,1291.739
2014-04-24 23:45:00,1291.8020000000001,1292.043,1291.5810000000001,1291.6000000000001
2014-04-25 01:00:00,1293.873,1294.6390000000001,1291.9589999999998,1292.631
2014-04-25 01:15:00,1292.619,1292.7469999999998,1291.8115,1292.585
2014-04-25 01:30:00,1292.597,1292.674,1292.136,1292.337
2014-04-25 01:45:00,1292.324,1292.338,1291.759,1291.842
2014-04-25 02:00:00,1291.876,1292.1960000000001,1291.78,1292.172
2014-04-25 02:15:00,1292.194,1292.722,1291.9799999999998,1292.3770000000002
2014-04-25 02:30:00,1292.347,1292.4959999999999,1291.906,1292.013
2014-04-25 02:45:00,1292.0020000000002,1292.608,1291.8990000000001,1292.091
2014-04-25 03:00:00,1292.1055,1292.286,1291.836,1291.864
2014-04-25 03:15:00,1291.882,1292.087,1291.5405,1291.821
2014-04-25 03:30:00,1291.808,1291.832,1291.6540000000002,1291.763
2014-04-25 03:45:00,1291.775,1291.916,1291.6589999999999,1291.763
2014-04-25 04:00:00,1291.735,1292.0059999999999,1291.62,1291.9969999999998
2014-04-25 04:15:00,1291.9779999999998,1292.137,1291.9609999999998,1292.041
2014-04-25 04:30:00,1292.047,1292.18,1291.856,1292.169
2014-04-25 04:45:00,1292.157,1292.181,1291.716,1291.716
2014-04-25 05:00:00,1291.738,1292.1009999999999,1291.658,1291.796
2014-04-25 05:15:00,1291.783,1293.9364999999998,1291.783,1293.1989999999998
2014-04-25 05:30:00,1293.241,1294.098,1292.728,1293.269
2014-04-25 05:45:00,1293.2694999999999,1293.272,1291.922,1292.182
2014-04-25 06:00:00,1292.114,1293.836,1291.687,1293.339
2014-04-25 06:15:00,1293.375,1293.3915,1291.527,1291.9360000000001
2014-04-25 06:30:00,1291.9315000000001,1292.3359999999998,1291.2839999999999,1291.805
2014-04-25 06:45:00,1291.814,1292.1109999999999,1290.512,1291.2794999999999
2014-04-25 07:00:00,1291.299,1293.0295,1291.2240000000002,1292.291
2014-04-25 07:15:00,1292.295,1292.7859999999998,1291.915,1292.45
2014-04-25 07:30:00,1292.485,1293.5134999999998,1292.172,1293.155
2014-04-25 07:45:00,1293.1429999999998,1294.75,1293.023,1294.2740000000001
2014-04-25 08:00:00,1294.228,1294.3754999999999,1293.3275,1293.608
2014-04-25 08:15:00,1293.5919999999999,1293.9859999999999,1292.778,1293.5514999999998
2014-04-25 08:30:00,1293.5349999999999,1294.3819999999998,1293.445,1293.9319999999998
2014-04-25 08:45:00,1293.8935000000001,1293.9769999999999,1293.2130000000002,1293.7455
2014-04-25 09:00:00,1293.741,1294.1045,1292.0539999999999,1292.874
2014-04-25 09:15:00,1292.885,1294.237,1292.707,1293.923
2014-04-25 09:30:00,1293.9479999999999,1295.211,1293.9479999999999,1295.046
2014-04-25 09:45:00,1295.0320000000002,1296.479,1295.012,1295.415
2014-04-25 10:00:00,1295.4285,1296.0919999999999,1295.1029999999998,1295.801
2014-04-25 10:15:00,1295.8005,1295.866,1295.213,1295.788
2014-04-25 10:30:00,1295.8035,1297.8874999999998,1295.769,1297.253
2014-04-25 10:45:00,1297.27,1298.2859999999998,1297.203,1297.283
2014-04-25 11:00:00,1297.269,1302.2895,1297.167,1300.694
2014-04-25 11:15:00,1300.662,1301.356,1300.1100000000001,1300.692
2014-04-25 11:30:00,1300.703,1302.056,1300.452,1301.185
2014-04-25 11:45:00,1301.1825,1301.3120000000001,1299.126,1300.036
2014-04-25 12:00:00,1300.026,1301.4755,1299.6185,1300.948
2014-04-25 12:15:00,1300.9660000000001,1302.8995,1300.7915,1302.445
2014-04-25 12:30:00,1302.434,1303.3429999999998,1300.682,1301.281
2014-04-25 12:45:00,1301.2069999999999,1301.741,1299.808,1300.261
2014-04-25 13:00:00,1300.249,1300.5255,1298.453,1300.059
2014-04-25 13:15:00,1300.0555,1300.3455,1298.6830000000002,1299.531
2014-04-25 13:30:00,1299.4710000000002,1302.212,1299.2250000000001,1301.408
2014-04-25 13:45:00,1301.421,1302.7395000000001,1300.384,1302.285
2014-04-25 14:00:00,1302.286,1304.077,1300.712,1302.6705
2014-04-25 14:15:00,1302.678,1305.155,1302.4180000000001,1303.9215000000002
2014-04-25 14:30:00,1303.933,1305.068,1302.637,1302.697
2014-04-25 14:45:00,1302.712,1302.783,1301.203,1301.8709999999999
2014-04-25 15:00:00,1301.849,1302.389,1301.7649999999999,1302.067
2014-04-25 15:15:00,1302.0735,1302.3455000000001,1301.24,1301.7730000000001
2014-04-25 15:30:00,1301.7855000000002,1301.8185,1300.1819999999998,1300.307
2014-04-25 15:45:00,1300.325,1301.4125,1300.2089999999998,1301.1490000000001
2014-04-25 16:00:00,1301.1689999999999,1301.869,1298.6779999999999,1299.641
2014-04-25 16:15:00,1299.6355,1300.013,1299.148,1299.7630000000001
2014-04-25 16:30:00,1299.7785000000001,1301.146,1299.565,1300.842
2014-04-25 16:45:00,1300.857,1301.494,1300.773,1300.903
2014-04-25 17:00:00,1300.89,1301.299,1300.488,1300.6109999999999
2014-04-25 17:15:00,1300.5990000000002,1301.3215,1300.5829999999999,1300.615
2014-04-25 17:30:00,1300.591,1300.9650000000001,1300.1815000000001,1300.6789999999999
2014-04-25 17:45:00,1300.68,1300.804,1300.309,1300.639
2014-04-25 18:00:00,1300.6340000000002,1301.7205000000001,1300.414,1301.7019999999998
2014-04-25 18:15:00,1301.722,1301.807,1300.708,1301.192
2014-04-25 18:30:00,1301.181,1301.214,1300.609,1300.9125000000001
2014-04-25 18:45:00,1300.9045,1301.7910000000002,1300.9045,1301.627
2014-04-25 19:00:00,1301.6945,1301.7569999999998,1300.477,1301.024
2014-04-25 19:15:00,1301.047,1301.14,1300.436,1300.5945000000002
2014-04-25 19:30:00,1300.5884999999998,1301.3124999999998,1300.43,1301.2265
2014-04-25 19:45:00,1301.248,1302.5210000000002,1301.213,1302.44
2014-04-25 20:00:00,1302.436,1303.2435,1302.274,1302.866
2014-04-25 20:15:00,1302.814,1302.891,1302.2365,1302.2765
2014-04-25 20:30:00,1302.2515,1302.797,1302.1664999999998,1302.5500000000002
2014-04-25 20:45:00,1302.5105,1303.3799999999999,1302.4845,1303.121
2014-04-27 22:00:00,1303.35,1305.523,1303.0004999999999,1304.6165
2014-04-27 22:15:00,1304.5945,1304.6465,1303.458,1303.922
2014-04-27 22:30:00,1303.849,1303.935,1302.67,1303.1100000000001
2014-04-27 22:45:00,1303.123,1303.266,1302.83,1303.125
2014-04-27 23:00:00,1303.0755,1303.8295,1303.0249999999999,1303.637
2014-04-27 23:15:00,1303.656,1304.1540000000002,1303.6290000000001,1303.934
2014-04-27 23:30:00,1303.923,1303.974,1303.233,1303.602
2014-04-27 23:45:00,1303.614,1304.273,1303.588,1304.238
2014-04-28 01:00:00,1303.374,1305.548,1303.0165,1304.8780000000002
2014-04-28 01:15:00,1304.8629999999998,1306.578,1304.713,1306.0330000000001
2014-04-28 01:30:00,1306.0594999999998,1306.1029999999998,1304.054,1305.559
2014-04-28 01:45:00,1305.574,1305.654,1304.964,1305.489
2014-04-28 02:00:00,1305.444,1305.499,1305.105,1305.132
2014-04-28 02:15:00,1305.146,1305.644,1305.0729999999999,1305.541
2014-04-28 02:30:00,1305.521,1305.521,1304.648,1304.866
2014-04-28 02:45:00,1304.8780000000002,1305.0729999999999,1304.615,1304.832
2014-04-28 03:00:00,1304.8325,1304.8819999999998,1304.026,1304.384
2014-04-28 03:15:00,1304.41,1304.411,1303.88,1304.12
2014-04-28 03:30:00,1304.139,1304.55,1304.0595,1304.1640000000002
2014-04-28 03:45:00,1304.177,1304.334,1304.1409999999998,1304.1979999999999
2014-04-28 04:00:00,1304.2555,1304.743,1304.064,1304.162
2014-04-28 04:15:00,1304.1460000000002,1304.356,1304.0600000000002,1304.25
2014-04-28 04:30:00,1304.2740000000001,1304.57,1303.8319999999999,1303.856
2014-04-28 04:45:00,1303.869,1304.068,1303.833,1304.0140000000001
2014-04-28 05:00:00,1304.0434999999998,1304.375,1303.957,1303.971
2014-04-28 05:15:00,1303.956,1304.1754999999998,1303.8785,1304.0025
2014-04-28 05:30:00,1303.9975,1304.011,1301.718,1302.695
2014-04-28 05:45:00,1302.682,1302.9859999999999,1301.9389999999999,1301.967
2014-04-28 06:00:00,1301.955,1302.866,1301.659,1302.476
2014-04-28 06:15:00,1302.4819999999997,1302.9319999999998,1302.2915,1302.638
2014-04-28 06:30:00,1302.626,1303.373,1302.327,1303.188
2014-04-28 06:45:00,1303.172,1304.0800000000002,1302.661,1304.0520000000001
2014-04-28 07:00:00,1304.069,1304.458,1303.224,1303.834
2014-04-28 07:15:00,1303.8509999999999,1304.0240000000001,1303.058,1303.494
2014-04-28 07:30:00,1303.4805000000001,1304.31,1303.345,1303.9145
2014-04-28 07:45:00,1303.919,1304.209,1303.563,1303.7289999999998
2014-04-28 08:00:00,1303.712,1303.862,1303.033,1303.536
2014-04-28 08:15:00,1303.5629999999999,1303.892,1303.2225,1303.524
2014-04-28 08:30:00,1303.491,1303.7479999999998,1303.2830000000001,1303.597
2014-04-28 08:45:00,1303.5895,1303.9815,1303.378,1303.401
2014-04-28 09:00:00,1303.3719999999998,1303.7939999999999,1303.155,1303.6770000000001
2014-04-28 09:15:00,1303.661,1303.6819999999998,1302.1335000000001,1302.135
2014-04-28 09:30:00,1302.1165,1302.2359999999999,1301.3539999999998,1301.7109999999998
2014-04-28 09:45:00,1301.694,1302.269,1300.6354999999999,1302.029
2014-04-28 10:00:00,1302.013,1302.5320000000002,1301.7199999999998,1302.462
2014-04-28 10:15:00,1302.449,1302.4550000000002,1301.8654999999999,1302.319
2014-04-28 10:30:00,1302.299,1302.358,1300.7395,1300.772
2014-04-28 10:45:00,1300.8245,1301.559,1300.6935,1300.9470000000001
2014-04-28 11:00:00,1300.9370000000001,1300.9370000000001,1299.551,1299.8239999999998
2014-04-28 11:15:00,1299.848,1300.454,1299.8290000000002,1299.905
2014-04-28 11:30:00,1299.847,1301.2540000000001,1299.718,1301.233
2014-04-28 11:45:00,1301.2450000000001,1301.64,1299.414,1299.4524999999999
2014-04-28 12:00:00,1299.4365,1300.6319999999998,1299.404,1300.16
2014-04-28 12:15:00,1300.1815000000001,1300.6055,1299.676,1300.3395
2014-04-28 12:30:00,1300.28,1302.805,1300.046,1302.655
2014-04-28 12:45:00,1302.643,1303.6200000000001,1301.635,1303.132
2014-04-28 13:00:00,1303.186,1303.85,1302.1090000000002,1302.214
2014-04-28 13:15:00,1302.2065000000002,1302.6995,1299.992,1300.9225000000001
2014-04-28 13:30:00,1300.912,1301.16,1299.0525,1300.095
2014-04-28 13:45:00,1300.105,1300.9709999999998,1298.6454999999999,1299.33
2014-04-28 14:00:00,1299.285,1300.503,1293.767,1295.591
2014-04-28 14:15:00,1295.5590000000002,1295.5590000000002,1293.014,1293.685
2014-04-28 14:30:00,1293.69,1293.801,1292.1285,1293.28
2014-04-28 14:45:00,1293.2615,1294.6425000000002,1293.075,1294.061
2014-04-28 15:00:00,1294.0775,1294.5330000000001,1292.751,1294.484
2014-04-28 15:15:00,1294.505,1295.065,1294.02,1294.2565
2014-04-28 15:30:00,1294.25,1294.489,1292.296,1293.658
2014-04-28 15:45:00,1293.645,1295.1270000000002,1293.2704999999999,1294.711
2014-04-28 16:00:00,1294.73,1295.379,1294.4115,1294.815
2014-04-28 16:15:00,1294.8029999999999,1295.0800000000002,1294.627,1294.934
2014-04-28 16:30:00,1294.9435,1296.0945000000002,1294.609,1296.0225
2014-04-28 16:45:00,1296.032,1296.6554999999998,1295.3845000000001,1296.0895
2014-04-28 17:00:00,1296.1345,1297.4595000000002,1295.9195,1297.3995
2014-04-28 17:15:00,1297.4245,1299.1575,1297.2495000000001,1298.8565
2014-04-28 17:30:00,1298.8395,1298.8890000000001,1297.8654999999999,1298.2669999999998
2014-04-28 17:45:00,1298.2610000000002,1299.1325,1297.625,1298.5665000000001
2014-04-28 18:00:00,1298.5845000000002,1299.6945,1297.921,1298.108
2014-04-28 18:15:00,1298.128,1298.8595,1296.691,1297.3585
2014-04-28 18:30:00,1297.365,1298.7235,1297.167,1298.338
2014-04-28 18:45:00,1298.35,1298.756,1297.9485,1298.2700000000002
2014-04-28 19:00:00,1298.2890000000002,1298.3855,1297.015,1298.312
2014-04-28 19:15:00,1298.331,1298.779,1296.6840000000002,1297.0765000000001
2014-04-28 19:30:00,1297.0710000000001,1297.0790000000002,1295.7195000000002,1295.7525
2014-04-28 19:45:00,1295.759,1296.8625,1295.734,1296.528
2014-04-28 20:00:00,1296.547,1296.797,1295.722,1295.722
2014-04-28 20:15:00,1295.733,1296.3740000000003,1295.677,1296.082
2014-04-28 20:30:00,1296.073,1296.2140000000002,1295.8600000000001,1296.173
2014-04-28 20:45:00,1296.199,1296.8645,1296.173,1296.744
2014-04-28 21:00:00,1296.711,1296.711,1296.711,1296.711
2014-04-28 22:00:00,1295.9199999999998,1296.899,1295.747,1296.6809999999998
2014-04-28 22:15:00,1296.6909999999998,1296.791,1296.4279999999999,1296.4279999999999
2014-04-28 22:30:00,1296.456,1296.6799999999998,1296.387,1296.4805000000001
2014-04-28 22:45:00,1296.4750000000001,1296.6349999999998,1296.446,1296.575
2014-04-28 23:00:00,1296.5249999999999,1296.565,1296.375,1296.502
2014-04-28 23:15:00,1296.499,1296.702,1296.019,1296.2589999999998
2014-04-28 23:30:00,1296.2499999999998,1296.6999999999998,1296.184,1296.6329999999998
2014-04-28 23:45:00,1296.616,1296.827,1296.566,1296.6200000000001
2014-04-29 01:00:00,1295.183,1296.039,1294.157,1295.209
2014-04-29 01:15:00,1295.22,1295.9379999999999,1294.6100000000001,1295.8999999999999
2014-04-29 01:30:00,1295.8905,1296.3215,1295.215,1295.3129999999999
2014-04-29 01:45:00,1295.364,1295.651,1295.041,1295.1730000000002
2014-04-29 02:00:00,1295.1609999999998,1295.682,1295.045,1295.288
2014-04-29 02:15:00,1295.299,1296.085,1295.225,1295.894
2014-04-29 02:30:00,1295.871,1295.8970000000002,1295.1589999999999,1295.453
2014-04-29 02:45:00,1295.429,1295.58,1293.782,1294.179
2014-04-29 03:00:00,1294.165,1295.271,1294.142,1295.073
2014-04-29 03:15:00,1295.037,1295.277,1294.858,1295.253
2014-04-29 03:30:00,1295.238,1295.287,1294.8875,1294.9009999999998
2014-04-29 03:45:00,1294.921,1295.243,1294.8895,1295.0579999999998
2014-04-29 04:00:00,1295.0700000000002,1295.1299999999999,1294.942,1295.044
2014-04-29 04:15:00,1295.063,1295.717,1295.04,1295.449
2014-04-29 04:30:00,1295.441,1295.622,1294.972,1295.02
2014-04-29 04:45:00,1295.0005,1295.252,1294.637,1294.7340000000002
2014-04-29 05:00:00,1294.754,1295.1419999999998,1293.657,1294.253
2014-04-29 05:15:00,1294.258,1294.778,1294.178,1294.483
2014-04-29 05:30:00,1294.472,1295.282,1294.377,1295.183
2014-04-29 05:45:00,1295.215,1296.1000000000001,1295.0330000000001,1295.5549999999998
2014-04-29 06:00:00,1295.5635000000002,1295.903,1295.234,1295.5380000000002
2014-04-29 06:15:00,1295.5480000000002,1295.985,1294.133,1294.168
2014-04-29 06:30:00,1294.179,1294.2519999999997,1292.7150000000001,1293.839
2014-04-29 06:45:00,1293.817,1294.379,1292.357,1292.642
2014-04-29 07:00:00,1292.6595,1294.071,1292.6075,1293.733
2014-04-29 07:15:00,1293.721,1293.796,1291.5595,1291.863
2014-04-29 07:30:00,1291.873,1292.22,1289.161,1289.95
2014-04-29 07:45:00,1289.969,1291.051,1289.4115,1290.03
2014-04-29 08:00:00,1290.0330000000001,1290.9279999999999,1289.798,1290.591
2014-04-29 08:15:00,1290.566,1290.696,1289.852,1289.971
2014-04-29 08:30:00,1289.9550000000002,1290.587,1289.443,1290.4544999999998
2014-04-29 08:45:00,1290.4389999999999,1290.8085,1286.392,1287.903
2014-04-29 09:00:00,1287.8700000000001,1289.0355,1287.435,1288.9299999999998
2014-04-29 09:15:00,1288.954,1290.248,1288.761,1289.798
2014-04-29 09:30:00,1289.8525,1290.924,1289.6685,1290.138
2014-04-29 09:45:00,1290.128,1290.8069999999998,1289.973,1290.3825000000002
2014-04-29 10:00:00,1290.3919999999998,1290.8094999999998,1290.2115000000001,1290.7945
2014-04-29 10:15:00,1290.7844999999998,1292.215,1290.617,1290.982
2014-04-29 10:30:00,1291.011,1291.1864999999998,1290.2065,1290.6315
2014-04-29 10:45:00,1290.6065,1290.8075000000001,1289.8805,1290.0755
2014-04-29 11:00:00,1290.0715,1290.4465,1289.1785,1289.5895
2014-04-29 11:15:00,1289.602,1291.202,1289.09,1290.4630000000002
2014-04-29 11:30:00,1290.446,1291.675,1289.56,1290.5705
2014-04-29 11:45:00,1290.583,1291.23,1290.0210000000002,1290.8085
2014-04-29 12:00:00,1290.8384999999998,1291.4455,1288.5014999999999,1289.9560000000001
2014-04-29 12:15:00,1289.919,1290.4685,1289.2355,1289.8915
2014-04-29 12:30:00,1289.89,1296.856,1289.5990000000002,1296.856
2014-04-29 12:45:00,1297.375,1298.83,1294.614,1295.8549999999998
2014-04-29 13:00:00,1295.8400000000001,1297.489,1295.248,1296.1275
2014-04-29 13:15:00,1296.12,1297.0790000000002,1294.917,1296.959
2014-04-29 13:30:00,1296.974,1301.4705,1296.3475,1298.976
2014-04-29 13:45:00,1298.9930000000002,1300.5649999999998,1298.208,1298.89
2014-04-29 14:00:00,1298.8405,1299.23,1297.1535,1298.738
2014-04-29 14:15:00,1298.763,1300.2849999999999,1298.738,1299.63
2014-04-29 14:30:00,1299.6105,1299.8055000000002,1297.715,1298.146
2014-04-29 14:45:00,1298.161,1299.859,1297.892,1298.9305
2014-04-29 15:00:00,1298.945,1299.3990000000001,1298.42,1299.3655
2014-04-29 15:15:00,1299.3435,1299.481,1297.797,1298.884
2014-04-29 15:30:00,1298.882,1299.3825000000002,1298.1960000000001,1298.63
2014-04-29 15:45:00,1298.6550000000002,1298.885,1296.841,1297.696
2014-04-29 16:00:00,1297.6895,1298.302,1296.259,1296.621
2014-04-29 16:15:00,1296.611,1296.6284999999998,1295.671,1295.896
2014-04-29 16:30:00,1295.9205000000002,1296.419,1295.627,1295.823
2014-04-29 16:45:00,1295.8629999999998,1297.181,1295.819,1296.825
2014-04-29 17:00:00,1296.865,1297.922,1296.8600000000001,1297.7185
2014-04-29 17:15:00,1297.709,1298.311,1295.5465,1296.128
2014-04-29 17:30:00,1296.114,1296.13,1295.5214999999998,1295.5860000000002
2014-04-29 17:45:00,1295.5819999999999,1295.6965,1294.2350000000001,1295.463
2014-04-29 18:00:00,1295.4515000000001,1295.844,1295.087,1295.72
2014-04-29 18:15:00,1295.714,1295.7345,1294.799,1295.5235
2014-04-29 18:30:00,1295.5359999999998,1295.8210000000001,1294.8955,1295.651
2014-04-29 18:45:00,1295.663,1295.9845,1295.429,1295.589
2014-04-29 19:00:00,1295.5964999999999,1296.622,1295.378,1296.524
2014-04-29 19:15:00,1296.5325,1296.687,1296.046,1296.43
2014-04-29 19:30:00,1296.432,1296.6464999999998,1296.3239999999998,1296.3695
2014-04-29 19:45:00,1296.3605000000002,1296.7345,1295.8385,1296.2630000000001
2014-04-29 20:00:00,1296.2450000000001,1296.523,1296.0720000000001,1296.364
2014-04-29 20:15:00,1296.35,1296.513,1296.08,1296.2685000000001
2014-04-29 20:30:00,1296.2589999999998,1296.373,1295.973,1295.973
2014-04-29 20:45:00,1295.988,1296.058,1295.825,1295.8739999999998
2014-04-29 21:00:00,1295.8829999999998,1295.8829999999998,1295.8829999999998,1295.8829999999998
2014-04-29 22:00:00,1295.7345,1296.075,1295.406,1295.529
2014-04-29 22:15:00,1295.5300000000002,1295.747,1295.478,1295.741
2014-04-29 22:30:00,1295.7,1295.8459999999998,1295.5729999999999,1295.691
2014-04-29 22:45:00,1295.676,1295.722,1295.275,1295.6
2014-04-29 23:00:00,1295.575,1295.8410000000001,1295.5249999999999,1295.8410000000001
2014-04-29 23:15:00,1295.861,1296.344,1295.817,1296.344
2014-04-29 23:30:00,1296.364,1296.454,1295.994,1296.124
2014-04-29 23:45:00,1296.1285,1296.433,1296.019,1296.174
2014-04-30 01:00:00,1294.3660000000002,1295.486,1293.8145,1295.261
2014-04-30 01:15:00,1295.318,1295.323,1294.509,1295.158
2014-04-30 01:30:00,1295.203,1295.318,1294.516,1294.9379999999999
2014-04-30 01:45:00,1294.95,1295.204,1294.782,1294.996
2014-04-30 02:00:00,1294.984,1296.106,1294.895,1295.778
2014-04-30 02:15:00,1295.7945,1295.796,1294.905,1295.029
2014-04-30 02:30:00,1295.0140000000001,1295.5220000000002,1294.599,1294.599
2014-04-30 02:45:00,1294.614,1295.116,1294.5140000000001,1295.1000000000001
2014-04-30 03:00:00,1295.1215,1295.204,1294.036,1294.206
2014-04-30 03:15:00,1294.2245,1294.516,1293.288,1293.613
2014-04-30 03:30:00,1293.6029999999998,1294.135,1293.483,1294.0349999999999
2014-04-30 03:45:00,1294.023,1294.0349999999999,1293.682,1293.8220000000001
2014-04-30 04:00:00,1293.842,1294.3149999999998,1293.491,1294.281
2014-04-30 04:15:00,1294.3290000000002,1294.636,1293.994,1294.124
2014-04-30 04:30:00,1294.136,1294.284,1293.7305000000001,1293.923
2014-04-30 04:45:00,1293.9129999999998,1293.9195,1293.5040000000001,1293.7955
2014-04-30 05:00:00,1293.783,1294.0294999999999,1293.525,1293.98
2014-04-30 05:15:00,1293.9679999999998,1294.393,1293.9360000000001,1294.143
2014-04-30 05:30:00,1294.119,1294.163,1293.443,1294.071
2014-04-30 05:45:00,1294.046,1294.231,1292.356,1292.999
2014-04-30 06:00:00,1292.9895,1293.6985,1292.366,1293.423
2014-04-30 06:15:00,1293.41,1293.718,1292.691,1293.235
2014-04-30 06:30:00,1293.22,1294.3670000000002,1292.955,1294.234
2014-04-30 06:45:00,1294.219,1294.937,1293.042,1293.1329999999998
2014-04-30 07:00:00,1293.163,1293.206,1290.959,1291.458
2014-04-30 07:15:00,1291.435,1292.0705,1290.865,1291.027
2014-04-30 07:30:00,1291.042,1291.311,1290.241,1290.912
2014-04-30 07:45:00,1290.8999999999999,1291.1889999999999,1290.2359999999999,1290.911
2014-04-30 08:00:00,1290.9030000000002,1291.1965,1289.6280000000002,1290.874
2014-04-30 08:15:00,1290.8435000000002,1291.404,1290.8149999999998,1291.112
2014-04-30 08:30:00,1291.0910000000001,1291.183,1290.4489999999998,1290.547
2014-04-30 08:45:00,1290.4975,1291.751,1289.972,1291.405
2014-04-30 09:00:00,1291.3990000000001,1293.2235,1290.8210000000001,1292.602
2014-04-30 09:15:00,1292.61,1293.032,1292.3314999999998,1292.5325
2014-04-30 09:30:00,1292.5625,1292.9595,1292.0555,1292.797
2014-04-30 09:45:00,1292.7984999999999,1293.201,1292.052,1292.143
2014-04-30 10:00:00,1292.168,1293.1580000000001,1291.777,1292.8545
2014-04-30 10:15:00,1292.8295,1292.8295,1292.479,1292.481
2014-04-30 10:30:00,1292.4759999999999,1292.726,1292.294,1292.52
2014-04-30 10:45:00,1292.5049999999999,1293.075,1291.3890000000001,1291.46
2014-04-30 11:00:00,1291.43,1291.456,1289.6000000000001,1290.252
2014-04-30 11:15:00,1290.2635,1291.656,1289.5430000000001,1291.425
2014-04-30 11:30:00,1291.414,1291.5225,1289.911,1290.2115
2014-04-30 11:45:00,1290.2165,1292.262,1290.12,1291.101
2014-04-30 12:00:00,1291.109,1291.109,1288.761,1289.085
2014-04-30 12:15:00,1289.1,1289.753,1285.051,1286.2955
2014-04-30 12:30:00,1286.2255,1297.4550000000002,1286.1650000000002,1293.0755
2014-04-30 12:45:00,1293.108,1295.364,1293.059,1293.676
2014-04-30 13:00:00,1293.6689999999999,1294.763,1289.35,1290.262
2014-04-30 13:15:00,1289.916,1290.006,1286.2285,1289.586
2014-04-30 13:30:00,1289.5925,1290.955,1285.635,1286.3455
2014-04-30 13:45:00,1286.37,1289.2019999999998,1285.995,1287.382
2014-04-30 14:00:00,1287.392,1290.3410000000001,1287.177,1289.81
2014-04-30 14:15:00,1289.816,1289.84,1287.284,1288.016
2014-04-30 14:30:00,1287.996,1292.7640000000001,1287.791,1292.121
2014-04-30 14:45:00,1292.1305,1294.0345,1291.6609999999998,1292.901
2014-04-30 15:00:00,1292.8715,1294.434,1292.6295,1293.7165
2014-04-30 15:15:00,1293.7015,1294.029,1292.328,1292.464
2014-04-30 15:30:00,1292.426,1293.8690000000001,1292.384,1292.746
2014-04-30 15:45:00,1292.728,1293.436,1292.579,1292.8664999999999
2014-04-30 16:00:00,1292.865,1293.286,1292.6615,1293.0620000000001
2014-04-30 16:15:00,1293.073,1293.5610000000001,1292.921,1293.376
2014-04-30 16:30:00,1293.39,1293.733,1293.1200000000001,1293.37
2014-04-30 16:45:00,1293.395,1293.5030000000002,1292.7759999999998,1293.447
2014-04-30 17:00:00,1293.4719999999998,1294.271,1293.1159999999998,1293.856
2014-04-30 17:15:00,1293.842,1296.6609999999998,1291.652,1295.9430000000002
2014-04-30 17:30:00,1295.935,1297.705,1295.75,1296.941
2014-04-30 17:45:00,1296.9455,1297.325,1295.413,1296.455
2014-04-30 18:00:00,1296.5,1298.1825000000001,1291.09,1291.6730000000002
2014-04-30 18:15:00,1291.6879999999999,1292.0665,1289.3284999999998,1291.6039999999998
2014-04-30 18:30:00,1291.629,1294.377,1291.2330000000002,1292.495
2014-04-30 18:45:00,1292.455,1293.487,1291.73,1292.371
2014-04-30 19:00:00,1292.3580000000002,1292.681,1290.616,1291.1570000000002
2014-04-30 19:15:00,1291.1719999999998,1292.319,1291.116,1292.078
2014-04-30 19:30:00,1292.065,1292.637,1291.5105,1292.074
2014-04-30 19:45:00,1292.084,1293.1069999999997,1290.0839999999998,1290.0915
2014-04-30 20:00:00,1289.989,1291.781,1289.989,1291.028
2014-04-30 20:15:00,1291.02,1291.487,1290.9030000000002,1291.0149999999999
2014-04-30 20:30:00,1290.937,1291.3129999999999,1290.6,1291.283
2014-04-30 20:45:00,1291.3129999999999,1291.564,1291.1615000000002,1291.564
2014-04-30 21:00:00,1291.554,1291.6039999999998,1291.5299999999997,1291.6039999999998
2014-04-30 22:00:00,1291.555,1291.891,1290.993,1291.308
2014-04-30 22:15:00,1291.3229999999999,1291.578,1291.01,1291.1200000000001
2014-04-30 22:30:00,1291.099,1291.099,1290.663,1290.8570000000002
2014-04-30 22:45:00,1290.8560000000002,1292.4805,1290.8120000000001,1292.4305
2014-04-30 23:00:00,1292.51,1292.9750000000001,1292.3,1292.512
2014-04-30 23:15:00,1292.5620000000001,1292.902,1292.487,1292.575
2014-04-30 23:30:00,1292.548,1292.579,1292.078,1292.1680000000001
2014-04-30 23:45:00,1292.143,1292.5049999999999,1291.439,1291.806
2014-05-01 01:00:00,1290.9125,1291.437,1289.7355,1290.181
2014-05-01 01:15:00,1290.189,1290.5375,1290.0639999999999,1290.4160000000002
2014-05-01 01:30:00,1290.382,1290.8210000000001,1289.0339999999999,1289.2430000000002
2014-05-01 01:45:00,1289.2355,1289.6280000000002,1288.4,1289.582
2014-05-01 02:00:00,1289.594,1290.016,1289.1970000000001,1289.446
2014-05-01 02:15:00,1289.4370000000001,1289.503,1288.9279999999999,1289.503
2014-05-01 02:30:00,1289.517,1289.712,1288.598,1288.993
2014-05-01 02:45:00,1289.015,1289.6100000000001,1288.9289999999999,1289.513
2014-05-01 03:00:00,1289.568,1289.8609999999999,1289.316,1289.5959999999998
2014-05-01 03:15:00,1289.5710000000001,1289.6284999999998,1289.3180000000002,1289.3355
2014-05-01 03:30:00,1289.3295,1289.3395,1288.7045,1289.05
2014-05-01 03:45:00,1289.044,1289.325,1288.74,1289.2430000000002
2014-05-01 04:00:00,1289.2604999999999,1289.5620000000001,1288.618,1288.618
2014-05-01 04:15:00,1288.6335,1289.194,1288.61,1288.8325
2014-05-01 04:30:00,1288.7825,1289.3295,1288.615,1289.2250000000001
2014-05-01 04:45:00,1289.164,1289.3319999999999,1288.1419999999998,1288.751
2014-05-01 05:00:00,1288.804,1289.4625,1288.7325,1288.8455000000001
2014-05-01 05:15:00,1288.8745,1289.55,1288.741,1289.1485
2014-05-01 05:30:00,1289.142,1290.593,1289.036,1290.4
2014-05-01 05:45:00,1290.386,1290.613,1289.79,1289.901
2014-05-01 06:00:00,1289.912,1290.4900000000002,1289.744,1290.1299999999999
2014-05-01 06:15:00,1290.132,1290.223,1288.7285,1288.814
2014-05-01 06:30:00,1288.799,1288.9225,1288.0894999999998,1288.3095
2014-05-01 06:45:00,1288.27,1288.27,1285.532,1286.38
2014-05-01 07:00:00,1286.3645,1287.043,1285.0010000000002,1287.029
2014-05-01 07:15:00,1287.061,1287.061,1282.835,1283.661
2014-05-01 07:30:00,1283.652,1284.6060000000002,1283.195,1284.5990000000002
2014-05-01 07:45:00,1284.5749999999998,1285.5145,1281.8660000000002,1282.408
2014-05-01 08:00:00,1282.3990000000001,1283.0455000000002,1281.9405,1282.2525
2014-05-01 08:15:00,1282.2440000000001,1283.8339999999998,1282.115,1283.247
2014-05-01 08:30:00,1283.2069999999999,1283.394,1282.794,1283.124
2014-05-01 08:45:00,1283.136,1283.201,1282.448,1282.944
2014-05-01 09:00:00,1282.915,1283.6685,1282.549,1283.167
2014-05-01 09:15:00,1283.171,1283.5919999999999,1283.0249999999999,1283.4685
2014-05-01 09:30:00,1283.4869999999999,1283.985,1283.069,1283.694
2014-05-01 09:45:00,1283.714,1283.889,1279.852,1283.599
2014-05-01 10:00:00,1283.62,1284.022,1283.1305,1283.711
2014-05-01 10:15:00,1283.742,1287.203,1283.742,1285.5785
2014-05-01 10:30:00,1285.5835,1286.221,1284.891,1285.855
2014-05-01 10:45:00,1285.846,1286.0135,1285.1945,1285.272
2014-05-01 11:00:00,1285.261,1285.3570000000002,1283.5919999999999,1283.919
2014-05-01 11:15:00,1283.896,1284.2300000000002,1283.788,1284.2195
2014-05-01 11:30:00,1284.2300000000002,1285.061,1281.9505,1282.914
2014-05-01 11:45:00,1282.941,1283.099,1281.8999999999999,1282.5015
2014-05-01 12:00:00,1282.4955,1282.5040000000001,1277.9080000000001,1281.7995
2014-05-01 12:15:00,1281.7945,1284.49,1279.766,1284.49
2014-05-01 12:30:00,1284.435,1289.941,1282.467,1282.846
2014-05-01 12:45:00,1282.941,1282.9470000000001,1278.5320000000002,1280.5605
2014-05-01 13:00:00,1280.559,1281.354,1277.5365000000002,1279.533
2014-05-01 13:15:00,1279.5110000000002,1280.663,1277.3955,1278.9515
2014-05-01 13:30:00,1278.9615000000001,1281.682,1278.172,1280.7195
2014-05-01 13:45:00,1280.715,1281.0535,1279.0005,1279.875
2014-05-01 14:00:00,1279.785,1283.8014999999998,1277.909,1283.7665
2014-05-01 14:15:00,1283.6735,1283.755,1281.375,1282.1125
2014-05-01 14:30:00,1282.1075,1282.3039999999999,1280.193,1280.198
2014-05-01 14:45:00,1280.193,1281.159,1279.5875,1280.894
2014-05-01 15:00:00,1280.9335,1282.365,1280.3505,1282.3015000000003
2014-05-01 15:15:00,1282.296,1283.177,1281.586,1282.5914999999998
2014-05-01 15:30:00,1282.589,1282.8705,1281.681,1282.5845000000002
2014-05-01 15:45:00,1282.592,1283.965,1282.497,1283.2505
2014-05-01 16:00:00,1283.2655,1285.4189999999999,1283.088,1284.5819999999999
2014-05-01 16:15:00,1284.587,1284.97,1284.0675,1284.1175
2014-05-01 16:30:00,1284.1374999999998,1284.438,1283.9355,1284.1609999999998
2014-05-01 16:45:00,1284.1650000000002,1284.417,1283.358,1284.412
2014-05-01 17:00:00,1284.4095,1284.6340000000002,1283.1019999999999,1283.4035
2014-05-01 17:15:00,1283.4054999999998,1283.72,1283.1680000000001,1283.305
2014-05-01 17:30:00,1283.3220000000001,1283.3694999999998,1282.502,1282.758
2014-05-01 17:45:00,1282.733,1283.1580000000001,1281.466,1283.0755
2014-05-01 18:00:00,1283.0829999999999,1284.105,1283.0829999999999,1284.0805
2014-05-01 18:15:00,1284.1055000000001,1284.7355,1283.73,1284.7105
2014-05-01 18:30:00,1284.727,1285.643,1284.3585,1284.7155
2014-05-01 18:45:00,1284.72,1284.8690000000001,1283.9255,1284.3700000000001
2014-05-01 19:00:00,1284.431,1284.8205,1284.3705,1284.5255
2014-05-01 19:15:00,1284.5725,1284.9975,1284.5504999999998,1284.7775000000001
2014-05-01 19:30:00,1284.7705,1285.437,1284.6555,1285.2945
2014-05-01 19:45:00,1285.288,1285.4050000000002,1284.9624999999999,1285.26
2014-05-01 20:00:00,1285.262,1285.2685000000001,1284.7655,1285.1390000000001
2014-05-01 20:15:00,1285.108,1285.124,1284.7585000000001,1284.7585000000001
2014-05-01 20:30:00,1284.759,1284.9119999999998,1284.511,1284.531
2014-05-01 20:45:00,1284.521,1284.521,1284.063,1284.302
2014-05-01 21:00:00,1284.316,1284.316,1284.304,1284.304
2014-05-01 22:00:00,1284.787,1285.0795,1284.337,1284.377
2014-05-01 22:15:00,1284.3275,1284.412,1284.1,1284.367
2014-05-01 22:30:00,1284.342,1284.6589999999999,1284.225,1284.406
2014-05-01 22:45:00,1284.395,1284.395,1283.972,1284.1750000000002
2014-05-01 23:00:00,1284.2749999999999,1284.6505,1284.13,1284.386
2014-05-01 23:15:00,1284.363,1284.508,1284.086,1284.464
2014-05-01 23:30:00,1284.482,1284.5700000000002,1283.7849999999999,1284.028
2014-05-01 23:45:00,1284.086,1284.369,1283.857,1284.1879999999999
2014-05-02 01:00:00,1283.976,1284.349,1281.8069999999998,1282.385
2014-05-02 01:15:00,1282.3785,1282.3855,1281.685,1282.2355
2014-05-02 01:30:00,1282.2255,1282.5790000000002,1282.045,1282.5790000000002
2014-05-02 01:45:00,1282.5800000000002,1283.284,1282.131,1282.922
2014-05-02 02:00:00,1282.9275,1283.4050000000002,1282.766,1282.7825
2014-05-02 02:15:00,1282.787,1283.3369999999998,1282.769,1283.3369999999998
2014-05-02 02:30:00,1283.357,1283.87,1283.275,1283.532
2014-05-02 02:45:00,1283.52,1283.938,1283.3310000000001,1283.4479999999999
2014-05-02 03:00:00,1283.463,1283.7830000000001,1283.3404999999998,1283.711
2014-05-02 03:15:00,1283.742,1284.085,1283.522,1283.989
2014-05-02 03:30:00,1283.9835,1284.084,1283.531,1283.831
2014-05-02 03:45:00,1283.8864999999998,1284.0049999999999,1283.5815,1283.7579999999998
2014-05-02 04:00:00,1283.7769999999998,1284.274,1283.7769999999998,1284.1985000000002
2014-05-02 04:15:00,1284.1944999999998,1284.2034999999998,1283.8605000000002,1283.9569999999999
2014-05-02 04:30:00,1283.9645,1284.2055,1283.8065000000001,1283.8795
2014-05-02 04:45:00,1283.9385,1284.1380000000001,1283.8059999999998,1284.0004999999999
2014-05-02 05:00:00,1283.99,1284.278,1283.952,1284.259
2014-05-02 05:15:00,1284.2185,1284.369,1284.1560000000002,1284.1844999999998
2014-05-02 05:30:00,1284.1789999999999,1284.339,1283.325,1283.609
2014-05-02 05:45:00,1283.622,1283.622,1282.371,1282.6609999999998
2014-05-02 06:00:00,1282.643,1283.191,1281.6765,1282.802
2014-05-02 06:15:00,1282.792,1283.129,1282.1504999999997,1282.2355
2014-05-02 06:30:00,1282.21,1283.4189999999999,1282.21,1282.7475
2014-05-02 06:45:00,1282.7385,1283.894,1282.6915,1283.8709999999999
2014-05-02 07:00:00,1283.884,1284.215,1282.258,1283.91
2014-05-02 07:15:00,1283.93,1284.1840000000002,1283.108,1283.3829999999998
2014-05-02 07:30:00,1283.395,1284.23,1282.9699999999998,1283.2595000000001
2014-05-02 07:45:00,1283.2675,1283.997,1282.906,1283.712
2014-05-02 08:00:00,1283.667,1284.634,1283.3649999999998,1284.548
2014-05-02 08:15:00,1284.534,1285.0014999999999,1284.1650000000002,1284.3915
2014-05-02 08:30:00,1284.3835000000001,1285.328,1284.268,1285.199
2014-05-02 08:45:00,1285.225,1285.2350000000001,1283.894,1284.1750000000002
2014-05-02 09:00:00,1284.1570000000002,1284.5794999999998,1283.586,1284.0620000000001
2014-05-02 09:15:00,1284.078,1284.2805,1283.593,1284.2069999999999
2014-05-02 09:30:00,1284.2145,1285.099,1284.146,1284.782
2014-05-02 09:45:00,1284.778,1285.0,1284.1680000000001,1284.809
2014-05-02 10:00:00,1284.84,1286.297,1284.84,1285.7890000000002
2014-05-02 10:15:00,1285.7814999999998,1286.5300000000002,1285.258,1285.8335
2014-05-02 10:30:00,1285.8385,1286.6,1285.79,1285.9965
2014-05-02 10:45:00,1286.002,1287.084,1285.811,1286.1405
2014-05-02 11:00:00,1286.153,1287.266,1286.153,1286.9174999999998
2014-05-02 11:15:00,1286.923,1287.1190000000001,1286.1309999999999,1287.1109999999999
2014-05-02 11:30:00,1287.1555,1288.2585000000001,1286.701,1286.727
2014-05-02 11:45:00,1286.732,1287.474,1286.4709999999998,1286.581
2014-05-02 12:00:00,1286.5459999999998,1287.874,1285.7109999999998,1287.077
2014-05-02 12:15:00,1287.0484999999999,1287.384,1285.526,1285.85
2014-05-02 12:30:00,1285.85,1285.85,1275.803,1279.171
2014-05-02 12:45:00,1279.156,1286.985,1279.0749999999998,1285.698
2014-05-02 13:00:00,1285.7089999999998,1286.28,1283.669,1284.629
2014-05-02 13:15:00,1284.6399999999999,1285.634,1283.241,1284.132
2014-05-02 13:30:00,1284.122,1285.287,1281.602,1282.9955
2014-05-02 13:45:00,1283.0055000000002,1283.969,1281.9759999999999,1283.265
2014-05-02 14:00:00,1283.215,1283.599,1280.481,1282.16
2014-05-02 14:15:00,1282.145,1291.6905,1282.145,1290.6495
2014-05-02 14:30:00,1290.6745,1296.4660000000001,1289.897,1294.9105
2014-05-02 14:45:00,1294.938,1297.0559999999998,1293.886,1295.19
2014-05-02 15:00:00,1295.1915,1304.6755,1293.682,1301.7450000000001
2014-05-02 15:15:00,1301.779,1304.6575,1301.483,1302.185
2014-05-02 15:30:00,1302.1799999999998,1302.454,1300.6319999999998,1301.197
2014-05-02 15:45:00,1301.165,1302.263,1300.385,1300.9385
2014-05-02 16:00:00,1300.8835000000001,1301.9055,1299.456,1299.5625
2014-05-02 16:15:00,1299.612,1300.093,1299.4270000000001,1299.7665
2014-05-02 16:30:00,1299.7630000000001,1301.15,1299.6615,1300.655
2014-05-02 16:45:00,1300.638,1300.672,1298.407,1298.521
2014-05-02 17:00:00,1298.541,1300.647,1298.473,1300.115
2014-05-02 17:15:00,1300.133,1303.036,1300.104,1302.886
2014-05-02 17:30:00,1302.9060000000002,1303.405,1301.3449999999998,1301.453
2014-05-02 17:45:00,1301.481,1302.356,1301.3580000000002,1301.7845000000002
2014-05-02 18:00:00,1301.778,1302.0769999999998,1301.26,1301.456
2014-05-02 18:15:00,1301.472,1301.971,1300.2130000000002,1300.3890000000001
2014-05-02 18:30:00,1300.4055,1300.459,1299.633,1300.114
2014-05-02 18:45:00,1300.115,1300.455,1299.689,1300.075
2014-05-02 19:00:00,1300.002,1300.098,1297.5285,1297.718
2014-05-02 19:15:00,1297.733,1297.9279999999999,1296.821,1297.6495
2014-05-02 19:30:00,1297.644,1298.282,1297.32,1297.4370000000001
2014-05-02 19:45:00,1297.4495000000002,1298.582,1297.347,1298.394
2014-05-02 20:00:00,1298.399,1299.0,1298.0,1298.55
2014-05-02 20:15:00,1298.58,1298.875,1298.075,1298.825
2014-05-02 20:30:00,1298.8305,1301.0249999999999,1298.5395,1300.5995
2014-05-02 20:45:00,1300.5900000000001,1300.725,1299.541,1299.627
2014-05-04 22:00:00,1300.535,1302.641,1299.575,1301.7679999999998
2014-05-04 22:15:00,1301.802,1302.363,1301.144,1301.332
2014-05-04 22:30:00,1301.254,1301.893,1300.487,1300.6879999999999
2014-05-04 22:45:00,1300.6160000000002,1301.7,1300.509,1301.175
2014-05-04 23:00:00,1301.0405,1301.3999999999999,1300.1999999999998,1300.971
2014-05-04 23:15:00,1300.9599999999998,1300.995,1300.076,1300.536
2014-05-04 23:30:00,1300.549,1300.834,1300.2559999999999,1300.454
2014-05-04 23:45:00,1300.45,1300.825,1300.443,1300.5710000000001
2014-05-05 01:00:00,1303.501,1309.3645,1303.4315,1306.703
2014-05-05 01:15:00,1306.6905,1307.666,1305.557,1306.4569999999999
2014-05-05 01:30:00,1306.4270000000001,1306.743,1305.217,1306.126
2014-05-05 01:45:00,1306.1060000000002,1306.1060000000002,1305.577,1305.7839999999999
2014-05-05 02:00:00,1305.814,1308.912,1305.719,1308.912
2014-05-05 02:15:00,1308.8674999999998,1308.8674999999998,1307.086,1307.452
2014-05-05 02:30:00,1307.435,1307.601,1306.868,1306.94
2014-05-05 02:45:00,1306.9295,1308.11,1306.916,1307.517
2014-05-05 03:00:00,1307.537,1307.9550000000002,1306.593,1306.739
2014-05-05 03:15:00,1306.741,1306.8619999999999,1305.505,1306.212
2014-05-05 03:30:00,1306.224,1306.4370000000001,1305.5620000000001,1305.574
2014-05-05 03:45:00,1305.561,1305.6770000000001,1305.179,1305.259
2014-05-05 04:00:00,1305.2810000000002,1305.5810000000001,1305.2209999999998,1305.383
2014-05-05 04:15:00,1305.37,1305.587,1305.279,1305.2839999999999
2014-05-05 04:30:00,1305.3090000000002,1305.692,1305.2669999999998,1305.5240000000001
2014-05-05 04:45:00,1305.5725,1305.882,1305.179,1305.829
2014-05-05 05:00:00,1305.817,1307.872,1305.6599999999999,1307.308
2014-05-05 05:15:00,1307.23,1307.23,1306.652,1306.8100000000002
2014-05-05 05:30:00,1306.8249999999998,1307.2510000000002,1306.31,1306.629
2014-05-05 05:45:00,1306.6505,1307.2765,1305.7255000000002,1305.93
2014-05-05 06:00:00,1305.92,1307.06,1305.2309999999998,1306.9199999999998
2014-05-05 06:15:00,1306.8999999999999,1306.964,1306.338,1306.634
2014-05-05 06:30:00,1306.622,1307.769,1306.531,1306.595
2014-05-05 06:45:00,1306.555,1308.241,1305.942,1308.141
2014-05-05 07:00:00,1308.171,1309.309,1307.484,1307.881
2014-05-05 07:15:00,1307.902,1308.009,1306.8609999999999,1307.147
2014-05-05 07:30:00,1307.181,1308.9375,1307.077,1308.656
2014-05-05 07:45:00,1308.5755,1311.914,1308.312,1310.229
2014-05-05 08:00:00,1310.1589999999999,1312.1805,1310.1589999999999,1311.273
2014-05-05 08:15:00,1311.284,1311.4185,1310.471,1311.1039999999998
2014-05-05 08:30:00,1311.13,1313.8854999999999,1310.684,1312.816
2014-05-05 08:45:00,1312.7645000000002,1314.0565,1312.568,1313.3
2014-05-05 09:00:00,1313.29,1314.9674999999997,1313.0065,1313.0414999999998
2014-05-05 09:15:00,1313.034,1313.4889999999998,1312.2859999999998,1312.586
2014-05-05 09:30:00,1312.608,1314.1670000000001,1312.436,1313.7265
2014-05-05 09:45:00,1313.7115000000001,1314.134,1313.1325,1314.134
2014-05-05 10:00:00,1314.123,1314.988,1313.452,1313.8780000000002
2014-05-05 10:15:00,1313.898,1313.94,1312.308,1312.36
2014-05-05 10:30:00,1312.3799999999999,1312.618,1311.1045000000001,1311.336
2014-05-05 10:45:00,1311.328,1312.256,1311.2404999999999,1311.951
2014-05-05 11:00:00,1311.9630000000002,1312.148,1310.8965,1312.0149999999999
2014-05-05 11:15:00,1312.0325,1312.2845,1311.018,1311.2359999999999
2014-05-05 11:30:00,1311.2179999999998,1312.085,1310.7185000000002,1311.71
2014-05-05 11:45:00,1311.685,1312.307,1311.26,1311.857
2014-05-05 12:00:00,1311.8685,1313.0800000000002,1311.358,1312.5040000000001
2014-05-05 12:15:00,1312.457,1315.177,1311.8385,1314.8500000000001
2014-05-05 12:30:00,1314.942,1315.653,1314.0240000000001,1314.6315000000002
2014-05-05 12:45:00,1314.6419999999998,1315.136,1313.1425,1314.6274999999998
2014-05-05 13:00:00,1314.6374999999998,1314.9935,1312.6799999999998,1312.908
2014-05-05 13:15:00,1312.893,1313.604,1312.661,1313.031
2014-05-05 13:30:00,1313.0405,1313.504,1312.3785000000003,1312.7165000000002
2014-05-05 13:45:00,1312.6864999999998,1314.754,1312.608,1313.755
2014-05-05 14:00:00,1313.6845,1313.6845,1310.4385,1311.014
2014-05-05 14:15:00,1311.05,1312.085,1310.5594999999998,1311.3455
2014-05-05 14:30:00,1311.3220000000001,1312.469,1311.1045000000001,1311.824
2014-05-05 14:45:00,1311.7985,1312.076,1310.652,1311.154
2014-05-05 15:00:00,1311.1290000000001,1311.5384999999999,1310.3625000000002,1310.9985
2014-05-05 15:15:00,1311.0235,1311.0430000000001,1309.2865,1310.259
2014-05-05 15:30:00,1310.229,1310.229,1308.7714999999998,1308.899
2014-05-05 15:45:00,1308.886,1309.3105,1308.317,1309.286
2014-05-05 16:00:00,1309.2214999999999,1309.9779999999998,1308.7330000000002,1309.685
2014-05-05 16:15:00,1309.7035,1309.99,1309.1889999999999,1309.251
2014-05-05 16:30:00,1309.2925,1309.887,1309.0975,1309.2749999999999
2014-05-05 16:45:00,1309.31,1309.9350000000002,1309.1165,1309.646
2014-05-05 17:00:00,1309.6589999999999,1310.315,1309.33,1309.6260000000002
2014-05-05 17:15:00,1309.6215000000002,1309.664,1308.529,1309.299
2014-05-05 17:30:00,1309.31,1310.193,1308.952,1309.924
2014-05-05 17:45:00,1309.8759999999997,1310.126,1309.409,1309.704
2014-05-05 18:00:00,1309.666,1309.774,1309.407,1309.729
2014-05-05 18:15:00,1309.684,1310.4569999999999,1309.6029999999998,1309.652
2014-05-05 18:30:00,1309.663,1310.032,1309.5230000000001,1309.9299999999998
2014-05-05 18:45:00,1309.88,1309.88,1309.406,1309.5285000000001
2014-05-05 19:00:00,1309.5455,1310.14,1309.409,1309.901
2014-05-05 19:15:00,1309.9129999999998,1309.9229999999998,1309.42,1309.627
2014-05-05 19:30:00,1309.6425,1309.9509999999998,1309.332,1309.6209999999999
2014-05-05 19:45:00,1309.61,1310.8319999999999,1309.273,1310.817
2014-05-05 20:00:00,1310.7424999999998,1310.7559999999999,1310.153,1310.3195
2014-05-05 20:15:00,1310.3304999999998,1310.3394999999998,1309.6319999999998,1309.645
2014-05-05 20:30:00,1309.832,1310.231,1309.732,1310.12
2014-05-05 20:45:00,1310.11,1310.338,1310.1,1310.265
2014-05-05 21:00:00,1310.259,1310.259,1310.259,1310.259
2014-05-05 22:00:00,1309.86,1310.102,1309.424,1309.902
2014-05-05 22:15:00,1309.915,1310.171,1309.752,1309.803
2014-05-05 22:30:00,1309.775,1310.3210000000001,1309.67,1310.2910000000002
2014-05-05 22:45:00,1310.2920000000001,1310.54,1310.125,1310.25
2014-05-05 23:00:00,1310.18,1310.505,1310.1,1310.374
2014-05-05 23:15:00,1310.393,1310.7230000000002,1310.332,1310.6570000000002
2014-05-05 23:30:00,1310.67,1310.815,1310.557,1310.7749999999999
2014-05-05 23:45:00,1310.764,1311.158,1310.642,1311.1470000000002
2014-05-06 01:00:00,1311.9135,1311.9350000000002,1309.008,1309.058
2014-05-06 01:15:00,1309.083,1309.657,1308.115,1308.8194999999998
2014-05-06 01:30:00,1308.8509999999999,1309.3555,1308.4289999999999,1309.2040000000002
2014-05-06 01:45:00,1309.1799999999998,1310.337,1309.031,1309.9105
2014-05-06 02:00:00,1309.92,1310.0955,1309.739,1309.7815
2014-05-06 02:15:00,1309.78,1309.9135,1309.5145,1309.809
2014-05-06 02:30:00,1309.8145,1309.8185,1309.029,1309.085
2014-05-06 02:45:00,1309.067,1309.526,1308.875,1308.964
2014-05-06 03:00:00,1309.0049999999999,1309.4295,1308.937,1309.2649999999999
2014-05-06 03:15:00,1309.2835,1309.507,1309.262,1309.507
2014-05-06 03:30:00,1309.483,1309.558,1309.282,1309.497
2014-05-06 03:45:00,1309.4850000000001,1309.512,1309.243,1309.258
2014-05-06 04:00:00,1309.272,1309.342,1309.111,1309.304
2014-05-06 04:15:00,1309.316,1309.477,1309.132,1309.293
2014-05-06 04:30:00,1309.29,1309.5310000000002,1309.107,1309.259
2014-05-06 04:45:00,1309.283,1309.431,1309.1979999999999,1309.1979999999999
2014-05-06 05:00:00,1309.211,1309.242,1308.8999999999999,1308.913
2014-05-06 05:15:00,1308.925,1309.159,1308.7949999999998,1309.082
2014-05-06 05:30:00,1309.069,1311.661,1308.615,1309.357
2014-05-06 05:45:00,1309.353,1309.962,1309.1380000000001,1309.691
2014-05-06 06:00:00,1309.704,1310.0529999999999,1309.517,1309.8990000000001
2014-05-06 06:15:00,1309.886,1312.049,1309.6119999999999,1311.828
2014-05-06 06:30:00,1311.77,1311.824,1309.816,1311.336
2014-05-06 06:45:00,1311.292,1311.5410000000002,1310.9285,1311.336
2014-05-06 07:00:00,1311.349,1313.196,1311.326,1312.3519999999999
2014-05-06 07:15:00,1312.336,1313.4910000000002,1311.9019999999998,1312.441
2014-05-06 07:30:00,1312.471,1313.144,1312.017,1312.34
2014-05-06 07:45:00,1312.3455,1314.152,1311.732,1311.8770000000002
2014-05-06 08:00:00,1311.8500000000001,1312.208,1310.4515,1310.731
2014-05-06 08:15:00,1310.7154999999998,1311.42,1310.223,1311.3205
2014-05-06 08:30:00,1311.329,1311.784,1310.551,1310.7340000000002
2014-05-06 08:45:00,1310.731,1310.949,1310.217,1310.9375
2014-05-06 09:00:00,1310.9180000000001,1311.314,1310.671,1310.95
2014-05-06 09:15:00,1310.962,1310.9945,1310.2545,1310.6549999999997
2014-05-06 09:30:00,1310.6425000000002,1310.802,1308.2135,1308.557
2014-05-06 09:45:00,1308.536,1308.9865,1308.3885,1308.692
2014-05-06 10:00:00,1308.691,1308.691,1306.616,1307.1205
2014-05-06 10:15:00,1307.0955,1307.6675000000002,1307.0785,1307.6090000000002
2014-05-06 10:30:00,1307.634,1308.234,1307.365,1308.138
2014-05-06 10:45:00,1308.118,1309.3220000000001,1308.103,1309.004
2014-05-06 11:00:00,1308.975,1312.218,1308.882,1311.562
2014-05-06 11:15:00,1311.569,1311.652,1310.678,1310.7379999999998
2014-05-06 11:30:00,1310.7579999999998,1310.7975,1307.674,1308.0845
2014-05-06 11:45:00,1308.094,1308.134,1305.921,1306.846
2014-05-06 12:00:00,1306.8329999999999,1307.9560000000001,1305.411,1306.667
2014-05-06 12:15:00,1306.665,1308.3919999999998,1305.84,1307.2355
2014-05-06 12:30:00,1307.2299999999998,1309.037,1306.865,1308.709
2014-05-06 12:45:00,1308.7085,1308.999,1306.4479999999999,1307.7930000000001
2014-05-06 13:00:00,1307.8075000000001,1308.361,1306.884,1307.746
2014-05-06 13:15:00,1307.7245,1308.885,1307.2939999999999,1308.685
2014-05-06 13:30:00,1308.669,1309.369,1306.759,1307.33
2014-05-06 13:45:00,1307.3195,1308.6505,1306.8139999999999,1306.9950000000001
2014-05-06 14:00:00,1307.01,1307.15,1304.434,1306.575
2014-05-06 14:15:00,1306.586,1307.474,1305.2430000000002,1306.5249999999999
2014-05-06 14:30:00,1306.538,1307.848,1305.8519999999999,1307.6039999999998
2014-05-06 14:45:00,1307.5949999999998,1309.196,1307.258,1308.7930000000001
2014-05-06 15:00:00,1308.7849999999999,1308.8339999999998,1307.4035000000001,1307.505
2014-05-06 15:15:00,1307.5299999999997,1308.098,1307.0505,1307.432
2014-05-06 15:30:00,1307.407,1307.809,1306.846,1307.455
2014-05-06 15:45:00,1307.4595,1307.888,1307.2250000000001,1307.5195
2014-05-06 16:00:00,1307.569,1307.6164999999999,1307.137,1307.322
2014-05-06 16:15:00,1307.324,1308.0120000000002,1307.2240000000002,1307.6205
2014-05-06 16:30:00,1307.6074999999998,1307.6280000000002,1306.6655,1307.052
2014-05-06 16:45:00,1307.0575,1307.52,1307.005,1307.495
2014-05-06 17:00:00,1307.491,1307.848,1307.136,1307.5065
2014-05-06 17:15:00,1307.501,1308.8139999999999,1307.3085,1308.292
2014-05-06 17:30:00,1308.386,1308.702,1307.853,1308.702
2014-05-06 17:45:00,1308.6915000000001,1309.2839999999999,1308.329,1308.8139999999999
2014-05-06 18:00:00,1308.8084999999999,1308.883,1308.257,1308.316
2014-05-06 18:15:00,1308.315,1308.7340000000002,1308.065,1308.7340000000002
2014-05-06 18:30:00,1308.7175,1308.8200000000002,1306.942,1307.3419999999999
2014-05-06 18:45:00,1307.3519999999999,1307.6019999999999,1307.3419999999999,1307.534
2014-05-06 19:00:00,1307.5715,1307.6450000000002,1307.1335000000001,1307.5949999999998
2014-05-06 19:15:00,1307.545,1307.967,1307.54,1307.62
2014-05-06 19:30:00,1307.6260000000002,1307.98,1307.431,1307.868
2014-05-06 19:45:00,1307.8755,1307.9895000000001,1307.635,1307.712
2014-05-06 20:00:00,1307.6995,1308.0739999999998,1307.559,1307.6685000000002
2014-05-06 20:15:00,1307.6699999999998,1308.628,1307.6264999999999,1308.616
2014-05-06 20:30:00,1308.5415,1309.0879999999997,1308.4160000000002,1308.935
2014-05-06 20:45:00,1308.952,1309.065,1307.8980000000001,1308.0020000000002
2014-05-06 21:00:00,1308.0200000000002,1308.0200000000002,1308.0110000000002,1308.0110000000002
2014-05-06 22:00:00,1307.8300000000002,1308.47,1307.8300000000002,1308.4379999999999
2014-05-06 22:15:00,1308.451,1308.972,1308.135,1308.1685
2014-05-06 22:30:00,1308.179,1308.271,1307.864,1308.0155000000002
2014-05-06 22:45:00,1307.971,1308.186,1307.938,1308.09
2014-05-06 23:00:00,1308.115,1308.325,1308.115,1308.284
2014-05-06 23:15:00,1308.285,1308.3649999999998,1308.27,1308.3400000000001
2014-05-06 23:30:00,1308.376,1308.442,1308.135,1308.353
2014-05-06 23:45:00,1308.3639999999998,1308.934,1307.4279999999999,1307.529
2014-05-07 01:00:00,1311.0610000000001,1311.5040000000001,1310.6185,1310.67
2014-05-07 01:15:00,1310.6835,1310.812,1310.198,1310.626
2014-05-07 01:30:00,1310.6335,1311.225,1310.3500000000001,1311.063
2014-05-07 01:45:00,1311.0775,1312.6770000000001,1311.0775,1312.4785
2014-05-07 02:00:00,1312.494,1312.7030000000002,1312.2155,1312.2759999999998
2014-05-07 02:15:00,1312.2824999999998,1312.3505,1311.5605,1311.7605
2014-05-07 02:30:00,1311.74,1312.442,1311.644,1311.9240000000002
2014-05-07 02:45:00,1311.9379999999999,1312.621,1311.8490000000002,1312.593
2014-05-07 03:00:00,1312.607,1313.642,1312.5975,1313.177
2014-05-07 03:15:00,1313.1645,1313.279,1311.767,1311.9109999999998
2014-05-07 03:30:00,1311.961,1312.2779999999998,1311.1315000000002,1312.026
2014-05-07 03:45:00,1312.056,1312.151,1311.363,1311.405
2014-05-07 04:00:00,1311.4180000000001,1311.71,1311.1200000000001,1311.2549999999999
2014-05-07 04:15:00,1311.275,1311.732,1311.203,1311.3229999999999
2014-05-07 04:30:00,1311.302,1311.66,1311.219,1311.5230000000001
2014-05-07 04:45:00,1311.5275000000001,1312.1460000000002,1311.5275000000001,1311.98
2014-05-07 05:00:00,1311.9745,1312.209,1311.66,1311.671
2014-05-07 05:15:00,1311.66,1311.842,1311.4640000000002,1311.619
2014-05-07 05:30:00,1311.618,1312.122,1311.538,1312.063
2014-05-07 05:45:00,1312.108,1312.632,1311.9170000000001,1311.9620000000002
2014-05-07 06:00:00,1311.9720000000002,1312.219,1311.3145,1311.353
2014-05-07 06:15:00,1311.3625,1311.403,1309.567,1310.024
2014-05-07 06:30:00,1310.028,1310.447,1309.9460000000001,1310.122
2014-05-07 06:45:00,1310.117,1310.961,1310.089,1310.2195
2014-05-07 07:00:00,1310.225,1310.9835,1309.445,1310.9835
2014-05-07 07:15:00,1310.992,1312.137,1310.408,1312.117
2014-05-07 07:30:00,1312.12,1312.6349999999998,1311.375,1311.4470000000001
2014-05-07 07:45:00,1311.4545,1313.4679999999998,1311.4545,1312.598
2014-05-07 08:00:00,1312.573,1314.5065,1312.188,1313.8300000000002
2014-05-07 08:15:00,1313.8,1314.588,1313.017,1313.174
2014-05-07 08:30:00,1313.149,1313.823,1312.477,1312.492
2014-05-07 08:45:00,1312.481,1312.88,1312.2865000000002,1312.861
2014-05-07 09:00:00,1312.8815,1312.964,1311.9589999999998,1312.3509999999999
2014-05-07 09:15:00,1312.3470000000002,1313.257,1310.7140000000002,1310.996
2014-05-07 09:30:00,1311.036,1311.285,1310.2545,1310.472
2014-05-07 09:45:00,1310.492,1311.205,1310.4234999999999,1310.94
2014-05-07 10:00:00,1310.958,1311.365,1310.958,1311.1775
2014-05-07 10:15:00,1311.1750000000002,1311.894,1311.0885,1311.646
2014-05-07 10:30:00,1311.5874999999999,1311.9475,1311.42,1311.569
2014-05-07 10:45:00,1311.529,1311.581,1310.915,1311.1834999999999
2014-05-07 11:00:00,1311.1995,1311.629,1310.903,1311.021
2014-05-07 11:15:00,1311.022,1311.1170000000002,1310.319,1310.422
2014-05-07 11:30:00,1310.442,1310.713,1309.6195,1309.8965
2014-05-07 11:45:00,1309.8885,1309.8885,1308.296,1308.712
2014-05-07 12:00:00,1308.7520000000002,1309.087,1303.3025,1304.7995
2014-05-07 12:15:00,1304.8300000000002,1304.8600000000001,1301.6525,1302.7705
2014-05-07 12:30:00,1302.7455,1305.401,1301.498,1304.4470000000001
2014-05-07 12:45:00,1304.367,1304.367,1302.6589999999999,1303.783
2014-05-07 13:00:00,1303.818,1304.717,1302.041,1302.836
2014-05-07 13:15:00,1302.846,1304.559,1302.846,1303.1290000000001
2014-05-07 13:30:00,1303.144,1303.6660000000002,1301.243,1302.1290000000001
2014-05-07 13:45:00,1302.1409999999998,1302.629,1300.72,1301.074
2014-05-07 14:00:00,1301.094,1301.119,1295.067,1298.662
2014-05-07 14:15:00,1298.634,1298.9895000000001,1296.222,1296.538
2014-05-07 14:30:00,1296.518,1298.1155,1296.2145,1296.833
2014-05-07 14:45:00,1296.7905,1297.5635,1295.819,1297.551
2014-05-07 15:00:00,1297.5305,1297.8114999999998,1296.6175,1296.85
2014-05-07 15:15:00,1296.874,1298.8985,1296.7749999999999,1297.7235
2014-05-07 15:30:00,1297.717,1297.717,1295.856,1296.1925
2014-05-07 15:45:00,1296.185,1296.6114999999998,1292.1685,1293.1725000000001
2014-05-07 16:00:00,1293.1699999999998,1294.1835,1290.9955,1291.067
2014-05-07 16:15:00,1291.097,1291.131,1286.734,1289.163
2014-05-07 16:30:00,1289.093,1290.362,1288.5314999999998,1288.983
2014-05-07 16:45:00,1288.97,1290.286,1288.897,1289.227
2014-05-07 17:00:00,1289.1985,1289.49,1288.797,1289.2700000000002
2014-05-07 17:15:00,1289.2199999999998,1289.583,1288.6815000000001,1288.8785
2014-05-07 17:30:00,1288.8885,1288.996,1288.3890000000001,1288.926
2014-05-07 17:45:00,1288.9289999999999,1289.989,1288.584,1289.9460000000001
2014-05-07 18:00:00,1289.9560000000001,1291.28,1289.911,1291.118
2014-05-07 18:15:00,1291.088,1291.559,1290.6385,1290.8940000000002
2014-05-07 18:30:00,1290.944,1291.1709999999998,1290.5825,1291.1709999999998
2014-05-07 18:45:00,1291.1860000000001,1291.2060000000001,1290.1895,1290.295
2014-05-07 19:00:00,1290.2955,1290.5065,1289.2730000000001,1289.6875000000002
2014-05-07 19:15:00,1289.6775000000002,1290.231,1289.463,1289.895
2014-05-07 19:30:00,1289.915,1290.502,1289.887,1290.3205
2014-05-07 19:45:00,1290.3125,1290.55,1289.1825000000001,1289.2900000000002
2014-05-07 20:00:00,1289.305,1290.062,1289.305,1290.03
2014-05-07 20:15:00,1290.0105,1290.266,1289.895,1289.9855
2014-05-07 20:30:00,1289.9955,1290.0755,1289.841,1289.971
2014-05-07 20:45:00,1289.975,1290.203,1289.889,1289.919
2014-05-07 21:00:00,1289.929,1289.949,1289.929,1289.949
2014-05-07 22:00:00,1289.9899999999998,1290.4409999999998,1289.677,1290.067
2014-05-07 22:15:00,1290.0559999999998,1290.203,1289.788,1290.094
2014-05-07 22:30:00,1290.0610000000001,1290.129,1289.787,1289.787
2014-05-07 22:45:00,1289.772,1289.914,1289.438,1289.775
2014-05-07 23:00:00,1289.75,1290.025,1289.7,1290.025
2014-05-07 23:15:00,1290.0179999999998,1290.072,1289.663,1289.968
2014-05-07 23:30:00,1289.941,1290.391,1289.93,1290.176
2014-05-07 23:45:00,1290.172,1290.547,1289.891,1290.5004999999999
2014-05-08 01:00:00,1291.5939999999998,1292.0639999999999,1290.4260000000002,1290.69
2014-05-08 01:15:00,1290.679,1290.737,1287.5335,1288.685
2014-05-08 01:30:00,1288.69,1289.395,1287.6795,1288.168
2014-05-08 01:45:00,1288.1755,1289.404,1287.876,1289.393
2014-05-08 02:00:00,1289.406,1289.496,1289.111,1289.399
2014-05-08 02:15:00,1289.423,1291.2665,1289.386,1290.767
2014-05-08 02:30:00,1290.755,1290.755,1290.0805,1290.409
2014-05-08 02:45:00,1290.4099999999999,1290.433,1289.606,1290.361
2014-05-08 03:00:00,1290.3655,1290.8940000000002,1290.2645,1290.4615
2014-05-08 03:15:00,1290.4569999999999,1290.471,1289.7195,1290.0610000000001
2014-05-08 03:30:00,1290.062,1290.353,1289.887,1290.3475
2014-05-08 03:45:00,1290.3415,1290.5235,1290.2765,1290.3195
2014-05-08 04:00:00,1290.3585,1290.4689999999998,1290.224,1290.4150000000002
2014-05-08 04:15:00,1290.4029999999998,1290.701,1290.33,1290.685
2014-05-08 04:30:00,1290.699,1290.7795,1289.893,1289.9899999999998
2014-05-08 04:45:00,1289.979,1290.283,1289.883,1290.09
2014-05-08 05:00:00,1290.0729999999999,1290.314,1289.804,1289.943
2014-05-08 05:15:00,1289.93,1290.1805,1289.93,1290.152
2014-05-08 05:30:00,1290.147,1291.142,1289.9950000000001,1291.0825
2014-05-08 05:45:00,1291.082,1291.317,1290.591,1290.614
2014-05-08 06:00:00,1290.625,1292.069,1290.519,1291.6820000000002
2014-05-08 06:15:00,1291.675,1291.748,1290.699,1290.749
2014-05-08 06:30:00,1290.736,1292.121,1290.7160000000001,1291.9814999999999
2014-05-08 06:45:00,1291.9799999999998,1292.577,1291.089,1291.489
2014-05-08 07:00:00,1291.469,1291.897,1290.739,1291.529
2014-05-08 07:15:00,1291.5434999999998,1291.6450000000002,1291.17,1291.1854999999998
2014-05-08 07:30:00,1291.1799999999998,1291.9460000000001,1290.884,1291.799
2014-05-08 07:45:00,1291.816,1292.203,1290.29,1291.407
2014-05-08 08:00:00,1291.38,1291.516,1290.6565,1290.994
2014-05-08 08:15:00,1290.955,1291.396,1290.693,1290.9424999999999
2014-05-08 08:30:00,1290.9334999999999,1291.334,1290.7340000000002,1291.036
2014-05-08 08:45:00,1291.048,1292.124,1291.0005,1291.461
2014-05-08 09:00:00,1291.4405,1292.316,1290.983,1291.368
2014-05-08 09:15:00,1291.3795,1291.832,1291.025,1291.333
2014-05-08 09:30:00,1291.338,1291.487,1288.637,1289.6519999999998
2014-05-08 09:45:00,1289.6495,1291.527,1289.4765,1291.1815000000001
2014-05-08 10:00:00,1291.369,1292.403,1291.184,1292.0705
2014-05-08 10:15:00,1292.0815,1292.4275,1291.7259999999999,1292.28
2014-05-08 10:30:00,1292.29,1293.373,1291.727,1291.9969999999998
2014-05-08 10:45:00,1292.0049999999999,1292.5445,1291.748,1292.114
2014-05-08 12:00:00,1292.7859999999998,1293.476,1292.232,1292.328
2014-05-08 12:15:00,1292.351,1292.5855000000001,1290.297,1291.08
2014-05-08 12:30:00,1291.03,1292.3615,1288.4419999999998,1289.7665
2014-05-08 12:45:00,1289.7615,1290.531,1285.0684999999999,1288.596
2014-05-08 13:00:00,1288.611,1291.6084999999998,1288.596,1290.01
2014-05-08 13:15:00,1289.935,1290.1009999999999,1288.26,1289.2569999999998
2014-05-08 13:30:00,1289.3000000000002,1292.231,1288.906,1290.0559999999998
2014-05-08 13:45:00,1290.0680000000002,1290.234,1287.763,1288.1855
2014-05-08 15:00:00,1288.8919999999998,1290.1975,1288.343,1288.405
2014-05-08 15:15:00,1288.393,1288.7545,1287.554,1288.1779999999999
2014-05-08 15:30:00,1288.1975,1288.4499999999998,1286.705,1287.3010000000002
2014-05-08 15:45:00,1287.2935,1288.8249999999998,1286.6605,1288.6975
2014-05-08 16:00:00,1288.727,1288.953,1288.439,1288.4969999999998
2014-05-08 16:15:00,1288.5100000000002,1288.847,1288.318,1288.599
2014-05-08 16:30:00,1288.6295,1290.3525,1288.5380000000002,1289.8680000000002
2014-05-08 16:45:00,1289.8735,1289.8735,1288.698,1289.1670000000001
2014-05-08 20:00:00,1289.1870000000001,1289.45,1288.944,1289.107
2014-05-08 20:15:00,1289.129,1289.153,1288.575,1288.6905000000002
2014-05-08 20:30:00,1288.6995000000002,1289.152,1288.129,1289.018
2014-05-08 20:45:00,1288.993,1289.485,1288.97,1289.443
2014-05-09 07:00:00,1290.7455,1291.901,1289.9279999999999,1290.94
2014-05-09 07:15:00,1290.9279999999999,1290.94,1290.1589999999999,1290.6399999999999
2014-05-09 07:30:00,1290.653,1291.083,1290.245,1290.955
2014-05-09 07:45:00,1290.9375,1291.5949999999998,1290.4869999999999,1290.6580000000001
2014-05-09 11:00:00,1290.705,1292.3764999999999,1290.684,1291.616
2014-05-09 11:15:00,1291.6319999999998,1293.009,1291.254,1292.537
2014-05-09 11:30:00,1292.5425,1294.075,1292.5425,1293.7755
2014-05-09 11:45:00,1293.7855,1294.5255,1292.133,1292.238
2014-06-01 22:00:00,1250.3395,1250.875,1248.795,1248.88
2014-06-01 22:15:00,1248.892,1249.385,1248.471,1248.534
2014-06-01 22:30:00,1248.526,1248.713,1248.2620000000002,1248.2645
2014-06-01 22:45:00,1248.2735,1248.676,1248.013,1248.1
2014-06-01 23:00:00,1248.075,1248.1670000000001,1247.775,1248.154
2014-06-01 23:15:00,1248.1615000000002,1248.5620000000001,1248.119,1248.3715
2014-06-01 23:30:00,1248.364,1248.5665000000001,1248.049,1248.189
2014-06-01 23:45:00,1248.199,1248.377,1247.138,1247.222
2014-06-02 01:00:00,1247.166,1247.221,1246.6149999999998,1246.797
2014-06-02 01:15:00,1246.772,1247.177,1246.7705,1247.105
2014-06-02 01:30:00,1247.0800000000002,1247.723,1246.875,1247.653
2014-06-02 01:45:00,1247.625,1248.6920000000002,1247.593,1247.791
2014-06-02 02:00:00,1247.7855,1247.808,1247.395,1247.595
2014-06-02 02:15:00,1247.607,1248.19,1247.543,1247.6595
2014-06-02 02:30:00,1247.6625000000001,1248.502,1247.5049999999999,1248.5015
2014-06-02 02:45:00,1248.493,1248.559,1247.915,1247.92
2014-06-02 03:00:00,1247.9265,1248.2355,1247.889,1247.944
2014-06-02 03:15:00,1247.9395,1248.066,1247.713,1247.8224999999998
2014-06-02 03:30:00,1247.8285,1247.8570000000002,1247.62,1247.711
2014-06-02 03:45:00,1247.702,1247.7225,1247.5035,1247.6295
2014-06-02 04:00:00,1247.6305,1247.6485,1247.48,1247.4969999999998
2014-06-02 04:15:00,1247.5079999999998,1247.8925,1247.1945,1247.805
2014-06-02 04:30:00,1247.7930000000001,1247.8159999999998,1246.593,1246.6699999999998
2014-06-02 04:45:00,1246.682,1246.777,1244.7130000000002,1245.376
2014-06-02 05:00:00,1245.394,1245.679,1244.838,1245.429
2014-06-02 05:15:00,1245.4155,1245.9855,1244.0575,1244.7424999999998
2014-06-02 05:30:00,1244.7434999999998,1244.7434999999998,1243.0535,1243.399
2014-06-02 05:45:00,1243.411,1243.871,1242.507,1242.7140000000002
2014-06-02 06:00:00,1242.7105000000001,1243.1305,1241.117,1241.784
2014-06-02 06:15:00,1241.777,1243.3365000000001,1241.691,1243.33
2014-06-02 06:30:00,1243.321,1243.9340000000002,1242.7209999999998,1243.332
2014-06-02 06:45:00,1243.337,1245.1260000000002,1243.257,1244.7250000000001
2014-06-02 07:00:00,1244.6605,1245.942,1243.886,1245.3665
2014-06-02 07:15:00,1245.3575,1246.2440000000001,1244.8654999999999,1245.5874999999999
2014-06-02 07:30:00,1245.5625,1245.767,1244.6905000000002,1245.4315000000001
2014-06-02 07:45:00,1245.4415000000001,1245.4550000000002,1244.3319999999999,1244.442
2014-06-02 08:00:00,1244.4445,1245.557,1244.277,1245.0900000000001
2014-06-02 08:15:00,1245.0505,1245.2185,1244.6115,1244.6909999999998
2014-06-02 08:30:00,1244.6715000000002,1245.32,1244.622,1244.854
2014-06-02 08:45:00,1244.837,1244.9189999999999,1243.272,1243.6055
2014-06-02 09:00:00,1243.721,1244.7160000000001,1243.716,1244.459
2014-06-02 09:15:00,1244.4485,1244.92,1244.4485,1244.7099999999998
2014-06-02 09:30:00,1244.7165,1245.192,1244.529,1244.891
2014-06-02 09:45:00,1244.8985,1245.2815,1244.7624999999998,1245.1499999999999
2014-06-02 10:00:00,1245.192,1245.8695,1244.947,1245.457
2014-06-02 10:15:00,1245.477,1245.729,1245.296,1245.591
2014-06-02 10:30:00,1245.607,1245.9119999999998,1245.415,1245.695
2014-06-02 10:45:00,1245.72,1247.5335,1245.709,1247.292
2014-06-02 11:00:00,1247.307,1247.6145,1246.849,1247.129
2014-06-02 11:15:00,1247.124,1247.9040000000002,1246.601,1246.7145
2014-06-02 11:30:00,1246.7224999999999,1246.982,1246.163,1246.22
2014-06-02 11:45:00,1246.2409999999998,1247.537,1246.2399999999998,1247.313
2014-06-02 12:00:00,1247.324,1247.7655,1246.507,1247.41
2014-06-02 12:15:00,1247.396,1247.8835,1245.9320000000002,1245.9785
2014-06-02 12:30:00,1245.935,1246.8295,1244.482,1246.599
2014-06-02 12:45:00,1246.5885,1246.96,1245.356,1245.5670000000002
2014-06-02 13:00:00,1245.5339999999999,1248.087,1245.317,1246.6335000000001
2014-06-02 13:15:00,1246.6239999999998,1247.6589999999999,1245.1215000000002,1245.395
2014-06-02 13:30:00,1245.3990000000001,1246.8395,1244.906,1245.8500000000001
2014-06-02 13:45:00,1245.8095,1247.6175,1245.79,1247.1655
2014-06-02 14:00:00,1247.17,1250.863,1247.155,1248.2890000000002
2014-06-02 14:15:00,1248.335,1248.439,1245.6825000000001,1246.0
2014-06-02 14:30:00,1246.01,1246.7865,1245.5130000000001,1246.2924999999998
2014-06-02 14:45:00,1246.2820000000002,1246.2820000000002,1245.22,1245.404
2014-06-02 15:00:00,1245.3995,1246.181,1244.261,1245.209
2014-06-02 15:15:00,1245.221,1246.556,1245.209,1245.57
2014-06-02 15:30:00,1245.5860000000002,1245.791,1244.3020000000001,1244.539
2014-06-02 15:45:00,1244.538,1245.04,1243.785,1244.968
2014-06-02 16:00:00,1244.995,1245.288,1244.243,1244.601
2014-06-02 16:15:00,1244.5705,1244.651,1243.902,1244.42
2014-06-02 16:30:00,1244.4289999999999,1245.046,1244.1365,1244.859
2014-06-02 16:45:00,1244.843,1245.185,1243.5130000000001,1244.2879999999998
2014-06-02 17:00:00,1244.233,1245.1080000000002,1244.157,1244.581
2014-06-02 17:15:00,1244.571,1244.587,1243.52,1243.929
2014-06-02 17:30:00,1243.905,1244.242,1243.005,1243.0905
2014-06-02 17:45:00,1243.0149999999999,1243.24,1242.456,1242.6425
2014-06-02 18:00:00,1242.643,1242.7530000000002,1242.28,1242.4160000000002
2014-06-02 18:15:00,1242.4244999999999,1243.334,1242.4199999999998,1242.951
2014-06-02 18:30:00,1242.9395,1243.272,1242.626,1242.9305
2014-06-02 18:45:00,1242.9385,1243.607,1242.848,1243.326
2014-06-02 19:00:00,1243.314,1243.6209999999999,1243.123,1243.5610000000001
2014-06-02 19:15:00,1243.5475000000001,1243.548,1242.821,1242.915
2014-06-02 19:30:00,1242.93,1243.904,1242.8029999999999,1243.881
2014-06-02 19:45:00,1243.9029999999998,1244.58,1243.2285,1243.339
2014-06-02 20:00:00,1243.319,1243.701,1243.1090000000002,1243.6399999999999
2014-06-02 20:15:00,1243.627,1243.806,1243.309,1243.309
2014-06-02 20:30:00,1243.314,1243.73,1243.314,1243.691
2014-06-02 20:45:00,1243.6779999999999,1244.2115000000001,1243.6779999999999,1243.9170000000001
2014-06-02 21:00:00,1243.817,1243.817,1243.81,1243.81
2014-06-02 22:00:00,1244.0505,1244.2530000000002,1243.53,1243.895
2014-06-02 22:15:00,1243.9180000000001,1244.167,1243.875,1244.167
2014-06-02 22:30:00,1244.103,1244.451,1244.0629999999999,1244.449
2014-06-02 22:45:00,1244.4479999999999,1244.6999999999998,1244.35,1244.575
2014-06-02 23:00:00,1244.5,1244.7250000000001,1244.2945,1244.6950000000002
2014-06-02 23:15:00,1244.6960000000001,1244.7469999999998,1244.529,1244.597
2014-06-02 23:30:00,1244.617,1245.216,1244.499,1245.1519999999998
2014-06-02 23:45:00,1245.1399999999999,1245.4989999999998,1244.955,1245.163
2014-06-03 01:00:00,1244.829,1245.77,1241.84,1243.5404999999998
2014-06-03 01:15:00,1243.548,1244.67,1243.164,1243.5255
2014-06-03 01:30:00,1243.5144999999998,1243.5205,1242.8000000000002,1243.1415
2014-06-03 01:45:00,1243.136,1243.785,1243.0605,1243.632
2014-06-03 02:00:00,1243.644,1244.073,1243.5320000000002,1243.7315
2014-06-03 02:15:00,1243.742,1244.5330000000001,1243.729,1244.345
2014-06-03 02:30:00,1244.318,1244.967,1244.2630000000001,1244.5185000000001
2014-06-03 02:45:00,1244.512,1244.6480000000001,1244.223,1244.4265
2014-06-03 03:00:00,1244.436,1245.001,1244.2165,1244.3390000000002
2014-06-03 03:15:00,1244.3200000000002,1244.659,1244.149,1244.3795
2014-06-03 03:30:00,1244.3619999999999,1244.374,1243.409,1243.5430000000001
2014-06-03 03:45:00,1243.534,1243.843,1243.2555,1243.263
2014-06-03 04:00:00,1243.2359999999999,1243.5520000000001,1243.067,1243.235
2014-06-03 04:15:00,1243.2265000000002,1243.777,1243.1460000000002,1243.5659999999998
2014-06-03 04:30:00,1243.577,1243.577,1242.9470000000001,1243.155
2014-06-03 04:45:00,1243.1360000000002,1243.5449999999998,1242.466,1243.103
2014-06-03 05:00:00,1243.095,1243.67,1242.866,1243.5430000000001
2014-06-03 05:15:00,1243.5539999999999,1243.9910000000002,1243.549,1243.8815
2014-06-03 05:30:00,1243.8695,1245.5770000000002,1243.8595,1244.963
2014-06-03 05:45:00,1244.94,1245.7225,1244.523,1245.444
2014-06-03 06:00:00,1245.468,1246.538,1244.7790000000002,1246.041
2014-06-03 06:15:00,1246.03,1247.132,1245.9199999999998,1246.58
2014-06-03 06:30:00,1246.569,1246.6455,1245.778,1246.449
2014-06-03 06:45:00,1246.435,1247.349,1246.002,1246.788
2014-06-03 07:00:00,1246.873,1247.048,1245.238,1245.292
2014-06-03 07:15:00,1245.284,1246.061,1245.063,1245.7795
2014-06-03 07:30:00,1245.763,1246.107,1245.3435000000002,1246.084
2014-06-03 07:45:00,1246.056,1247.287,1246.056,1246.949
2014-06-03 08:00:00,1246.924,1247.327,1245.8459999999998,1245.9089999999999
2014-06-03 08:15:00,1245.895,1246.467,1245.8700000000001,1246.392
2014-06-03 08:30:00,1246.34,1247.1605,1246.18,1246.926
2014-06-03 08:45:00,1246.934,1247.3714999999997,1246.5985,1246.6599999999999
2014-06-03 09:00:00,1246.7045,1247.0095000000001,1244.583,1244.5905
2014-06-03 09:15:00,1244.583,1245.05,1243.326,1244.386
2014-06-03 09:30:00,1244.379,1246.208,1244.182,1245.3455
2014-06-03 09:45:00,1245.356,1246.7745,1245.356,1246.3100000000002
2014-06-03 10:00:00,1246.3319999999999,1246.4175,1245.462,1246.025
2014-06-03 10:15:00,1245.99,1246.493,1245.8390000000002,1246.401
2014-06-03 10:30:00,1246.404,1246.5055,1245.964,1246.236
2014-06-03 10:45:00,1246.2219999999998,1246.3609999999999,1245.264,1245.765
2014-06-03 11:00:00,1245.794,1246.3305,1245.749,1246.137
2014-06-03 11:15:00,1246.153,1247.747,1245.8210000000001,1246.8709999999999
2014-06-03 11:30:00,1246.875,1247.42,1246.4885,1246.499
2014-06-03 11:45:00,1246.514,1246.7359999999999,1245.7740000000001,1246.406
2014-06-03 13:00:00,1244.6425000000002,1245.1460000000002,1244.407,1244.699
2014-06-03 13:15:00,1244.69,1244.69,1242.4679999999998,1243.5445
2014-06-03 13:30:00,1243.5330000000001,1244.6175,1243.2345,1243.7105
2014-06-03 13:45:00,1243.7055,1244.402,1243.057,1244.19
2014-06-03 16:00:00,1244.0905,1244.635,1243.8680000000002,1244.295
2014-06-03 16:15:00,1244.3215,1245.234,1244.213,1244.994
2014-06-03 16:30:00,1244.978,1245.3685,1244.576,1244.7514999999999
2014-06-03 16:45:00,1244.7465000000002,1244.856,1244.087,1244.388
2014-06-03 18:00:00,1244.7369999999999,1244.9345,1244.5684999999999,1244.7269999999999
2014-06-03 18:15:00,1244.7160000000001,1245.2675,1244.7160000000001,1244.865
2014-06-03 18:30:00,1244.859,1246.0405,1244.8385,1245.9645
2014-06-03 18:45:00,1245.971,1246.525,1245.4645,1245.607
2014-06-04 02:00:00,1246.246,1246.2640000000001,1245.425,1245.743
2014-06-04 02:15:00,1245.723,1246.27,1245.6975,1246.0810000000001
2014-06-04 02:30:00,1246.07,1246.07,1245.348,1245.414
2014-06-04 02:45:00,1245.407,1245.74,1245.1370000000002,1245.608
2014-06-04 05:00:00,1246.045,1246.2350000000001,1245.649,1246.019
2014-06-04 05:15:00,1246.03,1246.377,1245.917,1246.29
2014-06-04 05:30:00,1246.2924999999998,1246.7549999999999,1246.2420000000002,1246.449
2014-06-04 05:45:00,1246.436,1247.0240000000001,1246.0710000000001,1246.358
2014-06-04 09:00:00,1246.4499999999998,1246.575,1245.348,1245.4930000000002
2014-06-04 09:15:00,1245.376,1246.2505,1245.376,1246.006
2014-06-04 09:30:00,1246.0095000000001,1246.2309999999998,1245.6995,1245.7885
2014-06-04 09:45:00,1245.8085,1246.0839999999998,1245.8085,1245.989
